sample_name	ampicillin_RIS	ciprofloxacin_RIS	clindamycin_RIS	daptomycin_RIS	doxycycline_RIS	erythromycin_RIS	gentamicin_RIS	kanamycin_RIS	linezolid_RIS	quinupristin_dalfopristin_RIS	streptomycin_RIS	teicoplanin_RIS	tetracycline_RIS	tigecycline_RIS	vancomycin_RIS
ERR369939	I/R	NA	NA	NA	NA	NA	NA	NA	NA	NA	NA	NA	NA	NA	NA
ERR369940	I/R	NA	NA	NA	NA	NA	NA	NA	NA	NA	NA	NA	NA	NA	NA
ERR369941	I/R	NA	S	NA	NA	I/R	S	I/R	S	S	I/R	I/R	I/R	S	I/R
ERR369944	I/R	NA	I/R	NA	NA	I/R	I/R	I/R	S	S	I/R	I/R	S	S	I/R
ERR369945	I/R	NA	NA	NA	NA	NA	NA	NA	NA	NA	NA	NA	NA	NA	NA
ERR369946	I/R	NA	I/R	NA	NA	I/R	I/R	I/R	S	S	I/R	I/R	S	S	I/R
ERR369951	I/R	NA	S	NA	NA	I/R	S	I/R	S	S	I/R	I/R	I/R	S	I/R
ERR369954	I/R	NA	S	NA	NA	I/R	S	I/R	S	S	I/R	I/R	S	S	I/R
ERR369955	S	NA	NA	NA	NA	NA	NA	NA	NA	NA	NA	NA	NA	NA	NA
ERR369956	I/R	NA	I/R	NA	NA	I/R	I/R	I/R	S	S	I/R	I/R	I/R	S	I/R
ERR369957	S	NA	NA	NA	NA	NA	NA	NA	NA	NA	NA	NA	NA	NA	NA
ERR369958	I/R	NA	S	NA	NA	I/R	S	I/R	S	S	I/R	I/R	I/R	S	I/R
ERR369962	I/R	NA	S	NA	NA	I/R	I/R	I/R	S	S	I/R	I/R	S	S	I/R
ERR369964	I/R	NA	NA	NA	NA	NA	NA	NA	NA	NA	NA	NA	NA	NA	NA
ERR369965	I/R	NA	I/R	NA	NA	I/R	S	I/R	S	S	I/R	I/R	S	S	I/R
ERR369966	I/R	NA	NA	NA	NA	NA	NA	NA	NA	NA	NA	NA	NA	NA	NA
ERR369967	I/R	NA	I/R	NA	NA	I/R	S	I/R	S	S	I/R	I/R	S	S	I/R
ERR369969	I/R	NA	I/R	NA	NA	I/R	I/R	I/R	S	S	S	S	I/R	S	I/R
ERR369971	I/R	NA	S	NA	NA	I/R	I/R	I/R	S	S	I/R	I/R	S	S	I/R
ERR369972	I/R	NA	I/R	NA	NA	I/R	S	I/R	S	S	I/R	I/R	I/R	S	I/R
ERR369974	I/R	NA	I/R	NA	NA	I/R	S	I/R	S	S	I/R	I/R	I/R	S	I/R
ERR369976	I/R	NA	NA	NA	NA	NA	NA	NA	NA	NA	NA	NA	NA	NA	NA
ERR369978	I/R	NA	NA	NA	NA	NA	NA	NA	NA	NA	NA	NA	NA	NA	NA
ERR369980	I/R	NA	S	NA	NA	I/R	I/R	I/R	S	S	I/R	I/R	S	S	I/R
ERR369981	I/R	NA	I/R	NA	NA	I/R	I/R	I/R	S	S	I/R	I/R	S	S	I/R
ERR369982	I/R	NA	I/R	NA	NA	I/R	I/R	I/R	S	S	I/R	I/R	S	S	I/R
ERR369983	I/R	NA	S	NA	NA	I/R	I/R	I/R	S	S	I/R	I/R	S	S	I/R
ERR369985	I/R	NA	S	NA	NA	I/R	I/R	I/R	S	S	I/R	I/R	S	S	I/R
ERR369988	I/R	NA	S	NA	NA	I/R	I/R	I/R	S	S	S	I/R	I/R	S	I/R
ERR369990	I/R	NA	S	NA	NA	I/R	S	I/R	S	S	I/R	I/R	I/R	S	I/R
ERR369991	I/R	NA	S	NA	NA	I/R	I/R	S	S	S	S	I/R	I/R	S	I/R
ERR369992	I/R	NA	I/R	NA	NA	I/R	S	I/R	S	S	I/R	I/R	I/R	S	I/R
ERR369993	I/R	NA	I/R	NA	NA	I/R	I/R	I/R	S	S	I/R	I/R	I/R	S	I/R
ERR369995	I/R	NA	I/R	NA	NA	I/R	I/R	I/R	S	S	I/R	I/R	S	S	I/R
ERR369996	I/R	NA	S	NA	NA	I/R	I/R	S	S	S	S	I/R	I/R	S	I/R
ERR369998	I/R	NA	NA	NA	NA	NA	NA	NA	NA	NA	NA	NA	NA	NA	NA
ERR369999	I/R	NA	I/R	NA	NA	I/R	S	I/R	S	S	I/R	I/R	I/R	S	I/R
ERR370000	I/R	NA	I/R	NA	NA	I/R	S	I/R	S	S	I/R	I/R	I/R	S	I/R
ERR370001	I/R	NA	S	NA	NA	I/R	I/R	I/R	S	S	I/R	I/R	S	S	I/R
ERR370003	I/R	NA	I/R	NA	NA	I/R	I/R	I/R	S	S	I/R	I/R	I/R	S	I/R
ERR370004	I/R	NA	I/R	NA	NA	I/R	I/R	I/R	S	S	I/R	I/R	S	S	I/R
ERR370005	I/R	NA	NA	NA	NA	NA	NA	NA	NA	NA	NA	NA	NA	NA	NA
ERR370007	I/R	NA	S	NA	NA	I/R	S	I/R	S	S	I/R	I/R	I/R	S	I/R
ERR370008	I/R	NA	S	NA	NA	I/R	I/R	I/R	S	S	I/R	I/R	S	S	I/R
ERR370011	I/R	NA	I/R	NA	NA	I/R	I/R	I/R	S	S	I/R	I/R	I/R	S	I/R
ERR370012	I/R	NA	NA	NA	NA	NA	NA	NA	NA	NA	NA	NA	NA	NA	NA
ERR370013	I/R	NA	S	NA	NA	I/R	S	I/R	S	S	I/R	I/R	S	S	I/R
ERR370015	I/R	NA	S	NA	NA	I/R	S	I/R	S	S	I/R	S	I/R	S	I/R
ERR370018	I/R	NA	I/R	NA	NA	I/R	I/R	I/R	S	S	I/R	I/R	S	S	I/R
ERR370019	I/R	NA	NA	NA	NA	NA	NA	NA	NA	NA	NA	NA	NA	NA	NA
ERR370020	I/R	NA	I/R	NA	NA	I/R	S	I/R	S	S	I/R	I/R	I/R	S	I/R
ERR370021	I/R	NA	S	NA	NA	I/R	S	I/R	S	S	I/R	S	I/R	S	I/R
ERR370022	I/R	NA	NA	NA	NA	NA	NA	NA	NA	NA	NA	NA	NA	NA	NA
ERR370023	I/R	NA	NA	NA	NA	NA	NA	NA	NA	NA	NA	NA	NA	NA	NA
ERR370024	I/R	NA	I/R	NA	NA	I/R	I/R	I/R	S	S	I/R	I/R	I/R	S	I/R
ERR370025	I/R	NA	S	NA	NA	I/R	I/R	I/R	S	S	I/R	I/R	S	S	I/R
ERR370029	I/R	NA	S	NA	NA	I/R	I/R	I/R	S	S	S	I/R	I/R	S	I/R
ERR370030	I/R	NA	S	NA	NA	I/R	I/R	I/R	S	S	S	S	I/R	S	S
ERR370031	I/R	NA	S	NA	NA	I/R	I/R	I/R	S	S	I/R	S	S	S	I/R
ERR370032	I/R	NA	NA	NA	NA	NA	NA	NA	NA	NA	NA	NA	NA	NA	NA
ERR370033	I/R	NA	I/R	NA	NA	I/R	I/R	I/R	S	S	I/R	I/R	S	S	I/R
ERR375290	I/R	NA	S	NA	NA	I/R	S	I/R	S	S	I/R	I/R	I/R	S	I/R
ERR375299	I/R	NA	S	NA	NA	I/R	I/R	I/R	S	S	I/R	I/R	S	S	I/R
ERR375300	I/R	NA	I/R	NA	NA	I/R	S	I/R	S	S	I/R	I/R	I/R	S	I/R
ERR375302	I/R	NA	NA	NA	NA	NA	NA	NA	NA	NA	NA	NA	NA	NA	NA
ERR375304	I/R	NA	NA	NA	NA	NA	NA	NA	NA	NA	NA	NA	NA	NA	NA
ERR375305	I/R	NA	I/R	NA	NA	I/R	I/R	I/R	S	S	I/R	I/R	I/R	S	I/R
ERR375308	I/R	NA	NA	NA	NA	NA	NA	NA	NA	NA	NA	NA	NA	NA	NA
ERR375311	I/R	NA	S	NA	NA	I/R	I/R	I/R	S	S	I/R	I/R	S	S	I/R
ERR375312	I/R	NA	S	NA	NA	I/R	I/R	I/R	S	S	I/R	I/R	S	S	I/R
ERR375313	I/R	NA	S	NA	NA	I/R	S	I/R	S	S	I/R	I/R	I/R	S	I/R
ERR375314	I/R	NA	S	NA	NA	I/R	S	I/R	S	S	I/R	I/R	I/R	S	I/R
ERR375315	I/R	NA	NA	NA	NA	NA	NA	NA	NA	NA	NA	NA	NA	NA	NA
ERR375316	I/R	NA	I/R	NA	NA	I/R	S	I/R	S	S	S	I/R	S	S	I/R
ERR375317	I/R	NA	I/R	NA	NA	I/R	S	I/R	S	S	S	I/R	S	S	I/R
ERR375318	I/R	NA	I/R	NA	NA	I/R	I/R	I/R	S	S	S	I/R	I/R	S	I/R
ERR375319	I/R	NA	S	NA	NA	I/R	S	I/R	S	S	I/R	I/R	S	S	I/R
ERR375320	I/R	NA	I/R	NA	NA	I/R	S	I/R	S	S	I/R	I/R	I/R	S	I/R
ERR375321	I/R	NA	I/R	NA	NA	I/R	I/R	I/R	S	S	I/R	S	I/R	S	I/R
ERR375322	I/R	NA	S	NA	NA	I/R	I/R	I/R	S	S	I/R	I/R	S	S	I/R
ERR375323	S	NA	NA	NA	NA	NA	NA	NA	NA	NA	NA	NA	NA	NA	NA
ERR375326	I/R	NA	S	NA	NA	I/R	I/R	I/R	S	S	I/R	I/R	S	S	I/R
ERR375327	I/R	NA	I/R	NA	NA	I/R	S	I/R	S	S	I/R	I/R	I/R	S	I/R
ERR375328	I/R	NA	S	NA	NA	I/R	S	I/R	S	S	I/R	I/R	I/R	S	I/R
ERR375329	I/R	NA	I/R	NA	NA	I/R	I/R	I/R	S	S	I/R	I/R	I/R	S	I/R
ERR375330	I/R	NA	I/R	NA	NA	I/R	I/R	I/R	S	S	I/R	I/R	I/R	S	I/R
ERR375332	I/R	NA	I/R	NA	NA	I/R	I/R	I/R	S	S	I/R	I/R	I/R	S	I/R
ERR375333	I/R	NA	NA	NA	NA	NA	NA	NA	NA	NA	NA	NA	NA	NA	NA
ERR375334	I/R	NA	I/R	NA	NA	I/R	I/R	I/R	S	S	I/R	I/R	I/R	I/R	I/R
ERR375335	I/R	NA	NA	NA	NA	NA	NA	NA	NA	NA	NA	NA	NA	NA	NA
ERR375337	I/R	NA	S	NA	NA	I/R	I/R	I/R	S	S	I/R	I/R	S	S	I/R
ERR375339	I/R	NA	NA	NA	NA	NA	NA	NA	NA	NA	NA	NA	NA	NA	NA
ERR375340	I/R	NA	NA	NA	NA	NA	NA	NA	NA	NA	NA	NA	NA	NA	NA
ERR375341	I/R	NA	S	NA	NA	I/R	I/R	I/R	S	S	S	I/R	I/R	S	I/R
ERR375343	I/R	NA	NA	NA	NA	NA	NA	NA	NA	NA	NA	NA	NA	NA	NA
ERR375345	I/R	NA	S	NA	NA	I/R	S	I/R	S	S	I/R	I/R	I/R	S	I/R
ERR375347	I/R	NA	NA	NA	NA	NA	NA	NA	NA	NA	NA	NA	NA	NA	NA
ERR375348	I/R	NA	I/R	NA	NA	I/R	I/R	I/R	S	S	I/R	I/R	I/R	S	I/R
ERR375349	I/R	NA	I/R	NA	NA	I/R	I/R	I/R	S	S	I/R	I/R	S	S	I/R
ERR375350	I/R	NA	I/R	NA	NA	I/R	S	I/R	S	S	I/R	I/R	I/R	S	I/R
ERR375351	I/R	NA	S	NA	NA	I/R	S	I/R	S	S	I/R	I/R	I/R	S	I/R
ERR375353	I/R	NA	I/R	NA	NA	I/R	I/R	I/R	S	S	I/R	I/R	I/R	S	I/R
ERR375354	I/R	NA	I/R	NA	NA	I/R	I/R	I/R	S	S	I/R	S	S	S	I/R
ERR375355	I/R	NA	S	NA	NA	I/R	I/R	I/R	S	S	I/R	I/R	S	S	I/R
ERR375356	I/R	NA	I/R	NA	NA	I/R	S	I/R	S	S	I/R	I/R	I/R	S	I/R
ERR375357	S	NA	NA	NA	NA	NA	NA	NA	NA	NA	NA	NA	NA	NA	NA
ERR375360	I/R	NA	I/R	NA	NA	I/R	I/R	I/R	S	S	S	S	I/R	S	I/R
ERR375361	I/R	NA	NA	NA	NA	NA	NA	NA	NA	NA	NA	NA	NA	NA	NA
ERR375363	I/R	NA	NA	NA	NA	NA	NA	NA	NA	NA	NA	NA	NA	NA	NA
ERR375366	I/R	NA	S	NA	NA	S	S	S	S	S	S	I/R	S	S	I/R
ERR375367	I/R	NA	S	NA	NA	I/R	I/R	I/R	S	S	I/R	I/R	S	S	I/R
ERR375370	I/R	NA	I/R	NA	NA	I/R	S	I/R	S	S	I/R	I/R	I/R	S	I/R
ERR375371	I/R	NA	NA	NA	NA	NA	NA	NA	NA	NA	NA	NA	NA	NA	NA
ERR375373	I/R	NA	S	NA	NA	I/R	I/R	I/R	S	S	I/R	I/R	I/R	S	I/R
ERR375375	I/R	NA	I/R	NA	NA	I/R	I/R	I/R	S	S	I/R	I/R	S	S	I/R
ERR375376	S	NA	NA	NA	NA	NA	NA	NA	NA	NA	NA	NA	NA	NA	NA
ERR375377	I/R	NA	NA	NA	NA	NA	NA	NA	NA	NA	NA	NA	NA	NA	NA
ERR375379	I/R	NA	I/R	NA	NA	I/R	I/R	I/R	S	I/R	I/R	I/R	I/R	S	I/R
ERR375380	I/R	NA	S	NA	NA	I/R	I/R	I/R	S	S	I/R	I/R	S	S	I/R
ERR375381	I/R	NA	NA	NA	NA	NA	NA	NA	NA	NA	NA	NA	NA	NA	NA
ERR375382	I/R	NA	NA	NA	NA	NA	NA	NA	NA	NA	NA	NA	NA	NA	NA
ERR375385	I/R	NA	NA	NA	NA	NA	NA	NA	NA	NA	NA	NA	NA	NA	NA
ERR375386	I/R	NA	NA	NA	NA	NA	NA	NA	NA	NA	NA	NA	NA	NA	NA
ERR375389	I/R	NA	NA	NA	NA	NA	NA	NA	NA	NA	NA	NA	NA	NA	NA
ERR375390	I/R	NA	I/R	NA	NA	I/R	I/R	I/R	S	S	I/R	I/R	S	S	I/R
ERR375391	I/R	NA	NA	NA	NA	NA	NA	NA	NA	NA	NA	NA	NA	NA	NA
ERR375393	I/R	NA	S	NA	NA	I/R	I/R	I/R	S	S	I/R	I/R	S	S	I/R
ERR375394	I/R	NA	I/R	NA	NA	I/R	S	I/R	S	S	I/R	I/R	S	S	I/R
ERR375395	I/R	NA	S	NA	NA	I/R	I/R	I/R	S	S	I/R	I/R	S	S	I/R
ERR375396	I/R	NA	I/R	NA	NA	I/R	S	I/R	S	S	I/R	I/R	I/R	S	I/R
ERR375397	I/R	NA	S	NA	NA	I/R	I/R	I/R	S	S	I/R	I/R	S	S	I/R
ERR375398	I/R	NA	I/R	NA	NA	I/R	I/R	I/R	S	S	I/R	I/R	S	S	I/R
ERR375399	I/R	NA	I/R	NA	NA	I/R	S	I/R	S	S	I/R	I/R	I/R	S	I/R
ERR375400	I/R	NA	I/R	NA	NA	I/R	S	I/R	S	I/R	I/R	I/R	S	S	I/R
ERR375401	I/R	NA	I/R	NA	NA	I/R	I/R	I/R	S	S	I/R	I/R	I/R	S	I/R
ERR375402	I/R	NA	S	NA	NA	I/R	I/R	I/R	S	S	I/R	I/R	I/R	S	I/R
ERR375403	I/R	NA	S	NA	NA	I/R	S	I/R	S	S	I/R	I/R	I/R	S	I/R
ERR375406	I/R	NA	I/R	NA	NA	I/R	I/R	I/R	S	S	S	I/R	I/R	S	I/R
ERR375409	I/R	NA	NA	NA	NA	NA	NA	NA	NA	NA	NA	NA	NA	NA	NA
ERR375412	I/R	NA	NA	NA	NA	NA	NA	NA	NA	NA	NA	NA	NA	NA	NA
ERR375413	I/R	NA	I/R	NA	NA	I/R	S	I/R	S	S	I/R	I/R	S	S	I/R
ERR375418	I/R	NA	S	NA	NA	I/R	S	S	S	S	S	I/R	I/R	S	I/R
ERR375420	I/R	NA	I/R	NA	NA	I/R	I/R	I/R	S	S	I/R	I/R	S	S	I/R
ERR375421	I/R	NA	I/R	NA	NA	I/R	I/R	I/R	S	S	I/R	I/R	I/R	S	I/R
ERR375422	I/R	NA	I/R	NA	NA	I/R	I/R	I/R	S	S	I/R	I/R	I/R	S	I/R
ERR375423	I/R	NA	I/R	NA	NA	I/R	I/R	I/R	S	S	I/R	I/R	S	S	I/R
ERR375425	I/R	NA	S	NA	NA	I/R	I/R	I/R	S	S	S	I/R	S	S	I/R
ERR375426	I/R	NA	I/R	NA	NA	I/R	I/R	I/R	S	S	I/R	S	I/R	S	I/R
ERR375427	I/R	NA	I/R	NA	NA	I/R	I/R	I/R	S	S	I/R	I/R	I/R	S	I/R
ERR375430	I/R	NA	S	NA	NA	I/R	S	I/R	S	S	I/R	S	I/R	S	I/R
ERR375431	I/R	NA	S	NA	NA	I/R	I/R	I/R	S	S	I/R	I/R	S	S	I/R
ERR375432	I/R	NA	S	NA	NA	I/R	I/R	I/R	S	S	S	I/R	I/R	S	I/R
ERR375433	I/R	NA	NA	NA	NA	NA	NA	NA	NA	NA	NA	NA	NA	NA	NA
ERR375434	I/R	NA	S	NA	NA	I/R	S	I/R	S	S	I/R	I/R	I/R	S	I/R
ERR375436	I/R	NA	S	NA	NA	I/R	S	I/R	S	S	I/R	I/R	I/R	S	I/R
ERR375437	I/R	NA	I/R	NA	NA	I/R	S	I/R	S	S	I/R	I/R	S	S	I/R
ERR375439	I/R	NA	I/R	NA	NA	I/R	I/R	I/R	S	S	I/R	I/R	S	S	I/R
ERR375440	I/R	NA	I/R	NA	NA	I/R	S	S	S	S	I/R	I/R	I/R	S	I/R
ERR375441	I/R	NA	I/R	NA	NA	I/R	I/R	I/R	S	S	I/R	I/R	S	S	I/R
ERR375443	S	NA	NA	NA	NA	NA	NA	NA	NA	NA	NA	NA	NA	NA	NA
ERR375445	I/R	NA	S	NA	NA	I/R	I/R	I/R	S	S	S	I/R	I/R	S	I/R
ERR375446	I/R	NA	I/R	NA	NA	I/R	I/R	I/R	S	S	I/R	I/R	I/R	S	I/R
ERR375447	I/R	NA	S	NA	NA	I/R	I/R	I/R	S	S	I/R	I/R	I/R	S	I/R
ERR375448	I/R	NA	NA	NA	NA	NA	NA	NA	NA	NA	NA	NA	NA	NA	NA
ERR375450	I/R	NA	I/R	NA	NA	I/R	I/R	I/R	S	I/R	I/R	I/R	S	S	I/R
ERR375451	I/R	NA	I/R	NA	NA	I/R	I/R	I/R	S	S	I/R	I/R	I/R	S	I/R
ERR375452	I/R	NA	S	NA	NA	I/R	S	I/R	S	S	I/R	S	I/R	S	I/R
ERR375456	I/R	NA	I/R	NA	NA	I/R	I/R	I/R	S	S	I/R	I/R	I/R	S	I/R
ERR375457	I/R	NA	NA	NA	NA	NA	NA	NA	NA	NA	NA	NA	NA	NA	NA
ERR375458	I/R	NA	S	NA	NA	I/R	I/R	I/R	S	S	I/R	I/R	S	S	I/R
ERR375462	I/R	NA	I/R	NA	NA	I/R	I/R	I/R	S	S	I/R	I/R	S	S	I/R
ERR375466	I/R	NA	I/R	NA	NA	I/R	I/R	I/R	S	I/R	I/R	I/R	S	S	I/R
ERR375467	I/R	NA	S	NA	NA	I/R	S	I/R	S	S	I/R	I/R	S	S	I/R
ERR375468	I/R	NA	NA	NA	NA	NA	NA	NA	NA	NA	NA	NA	NA	NA	NA
ERR375470	I/R	NA	I/R	NA	NA	I/R	I/R	I/R	S	S	I/R	I/R	S	S	I/R
ERR375471	I/R	NA	S	NA	NA	I/R	S	S	S	S	S	I/R	I/R	S	I/R
ERR375473	I/R	NA	S	NA	NA	I/R	S	S	S	S	S	I/R	I/R	S	I/R
ERR375474	I/R	NA	S	NA	NA	I/R	I/R	I/R	S	S	I/R	S	S	S	I/R
ERR375476	I/R	NA	I/R	NA	NA	I/R	I/R	I/R	S	S	S	I/R	I/R	S	I/R
ERR375479	I/R	NA	I/R	NA	NA	I/R	I/R	I/R	S	S	I/R	I/R	I/R	S	I/R
ERR375480	I/R	NA	S	NA	NA	I/R	S	S	S	S	S	I/R	I/R	S	I/R
ERR375481	I/R	NA	I/R	NA	NA	I/R	S	I/R	S	S	I/R	I/R	I/R	S	I/R
ERR375482	I/R	NA	S	NA	NA	I/R	I/R	I/R	S	S	I/R	I/R	S	S	I/R
ERR375483	I/R	NA	I/R	NA	NA	I/R	I/R	I/R	S	S	I/R	I/R	I/R	S	I/R
ERR375484	I/R	NA	NA	NA	NA	NA	NA	NA	NA	NA	NA	NA	NA	NA	NA
ERR375485	I/R	NA	NA	NA	NA	NA	NA	NA	NA	NA	NA	NA	NA	NA	NA
ERR375486	I/R	NA	I/R	NA	NA	I/R	I/R	I/R	S	S	I/R	I/R	I/R	S	I/R
ERR375487	I/R	NA	NA	NA	NA	NA	NA	NA	NA	NA	NA	NA	NA	NA	NA
ERR375488	I/R	NA	I/R	NA	NA	I/R	S	I/R	S	S	S	I/R	S	S	I/R
ERR375491	I/R	NA	NA	NA	NA	NA	NA	NA	NA	NA	NA	NA	NA	NA	NA
ERR375493	I/R	NA	I/R	NA	NA	I/R	I/R	I/R	S	S	I/R	I/R	S	S	I/R
ERR375494	I/R	NA	S	NA	NA	I/R	S	S	S	S	S	I/R	I/R	S	I/R
ERR375495	I/R	NA	S	NA	NA	I/R	I/R	I/R	S	S	I/R	I/R	S	S	I/R
ERR375496	I/R	NA	S	NA	NA	I/R	S	I/R	S	S	I/R	I/R	S	S	I/R
ERR375497	I/R	NA	S	NA	NA	I/R	I/R	I/R	S	S	I/R	I/R	I/R	S	I/R
ERR375498	I/R	NA	I/R	NA	NA	I/R	S	I/R	S	S	I/R	I/R	I/R	S	I/R
ERR375499	I/R	NA	NA	NA	NA	NA	NA	NA	NA	NA	NA	NA	NA	NA	NA
ERR375500	I/R	NA	S	NA	NA	I/R	I/R	I/R	S	S	I/R	I/R	S	S	I/R
ERR375502	I/R	NA	S	NA	NA	I/R	I/R	I/R	S	S	I/R	S	S	S	I/R
ERR375504	I/R	NA	NA	NA	NA	NA	NA	NA	NA	NA	NA	NA	NA	NA	NA
ERR375506	I/R	NA	NA	NA	NA	NA	NA	NA	NA	NA	NA	NA	NA	NA	NA
ERR375509	I/R	NA	NA	NA	NA	NA	NA	NA	NA	NA	NA	NA	NA	NA	NA
ERR375512	I/R	NA	NA	NA	NA	NA	NA	NA	NA	NA	NA	NA	NA	NA	NA
ERR375513	I/R	NA	I/R	NA	NA	I/R	I/R	I/R	S	S	I/R	I/R	I/R	S	I/R
ERR375514	I/R	NA	NA	NA	NA	NA	NA	NA	NA	NA	NA	NA	NA	NA	NA
ERR375515	I/R	NA	NA	NA	NA	NA	NA	NA	NA	NA	NA	NA	NA	NA	NA
ERR375516	I/R	NA	NA	NA	NA	NA	NA	NA	NA	NA	NA	NA	NA	NA	NA
ERR375519	I/R	NA	NA	NA	NA	NA	NA	NA	NA	NA	NA	NA	NA	NA	NA
ERR375522	I/R	NA	NA	NA	NA	NA	NA	NA	NA	NA	NA	NA	NA	NA	NA
ERR375523	I/R	NA	I/R	NA	NA	I/R	I/R	I/R	S	S	I/R	I/R	S	S	I/R
ERR375524	I/R	NA	I/R	NA	NA	I/R	I/R	I/R	S	S	I/R	I/R	I/R	S	I/R
ERR375529	I/R	NA	NA	NA	NA	NA	NA	NA	NA	NA	NA	NA	NA	NA	NA
ERR375530	I/R	NA	S	NA	NA	I/R	I/R	I/R	S	S	I/R	I/R	I/R	S	I/R
ERR375532	I/R	NA	S	NA	NA	I/R	I/R	I/R	S	S	I/R	I/R	S	S	I/R
ERR375534	I/R	NA	S	NA	NA	I/R	I/R	I/R	S	S	I/R	I/R	S	S	I/R
ERR375538	I/R	NA	I/R	NA	NA	I/R	I/R	I/R	S	S	I/R	I/R	I/R	S	I/R
ERR375539	I/R	NA	NA	NA	NA	NA	NA	NA	NA	NA	NA	NA	NA	NA	NA
ERR375541	S	NA	NA	NA	NA	NA	NA	NA	NA	NA	NA	NA	NA	NA	NA
ERR375542	I/R	NA	I/R	NA	NA	I/R	I/R	I/R	S	S	S	I/R	I/R	S	I/R
ERR375544	I/R	NA	S	NA	NA	I/R	S	I/R	S	S	I/R	I/R	I/R	S	I/R
ERR375548	I/R	NA	I/R	NA	NA	I/R	I/R	I/R	S	S	I/R	I/R	I/R	S	I/R
ERR375550	I/R	NA	NA	NA	NA	NA	NA	NA	NA	NA	NA	NA	NA	NA	NA
ERR375551	I/R	NA	NA	NA	NA	NA	NA	NA	NA	NA	NA	NA	NA	NA	NA
ERR375553	I/R	NA	S	NA	NA	I/R	I/R	I/R	S	S	I/R	I/R	I/R	S	I/R
ERR375554	I/R	NA	S	NA	NA	S	S	S	I/R	S	S	I/R	I/R	S	I/R
ERR375555	I/R	NA	I/R	NA	NA	I/R	S	I/R	S	S	S	I/R	S	S	I/R
ERR375556	I/R	NA	NA	NA	NA	NA	NA	NA	NA	NA	NA	NA	NA	NA	NA
ERR375557	I/R	NA	I/R	NA	NA	I/R	S	I/R	S	S	S	I/R	I/R	S	I/R
ERR377424	I/R	NA	S	NA	NA	I/R	S	I/R	S	S	I/R	I/R	S	S	I/R
ERR377425	I/R	NA	I/R	NA	NA	I/R	S	I/R	S	S	I/R	I/R	I/R	S	I/R
ERR377426	I/R	NA	S	NA	NA	I/R	I/R	I/R	S	S	S	I/R	I/R	S	I/R
ERR377427	I/R	NA	I/R	NA	NA	I/R	I/R	I/R	S	S	I/R	I/R	I/R	S	I/R
ERR377429	I/R	NA	I/R	NA	NA	I/R	S	I/R	S	S	I/R	I/R	I/R	S	I/R
ERR377430	I/R	NA	I/R	NA	NA	I/R	S	I/R	S	S	I/R	I/R	I/R	S	I/R
ERR377433	I/R	NA	NA	NA	NA	NA	NA	NA	NA	NA	NA	NA	NA	NA	NA
ERR377434	I/R	NA	S	NA	NA	I/R	I/R	I/R	S	S	I/R	I/R	S	S	I/R
ERR377436	I/R	NA	NA	NA	NA	NA	NA	NA	NA	NA	NA	NA	NA	NA	NA
ERR377437	I/R	NA	NA	NA	NA	NA	NA	NA	NA	NA	NA	NA	NA	NA	NA
ERR377439	I/R	NA	S	NA	NA	I/R	I/R	I/R	S	S	I/R	S	S	S	I/R
ERR377440	I/R	NA	I/R	NA	NA	I/R	I/R	I/R	S	S	I/R	I/R	I/R	S	I/R
ERR377442	I/R	NA	I/R	NA	NA	I/R	S	I/R	S	S	I/R	I/R	I/R	S	I/R
ERR377443	I/R	NA	I/R	NA	NA	I/R	I/R	I/R	S	S	I/R	I/R	I/R	S	I/R
ERR377444	I/R	NA	I/R	NA	NA	I/R	I/R	I/R	S	S	I/R	I/R	I/R	S	I/R
ERR377445	I/R	NA	I/R	NA	NA	I/R	I/R	I/R	S	S	S	I/R	I/R	S	I/R
ERR377446	I/R	NA	NA	NA	NA	NA	NA	NA	NA	NA	NA	NA	NA	NA	NA
ERR377447	I/R	NA	I/R	NA	NA	I/R	I/R	I/R	S	S	I/R	I/R	S	S	I/R
ERR377450	I/R	NA	NA	NA	NA	NA	NA	NA	NA	NA	NA	NA	NA	NA	NA
ERR377451	I/R	NA	S	NA	NA	I/R	S	S	S	S	S	I/R	S	S	I/R
ERR377454	I/R	NA	NA	NA	NA	NA	NA	NA	NA	NA	NA	NA	NA	NA	NA
ERR377455	I/R	NA	I/R	NA	NA	I/R	I/R	I/R	S	S	I/R	I/R	I/R	S	I/R
ERR377457	I/R	NA	S	NA	NA	I/R	I/R	I/R	S	S	I/R	I/R	S	S	I/R
ERR377458	I/R	NA	NA	NA	NA	NA	NA	NA	NA	NA	NA	NA	NA	NA	NA
ERR377465	I/R	NA	S	NA	NA	I/R	I/R	I/R	S	S	S	I/R	I/R	S	I/R
ERR377468	I/R	NA	I/R	NA	NA	I/R	I/R	I/R	S	S	S	I/R	I/R	S	I/R
ERR377469	I/R	NA	NA	NA	NA	NA	NA	NA	NA	NA	NA	NA	NA	NA	NA
ERR377471	I/R	NA	I/R	NA	NA	I/R	S	I/R	S	S	I/R	I/R	I/R	S	I/R
ERR377473	I/R	NA	I/R	NA	NA	I/R	I/R	I/R	S	S	I/R	I/R	S	S	I/R
ERR377474	I/R	NA	S	NA	NA	I/R	I/R	I/R	S	S	S	I/R	I/R	S	I/R
ERR377477	I/R	NA	NA	NA	NA	NA	NA	NA	NA	NA	NA	NA	NA	NA	NA
ERR377478	I/R	NA	NA	NA	NA	NA	NA	NA	NA	NA	NA	NA	NA	NA	NA
ERR377479	I/R	NA	I/R	NA	NA	I/R	I/R	I/R	S	I/R	I/R	I/R	S	S	I/R
ERR377481	I/R	NA	NA	NA	NA	NA	NA	NA	NA	NA	NA	NA	NA	NA	NA
ERR377483	I/R	NA	NA	NA	NA	NA	NA	NA	NA	NA	NA	NA	NA	NA	NA
ERR377484	I/R	NA	NA	NA	NA	NA	NA	NA	NA	NA	NA	NA	NA	NA	NA
ERR377485	I/R	NA	S	NA	NA	I/R	S	S	S	S	S	S	I/R	S	S
ERR377486	I/R	NA	NA	NA	NA	NA	NA	NA	NA	NA	NA	NA	NA	NA	NA
ERR377489	I/R	NA	NA	NA	NA	NA	NA	NA	NA	NA	NA	NA	NA	NA	NA
ERR377491	I/R	NA	I/R	NA	NA	I/R	S	I/R	S	S	I/R	I/R	I/R	S	I/R
ERR377492	I/R	NA	S	NA	NA	I/R	I/R	I/R	S	S	I/R	I/R	I/R	S	I/R
ERR377493	I/R	NA	I/R	NA	NA	I/R	I/R	I/R	S	S	S	I/R	S	S	I/R
ERR377494	I/R	NA	NA	NA	NA	NA	NA	NA	NA	NA	NA	NA	NA	NA	NA
ERR377496	I/R	NA	NA	NA	NA	NA	NA	NA	NA	NA	NA	NA	NA	NA	NA
ERR377497	I/R	NA	I/R	NA	NA	I/R	I/R	I/R	S	S	I/R	I/R	S	S	I/R
ERR377501	I/R	NA	NA	NA	NA	NA	NA	NA	NA	NA	NA	NA	NA	NA	NA
ERR377505	I/R	NA	NA	NA	NA	NA	NA	NA	NA	NA	NA	NA	NA	NA	NA
ERR377508	I/R	NA	NA	NA	NA	NA	NA	NA	NA	NA	NA	NA	NA	NA	NA
ERR377510	I/R	NA	NA	NA	NA	NA	NA	NA	NA	NA	NA	NA	NA	NA	NA
ERR377512	I/R	NA	I/R	NA	NA	I/R	S	I/R	S	S	I/R	I/R	S	S	I/R
ERR377516	S	NA	NA	NA	NA	NA	NA	NA	NA	NA	NA	NA	NA	NA	NA
ERR377519	I/R	NA	NA	NA	NA	NA	NA	NA	NA	NA	NA	NA	NA	NA	NA
ERR388697	I/R	NA	I/R	NA	NA	I/R	I/R	I/R	S	S	I/R	I/R	S	S	I/R
ERR388698	I/R	NA	S	NA	NA	I/R	I/R	I/R	S	S	I/R	I/R	S	S	I/R
ERR388700	I/R	NA	S	NA	NA	I/R	S	I/R	S	S	I/R	I/R	S	S	I/R
ERR388701	I/R	NA	S	NA	NA	I/R	I/R	I/R	S	S	S	I/R	I/R	S	I/R
ERR388702	I/R	NA	I/R	NA	NA	I/R	S	S	S	S	S	I/R	I/R	S	I/R
ERR388703	I/R	NA	I/R	NA	NA	I/R	I/R	I/R	S	S	I/R	I/R	I/R	S	I/R
ERR388714	I/R	NA	S	NA	NA	I/R	I/R	I/R	S	S	I/R	I/R	S	S	I/R
ERR388715	I/R	NA	S	NA	NA	I/R	S	I/R	S	S	I/R	I/R	I/R	S	I/R
ERR388717	I/R	NA	S	NA	NA	I/R	I/R	I/R	S	S	S	I/R	I/R	S	I/R
ERR388718	I/R	NA	S	NA	NA	I/R	S	I/R	S	S	I/R	S	I/R	S	I/R
ERR388722	I/R	NA	I/R	NA	NA	I/R	S	I/R	S	S	I/R	I/R	I/R	S	I/R
ERR388723	I/R	NA	I/R	NA	NA	I/R	S	I/R	S	S	S	I/R	S	S	I/R
ERR388725	I/R	NA	NA	NA	NA	NA	NA	NA	NA	NA	NA	NA	NA	NA	NA
ERR374660	I/R	NA	NA	NA	NA	NA	NA	NA	NA	NA	NA	NA	NA	NA	NA
ERR374662	I/R	NA	NA	NA	NA	NA	NA	NA	NA	NA	NA	NA	NA	NA	NA
ERR374663	I/R	NA	NA	NA	NA	NA	NA	NA	NA	NA	NA	NA	NA	NA	NA
ERR374664	I/R	NA	NA	NA	NA	NA	NA	NA	NA	NA	NA	NA	NA	NA	NA
ERR374668	I/R	NA	NA	NA	NA	NA	NA	NA	NA	NA	NA	NA	NA	NA	NA
ERR374669	I/R	NA	NA	NA	NA	NA	NA	NA	NA	NA	NA	NA	NA	NA	NA
ERR374670	I/R	NA	NA	NA	NA	NA	NA	NA	NA	NA	NA	NA	NA	NA	NA
ERR374671	I/R	NA	NA	NA	NA	NA	NA	NA	NA	NA	NA	NA	NA	NA	NA
ERR374673	I/R	NA	NA	NA	NA	NA	NA	NA	NA	NA	NA	NA	NA	NA	NA
ERR374674	I/R	NA	NA	NA	NA	NA	NA	NA	NA	NA	NA	NA	NA	NA	NA
ERR374675	I/R	NA	NA	NA	NA	NA	NA	NA	NA	NA	NA	NA	NA	NA	NA
ERR374676	I/R	NA	NA	NA	NA	NA	NA	NA	NA	NA	NA	NA	NA	NA	NA
ERR374678	S	NA	NA	NA	NA	NA	NA	NA	NA	NA	NA	NA	NA	NA	NA
ERR374679	I/R	NA	NA	NA	NA	NA	NA	NA	NA	NA	NA	NA	NA	NA	NA
ERR374680	I/R	NA	NA	NA	NA	NA	NA	NA	NA	NA	NA	NA	NA	NA	NA
ERR374681	I/R	NA	NA	NA	NA	NA	NA	NA	NA	NA	NA	NA	NA	NA	NA
ERR374682	I/R	NA	NA	NA	NA	NA	NA	NA	NA	NA	NA	NA	NA	NA	NA
ERR374683	I/R	NA	NA	NA	NA	NA	NA	NA	NA	NA	NA	NA	NA	NA	NA
ERR374685	I/R	NA	NA	NA	NA	NA	NA	NA	NA	NA	NA	NA	NA	NA	NA
ERR374686	I/R	NA	NA	NA	NA	NA	NA	NA	NA	NA	NA	NA	NA	NA	NA
ERR374688	I/R	NA	NA	NA	NA	NA	NA	NA	NA	NA	NA	NA	NA	NA	NA
ERR374689	I/R	NA	NA	NA	NA	NA	NA	NA	NA	NA	NA	NA	NA	NA	NA
ERR374690	NA	NA	NA	NA	NA	NA	NA	NA	NA	NA	NA	NA	NA	NA	NA
ERR374692	I/R	NA	NA	NA	NA	NA	NA	NA	NA	NA	NA	NA	NA	NA	NA
ERR374693	I/R	NA	NA	NA	NA	NA	NA	NA	NA	NA	NA	NA	NA	NA	NA
ERR374694	I/R	NA	NA	NA	NA	NA	NA	NA	NA	NA	NA	NA	NA	NA	NA
ERR374696	I/R	NA	NA	NA	NA	NA	NA	NA	NA	NA	NA	NA	NA	NA	NA
ERR374697	I/R	NA	NA	NA	NA	NA	NA	NA	NA	NA	NA	NA	NA	NA	NA
ERR374698	I/R	NA	NA	NA	NA	NA	NA	NA	NA	NA	NA	NA	NA	NA	NA
ERR374701	I/R	NA	NA	NA	NA	NA	NA	NA	NA	NA	NA	NA	NA	NA	NA
ERR374702	I/R	NA	NA	NA	NA	NA	NA	NA	NA	NA	NA	NA	NA	NA	NA
ERR374703	I/R	NA	NA	NA	NA	NA	NA	NA	NA	NA	NA	NA	NA	NA	NA
ERR374705	I/R	NA	NA	NA	NA	NA	NA	NA	NA	NA	NA	NA	NA	NA	NA
ERR374707	I/R	NA	NA	NA	NA	NA	NA	NA	NA	NA	NA	NA	NA	NA	NA
ERR374713	S	NA	NA	NA	NA	NA	NA	NA	NA	NA	NA	NA	NA	NA	NA
ERR374714	I/R	NA	NA	NA	NA	NA	NA	NA	NA	NA	NA	NA	NA	NA	NA
ERR374718	I/R	NA	NA	NA	NA	NA	NA	NA	NA	NA	NA	NA	NA	NA	NA
ERR374719	I/R	NA	NA	NA	NA	NA	NA	NA	NA	NA	NA	NA	NA	NA	NA
ERR374720	S	NA	NA	NA	NA	NA	NA	NA	NA	NA	NA	NA	NA	NA	NA
ERR374721	I/R	NA	NA	NA	NA	NA	NA	NA	NA	NA	NA	NA	NA	NA	NA
ERR374722	I/R	NA	NA	NA	NA	NA	NA	NA	NA	NA	NA	NA	NA	NA	NA
ERR374723	I/R	NA	NA	NA	NA	NA	NA	NA	NA	NA	NA	NA	NA	NA	NA
ERR374724	I/R	NA	NA	NA	NA	NA	NA	NA	NA	NA	NA	NA	NA	NA	NA
ERR374725	I/R	NA	NA	NA	NA	NA	NA	NA	NA	NA	NA	NA	NA	NA	NA
ERR374726	I/R	NA	NA	NA	NA	NA	NA	NA	NA	NA	NA	NA	NA	NA	NA
ERR374727	I/R	NA	NA	NA	NA	NA	NA	NA	NA	NA	NA	NA	NA	NA	NA
ERR374728	I/R	NA	NA	NA	NA	NA	NA	NA	NA	NA	NA	NA	NA	NA	NA
ERR374729	I/R	NA	NA	NA	NA	NA	NA	NA	NA	NA	NA	NA	NA	NA	NA
ERR374731	I/R	NA	NA	NA	NA	NA	NA	NA	NA	NA	NA	NA	NA	NA	NA
ERR374732	I/R	NA	NA	NA	NA	NA	NA	NA	NA	NA	NA	NA	NA	NA	NA
ERR374733	S	NA	NA	NA	NA	NA	NA	NA	NA	NA	NA	NA	NA	NA	NA
ERR374734	S	NA	NA	NA	NA	NA	NA	NA	NA	NA	NA	NA	NA	NA	NA
ERR374735	I/R	NA	NA	NA	NA	NA	NA	NA	NA	NA	NA	NA	NA	NA	NA
ERR374737	I/R	NA	NA	NA	NA	NA	NA	NA	NA	NA	NA	NA	NA	NA	NA
ERR374738	I/R	NA	NA	NA	NA	NA	NA	NA	NA	NA	NA	NA	NA	NA	NA
ERR374739	I/R	NA	NA	NA	NA	NA	NA	NA	NA	NA	NA	NA	NA	NA	NA
ERR374740	NA	NA	NA	NA	NA	NA	NA	NA	NA	NA	NA	NA	NA	NA	NA
ERR374741	I/R	NA	NA	NA	NA	NA	NA	NA	NA	NA	NA	NA	NA	NA	NA
ERR374742	I/R	NA	NA	NA	NA	NA	NA	NA	NA	NA	NA	NA	NA	NA	NA
ERR374743	I/R	NA	NA	NA	NA	NA	NA	NA	NA	NA	NA	NA	NA	NA	NA
ERR374744	I/R	NA	NA	NA	NA	NA	NA	NA	NA	NA	NA	NA	NA	NA	NA
ERR374745	I/R	NA	NA	NA	NA	NA	NA	NA	NA	NA	NA	NA	NA	NA	NA
ERR374746	I/R	NA	NA	NA	NA	NA	NA	NA	NA	NA	NA	NA	NA	NA	NA
ERR374749	I/R	NA	NA	NA	NA	NA	NA	NA	NA	NA	NA	NA	NA	NA	NA
ERR374750	I/R	NA	NA	NA	NA	NA	NA	NA	NA	NA	NA	NA	NA	NA	NA
ERR374751	I/R	NA	NA	NA	NA	NA	NA	NA	NA	NA	NA	NA	NA	NA	NA
ERR374752	I/R	NA	NA	NA	NA	NA	NA	NA	NA	NA	NA	NA	NA	NA	NA
ERR374753	I/R	NA	NA	NA	NA	NA	NA	NA	NA	NA	NA	NA	NA	NA	NA
ERR374754	I/R	NA	NA	NA	NA	NA	NA	NA	NA	NA	NA	NA	NA	NA	NA
ERR374755	I/R	NA	NA	NA	NA	NA	NA	NA	NA	NA	NA	NA	NA	NA	NA
ERR374756	NA	NA	NA	NA	NA	NA	NA	NA	NA	NA	NA	NA	NA	NA	NA
ERR374759	I/R	NA	NA	NA	NA	NA	NA	NA	NA	NA	NA	NA	NA	NA	NA
ERR374760	I/R	NA	NA	NA	NA	NA	NA	NA	NA	NA	NA	NA	NA	NA	NA
ERR374761	I/R	NA	NA	NA	NA	NA	NA	NA	NA	NA	NA	NA	NA	NA	NA
ERR374762	I/R	NA	NA	NA	NA	NA	NA	NA	NA	NA	NA	NA	NA	NA	NA
ERR374763	I/R	NA	NA	NA	NA	NA	NA	NA	NA	NA	NA	NA	NA	NA	NA
ERR374764	NA	NA	NA	NA	NA	NA	NA	NA	NA	NA	NA	NA	NA	NA	NA
ERR374765	I/R	NA	NA	NA	NA	NA	NA	NA	NA	NA	NA	NA	NA	NA	NA
ERR374766	S	NA	NA	NA	NA	NA	NA	NA	NA	NA	NA	NA	NA	NA	NA
ERR374767	I/R	NA	NA	NA	NA	NA	NA	NA	NA	NA	NA	NA	NA	NA	NA
ERR374769	I/R	NA	NA	NA	NA	NA	NA	NA	NA	NA	NA	NA	NA	NA	NA
ERR374770	I/R	NA	NA	NA	NA	NA	NA	NA	NA	NA	NA	NA	NA	NA	NA
ERR374771	I/R	NA	NA	NA	NA	NA	NA	NA	NA	NA	NA	NA	NA	NA	NA
ERR374772	I/R	NA	NA	NA	NA	NA	NA	NA	NA	NA	NA	NA	NA	NA	NA
ERR374774	I/R	NA	NA	NA	NA	NA	NA	NA	NA	NA	NA	NA	NA	NA	NA
ERR374776	I/R	NA	NA	NA	NA	NA	NA	NA	NA	NA	NA	NA	NA	NA	NA
ERR374777	I/R	NA	NA	NA	NA	NA	NA	NA	NA	NA	NA	NA	NA	NA	NA
ERR374778	S	NA	NA	NA	NA	NA	NA	NA	NA	NA	NA	NA	NA	NA	NA
ERR374779	I/R	NA	NA	NA	NA	NA	NA	NA	NA	NA	NA	NA	NA	NA	NA
ERR374780	I/R	NA	NA	NA	NA	NA	NA	NA	NA	NA	NA	NA	NA	NA	NA
ERR374782	I/R	NA	NA	NA	NA	NA	NA	NA	NA	NA	NA	NA	NA	NA	NA
ERR374783	I/R	NA	NA	NA	NA	NA	NA	NA	NA	NA	NA	NA	NA	NA	NA
ERR374784	I/R	NA	NA	NA	NA	NA	NA	NA	NA	NA	NA	NA	NA	NA	NA
ERR374785	S	NA	NA	NA	NA	NA	NA	NA	NA	NA	NA	NA	NA	NA	NA
ERR374786	I/R	NA	NA	NA	NA	NA	NA	NA	NA	NA	NA	NA	NA	NA	NA
ERR374787	I/R	NA	NA	NA	NA	NA	NA	NA	NA	NA	NA	NA	NA	NA	NA
ERR374789	I/R	NA	NA	NA	NA	NA	NA	NA	NA	NA	NA	NA	NA	NA	NA
ERR374791	I/R	NA	NA	NA	NA	NA	NA	NA	NA	NA	NA	NA	NA	NA	NA
ERR374792	I/R	NA	NA	NA	NA	NA	NA	NA	NA	NA	NA	NA	NA	NA	NA
ERR374793	I/R	NA	NA	NA	NA	NA	NA	NA	NA	NA	NA	NA	NA	NA	NA
ERR374794	I/R	NA	NA	NA	NA	NA	NA	NA	NA	NA	NA	NA	NA	NA	NA
ERR374796	I/R	NA	NA	NA	NA	NA	NA	NA	NA	NA	NA	NA	NA	NA	NA
ERR374797	I/R	NA	NA	NA	NA	NA	NA	NA	NA	NA	NA	NA	NA	NA	NA
ERR374798	I/R	NA	NA	NA	NA	NA	NA	NA	NA	NA	NA	NA	NA	NA	NA
ERR374799	NA	NA	NA	NA	NA	NA	NA	NA	NA	NA	NA	NA	NA	NA	NA
ERR374800	I/R	NA	NA	NA	NA	NA	NA	NA	NA	NA	NA	NA	NA	NA	NA
ERR374803	I/R	NA	NA	NA	NA	NA	NA	NA	NA	NA	NA	NA	NA	NA	NA
ERR374804	I/R	NA	NA	NA	NA	NA	NA	NA	NA	NA	NA	NA	NA	NA	NA
ERR374805	I/R	NA	NA	NA	NA	NA	NA	NA	NA	NA	NA	NA	NA	NA	NA
ERR374806	I/R	NA	NA	NA	NA	NA	NA	NA	NA	NA	NA	NA	NA	NA	NA
ERR374807	I/R	NA	NA	NA	NA	NA	NA	NA	NA	NA	NA	NA	NA	NA	NA
ERR374808	NA	NA	NA	NA	NA	NA	NA	NA	NA	NA	NA	NA	NA	NA	NA
ERR374809	I/R	NA	NA	NA	NA	NA	NA	NA	NA	NA	NA	NA	NA	NA	NA
ERR374810	I/R	NA	NA	NA	NA	NA	NA	NA	NA	NA	NA	NA	NA	NA	NA
ERR374811	I/R	NA	NA	NA	NA	NA	NA	NA	NA	NA	NA	NA	NA	NA	NA
ERR374812	I/R	NA	NA	NA	NA	NA	NA	NA	NA	NA	NA	NA	NA	NA	NA
ERR374813	I/R	NA	NA	NA	NA	NA	NA	NA	NA	NA	NA	NA	NA	NA	NA
ERR374814	I/R	NA	NA	NA	NA	NA	NA	NA	NA	NA	NA	NA	NA	NA	NA
ERR374815	I/R	NA	NA	NA	NA	NA	NA	NA	NA	NA	NA	NA	NA	NA	NA
ERR374816	I/R	NA	NA	NA	NA	NA	NA	NA	NA	NA	NA	NA	NA	NA	NA
ERR374820	I/R	NA	NA	NA	NA	NA	NA	NA	NA	NA	NA	NA	NA	NA	NA
ERR374821	I/R	NA	NA	NA	NA	NA	NA	NA	NA	NA	NA	NA	NA	NA	NA
ERR374823	I/R	NA	NA	NA	NA	NA	NA	NA	NA	NA	NA	NA	NA	NA	NA
ERR374824	I/R	NA	NA	NA	NA	NA	NA	NA	NA	NA	NA	NA	NA	NA	NA
ERR374826	I/R	NA	NA	NA	NA	NA	NA	NA	NA	NA	NA	NA	NA	NA	NA
ERR374827	I/R	NA	NA	NA	NA	NA	NA	NA	NA	NA	NA	NA	NA	NA	NA
ERR374828	I/R	NA	NA	NA	NA	NA	NA	NA	NA	NA	NA	NA	NA	NA	NA
ERR374829	I/R	NA	NA	NA	NA	NA	NA	NA	NA	NA	NA	NA	NA	NA	NA
ERR374830	I/R	NA	NA	NA	NA	NA	NA	NA	NA	NA	NA	NA	NA	NA	NA
ERR374831	I/R	NA	NA	NA	NA	NA	NA	NA	NA	NA	NA	NA	NA	NA	NA
ERR374832	I/R	NA	NA	NA	NA	NA	NA	NA	NA	NA	NA	NA	NA	NA	NA
ERR374833	I/R	NA	NA	NA	NA	NA	NA	NA	NA	NA	NA	NA	NA	NA	NA
ERR374834	I/R	NA	NA	NA	NA	NA	NA	NA	NA	NA	NA	NA	NA	NA	NA
ERR374835	I/R	NA	NA	NA	NA	NA	NA	NA	NA	NA	NA	NA	NA	NA	NA
ERR374836	I/R	NA	NA	NA	NA	NA	NA	NA	NA	NA	NA	NA	NA	NA	NA
ERR374837	I/R	NA	NA	NA	NA	NA	NA	NA	NA	NA	NA	NA	NA	NA	NA
ERR374838	I/R	NA	NA	NA	NA	NA	NA	NA	NA	NA	NA	NA	NA	NA	NA
ERR374840	I/R	NA	NA	NA	NA	NA	NA	NA	NA	NA	NA	NA	NA	NA	NA
ERR374842	I/R	NA	NA	NA	NA	NA	NA	NA	NA	NA	NA	NA	NA	NA	NA
ERR374843	I/R	NA	NA	NA	NA	NA	NA	NA	NA	NA	NA	NA	NA	NA	NA
ERR374844	I/R	NA	NA	NA	NA	NA	NA	NA	NA	NA	NA	NA	NA	NA	NA
ERR374845	I/R	NA	NA	NA	NA	NA	NA	NA	NA	NA	NA	NA	NA	NA	NA
ERR374847	I/R	NA	NA	NA	NA	NA	NA	NA	NA	NA	NA	NA	NA	NA	NA
ERR374848	I/R	NA	NA	NA	NA	NA	NA	NA	NA	NA	NA	NA	NA	NA	NA
ERR374849	I/R	NA	NA	NA	NA	NA	NA	NA	NA	NA	NA	NA	NA	NA	NA
ERR374850	I/R	NA	NA	NA	NA	NA	NA	NA	NA	NA	NA	NA	NA	NA	NA
ERR374851	I/R	NA	NA	NA	NA	NA	NA	NA	NA	NA	NA	NA	NA	NA	NA
ERR374854	I/R	NA	NA	NA	NA	NA	NA	NA	NA	NA	NA	NA	NA	NA	NA
ERR374855	I/R	NA	NA	NA	NA	NA	NA	NA	NA	NA	NA	NA	NA	NA	NA
ERR374856	I/R	NA	NA	NA	NA	NA	NA	NA	NA	NA	NA	NA	NA	NA	NA
ERR374857	I/R	NA	NA	NA	NA	NA	NA	NA	NA	NA	NA	NA	NA	NA	NA
ERR374859	I/R	NA	NA	NA	NA	NA	NA	NA	NA	NA	NA	NA	NA	NA	NA
ERR374860	I/R	NA	NA	NA	NA	NA	NA	NA	NA	NA	NA	NA	NA	NA	NA
ERR374861	I/R	NA	NA	NA	NA	NA	NA	NA	NA	NA	NA	NA	NA	NA	NA
ERR374863	I/R	NA	NA	NA	NA	NA	NA	NA	NA	NA	NA	NA	NA	NA	NA
ERR374864	I/R	NA	NA	NA	NA	NA	NA	NA	NA	NA	NA	NA	NA	NA	NA
ERR374865	I/R	NA	NA	NA	NA	NA	NA	NA	NA	NA	NA	NA	NA	NA	NA
ERR374866	I/R	NA	NA	NA	NA	NA	NA	NA	NA	NA	NA	NA	NA	NA	NA
ERR374867	I/R	NA	NA	NA	NA	NA	NA	NA	NA	NA	NA	NA	NA	NA	NA
ERR374868	I/R	NA	NA	NA	NA	NA	NA	NA	NA	NA	NA	NA	NA	NA	NA
ERR374870	I/R	NA	NA	NA	NA	NA	NA	NA	NA	NA	NA	NA	NA	NA	NA
ERR374871	I/R	NA	NA	NA	NA	NA	NA	NA	NA	NA	NA	NA	NA	NA	NA
ERR374872	S	NA	NA	NA	NA	NA	NA	NA	NA	NA	NA	NA	NA	NA	NA
ERR374873	I/R	NA	NA	NA	NA	NA	NA	NA	NA	NA	NA	NA	NA	NA	NA
ERR374875	I/R	NA	NA	NA	NA	NA	NA	NA	NA	NA	NA	NA	NA	NA	NA
ERR374876	I/R	NA	NA	NA	NA	NA	NA	NA	NA	NA	NA	NA	NA	NA	NA
ERR374877	I/R	NA	NA	NA	NA	NA	NA	NA	NA	NA	NA	NA	NA	NA	NA
ERR374879	I/R	NA	NA	NA	NA	NA	NA	NA	NA	NA	NA	NA	NA	NA	NA
ERR374880	I/R	NA	NA	NA	NA	NA	NA	NA	NA	NA	NA	NA	NA	NA	NA
ERR374881	I/R	NA	NA	NA	NA	NA	NA	NA	NA	NA	NA	NA	NA	NA	NA
ERR374882	I/R	NA	NA	NA	NA	NA	NA	NA	NA	NA	NA	NA	NA	NA	NA
ERR374883	I/R	NA	NA	NA	NA	NA	NA	NA	NA	NA	NA	NA	NA	NA	NA
ERR374884	NA	NA	NA	NA	NA	NA	NA	NA	NA	NA	NA	NA	NA	NA	NA
ERR374885	I/R	NA	NA	NA	NA	NA	NA	NA	NA	NA	NA	NA	NA	NA	NA
ERR374886	I/R	NA	NA	NA	NA	NA	NA	NA	NA	NA	NA	NA	NA	NA	NA
ERR374887	I/R	NA	NA	NA	NA	NA	NA	NA	NA	NA	NA	NA	NA	NA	NA
ERR374889	I/R	NA	NA	NA	NA	NA	NA	NA	NA	NA	NA	NA	NA	NA	NA
ERR374890	I/R	NA	NA	NA	NA	NA	NA	NA	NA	NA	NA	NA	NA	NA	NA
ERR374893	I/R	NA	NA	NA	NA	NA	NA	NA	NA	NA	NA	NA	NA	NA	NA
ERR374894	I/R	NA	NA	NA	NA	NA	NA	NA	NA	NA	NA	NA	NA	NA	NA
ERR374895	I/R	NA	NA	NA	NA	NA	NA	NA	NA	NA	NA	NA	NA	NA	NA
ERR374897	I/R	NA	NA	NA	NA	NA	NA	NA	NA	NA	NA	NA	NA	NA	NA
ERR374898	I/R	NA	NA	NA	NA	NA	NA	NA	NA	NA	NA	NA	NA	NA	NA
ERR374899	I/R	NA	NA	NA	NA	NA	NA	NA	NA	NA	NA	NA	NA	NA	NA
ERR374901	I/R	NA	NA	NA	NA	NA	NA	NA	NA	NA	NA	NA	NA	NA	NA
ERR374902	S	NA	NA	NA	NA	NA	NA	NA	NA	NA	NA	NA	NA	NA	NA
ERR374905	I/R	NA	NA	NA	NA	NA	NA	NA	NA	NA	NA	NA	NA	NA	NA
ERR374907	I/R	NA	NA	NA	NA	NA	NA	NA	NA	NA	NA	NA	NA	NA	NA
ERR374908	I/R	NA	NA	NA	NA	NA	NA	NA	NA	NA	NA	NA	NA	NA	NA
ERR374909	I/R	NA	NA	NA	NA	NA	NA	NA	NA	NA	NA	NA	NA	NA	NA
ERR374910	I/R	NA	NA	NA	NA	NA	NA	NA	NA	NA	NA	NA	NA	NA	NA
ERR374911	I/R	NA	NA	NA	NA	NA	NA	NA	NA	NA	NA	NA	NA	NA	NA
ERR374912	I/R	NA	NA	NA	NA	NA	NA	NA	NA	NA	NA	NA	NA	NA	NA
ERR374913	I/R	NA	NA	NA	NA	NA	NA	NA	NA	NA	NA	NA	NA	NA	NA
ERR374914	I/R	NA	NA	NA	NA	NA	NA	NA	NA	NA	NA	NA	NA	NA	NA
ERR374915	I/R	NA	NA	NA	NA	NA	NA	NA	NA	NA	NA	NA	NA	NA	NA
ERR374916	I/R	NA	NA	NA	NA	NA	NA	NA	NA	NA	NA	NA	NA	NA	NA
ERR374917	I/R	NA	NA	NA	NA	NA	NA	NA	NA	NA	NA	NA	NA	NA	NA
ERR374918	I/R	NA	NA	NA	NA	NA	NA	NA	NA	NA	NA	NA	NA	NA	NA
ERR374919	I/R	NA	NA	NA	NA	NA	NA	NA	NA	NA	NA	NA	NA	NA	NA
ERR374920	I/R	NA	NA	NA	NA	NA	NA	NA	NA	NA	NA	NA	NA	NA	NA
ERR374921	I/R	NA	NA	NA	NA	NA	NA	NA	NA	NA	NA	NA	NA	NA	NA
ERR374922	I/R	NA	NA	NA	NA	NA	NA	NA	NA	NA	NA	NA	NA	NA	NA
ERR374923	I/R	NA	NA	NA	NA	NA	NA	NA	NA	NA	NA	NA	NA	NA	NA
ERR374924	I/R	NA	NA	NA	NA	NA	NA	NA	NA	NA	NA	NA	NA	NA	NA
ERR374925	I/R	NA	NA	NA	NA	NA	NA	NA	NA	NA	NA	NA	NA	NA	NA
ERR374926	I/R	NA	NA	NA	NA	NA	NA	NA	NA	NA	NA	NA	NA	NA	NA
ERR374927	I/R	NA	NA	NA	NA	NA	NA	NA	NA	NA	NA	NA	NA	NA	NA
ERR374928	I/R	NA	NA	NA	NA	NA	NA	NA	NA	NA	NA	NA	NA	NA	NA
ERR374929	I/R	NA	NA	NA	NA	NA	NA	NA	NA	NA	NA	NA	NA	NA	NA
ERR374930	I/R	NA	NA	NA	NA	NA	NA	NA	NA	NA	NA	NA	NA	NA	NA
ERR374931	I/R	NA	NA	NA	NA	NA	NA	NA	NA	NA	NA	NA	NA	NA	NA
ERR374933	I/R	NA	NA	NA	NA	NA	NA	NA	NA	NA	NA	NA	NA	NA	NA
ERR374934	NA	NA	NA	NA	NA	NA	NA	NA	NA	NA	NA	NA	NA	NA	NA
ERR374936	I/R	NA	NA	NA	NA	NA	NA	NA	NA	NA	NA	NA	NA	NA	NA
ERR374937	I/R	NA	NA	NA	NA	NA	NA	NA	NA	NA	NA	NA	NA	NA	NA
ERR374938	I/R	NA	NA	NA	NA	NA	NA	NA	NA	NA	NA	NA	NA	NA	NA
ERR374939	I/R	NA	NA	NA	NA	NA	NA	NA	NA	NA	NA	NA	NA	NA	NA
ERR374940	I/R	NA	NA	NA	NA	NA	NA	NA	NA	NA	NA	NA	NA	NA	NA
ERR374941	I/R	NA	NA	NA	NA	NA	NA	NA	NA	NA	NA	NA	NA	NA	NA
ERR374942	I/R	NA	NA	NA	NA	NA	NA	NA	NA	NA	NA	NA	NA	NA	NA
ERR374943	I/R	NA	NA	NA	NA	NA	NA	NA	NA	NA	NA	NA	NA	NA	NA
ERR374944	I/R	NA	NA	NA	NA	NA	NA	NA	NA	NA	NA	NA	NA	NA	NA
ERR374945	I/R	NA	NA	NA	NA	NA	NA	NA	NA	NA	NA	NA	NA	NA	NA
ERR374947	I/R	NA	NA	NA	NA	NA	NA	NA	NA	NA	NA	NA	NA	NA	NA
ERR374949	I/R	NA	NA	NA	NA	NA	NA	NA	NA	NA	NA	NA	NA	NA	NA
ERR374950	NA	NA	NA	NA	NA	NA	NA	NA	NA	NA	NA	NA	NA	NA	NA
ERR374951	S	NA	NA	NA	NA	NA	NA	NA	NA	NA	NA	NA	NA	NA	NA
ERR374952	I/R	NA	NA	NA	NA	NA	NA	NA	NA	NA	NA	NA	NA	NA	NA
ERR374953	I/R	NA	NA	NA	NA	NA	NA	NA	NA	NA	NA	NA	NA	NA	NA
ERR374954	I/R	NA	NA	NA	NA	NA	NA	NA	NA	NA	NA	NA	NA	NA	NA
ERR374955	NA	NA	NA	NA	NA	NA	NA	NA	NA	NA	NA	NA	NA	NA	NA
ERR374956	S	NA	NA	NA	NA	NA	NA	NA	NA	NA	NA	NA	NA	NA	NA
ERR374957	I/R	NA	NA	NA	NA	NA	NA	NA	NA	NA	NA	NA	NA	NA	NA
ERR374958	I/R	NA	NA	NA	NA	NA	NA	NA	NA	NA	NA	NA	NA	NA	NA
ERR374959	I/R	NA	NA	NA	NA	NA	NA	NA	NA	NA	NA	NA	NA	NA	NA
ERR374961	NA	NA	NA	NA	NA	NA	NA	NA	NA	NA	NA	NA	NA	NA	NA
ERR374962	I/R	NA	NA	NA	NA	NA	NA	NA	NA	NA	NA	NA	NA	NA	NA
ERR374963	I/R	NA	NA	NA	NA	NA	NA	NA	NA	NA	NA	NA	NA	NA	NA
ERR374964	I/R	NA	NA	NA	NA	NA	NA	NA	NA	NA	NA	NA	NA	NA	NA
ERR374965	I/R	NA	NA	NA	NA	NA	NA	NA	NA	NA	NA	NA	NA	NA	NA
ERR374966	I/R	NA	NA	NA	NA	NA	NA	NA	NA	NA	NA	NA	NA	NA	NA
ERR374967	I/R	NA	NA	NA	NA	NA	NA	NA	NA	NA	NA	NA	NA	NA	NA
ERR374968	I/R	NA	NA	NA	NA	NA	NA	NA	NA	NA	NA	NA	NA	NA	NA
ERR374969	I/R	NA	NA	NA	NA	NA	NA	NA	NA	NA	NA	NA	NA	NA	NA
ERR374970	I/R	NA	NA	NA	NA	NA	NA	NA	NA	NA	NA	NA	NA	NA	NA
ERR374971	I/R	NA	NA	NA	NA	NA	NA	NA	NA	NA	NA	NA	NA	NA	NA
ERR374972	I/R	NA	NA	NA	NA	NA	NA	NA	NA	NA	NA	NA	NA	NA	NA
ERR374973	I/R	NA	NA	NA	NA	NA	NA	NA	NA	NA	NA	NA	NA	NA	NA
ERR374974	I/R	NA	NA	NA	NA	NA	NA	NA	NA	NA	NA	NA	NA	NA	NA
ERR374976	I/R	NA	NA	NA	NA	NA	NA	NA	NA	NA	NA	NA	NA	NA	NA
ERR374977	I/R	NA	NA	NA	NA	NA	NA	NA	NA	NA	NA	NA	NA	NA	NA
ERR374978	I/R	NA	NA	NA	NA	NA	NA	NA	NA	NA	NA	NA	NA	NA	NA
ERR374979	I/R	NA	NA	NA	NA	NA	NA	NA	NA	NA	NA	NA	NA	NA	NA
ERR374982	I/R	NA	NA	NA	NA	NA	NA	NA	NA	NA	NA	NA	NA	NA	NA
ERR374986	I/R	NA	NA	NA	NA	NA	NA	NA	NA	NA	NA	NA	NA	NA	NA
ERR374987	I/R	NA	NA	NA	NA	NA	NA	NA	NA	NA	NA	NA	NA	NA	NA
ERR374988	I/R	NA	NA	NA	NA	NA	NA	NA	NA	NA	NA	NA	NA	NA	NA
ERR374989	I/R	NA	NA	NA	NA	NA	NA	NA	NA	NA	NA	NA	NA	NA	NA
ERR374990	I/R	NA	NA	NA	NA	NA	NA	NA	NA	NA	NA	NA	NA	NA	NA
ERR374991	I/R	NA	NA	NA	NA	NA	NA	NA	NA	NA	NA	NA	NA	NA	NA
ERR374992	I/R	NA	NA	NA	NA	NA	NA	NA	NA	NA	NA	NA	NA	NA	NA
ERR374993	I/R	NA	NA	NA	NA	NA	NA	NA	NA	NA	NA	NA	NA	NA	NA
ERR374994	I/R	NA	NA	NA	NA	NA	NA	NA	NA	NA	NA	NA	NA	NA	NA
ERR374995	I/R	NA	NA	NA	NA	NA	NA	NA	NA	NA	NA	NA	NA	NA	NA
ERR374998	I/R	NA	NA	NA	NA	NA	NA	NA	NA	NA	NA	NA	NA	NA	NA
ERR375001	I/R	NA	NA	NA	NA	NA	NA	NA	NA	NA	NA	NA	NA	NA	NA
ERR375002	I/R	NA	NA	NA	NA	NA	NA	NA	NA	NA	NA	NA	NA	NA	NA
ERR375003	I/R	NA	NA	NA	NA	NA	NA	NA	NA	NA	NA	NA	NA	NA	NA
ERR375005	I/R	NA	NA	NA	NA	NA	NA	NA	NA	NA	NA	NA	NA	NA	NA
ERR375006	I/R	NA	NA	NA	NA	NA	NA	NA	NA	NA	NA	NA	NA	NA	NA
ERR375007	I/R	NA	NA	NA	NA	NA	NA	NA	NA	NA	NA	NA	NA	NA	NA
ERR375008	I/R	NA	NA	NA	NA	NA	NA	NA	NA	NA	NA	NA	NA	NA	NA
ERR375009	I/R	NA	NA	NA	NA	NA	NA	NA	NA	NA	NA	NA	NA	NA	NA
ERR375010	I/R	NA	NA	NA	NA	NA	NA	NA	NA	NA	NA	NA	NA	NA	NA
ERR375011	I/R	NA	NA	NA	NA	NA	NA	NA	NA	NA	NA	NA	NA	NA	NA
ERR375012	I/R	NA	NA	NA	NA	NA	NA	NA	NA	NA	NA	NA	NA	NA	NA
ERR375013	I/R	NA	NA	NA	NA	NA	NA	NA	NA	NA	NA	NA	NA	NA	NA
ERR375014	I/R	NA	NA	NA	NA	NA	NA	NA	NA	NA	NA	NA	NA	NA	NA
ERR375015	I/R	NA	NA	NA	NA	NA	NA	NA	NA	NA	NA	NA	NA	NA	NA
ERR375016	I/R	NA	NA	NA	NA	NA	NA	NA	NA	NA	NA	NA	NA	NA	NA
ERR375017	I/R	NA	NA	NA	NA	NA	NA	NA	NA	NA	NA	NA	NA	NA	NA
ERR375018	I/R	NA	NA	NA	NA	NA	NA	NA	NA	NA	NA	NA	NA	NA	NA
ERR375019	I/R	NA	NA	NA	NA	NA	NA	NA	NA	NA	NA	NA	NA	NA	NA
ERR375021	I/R	NA	NA	NA	NA	NA	NA	NA	NA	NA	NA	NA	NA	NA	NA
ERR375022	I/R	NA	NA	NA	NA	NA	NA	NA	NA	NA	NA	NA	NA	NA	NA
ERR375023	I/R	NA	NA	NA	NA	NA	NA	NA	NA	NA	NA	NA	NA	NA	NA
ERR375024	I/R	NA	NA	NA	NA	NA	NA	NA	NA	NA	NA	NA	NA	NA	NA
ERR375025	NA	NA	NA	NA	NA	NA	NA	NA	NA	NA	NA	NA	NA	NA	NA
ERR375026	I/R	NA	NA	NA	NA	NA	NA	NA	NA	NA	NA	NA	NA	NA	NA
ERR375027	I/R	NA	NA	NA	NA	NA	NA	NA	NA	NA	NA	NA	NA	NA	NA
ERR375028	I/R	NA	NA	NA	NA	NA	NA	NA	NA	NA	NA	NA	NA	NA	NA
ERR375029	I/R	NA	NA	NA	NA	NA	NA	NA	NA	NA	NA	NA	NA	NA	NA
ERR375030	I/R	NA	NA	NA	NA	NA	NA	NA	NA	NA	NA	NA	NA	NA	NA
ERR375031	I/R	NA	NA	NA	NA	NA	NA	NA	NA	NA	NA	NA	NA	NA	NA
ERR375032	I/R	NA	NA	NA	NA	NA	NA	NA	NA	NA	NA	NA	NA	NA	NA
ERR375033	I/R	NA	NA	NA	NA	NA	NA	NA	NA	NA	NA	NA	NA	NA	NA
ERR375035	I/R	NA	NA	NA	NA	NA	NA	NA	NA	NA	NA	NA	NA	NA	NA
ERR375036	NA	NA	NA	NA	NA	NA	NA	NA	NA	NA	NA	NA	NA	NA	NA
ERR375037	I/R	NA	NA	NA	NA	NA	NA	NA	NA	NA	NA	NA	NA	NA	NA
ERR375039	I/R	NA	NA	NA	NA	NA	NA	NA	NA	NA	NA	NA	NA	NA	NA
ERR375040	I/R	NA	NA	NA	NA	NA	NA	NA	NA	NA	NA	NA	NA	NA	NA
ERR375041	I/R	NA	NA	NA	NA	NA	NA	NA	NA	NA	NA	NA	NA	NA	NA
ERR375042	I/R	NA	NA	NA	NA	NA	NA	NA	NA	NA	NA	NA	NA	NA	NA
ERR375043	I/R	NA	NA	NA	NA	NA	NA	NA	NA	NA	NA	NA	NA	NA	NA
ERR375044	I/R	NA	NA	NA	NA	NA	NA	NA	NA	NA	NA	NA	NA	NA	NA
ERR375046	I/R	NA	NA	NA	NA	NA	NA	NA	NA	NA	NA	NA	NA	NA	NA
ERR375047	S	NA	NA	NA	NA	NA	NA	NA	NA	NA	NA	NA	NA	NA	NA
ERR375048	I/R	NA	NA	NA	NA	NA	NA	NA	NA	NA	NA	NA	NA	NA	NA
ERR375049	I/R	NA	NA	NA	NA	NA	NA	NA	NA	NA	NA	NA	NA	NA	NA
ERR375050	I/R	NA	NA	NA	NA	NA	NA	NA	NA	NA	NA	NA	NA	NA	NA
ERR375051	I/R	NA	NA	NA	NA	NA	NA	NA	NA	NA	NA	NA	NA	NA	NA
ERR375052	I/R	NA	NA	NA	NA	NA	NA	NA	NA	NA	NA	NA	NA	NA	NA
ERR375053	I/R	NA	NA	NA	NA	NA	NA	NA	NA	NA	NA	NA	NA	NA	NA
ERR375055	I/R	NA	NA	NA	NA	NA	NA	NA	NA	NA	NA	NA	NA	NA	NA
ERR375056	I/R	NA	NA	NA	NA	NA	NA	NA	NA	NA	NA	NA	NA	NA	NA
ERR375057	I/R	NA	NA	NA	NA	NA	NA	NA	NA	NA	NA	NA	NA	NA	NA
ERR375060	I/R	NA	NA	NA	NA	NA	NA	NA	NA	NA	NA	NA	NA	NA	NA
ERR375062	I/R	NA	NA	NA	NA	NA	NA	NA	NA	NA	NA	NA	NA	NA	NA
ERR375063	I/R	NA	NA	NA	NA	NA	NA	NA	NA	NA	NA	NA	NA	NA	NA
ERR375064	I/R	NA	NA	NA	NA	NA	NA	NA	NA	NA	NA	NA	NA	NA	NA
ERR375066	I/R	NA	NA	NA	NA	NA	NA	NA	NA	NA	NA	NA	NA	NA	NA
ERR375067	I/R	NA	NA	NA	NA	NA	NA	NA	NA	NA	NA	NA	NA	NA	NA
ERR375069	S	NA	NA	NA	NA	NA	NA	NA	NA	NA	NA	NA	NA	NA	NA
ERR375070	I/R	NA	NA	NA	NA	NA	NA	NA	NA	NA	NA	NA	NA	NA	NA
ERR375071	I/R	NA	NA	NA	NA	NA	NA	NA	NA	NA	NA	NA	NA	NA	NA
ERR375072	I/R	NA	NA	NA	NA	NA	NA	NA	NA	NA	NA	NA	NA	NA	NA
ERR375073	I/R	NA	NA	NA	NA	NA	NA	NA	NA	NA	NA	NA	NA	NA	NA
ERR375074	NA	NA	NA	NA	NA	NA	NA	NA	NA	NA	NA	NA	NA	NA	NA
ERR375075	I/R	NA	NA	NA	NA	NA	NA	NA	NA	NA	NA	NA	NA	NA	NA
ERR375076	I/R	NA	NA	NA	NA	NA	NA	NA	NA	NA	NA	NA	NA	NA	NA
ERR375077	I/R	NA	NA	NA	NA	NA	NA	NA	NA	NA	NA	NA	NA	NA	NA
ERR375078	I/R	NA	NA	NA	NA	NA	NA	NA	NA	NA	NA	NA	NA	NA	NA
ERR375079	I/R	NA	NA	NA	NA	NA	NA	NA	NA	NA	NA	NA	NA	NA	NA
ERR375080	NA	NA	NA	NA	NA	NA	NA	NA	NA	NA	NA	NA	NA	NA	NA
ERR375081	I/R	NA	NA	NA	NA	NA	NA	NA	NA	NA	NA	NA	NA	NA	NA
ERR375082	I/R	NA	NA	NA	NA	NA	NA	NA	NA	NA	NA	NA	NA	NA	NA
ERR375083	I/R	NA	NA	NA	NA	NA	NA	NA	NA	NA	NA	NA	NA	NA	NA
ERR375085	I/R	NA	NA	NA	NA	NA	NA	NA	NA	NA	NA	NA	NA	NA	NA
ERR375086	I/R	NA	NA	NA	NA	NA	NA	NA	NA	NA	NA	NA	NA	NA	NA
ERR375087	I/R	NA	NA	NA	NA	NA	NA	NA	NA	NA	NA	NA	NA	NA	NA
ERR375088	I/R	NA	NA	NA	NA	NA	NA	NA	NA	NA	NA	NA	NA	NA	NA
ERR375089	I/R	NA	NA	NA	NA	NA	NA	NA	NA	NA	NA	NA	NA	NA	NA
ERR375090	I/R	NA	NA	NA	NA	NA	NA	NA	NA	NA	NA	NA	NA	NA	NA
ERR375091	I/R	NA	NA	NA	NA	NA	NA	NA	NA	NA	NA	NA	NA	NA	NA
ERR375092	I/R	NA	NA	NA	NA	NA	NA	NA	NA	NA	NA	NA	NA	NA	NA
ERR375093	I/R	NA	NA	NA	NA	NA	NA	NA	NA	NA	NA	NA	NA	NA	NA
ERR375094	I/R	NA	NA	NA	NA	NA	NA	NA	NA	NA	NA	NA	NA	NA	NA
ERR375095	I/R	NA	NA	NA	NA	NA	NA	NA	NA	NA	NA	NA	NA	NA	NA
ERR375097	I/R	NA	NA	NA	NA	NA	NA	NA	NA	NA	NA	NA	NA	NA	NA
ERR375099	I/R	NA	NA	NA	NA	NA	NA	NA	NA	NA	NA	NA	NA	NA	NA
ERR375100	I/R	NA	NA	NA	NA	NA	NA	NA	NA	NA	NA	NA	NA	NA	NA
ERR375101	I/R	NA	NA	NA	NA	NA	NA	NA	NA	NA	NA	NA	NA	NA	NA
ERR375105	I/R	NA	NA	NA	NA	NA	NA	NA	NA	NA	NA	NA	NA	NA	NA
ERR375106	I/R	NA	NA	NA	NA	NA	NA	NA	NA	NA	NA	NA	NA	NA	NA
ERR375107	I/R	NA	NA	NA	NA	NA	NA	NA	NA	NA	NA	NA	NA	NA	NA
ERR375109	I/R	NA	NA	NA	NA	NA	NA	NA	NA	NA	NA	NA	NA	NA	NA
ERR375111	I/R	NA	NA	NA	NA	NA	NA	NA	NA	NA	NA	NA	NA	NA	NA
ERR375112	I/R	NA	NA	NA	NA	NA	NA	NA	NA	NA	NA	NA	NA	NA	NA
ERR375114	I/R	NA	NA	NA	NA	NA	NA	NA	NA	NA	NA	NA	NA	NA	NA
ERR375115	S	NA	NA	NA	NA	NA	NA	NA	NA	NA	NA	NA	NA	NA	NA
ERR375116	I/R	NA	NA	NA	NA	NA	NA	NA	NA	NA	NA	NA	NA	NA	NA
ERR375118	I/R	NA	NA	NA	NA	NA	NA	NA	NA	NA	NA	NA	NA	NA	NA
ERR375120	I/R	NA	NA	NA	NA	NA	NA	NA	NA	NA	NA	NA	NA	NA	NA
ERR375121	I/R	NA	NA	NA	NA	NA	NA	NA	NA	NA	NA	NA	NA	NA	NA
ERR375122	I/R	NA	NA	NA	NA	NA	NA	NA	NA	NA	NA	NA	NA	NA	NA
ERR375124	I/R	NA	NA	NA	NA	NA	NA	NA	NA	NA	NA	NA	NA	NA	NA
ERR375128	I/R	NA	NA	NA	NA	NA	NA	NA	NA	NA	NA	NA	NA	NA	NA
ERR375129	I/R	NA	NA	NA	NA	NA	NA	NA	NA	NA	NA	NA	NA	NA	NA
ERR375130	I/R	NA	NA	NA	NA	NA	NA	NA	NA	NA	NA	NA	NA	NA	NA
ERR375131	I/R	NA	NA	NA	NA	NA	NA	NA	NA	NA	NA	NA	NA	NA	NA
ERR375133	I/R	NA	NA	NA	NA	NA	NA	NA	NA	NA	NA	NA	NA	NA	NA
ERR375134	I/R	NA	NA	NA	NA	NA	NA	NA	NA	NA	NA	NA	NA	NA	NA
ERR375135	I/R	NA	NA	NA	NA	NA	NA	NA	NA	NA	NA	NA	NA	NA	NA
ERR375136	I/R	NA	NA	NA	NA	NA	NA	NA	NA	NA	NA	NA	NA	NA	NA
ERR375137	I/R	NA	NA	NA	NA	NA	NA	NA	NA	NA	NA	NA	NA	NA	NA
ERR375138	I/R	NA	NA	NA	NA	NA	NA	NA	NA	NA	NA	NA	NA	NA	NA
ERR375140	I/R	NA	NA	NA	NA	NA	NA	NA	NA	NA	NA	NA	NA	NA	NA
ERR375142	I/R	NA	NA	NA	NA	NA	NA	NA	NA	NA	NA	NA	NA	NA	NA
ERR375143	I/R	NA	NA	NA	NA	NA	NA	NA	NA	NA	NA	NA	NA	NA	NA
ERR375144	I/R	NA	NA	NA	NA	NA	NA	NA	NA	NA	NA	NA	NA	NA	NA
ERR375145	I/R	NA	NA	NA	NA	NA	NA	NA	NA	NA	NA	NA	NA	NA	NA
ERR375146	I/R	NA	NA	NA	NA	NA	NA	NA	NA	NA	NA	NA	NA	NA	NA
ERR375147	NA	NA	NA	NA	NA	NA	NA	NA	NA	NA	NA	NA	NA	NA	NA
ERR375148	I/R	NA	NA	NA	NA	NA	NA	NA	NA	NA	NA	NA	NA	NA	NA
ERR375149	I/R	NA	NA	NA	NA	NA	NA	NA	NA	NA	NA	NA	NA	NA	NA
ERR375150	S	NA	NA	NA	NA	NA	NA	NA	NA	NA	NA	NA	NA	NA	NA
ERR375151	NA	NA	NA	NA	NA	NA	NA	NA	NA	NA	NA	NA	NA	NA	NA
ERR375152	I/R	NA	NA	NA	NA	NA	NA	NA	NA	NA	NA	NA	NA	NA	NA
ERR375153	I/R	NA	NA	NA	NA	NA	NA	NA	NA	NA	NA	NA	NA	NA	NA
ERR375154	I/R	NA	NA	NA	NA	NA	NA	NA	NA	NA	NA	NA	NA	NA	NA
ERR375155	NA	NA	NA	NA	NA	NA	NA	NA	NA	NA	NA	NA	NA	NA	NA
ERR375156	I/R	NA	NA	NA	NA	NA	NA	NA	NA	NA	NA	NA	NA	NA	NA
ERR375157	I/R	NA	NA	NA	NA	NA	NA	NA	NA	NA	NA	NA	NA	NA	NA
ERR375158	I/R	NA	NA	NA	NA	NA	NA	NA	NA	NA	NA	NA	NA	NA	NA
ERR375160	I/R	NA	NA	NA	NA	NA	NA	NA	NA	NA	NA	NA	NA	NA	NA
ERR375161	I/R	NA	NA	NA	NA	NA	NA	NA	NA	NA	NA	NA	NA	NA	NA
ERR375162	I/R	NA	NA	NA	NA	NA	NA	NA	NA	NA	NA	NA	NA	NA	NA
ERR375163	I/R	NA	NA	NA	NA	NA	NA	NA	NA	NA	NA	NA	NA	NA	NA
ERR375164	I/R	NA	NA	NA	NA	NA	NA	NA	NA	NA	NA	NA	NA	NA	NA
ERR375165	I/R	NA	NA	NA	NA	NA	NA	NA	NA	NA	NA	NA	NA	NA	NA
ERR375167	I/R	NA	NA	NA	NA	NA	NA	NA	NA	NA	NA	NA	NA	NA	NA
ERR375168	I/R	NA	NA	NA	NA	NA	NA	NA	NA	NA	NA	NA	NA	NA	NA
ERR375169	I/R	NA	NA	NA	NA	NA	NA	NA	NA	NA	NA	NA	NA	NA	NA
ERR375170	I/R	NA	NA	NA	NA	NA	NA	NA	NA	NA	NA	NA	NA	NA	NA
ERR375172	I/R	NA	NA	NA	NA	NA	NA	NA	NA	NA	NA	NA	NA	NA	NA
ERR375173	I/R	NA	NA	NA	NA	NA	NA	NA	NA	NA	NA	NA	NA	NA	NA
ERR375174	I/R	NA	NA	NA	NA	NA	NA	NA	NA	NA	NA	NA	NA	NA	NA
ERR375176	S	NA	NA	NA	NA	NA	NA	NA	NA	NA	NA	NA	NA	NA	NA
ERR375177	I/R	NA	NA	NA	NA	NA	NA	NA	NA	NA	NA	NA	NA	NA	NA
ERR375178	I/R	NA	NA	NA	NA	NA	NA	NA	NA	NA	NA	NA	NA	NA	NA
ERR375179	I/R	NA	NA	NA	NA	NA	NA	NA	NA	NA	NA	NA	NA	NA	NA
ERR375182	I/R	NA	NA	NA	NA	NA	NA	NA	NA	NA	NA	NA	NA	NA	NA
ERR375183	I/R	NA	NA	NA	NA	NA	NA	NA	NA	NA	NA	NA	NA	NA	NA
ERR375187	I/R	NA	NA	NA	NA	NA	NA	NA	NA	NA	NA	NA	NA	NA	NA
ERR375188	I/R	NA	NA	NA	NA	NA	NA	NA	NA	NA	NA	NA	NA	NA	NA
ERR375189	S	NA	NA	NA	NA	NA	NA	NA	NA	NA	NA	NA	NA	NA	NA
ERR375192	I/R	NA	NA	NA	NA	NA	NA	NA	NA	NA	NA	NA	NA	NA	NA
ERR375193	I/R	NA	NA	NA	NA	NA	NA	NA	NA	NA	NA	NA	NA	NA	NA
ERR375194	I/R	NA	NA	NA	NA	NA	NA	NA	NA	NA	NA	NA	NA	NA	NA
ERR375195	I/R	NA	NA	NA	NA	NA	NA	NA	NA	NA	NA	NA	NA	NA	NA
ERR375199	NA	NA	NA	NA	NA	NA	NA	NA	NA	NA	NA	NA	NA	NA	NA
ERR375200	I/R	NA	NA	NA	NA	NA	NA	NA	NA	NA	NA	NA	NA	NA	NA
ERR375201	I/R	NA	NA	NA	NA	NA	NA	NA	NA	NA	NA	NA	NA	NA	NA
ERR375203	I/R	NA	NA	NA	NA	NA	NA	NA	NA	NA	NA	NA	NA	NA	NA
ERR375204	I/R	NA	NA	NA	NA	NA	NA	NA	NA	NA	NA	NA	NA	NA	NA
ERR375206	I/R	NA	NA	NA	NA	NA	NA	NA	NA	NA	NA	NA	NA	NA	NA
ERR375207	I/R	NA	NA	NA	NA	NA	NA	NA	NA	NA	NA	NA	NA	NA	NA
ERR375208	I/R	NA	NA	NA	NA	NA	NA	NA	NA	NA	NA	NA	NA	NA	NA
ERR375209	I/R	NA	NA	NA	NA	NA	NA	NA	NA	NA	NA	NA	NA	NA	NA
ERR375210	I/R	NA	NA	NA	NA	NA	NA	NA	NA	NA	NA	NA	NA	NA	NA
ERR375213	I/R	NA	NA	NA	NA	NA	NA	NA	NA	NA	NA	NA	NA	NA	NA
ERR375214	I/R	NA	NA	NA	NA	NA	NA	NA	NA	NA	NA	NA	NA	NA	NA
ERR375215	I/R	NA	NA	NA	NA	NA	NA	NA	NA	NA	NA	NA	NA	NA	NA
ERR375216	I/R	NA	NA	NA	NA	NA	NA	NA	NA	NA	NA	NA	NA	NA	NA
ERR375217	I/R	NA	NA	NA	NA	NA	NA	NA	NA	NA	NA	NA	NA	NA	NA
ERR375218	I/R	NA	NA	NA	NA	NA	NA	NA	NA	NA	NA	NA	NA	NA	NA
ERR375219	I/R	NA	NA	NA	NA	NA	NA	NA	NA	NA	NA	NA	NA	NA	NA
ERR375224	I/R	NA	NA	NA	NA	NA	NA	NA	NA	NA	NA	NA	NA	NA	NA
ERR375226	I/R	NA	NA	NA	NA	NA	NA	NA	NA	NA	NA	NA	NA	NA	NA
ERR375227	I/R	NA	NA	NA	NA	NA	NA	NA	NA	NA	NA	NA	NA	NA	NA
ERR375229	I/R	NA	NA	NA	NA	NA	NA	NA	NA	NA	NA	NA	NA	NA	NA
ERR375230	I/R	NA	NA	NA	NA	NA	NA	NA	NA	NA	NA	NA	NA	NA	NA
ERR375231	I/R	NA	NA	NA	NA	NA	NA	NA	NA	NA	NA	NA	NA	NA	NA
ERR375232	I/R	NA	NA	NA	NA	NA	NA	NA	NA	NA	NA	NA	NA	NA	NA
ERR375235	I/R	NA	NA	NA	NA	NA	NA	NA	NA	NA	NA	NA	NA	NA	NA
ERR375238	I/R	NA	NA	NA	NA	NA	NA	NA	NA	NA	NA	NA	NA	NA	NA
ERR375240	I/R	NA	NA	NA	NA	NA	NA	NA	NA	NA	NA	NA	NA	NA	NA
ERR375241	I/R	NA	NA	NA	NA	NA	NA	NA	NA	NA	NA	NA	NA	NA	NA
ERR375243	I/R	NA	NA	NA	NA	NA	NA	NA	NA	NA	NA	NA	NA	NA	NA
ERR375244	I/R	NA	NA	NA	NA	NA	NA	NA	NA	NA	NA	NA	NA	NA	NA
ERR375245	I/R	NA	NA	NA	NA	NA	NA	NA	NA	NA	NA	NA	NA	NA	NA
ERR375246	I/R	NA	NA	NA	NA	NA	NA	NA	NA	NA	NA	NA	NA	NA	NA
ERR375247	I/R	NA	NA	NA	NA	NA	NA	NA	NA	NA	NA	NA	NA	NA	NA
ERR375248	I/R	NA	NA	NA	NA	NA	NA	NA	NA	NA	NA	NA	NA	NA	NA
ERR375250	I/R	NA	NA	NA	NA	NA	NA	NA	NA	NA	NA	NA	NA	NA	NA
ERR375251	I/R	NA	NA	NA	NA	NA	NA	NA	NA	NA	NA	NA	NA	NA	NA
ERR375252	I/R	NA	NA	NA	NA	NA	NA	NA	NA	NA	NA	NA	NA	NA	NA
ERR375253	NA	NA	NA	NA	NA	NA	NA	NA	NA	NA	NA	NA	NA	NA	NA
ERR375254	I/R	NA	NA	NA	NA	NA	NA	NA	NA	NA	NA	NA	NA	NA	NA
ERR375255	I/R	NA	NA	NA	NA	NA	NA	NA	NA	NA	NA	NA	NA	NA	NA
ERR375256	I/R	NA	NA	NA	NA	NA	NA	NA	NA	NA	NA	NA	NA	NA	NA
ERR375257	I/R	NA	NA	NA	NA	NA	NA	NA	NA	NA	NA	NA	NA	NA	NA
ERR375258	I/R	NA	NA	NA	NA	NA	NA	NA	NA	NA	NA	NA	NA	NA	NA
ERR375260	I/R	NA	NA	NA	NA	NA	NA	NA	NA	NA	NA	NA	NA	NA	NA
ERR375264	I/R	NA	NA	NA	NA	NA	NA	NA	NA	NA	NA	NA	NA	NA	NA
ERR375265	I/R	NA	NA	NA	NA	NA	NA	NA	NA	NA	NA	NA	NA	NA	NA
ERR375266	I/R	NA	NA	NA	NA	NA	NA	NA	NA	NA	NA	NA	NA	NA	NA
ERR375268	I/R	NA	NA	NA	NA	NA	NA	NA	NA	NA	NA	NA	NA	NA	NA
ERR375270	I/R	NA	NA	NA	NA	NA	NA	NA	NA	NA	NA	NA	NA	NA	NA
ERR375271	NA	NA	NA	NA	NA	NA	NA	NA	NA	NA	NA	NA	NA	NA	NA
ERR375272	I/R	NA	NA	NA	NA	NA	NA	NA	NA	NA	NA	NA	NA	NA	NA
ERR375273	I/R	NA	NA	NA	NA	NA	NA	NA	NA	NA	NA	NA	NA	NA	NA
ERR375274	I/R	NA	NA	NA	NA	NA	NA	NA	NA	NA	NA	NA	NA	NA	NA
ERR375276	I/R	NA	NA	NA	NA	NA	NA	NA	NA	NA	NA	NA	NA	NA	NA
ERR375277	I/R	NA	NA	NA	NA	NA	NA	NA	NA	NA	NA	NA	NA	NA	NA
ERR375278	I/R	NA	NA	NA	NA	NA	NA	NA	NA	NA	NA	NA	NA	NA	NA
ERR375279	I/R	NA	NA	NA	NA	NA	NA	NA	NA	NA	NA	NA	NA	NA	NA
ERR375280	I/R	NA	NA	NA	NA	NA	NA	NA	NA	NA	NA	NA	NA	NA	NA
ERR375281	I/R	NA	NA	NA	NA	NA	NA	NA	NA	NA	NA	NA	NA	NA	NA
ERR375283	I/R	NA	NA	NA	NA	NA	NA	NA	NA	NA	NA	NA	NA	NA	NA
ERR375284	I/R	NA	NA	NA	NA	NA	NA	NA	NA	NA	NA	NA	NA	NA	NA
ERR375285	I/R	NA	NA	NA	NA	NA	NA	NA	NA	NA	NA	NA	NA	NA	NA
ERR375286	I/R	NA	NA	NA	NA	NA	NA	NA	NA	NA	NA	NA	NA	NA	NA
ERR375287	I/R	NA	NA	NA	NA	NA	NA	NA	NA	NA	NA	NA	NA	NA	NA
ERR375288	I/R	NA	NA	NA	NA	NA	NA	NA	NA	NA	NA	NA	NA	NA	NA
ERR388687	I/R	NA	NA	NA	NA	NA	NA	NA	NA	NA	NA	NA	NA	NA	NA
ERR388688	I/R	NA	NA	NA	NA	NA	NA	NA	NA	NA	NA	NA	NA	NA	NA
ERR388689	I/R	NA	NA	NA	NA	NA	NA	NA	NA	NA	NA	NA	NA	NA	NA
ERR388690	I/R	NA	NA	NA	NA	NA	NA	NA	NA	NA	NA	NA	NA	NA	NA
ERR388691	I/R	NA	NA	NA	NA	NA	NA	NA	NA	NA	NA	NA	NA	NA	NA
ERR388692	I/R	NA	NA	NA	NA	NA	NA	NA	NA	NA	NA	NA	NA	NA	NA
ERR388693	I/R	NA	NA	NA	NA	NA	NA	NA	NA	NA	NA	NA	NA	NA	NA
ERR388694	I/R	NA	NA	NA	NA	NA	NA	NA	NA	NA	NA	NA	NA	NA	NA
ERR388696	I/R	NA	NA	NA	NA	NA	NA	NA	NA	NA	NA	NA	NA	NA	NA
ERR1036024	S	NA	I/R	NA	NA	S	S	S	S	S	I/R	S	I/R	S	S
ERR1036025	I/R	NA	S	NA	NA	I/R	I/R	S	S	S	S	S	I/R	S	S
ERR1036026	I/R	NA	I/R	NA	NA	I/R	I/R	I/R	S	S	I/R	S	S	S	S
ERR1036027	I/R	NA	I/R	NA	NA	I/R	S	I/R	S	S	I/R	I/R	I/R	S	I/R
ERR1036028	I/R	NA	NA	NA	NA	I/R	I/R	I/R	S	S	I/R	I/R	I/R	S	I/R
ERR1036029	I/R	NA	S	NA	NA	I/R	I/R	I/R	S	S	S	I/R	I/R	S	I/R
ERR1036030	I/R	NA	I/R	NA	NA	I/R	S	I/R	S	S	I/R	I/R	I/R	S	I/R
ERR1036031	I/R	NA	I/R	NA	NA	I/R	S	S	S	S	S	I/R	I/R	S	I/R
ERR1036032	S	NA	I/R	NA	NA	I/R	S	S	S	S	S	S	S	S	S
ERR1036033	S	NA	S	NA	NA	I/R	S	S	S	S	S	S	S	S	S
ERR1036034	I/R	NA	S	NA	NA	I/R	S	S	S	S	S	S	S	S	S
ERR1036035	I/R	NA	I/R	NA	NA	I/R	I/R	I/R	S	I/R	I/R	I/R	I/R	S	I/R
ERR1036036	I/R	NA	I/R	NA	NA	I/R	I/R	I/R	S	I/R	I/R	I/R	I/R	S	I/R
ERR1036037	I/R	NA	I/R	NA	NA	I/R	I/R	I/R	S	I/R	S	I/R	I/R	S	I/R
ERR1036038	I/R	NA	I/R	NA	NA	I/R	S	I/R	S	I/R	I/R	I/R	I/R	S	I/R
ERR1036039	I/R	NA	I/R	NA	NA	I/R	I/R	I/R	S	S	S	I/R	I/R	S	I/R
ERR1036040	I/R	NA	I/R	NA	NA	I/R	I/R	I/R	S	I/R	I/R	I/R	I/R	S	I/R
ERR1036041	S	NA	S	NA	NA	S	S	S	S	S	S	S	S	S	S
ERR1036042	S	NA	I/R	NA	NA	I/R	S	S	S	S	S	S	S	S	S
ERR1036043	I/R	NA	I/R	NA	NA	I/R	I/R	I/R	S	I/R	I/R	I/R	I/R	S	I/R
ERR1036044	I/R	NA	I/R	NA	NA	I/R	S	I/R	S	S	I/R	S	I/R	S	S
ERR1036045	I/R	NA	I/R	NA	NA	I/R	I/R	I/R	S	S	I/R	S	I/R	S	S
ERR1036046	I/R	NA	I/R	NA	NA	I/R	I/R	I/R	S	S	S	I/R	I/R	S	I/R
ERR1036047	I/R	NA	I/R	NA	NA	I/R	S	I/R	S	I/R	I/R	I/R	I/R	S	I/R
ERR1036048	I/R	NA	I/R	NA	NA	I/R	S	I/R	S	I/R	I/R	I/R	I/R	S	I/R
ERR1036049	I/R	NA	I/R	NA	NA	I/R	I/R	I/R	S	I/R	I/R	I/R	I/R	S	I/R
ERR1036050	I/R	NA	I/R	NA	NA	I/R	I/R	I/R	S	I/R	I/R	I/R	I/R	S	I/R
ERR1036051	I/R	NA	I/R	NA	NA	S	I/R	I/R	S	S	S	I/R	I/R	S	I/R
ERR1036052	I/R	NA	S	NA	NA	I/R	I/R	I/R	S	S	S	I/R	I/R	S	I/R
ERR1036053	I/R	NA	I/R	NA	NA	I/R	I/R	I/R	S	I/R	S	I/R	S	S	I/R
ERR1036054	I/R	NA	I/R	NA	NA	S	I/R	I/R	S	S	S	I/R	I/R	S	I/R
ERR1036055	I/R	NA	I/R	NA	NA	I/R	S	I/R	S	I/R	I/R	I/R	I/R	S	I/R
ERR1036056	I/R	NA	S	NA	NA	I/R	S	S	S	S	S	I/R	S	S	I/R
ERR1036057	I/R	NA	I/R	NA	NA	I/R	S	I/R	S	S	I/R	S	I/R	S	S
ERR1036058	I/R	NA	S	NA	NA	I/R	I/R	I/R	S	S	S	I/R	I/R	S	I/R
ERR1036059	I/R	NA	I/R	NA	NA	I/R	I/R	I/R	S	S	S	S	I/R	NA	I/R
ERR1036060	I/R	NA	I/R	NA	NA	I/R	S	S	S	S	I/R	I/R	I/R	S	I/R
ERR1036061	I/R	NA	S	NA	NA	I/R	I/R	I/R	S	S	S	I/R	I/R	S	I/R
ERR1036062	I/R	NA	S	NA	NA	I/R	S	I/R	S	S	I/R	I/R	S	S	S
ERR1036063	I/R	NA	S	NA	NA	I/R	S	I/R	S	S	I/R	I/R	S	S	S
ERR1036064	I/R	NA	I/R	NA	NA	I/R	I/R	I/R	S	I/R	I/R	S	I/R	S	S
ERR1036065	I/R	NA	I/R	NA	NA	I/R	S	S	S	S	S	S	S	S	S
ERR1036066	I/R	NA	I/R	NA	NA	I/R	S	I/R	S	I/R	I/R	I/R	I/R	S	I/R
ERR1036067	I/R	NA	I/R	NA	NA	I/R	S	I/R	S	I/R	I/R	I/R	I/R	S	I/R
ERR1036068	I/R	NA	I/R	NA	NA	I/R	I/R	I/R	S	S	I/R	I/R	S	S	I/R
ERR1036069	I/R	NA	S	NA	NA	I/R	I/R	I/R	S	S	S	I/R	I/R	S	I/R
ERR1036070	I/R	NA	I/R	NA	NA	I/R	I/R	I/R	S	I/R	I/R	I/R	I/R	S	I/R
ERR1036071	I/R	NA	S	NA	NA	I/R	I/R	I/R	S	S	S	I/R	I/R	S	I/R
ERR1036072	I/R	NA	S	NA	NA	I/R	S	S	S	S	S	I/R	I/R	S	I/R
ERR1036073	I/R	NA	S	NA	NA	I/R	I/R	I/R	S	S	S	I/R	I/R	S	I/R
ERR1036074	I/R	NA	S	NA	NA	I/R	I/R	I/R	S	S	S	I/R	I/R	S	I/R
ERR1036075	S	NA	S	NA	NA	I/R	S	S	S	S	S	S	I/R	S	S
ERR1036076	I/R	NA	S	NA	NA	I/R	S	S	S	S	S	S	I/R	S	S
ERR1036077	I/R	NA	I/R	NA	NA	I/R	S	S	S	S	I/R	S	S	S	S
ERR1036078	I/R	NA	I/R	NA	NA	I/R	S	I/R	S	S	I/R	S	I/R	S	S
ERR1036079	S	NA	S	NA	NA	S	S	S	S	S	S	S	S	S	S
ERR1036080	I/R	NA	I/R	NA	NA	I/R	I/R	I/R	S	I/R	I/R	I/R	I/R	S	I/R
ERR1069044	I/R	NA	I/R	NA	NA	I/R	S	S	S	S	S	S	I/R	S	S
ERR1069045	S	NA	I/R	NA	NA	S	S	S	S	I/R	S	S	S	S	S
ERR1069046	I/R	NA	I/R	NA	NA	I/R	S	I/R	S	S	I/R	S	I/R	S	S
ERR1069047	S	NA	I/R	NA	NA	I/R	S	S	S	S	S	S	S	S	S
ERR1069048	S	NA	S	NA	NA	I/R	S	S	S	S	S	S	S	S	S
ERR1069049	I/R	NA	S	NA	NA	I/R	I/R	I/R	S	S	I/R	I/R	S	S	I/R
ERR1069050	I/R	NA	I/R	NA	NA	I/R	S	I/R	S	I/R	I/R	I/R	I/R	S	I/R
ERR1069051	I/R	NA	S	NA	NA	I/R	S	S	S	S	S	I/R	S	S	I/R
ERR1069052	I/R	NA	I/R	NA	NA	I/R	S	I/R	S	I/R	I/R	I/R	I/R	S	I/R
ERR1069053	I/R	NA	I/R	NA	NA	I/R	I/R	I/R	S	I/R	S	I/R	S	S	I/R
ERR1069054	I/R	NA	S	NA	NA	I/R	I/R	I/R	S	S	S	I/R	I/R	S	I/R
ERR369948	I/R	NA	NA	NA	NA	NA	NA	NA	NA	NA	NA	NA	NA	NA	NA
ERR369997	I/R	NA	NA	NA	NA	NA	NA	NA	NA	NA	NA	NA	NA	NA	NA
ERR375346	I/R	NA	NA	NA	NA	NA	NA	NA	NA	NA	NA	NA	NA	NA	NA
ERR375358	I/R	NA	NA	NA	NA	NA	NA	NA	NA	NA	NA	NA	NA	NA	NA
ERR375364	I/R	NA	NA	NA	NA	NA	NA	NA	NA	NA	NA	NA	NA	NA	NA
ERR375365	I/R	NA	NA	NA	NA	NA	NA	NA	NA	NA	NA	NA	NA	NA	NA
ERR375392	I/R	NA	NA	NA	NA	NA	NA	NA	NA	NA	NA	NA	NA	NA	NA
ERR375459	I/R	NA	NA	NA	NA	NA	NA	NA	NA	NA	NA	NA	NA	NA	NA
ERR375489	I/R	NA	NA	NA	NA	NA	NA	NA	NA	NA	NA	NA	NA	NA	NA
ERR375520	I/R	NA	NA	NA	NA	NA	NA	NA	NA	NA	NA	NA	NA	NA	NA
ERR375537	I/R	NA	NA	NA	NA	NA	NA	NA	NA	NA	NA	NA	NA	NA	NA
ERR377438	I/R	NA	NA	NA	NA	NA	NA	NA	NA	NA	NA	NA	NA	NA	NA
ERR377462	I/R	NA	NA	NA	NA	NA	NA	NA	NA	NA	NA	NA	NA	NA	NA
ERR377464	I/R	NA	NA	NA	NA	NA	NA	NA	NA	NA	NA	NA	NA	NA	NA
ERR388724	I/R	NA	NA	NA	NA	NA	NA	NA	NA	NA	NA	NA	NA	NA	NA
ERR984971	I/R	NA	I/R	NA	NA	I/R	S	S	S	S	S	S	I/R	S	S
ERR984972	I/R	NA	I/R	NA	NA	I/R	S	S	S	S	S	S	I/R	S	S
ERR984973	S	NA	I/R	NA	NA	I/R	S	I/R	S	I/R	I/R	S	I/R	S	S
ERR984974	I/R	NA	I/R	NA	NA	I/R	S	S	S	S	S	S	I/R	S	S
ERR984975	I/R	NA	I/R	NA	NA	I/R	S	S	S	I/R	S	S	I/R	S	S
ERR984976	S	NA	I/R	NA	NA	I/R	S	S	S	S	S	S	S	S	S
ERR984977	I/R	NA	I/R	NA	NA	I/R	S	I/R	S	S	I/R	S	I/R	S	S
ERR984978	I/R	NA	I/R	NA	NA	I/R	I/R	I/R	S	I/R	I/R	S	S	S	S
ERR984979	S	NA	I/R	NA	NA	S	S	S	S	S	S	S	I/R	S	S
ERR984980	I/R	NA	I/R	NA	NA	I/R	I/R	I/R	S	S	S	S	S	S	S
ERR984981	I/R	NA	I/R	NA	NA	I/R	I/R	I/R	S	I/R	I/R	S	I/R	S	S
ERR984982	I/R	NA	I/R	NA	NA	I/R	S	S	S	S	S	S	I/R	S	S
ERR984983	I/R	NA	I/R	NA	NA	I/R	S	I/R	S	I/R	I/R	S	I/R	S	S
ERR984984	I/R	NA	S	NA	NA	I/R	S	S	S	S	S	S	I/R	S	S
ERR984985	I/R	NA	I/R	NA	NA	I/R	I/R	I/R	S	I/R	I/R	S	I/R	S	S
ERR984986	I/R	NA	S	NA	NA	I/R	S	I/R	S	S	S	S	I/R	S	S
ERR984987	I/R	NA	S	NA	NA	I/R	I/R	S	S	S	S	S	I/R	S	S
ERR984988	S	NA	S	NA	NA	I/R	S	S	S	S	S	S	S	S	S
ERR984989	I/R	NA	I/R	NA	NA	I/R	I/R	I/R	S	I/R	S	S	I/R	S	S
ERR984990	I/R	NA	I/R	NA	NA	I/R	S	I/R	S	S	I/R	S	I/R	S	S
ERR984991	I/R	NA	I/R	NA	NA	I/R	I/R	I/R	S	I/R	I/R	S	I/R	S	S
ERR984992	S	NA	S	NA	NA	S	S	S	S	S	S	S	S	S	S
ERR984993	S	NA	S	NA	NA	I/R	S	S	S	S	S	S	I/R	S	S
ERR984994	S	NA	I/R	NA	NA	I/R	S	S	S	S	S	S	S	S	S
ERR984995	I/R	NA	I/R	NA	NA	I/R	S	S	S	S	S	S	S	S	S
ERR984996	I/R	NA	S	NA	NA	I/R	S	S	S	S	S	S	I/R	S	S
ERR984997	I/R	NA	S	NA	NA	I/R	I/R	I/R	S	S	S	S	I/R	S	S
ERR984998	I/R	NA	S	NA	NA	I/R	S	I/R	S	S	I/R	S	I/R	S	S
ERR984999	I/R	NA	I/R	NA	NA	I/R	I/R	I/R	S	S	I/R	S	I/R	S	S
ERR985000	I/R	NA	I/R	NA	NA	I/R	S	S	S	S	S	S	I/R	S	S
ERR985001	I/R	NA	S	NA	NA	I/R	I/R	I/R	S	S	S	S	I/R	S	S
ERR985002	I/R	NA	I/R	NA	NA	I/R	S	S	S	S	S	S	I/R	S	S
ERR985004	S	NA	S	NA	NA	I/R	S	S	S	S	S	S	S	S	S
ERR985005	I/R	NA	I/R	NA	NA	S	I/R	I/R	S	S	S	I/R	I/R	S	I/R
ERR985006	I/R	NA	I/R	NA	NA	I/R	S	S	S	S	S	S	S	S	S
ERR985007	I/R	NA	I/R	NA	NA	I/R	I/R	I/R	S	S	I/R	I/R	S	S	I/R
ERR985008	I/R	NA	I/R	NA	NA	I/R	I/R	I/R	S	S	I/R	I/R	I/R	S	I/R
ERR985009	I/R	NA	I/R	NA	NA	I/R	I/R	I/R	S	S	I/R	I/R	I/R	S	I/R
ERR985010	S	NA	S	NA	NA	I/R	S	S	S	S	S	S	S	S	S
ERR985011	I/R	NA	I/R	NA	NA	I/R	S	I/R	S	S	I/R	S	S	S	S
ERR985012	I/R	NA	I/R	NA	NA	I/R	I/R	S	S	I/R	S	S	I/R	S	S
ERR985013	I/R	NA	I/R	NA	NA	I/R	I/R	S	S	S	S	S	I/R	S	S
ERR985014	I/R	NA	I/R	NA	NA	I/R	S	I/R	S	I/R	I/R	I/R	I/R	S	I/R
ERR985015	I/R	NA	I/R	NA	NA	I/R	I/R	I/R	S	S	S	I/R	I/R	S	I/R
ERR985016	I/R	NA	I/R	NA	NA	I/R	S	I/R	S	I/R	I/R	I/R	I/R	S	I/R
ERR985017	I/R	NA	I/R	NA	NA	I/R	I/R	I/R	S	S	I/R	I/R	I/R	S	I/R
ERR985018	I/R	NA	I/R	NA	NA	I/R	I/R	I/R	S	S	I/R	I/R	I/R	S	I/R
ERR985019	I/R	NA	I/R	NA	NA	I/R	I/R	I/R	S	S	I/R	I/R	I/R	S	I/R
ERR985020	I/R	NA	I/R	NA	NA	S	I/R	I/R	S	I/R	S	I/R	I/R	S	I/R
ERR985021	I/R	NA	I/R	NA	NA	I/R	S	I/R	S	I/R	I/R	S	I/R	S	I/R
ERR985022	I/R	NA	I/R	NA	NA	I/R	I/R	I/R	S	S	S	S	I/R	S	I/R
ERR985023	I/R	NA	I/R	NA	NA	I/R	I/R	I/R	S	S	S	I/R	I/R	S	I/R
ERR985024	I/R	NA	I/R	NA	NA	I/R	S	S	S	S	S	I/R	I/R	S	I/R
ERR985025	I/R	NA	I/R	NA	NA	I/R	S	I/R	S	I/R	I/R	I/R	I/R	S	I/R
ERR985026	I/R	NA	S	NA	NA	I/R	I/R	I/R	S	S	S	I/R	I/R	S	I/R
ERR985027	I/R	NA	I/R	NA	NA	S	I/R	I/R	S	S	S	I/R	I/R	S	I/R
ERR985028	I/R	NA	I/R	NA	NA	I/R	S	I/R	S	I/R	I/R	I/R	I/R	S	I/R
ERR985029	I/R	NA	I/R	NA	NA	I/R	S	I/R	S	I/R	I/R	I/R	I/R	S	I/R
ERR985030	I/R	NA	I/R	NA	NA	I/R	S	I/R	S	I/R	I/R	I/R	I/R	S	I/R
ERR985031	I/R	NA	I/R	NA	NA	I/R	S	I/R	S	I/R	I/R	I/R	I/R	S	I/R
ERR985032	I/R	NA	I/R	NA	NA	I/R	S	I/R	S	I/R	I/R	I/R	I/R	S	I/R
ERR985033	I/R	NA	I/R	NA	NA	I/R	I/R	I/R	S	I/R	I/R	I/R	I/R	S	I/R
ERR985034	I/R	NA	S	NA	NA	I/R	I/R	I/R	S	S	S	S	I/R	S	S
ERR985035	I/R	NA	S	NA	NA	I/R	I/R	I/R	S	S	S	I/R	I/R	S	I/R
ERR985036	I/R	NA	S	NA	NA	I/R	I/R	I/R	S	S	S	I/R	I/R	S	I/R
ERR985037	I/R	NA	S	NA	NA	I/R	I/R	I/R	S	S	S	I/R	I/R	S	I/R
ERR985038	I/R	NA	S	NA	NA	I/R	I/R	I/R	S	S	S	I/R	I/R	S	I/R
ERR985039	I/R	NA	I/R	NA	NA	I/R	I/R	I/R	S	I/R	S	I/R	S	S	I/R
ERR985040	I/R	NA	I/R	NA	NA	I/R	I/R	I/R	S	I/R	I/R	I/R	I/R	S	I/R
ERR985041	I/R	NA	S	NA	NA	I/R	I/R	I/R	S	S	S	I/R	I/R	S	I/R
ERR985042	I/R	NA	S	NA	NA	I/R	I/R	I/R	S	S	S	I/R	I/R	S	I/R
ERR985043	I/R	NA	I/R	NA	NA	I/R	S	I/R	S	S	S	I/R	I/R	S	I/R
ERR985044	I/R	NA	I/R	NA	NA	I/R	I/R	S	S	S	S	I/R	S	S	I/R
ERR985045	I/R	NA	I/R	NA	NA	I/R	S	S	S	S	I/R	I/R	I/R	S	I/R
ERR985046	I/R	NA	I/R	NA	NA	I/R	I/R	I/R	S	I/R	S	I/R	S	S	I/R
ERR985047	I/R	NA	I/R	NA	NA	I/R	S	S	S	S	S	I/R	I/R	S	I/R
ERR985048	I/R	NA	I/R	NA	NA	I/R	I/R	I/R	S	S	S	I/R	S	S	I/R
ERR985049	I/R	NA	I/R	NA	NA	I/R	I/R	I/R	S	I/R	I/R	I/R	I/R	S	I/R
ERR985050	I/R	NA	I/R	NA	NA	I/R	I/R	S	S	S	S	I/R	S	S	I/R
ERR985051	I/R	NA	I/R	NA	NA	I/R	S	I/R	S	S	S	I/R	I/R	S	I/R
ERR985052	I/R	NA	I/R	NA	NA	I/R	I/R	I/R	S	I/R	I/R	I/R	I/R	S	I/R
ERR985053	I/R	NA	I/R	NA	NA	I/R	I/R	I/R	S	I/R	I/R	I/R	I/R	S	I/R
ERR985054	I/R	NA	I/R	NA	NA	I/R	I/R	I/R	S	I/R	I/R	I/R	I/R	S	I/R
ERR985055	I/R	NA	I/R	NA	NA	I/R	I/R	I/R	S	I/R	I/R	S	I/R	S	I/R
ERR985056	I/R	NA	I/R	NA	NA	I/R	I/R	I/R	S	I/R	I/R	S	I/R	S	I/R
ERR985057	I/R	NA	I/R	NA	NA	I/R	I/R	I/R	S	I/R	I/R	I/R	I/R	S	I/R
ERR985058	I/R	NA	I/R	NA	NA	I/R	I/R	I/R	S	I/R	I/R	I/R	I/R	S	I/R
ERR985059	I/R	NA	I/R	NA	NA	I/R	I/R	I/R	S	I/R	I/R	I/R	I/R	S	I/R
ERR985060	I/R	NA	I/R	NA	NA	I/R	S	S	S	S	S	I/R	I/R	S	I/R
ERR985061	I/R	NA	I/R	NA	NA	I/R	I/R	I/R	S	I/R	I/R	I/R	I/R	S	I/R
ERR985062	I/R	NA	I/R	NA	NA	I/R	I/R	I/R	S	I/R	I/R	I/R	I/R	S	I/R
ERR985063	I/R	NA	I/R	NA	NA	I/R	I/R	I/R	S	I/R	I/R	I/R	I/R	S	I/R
ERR985064	I/R	NA	S	NA	NA	I/R	I/R	I/R	S	S	S	I/R	I/R	S	I/R
ERR985065	I/R	NA	I/R	NA	NA	I/R	I/R	I/R	S	S	S	I/R	I/R	S	I/R
ERR985066	I/R	NA	I/R	NA	NA	I/R	I/R	I/R	S	I/R	I/R	I/R	I/R	S	I/R
ERR985067	I/R	NA	S	NA	NA	I/R	I/R	I/R	S	S	S	I/R	I/R	S	I/R
ERR985068	I/R	NA	S	NA	NA	I/R	I/R	I/R	S	S	S	I/R	I/R	S	I/R
ERR985069	I/R	NA	I/R	NA	NA	I/R	I/R	I/R	S	I/R	I/R	I/R	I/R	S	I/R
ERR985070	I/R	NA	I/R	NA	NA	I/R	I/R	I/R	S	I/R	I/R	I/R	I/R	S	I/R
ERR985071	I/R	NA	I/R	NA	NA	I/R	I/R	I/R	S	I/R	I/R	I/R	I/R	S	I/R
ERR985072	I/R	NA	I/R	NA	NA	I/R	S	S	S	S	S	I/R	I/R	S	I/R
ERR985073	S	NA	I/R	NA	NA	I/R	S	I/R	S	S	I/R	I/R	S	S	I/R
ERR985074	I/R	NA	I/R	NA	NA	I/R	S	I/R	S	S	I/R	I/R	I/R	S	I/R
ERR985075	I/R	NA	I/R	NA	NA	I/R	S	I/R	S	S	I/R	I/R	S	S	I/R
ERR985076	S	NA	I/R	NA	NA	I/R	S	I/R	S	S	I/R	I/R	S	S	I/R
ERR985077	S	NA	S	NA	NA	I/R	S	S	S	S	S	S	S	S	S
ERR985078	I/R	NA	I/R	NA	NA	I/R	I/R	I/R	S	S	S	S	I/R	S	I/R
ERR985079	I/R	NA	I/R	NA	NA	I/R	I/R	I/R	S	I/R	I/R	I/R	I/R	S	I/R
ERR985080	I/R	NA	S	NA	NA	I/R	I/R	S	S	S	S	I/R	I/R	S	I/R
ERR985081	I/R	NA	I/R	NA	NA	I/R	I/R	I/R	S	S	S	I/R	S	S	I/R
ERR985082	I/R	NA	I/R	NA	NA	I/R	I/R	I/R	S	I/R	I/R	I/R	I/R	S	I/R
ERR985083	I/R	NA	I/R	NA	NA	I/R	I/R	I/R	S	I/R	I/R	S	I/R	S	I/R
ERR985084	I/R	NA	S	NA	NA	I/R	I/R	I/R	S	S	S	I/R	I/R	S	I/R
ERR985085	I/R	NA	I/R	NA	NA	I/R	I/R	I/R	S	S	S	S	I/R	S	S
ERR985086	S	NA	S	NA	NA	S	S	S	S	S	S	S	S	S	S
ERR985087	S	NA	S	NA	NA	I/R	S	S	S	S	S	S	S	S	S
ERR985088	I/R	NA	S	NA	NA	I/R	I/R	I/R	S	S	I/R	I/R	S	S	I/R
ERR985089	I/R	NA	I/R	NA	NA	I/R	S	I/R	S	S	I/R	S	I/R	S	S
ERR985090	I/R	NA	S	NA	NA	I/R	S	S	S	S	S	S	S	S	S
ERR985091	I/R	NA	I/R	NA	NA	I/R	I/R	I/R	S	I/R	I/R	I/R	I/R	S	I/R
ERR985092	S	NA	S	NA	NA	I/R	S	S	S	S	S	S	S	S	S
ERR985093	I/R	NA	I/R	NA	NA	I/R	S	I/R	S	I/R	I/R	I/R	I/R	S	I/R
ERR985094	I/R	NA	S	NA	NA	I/R	I/R	I/R	S	S	S	I/R	S	S	I/R
ERR985095	S	NA	S	NA	NA	I/R	S	S	S	S	S	S	I/R	S	S
ERR985096	S	NA	S	NA	NA	I/R	S	S	S	S	S	S	S	S	S
ERR985097	I/R	NA	I/R	NA	NA	I/R	S	I/R	S	I/R	I/R	I/R	S	S	I/R
ERR985098	I/R	NA	S	NA	NA	I/R	I/R	I/R	S	S	I/R	S	I/R	S	I/R
ERR985099	I/R	NA	I/R	NA	NA	I/R	I/R	I/R	S	I/R	I/R	S	I/R	S	I/R
ERR985100	I/R	NA	I/R	NA	NA	I/R	I/R	I/R	S	I/R	I/R	I/R	I/R	S	I/R
ERR985102	I/R	NA	I/R	NA	NA	I/R	I/R	S	S	S	S	I/R	I/R	S	I/R
ERR985103	I/R	NA	I/R	NA	NA	I/R	S	S	S	S	S	I/R	I/R	S	I/R
ERR985104	S	NA	S	NA	NA	I/R	S	S	S	S	S	S	S	S	S
ERR985105	S	NA	S	NA	NA	S	S	S	S	S	S	S	I/R	S	S
ERR985106	S	NA	S	NA	NA	I/R	S	S	S	S	S	S	S	S	S
ERR985107	I/R	NA	I/R	NA	NA	I/R	I/R	I/R	S	I/R	I/R	S	I/R	S	S
ERR985108	I/R	NA	I/R	NA	NA	I/R	S	S	S	S	S	S	I/R	S	S
ERR985109	I/R	NA	I/R	NA	NA	I/R	I/R	I/R	S	S	S	I/R	I/R	S	I/R
ERR985110	I/R	NA	S	NA	NA	I/R	I/R	I/R	S	S	S	I/R	I/R	S	I/R
ERR985111	I/R	NA	I/R	NA	NA	I/R	I/R	I/R	I/R	S	S	I/R	I/R	S	I/R
ERR985112	I/R	NA	I/R	NA	NA	I/R	I/R	I/R	S	I/R	I/R	I/R	I/R	S	I/R
ERR985113	I/R	NA	S	NA	NA	I/R	I/R	I/R	S	S	S	I/R	I/R	S	I/R
ERR985114	S	NA	S	NA	NA	S	S	S	S	S	S	S	S	S	S
ERR985115	S	NA	I/R	NA	NA	I/R	S	S	S	S	S	S	S	S	S
ERR985116	I/R	NA	I/R	NA	NA	I/R	I/R	I/R	S	I/R	I/R	S	I/R	S	S
ERR985117	I/R	NA	S	NA	NA	I/R	I/R	S	S	S	S	S	I/R	S	S
ERR985118	I/R	NA	I/R	NA	NA	I/R	I/R	I/R	S	I/R	I/R	S	I/R	S	S
ERR985119	I/R	NA	I/R	NA	NA	I/R	S	I/R	S	I/R	I/R	I/R	I/R	S	I/R
ERR985120	I/R	NA	S	NA	NA	I/R	I/R	I/R	S	S	S	I/R	I/R	S	I/R
ERR985121	I/R	NA	S	NA	NA	I/R	I/R	I/R	S	S	S	I/R	I/R	S	I/R
ERR985122	I/R	NA	I/R	NA	NA	I/R	I/R	I/R	S	S	S	I/R	I/R	S	I/R
ERR985123	I/R	NA	S	NA	NA	I/R	I/R	S	S	S	S	I/R	I/R	S	I/R
ERR985124	S	NA	S	NA	NA	I/R	S	S	S	S	S	S	S	S	S
ERR985125	S	NA	I/R	NA	NA	I/R	S	S	S	S	S	S	S	S	S
ERR985126	I/R	NA	I/R	NA	NA	I/R	S	S	S	S	S	S	I/R	S	S
ERR985127	I/R	NA	I/R	NA	NA	I/R	S	I/R	S	I/R	I/R	S	S	S	S
ERR985128	I/R	NA	S	NA	NA	I/R	I/R	I/R	S	S	S	I/R	I/R	S	I/R
ERR985129	I/R	NA	I/R	NA	NA	I/R	I/R	I/R	S	I/R	I/R	S	I/R	S	S
ERR985130	I/R	NA	I/R	NA	NA	I/R	I/R	I/R	S	S	S	I/R	I/R	S	I/R
ERR985131	I/R	NA	I/R	NA	NA	I/R	I/R	I/R	S	S	S	I/R	I/R	S	I/R
ERR985132	I/R	NA	S	NA	NA	I/R	I/R	I/R	S	S	S	I/R	I/R	S	I/R
ERR985133	I/R	NA	I/R	NA	NA	I/R	S	I/R	S	S	I/R	I/R	I/R	S	I/R
ERR985134	S	NA	I/R	NA	NA	S	S	S	S	S	S	S	S	S	S
ERR985135	S	NA	S	NA	NA	I/R	S	S	S	S	S	S	S	S	S
ERR987499	I/R	NA	I/R	NA	NA	I/R	S	S	S	S	S	S	I/R	S	S
ERR987500	S	NA	I/R	NA	NA	I/R	S	S	S	S	S	S	S	S	S
ERR987501	S	NA	S	NA	NA	I/R	S	S	S	S	S	S	S	S	S
ERR987502	S	NA	S	NA	NA	I/R	S	S	S	S	S	S	S	S	S
ERR987503	S	NA	S	NA	NA	I/R	S	S	S	S	S	S	S	S	S
ERR987504	S	NA	S	NA	NA	I/R	S	I/R	S	S	S	S	I/R	S	S
ERR987505	S	NA	S	NA	NA	I/R	S	S	S	S	S	S	S	S	S
ERR987506	S	NA	I/R	NA	NA	S	S	S	S	S	S	S	I/R	S	S
ERR987507	I/R	NA	I/R	NA	NA	I/R	I/R	I/R	S	S	I/R	I/R	S	S	I/R
ERR987508	I/R	NA	I/R	NA	NA	I/R	I/R	S	S	S	I/R	I/R	I/R	S	I/R
ERR987509	I/R	NA	S	NA	NA	I/R	I/R	I/R	S	S	S	I/R	I/R	S	I/R
ERR987510	I/R	NA	I/R	NA	NA	I/R	I/R	S	S	S	I/R	I/R	I/R	S	I/R
ERR987511	I/R	NA	I/R	NA	NA	I/R	I/R	I/R	S	S	I/R	I/R	I/R	S	I/R
ERR987512	I/R	NA	I/R	NA	NA	I/R	I/R	I/R	S	S	I/R	I/R	S	S	I/R
ERR987513	S	NA	I/R	NA	NA	I/R	S	S	S	S	S	S	S	S	S
ERR987514	I/R	NA	I/R	NA	NA	I/R	I/R	I/R	S	S	S	I/R	I/R	S	I/R
ERR987515	I/R	NA	I/R	NA	NA	I/R	I/R	I/R	S	S	S	S	I/R	S	S
ERR987516	I/R	NA	S	NA	NA	I/R	I/R	I/R	S	S	S	I/R	I/R	S	I/R
ERR987517	S	NA	S	NA	NA	I/R	S	S	S	S	S	S	S	S	S
ERR987518	S	NA	I/R	NA	NA	S	S	S	S	S	S	S	S	S	S
ERR987519	I/R	NA	S	NA	NA	I/R	S	S	S	S	S	I/R	I/R	S	I/R
ERR987520	I/R	NA	S	NA	NA	I/R	S	I/R	S	S	I/R	S	I/R	S	S
ERR987521	I/R	NA	I/R	NA	NA	I/R	I/R	I/R	S	S	I/R	S	I/R	S	S
ERR987522	S	NA	S	NA	NA	I/R	S	S	S	S	S	S	I/R	S	S
ERR987523	I/R	NA	I/R	NA	NA	I/R	I/R	I/R	S	S	S	I/R	I/R	S	I/R
ERR987524	I/R	NA	I/R	NA	NA	I/R	I/R	S	S	S	S	I/R	I/R	S	I/R
ERR987525	S	NA	I/R	NA	NA	I/R	S	S	S	S	S	S	S	S	S
ERR987526	I/R	NA	I/R	NA	NA	I/R	I/R	S	S	S	I/R	I/R	I/R	S	I/R
ERR987527	I/R	NA	I/R	NA	NA	I/R	S	I/R	S	S	I/R	S	I/R	S	S
ERR987528	I/R	NA	I/R	NA	NA	I/R	S	S	S	S	S	I/R	I/R	S	I/R
ERR987530	I/R	NA	I/R	NA	NA	I/R	I/R	S	S	S	S	I/R	I/R	S	I/R
ERR987531	S	NA	S	NA	NA	I/R	S	S	S	S	S	S	S	S	S
ERR987532	S	NA	S	NA	NA	I/R	S	S	S	S	S	S	S	S	S
ERR987533	S	NA	S	NA	NA	I/R	S	S	S	S	S	S	S	S	S
ERR987534	S	NA	S	NA	NA	S	S	S	S	S	S	S	S	S	S
ERR987535	S	NA	S	NA	NA	S	S	S	S	S	S	S	S	S	S
ERR987536	I/R	NA	I/R	NA	NA	I/R	S	S	S	S	S	S	I/R	S	S
ERR987537	I/R	NA	I/R	NA	NA	I/R	S	S	S	S	S	S	I/R	S	I/R
ERR987538	I/R	NA	I/R	NA	NA	I/R	S	S	S	S	S	S	I/R	S	I/R
ERR987539	I/R	NA	S	NA	NA	I/R	I/R	S	S	S	S	I/R	I/R	S	I/R
ERR987540	I/R	NA	I/R	NA	NA	I/R	S	I/R	S	S	I/R	I/R	I/R	S	I/R
ERR987541	I/R	NA	S	NA	NA	I/R	I/R	I/R	S	S	S	I/R	I/R	S	I/R
ERR987542	I/R	NA	S	NA	NA	I/R	I/R	I/R	S	S	S	I/R	I/R	S	I/R
ERR987543	I/R	NA	I/R	NA	NA	I/R	I/R	I/R	S	S	S	I/R	I/R	S	I/R
ERR987544	I/R	NA	S	NA	NA	I/R	I/R	I/R	S	S	S	I/R	I/R	S	I/R
ERR987545	I/R	NA	I/R	NA	NA	I/R	I/R	I/R	S	S	S	S	S	S	S
ERR987546	I/R	NA	S	NA	NA	I/R	I/R	I/R	S	S	S	I/R	I/R	S	I/R
ERR987547	I/R	NA	S	NA	NA	I/R	S	S	S	S	S	S	I/R	S	S
ERR987548	I/R	NA	I/R	NA	NA	I/R	I/R	S	S	S	S	I/R	I/R	S	I/R
ERR987549	I/R	NA	I/R	NA	NA	I/R	I/R	S	S	S	S	I/R	I/R	S	I/R
ERR987550	I/R	NA	I/R	NA	NA	I/R	I/R	I/R	S	S	S	I/R	I/R	S	I/R
ERR987551	I/R	NA	S	NA	NA	I/R	I/R	I/R	S	S	S	I/R	I/R	S	I/R
ERR987552	S	NA	S	NA	NA	S	S	S	S	S	S	S	S	S	S
ERR987553	I/R	NA	I/R	NA	NA	I/R	I/R	I/R	S	I/R	I/R	S	S	S	S
ERR987554	S	NA	S	NA	NA	S	S	S	S	S	S	S	S	S	S
ERR987555	S	NA	S	NA	NA	I/R	S	S	S	S	S	S	S	S	S
ERR987556	I/R	NA	I/R	NA	NA	I/R	I/R	I/R	S	S	S	I/R	I/R	S	I/R
ERR987557	I/R	NA	I/R	NA	NA	I/R	I/R	I/R	S	S	S	I/R	I/R	S	I/R
ERR987558	S	NA	S	NA	NA	I/R	S	S	S	S	S	S	S	S	S
ERR987560	S	NA	S	NA	NA	S	S	S	S	S	S	S	S	S	S
ERR987561	S	NA	S	NA	NA	I/R	S	S	S	S	S	S	I/R	S	S
ERR987562	I/R	NA	I/R	NA	NA	I/R	S	I/R	S	S	I/R	S	I/R	S	S
ERR987563	I/R	NA	I/R	NA	NA	I/R	S	S	S	I/R	S	S	I/R	S	I/R
ERR987564	I/R	NA	S	NA	NA	I/R	I/R	I/R	S	S	S	I/R	S	S	I/R
ERR987565	I/R	NA	I/R	NA	NA	I/R	S	I/R	S	I/R	I/R	I/R	I/R	S	I/R
ERR987566	I/R	NA	I/R	NA	NA	I/R	I/R	I/R	S	I/R	I/R	I/R	I/R	S	I/R
ERR987567	I/R	NA	I/R	NA	NA	I/R	S	I/R	S	I/R	I/R	I/R	I/R	S	I/R
ERR987568	I/R	NA	I/R	NA	NA	I/R	I/R	I/R	S	I/R	I/R	I/R	I/R	S	I/R
ERR987569	S	NA	I/R	NA	NA	I/R	S	S	S	S	S	S	S	S	S
ERR987570	I/R	NA	I/R	NA	NA	I/R	S	S	S	S	S	S	I/R	S	S
ERR987571	I/R	NA	S	NA	NA	I/R	S	S	S	S	S	S	I/R	S	S
ERR987572	I/R	NA	I/R	NA	NA	I/R	S	I/R	S	I/R	I/R	I/R	I/R	S	I/R
ERR987574	I/R	NA	I/R	NA	NA	I/R	I/R	I/R	S	S	S	I/R	I/R	S	I/R
ERR987575	I/R	NA	I/R	NA	NA	I/R	S	I/R	S	I/R	I/R	I/R	I/R	S	I/R
ERR987576	I/R	NA	I/R	NA	NA	I/R	S	I/R	S	I/R	I/R	S	I/R	S	S
ERR987577	I/R	NA	I/R	NA	NA	I/R	I/R	I/R	S	I/R	S	S	S	S	S
ERR987578	I/R	NA	I/R	NA	NA	I/R	S	S	S	I/R	S	I/R	I/R	S	I/R
ERR987579	I/R	NA	I/R	NA	NA	I/R	I/R	I/R	S	I/R	I/R	I/R	I/R	S	I/R
ERR987580	I/R	NA	I/R	NA	NA	I/R	I/R	S	S	I/R	S	S	I/R	S	S
ERR987581	S	NA	I/R	NA	NA	S	S	S	S	S	S	S	I/R	S	S
ERR987582	I/R	NA	S	NA	NA	I/R	S	S	S	S	S	S	I/R	S	S
ERR987583	I/R	NA	I/R	NA	NA	I/R	I/R	I/R	S	I/R	I/R	I/R	I/R	S	I/R
ERR987584	I/R	NA	I/R	NA	NA	I/R	I/R	S	S	S	S	S	I/R	S	S
ERR987585	I/R	NA	I/R	NA	NA	I/R	I/R	I/R	S	I/R	S	S	I/R	S	I/R
ERR987586	I/R	NA	S	NA	NA	I/R	S	S	S	S	S	I/R	I/R	S	I/R
ERR987587	S	NA	S	NA	NA	I/R	S	S	S	S	S	S	S	S	S
ERR987588	S	NA	I/R	NA	NA	S	S	S	S	S	S	S	S	S	S
ERR987589	S	NA	S	NA	NA	S	S	S	S	S	S	S	S	S	S
ERR987590	I/R	NA	I/R	NA	NA	I/R	I/R	S	S	S	S	I/R	I/R	S	I/R
ERR987591	S	NA	S	NA	NA	S	S	S	S	S	S	S	I/R	S	S
ERR987592	I/R	NA	S	NA	NA	I/R	I/R	I/R	S	S	S	I/R	I/R	S	I/R
ERR987593	I/R	NA	I/R	NA	NA	I/R	S	S	S	S	S	S	I/R	S	S
ERR987594	S	NA	I/R	NA	NA	I/R	S	S	S	S	S	S	S	S	S
ERR987595	S	NA	S	NA	NA	I/R	S	S	S	S	S	S	I/R	S	S
ERR987596	S	NA	I/R	NA	NA	S	S	S	S	I/R	S	S	S	S	S
ERR987597	I/R	NA	I/R	NA	NA	I/R	I/R	I/R	S	S	S	S	I/R	S	S
ERR987598	I/R	NA	S	NA	NA	I/R	S	S	S	S	S	S	S	S	S
ERR987599	S	NA	S	NA	NA	S	S	S	S	S	S	S	S	S	S
ERR987600	I/R	NA	I/R	NA	NA	I/R	S	S	S	S	S	S	S	S	S
ERR987601	I/R	NA	I/R	NA	NA	I/R	S	I/R	S	S	I/R	S	I/R	S	S
ERR987602	I/R	NA	S	NA	NA	I/R	S	S	S	S	S	S	I/R	S	S
ERR987603	S	NA	S	NA	NA	I/R	S	S	S	S	S	S	S	S	S
ERR987604	S	NA	I/R	NA	NA	I/R	S	S	S	S	S	S	S	S	S
ERR987605	I/R	NA	I/R	NA	NA	I/R	I/R	I/R	S	I/R	I/R	S	I/R	S	S
ERR987606	I/R	NA	S	NA	NA	I/R	S	S	S	S	S	S	I/R	S	S
ERR987607	I/R	NA	I/R	NA	NA	I/R	S	I/R	S	S	I/R	S	I/R	S	S
ERR987608	S	NA	S	NA	NA	I/R	S	S	S	S	S	S	S	S	S
ERR987609	S	NA	S	NA	NA	I/R	S	S	S	I/R	S	S	S	S	S
ERR987610	S	NA	S	NA	NA	I/R	S	S	S	I/R	S	S	S	S	S
ERR987611	I/R	NA	I/R	NA	NA	I/R	I/R	I/R	S	I/R	I/R	S	I/R	S	S
ERR987612	I/R	NA	I/R	NA	NA	I/R	I/R	I/R	S	I/R	I/R	S	I/R	S	S
ERR987613	S	NA	S	NA	NA	I/R	S	S	S	S	S	S	S	S	S
ERR987614	S	NA	I/R	NA	NA	I/R	S	S	S	S	S	S	S	S	S
ERR987615	I/R	NA	I/R	NA	NA	I/R	S	S	S	S	S	S	I/R	S	S
ERR987616	I/R	NA	I/R	NA	NA	I/R	S	S	S	S	S	S	S	S	S
ERR987617	I/R	NA	I/R	NA	NA	I/R	I/R	I/R	S	S	I/R	S	I/R	S	S
ERR987618	S	NA	I/R	NA	NA	I/R	S	S	S	I/R	S	S	S	S	S
ERR987619	I/R	NA	S	NA	NA	I/R	S	S	S	S	S	S	I/R	S	S
ERR987620	I/R	NA	S	NA	NA	I/R	S	S	S	S	S	S	I/R	S	S
ERR987621	S	NA	I/R	NA	NA	I/R	S	S	S	S	S	S	S	S	S
ERR987622	S	NA	I/R	NA	NA	I/R	S	S	S	S	S	S	S	S	S
ERR987623	S	NA	I/R	NA	NA	I/R	S	S	S	S	S	S	S	S	S
ERR987624	S	NA	S	NA	NA	I/R	S	S	S	S	S	S	S	S	S
ERR987625	S	NA	S	NA	NA	I/R	S	S	S	S	S	S	S	S	S
ERR987626	I/R	NA	S	NA	NA	I/R	I/R	I/R	S	S	S	S	I/R	S	S
ERR987627	I/R	NA	I/R	NA	NA	I/R	I/R	I/R	S	S	S	S	S	S	S
ERR987628	I/R	NA	S	NA	NA	I/R	I/R	I/R	S	S	S	S	I/R	S	S
ERR987629	I/R	NA	I/R	NA	NA	I/R	I/R	I/R	S	I/R	I/R	S	I/R	S	S
ERR987630	I/R	NA	S	NA	NA	I/R	I/R	I/R	S	S	S	S	I/R	S	S
ERR987631	S	NA	S	NA	NA	I/R	S	S	S	S	S	S	I/R	S	S
ERR987632	S	NA	S	NA	NA	S	S	S	S	S	S	S	S	S	S
ERR987633	S	NA	I/R	NA	NA	S	S	S	S	S	S	S	S	S	S
ERR987634	S	NA	I/R	NA	NA	I/R	S	S	S	S	S	S	I/R	S	S
ERR987635	S	NA	I/R	NA	NA	I/R	S	S	S	S	S	S	S	S	S
ERR987636	S	NA	I/R	NA	NA	I/R	S	S	S	S	S	S	S	S	S
ERR987637	S	NA	S	NA	NA	S	S	S	S	S	S	S	S	S	S
ERR987638	I/R	NA	I/R	NA	NA	I/R	I/R	I/R	S	S	S	S	I/R	S	S
ERR987639	I/R	NA	I/R	NA	NA	I/R	I/R	I/R	S	S	I/R	S	I/R	S	S
ERR987640	I/R	NA	I/R	NA	NA	I/R	I/R	I/R	S	S	S	S	I/R	S	S
ERR987641	S	NA	I/R	NA	NA	I/R	S	S	S	S	S	S	S	S	S
ERR987642	S	NA	S	NA	NA	I/R	S	S	S	S	S	S	S	S	S
ERR987643	I/R	NA	S	NA	NA	I/R	S	I/R	S	S	I/R	S	S	S	S
ERR987644	I/R	NA	I/R	NA	NA	I/R	I/R	S	S	I/R	S	S	I/R	S	S
ERR987645	I/R	NA	I/R	NA	NA	I/R	I/R	I/R	S	I/R	I/R	I/R	I/R	S	I/R
ERR987646	I/R	NA	I/R	NA	NA	I/R	S	I/R	S	I/R	I/R	S	I/R	S	S
ERR987647	S	NA	I/R	NA	NA	I/R	S	S	S	S	S	S	S	S	S
ERR987648	I/R	NA	I/R	NA	NA	I/R	I/R	S	S	S	S	S	I/R	S	S
ERR987649	I/R	NA	I/R	NA	NA	I/R	I/R	S	S	I/R	S	S	I/R	S	S
ERR987650	I/R	NA	I/R	NA	NA	I/R	I/R	I/R	S	S	S	S	I/R	S	S
ERR987651	I/R	NA	I/R	NA	NA	I/R	I/R	I/R	S	S	S	S	I/R	S	S
ERR987652	I/R	NA	I/R	NA	NA	I/R	S	S	S	S	S	S	I/R	S	S
ERR987653	I/R	NA	I/R	NA	NA	I/R	S	S	S	S	S	S	I/R	S	S
ERR1007500	S	NA	NA	NA	NA	NA	NA	NA	NA	NA	NA	NA	NA	NA	I/R
ERR1007501	S	NA	NA	NA	NA	NA	NA	NA	NA	NA	NA	NA	NA	NA	I/R
ERR1100527	S	NA	I/R	NA	NA	S	S	S	S	S	S	S	S	S	S
ERR1100528	S	NA	I/R	NA	NA	S	S	S	S	S	S	S	S	S	S
ERR1100529	S	NA	S	NA	NA	S	S	S	S	S	S	S	I/R	S	S
ERR1100530	I/R	NA	I/R	NA	NA	S	S	S	S	S	S	S	S	S	S
ERR1100531	I/R	NA	I/R	NA	NA	S	S	S	S	S	S	S	S	S	S
ERR1100532	I/R	NA	I/R	NA	NA	S	S	S	S	S	S	S	S	S	S
ERR1100533	I/R	NA	I/R	NA	NA	S	S	S	S	S	S	S	S	S	S
ERR1100534	S	NA	S	NA	NA	I/R	S	S	S	S	S	S	S	S	S
ERR1100535	S	NA	S	NA	NA	I/R	S	S	S	S	S	S	S	S	S
ERR1100536	S	NA	S	NA	NA	S	S	S	S	S	S	S	S	S	S
ERR1100537	S	NA	S	NA	NA	I/R	S	S	S	S	S	S	S	S	S
ERR1100538	S	NA	S	NA	NA	I/R	S	S	S	S	S	S	S	S	S
ERR1100539	S	NA	S	NA	NA	I/R	S	S	S	S	S	S	S	S	S
ERR1100540	S	NA	S	NA	NA	I/R	S	S	S	S	S	S	S	S	S
ERR1100541	I/R	NA	S	NA	NA	I/R	S	S	S	S	S	S	I/R	S	S
ERR1100542	I/R	NA	S	NA	NA	I/R	S	S	S	S	S	S	I/R	S	S
ERR1100543	I/R	NA	S	NA	NA	I/R	S	S	S	S	S	S	I/R	S	S
ERR1100544	I/R	NA	S	NA	NA	I/R	S	S	S	S	S	S	I/R	S	S
ERR1100545	I/R	NA	S	NA	NA	I/R	S	S	S	S	S	S	I/R	S	S
ERR1100546	S	NA	S	NA	NA	I/R	S	S	S	S	S	S	S	S	S
ERR1100547	S	NA	I/R	NA	NA	S	S	S	S	S	S	S	S	S	S
ERR1100548	S	NA	S	NA	NA	I/R	S	S	S	S	S	S	S	S	S
ERR1100549	S	NA	S	NA	NA	I/R	S	S	S	S	S	S	S	S	S
ERR1100550	S	NA	S	NA	NA	I/R	S	S	S	S	S	S	S	S	S
ERR1100551	S	NA	I/R	NA	NA	I/R	S	S	S	S	S	S	I/R	S	S
ERR1100552	I/R	NA	I/R	NA	NA	I/R	S	S	S	I/R	I/R	S	I/R	S	S
ERR1100553	S	NA	I/R	NA	NA	S	S	S	S	S	I/R	S	I/R	S	S
ERR1100554	S	NA	I/R	NA	NA	I/R	S	S	S	S	I/R	S	I/R	S	S
ERR1100555	S	NA	I/R	NA	NA	S	S	S	S	S	I/R	S	S	S	S
ERR1100556	S	NA	I/R	NA	NA	I/R	S	S	S	S	S	S	S	S	S
ERR1100557	S	NA	I/R	NA	NA	I/R	S	I/R	S	S	I/R	S	I/R	S	S
ERR1100558	S	NA	I/R	NA	NA	I/R	S	S	S	S	I/R	S	I/R	S	S
ERR1100559	S	NA	I/R	NA	NA	I/R	S	S	S	S	I/R	S	I/R	S	S
ERR1100560	I/R	NA	I/R	NA	NA	I/R	I/R	I/R	S	S	I/R	S	I/R	S	S
ERR1100561	I/R	NA	I/R	NA	NA	I/R	I/R	I/R	S	S	I/R	S	I/R	S	S
ERR1100562	I/R	NA	I/R	NA	NA	S	S	S	S	S	S	S	I/R	S	S
ERR1100563	I/R	NA	I/R	NA	NA	I/R	S	S	S	I/R	I/R	S	I/R	S	S
ERR1100564	I/R	NA	I/R	NA	NA	I/R	I/R	I/R	S	S	I/R	S	I/R	S	S
ERR1100565	I/R	NA	I/R	NA	NA	I/R	S	I/R	S	S	I/R	S	I/R	S	S
ERR1100566	I/R	NA	I/R	NA	NA	I/R	S	S	S	S	I/R	S	I/R	S	S
ERR1100567	I/R	NA	I/R	NA	NA	I/R	S	I/R	S	S	I/R	S	I/R	S	S
ERR1100568	I/R	NA	I/R	NA	NA	I/R	S	I/R	S	S	I/R	S	I/R	S	S
ERR1100569	I/R	NA	I/R	NA	NA	I/R	S	I/R	S	I/R	S	S	I/R	S	S
ERR1100570	I/R	NA	I/R	NA	NA	I/R	S	I/R	S	I/R	S	S	I/R	S	S
ERR1100571	I/R	NA	I/R	NA	NA	I/R	S	I/R	S	I/R	S	S	I/R	S	S
ERR1100572	I/R	NA	I/R	NA	NA	I/R	S	I/R	S	I/R	I/R	S	I/R	S	S
ERR1100573	I/R	NA	I/R	NA	NA	I/R	S	I/R	S	I/R	S	S	I/R	S	S
ERR1100574	I/R	NA	I/R	NA	NA	I/R	S	I/R	S	I/R	S	S	I/R	S	S
ERR1100575	I/R	NA	I/R	NA	NA	I/R	S	I/R	S	S	S	S	I/R	S	S
ERR1100576	I/R	NA	I/R	NA	NA	I/R	S	I/R	S	S	S	S	I/R	S	S
ERR1100577	I/R	NA	I/R	NA	NA	I/R	S	S	S	I/R	S	S	I/R	S	S
ERR1100578	S	NA	I/R	NA	NA	I/R	S	S	S	I/R	S	S	S	S	S
ERR1100579	I/R	NA	I/R	NA	NA	I/R	S	S	S	I/R	S	S	I/R	S	S
ERR1100580	I/R	NA	I/R	NA	NA	I/R	S	S	S	S	S	S	I/R	S	S
ERR1100581	I/R	NA	I/R	NA	NA	I/R	S	S	S	I/R	S	S	I/R	S	S
ERR1100582	I/R	NA	I/R	NA	NA	I/R	S	S	S	I/R	S	S	I/R	S	S
ERR1100583	I/R	NA	I/R	NA	NA	I/R	S	S	S	I/R	S	S	I/R	S	S
ERR1100584	I/R	NA	I/R	NA	NA	I/R	S	S	S	S	I/R	S	I/R	S	S
ERR1100585	S	NA	I/R	NA	NA	I/R	S	S	S	S	S	S	I/R	S	S
ERR1100586	S	NA	S	NA	NA	I/R	S	S	S	I/R	S	S	S	S	S
ERR1100587	I/R	NA	I/R	NA	NA	I/R	S	S	S	S	S	S	I/R	S	S
ERR1100588	I/R	NA	I/R	NA	NA	I/R	S	S	S	I/R	S	S	I/R	S	S
ERR1100589	I/R	NA	I/R	NA	NA	I/R	S	S	S	I/R	S	S	I/R	S	S
ERR1100590	I/R	NA	I/R	NA	NA	I/R	S	S	S	I/R	S	S	I/R	S	S
ERR1100591	I/R	NA	I/R	NA	NA	I/R	S	S	S	I/R	I/R	S	I/R	S	S
ERR1100592	I/R	NA	I/R	NA	NA	I/R	S	S	S	I/R	S	S	I/R	S	S
ERR1100593	I/R	NA	I/R	NA	NA	I/R	S	S	S	I/R	I/R	S	I/R	S	S
ERR1100594	I/R	NA	I/R	NA	NA	I/R	S	S	S	I/R	S	S	I/R	S	S
ERR1100595	S	NA	I/R	NA	NA	I/R	S	S	S	S	S	S	S	S	S
ERR1100596	I/R	NA	I/R	NA	NA	I/R	S	S	S	I/R	S	S	I/R	S	S
ERR1100597	I/R	NA	I/R	NA	NA	I/R	S	S	S	I/R	S	S	I/R	S	S
ERR1100598	I/R	NA	I/R	NA	NA	I/R	S	S	S	I/R	S	S	I/R	S	S
ERR1100599	I/R	NA	I/R	NA	NA	I/R	S	S	S	S	S	S	I/R	S	S
ERR1100600	I/R	NA	I/R	NA	NA	I/R	S	S	S	I/R	S	S	I/R	S	S
ERR1100601	I/R	NA	I/R	NA	NA	I/R	I/R	I/R	S	S	I/R	S	I/R	S	S
ERR1100602	I/R	NA	I/R	NA	NA	I/R	S	I/R	S	S	I/R	S	I/R	S	S
ERR1100603	I/R	NA	I/R	NA	NA	I/R	S	I/R	S	S	I/R	S	I/R	S	S
ERR1100604	S	NA	I/R	NA	NA	I/R	S	I/R	S	S	I/R	S	I/R	S	S
ERR1100605	S	NA	S	NA	NA	I/R	S	S	S	S	S	S	S	S	S
ERR1100606	S	NA	I/R	NA	NA	S	S	S	S	S	S	S	I/R	S	S
ERR1100607	S	NA	S	NA	NA	I/R	S	S	S	S	S	S	S	S	S
ERR1100608	S	NA	I/R	NA	NA	I/R	S	S	S	S	S	S	S	S	S
ERR1100610	S	NA	S	NA	NA	I/R	S	S	S	S	S	S	S	S	S
ERR1100611	S	NA	S	NA	NA	I/R	S	S	S	S	S	S	S	S	S
ERR1100612	I/R	NA	I/R	NA	NA	I/R	S	I/R	S	I/R	S	S	I/R	S	S
ERR1100613	S	NA	I/R	NA	NA	S	S	S	S	S	S	S	I/R	S	S
ERR1100614	S	NA	I/R	NA	NA	I/R	S	S	S	S	S	S	I/R	S	S
ERR1100615	I/R	NA	I/R	NA	NA	I/R	S	S	S	I/R	S	S	I/R	S	S
ERR1100616	I/R	NA	I/R	NA	NA	I/R	S	S	S	I/R	S	S	S	S	S
ERR1100617	I/R	NA	I/R	NA	NA	I/R	S	S	S	S	S	S	I/R	S	S
ERR1100618	I/R	NA	I/R	NA	NA	I/R	S	S	S	S	S	S	I/R	S	S
ERR1100619	I/R	NA	I/R	NA	NA	I/R	S	S	S	I/R	S	S	I/R	S	S
ERR1100620	S	NA	I/R	NA	NA	I/R	S	S	S	S	S	S	I/R	S	S
ERR1100621	S	NA	I/R	NA	NA	I/R	S	S	S	S	S	S	I/R	S	S
ERR1100622	S	NA	I/R	NA	NA	S	S	S	S	S	S	S	I/R	S	S
ERR1100623	S	NA	I/R	NA	NA	S	S	S	S	S	S	S	I/R	S	S
ERR1100624	S	NA	I/R	NA	NA	I/R	S	S	S	I/R	S	S	I/R	S	S
ERR1100625	S	NA	I/R	NA	NA	I/R	S	S	S	I/R	I/R	S	I/R	S	S
ERR1100626	S	NA	I/R	NA	NA	S	S	S	S	I/R	S	S	S	S	S
ERR1100629	I/R	NA	I/R	NA	NA	I/R	S	S	S	S	S	S	I/R	S	S
ERR1100630	I/R	NA	I/R	NA	NA	I/R	S	I/R	S	S	I/R	S	I/R	S	S
ERR1100631	I/R	NA	I/R	NA	NA	I/R	S	S	S	I/R	S	S	I/R	S	S
ERR1100632	I/R	NA	I/R	NA	NA	I/R	S	I/R	S	S	I/R	S	I/R	S	S
ERR1100633	I/R	NA	I/R	NA	NA	I/R	S	S	S	I/R	I/R	S	I/R	S	S
ERR1100634	I/R	NA	I/R	NA	NA	I/R	S	I/R	S	S	I/R	S	I/R	S	S
ERR1100635	I/R	NA	I/R	NA	NA	I/R	S	S	S	S	I/R	S	I/R	S	S
ERR1100636	I/R	NA	I/R	NA	NA	I/R	S	S	S	I/R	S	S	I/R	S	S
ERR1100637	I/R	NA	I/R	NA	NA	I/R	S	S	S	S	S	S	I/R	S	S
ERR1100638	I/R	NA	I/R	NA	NA	I/R	S	S	S	I/R	S	S	I/R	S	S
ERR1100639	S	NA	S	NA	NA	I/R	S	S	S	S	S	S	S	S	S
ERR1100640	S	NA	S	NA	NA	I/R	S	S	S	S	S	S	S	S	S
ERR1100641	S	NA	S	NA	NA	I/R	S	S	S	S	S	S	S	S	S
ERR1100642	S	NA	S	NA	NA	I/R	S	S	S	S	S	S	S	S	S
ERR1156181	S	NA	I/R	NA	NA	I/R	S	S	S	S	S	S	I/R	S	S
ERR1156182	S	NA	S	NA	NA	I/R	S	S	S	S	S	S	I/R	S	S
ERR1156183	S	NA	S	NA	NA	I/R	S	S	S	S	S	S	S	S	S
ERR1156184	S	NA	I/R	NA	NA	S	S	S	S	S	S	S	S	S	S
ERR1156185	S	NA	S	NA	NA	S	S	S	S	S	S	S	S	S	S
ERR1156186	S	NA	I/R	NA	NA	I/R	S	I/R	S	I/R	I/R	S	I/R	S	S
ERR1156187	S	NA	I/R	NA	NA	I/R	S	I/R	S	S	I/R	S	I/R	S	S
ERR1156188	S	NA	I/R	NA	NA	I/R	S	I/R	S	I/R	I/R	S	I/R	S	S
ERR1156189	I/R	NA	I/R	NA	NA	I/R	S	I/R	S	S	I/R	S	I/R	S	S
ERR1156190	I/R	NA	I/R	NA	NA	I/R	S	I/R	S	I/R	I/R	S	I/R	S	S
ERR1156191	S	NA	I/R	NA	NA	I/R	S	I/R	S	I/R	I/R	S	I/R	S	S
ERR1156192	I/R	NA	I/R	NA	NA	I/R	S	I/R	S	S	I/R	S	I/R	S	S
ERR1156193	I/R	NA	I/R	NA	NA	I/R	S	I/R	S	S	I/R	S	I/R	S	S
ERR1156194	I/R	NA	I/R	NA	NA	I/R	I/R	I/R	S	I/R	I/R	S	I/R	S	S
ERR1156195	I/R	NA	I/R	NA	NA	I/R	S	I/R	S	I/R	I/R	S	I/R	S	S
ERR1156196	I/R	NA	I/R	NA	NA	I/R	S	I/R	S	I/R	I/R	S	I/R	S	S
ERR1156197	I/R	NA	I/R	NA	NA	I/R	S	S	S	S	I/R	S	I/R	S	S
ERR1156198	I/R	NA	I/R	NA	NA	I/R	I/R	I/R	S	I/R	I/R	S	I/R	S	S
ERR1156199	S	NA	I/R	NA	NA	I/R	S	S	S	S	I/R	S	I/R	S	S
ERR1156200	S	NA	I/R	NA	NA	I/R	S	S	S	S	S	S	I/R	S	S
ERR1156201	S	NA	I/R	NA	NA	I/R	S	S	S	S	S	S	I/R	S	S
ERR1156202	S	NA	I/R	NA	NA	I/R	S	S	S	S	S	S	I/R	S	S
ERR1156203	S	NA	I/R	NA	NA	I/R	S	S	S	S	S	S	I/R	S	S
ERR1156204	S	NA	I/R	NA	NA	I/R	S	I/R	S	I/R	I/R	S	I/R	S	S
ERR1156205	S	NA	I/R	NA	NA	I/R	I/R	I/R	S	I/R	I/R	S	I/R	S	S
ERR1156206	I/R	NA	I/R	NA	NA	I/R	S	I/R	S	I/R	I/R	S	I/R	S	S
ERR1156207	I/R	NA	I/R	NA	NA	I/R	S	I/R	S	I/R	I/R	S	I/R	S	S
ERR1156208	I/R	NA	I/R	NA	NA	I/R	S	I/R	S	I/R	I/R	S	I/R	S	S
ERR1156209	S	NA	S	NA	NA	I/R	S	S	S	S	S	S	S	S	S
ERR1156210	S	NA	S	NA	NA	I/R	S	S	S	S	S	S	I/R	S	S
ERR1156211	S	NA	I/R	NA	NA	I/R	S	S	S	S	S	S	I/R	S	S
ERR1156212	I/R	NA	I/R	NA	NA	I/R	S	I/R	S	I/R	I/R	S	I/R	S	S
ERR1156213	I/R	NA	I/R	NA	NA	I/R	S	I/R	S	I/R	I/R	S	I/R	S	S
ERR1156214	I/R	NA	I/R	NA	NA	I/R	S	I/R	S	I/R	I/R	S	I/R	S	S
ERR1156215	I/R	NA	I/R	NA	NA	I/R	S	I/R	S	I/R	I/R	S	I/R	S	S
ERR1156216	S	NA	I/R	NA	NA	I/R	S	I/R	S	I/R	I/R	S	I/R	S	S
ERR1156217	I/R	NA	I/R	NA	NA	I/R	S	I/R	S	S	I/R	S	I/R	S	S
ERR1156218	I/R	NA	I/R	NA	NA	I/R	S	I/R	S	I/R	I/R	S	I/R	S	S
ERR1156219	I/R	NA	I/R	NA	NA	I/R	S	I/R	S	S	I/R	S	I/R	S	S
ERR1156220	I/R	NA	I/R	NA	NA	I/R	S	I/R	S	S	I/R	S	I/R	S	S
ERR1156221	I/R	NA	I/R	NA	NA	I/R	S	S	S	I/R	I/R	S	I/R	S	S
ERR1156222	I/R	NA	I/R	NA	NA	I/R	S	I/R	S	S	I/R	S	I/R	S	S
ERR1156223	I/R	NA	I/R	NA	NA	I/R	S	I/R	S	S	I/R	S	I/R	S	S
ERR1156224	I/R	NA	I/R	NA	NA	I/R	S	I/R	S	S	I/R	S	I/R	S	S
ERR1156225	I/R	NA	I/R	NA	NA	I/R	S	I/R	S	S	I/R	S	I/R	S	S
ERR1156226	S	NA	S	NA	NA	I/R	S	S	S	S	S	S	I/R	S	S
ERR1156227	S	NA	I/R	NA	NA	I/R	S	S	S	S	S	S	I/R	S	S
ERR1156228	S	NA	I/R	NA	NA	I/R	S	I/R	S	I/R	I/R	S	I/R	S	S
ERR1156229	S	NA	I/R	NA	NA	I/R	S	I/R	S	I/R	I/R	S	I/R	S	S
ERR1156230	S	NA	I/R	NA	NA	I/R	S	I/R	S	I/R	I/R	S	I/R	S	S
ERR1156231	I/R	NA	I/R	NA	NA	I/R	S	I/R	S	S	I/R	S	I/R	S	S
ERR1156232	I/R	NA	I/R	NA	NA	I/R	S	I/R	S	S	I/R	S	I/R	S	S
ERR1156233	I/R	NA	I/R	NA	NA	I/R	S	I/R	S	I/R	I/R	S	I/R	S	S
ERR1156234	I/R	NA	I/R	NA	NA	I/R	S	I/R	S	I/R	I/R	S	I/R	S	S
ERR1156235	I/R	NA	I/R	NA	NA	I/R	S	I/R	S	I/R	I/R	S	I/R	S	S
ERR1156236	I/R	NA	I/R	NA	NA	I/R	S	I/R	S	S	I/R	S	I/R	S	S
ERR1156237	I/R	NA	I/R	NA	NA	I/R	S	I/R	S	S	I/R	S	I/R	S	S
ERR1156238	I/R	NA	I/R	NA	NA	I/R	S	I/R	S	S	I/R	S	I/R	S	S
ERR1156239	I/R	NA	I/R	NA	NA	I/R	S	I/R	S	S	I/R	S	I/R	S	S
ERR1156240	I/R	NA	I/R	NA	NA	I/R	S	I/R	S	S	I/R	S	I/R	S	S
ERR1156241	S	NA	I/R	NA	NA	I/R	S	I/R	S	I/R	I/R	S	I/R	S	S
ERR1156242	S	NA	I/R	NA	NA	I/R	S	S	S	S	I/R	S	I/R	S	S
ERR1156243	S	NA	I/R	NA	NA	I/R	S	I/R	S	S	I/R	S	I/R	S	S
ERR1156244	S	NA	I/R	NA	NA	I/R	S	I/R	S	S	I/R	S	I/R	S	S
ERR1156245	S	NA	I/R	NA	NA	I/R	S	S	S	S	S	S	I/R	S	S
ERR1156246	S	NA	I/R	NA	NA	I/R	S	I/R	S	I/R	I/R	S	I/R	S	S
ERR1156247	S	NA	I/R	NA	NA	S	I/R	S	S	S	I/R	S	I/R	S	S
ERR1156248	I/R	NA	I/R	NA	NA	I/R	S	I/R	S	S	I/R	S	I/R	S	S
ERR1156249	S	NA	I/R	NA	NA	I/R	S	S	S	S	S	S	I/R	S	S
ERR1156250	S	NA	I/R	NA	NA	I/R	I/R	I/R	S	S	I/R	S	I/R	S	S
ERR1156251	S	NA	I/R	NA	NA	I/R	S	S	S	S	I/R	S	I/R	S	S
ERR1156252	S	NA	I/R	NA	NA	I/R	S	I/R	S	S	I/R	S	I/R	S	S
ERR1156253	S	NA	I/R	NA	NA	I/R	S	S	S	S	S	S	I/R	S	S
ERR1156254	S	NA	I/R	NA	NA	I/R	S	I/R	S	S	I/R	S	I/R	S	S
ERR1156255	I/R	NA	I/R	NA	NA	I/R	I/R	I/R	S	S	I/R	S	I/R	S	S
ERR1156256	I/R	NA	I/R	NA	NA	I/R	I/R	I/R	S	S	I/R	S	I/R	S	S
ERR1156257	I/R	NA	I/R	NA	NA	I/R	I/R	I/R	S	S	I/R	S	I/R	S	S
ERR1156258	I/R	NA	I/R	NA	NA	I/R	S	I/R	S	I/R	I/R	S	I/R	S	S
ERR1156259	I/R	NA	I/R	NA	NA	I/R	I/R	I/R	S	S	I/R	S	I/R	S	S
ERR1156260	I/R	NA	I/R	NA	NA	I/R	I/R	I/R	S	S	I/R	S	I/R	S	S
ERR1156261	I/R	NA	I/R	NA	NA	I/R	I/R	I/R	S	S	I/R	S	I/R	S	S
ERR1156262	I/R	NA	I/R	NA	NA	I/R	I/R	I/R	S	S	I/R	S	I/R	S	S
ERR1156263	I/R	NA	I/R	NA	NA	I/R	I/R	I/R	S	S	I/R	S	I/R	S	S
ERR1156264	S	NA	I/R	NA	NA	I/R	S	I/R	S	S	I/R	S	I/R	S	S
ERR1156265	S	NA	I/R	NA	NA	I/R	S	I/R	S	I/R	I/R	S	I/R	S	S
ERR1156266	S	NA	I/R	NA	NA	I/R	S	S	S	S	S	S	I/R	S	S
ERR1156267	I/R	NA	I/R	NA	NA	I/R	S	I/R	S	S	I/R	S	I/R	S	S
ERR1156268	S	NA	I/R	NA	NA	I/R	S	S	S	S	I/R	S	I/R	S	S
ERR1156269	I/R	NA	I/R	NA	NA	I/R	I/R	I/R	S	S	I/R	S	I/R	S	S
ERR1156270	S	NA	I/R	NA	NA	I/R	S	I/R	S	S	I/R	S	I/R	S	S
ERR1156271	S	NA	I/R	NA	NA	I/R	S	I/R	S	S	I/R	S	I/R	S	S
ERR1156272	S	NA	I/R	NA	NA	I/R	S	S	S	S	S	S	I/R	S	S
ERR1156273	S	NA	S	NA	NA	I/R	S	S	S	S	S	S	S	S	S
ERR1156274	S	NA	I/R	NA	NA	I/R	S	S	S	S	S	S	I/R	S	S
ERR1156275	I/R	NA	I/R	NA	NA	I/R	S	I/R	S	S	I/R	S	I/R	S	S
ERR1156276	S	NA	I/R	NA	NA	I/R	S	S	S	S	S	S	S	S	S
ERR1156277	I/R	NA	I/R	NA	NA	I/R	S	S	S	I/R	S	S	I/R	S	S
ERR1156278	I/R	NA	I/R	NA	NA	I/R	S	S	S	I/R	S	S	I/R	S	S
ERR1156279	I/R	NA	I/R	NA	NA	I/R	S	S	S	S	S	S	I/R	S	S
ERR1156280	I/R	NA	I/R	NA	NA	I/R	S	S	S	S	S	S	I/R	S	S
ERR1156281	I/R	NA	I/R	NA	NA	I/R	S	S	S	S	S	S	I/R	S	S
ERR1156282	I/R	NA	I/R	NA	NA	I/R	S	S	S	I/R	S	S	I/R	S	S
ERR1156283	I/R	NA	I/R	NA	NA	I/R	S	S	S	S	S	S	I/R	S	S
ERR1156284	I/R	NA	I/R	NA	NA	I/R	S	S	S	S	S	S	I/R	S	S
ERR1156285	I/R	NA	I/R	NA	NA	I/R	S	S	S	S	S	S	I/R	S	S
ERR1156286	I/R	NA	I/R	NA	NA	I/R	S	S	S	I/R	S	S	I/R	S	S
ERR1156287	I/R	NA	I/R	NA	NA	I/R	S	S	S	I/R	S	S	I/R	S	S
ERR1156288	S	NA	I/R	NA	NA	I/R	S	S	S	S	S	S	I/R	S	S
ERR1156289	S	NA	I/R	NA	NA	I/R	S	S	S	S	I/R	S	I/R	S	S
ERR1156290	I/R	NA	I/R	NA	NA	I/R	S	S	S	I/R	I/R	S	I/R	S	S
ERR1156291	I/R	NA	I/R	NA	NA	I/R	S	S	S	S	S	S	I/R	S	S
ERR1156292	S	NA	I/R	NA	NA	I/R	S	S	S	S	I/R	S	I/R	S	S
ERR1156293	I/R	NA	I/R	NA	NA	I/R	S	I/R	S	I/R	I/R	S	I/R	S	S
ERR1156294	I/R	NA	I/R	NA	NA	I/R	S	S	S	S	S	S	I/R	S	S
ERR1156295	I/R	NA	I/R	NA	NA	I/R	S	S	S	S	S	S	I/R	S	S
ERR1156296	I/R	NA	I/R	NA	NA	I/R	S	I/R	S	S	S	S	I/R	S	S
ERR1156298	I/R	NA	I/R	NA	NA	I/R	S	I/R	S	S	I/R	S	I/R	S	S
ERR1156299	I/R	NA	I/R	NA	NA	I/R	S	S	S	S	I/R	S	I/R	S	S
ERR1156300	I/R	NA	I/R	NA	NA	I/R	S	I/R	S	I/R	S	S	I/R	S	S
ERR1156301	I/R	NA	I/R	NA	NA	I/R	S	S	S	I/R	S	S	I/R	S	S
ERR1156302	I/R	NA	I/R	NA	NA	I/R	S	S	S	I/R	I/R	S	I/R	S	S
ERR1156303	I/R	NA	I/R	NA	NA	I/R	S	S	S	I/R	S	S	I/R	S	S
ERR1156304	I/R	NA	I/R	NA	NA	I/R	S	I/R	S	S	I/R	S	I/R	S	S
ERR1156305	I/R	NA	I/R	NA	NA	S	S	S	S	S	S	S	I/R	S	S
ERR1156306	I/R	NA	I/R	NA	NA	I/R	S	I/R	S	I/R	I/R	S	I/R	S	S
ERR1156307	I/R	NA	I/R	NA	NA	S	S	S	S	S	S	S	I/R	S	S
ERR1156308	I/R	NA	I/R	NA	NA	I/R	S	S	S	S	S	S	I/R	S	S
ERR1156309	S	NA	I/R	NA	NA	S	S	I/R	S	S	I/R	S	S	S	S
ERR1156310	S	NA	I/R	NA	NA	S	S	S	S	S	S	S	S	S	S
ERR1156311	S	NA	I/R	NA	NA	I/R	S	S	S	S	S	S	I/R	S	S
ERR1156312	S	NA	S	NA	NA	I/R	S	S	S	S	I/R	S	I/R	S	S
ERR1156313	S	NA	I/R	NA	NA	I/R	S	S	S	S	I/R	S	I/R	S	S
ERR1156314	I/R	NA	I/R	NA	NA	I/R	S	S	S	S	S	S	I/R	S	S
ERR1156315	I/R	NA	I/R	NA	NA	I/R	S	I/R	S	S	S	S	I/R	S	S
ERR1156318	S	NA	NA	NA	NA	NA	NA	NA	NA	NA	NA	I/R	NA	NA	I/R
ERR1156320	S	NA	I/R	NA	NA	I/R	S	I/R	S	I/R	I/R	S	I/R	S	S
ERR1216302	I/R	NA	I/R	NA	NA	S	S	S	S	S	S	S	S	S	S
ERR1216303	I/R	NA	I/R	NA	NA	I/R	S	S	S	S	S	S	I/R	S	S
ERR1216304	S	NA	I/R	NA	NA	I/R	S	S	S	S	S	S	I/R	S	S
ERR1216305	I/R	NA	I/R	NA	NA	I/R	S	S	S	S	S	S	I/R	S	S
ERR1216306	S	NA	S	NA	NA	I/R	S	S	S	S	S	S	S	S	S
ERR375567	S	NA	NA	NA	NA	NA	NA	NA	NA	NA	NA	NA	NA	NA	NA
ERR375568	S	NA	NA	NA	NA	NA	NA	NA	NA	NA	NA	NA	NA	NA	NA
ERR375571	S	NA	NA	NA	NA	NA	NA	NA	NA	NA	NA	NA	NA	NA	NA
ERR375572	S	NA	NA	NA	NA	NA	NA	NA	NA	NA	NA	NA	NA	NA	NA
ERR375573	S	NA	NA	NA	NA	NA	NA	NA	NA	NA	NA	NA	NA	NA	NA
ERR375574	I/R	NA	NA	NA	NA	NA	NA	NA	NA	NA	NA	NA	NA	NA	NA
ERR375576	S	NA	NA	NA	NA	NA	NA	NA	NA	NA	NA	NA	NA	NA	NA
ERR375579	I/R	NA	NA	NA	NA	NA	NA	NA	NA	NA	NA	NA	NA	NA	NA
ERR375580	S	NA	NA	NA	NA	NA	NA	NA	NA	NA	NA	NA	NA	NA	NA
ERR375583	S	NA	NA	NA	NA	NA	NA	NA	NA	NA	NA	NA	NA	NA	NA
ERR375585	I/R	NA	NA	NA	NA	NA	NA	NA	NA	NA	NA	NA	NA	NA	NA
ERR1541759	I/R	NA	S	NA	NA	I/R	S	I/R	S	S	I/R	I/R	I/R	S	I/R
ERR1541760	I/R	NA	S	NA	NA	I/R	I/R	I/R	S	S	S	S	I/R	S	I/R
ERR1541761	I/R	NA	I/R	NA	NA	I/R	S	I/R	S	I/R	S	I/R	I/R	S	I/R
ERR1541762	I/R	NA	S	NA	NA	I/R	I/R	I/R	S	S	S	I/R	I/R	S	I/R
ERR1541763	I/R	NA	I/R	NA	NA	I/R	S	I/R	S	I/R	S	I/R	I/R	S	I/R
ERR1541764	I/R	NA	S	NA	NA	I/R	I/R	I/R	S	S	S	I/R	I/R	S	I/R
ERR1541765	I/R	NA	I/R	NA	NA	I/R	S	I/R	S	S	S	I/R	I/R	S	I/R
ERR1541766	I/R	NA	I/R	NA	NA	I/R	S	I/R	S	I/R	S	I/R	I/R	S	I/R
ERR1541767	I/R	NA	I/R	NA	NA	I/R	I/R	I/R	S	I/R	I/R	I/R	I/R	S	I/R
ERR1541769	NA	NA	NA	NA	NA	NA	NA	NA	NA	NA	NA	NA	NA	NA	NA
ERR1541770	NA	NA	NA	NA	NA	NA	NA	NA	NA	NA	NA	NA	NA	NA	NA
ERR1541771	NA	NA	NA	NA	NA	NA	NA	NA	NA	NA	NA	NA	NA	NA	NA
ERR1541772	NA	NA	NA	NA	NA	NA	NA	NA	NA	NA	NA	NA	NA	NA	NA
ERR1541773	I/R	NA	S	NA	NA	I/R	S	S	S	S	S	S	I/R	S	S
ERR1541774	I/R	NA	S	NA	NA	I/R	I/R	I/R	S	S	S	I/R	I/R	S	I/R
ERR1541775	I/R	NA	S	NA	NA	I/R	S	S	S	S	S	S	I/R	S	S
ERR1541776	I/R	NA	S	NA	NA	I/R	S	S	S	S	S	S	I/R	S	S
ERR1541777	I/R	NA	S	NA	NA	I/R	I/R	I/R	S	S	S	S	I/R	S	S
ERR1541778	I/R	NA	I/R	NA	NA	I/R	S	S	S	S	S	I/R	I/R	S	I/R
ERR1541779	I/R	NA	I/R	NA	NA	I/R	I/R	I/R	S	I/R	I/R	S	I/R	S	I/R
ERR1541781	I/R	NA	I/R	NA	NA	I/R	I/R	I/R	S	S	I/R	I/R	I/R	S	I/R
ERR1541782	I/R	NA	I/R	NA	NA	I/R	I/R	I/R	S	I/R	I/R	S	I/R	S	I/R
ERR1541783	NA	NA	NA	NA	NA	NA	NA	NA	NA	NA	NA	NA	NA	NA	NA
ERR1541784	NA	NA	NA	NA	NA	NA	NA	NA	NA	NA	NA	NA	NA	NA	NA
ERR1541785	I/R	NA	S	NA	NA	I/R	S	S	S	S	S	I/R	I/R	S	I/R
ERR1541786	I/R	NA	S	NA	NA	I/R	S	S	S	S	S	I/R	I/R	S	I/R
ERR1541787	I/R	NA	S	NA	NA	I/R	S	S	S	S	S	I/R	I/R	S	I/R
ERR1541788	I/R	NA	I/R	NA	NA	I/R	S	I/R	S	S	I/R	I/R	I/R	S	I/R
ERR1541789	I/R	NA	S	NA	NA	I/R	S	S	S	S	S	I/R	I/R	S	I/R
ERR1541790	NA	NA	NA	NA	NA	NA	NA	NA	NA	NA	NA	NA	NA	NA	NA
ERR1541791	I/R	NA	I/R	NA	NA	I/R	S	I/R	S	S	S	I/R	I/R	S	I/R
ERR1541792	I/R	NA	I/R	NA	NA	I/R	S	I/R	S	S	I/R	I/R	I/R	S	I/R
ERR1541793	I/R	NA	I/R	NA	NA	I/R	S	S	S	S	S	I/R	I/R	S	I/R
ERR1541794	I/R	NA	I/R	NA	NA	I/R	I/R	I/R	S	S	S	I/R	I/R	S	I/R
ERR1541795	I/R	NA	I/R	NA	NA	I/R	S	S	S	S	S	S	S	S	S
ERR1541796	I/R	NA	I/R	NA	NA	I/R	I/R	I/R	S	I/R	I/R	S	I/R	S	S
ERR1541797	I/R	NA	I/R	NA	NA	I/R	I/R	I/R	S	I/R	I/R	S	I/R	S	S
ERR1541798	NA	NA	NA	NA	NA	NA	NA	NA	NA	NA	NA	NA	NA	NA	NA
ERR1541799	I/R	NA	I/R	NA	NA	I/R	I/R	I/R	S	S	S	I/R	I/R	S	I/R
ERR1541800	I/R	NA	I/R	NA	NA	I/R	I/R	I/R	S	I/R	I/R	I/R	I/R	S	I/R
ERR1541802	NA	NA	NA	NA	NA	NA	NA	NA	NA	NA	NA	NA	NA	NA	NA
ERR1541803	NA	NA	NA	NA	NA	NA	NA	NA	NA	NA	NA	NA	NA	NA	NA
ERR1541804	I/R	NA	S	NA	NA	I/R	I/R	I/R	S	S	S	I/R	I/R	S	I/R
ERR1541805	NA	NA	NA	NA	NA	NA	NA	NA	NA	NA	NA	NA	NA	NA	NA
ERR1541806	NA	NA	NA	NA	NA	NA	NA	NA	NA	NA	NA	NA	NA	NA	NA
ERR1541807	I/R	NA	I/R	NA	NA	I/R	S	I/R	S	I/R	S	I/R	I/R	S	I/R
ERR1541808	I/R	NA	I/R	NA	NA	I/R	S	I/R	S	I/R	I/R	I/R	S	S	I/R
ERR1541809	I/R	NA	I/R	NA	NA	I/R	S	I/R	S	I/R	S	S	I/R	S	S
ERR1541810	NA	NA	NA	NA	NA	NA	NA	NA	NA	NA	NA	NA	NA	NA	NA
ERR1541811	NA	NA	NA	NA	NA	NA	NA	NA	NA	NA	NA	NA	NA	NA	NA
ERR1541812	I/R	NA	S	NA	NA	I/R	I/R	I/R	S	S	S	I/R	I/R	S	I/R
ERR1541813	I/R	NA	S	NA	NA	I/R	I/R	I/R	S	S	S	I/R	I/R	S	I/R
ERR1541814	I/R	NA	S	NA	NA	I/R	I/R	I/R	S	S	S	I/R	I/R	S	I/R
ERR1541815	I/R	NA	I/R	NA	NA	I/R	S	I/R	S	I/R	S	I/R	I/R	S	I/R
ERR1541817	I/R	NA	I/R	NA	NA	I/R	I/R	I/R	I/R	I/R	I/R	S	I/R	S	I/R
ERR1541818	NA	NA	NA	NA	NA	NA	NA	NA	NA	NA	NA	NA	NA	NA	NA
ERR1541819	NA	NA	NA	NA	NA	NA	NA	NA	NA	NA	NA	NA	NA	NA	NA
ERR1541820	NA	NA	NA	NA	NA	NA	NA	NA	NA	NA	NA	NA	NA	NA	NA
ERR1541821	NA	NA	NA	NA	NA	NA	NA	NA	NA	NA	NA	NA	NA	NA	NA
ERR1541822	I/R	NA	S	NA	NA	I/R	I/R	I/R	S	S	S	S	I/R	S	S
ERR1541823	I/R	NA	S	NA	NA	I/R	I/R	I/R	S	S	S	S	I/R	S	S
ERR1541824	I/R	NA	I/R	NA	NA	I/R	I/R	I/R	S	S	S	I/R	I/R	S	I/R
ERR1541825	I/R	NA	I/R	NA	NA	I/R	I/R	I/R	I/R	S	S	I/R	I/R	S	I/R
ERR1541826	I/R	NA	I/R	NA	NA	I/R	S	I/R	S	I/R	I/R	I/R	S	S	I/R
ERR1541827	I/R	NA	I/R	NA	NA	I/R	I/R	I/R	S	S	S	I/R	I/R	S	I/R
ERR1541828	I/R	NA	S	NA	NA	I/R	I/R	I/R	S	S	S	I/R	I/R	S	I/R
ERR1541829	I/R	NA	I/R	NA	NA	I/R	S	I/R	S	I/R	I/R	I/R	S	S	I/R
ERR1541830	I/R	NA	I/R	NA	NA	I/R	I/R	I/R	S	S	S	I/R	I/R	S	I/R
ERR1541831	I/R	NA	I/R	NA	NA	I/R	I/R	I/R	S	I/R	I/R	S	I/R	S	I/R
ERR1541832	I/R	NA	I/R	NA	NA	I/R	I/R	I/R	S	I/R	I/R	S	I/R	S	I/R
ERR1541833	I/R	NA	I/R	NA	NA	I/R	I/R	I/R	S	I/R	S	I/R	I/R	S	I/R
ERR1541834	I/R	NA	I/R	NA	NA	I/R	I/R	I/R	S	S	S	I/R	I/R	S	I/R
ERR1541835	NA	NA	NA	NA	NA	NA	NA	NA	NA	NA	NA	NA	NA	NA	NA
ERR1541836	NA	NA	NA	NA	NA	NA	NA	NA	NA	NA	NA	NA	NA	NA	NA
ERR1541837	NA	NA	NA	NA	NA	NA	NA	NA	NA	NA	NA	NA	NA	NA	NA
ERR1541838	NA	NA	NA	NA	NA	NA	NA	NA	NA	NA	NA	NA	NA	NA	NA
ERR1541839	NA	NA	NA	NA	NA	NA	NA	NA	NA	NA	NA	NA	NA	NA	NA
ERR1541840	NA	NA	NA	NA	NA	NA	NA	NA	NA	NA	NA	NA	NA	NA	NA
ERR1541841	NA	NA	NA	NA	NA	NA	NA	NA	NA	NA	NA	NA	NA	NA	NA
ERR1541842	NA	NA	NA	NA	NA	NA	NA	NA	NA	NA	NA	NA	NA	NA	NA
ERR1541843	NA	NA	NA	NA	NA	NA	NA	NA	NA	NA	NA	NA	NA	NA	NA
ERR1541844	NA	NA	NA	NA	NA	NA	NA	NA	NA	NA	NA	NA	NA	NA	NA
ERR1541845	NA	NA	NA	NA	NA	NA	NA	NA	NA	NA	NA	NA	NA	NA	NA
ERR1541846	NA	NA	NA	NA	NA	NA	NA	NA	NA	NA	NA	NA	NA	NA	NA
ERR1541847	I/R	NA	I/R	NA	NA	I/R	I/R	I/R	S	S	S	I/R	I/R	S	I/R
ERR1541848	I/R	NA	I/R	NA	NA	I/R	I/R	I/R	S	I/R	I/R	I/R	S	S	I/R
ERR1541849	I/R	NA	I/R	NA	NA	I/R	I/R	I/R	S	I/R	I/R	I/R	S	S	I/R
ERR1541850	I/R	NA	I/R	NA	NA	I/R	I/R	I/R	S	I/R	I/R	I/R	S	S	I/R
ERR1541851	I/R	NA	I/R	NA	NA	S	I/R	I/R	S	S	S	I/R	S	S	I/R
ERR1541852	I/R	NA	I/R	NA	NA	I/R	I/R	I/R	S	I/R	S	I/R	I/R	S	I/R
ERR1541853	I/R	NA	I/R	NA	NA	I/R	I/R	I/R	S	I/R	I/R	I/R	I/R	S	I/R
ERR1541854	I/R	NA	S	NA	NA	I/R	S	S	S	S	S	I/R	I/R	S	I/R
ERR1541855	NA	NA	NA	NA	NA	NA	NA	NA	NA	NA	NA	NA	NA	NA	NA
ERR1541856	I/R	NA	S	NA	NA	I/R	S	S	S	S	S	S	I/R	S	S
ERR1541857	NA	NA	NA	NA	NA	NA	NA	NA	NA	NA	NA	NA	NA	NA	NA
ERR1541858	NA	NA	NA	NA	NA	NA	NA	NA	NA	NA	NA	NA	NA	NA	NA
ERR1541859	I/R	NA	I/R	NA	NA	I/R	I/R	I/R	S	S	S	I/R	I/R	S	I/R
ERR1541860	I/R	NA	I/R	NA	NA	I/R	I/R	I/R	I/R	I/R	S	I/R	I/R	S	I/R
ERR1541861	I/R	NA	I/R	NA	NA	I/R	I/R	S	S	S	S	I/R	I/R	S	I/R
ERR1541862	I/R	NA	I/R	NA	NA	I/R	S	I/R	S	S	S	I/R	I/R	S	I/R
ERR1541863	I/R	NA	I/R	NA	NA	I/R	I/R	I/R	S	I/R	I/R	I/R	I/R	S	I/R
ERR1541864	I/R	NA	I/R	NA	NA	I/R	S	I/R	S	I/R	I/R	I/R	S	S	I/R
ERR1541865	I/R	NA	I/R	NA	NA	I/R	S	I/R	S	I/R	I/R	I/R	S	S	I/R
ERR1541866	I/R	NA	I/R	NA	NA	I/R	S	I/R	S	I/R	I/R	I/R	S	S	I/R
ERR1541867	I/R	NA	I/R	NA	NA	I/R	S	I/R	S	I/R	I/R	I/R	S	S	I/R
ERR1541868	I/R	NA	S	NA	NA	I/R	I/R	I/R	S	S	S	I/R	I/R	S	I/R
ERR1541869	I/R	NA	S	NA	NA	I/R	I/R	I/R	S	S	S	I/R	I/R	S	I/R
ERR1541870	I/R	NA	I/R	NA	NA	I/R	S	I/R	S	I/R	S	I/R	I/R	S	I/R
ERR1541871	I/R	NA	I/R	NA	NA	I/R	S	I/R	S	I/R	I/R	I/R	S	S	I/R
ERR1541872	I/R	NA	S	NA	NA	I/R	S	S	S	S	S	I/R	I/R	S	I/R
ERR1541873	I/R	NA	S	NA	NA	I/R	S	S	S	S	S	I/R	I/R	S	I/R
ERR1541874	I/R	NA	I/R	NA	NA	I/R	S	I/R	S	I/R	I/R	I/R	I/R	S	I/R
ERR1541875	I/R	NA	I/R	NA	NA	I/R	I/R	I/R	S	S	S	I/R	I/R	S	I/R
ERR1541876	I/R	NA	S	NA	NA	I/R	S	S	S	S	S	I/R	I/R	S	I/R
ERR1541877	I/R	NA	I/R	NA	NA	I/R	I/R	I/R	S	I/R	S	S	I/R	S	S
ERR1541878	I/R	NA	S	NA	NA	I/R	I/R	S	S	S	S	I/R	I/R	S	I/R
ERR1541879	I/R	NA	I/R	NA	NA	I/R	I/R	I/R	S	I/R	I/R	I/R	I/R	S	I/R
ERR1541880	I/R	NA	S	NA	NA	I/R	I/R	S	S	S	S	I/R	I/R	S	I/R
ERR1541881	I/R	NA	I/R	NA	NA	I/R	I/R	I/R	S	I/R	I/R	I/R	S	S	I/R
ERR1541882	I/R	NA	I/R	NA	NA	I/R	I/R	I/R	S	S	S	I/R	I/R	S	I/R
ERR1541883	I/R	NA	I/R	NA	NA	I/R	I/R	I/R	S	S	S	I/R	I/R	S	I/R
ERR1541884	I/R	NA	S	NA	NA	I/R	I/R	I/R	S	S	S	I/R	I/R	S	I/R
ERR1541885	I/R	NA	I/R	NA	NA	I/R	I/R	I/R	S	S	S	I/R	I/R	S	I/R
ERR1541886	I/R	NA	I/R	NA	NA	I/R	I/R	I/R	S	I/R	I/R	I/R	I/R	S	I/R
ERR1541887	I/R	NA	I/R	NA	NA	I/R	S	S	S	S	S	I/R	I/R	S	I/R
ERR1541888	I/R	NA	S	NA	NA	I/R	I/R	I/R	S	S	S	I/R	I/R	S	I/R
ERR1541889	I/R	NA	S	NA	NA	I/R	I/R	I/R	S	S	S	I/R	I/R	S	I/R
ERR1541890	NA	NA	NA	NA	NA	NA	NA	NA	NA	NA	NA	NA	NA	NA	NA
ERR1541891	I/R	NA	I/R	NA	NA	I/R	S	S	S	S	S	I/R	I/R	S	I/R
ERR1541892	I/R	NA	I/R	NA	NA	I/R	S	I/R	S	I/R	S	I/R	I/R	S	I/R
ERR1541893	I/R	NA	I/R	NA	NA	I/R	I/R	S	S	S	S	I/R	I/R	S	I/R
ERR1541894	I/R	NA	I/R	NA	NA	I/R	S	I/R	S	I/R	S	I/R	I/R	S	I/R
ERR1541895	I/R	NA	I/R	NA	NA	I/R	S	I/R	S	I/R	S	I/R	I/R	S	I/R
ERR1541896	I/R	NA	I/R	NA	NA	I/R	S	I/R	S	I/R	S	I/R	I/R	S	I/R
ERR1541897	I/R	NA	I/R	NA	NA	I/R	S	S	S	S	S	I/R	I/R	S	I/R
ERR1541898	I/R	NA	I/R	NA	NA	I/R	S	I/R	S	I/R	I/R	I/R	I/R	S	I/R
ERR1541899	NA	NA	NA	NA	NA	NA	NA	NA	NA	NA	NA	NA	NA	NA	NA
ERR1541900	NA	NA	NA	NA	NA	NA	NA	NA	NA	NA	NA	NA	NA	NA	NA
ERR1541901	I/R	NA	I/R	NA	NA	I/R	I/R	I/R	S	S	S	I/R	I/R	S	I/R
ERR1541902	I/R	NA	I/R	NA	NA	I/R	S	I/R	S	I/R	S	I/R	I/R	S	I/R
ERR1541903	I/R	NA	I/R	NA	NA	I/R	S	I/R	S	I/R	S	I/R	I/R	S	I/R
ERR1541904	I/R	NA	I/R	NA	NA	I/R	S	I/R	S	I/R	S	I/R	I/R	S	I/R
ERR1541905	I/R	NA	I/R	NA	NA	I/R	S	I/R	S	I/R	S	I/R	I/R	S	I/R
ERR1541906	I/R	NA	S	NA	NA	I/R	S	S	S	S	S	I/R	I/R	S	I/R
ERR1541907	I/R	NA	S	NA	NA	I/R	S	S	S	S	S	I/R	I/R	S	I/R
ERR1541908	I/R	NA	I/R	NA	NA	I/R	S	I/R	S	I/R	S	I/R	I/R	S	I/R
ERR1541909	I/R	NA	I/R	NA	NA	I/R	S	I/R	S	I/R	S	I/R	I/R	S	I/R
ERR1541910	I/R	NA	I/R	NA	NA	I/R	S	I/R	S	I/R	S	I/R	I/R	S	I/R
ERR1541911	I/R	NA	I/R	NA	NA	I/R	S	I/R	S	I/R	S	I/R	I/R	S	I/R
ERR1541912	I/R	NA	I/R	NA	NA	I/R	S	I/R	S	I/R	I/R	I/R	I/R	S	I/R
ERR1541913	I/R	NA	I/R	NA	NA	I/R	S	I/R	S	I/R	I/R	I/R	S	S	I/R
ERR1541914	I/R	NA	I/R	NA	NA	I/R	I/R	I/R	S	S	S	I/R	I/R	S	I/R
ERR1541915	I/R	NA	I/R	NA	NA	I/R	S	I/R	S	I/R	S	I/R	I/R	S	I/R
ERR1541916	NA	NA	NA	NA	NA	NA	NA	NA	NA	NA	NA	NA	NA	NA	NA
ERR1541917	NA	NA	NA	NA	NA	NA	NA	NA	NA	NA	NA	NA	NA	NA	NA
ERR1541918	NA	NA	NA	NA	NA	NA	NA	NA	NA	NA	NA	NA	NA	NA	NA
ERR1541919	NA	NA	NA	NA	NA	NA	NA	NA	NA	NA	NA	NA	NA	NA	NA
ERR1541920	NA	NA	NA	NA	NA	NA	NA	NA	NA	NA	NA	NA	NA	NA	NA
ERR1541921	I/R	NA	I/R	NA	NA	I/R	I/R	I/R	S	I/R	I/R	S	I/R	S	I/R
ERR1541922	I/R	NA	I/R	NA	NA	I/R	I/R	I/R	S	S	I/R	S	I/R	S	I/R
ERR1541923	I/R	NA	S	NA	NA	I/R	I/R	I/R	S	S	S	I/R	I/R	S	I/R
ERR1541924	NA	NA	NA	NA	NA	NA	NA	NA	NA	NA	NA	NA	NA	NA	NA
ERR1541925	I/R	NA	I/R	NA	NA	I/R	I/R	I/R	S	S	S	I/R	I/R	S	I/R
ERR1541926	I/R	NA	S	NA	NA	I/R	S	S	S	S	S	I/R	S	S	I/R
ERR1541927	I/R	NA	I/R	NA	NA	I/R	I/R	I/R	S	I/R	I/R	S	I/R	S	S
ERR1541928	I/R	NA	S	NA	NA	I/R	S	S	S	S	S	S	I/R	S	S
ERR1541929	I/R	NA	I/R	NA	NA	I/R	I/R	I/R	S	I/R	I/R	S	I/R	S	I/R
ERR1541930	I/R	NA	I/R	NA	NA	I/R	I/R	I/R	S	I/R	I/R	S	I/R	S	I/R
ERR1541931	NA	NA	NA	NA	NA	NA	NA	NA	NA	NA	NA	NA	NA	NA	NA
ERR1541932	NA	NA	NA	NA	NA	NA	NA	NA	NA	NA	NA	NA	NA	NA	NA
ERR1541933	NA	NA	NA	NA	NA	NA	NA	NA	NA	NA	NA	NA	NA	NA	NA
ERR1541934	I/R	NA	I/R	NA	NA	I/R	S	I/R	S	I/R	S	I/R	I/R	S	I/R
ERR1541935	NA	NA	NA	NA	NA	NA	NA	NA	NA	NA	NA	NA	NA	NA	NA
ERR1541936	NA	NA	NA	NA	NA	NA	NA	NA	NA	NA	NA	NA	NA	NA	NA
ERR1541937	NA	NA	NA	NA	NA	NA	NA	NA	NA	NA	NA	NA	NA	NA	NA
ERR1541938	NA	NA	NA	NA	NA	NA	NA	NA	NA	NA	NA	NA	NA	NA	NA
ERR1541939	NA	NA	NA	NA	NA	NA	NA	NA	NA	NA	NA	NA	NA	NA	NA
ERR1541940	I/R	NA	I/R	NA	NA	I/R	S	I/R	S	I/R	I/R	I/R	I/R	S	I/R
ERR1541941	I/R	NA	I/R	NA	NA	I/R	S	I/R	S	I/R	I/R	I/R	I/R	S	I/R
ERR1541942	I/R	NA	S	NA	NA	I/R	S	S	S	S	S	I/R	I/R	S	I/R
ERR1541943	I/R	NA	I/R	NA	NA	I/R	I/R	I/R	S	S	I/R	I/R	I/R	S	I/R
ERR1541944	I/R	NA	I/R	NA	NA	I/R	I/R	I/R	S	S	I/R	I/R	I/R	S	I/R
ERR1541945	I/R	NA	I/R	NA	NA	I/R	I/R	I/R	S	S	I/R	I/R	I/R	S	I/R
ERR1541946	I/R	NA	I/R	NA	NA	I/R	I/R	I/R	S	S	I/R	I/R	I/R	S	I/R
ERR1541947	I/R	NA	I/R	NA	NA	I/R	I/R	I/R	S	S	I/R	I/R	I/R	S	I/R
ERR1541948	I/R	NA	I/R	NA	NA	I/R	S	I/R	S	I/R	S	I/R	I/R	S	I/R
ERR1541949	I/R	NA	I/R	NA	NA	I/R	I/R	I/R	S	S	S	I/R	I/R	S	I/R
ERR1541950	NA	NA	NA	NA	NA	NA	NA	NA	NA	NA	NA	NA	NA	NA	NA
ERR1541951	NA	NA	NA	NA	NA	NA	NA	NA	NA	NA	NA	NA	NA	NA	NA
ERR1541952	I/R	NA	I/R	NA	NA	I/R	S	S	S	S	I/R	I/R	I/R	S	I/R
ERR1541953	I/R	NA	I/R	NA	NA	I/R	I/R	I/R	S	S	I/R	I/R	I/R	S	I/R
ERR1541954	I/R	NA	I/R	NA	NA	I/R	S	I/R	S	S	I/R	I/R	I/R	S	I/R
ERR1541956	I/R	NA	I/R	NA	NA	I/R	I/R	I/R	S	I/R	I/R	I/R	I/R	S	I/R
ERR1541957	I/R	NA	I/R	NA	NA	I/R	I/R	I/R	S	I/R	I/R	I/R	I/R	S	I/R
ERR1541958	I/R	NA	I/R	NA	NA	I/R	I/R	I/R	S	I/R	I/R	I/R	I/R	S	I/R
ERR1541959	I/R	NA	I/R	NA	NA	I/R	I/R	I/R	S	I/R	I/R	I/R	I/R	S	I/R
ERR1541960	I/R	NA	I/R	NA	NA	I/R	I/R	I/R	S	I/R	I/R	I/R	I/R	S	I/R
ERR1541961	I/R	NA	I/R	NA	NA	I/R	S	I/R	S	I/R	I/R	I/R	S	S	I/R
ERR1541962	I/R	NA	I/R	NA	NA	I/R	S	S	S	S	S	I/R	I/R	S	I/R
ERR1541963	I/R	NA	S	NA	NA	I/R	S	S	S	S	S	I/R	S	S	I/R
ERR1541964	I/R	NA	I/R	NA	NA	I/R	I/R	I/R	S	S	S	I/R	I/R	S	I/R
ERR1541965	I/R	NA	S	NA	NA	I/R	I/R	I/R	S	S	S	I/R	I/R	S	I/R
ERR1541966	I/R	NA	I/R	NA	NA	I/R	S	I/R	S	I/R	S	I/R	I/R	S	I/R
ERR1541967	I/R	NA	I/R	NA	NA	I/R	I/R	I/R	S	S	S	I/R	I/R	S	I/R
ERR1541968	NA	NA	NA	NA	NA	NA	NA	NA	NA	NA	NA	NA	NA	NA	NA
ERR1541969	NA	NA	NA	NA	NA	NA	NA	NA	NA	NA	NA	NA	NA	NA	NA
ERR1541970	NA	NA	NA	NA	NA	NA	NA	NA	NA	NA	NA	NA	NA	NA	NA
ERR1541971	NA	NA	NA	NA	NA	NA	NA	NA	NA	NA	NA	NA	NA	NA	NA
ERR1541972	I/R	NA	I/R	NA	NA	I/R	I/R	I/R	S	S	S	I/R	I/R	S	I/R
ERR1541974	I/R	NA	I/R	NA	NA	I/R	S	I/R	S	I/R	S	I/R	I/R	S	I/R
ERR1541975	I/R	NA	I/R	NA	NA	I/R	I/R	I/R	S	I/R	S	I/R	I/R	S	I/R
ERR1541976	I/R	NA	S	NA	NA	I/R	I/R	S	S	S	S	S	I/R	S	S
ERR1541977	I/R	NA	S	NA	NA	I/R	I/R	S	S	S	S	I/R	I/R	S	I/R
ERR1541978	I/R	NA	S	NA	NA	I/R	S	S	S	S	S	S	I/R	S	S
ERR1541979	I/R	NA	I/R	NA	NA	I/R	I/R	I/R	S	I/R	I/R	I/R	I/R	S	I/R
ERR1541980	NA	NA	NA	NA	NA	NA	NA	NA	NA	NA	NA	NA	NA	NA	NA
ERR1541981	I/R	NA	S	NA	NA	I/R	I/R	I/R	S	S	S	I/R	S	S	I/R
ERR1541982	NA	NA	NA	NA	NA	NA	NA	NA	NA	NA	NA	NA	NA	NA	NA
ERR1541983	NA	NA	NA	NA	NA	NA	NA	NA	NA	NA	NA	NA	NA	NA	NA
ERR1541984	I/R	NA	I/R	NA	NA	I/R	I/R	I/R	S	S	I/R	I/R	I/R	S	I/R
ERR1541985	NA	NA	NA	NA	NA	NA	NA	NA	NA	NA	NA	NA	NA	NA	NA
ERR1541986	I/R	NA	I/R	NA	NA	I/R	S	I/R	S	I/R	I/R	I/R	I/R	S	I/R
ERR1541987	I/R	NA	I/R	NA	NA	I/R	S	I/R	S	I/R	I/R	I/R	I/R	S	I/R
ERR1541988	NA	NA	NA	NA	NA	NA	NA	NA	NA	NA	NA	NA	NA	NA	NA
ERR1541989	I/R	NA	I/R	NA	NA	I/R	I/R	I/R	S	I/R	I/R	I/R	I/R	S	I/R
ERR1541990	I/R	NA	I/R	NA	NA	I/R	I/R	I/R	S	S	S	I/R	I/R	S	I/R
ERR1541991	NA	NA	NA	NA	NA	NA	NA	NA	NA	NA	NA	NA	NA	NA	NA
ERR1541992	I/R	NA	S	NA	NA	I/R	I/R	I/R	S	S	S	S	I/R	S	S
ERR1541993	I/R	NA	I/R	NA	NA	I/R	S	I/R	S	I/R	S	I/R	I/R	S	I/R
ERR1541994	NA	NA	NA	NA	NA	NA	NA	NA	NA	NA	NA	NA	NA	NA	NA
ERR1541995	NA	NA	NA	NA	NA	NA	NA	NA	NA	NA	NA	NA	NA	NA	NA
ERR1541996	I/R	NA	S	NA	NA	I/R	S	S	S	S	S	S	I/R	S	S
ERR1541997	I/R	NA	I/R	NA	NA	I/R	I/R	I/R	S	I/R	I/R	I/R	I/R	S	I/R
ERR1541998	I/R	NA	I/R	NA	NA	I/R	I/R	I/R	S	I/R	I/R	I/R	I/R	S	I/R
ERR1541999	I/R	NA	I/R	NA	NA	I/R	S	I/R	S	I/R	S	I/R	I/R	S	I/R
ERR1542000	I/R	NA	I/R	NA	NA	I/R	I/R	I/R	S	S	S	I/R	I/R	S	I/R
ERR1542001	I/R	NA	I/R	NA	NA	I/R	S	I/R	S	I/R	S	I/R	I/R	S	I/R
ERR1542002	NA	NA	NA	NA	NA	NA	NA	NA	NA	NA	NA	NA	NA	NA	NA
ERR1542003	I/R	NA	I/R	NA	NA	I/R	I/R	I/R	S	S	I/R	I/R	I/R	S	I/R
ERR1542004	I/R	NA	I/R	NA	NA	I/R	S	I/R	S	I/R	S	I/R	I/R	S	I/R
ERR1542005	I/R	NA	S	NA	NA	I/R	S	S	S	S	S	I/R	S	S	I/R
ERR1542006	NA	NA	NA	NA	NA	NA	NA	NA	NA	NA	NA	NA	NA	NA	NA
ERR1542007	NA	NA	NA	NA	NA	NA	NA	NA	NA	NA	NA	NA	NA	NA	NA
ERR1542008	I/R	NA	I/R	NA	NA	I/R	S	I/R	S	I/R	S	I/R	I/R	S	I/R
ERR1542009	NA	NA	NA	NA	NA	NA	NA	NA	NA	NA	NA	NA	NA	NA	NA
ERR1542010	NA	NA	NA	NA	NA	NA	NA	NA	NA	NA	NA	NA	NA	NA	NA
ERR1542011	I/R	NA	S	NA	NA	I/R	I/R	I/R	S	S	S	S	I/R	S	S
ERR1542012	I/R	NA	S	NA	NA	I/R	I/R	I/R	S	S	S	I/R	I/R	S	I/R
ERR1542013	I/R	NA	S	NA	NA	I/R	I/R	I/R	S	S	S	I/R	I/R	S	I/R
ERR1542014	I/R	NA	I/R	NA	NA	I/R	S	I/R	S	S	I/R	I/R	I/R	S	I/R
ERR1542015	I/R	NA	I/R	NA	NA	I/R	S	I/R	S	S	I/R	I/R	I/R	S	I/R
ERR1542016	I/R	NA	I/R	NA	NA	I/R	S	I/R	S	S	I/R	I/R	I/R	S	I/R
ERR1542017	I/R	NA	I/R	NA	NA	I/R	S	I/R	S	S	I/R	I/R	I/R	S	I/R
ERR1542018	I/R	NA	I/R	NA	NA	I/R	S	I/R	S	S	I/R	I/R	I/R	S	I/R
ERR1542019	I/R	NA	I/R	NA	NA	I/R	S	I/R	S	I/R	S	I/R	I/R	S	I/R
ERR1542020	NA	NA	NA	NA	NA	NA	NA	NA	NA	NA	NA	NA	NA	NA	NA
ERR1542021	NA	NA	NA	NA	NA	NA	NA	NA	NA	NA	NA	NA	NA	NA	NA
ERR1542022	I/R	NA	I/R	NA	NA	I/R	I/R	I/R	S	I/R	I/R	I/R	I/R	S	I/R
ERR1542023	NA	NA	NA	NA	NA	NA	NA	NA	NA	NA	NA	NA	NA	NA	NA
ERR1542024	I/R	NA	I/R	NA	NA	I/R	S	S	S	S	S	I/R	I/R	S	I/R
ERR1542025	I/R	NA	I/R	NA	NA	I/R	S	S	S	S	S	I/R	I/R	S	I/R
ERR1542026	I/R	NA	I/R	NA	NA	I/R	S	S	S	S	S	I/R	I/R	S	I/R
ERR1542027	I/R	NA	I/R	NA	NA	I/R	S	S	S	S	S	I/R	I/R	S	I/R
ERR1542028	I/R	NA	I/R	NA	NA	I/R	S	S	S	S	S	I/R	I/R	S	I/R
ERR1542029	I/R	NA	I/R	NA	NA	I/R	I/R	I/R	S	S	S	I/R	S	S	I/R
ERR1542030	I/R	NA	I/R	NA	NA	I/R	I/R	I/R	S	S	S	I/R	S	S	I/R
ERR1542031	I/R	NA	I/R	NA	NA	I/R	I/R	I/R	S	S	S	I/R	S	S	I/R
ERR1542032	I/R	NA	I/R	NA	NA	I/R	I/R	I/R	S	S	S	I/R	S	S	I/R
ERR1542033	I/R	NA	I/R	NA	NA	I/R	I/R	I/R	S	S	S	I/R	S	S	I/R
ERR1542034	I/R	NA	S	NA	NA	I/R	I/R	I/R	S	S	S	I/R	I/R	S	I/R
ERR1542035	I/R	NA	S	NA	NA	I/R	I/R	I/R	S	S	S	I/R	I/R	S	I/R
ERR1542036	I/R	NA	S	NA	NA	I/R	I/R	I/R	S	S	S	I/R	I/R	S	I/R
ERR1542037	I/R	NA	I/R	NA	NA	I/R	S	I/R	S	S	I/R	I/R	I/R	S	I/R
ERR1542038	I/R	NA	I/R	NA	NA	I/R	S	I/R	S	I/R	S	I/R	I/R	S	I/R
ERR1542039	NA	NA	NA	NA	NA	NA	NA	NA	NA	NA	NA	NA	NA	NA	NA
ERR1542040	NA	NA	NA	NA	NA	NA	NA	NA	NA	NA	NA	NA	NA	NA	NA
ERR1542041	NA	NA	NA	NA	NA	NA	NA	NA	NA	NA	NA	NA	NA	NA	NA
ERR1542042	NA	NA	NA	NA	NA	NA	NA	NA	NA	NA	NA	NA	NA	NA	NA
ERR1542043	NA	NA	NA	NA	NA	NA	NA	NA	NA	NA	NA	NA	NA	NA	NA
ERR1542044	NA	NA	NA	NA	NA	NA	NA	NA	NA	NA	NA	NA	NA	NA	NA
ERR1542045	NA	NA	NA	NA	NA	NA	NA	NA	NA	NA	NA	NA	NA	NA	NA
ERR1542047	I/R	NA	S	NA	NA	I/R	S	S	S	S	S	I/R	I/R	S	I/R
ERR1542048	I/R	NA	I/R	NA	NA	I/R	S	I/R	S	S	I/R	I/R	I/R	S	I/R
ERR1542049	I/R	NA	I/R	NA	NA	I/R	S	I/R	S	S	S	I/R	I/R	S	I/R
ERR1542050	I/R	NA	I/R	NA	NA	I/R	S	I/R	S	I/R	S	I/R	I/R	S	I/R
ERR1542051	I/R	NA	I/R	NA	NA	I/R	S	I/R	S	I/R	S	I/R	I/R	S	I/R
ERR1542052	I/R	NA	I/R	NA	NA	I/R	S	I/R	S	I/R	S	I/R	I/R	S	I/R
ERR1542053	I/R	NA	I/R	NA	NA	I/R	I/R	I/R	S	I/R	I/R	I/R	I/R	S	I/R
ERR1542054	NA	NA	NA	NA	NA	NA	NA	NA	NA	NA	NA	NA	NA	NA	NA
ERR1542055	NA	NA	NA	NA	NA	NA	NA	NA	NA	NA	NA	NA	NA	NA	NA
ERR1542056	NA	NA	NA	NA	NA	NA	NA	NA	NA	NA	NA	NA	NA	NA	NA
ERR1542057	NA	NA	NA	NA	NA	NA	NA	NA	NA	NA	NA	NA	NA	NA	NA
ERR1542058	NA	NA	NA	NA	NA	NA	NA	NA	NA	NA	NA	NA	NA	NA	NA
ERR1542059	NA	NA	NA	NA	NA	NA	NA	NA	NA	NA	NA	NA	NA	NA	NA
ERR1542060	NA	NA	NA	NA	NA	NA	NA	NA	NA	NA	NA	NA	NA	NA	NA
ERR1542061	NA	NA	NA	NA	NA	NA	NA	NA	NA	NA	NA	NA	NA	NA	NA
ERR1542062	NA	NA	NA	NA	NA	NA	NA	NA	NA	NA	NA	NA	NA	NA	NA
ERR1542063	NA	NA	NA	NA	NA	NA	NA	NA	NA	NA	NA	NA	NA	NA	NA
ERR1542064	NA	NA	NA	NA	NA	NA	NA	NA	NA	NA	NA	NA	NA	NA	NA
ERR1542065	NA	NA	NA	NA	NA	NA	NA	NA	NA	NA	NA	NA	NA	NA	NA
ERR1542066	NA	NA	NA	NA	NA	NA	NA	NA	NA	NA	NA	NA	NA	NA	NA
ERR1542067	NA	NA	NA	NA	NA	NA	NA	NA	NA	NA	NA	NA	NA	NA	NA
ERR1542068	NA	NA	NA	NA	NA	NA	NA	NA	NA	NA	NA	NA	NA	NA	NA
ERR1542069	NA	NA	NA	NA	NA	NA	NA	NA	NA	NA	NA	NA	NA	NA	NA
ERR1542070	NA	NA	NA	NA	NA	NA	NA	NA	NA	NA	NA	NA	NA	NA	NA
ERR1542071	NA	NA	NA	NA	NA	NA	NA	NA	NA	NA	NA	NA	NA	NA	NA
ERR1542072	NA	NA	NA	NA	NA	NA	NA	NA	NA	NA	NA	NA	NA	NA	NA
ERR1542073	NA	NA	NA	NA	NA	NA	NA	NA	NA	NA	NA	NA	NA	NA	NA
ERR1542074	NA	NA	NA	NA	NA	NA	NA	NA	NA	NA	NA	NA	NA	NA	NA
ERR1542075	NA	NA	NA	NA	NA	NA	NA	NA	NA	NA	NA	NA	NA	NA	NA
ERR1542076	I/R	NA	S	NA	NA	I/R	S	S	S	S	S	S	I/R	S	S
ERR1542077	NA	NA	NA	NA	NA	NA	NA	NA	NA	NA	NA	NA	NA	NA	NA
ERR1542078	NA	NA	NA	NA	NA	NA	NA	NA	NA	NA	NA	NA	NA	NA	NA
ERR1542079	I/R	NA	I/R	NA	NA	I/R	I/R	I/R	S	S	S	I/R	I/R	S	I/R
ERR1542080	I/R	NA	I/R	NA	NA	I/R	I/R	I/R	S	S	S	I/R	I/R	S	I/R
ERR1542081	I/R	NA	I/R	NA	NA	I/R	I/R	I/R	S	S	S	I/R	I/R	S	I/R
ERR1542082	I/R	NA	I/R	NA	NA	I/R	I/R	I/R	S	S	S	I/R	I/R	S	I/R
ERR1542083	I/R	NA	I/R	NA	NA	I/R	I/R	I/R	S	S	S	I/R	I/R	S	I/R
ERR1542084	I/R	NA	I/R	NA	NA	I/R	S	I/R	S	I/R	S	I/R	I/R	S	I/R
ERR1542085	I/R	NA	I/R	NA	NA	I/R	S	I/R	S	I/R	S	I/R	I/R	S	I/R
ERR1542086	I/R	NA	I/R	NA	NA	I/R	S	I/R	S	I/R	S	I/R	I/R	S	I/R
ERR1542087	I/R	NA	I/R	NA	NA	I/R	S	I/R	S	I/R	S	I/R	I/R	S	I/R
ERR1542088	I/R	NA	I/R	NA	NA	I/R	S	I/R	S	I/R	S	I/R	I/R	S	I/R
ERR1542089	I/R	NA	I/R	NA	NA	I/R	S	I/R	S	I/R	S	I/R	I/R	S	I/R
ERR1542090	NA	NA	NA	NA	NA	I/R	NA	NA	NA	NA	NA	I/R	NA	S	I/R
ERR1542091	NA	NA	NA	NA	NA	I/R	NA	NA	NA	NA	NA	I/R	NA	NA	I/R
ERR1542092	I/R	NA	S	NA	NA	I/R	S	I/R	S	S	I/R	I/R	S	S	I/R
ERR1542093	I/R	NA	S	NA	NA	I/R	S	I/R	S	S	I/R	S	S	S	I/R
ERR1542094	I/R	NA	S	NA	NA	I/R	NA	I/R	S	S	NA	I/R	S	S	I/R
ERR1542095	I/R	NA	I/R	NA	NA	I/R	S	I/R	S	I/R	S	I/R	I/R	S	I/R
ERR1542096	I/R	NA	I/R	NA	NA	I/R	S	I/R	S	I/R	S	I/R	I/R	S	I/R
ERR1542097	I/R	NA	I/R	NA	NA	I/R	I/R	I/R	S	I/R	I/R	S	I/R	S	I/R
ERR1542098	I/R	NA	I/R	NA	NA	I/R	I/R	I/R	S	I/R	I/R	S	I/R	S	I/R
ERR1542099	I/R	NA	S	NA	NA	I/R	S	S	S	S	S	S	I/R	S	S
ERR1542100	I/R	NA	I/R	NA	NA	I/R	S	I/R	S	S	I/R	I/R	I/R	S	I/R
ERR1542101	I/R	NA	S	NA	NA	I/R	I/R	I/R	S	S	S	I/R	I/R	S	I/R
ERR1542102	NA	NA	NA	NA	NA	NA	NA	NA	NA	NA	NA	NA	NA	NA	NA
ERR1542103	I/R	NA	I/R	NA	NA	I/R	I/R	I/R	S	I/R	I/R	S	I/R	S	S
ERR1542104	I/R	NA	S	NA	NA	I/R	I/R	I/R	S	S	S	I/R	I/R	S	I/R
ERR1542105	I/R	NA	S	NA	NA	I/R	I/R	I/R	S	S	S	I/R	I/R	S	I/R
ERR1542106	I/R	NA	I/R	NA	NA	I/R	S	I/R	S	I/R	S	I/R	I/R	S	I/R
ERR1542107	I/R	NA	I/R	NA	NA	I/R	S	I/R	S	I/R	S	I/R	I/R	S	I/R
ERR1542108	I/R	NA	I/R	NA	NA	I/R	S	I/R	S	I/R	S	I/R	I/R	S	I/R
ERR1542109	I/R	NA	I/R	NA	NA	I/R	S	I/R	S	I/R	S	I/R	I/R	S	I/R
ERR1542110	I/R	NA	I/R	NA	NA	I/R	S	I/R	S	I/R	S	I/R	I/R	S	I/R
ERR1542111	I/R	NA	I/R	NA	NA	I/R	I/R	I/R	S	S	S	I/R	I/R	S	I/R
ERR1542112	I/R	NA	I/R	NA	NA	I/R	I/R	I/R	S	S	S	I/R	I/R	S	I/R
ERR1542113	I/R	NA	I/R	NA	NA	I/R	S	I/R	S	I/R	S	I/R	I/R	S	I/R
ERR1542114	I/R	NA	S	NA	NA	I/R	S	S	S	S	S	I/R	I/R	S	I/R
ERR1542115	NA	NA	NA	NA	NA	NA	NA	NA	NA	NA	NA	NA	NA	NA	NA
ERR1542116	NA	NA	NA	NA	NA	NA	NA	NA	NA	NA	NA	NA	NA	NA	NA
ERR1542117	NA	NA	NA	NA	NA	NA	NA	NA	NA	NA	NA	NA	NA	NA	NA
ERR1542118	NA	NA	NA	NA	NA	NA	NA	NA	NA	NA	NA	NA	NA	NA	NA
ERR1542119	NA	NA	NA	NA	NA	NA	NA	NA	NA	NA	NA	NA	NA	NA	NA
ERR1542120	NA	NA	NA	NA	NA	NA	NA	NA	NA	NA	NA	NA	NA	NA	NA
ERR1542121	NA	NA	NA	NA	NA	NA	NA	NA	NA	NA	NA	NA	NA	NA	NA
ERR1542122	NA	NA	NA	NA	NA	NA	NA	NA	NA	NA	NA	NA	NA	NA	NA
ERR1542123	NA	NA	NA	NA	NA	NA	NA	NA	NA	NA	NA	NA	NA	NA	NA
ERR1542124	NA	NA	NA	NA	NA	NA	NA	NA	NA	NA	NA	NA	NA	NA	NA
ERR1542125	NA	NA	NA	NA	NA	NA	NA	NA	NA	NA	NA	NA	NA	NA	NA
ERR1542126	NA	NA	NA	NA	NA	NA	NA	NA	NA	NA	NA	NA	NA	NA	NA
ERR1542127	NA	NA	NA	NA	NA	NA	NA	NA	NA	NA	NA	NA	NA	NA	NA
ERR1542128	NA	NA	NA	NA	NA	NA	NA	NA	NA	NA	NA	NA	NA	NA	NA
ERR1542129	NA	NA	NA	NA	NA	NA	NA	NA	NA	NA	NA	NA	NA	NA	NA
ERR1542130	NA	NA	NA	NA	NA	NA	NA	NA	NA	NA	NA	NA	NA	NA	NA
ERR1542131	I/R	NA	S	NA	NA	I/R	I/R	I/R	S	S	S	S	I/R	S	S
ERR1542132	I/R	NA	S	NA	NA	I/R	I/R	I/R	S	S	S	S	I/R	S	S
ERR1542133	I/R	NA	I/R	NA	NA	I/R	S	I/R	S	S	I/R	I/R	I/R	S	I/R
ERR1542134	I/R	NA	I/R	NA	NA	I/R	S	I/R	S	S	I/R	I/R	I/R	S	I/R
ERR1542135	I/R	NA	I/R	NA	NA	I/R	S	I/R	S	S	I/R	I/R	I/R	S	I/R
ERR1542136	I/R	NA	I/R	NA	NA	I/R	I/R	I/R	S	S	S	I/R	I/R	S	I/R
ERR1542137	NA	NA	NA	NA	NA	NA	NA	NA	NA	NA	NA	NA	NA	NA	NA
ERR1542138	I/R	NA	S	NA	NA	I/R	S	I/R	S	S	I/R	I/R	I/R	S	I/R
ERR1542139	I/R	NA	I/R	NA	NA	I/R	I/R	I/R	S	S	I/R	I/R	I/R	S	I/R
ERR1542140	I/R	NA	I/R	NA	NA	I/R	I/R	I/R	S	I/R	I/R	S	I/R	S	S
ERR1542141	S	NA	I/R	NA	NA	I/R	S	S	S	S	S	S	S	S	S
ERR1542143	I/R	NA	I/R	NA	NA	I/R	S	I/R	S	S	I/R	I/R	I/R	S	I/R
ERR1542144	I/R	NA	I/R	NA	NA	I/R	S	I/R	S	S	S	I/R	I/R	S	I/R
ERR1542145	NA	NA	NA	NA	NA	NA	NA	NA	NA	NA	NA	NA	NA	NA	NA
ERR1542146	I/R	NA	I/R	NA	NA	I/R	I/R	I/R	S	I/R	I/R	S	I/R	S	S
ERR1542147	NA	NA	NA	NA	NA	NA	NA	NA	NA	NA	NA	NA	NA	NA	NA
ERR1542148	I/R	NA	I/R	NA	NA	I/R	S	S	S	S	S	I/R	I/R	S	I/R
ERR1542149	NA	NA	NA	NA	NA	NA	NA	NA	NA	NA	NA	NA	NA	NA	NA
ERR1542150	I/R	NA	I/R	NA	NA	I/R	S	I/R	S	I/R	S	I/R	I/R	S	I/R
ERR1542151	I/R	NA	I/R	NA	NA	I/R	I/R	I/R	S	S	S	I/R	I/R	S	I/R
ERR1542152	I/R	NA	I/R	NA	NA	I/R	S	I/R	S	S	S	I/R	I/R	S	I/R
ERR1542153	I/R	NA	I/R	NA	NA	I/R	I/R	I/R	S	S	S	I/R	I/R	S	I/R
ERR1542154	I/R	NA	I/R	NA	NA	I/R	I/R	I/R	S	I/R	I/R	I/R	I/R	S	I/R
ERR1542155	I/R	NA	S	NA	NA	I/R	I/R	I/R	S	S	S	I/R	I/R	S	I/R
ERR1542156	I/R	NA	I/R	NA	NA	I/R	S	I/R	S	S	I/R	I/R	I/R	S	I/R
ERR1542157	NA	NA	NA	NA	NA	NA	NA	NA	NA	NA	NA	NA	NA	NA	NA
ERR1542158	I/R	NA	I/R	NA	NA	I/R	I/R	S	S	I/R	S	I/R	I/R	S	I/R
ERR1542159	I/R	NA	I/R	NA	NA	I/R	I/R	S	S	I/R	S	I/R	I/R	S	I/R
ERR1542160	I/R	NA	I/R	NA	NA	I/R	I/R	S	S	I/R	S	I/R	I/R	S	I/R
ERR1542161	I/R	NA	I/R	NA	NA	I/R	I/R	S	S	I/R	S	I/R	I/R	S	I/R
ERR1542162	I/R	NA	I/R	NA	NA	I/R	I/R	S	S	I/R	S	I/R	I/R	S	I/R
ERR1542163	I/R	NA	I/R	NA	NA	I/R	I/R	I/R	S	S	S	I/R	S	S	I/R
ERR1542164	NA	NA	NA	NA	NA	NA	NA	NA	NA	NA	NA	NA	NA	NA	NA
ERR1542165	I/R	NA	I/R	NA	NA	I/R	S	I/R	S	S	I/R	S	I/R	S	S
ERR1542166	I/R	NA	I/R	NA	NA	I/R	I/R	I/R	S	I/R	I/R	I/R	I/R	S	I/R
ERR1542167	I/R	NA	S	NA	NA	I/R	I/R	S	S	S	S	S	I/R	S	S
ERR1542168	I/R	NA	I/R	NA	NA	I/R	I/R	I/R	S	S	S	I/R	I/R	S	I/R
ERR1542169	I/R	NA	I/R	NA	NA	I/R	S	I/R	S	S	I/R	I/R	I/R	S	I/R
ERR1542170	I/R	NA	I/R	NA	NA	I/R	I/R	I/R	S	I/R	I/R	S	I/R	S	S
ERR1542171	I/R	NA	S	NA	NA	I/R	S	S	S	S	S	S	I/R	S	S
ERR1542172	I/R	NA	I/R	NA	NA	I/R	I/R	I/R	S	S	S	I/R	I/R	S	I/R
ERR1542173	I/R	NA	I/R	NA	NA	I/R	I/R	I/R	S	I/R	I/R	I/R	I/R	S	I/R
ERR1542174	I/R	NA	I/R	NA	NA	I/R	I/R	I/R	S	I/R	I/R	I/R	I/R	S	I/R
ERR1542175	I/R	NA	I/R	NA	NA	I/R	I/R	I/R	S	I/R	I/R	S	I/R	S	S
ERR1542176	I/R	NA	I/R	NA	NA	I/R	S	I/R	S	I/R	S	I/R	I/R	S	I/R
ERR1542177	I/R	NA	I/R	NA	NA	I/R	S	I/R	S	I/R	S	I/R	I/R	S	I/R
ERR1542178	I/R	NA	I/R	NA	NA	I/R	S	I/R	S	I/R	S	I/R	I/R	S	I/R
ERR1542179	I/R	NA	I/R	NA	NA	I/R	I/R	I/R	S	S	S	I/R	I/R	S	I/R
ERR1542180	I/R	NA	I/R	NA	NA	I/R	S	I/R	S	I/R	S	I/R	I/R	S	I/R
ERR1542181	I/R	NA	I/R	NA	NA	I/R	I/R	I/R	S	S	S	I/R	I/R	S	I/R
ERR1542182	I/R	NA	I/R	NA	NA	I/R	I/R	I/R	S	S	S	I/R	I/R	S	I/R
ERR1542183	I/R	NA	I/R	NA	NA	I/R	I/R	I/R	S	S	S	I/R	I/R	S	I/R
ERR1542184	I/R	NA	I/R	NA	NA	I/R	I/R	I/R	S	I/R	S	I/R	I/R	S	I/R
ERR1542185	I/R	NA	I/R	NA	NA	I/R	I/R	I/R	S	S	S	I/R	I/R	S	I/R
ERR1542186	NA	NA	NA	NA	NA	NA	NA	NA	NA	NA	NA	NA	NA	NA	NA
ERR1542187	NA	NA	NA	NA	NA	NA	NA	NA	NA	NA	NA	NA	NA	NA	NA
ERR1542188	I/R	NA	I/R	NA	NA	I/R	S	I/R	S	I/R	S	I/R	I/R	S	I/R
ERR1542189	I/R	NA	I/R	NA	NA	I/R	I/R	I/R	S	S	S	I/R	I/R	S	I/R
ERR1542190	I/R	NA	I/R	NA	NA	I/R	I/R	I/R	S	I/R	I/R	I/R	S	S	I/R
ERR1542191	I/R	NA	I/R	NA	NA	I/R	I/R	I/R	S	I/R	S	I/R	I/R	S	I/R
ERR1542192	I/R	NA	S	NA	NA	I/R	I/R	S	S	S	S	S	I/R	S	S
ERR1542193	I/R	NA	S	NA	NA	I/R	I/R	S	S	S	S	S	I/R	S	S
ERR1542194	I/R	NA	S	NA	NA	I/R	I/R	S	S	S	S	S	I/R	S	S
ERR1542195	I/R	NA	S	NA	NA	I/R	I/R	S	S	S	S	S	I/R	S	S
ERR1542196	I/R	NA	I/R	NA	NA	I/R	I/R	I/R	I/R	I/R	S	I/R	I/R	S	I/R
ERR1542197	I/R	NA	S	NA	NA	I/R	I/R	S	S	S	S	I/R	I/R	S	I/R
ERR1542198	I/R	NA	I/R	NA	NA	I/R	I/R	I/R	S	I/R	S	I/R	I/R	S	I/R
ERR1542199	I/R	NA	I/R	NA	NA	I/R	I/R	I/R	S	I/R	S	I/R	I/R	S	I/R
ERR1542202	I/R	NA	I/R	NA	NA	I/R	S	I/R	S	S	S	I/R	I/R	S	I/R
ERR1542203	I/R	NA	I/R	NA	NA	I/R	S	I/R	S	I/R	I/R	S	I/R	S	S
ERR1542204	I/R	NA	I/R	NA	NA	I/R	S	I/R	S	I/R	S	I/R	I/R	S	I/R
ERR1542205	I/R	NA	I/R	NA	NA	I/R	S	I/R	S	I/R	S	I/R	I/R	S	I/R
ERR1542206	NA	NA	NA	NA	NA	NA	NA	NA	NA	NA	NA	NA	NA	NA	NA
ERR1542207	NA	NA	NA	NA	NA	NA	NA	NA	NA	NA	NA	NA	NA	NA	NA
ERR1542208	NA	NA	NA	NA	NA	NA	NA	NA	NA	NA	NA	NA	NA	NA	NA
ERR1542209	NA	NA	NA	NA	NA	NA	NA	NA	NA	NA	NA	NA	NA	NA	NA
ERR1556844	NA	NA	NA	NA	NA	NA	NA	NA	NA	NA	NA	NA	NA	NA	NA
ERR1556845	NA	NA	NA	NA	NA	NA	NA	NA	NA	NA	NA	NA	NA	NA	NA
ERR1556846	NA	NA	NA	NA	NA	NA	NA	NA	NA	NA	NA	NA	NA	NA	NA
ERR1556847	NA	NA	NA	NA	NA	NA	NA	NA	NA	NA	NA	NA	NA	NA	NA
ERR1556848	NA	NA	NA	NA	NA	NA	NA	NA	NA	NA	NA	NA	NA	NA	NA
ERR1556849	I/R	NA	I/R	NA	NA	I/R	I/R	I/R	S	I/R	I/R	I/R	I/R	S	I/R
ERR1556850	NA	NA	NA	NA	NA	NA	NA	NA	NA	NA	NA	NA	NA	NA	NA
ERR1556851	I/R	NA	I/R	NA	NA	I/R	I/R	I/R	S	S	I/R	I/R	I/R	S	I/R
ERR1556852	NA	NA	NA	NA	NA	NA	NA	NA	NA	NA	NA	NA	NA	NA	NA
ERR1556853	NA	NA	NA	NA	NA	NA	NA	NA	NA	NA	NA	NA	NA	NA	NA
ERR1556854	NA	NA	NA	NA	NA	NA	NA	NA	NA	NA	NA	NA	NA	NA	NA
ERR1556855	I/R	NA	S	NA	NA	I/R	I/R	I/R	S	S	S	I/R	I/R	S	I/R
ERR1556856	I/R	NA	S	NA	NA	I/R	S	S	S	S	S	I/R	I/R	S	I/R
ERR1556857	I/R	NA	S	NA	NA	I/R	S	S	S	S	S	I/R	S	S	I/R
ERR1556858	I/R	NA	S	NA	NA	I/R	S	S	S	S	S	I/R	S	S	I/R
ERR1556859	I/R	NA	I/R	NA	NA	I/R	S	I/R	S	S	I/R	I/R	I/R	S	I/R
ERR1556860	I/R	NA	S	NA	NA	I/R	S	S	S	S	S	I/R	I/R	S	I/R
ERR1556861	I/R	NA	S	NA	NA	I/R	S	S	S	S	S	I/R	I/R	S	I/R
ERR1556862	S	NA	S	NA	NA	I/R	S	S	S	S	S	S	I/R	S	S
ERR1556863	I/R	NA	S	NA	NA	I/R	S	S	S	S	S	I/R	I/R	S	I/R
ERR1556864	I/R	NA	S	NA	NA	I/R	I/R	I/R	S	S	S	I/R	S	S	I/R
ERR1556865	I/R	NA	S	NA	NA	I/R	S	S	S	S	S	I/R	S	S	I/R
ERR1556866	I/R	NA	I/R	NA	NA	I/R	I/R	I/R	S	S	S	S	S	S	S
ERR1556867	I/R	NA	I/R	NA	NA	I/R	I/R	I/R	S	S	S	S	I/R	S	S
ERR1556868	S	NA	I/R	NA	NA	I/R	S	S	S	S	S	S	S	S	S
ERR1556869	S	NA	I/R	NA	NA	I/R	S	S	S	S	S	S	S	S	S
ERR1556870	I/R	NA	I/R	NA	NA	I/R	I/R	I/R	S	I/R	S	I/R	I/R	S	I/R
ERR1556871	I/R	NA	I/R	NA	NA	I/R	I/R	I/R	S	I/R	S	I/R	I/R	S	I/R
ERR1556872	I/R	NA	S	NA	NA	I/R	I/R	I/R	S	S	S	S	I/R	S	S
ERR1556873	I/R	NA	S	NA	NA	I/R	S	S	S	S	S	I/R	I/R	S	I/R
ERR1556874	I/R	NA	I/R	NA	NA	I/R	I/R	I/R	S	S	S	I/R	I/R	S	I/R
ERR1556875	I/R	NA	NA	NA	NA	I/R	NA	I/R	S	I/R	I/R	S	NA	S	I/R
ERR1556876	NA	NA	NA	NA	NA	NA	NA	NA	NA	NA	NA	NA	NA	NA	NA
ERR1556877	I/R	NA	S	NA	NA	I/R	I/R	I/R	S	S	S	I/R	I/R	S	I/R
ERR1556879	I/R	NA	I/R	NA	NA	I/R	I/R	I/R	S	I/R	I/R	I/R	S	S	I/R
ERR1556880	NA	NA	NA	NA	NA	NA	NA	NA	NA	NA	NA	NA	NA	NA	NA
ERR1556881	I/R	NA	I/R	NA	NA	I/R	S	I/R	S	S	I/R	I/R	I/R	S	I/R
ERR1556882	I/R	NA	I/R	NA	NA	I/R	S	I/R	S	S	I/R	I/R	I/R	S	I/R
ERR1556883	I/R	NA	I/R	NA	NA	I/R	S	I/R	S	S	I/R	I/R	I/R	S	I/R
ERR1556884	I/R	NA	I/R	NA	NA	I/R	S	I/R	S	S	I/R	I/R	I/R	S	I/R
ERR1556885	NA	NA	NA	NA	NA	NA	NA	NA	NA	NA	NA	NA	NA	NA	NA
ERR1556886	I/R	NA	I/R	NA	NA	I/R	S	I/R	S	S	I/R	I/R	S	S	I/R
ERR1556888	I/R	NA	I/R	NA	NA	I/R	I/R	I/R	S	I/R	I/R	S	I/R	S	S
ERR1556890	I/R	NA	S	NA	NA	S	S	I/R	S	S	I/R	I/R	I/R	S	I/R
ERR1556891	I/R	NA	I/R	NA	NA	I/R	S	I/R	S	I/R	I/R	I/R	I/R	S	I/R
ERR1556892	I/R	NA	I/R	NA	NA	I/R	I/R	I/R	S	I/R	I/R	S	I/R	S	S
ERR1556893	I/R	NA	S	NA	NA	I/R	I/R	I/R	S	S	S	I/R	S	S	I/R
ERR1556894	NA	NA	NA	NA	NA	NA	NA	NA	NA	NA	NA	NA	NA	NA	NA
ERR1556895	I/R	NA	S	NA	NA	I/R	S	S	S	S	S	S	I/R	S	S
ERR1556896	I/R	NA	I/R	NA	NA	I/R	I/R	I/R	S	I/R	S	I/R	S	S	I/R
ERR1556897	I/R	NA	I/R	NA	NA	I/R	I/R	I/R	S	S	S	I/R	I/R	S	I/R
ERR1556898	I/R	NA	I/R	NA	NA	I/R	S	I/R	S	I/R	S	I/R	I/R	S	I/R
ERR1556899	I/R	NA	I/R	NA	NA	I/R	I/R	I/R	S	S	S	I/R	I/R	S	I/R
ERR1556900	NA	NA	NA	NA	NA	NA	NA	NA	NA	NA	NA	NA	NA	NA	NA
ERR1556901	I/R	NA	S	NA	NA	I/R	S	S	S	S	S	I/R	I/R	S	I/R
ERR1556902	I/R	NA	I/R	NA	NA	I/R	I/R	I/R	S	I/R	I/R	I/R	I/R	S	I/R
ERR1556903	I/R	NA	S	NA	NA	I/R	S	S	S	S	S	I/R	I/R	S	I/R
ERR1556910	I/R	NA	S	NA	NA	I/R	I/R	I/R	S	S	S	I/R	I/R	S	I/R
ERR1556911	I/R	NA	I/R	NA	NA	I/R	I/R	I/R	S	S	I/R	I/R	S	S	I/R
ERR1556912	I/R	NA	S	NA	NA	I/R	I/R	I/R	S	S	S	I/R	I/R	S	I/R
ERR1556913	I/R	NA	S	NA	NA	I/R	I/R	S	S	S	S	I/R	I/R	S	I/R
ERR1556914	I/R	NA	S	NA	NA	I/R	I/R	S	S	S	S	I/R	I/R	S	I/R
ERR1556915	I/R	NA	S	NA	NA	I/R	I/R	I/R	S	S	S	I/R	I/R	S	I/R
ERR1556916	I/R	NA	S	NA	NA	I/R	I/R	I/R	S	S	S	I/R	I/R	S	I/R
ERR1556917	I/R	NA	S	NA	NA	I/R	I/R	S	S	S	S	I/R	I/R	S	I/R
ERR1556918	I/R	NA	I/R	NA	NA	I/R	I/R	I/R	S	S	I/R	I/R	S	S	I/R
ERR1556919	I/R	NA	I/R	NA	NA	I/R	I/R	I/R	S	S	I/R	I/R	S	S	I/R
ERR1556920	I/R	NA	I/R	NA	NA	I/R	I/R	I/R	S	S	I/R	I/R	S	S	I/R
ERR1556921	I/R	NA	I/R	NA	NA	I/R	I/R	I/R	S	S	I/R	I/R	S	S	I/R
ERR1556922	I/R	NA	I/R	NA	NA	I/R	I/R	I/R	S	S	I/R	I/R	S	S	I/R
ERR1556923	I/R	NA	I/R	NA	NA	I/R	I/R	I/R	S	I/R	I/R	I/R	I/R	S	I/R
ERR1556924	I/R	NA	I/R	NA	NA	I/R	I/R	I/R	S	I/R	I/R	I/R	I/R	S	I/R
ERR1556925	I/R	NA	I/R	NA	NA	I/R	I/R	I/R	S	S	S	I/R	I/R	S	I/R
ERR1556926	I/R	NA	S	NA	NA	I/R	I/R	I/R	S	S	S	I/R	I/R	S	I/R
ERR1556927	I/R	NA	S	NA	NA	I/R	I/R	I/R	S	S	S	I/R	I/R	S	I/R
ERR1556928	NA	NA	NA	NA	NA	NA	NA	NA	NA	NA	NA	NA	NA	NA	NA
ERR1556929	I/R	NA	I/R	NA	NA	I/R	S	S	S	S	S	I/R	I/R	S	I/R
ERR1556930	I/R	NA	I/R	NA	NA	I/R	I/R	I/R	S	I/R	I/R	I/R	I/R	S	I/R
ERR1556931	I/R	NA	I/R	NA	NA	I/R	I/R	I/R	S	S	S	I/R	I/R	S	I/R
ERR1556932	I/R	NA	I/R	NA	NA	I/R	I/R	I/R	S	S	S	S	I/R	S	S
ERR1556933	I/R	NA	I/R	NA	NA	I/R	I/R	I/R	S	S	S	I/R	I/R	S	I/R
ERR1556934	I/R	NA	I/R	NA	NA	I/R	S	I/R	S	I/R	I/R	S	I/R	S	S
ERR1556935	I/R	NA	S	NA	NA	I/R	I/R	I/R	S	S	S	I/R	I/R	S	I/R
ERR1556936	I/R	NA	I/R	NA	NA	I/R	I/R	I/R	S	S	S	I/R	S	S	I/R
ERR1556937	I/R	NA	I/R	NA	NA	I/R	I/R	I/R	S	S	S	I/R	I/R	S	I/R
ERR1556938	I/R	NA	I/R	NA	NA	I/R	I/R	I/R	S	S	S	I/R	I/R	S	I/R
ERR1556939	I/R	NA	I/R	NA	NA	I/R	I/R	I/R	S	S	S	I/R	I/R	S	I/R
ERR1556940	I/R	NA	I/R	NA	NA	I/R	S	I/R	S	I/R	S	S	I/R	S	S
ERR1556941	I/R	NA	I/R	NA	NA	I/R	I/R	I/R	S	S	S	I/R	I/R	S	I/R
ERR1556942	I/R	NA	I/R	NA	NA	I/R	I/R	I/R	S	S	S	I/R	I/R	S	I/R
ERR1556943	I/R	NA	I/R	NA	NA	I/R	S	S	S	S	S	S	S	S	S
ERR1556944	I/R	NA	I/R	NA	NA	I/R	I/R	S	S	I/R	S	I/R	I/R	S	I/R
ERR1556945	I/R	NA	I/R	NA	NA	I/R	I/R	S	S	S	I/R	I/R	I/R	S	I/R
ERR1556946	I/R	NA	I/R	NA	NA	I/R	I/R	I/R	S	S	I/R	I/R	I/R	NA	I/R
ERR1556947	I/R	NA	I/R	NA	NA	I/R	I/R	S	S	S	S	I/R	I/R	S	I/R
ERR1556948	I/R	NA	I/R	NA	NA	I/R	I/R	I/R	S	S	I/R	I/R	I/R	S	I/R
ERR1556949	I/R	NA	S	NA	NA	I/R	S	S	S	S	S	I/R	I/R	S	I/R
ERR1556950	I/R	NA	S	NA	NA	I/R	S	S	S	S	S	I/R	I/R	S	I/R
ERR1556951	I/R	NA	I/R	NA	NA	I/R	I/R	S	S	S	S	I/R	I/R	S	I/R
ERR1556952	I/R	NA	I/R	NA	NA	I/R	I/R	I/R	S	S	S	S	S	S	S
ERR1556954	I/R	NA	S	NA	NA	I/R	I/R	I/R	S	S	I/R	I/R	S	S	I/R
ERR1556955	I/R	NA	I/R	NA	NA	I/R	I/R	I/R	S	S	S	S	S	S	S
ERR1556956	I/R	NA	I/R	NA	NA	I/R	I/R	I/R	S	I/R	I/R	S	I/R	S	S
ERR1556957	I/R	NA	I/R	NA	NA	I/R	I/R	I/R	S	I/R	I/R	S	I/R	S	S
ERR1556958	I/R	NA	S	NA	NA	I/R	I/R	I/R	S	S	S	I/R	I/R	S	I/R
ERR1556959	I/R	NA	I/R	NA	NA	I/R	S	I/R	S	I/R	S	I/R	I/R	S	I/R
ERR1556960	I/R	NA	I/R	NA	NA	I/R	I/R	I/R	S	I/R	I/R	S	I/R	S	S
ERR1556961	I/R	NA	I/R	NA	NA	I/R	S	I/R	S	I/R	I/R	I/R	S	S	I/R
ERR1556962	I/R	NA	S	NA	NA	I/R	I/R	I/R	S	S	S	I/R	I/R	S	I/R
ERR1556963	I/R	NA	S	NA	NA	I/R	I/R	I/R	S	S	S	I/R	I/R	S	I/R
ERR1556964	I/R	NA	I/R	NA	NA	I/R	I/R	I/R	S	I/R	I/R	S	I/R	S	S
ERR1556965	I/R	NA	I/R	NA	NA	I/R	S	I/R	S	I/R	I/R	I/R	I/R	S	I/R
ERR1556966	I/R	NA	I/R	NA	NA	I/R	S	I/R	S	I/R	S	I/R	I/R	S	I/R
ERR1556967	I/R	NA	I/R	NA	NA	I/R	S	I/R	S	S	S	I/R	S	S	I/R
ERR1556968	I/R	NA	I/R	NA	NA	I/R	S	I/R	S	I/R	S	I/R	I/R	S	I/R
ERR1556969	I/R	NA	S	NA	NA	I/R	I/R	I/R	S	S	S	I/R	I/R	S	I/R
ERR1556970	I/R	NA	I/R	NA	NA	I/R	I/R	I/R	S	S	I/R	I/R	S	S	I/R
ERR1556971	I/R	NA	I/R	NA	NA	I/R	I/R	I/R	S	S	S	S	I/R	S	S
ERR1556972	I/R	NA	I/R	NA	NA	I/R	I/R	I/R	S	S	S	I/R	I/R	S	I/R
ERR1556973	I/R	NA	I/R	NA	NA	I/R	I/R	I/R	S	S	S	I/R	I/R	S	I/R
ERR1556975	I/R	NA	I/R	NA	NA	I/R	I/R	I/R	S	S	S	I/R	I/R	S	I/R
ERR1556976	I/R	NA	I/R	NA	NA	I/R	I/R	I/R	S	S	S	I/R	I/R	S	I/R
ERR1556977	I/R	NA	I/R	NA	NA	I/R	I/R	I/R	S	S	S	I/R	I/R	S	I/R
ERR1556978	I/R	NA	I/R	NA	NA	I/R	I/R	S	S	S	S	I/R	S	S	I/R
ERR1556979	I/R	NA	S	NA	NA	I/R	I/R	I/R	S	S	S	I/R	I/R	S	I/R
ERR1556980	I/R	NA	I/R	NA	NA	I/R	I/R	I/R	S	S	S	I/R	I/R	S	I/R
ERR1556981	I/R	NA	I/R	NA	NA	I/R	I/R	I/R	S	S	S	I/R	I/R	S	I/R
ERR1556982	I/R	NA	I/R	NA	NA	I/R	I/R	I/R	S	I/R	I/R	S	I/R	S	S
ERR1556985	I/R	NA	I/R	NA	NA	I/R	I/R	I/R	S	I/R	I/R	I/R	I/R	S	I/R
ERR1556986	I/R	NA	I/R	NA	NA	I/R	S	I/R	S	I/R	S	I/R	I/R	S	I/R
ERR1556987	I/R	NA	I/R	NA	NA	I/R	I/R	I/R	S	S	S	I/R	I/R	S	I/R
ERR1556988	I/R	NA	I/R	NA	NA	I/R	S	I/R	S	I/R	I/R	I/R	I/R	S	I/R
ERR1556989	I/R	NA	I/R	NA	NA	I/R	S	S	S	S	S	S	I/R	S	S
ERR1556990	I/R	NA	I/R	NA	NA	I/R	I/R	I/R	S	S	S	I/R	I/R	S	I/R
ERR1556993	I/R	NA	I/R	NA	NA	I/R	I/R	I/R	S	I/R	I/R	I/R	I/R	S	I/R
ERR1556994	I/R	NA	I/R	NA	NA	I/R	I/R	I/R	S	I/R	I/R	I/R	I/R	S	I/R
ERR1556995	I/R	NA	I/R	NA	NA	I/R	S	I/R	S	I/R	S	I/R	I/R	S	I/R
ERR1556996	I/R	NA	I/R	NA	NA	I/R	I/R	I/R	S	S	S	I/R	S	S	I/R
ERR1557002	I/R	NA	S	NA	NA	I/R	S	S	S	S	S	I/R	I/R	S	I/R
ERR1557003	NA	NA	NA	NA	NA	NA	NA	NA	NA	NA	NA	NA	NA	NA	NA
ERR1557004	NA	NA	NA	NA	NA	NA	NA	NA	NA	NA	NA	NA	NA	NA	NA
ERR1557005	I/R	NA	I/R	NA	NA	I/R	I/R	I/R	S	S	S	I/R	I/R	S	I/R
ERR1557006	I/R	NA	I/R	NA	NA	I/R	I/R	I/R	S	I/R	I/R	I/R	I/R	S	I/R
ERR1557007	I/R	NA	I/R	NA	NA	I/R	I/R	I/R	S	S	S	I/R	I/R	S	I/R
ERR1557008	I/R	NA	I/R	NA	NA	I/R	I/R	I/R	S	S	S	I/R	I/R	S	I/R
ERR1557009	I/R	NA	S	NA	NA	I/R	I/R	S	S	S	S	I/R	I/R	S	I/R
ERR1557010	I/R	NA	I/R	NA	NA	I/R	I/R	I/R	S	I/R	I/R	I/R	I/R	S	I/R
ERR1557011	I/R	NA	I/R	NA	NA	I/R	I/R	I/R	S	I/R	I/R	I/R	I/R	S	I/R
ERR1557012	I/R	NA	I/R	NA	NA	I/R	I/R	I/R	S	I/R	I/R	I/R	I/R	S	I/R
ERR1557013	NA	NA	NA	NA	NA	NA	NA	NA	NA	NA	NA	NA	NA	NA	NA
ERR1557014	I/R	NA	I/R	NA	NA	I/R	I/R	I/R	S	S	S	I/R	I/R	S	I/R
ERR1557015	I/R	NA	I/R	NA	NA	I/R	I/R	I/R	S	I/R	I/R	I/R	I/R	S	I/R
ERR1557016	I/R	NA	I/R	NA	NA	I/R	I/R	I/R	S	S	S	I/R	I/R	S	I/R
ERR1557017	I/R	NA	I/R	NA	NA	I/R	I/R	I/R	S	S	S	I/R	I/R	S	I/R
ERR1557018	I/R	NA	I/R	NA	NA	I/R	I/R	I/R	S	S	S	I/R	S	S	I/R
ERR1557019	I/R	NA	I/R	NA	NA	I/R	I/R	I/R	S	S	S	I/R	S	S	I/R
ERR1557020	I/R	NA	I/R	NA	NA	I/R	I/R	I/R	S	S	S	I/R	I/R	S	I/R
ERR1557021	NA	NA	NA	NA	NA	NA	NA	NA	NA	NA	NA	NA	NA	NA	NA
ERR1557022	I/R	NA	I/R	NA	NA	I/R	I/R	I/R	S	S	S	I/R	I/R	S	I/R
ERR1557023	I/R	NA	I/R	NA	NA	I/R	I/R	I/R	S	S	S	I/R	I/R	S	I/R
ERR1557024	I/R	NA	I/R	NA	NA	I/R	I/R	I/R	S	I/R	I/R	I/R	I/R	S	I/R
ERR1557025	I/R	NA	I/R	NA	NA	I/R	I/R	I/R	S	I/R	I/R	I/R	I/R	S	I/R
ERR1557026	I/R	NA	I/R	NA	NA	I/R	I/R	I/R	S	I/R	I/R	I/R	I/R	S	I/R
ERR1557027	I/R	NA	I/R	NA	NA	I/R	I/R	I/R	S	I/R	I/R	I/R	I/R	S	I/R
ERR1557028	NA	NA	NA	NA	NA	NA	NA	NA	NA	NA	NA	NA	NA	NA	NA
ERR1557029	I/R	NA	I/R	NA	NA	I/R	I/R	I/R	S	I/R	I/R	I/R	I/R	S	I/R
ERR1557037	I/R	NA	I/R	NA	NA	I/R	I/R	I/R	S	I/R	I/R	S	I/R	S	S
ERR1557038	I/R	NA	I/R	NA	NA	I/R	I/R	I/R	S	I/R	I/R	S	I/R	S	S
ERR1557039	I/R	NA	I/R	NA	NA	I/R	I/R	I/R	S	I/R	I/R	S	I/R	S	S
ERR1557040	I/R	NA	I/R	NA	NA	I/R	I/R	I/R	S	I/R	I/R	S	I/R	S	S
ERR1557041	I/R	NA	I/R	NA	NA	I/R	I/R	I/R	S	I/R	I/R	S	I/R	S	S
ERR1557042	I/R	NA	I/R	NA	NA	I/R	I/R	I/R	S	I/R	I/R	S	I/R	S	S
ERR1557043	I/R	NA	I/R	NA	NA	I/R	I/R	I/R	S	I/R	I/R	S	I/R	S	S
ERR1557053	NA	NA	NA	NA	NA	NA	NA	NA	NA	NA	NA	NA	NA	NA	NA
ERR1557054	NA	NA	NA	NA	NA	NA	NA	NA	NA	NA	NA	NA	NA	NA	NA
ERR1557055	NA	NA	NA	NA	NA	NA	NA	NA	NA	NA	NA	NA	NA	NA	NA
ERR1557056	I/R	NA	I/R	NA	NA	I/R	S	I/R	S	S	I/R	I/R	I/R	S	I/R
ERR1557057	I/R	NA	I/R	NA	NA	I/R	S	I/R	S	S	I/R	I/R	I/R	S	I/R
ERR1557058	I/R	NA	I/R	NA	NA	I/R	S	I/R	S	S	I/R	I/R	I/R	S	I/R
ERR1557059	I/R	NA	I/R	NA	NA	I/R	S	I/R	S	S	I/R	I/R	I/R	S	I/R
ERR1557060	NA	NA	NA	NA	NA	NA	NA	NA	NA	NA	NA	NA	NA	NA	NA
ERR1557061	NA	NA	NA	NA	NA	NA	NA	NA	NA	NA	NA	NA	NA	NA	NA
ERR1557062	NA	NA	NA	NA	NA	NA	NA	NA	NA	NA	NA	NA	NA	NA	NA
ERR1557063	NA	NA	NA	NA	NA	NA	NA	NA	NA	NA	NA	NA	NA	NA	NA
ERR1557064	I/R	NA	I/R	NA	NA	I/R	S	I/R	S	S	I/R	I/R	I/R	S	I/R
ERR1557065	I/R	NA	I/R	NA	NA	I/R	S	S	S	S	S	I/R	I/R	S	I/R
ERR1557066	I/R	NA	S	NA	NA	I/R	I/R	I/R	S	S	S	I/R	I/R	S	I/R
ERR1557067	NA	NA	NA	NA	NA	NA	NA	NA	NA	NA	NA	NA	NA	NA	NA
ERR1557068	I/R	NA	I/R	NA	NA	I/R	S	I/R	S	S	I/R	I/R	I/R	S	I/R
ERR1557069	I/R	NA	I/R	NA	NA	I/R	S	I/R	S	S	I/R	I/R	I/R	S	I/R
ERR1557071	I/R	NA	I/R	NA	NA	I/R	S	I/R	S	S	I/R	I/R	I/R	S	I/R
ERR1557072	I/R	NA	S	NA	NA	I/R	I/R	S	S	S	S	I/R	I/R	S	I/R
ERR1557073	I/R	NA	I/R	NA	NA	I/R	S	I/R	S	S	I/R	I/R	I/R	S	I/R
ERR1557074	I/R	NA	I/R	NA	NA	I/R	S	I/R	S	S	I/R	S	I/R	S	S
ERR1557075	I/R	NA	I/R	NA	NA	I/R	S	I/R	S	S	I/R	S	I/R	S	S
ERR1557076	I/R	NA	I/R	NA	NA	I/R	S	I/R	S	S	I/R	S	I/R	S	S
ERR1557077	I/R	NA	I/R	NA	NA	I/R	S	I/R	S	S	I/R	S	I/R	S	S
ERR1557078	I/R	NA	I/R	NA	NA	I/R	S	I/R	S	S	I/R	S	I/R	S	S
ERR1557079	I/R	NA	I/R	NA	NA	I/R	S	I/R	S	S	I/R	S	I/R	S	S
ERR1557080	I/R	NA	I/R	NA	NA	I/R	S	I/R	S	S	I/R	S	I/R	S	S
ERR1557081	I/R	NA	I/R	NA	NA	I/R	S	I/R	S	S	I/R	S	I/R	S	S
ERR1557082	I/R	NA	I/R	NA	NA	I/R	S	I/R	S	S	I/R	S	I/R	S	S
ERR1557083	I/R	NA	I/R	NA	NA	I/R	S	I/R	S	S	I/R	S	I/R	S	S
ERR1557084	I/R	NA	S	NA	NA	I/R	I/R	S	S	S	S	I/R	I/R	S	I/R
ERR1557085	I/R	NA	I/R	NA	NA	I/R	S	S	S	S	S	I/R	I/R	S	I/R
ERR1557086	I/R	NA	I/R	NA	NA	I/R	S	I/R	S	S	I/R	I/R	I/R	S	I/R
ERR1557087	I/R	NA	I/R	NA	NA	I/R	S	I/R	S	S	I/R	I/R	I/R	S	I/R
ERR1557088	NA	NA	NA	NA	NA	NA	NA	NA	NA	NA	NA	NA	NA	NA	NA
ERR1557089	I/R	NA	I/R	NA	NA	I/R	S	I/R	S	S	I/R	S	I/R	S	S
ERR1557090	I/R	NA	I/R	NA	NA	I/R	S	I/R	S	S	I/R	S	I/R	S	S
ERR1557091	I/R	NA	I/R	NA	NA	I/R	S	I/R	S	S	I/R	S	I/R	S	S
ERR1557092	I/R	NA	I/R	NA	NA	I/R	S	I/R	S	S	I/R	S	I/R	S	S
ERR1557093	I/R	NA	I/R	NA	NA	I/R	S	I/R	S	S	I/R	S	I/R	S	S
ERR1557094	I/R	NA	I/R	NA	NA	I/R	S	I/R	S	S	I/R	S	I/R	S	S
ERR1557095	I/R	NA	I/R	NA	NA	I/R	S	I/R	S	S	I/R	S	I/R	S	S
ERR1557096	I/R	NA	I/R	NA	NA	I/R	S	I/R	S	S	I/R	S	I/R	S	S
ERR1557097	I/R	NA	I/R	NA	NA	I/R	S	I/R	S	S	I/R	I/R	I/R	S	I/R
ERR1557098	I/R	NA	I/R	NA	NA	I/R	S	I/R	S	S	I/R	I/R	I/R	S	I/R
ERR1557099	I/R	NA	I/R	NA	NA	I/R	S	I/R	S	S	I/R	I/R	I/R	S	I/R
ERR1557100	I/R	NA	I/R	NA	NA	I/R	S	I/R	S	S	I/R	I/R	I/R	S	I/R
ERR1557101	I/R	NA	I/R	NA	NA	I/R	S	I/R	S	S	I/R	I/R	I/R	S	I/R
ERR1557102	I/R	NA	I/R	NA	NA	I/R	S	I/R	S	S	I/R	I/R	I/R	S	I/R
ERR1557103	I/R	NA	I/R	NA	NA	I/R	S	I/R	S	S	I/R	I/R	I/R	S	I/R
ERR1557104	I/R	NA	I/R	NA	NA	I/R	S	I/R	S	S	I/R	I/R	I/R	S	I/R
ERR1557105	I/R	NA	I/R	NA	NA	I/R	S	I/R	S	S	I/R	I/R	I/R	S	I/R
ERR1557106	I/R	NA	I/R	NA	NA	I/R	S	I/R	S	S	I/R	I/R	I/R	S	I/R
ERR1557107	I/R	NA	I/R	NA	NA	I/R	S	I/R	S	S	I/R	I/R	I/R	S	I/R
ERR1557108	I/R	NA	I/R	NA	NA	I/R	S	I/R	S	S	I/R	I/R	I/R	S	I/R
ERR1557109	I/R	NA	I/R	NA	NA	I/R	S	I/R	S	S	I/R	I/R	I/R	S	I/R
ERR1557110	I/R	NA	I/R	NA	NA	I/R	S	I/R	S	S	I/R	I/R	I/R	S	I/R
ERR1557111	I/R	NA	I/R	NA	NA	I/R	S	I/R	S	S	I/R	I/R	I/R	S	I/R
ERR1557112	I/R	NA	I/R	NA	NA	I/R	S	I/R	S	S	I/R	I/R	I/R	S	I/R
ERR1557113	I/R	NA	I/R	NA	NA	I/R	S	I/R	S	S	I/R	I/R	I/R	S	I/R
ERR1557114	I/R	NA	I/R	NA	NA	I/R	S	I/R	S	S	I/R	I/R	I/R	S	I/R
ERR1557115	I/R	NA	I/R	NA	NA	I/R	S	I/R	S	S	I/R	I/R	I/R	S	I/R
ERR1557116	I/R	NA	I/R	NA	NA	I/R	S	I/R	S	S	I/R	I/R	I/R	S	I/R
ERR1557117	I/R	NA	I/R	NA	NA	I/R	S	I/R	S	S	I/R	I/R	I/R	S	I/R
ERR1557118	I/R	NA	I/R	NA	NA	I/R	S	I/R	S	S	I/R	I/R	I/R	S	I/R
ERR1557119	I/R	NA	I/R	NA	NA	I/R	S	I/R	S	S	I/R	I/R	I/R	S	I/R
ERR1557120	I/R	NA	I/R	NA	NA	I/R	S	I/R	S	S	I/R	I/R	I/R	S	I/R
ERR1557121	I/R	NA	I/R	NA	NA	I/R	S	I/R	S	S	I/R	I/R	I/R	S	I/R
ERR1557122	I/R	NA	I/R	NA	NA	I/R	S	I/R	S	S	I/R	I/R	I/R	S	I/R
ERR1557123	I/R	NA	I/R	NA	NA	I/R	S	I/R	S	S	I/R	I/R	I/R	S	I/R
ERR1557124	I/R	NA	I/R	NA	NA	I/R	S	I/R	S	S	I/R	I/R	I/R	S	I/R
ERR1557125	I/R	NA	I/R	NA	NA	I/R	S	I/R	S	I/R	S	I/R	I/R	S	I/R
ERR1557126	I/R	NA	I/R	NA	NA	I/R	I/R	I/R	S	I/R	I/R	I/R	I/R	S	I/R
ERR1557127	I/R	NA	I/R	NA	NA	I/R	I/R	I/R	S	I/R	I/R	I/R	I/R	S	I/R
ERR1557128	I/R	NA	S	NA	NA	I/R	I/R	I/R	S	S	S	I/R	I/R	S	I/R
ERR1557129	I/R	NA	I/R	NA	NA	I/R	S	I/R	S	S	I/R	I/R	I/R	S	I/R
ERR1557130	I/R	NA	I/R	NA	NA	I/R	S	I/R	S	S	I/R	I/R	I/R	S	I/R
ERR1557131	I/R	NA	I/R	NA	NA	I/R	S	I/R	S	S	I/R	I/R	I/R	S	I/R
ERR1557132	I/R	NA	I/R	NA	NA	I/R	S	I/R	S	S	I/R	I/R	I/R	S	I/R
ERR1557133	I/R	NA	I/R	NA	NA	I/R	S	I/R	S	S	I/R	I/R	I/R	S	I/R
ERR1557135	I/R	NA	I/R	NA	NA	I/R	I/R	I/R	S	S	S	S	I/R	S	S
ERR1557136	I/R	NA	I/R	NA	NA	I/R	S	I/R	S	S	I/R	I/R	I/R	S	I/R
ERR1557137	I/R	NA	I/R	NA	NA	I/R	S	I/R	S	S	I/R	I/R	I/R	S	I/R
ERR1557138	I/R	NA	S	NA	NA	I/R	I/R	I/R	S	S	S	I/R	I/R	S	I/R
ERR1557139	I/R	NA	I/R	NA	NA	I/R	S	I/R	S	S	I/R	I/R	I/R	S	I/R
ERR1557140	NA	NA	NA	NA	NA	NA	NA	NA	NA	NA	NA	NA	NA	NA	NA
ERR1557141	NA	NA	NA	NA	NA	NA	NA	NA	NA	NA	NA	NA	NA	NA	NA
ERR1557142	NA	NA	NA	NA	NA	NA	NA	NA	NA	NA	NA	NA	NA	NA	NA
ERR1557143	NA	NA	NA	NA	NA	NA	NA	NA	NA	NA	NA	NA	NA	NA	NA
ERR1557144	I/R	NA	I/R	NA	NA	I/R	S	I/R	S	S	I/R	I/R	I/R	S	I/R
ERR1557145	I/R	NA	S	NA	NA	I/R	I/R	I/R	S	S	S	I/R	I/R	S	I/R
ERR1557146	I/R	NA	I/R	NA	NA	I/R	S	I/R	S	S	I/R	I/R	I/R	S	I/R
ERR1557147	NA	NA	NA	NA	NA	NA	NA	NA	NA	NA	NA	NA	NA	NA	NA
ERR1557148	NA	NA	NA	NA	NA	NA	NA	NA	NA	NA	NA	NA	NA	NA	NA
ERR1557149	I/R	NA	S	NA	NA	I/R	I/R	I/R	S	S	S	I/R	I/R	S	I/R
ERR1557150	I/R	NA	S	NA	NA	I/R	I/R	I/R	S	S	S	I/R	I/R	S	I/R
ERR1557151	I/R	NA	S	NA	NA	I/R	I/R	I/R	S	S	S	I/R	I/R	S	I/R
ERR1557152	I/R	NA	S	NA	NA	I/R	I/R	I/R	S	S	S	I/R	I/R	S	I/R
ERR1557153	I/R	NA	S	NA	NA	I/R	I/R	I/R	S	S	S	I/R	I/R	S	I/R
ERR1557154	I/R	NA	S	NA	NA	I/R	I/R	I/R	S	S	S	I/R	I/R	S	I/R
ERR1557155	I/R	NA	S	NA	NA	I/R	I/R	I/R	S	S	S	I/R	I/R	S	I/R
ERR1557156	I/R	NA	S	NA	NA	I/R	I/R	I/R	S	S	S	I/R	I/R	S	I/R
ERR1557157	I/R	NA	S	NA	NA	I/R	I/R	I/R	S	S	S	I/R	I/R	S	I/R
ERR1557158	I/R	NA	S	NA	NA	I/R	I/R	I/R	S	S	S	I/R	I/R	S	I/R
ERR1557159	I/R	NA	S	NA	NA	I/R	I/R	I/R	S	S	S	I/R	I/R	S	I/R
ERR1557160	I/R	NA	S	NA	NA	I/R	I/R	I/R	S	S	S	I/R	I/R	S	I/R
ERR1557161	I/R	NA	S	NA	NA	I/R	I/R	I/R	S	S	S	I/R	I/R	S	I/R
ERR1557162	I/R	NA	S	NA	NA	I/R	I/R	I/R	S	S	S	I/R	I/R	S	I/R
ERR1557163	I/R	NA	S	NA	NA	I/R	I/R	I/R	S	S	S	I/R	I/R	S	I/R
ERR1557164	I/R	NA	S	NA	NA	I/R	I/R	I/R	S	S	S	I/R	I/R	S	I/R
ERR1557165	I/R	NA	I/R	NA	NA	I/R	I/R	I/R	S	S	S	I/R	I/R	S	I/R
ERR1557166	I/R	NA	I/R	NA	NA	I/R	I/R	I/R	S	S	S	I/R	I/R	S	I/R
ERR1557174	I/R	NA	I/R	NA	NA	I/R	I/R	I/R	I/R	S	S	I/R	I/R	S	I/R
ERR1557176	I/R	NA	I/R	NA	NA	I/R	I/R	I/R	S	I/R	I/R	I/R	I/R	S	I/R
ERR1557177	I/R	NA	I/R	NA	NA	I/R	I/R	I/R	S	I/R	I/R	I/R	S	S	I/R
ERR1557178	NA	NA	NA	NA	NA	NA	NA	NA	NA	NA	NA	NA	NA	NA	NA
ERR1557179	NA	NA	NA	NA	NA	NA	NA	NA	NA	NA	NA	NA	NA	NA	NA
ERR1557180	NA	NA	NA	NA	NA	NA	NA	NA	NA	NA	NA	NA	NA	NA	NA
ERR1557181	I/R	NA	I/R	NA	NA	I/R	S	I/R	S	I/R	S	I/R	I/R	S	I/R
ERR1557182	I/R	NA	I/R	NA	NA	I/R	S	I/R	S	I/R	S	I/R	I/R	S	I/R
ERR1557183	I/R	NA	I/R	NA	NA	I/R	I/R	I/R	S	S	S	I/R	I/R	S	I/R
ERR1557184	I/R	NA	I/R	NA	NA	I/R	I/R	I/R	S	S	S	I/R	I/R	S	I/R
ERR1557185	I/R	NA	S	NA	NA	I/R	I/R	I/R	S	S	S	I/R	I/R	S	I/R
ERR1557186	I/R	NA	S	NA	NA	I/R	I/R	I/R	S	S	S	I/R	I/R	S	I/R
ERR1557187	I/R	NA	S	NA	NA	I/R	I/R	I/R	S	S	S	I/R	I/R	S	I/R
ERR1557188	I/R	NA	I/R	NA	NA	I/R	I/R	I/R	S	S	S	I/R	I/R	S	I/R
ERR1557189	I/R	NA	I/R	NA	NA	I/R	I/R	I/R	S	I/R	I/R	I/R	S	S	I/R
ERR1557190	NA	NA	NA	NA	NA	NA	NA	NA	NA	NA	NA	NA	NA	NA	NA
ERR1557191	I/R	NA	I/R	NA	NA	I/R	S	I/R	S	I/R	S	I/R	I/R	S	I/R
ERR1557192	I/R	NA	I/R	NA	NA	I/R	S	I/R	S	I/R	S	I/R	I/R	S	I/R
ERR1557193	I/R	NA	I/R	NA	NA	I/R	S	I/R	S	I/R	S	I/R	I/R	S	I/R
ERR1557194	I/R	NA	I/R	NA	NA	I/R	S	I/R	S	I/R	S	I/R	I/R	S	I/R
ERR1557195	I/R	NA	I/R	NA	NA	I/R	S	I/R	S	I/R	S	I/R	I/R	S	I/R
ERR1557196	I/R	NA	I/R	NA	NA	I/R	S	I/R	S	I/R	S	I/R	I/R	S	I/R
ERR1557197	I/R	NA	I/R	NA	NA	I/R	S	I/R	S	I/R	S	I/R	I/R	S	I/R
ERR1557198	I/R	NA	I/R	NA	NA	I/R	I/R	I/R	S	S	S	I/R	I/R	S	I/R
ERR1557199	I/R	NA	I/R	NA	NA	I/R	S	I/R	S	I/R	S	I/R	I/R	S	I/R
ERR1557200	I/R	NA	I/R	NA	NA	I/R	S	I/R	S	S	I/R	I/R	I/R	S	I/R
ERR1557201	I/R	NA	S	NA	NA	I/R	S	S	S	S	S	S	I/R	S	S
ERR1557202	NA	NA	NA	NA	NA	NA	NA	NA	NA	NA	NA	NA	NA	NA	NA
ERR1557203	I/R	NA	I/R	NA	NA	I/R	S	I/R	S	I/R	I/R	I/R	I/R	S	I/R
ERR1557204	I/R	NA	I/R	NA	NA	I/R	S	I/R	S	S	I/R	I/R	I/R	S	I/R
ERR1557205	I/R	NA	I/R	NA	NA	I/R	I/R	I/R	S	I/R	I/R	I/R	I/R	S	I/R
ERR1557206	I/R	NA	I/R	NA	NA	I/R	I/R	I/R	S	I/R	I/R	I/R	I/R	S	I/R
ERR1557208	I/R	NA	S	NA	NA	I/R	I/R	I/R	S	S	S	I/R	I/R	S	I/R
ERR1557209	NA	NA	NA	NA	NA	NA	NA	NA	NA	NA	NA	NA	NA	NA	NA
ERR1557210	I/R	NA	S	NA	NA	I/R	S	S	S	S	S	I/R	I/R	S	I/R
ERR1557211	I/R	NA	S	NA	NA	I/R	S	S	S	S	S	I/R	I/R	S	I/R
ERR1557212	I/R	NA	S	NA	NA	I/R	S	S	S	S	S	I/R	I/R	S	I/R
ERR1557213	I/R	NA	S	NA	NA	I/R	S	S	S	S	S	I/R	I/R	S	I/R
ERR1557214	I/R	NA	S	NA	NA	I/R	S	S	S	S	S	I/R	I/R	S	I/R
ERR1557215	I/R	NA	S	NA	NA	I/R	S	S	S	S	S	I/R	I/R	S	I/R
ERR1557216	I/R	NA	S	NA	NA	I/R	S	S	S	S	S	I/R	I/R	S	I/R
ERR1557217	I/R	NA	S	NA	NA	I/R	S	S	S	S	S	I/R	I/R	S	I/R
ERR1557218	I/R	NA	S	NA	NA	I/R	S	S	S	S	S	I/R	I/R	S	I/R
ERR1557219	I/R	NA	S	NA	NA	I/R	S	S	S	S	S	I/R	I/R	S	I/R
ERR1557220	I/R	NA	S	NA	NA	I/R	S	S	S	S	S	I/R	I/R	S	I/R
ERR1557221	I/R	NA	S	NA	NA	I/R	S	S	S	S	S	I/R	I/R	S	I/R
ERR1557222	I/R	NA	S	NA	NA	I/R	S	S	S	S	S	I/R	I/R	S	I/R
ERR1557223	I/R	NA	S	NA	NA	I/R	S	S	S	S	S	I/R	I/R	S	I/R
ERR1557224	I/R	NA	S	NA	NA	I/R	S	S	S	S	S	S	I/R	S	S
ERR1557238	I/R	NA	I/R	NA	NA	I/R	S	I/R	S	S	I/R	I/R	I/R	S	I/R
ERR1557239	I/R	NA	I/R	NA	NA	I/R	S	I/R	S	S	I/R	I/R	I/R	S	I/R
ERR1557240	I/R	NA	I/R	NA	NA	I/R	I/R	I/R	S	I/R	S	I/R	I/R	S	I/R
ERR1557241	I/R	NA	I/R	NA	NA	I/R	I/R	I/R	S	I/R	S	I/R	I/R	S	I/R
ERR1557242	I/R	NA	I/R	NA	NA	I/R	I/R	I/R	S	I/R	S	I/R	I/R	S	I/R
ERR1557243	I/R	NA	I/R	NA	NA	I/R	I/R	I/R	S	I/R	S	I/R	I/R	S	I/R
ERR1557244	I/R	NA	I/R	NA	NA	I/R	I/R	I/R	S	I/R	S	I/R	I/R	S	I/R
ERR1557245	I/R	NA	I/R	NA	NA	I/R	I/R	I/R	S	I/R	S	I/R	I/R	S	I/R
ERR1557246	S	NA	S	NA	NA	I/R	S	S	S	S	S	S	I/R	S	S
ERR1557247	S	NA	S	NA	NA	I/R	S	S	S	S	S	S	I/R	S	S
ERR1557248	S	NA	S	NA	NA	I/R	S	S	S	S	S	S	I/R	S	S
ERR1557249	I/R	NA	S	NA	NA	I/R	I/R	I/R	S	S	S	S	I/R	S	S
ERR1557250	I/R	NA	S	NA	NA	I/R	I/R	I/R	S	S	S	S	I/R	S	S
ERR1557251	I/R	NA	S	NA	NA	I/R	I/R	I/R	S	S	S	S	I/R	S	S
ERR1557252	I/R	NA	S	NA	NA	I/R	I/R	I/R	S	S	S	S	I/R	S	S
ERR1557253	I/R	NA	S	NA	NA	I/R	I/R	I/R	S	S	S	S	I/R	S	S
ERR1557254	I/R	NA	I/R	NA	NA	I/R	I/R	I/R	S	S	S	I/R	I/R	S	I/R
ERR1557255	I/R	NA	I/R	NA	NA	I/R	I/R	I/R	S	S	S	I/R	I/R	S	I/R
ERR1557256	I/R	NA	I/R	NA	NA	I/R	I/R	I/R	S	S	S	I/R	I/R	S	I/R
ERR1557257	I/R	NA	S	NA	NA	I/R	I/R	I/R	S	S	S	I/R	I/R	S	I/R
ERR1557258	I/R	NA	I/R	NA	NA	I/R	I/R	I/R	S	S	S	I/R	I/R	S	I/R
ERR1557259	I/R	NA	I/R	NA	NA	I/R	I/R	I/R	S	S	S	I/R	I/R	S	I/R
ERR1557260	S	NA	S	NA	NA	S	S	S	S	S	S	S	I/R	S	S
ERR1557261	S	NA	S	NA	NA	S	S	S	S	S	S	S	I/R	S	S
ERR1557262	S	NA	S	NA	NA	S	S	S	S	S	S	S	I/R	S	S
ERR1557263	S	NA	S	NA	NA	S	S	S	S	S	S	S	I/R	S	S
ERR1557264	I/R	NA	I/R	NA	NA	I/R	I/R	I/R	S	I/R	I/R	S	I/R	S	S
ERR1557265	I/R	NA	S	NA	NA	I/R	S	S	S	S	S	I/R	S	S	I/R
ERR1557266	I/R	NA	S	NA	NA	I/R	S	S	S	S	S	I/R	S	S	I/R
ERR1557267	I/R	NA	I/R	NA	NA	I/R	I/R	I/R	S	I/R	S	I/R	I/R	S	I/R
ERR1557268	I/R	NA	S	NA	NA	I/R	S	S	S	S	S	I/R	I/R	S	I/R
ERR1557269	I/R	NA	I/R	NA	NA	I/R	I/R	I/R	S	S	I/R	I/R	I/R	S	I/R
ERR1557270	I/R	NA	I/R	NA	NA	I/R	I/R	I/R	S	S	I/R	I/R	I/R	S	I/R
ERR1557271	I/R	NA	I/R	NA	NA	I/R	I/R	I/R	S	S	I/R	I/R	I/R	S	I/R
ERR1557272	I/R	NA	I/R	NA	NA	I/R	I/R	I/R	S	S	S	I/R	I/R	S	I/R
ERR1557273	I/R	NA	S	NA	NA	I/R	I/R	I/R	S	S	S	S	I/R	S	S
ERR1557274	I/R	NA	I/R	NA	NA	I/R	S	S	S	S	S	S	I/R	S	S
ERR1557275	I/R	NA	I/R	NA	NA	I/R	I/R	I/R	S	I/R	S	S	I/R	S	S
ERR1557276	I/R	NA	S	NA	NA	I/R	S	S	S	S	S	S	S	S	S
ERR1557277	I/R	NA	I/R	NA	NA	I/R	I/R	I/R	S	S	I/R	I/R	I/R	S	I/R
ERR1557278	I/R	NA	I/R	NA	NA	I/R	I/R	I/R	S	S	S	I/R	I/R	S	I/R
ERR1557279	S	NA	S	NA	NA	I/R	S	S	S	S	S	S	I/R	S	S
ERR1557280	S	NA	I/R	NA	NA	I/R	S	S	S	S	S	S	I/R	S	S
ERR1557281	I/R	NA	I/R	NA	NA	I/R	I/R	I/R	S	I/R	S	I/R	S	S	I/R
ERR1557282	NA	NA	NA	NA	NA	NA	NA	NA	NA	NA	NA	NA	NA	NA	NA
ERR1557283	I/R	NA	I/R	NA	NA	I/R	I/R	I/R	S	I/R	S	I/R	S	S	I/R
ERR1557284	I/R	NA	I/R	NA	NA	I/R	S	S	S	S	S	I/R	I/R	S	I/R
ERR1557285	NA	NA	NA	NA	NA	NA	NA	NA	NA	NA	NA	NA	NA	NA	NA
ERR1557286	I/R	NA	I/R	NA	NA	I/R	I/R	I/R	S	I/R	S	I/R	S	S	I/R
ERR1557287	I/R	NA	I/R	NA	NA	I/R	I/R	I/R	S	S	S	I/R	I/R	S	I/R
ERR1557288	I/R	NA	I/R	NA	NA	I/R	I/R	I/R	S	S	S	I/R	I/R	S	I/R
ERR1557289	I/R	NA	I/R	NA	NA	I/R	S	S	S	S	S	I/R	I/R	S	I/R
ERR1557290	I/R	NA	I/R	NA	NA	I/R	I/R	I/R	S	S	S	I/R	I/R	S	I/R
ERR1557291	I/R	NA	I/R	NA	NA	I/R	S	I/R	S	S	I/R	I/R	I/R	S	I/R
ERR1557292	I/R	NA	I/R	NA	NA	I/R	S	I/R	S	S	I/R	I/R	I/R	S	I/R
ERR1557293	I/R	NA	I/R	NA	NA	I/R	I/R	I/R	S	S	S	I/R	I/R	S	I/R
ERR1557296	I/R	NA	I/R	NA	NA	I/R	S	I/R	S	I/R	S	I/R	I/R	S	I/R
ERR1557297	I/R	NA	I/R	NA	NA	I/R	S	I/R	S	I/R	S	I/R	I/R	S	I/R
ERR1557298	I/R	NA	I/R	NA	NA	I/R	S	I/R	S	I/R	I/R	S	I/R	S	I/R
ERR1557299	I/R	NA	I/R	NA	NA	I/R	S	I/R	S	I/R	I/R	S	I/R	S	I/R
ERR1557300	NA	NA	NA	NA	NA	NA	NA	NA	NA	NA	NA	NA	NA	NA	NA
ERR1557301	NA	NA	NA	NA	NA	NA	NA	NA	NA	NA	NA	NA	NA	NA	NA
ERR1557302	NA	NA	NA	NA	NA	NA	NA	NA	NA	NA	NA	NA	NA	NA	NA
ERR1557303	I/R	NA	S	NA	NA	I/R	S	S	S	S	S	I/R	I/R	S	I/R
ERR1557304	I/R	NA	I/R	NA	NA	I/R	I/R	I/R	S	S	I/R	I/R	I/R	S	I/R
ERR1557305	I/R	NA	I/R	NA	NA	I/R	I/R	I/R	S	I/R	S	S	I/R	S	S
ERR1557306	I/R	NA	I/R	NA	NA	I/R	I/R	I/R	S	S	S	I/R	S	S	I/R
ERR1557307	I/R	NA	I/R	NA	NA	I/R	S	I/R	S	I/R	I/R	S	I/R	S	I/R
ERR1557308	I/R	NA	I/R	NA	NA	I/R	S	I/R	S	I/R	I/R	S	I/R	S	I/R
ERR1557309	I/R	NA	I/R	NA	NA	I/R	S	I/R	S	I/R	I/R	S	I/R	S	I/R
ERR1557310	I/R	NA	I/R	NA	NA	I/R	S	I/R	S	I/R	I/R	S	I/R	S	I/R
ERR1557311	I/R	NA	I/R	NA	NA	I/R	I/R	I/R	S	S	I/R	I/R	I/R	S	I/R
ERR1557312	I/R	NA	I/R	NA	NA	I/R	I/R	I/R	S	S	I/R	I/R	I/R	S	I/R
ERR1557313	I/R	NA	I/R	NA	NA	I/R	I/R	I/R	S	S	I/R	I/R	I/R	S	I/R
ERR1557314	NA	NA	NA	NA	NA	NA	NA	NA	NA	NA	NA	NA	NA	NA	NA
ERR1557315	NA	NA	NA	NA	NA	NA	NA	NA	NA	NA	NA	NA	NA	NA	NA
ERR1557316	NA	NA	NA	NA	NA	NA	NA	NA	NA	NA	NA	NA	NA	NA	NA
ERR1557317	NA	NA	NA	NA	NA	NA	NA	NA	NA	NA	NA	NA	NA	NA	NA
ERR1557318	I/R	NA	I/R	NA	NA	I/R	S	I/R	S	S	I/R	I/R	I/R	S	I/R
ERR1557319	I/R	NA	I/R	NA	NA	I/R	I/R	I/R	S	S	S	I/R	I/R	S	I/R
ERR1557320	I/R	NA	S	NA	NA	I/R	S	S	S	S	S	I/R	I/R	S	I/R
ERR1557321	I/R	NA	S	NA	NA	I/R	S	S	S	S	S	I/R	I/R	S	I/R
ERR1557324	I/R	NA	I/R	NA	NA	I/R	S	I/R	S	I/R	S	I/R	I/R	S	I/R
ERR1557325	I/R	NA	I/R	NA	NA	I/R	S	I/R	S	I/R	I/R	I/R	I/R	S	I/R
ERR1557326	I/R	NA	S	NA	NA	I/R	S	S	S	S	S	I/R	S	S	I/R
ERR1557327	I/R	NA	I/R	NA	NA	I/R	I/R	I/R	I/R	I/R	S	I/R	I/R	S	I/R
ERR1557328	I/R	NA	I/R	NA	NA	I/R	I/R	I/R	I/R	I/R	S	I/R	I/R	S	I/R
ERR1557329	I/R	NA	S	NA	NA	I/R	S	S	S	S	S	I/R	S	S	I/R
ERR1557330	I/R	NA	I/R	NA	NA	I/R	I/R	S	S	I/R	S	I/R	I/R	S	I/R
ERR1557331	I/R	NA	S	NA	NA	I/R	S	S	S	S	S	I/R	I/R	S	I/R
ERR1557332	I/R	NA	I/R	NA	NA	I/R	I/R	I/R	S	I/R	S	I/R	I/R	S	I/R
ERR1557333	I/R	NA	I/R	NA	NA	I/R	I/R	I/R	S	I/R	S	I/R	I/R	S	I/R
ERR1557334	I/R	NA	I/R	NA	NA	I/R	I/R	I/R	S	I/R	S	I/R	I/R	S	I/R
ERR1557335	S	NA	S	NA	NA	I/R	S	S	S	S	S	S	I/R	S	S
ERR1557336	S	NA	S	NA	NA	I/R	S	S	S	S	S	S	I/R	S	S
ERR1557337	S	NA	S	NA	NA	I/R	S	S	S	S	S	S	I/R	S	S
ERR1557338	I/R	NA	I/R	NA	NA	I/R	I/R	I/R	I/R	S	S	I/R	I/R	S	I/R
ERR1557339	I/R	NA	I/R	NA	NA	I/R	I/R	I/R	I/R	I/R	S	I/R	I/R	S	I/R
ERR1557340	I/R	NA	I/R	NA	NA	I/R	I/R	I/R	I/R	I/R	S	I/R	I/R	S	I/R
ERR1557341	S	NA	S	NA	NA	I/R	S	S	S	S	S	S	I/R	S	S
ERR1557342	I/R	NA	S	NA	NA	I/R	S	S	S	S	S	I/R	S	S	I/R
ERR1557343	I/R	NA	S	NA	NA	I/R	S	S	S	S	S	I/R	S	S	I/R
ERR1557344	I/R	NA	I/R	NA	NA	I/R	I/R	I/R	I/R	I/R	S	I/R	I/R	S	I/R
ERR1557345	I/R	NA	S	NA	NA	I/R	S	S	S	S	S	I/R	I/R	S	I/R
ERR1557346	I/R	NA	S	NA	NA	I/R	S	S	S	S	S	I/R	I/R	S	I/R
ERR1557347	I/R	NA	S	NA	NA	I/R	S	S	S	S	S	I/R	S	S	I/R
ERR1557348	I/R	NA	S	NA	NA	I/R	S	S	S	S	S	I/R	I/R	S	I/R
ERR1557349	S	NA	S	NA	NA	S	S	S	S	S	S	S	I/R	S	S
ERR1557350	S	NA	S	NA	NA	S	S	S	S	S	S	S	I/R	S	S
ERR1557351	I/R	NA	I/R	NA	NA	I/R	I/R	I/R	S	S	I/R	I/R	I/R	S	I/R
ERR1557352	I/R	NA	I/R	NA	NA	I/R	I/R	I/R	S	S	I/R	I/R	I/R	S	I/R
ERR1557353	I/R	NA	I/R	NA	NA	I/R	I/R	I/R	S	S	I/R	I/R	I/R	S	I/R
ERR1557354	I/R	NA	I/R	NA	NA	I/R	I/R	I/R	S	S	I/R	I/R	I/R	S	I/R
ERR1557355	I/R	NA	I/R	NA	NA	I/R	I/R	I/R	S	S	I/R	I/R	I/R	S	I/R
ERR1557356	I/R	NA	I/R	NA	NA	I/R	I/R	I/R	S	S	I/R	I/R	I/R	S	I/R
ERR1557357	I/R	NA	I/R	NA	NA	I/R	I/R	I/R	S	S	I/R	I/R	I/R	S	I/R
ERR1557358	I/R	NA	I/R	NA	NA	I/R	I/R	I/R	I/R	I/R	S	I/R	I/R	S	I/R
ERR1557359	I/R	NA	I/R	NA	NA	I/R	I/R	I/R	S	S	I/R	I/R	S	S	I/R
ERR1557360	I/R	NA	S	NA	NA	I/R	S	S	S	S	S	S	I/R	S	S
ERR1557361	I/R	NA	S	NA	NA	I/R	I/R	I/R	S	S	S	S	S	S	S
ERR1557362	I/R	NA	I/R	NA	NA	I/R	I/R	S	S	S	S	S	S	S	S
ERR1557363	I/R	NA	I/R	NA	NA	I/R	I/R	I/R	S	S	I/R	I/R	I/R	S	I/R
ERR1557364	I/R	NA	I/R	NA	NA	I/R	I/R	I/R	S	S	I/R	I/R	I/R	S	I/R
ERR1557365	I/R	NA	I/R	NA	NA	I/R	I/R	I/R	S	S	I/R	I/R	I/R	S	I/R
ERR1557366	I/R	NA	I/R	NA	NA	I/R	I/R	I/R	S	S	S	S	I/R	S	S
ERR1557367	I/R	NA	I/R	NA	NA	I/R	I/R	I/R	S	I/R	I/R	S	I/R	S	S
ERR1557368	I/R	NA	I/R	NA	NA	I/R	I/R	I/R	S	I/R	I/R	S	I/R	S	S
ERR1557369	I/R	NA	I/R	NA	NA	I/R	I/R	I/R	S	I/R	I/R	S	I/R	S	S
ERR1557370	I/R	NA	I/R	NA	NA	I/R	I/R	I/R	S	S	S	S	I/R	S	S
ERR1557371	I/R	NA	I/R	NA	NA	I/R	I/R	I/R	S	I/R	I/R	S	I/R	S	S
ERR1557372	S	NA	I/R	NA	NA	I/R	S	S	S	S	S	S	S	S	S
ERR1557373	S	NA	I/R	NA	NA	I/R	S	S	S	S	S	S	S	S	S
ERR1557374	S	NA	I/R	NA	NA	I/R	S	S	S	S	S	S	S	S	S
ERR1557375	S	NA	I/R	NA	NA	I/R	S	S	S	S	S	S	S	S	S
ERR1557376	I/R	NA	S	NA	NA	I/R	S	S	S	S	S	I/R	I/R	S	I/R
ERR1557377	I/R	NA	S	NA	NA	I/R	S	S	S	S	S	I/R	I/R	S	I/R
ERR1557378	I/R	NA	S	NA	NA	I/R	S	S	S	S	S	I/R	I/R	S	I/R
ERR1557379	I/R	NA	I/R	NA	NA	I/R	I/R	I/R	I/R	S	S	I/R	I/R	S	I/R
ERR1557380	I/R	NA	S	NA	NA	I/R	I/R	S	S	S	I/R	I/R	S	S	I/R
ERR1557381	I/R	NA	I/R	NA	NA	I/R	S	I/R	S	S	I/R	I/R	I/R	S	I/R
ERR1557382	I/R	NA	I/R	NA	NA	I/R	S	I/R	S	S	S	I/R	I/R	S	I/R
ERR1557383	I/R	NA	I/R	NA	NA	I/R	I/R	I/R	S	S	I/R	I/R	I/R	S	I/R
ERR1557384	I/R	NA	I/R	NA	NA	I/R	S	I/R	S	S	S	I/R	I/R	S	I/R
ERR1557385	I/R	NA	I/R	NA	NA	I/R	I/R	I/R	S	S	S	S	I/R	S	S
ERR1557386	I/R	NA	I/R	NA	NA	I/R	I/R	I/R	S	S	S	I/R	I/R	S	I/R
ERR1557387	I/R	NA	I/R	NA	NA	I/R	I/R	I/R	S	S	S	I/R	I/R	S	I/R
ERR1557388	I/R	NA	I/R	NA	NA	I/R	I/R	I/R	S	I/R	I/R	I/R	I/R	S	I/R
ERR1557389	I/R	NA	I/R	NA	NA	I/R	I/R	I/R	S	S	S	I/R	I/R	S	I/R
ERR1557390	I/R	NA	I/R	NA	NA	I/R	I/R	I/R	S	S	S	I/R	I/R	S	I/R
ERR1557391	I/R	NA	I/R	NA	NA	I/R	I/R	I/R	S	I/R	S	S	I/R	S	S
ERR1557392	I/R	NA	S	NA	NA	I/R	I/R	I/R	S	S	I/R	I/R	I/R	S	I/R
ERR1557393	I/R	NA	I/R	NA	NA	I/R	I/R	I/R	S	S	S	S	I/R	S	S
ERR1557394	I/R	NA	I/R	NA	NA	I/R	I/R	I/R	S	I/R	I/R	I/R	I/R	S	I/R
ERR1557395	I/R	NA	I/R	NA	NA	I/R	I/R	I/R	I/R	I/R	S	I/R	I/R	S	I/R
ERR1557396	I/R	NA	S	NA	NA	I/R	I/R	I/R	S	S	S	I/R	I/R	S	I/R
ERR1557397	NA	NA	NA	NA	NA	NA	NA	NA	NA	NA	NA	NA	NA	NA	NA
ERR1557434	NA	NA	NA	NA	NA	NA	NA	NA	NA	NA	NA	NA	NA	NA	NA
ERR1557435	I/R	NA	I/R	NA	NA	I/R	I/R	I/R	S	I/R	I/R	I/R	I/R	S	I/R
ERR1557436	I/R	NA	S	NA	NA	I/R	I/R	I/R	S	S	S	I/R	I/R	S	I/R
ERR1557437	NA	NA	NA	NA	NA	NA	NA	NA	NA	NA	NA	NA	NA	NA	NA
ERR1557438	I/R	NA	I/R	NA	NA	I/R	I/R	I/R	S	I/R	I/R	I/R	S	S	I/R
ERR1557439	I/R	NA	I/R	NA	NA	I/R	S	I/R	S	S	I/R	S	I/R	S	S
ERR1557440	I/R	NA	I/R	NA	NA	I/R	S	I/R	S	S	S	I/R	I/R	S	I/R
ERR1557441	I/R	NA	I/R	NA	NA	I/R	I/R	I/R	S	I/R	I/R	S	I/R	S	I/R
ERR1557442	I/R	NA	I/R	NA	NA	I/R	I/R	I/R	S	I/R	I/R	S	I/R	S	I/R
ERR1557443	NA	NA	NA	NA	NA	NA	NA	NA	NA	NA	NA	NA	NA	NA	NA
ERR1557444	NA	NA	NA	NA	NA	NA	NA	NA	NA	NA	NA	NA	NA	NA	NA
ERR1557445	NA	NA	NA	NA	NA	NA	NA	NA	NA	NA	NA	NA	NA	NA	NA
ERR1557446	I/R	NA	I/R	NA	NA	I/R	I/R	I/R	S	I/R	I/R	I/R	S	S	I/R
ERR1557447	NA	NA	NA	NA	NA	NA	NA	NA	NA	NA	NA	NA	NA	NA	NA
ERR1557448	I/R	NA	S	NA	NA	I/R	I/R	I/R	I/R	I/R	S	I/R	I/R	S	I/R
ERR1557449	I/R	NA	I/R	NA	NA	I/R	S	I/R	S	I/R	I/R	I/R	S	S	I/R
ERR1557450	I/R	NA	S	NA	NA	I/R	I/R	I/R	S	S	S	I/R	I/R	S	I/R
ERR1557451	I/R	NA	S	NA	NA	I/R	I/R	I/R	S	S	S	I/R	I/R	S	I/R
ERR1557452	I/R	NA	S	NA	NA	I/R	I/R	I/R	S	S	S	I/R	I/R	S	I/R
ERR1557453	I/R	NA	I/R	NA	NA	I/R	S	S	S	S	S	I/R	S	S	I/R
ERR1557454	I/R	NA	S	NA	NA	I/R	S	S	S	S	S	I/R	I/R	S	I/R
ERR1557455	I/R	NA	S	NA	NA	I/R	S	S	S	S	S	I/R	S	S	I/R
ERR1557456	I/R	NA	S	NA	NA	I/R	S	S	S	S	S	I/R	I/R	S	I/R
ERR1557457	I/R	NA	I/R	NA	NA	I/R	S	I/R	S	I/R	I/R	I/R	I/R	S	I/R
ERR1557458	I/R	NA	I/R	NA	NA	I/R	S	I/R	S	I/R	I/R	I/R	I/R	S	I/R
ERR1557459	NA	NA	NA	NA	NA	NA	NA	NA	NA	NA	NA	NA	NA	NA	NA
ERR1557460	I/R	NA	S	NA	NA	I/R	S	S	S	S	S	I/R	I/R	S	I/R
ERR1557461	I/R	NA	I/R	NA	NA	I/R	S	I/R	S	I/R	I/R	I/R	S	S	I/R
ERR1557462	I/R	NA	I/R	NA	NA	I/R	I/R	I/R	S	S	S	I/R	I/R	S	I/R
ERR1557463	I/R	NA	I/R	NA	NA	I/R	I/R	I/R	S	I/R	I/R	I/R	I/R	S	I/R
ERR1557464	NA	NA	NA	NA	NA	NA	NA	NA	NA	NA	NA	NA	NA	NA	NA
ERR1557465	I/R	NA	I/R	NA	NA	I/R	S	I/R	S	I/R	S	I/R	I/R	S	I/R
ERR1557466	I/R	NA	I/R	NA	NA	I/R	I/R	I/R	S	S	I/R	I/R	I/R	S	I/R
ERR1557467	I/R	NA	S	NA	NA	I/R	I/R	I/R	S	S	S	I/R	I/R	S	I/R
ERR1557468	I/R	NA	I/R	NA	NA	I/R	S	I/R	S	I/R	S	I/R	I/R	S	I/R
ERR1557469	I/R	NA	I/R	NA	NA	I/R	S	I/R	S	I/R	S	I/R	I/R	S	I/R
ERR1557470	NA	NA	NA	NA	NA	NA	NA	NA	NA	NA	NA	NA	NA	NA	NA
ERR1557471	I/R	NA	I/R	NA	NA	I/R	S	I/R	S	S	I/R	I/R	I/R	S	I/R
ERR1557472	NA	NA	NA	NA	NA	NA	NA	NA	NA	NA	NA	NA	NA	NA	NA
ERR1557473	NA	NA	NA	NA	NA	NA	NA	NA	NA	NA	NA	NA	NA	NA	NA
ERR1557474	I/R	NA	S	NA	NA	I/R	I/R	I/R	S	S	S	I/R	I/R	S	I/R
ERR1557475	I/R	NA	S	NA	NA	I/R	I/R	I/R	S	S	S	I/R	I/R	S	I/R
ERR1557476	NA	NA	NA	NA	NA	NA	NA	NA	NA	NA	NA	NA	NA	NA	NA
ERR1557477	NA	NA	NA	NA	NA	NA	NA	NA	NA	NA	NA	NA	NA	NA	NA
ERR1557478	NA	NA	NA	NA	NA	NA	NA	NA	NA	NA	NA	NA	NA	NA	NA
ERR1557479	I/R	NA	S	NA	NA	I/R	I/R	I/R	S	S	S	I/R	I/R	S	I/R
ERR1557480	I/R	NA	I/R	NA	NA	I/R	S	I/R	S	S	I/R	I/R	I/R	S	I/R
ERR1557481	I/R	NA	S	NA	NA	I/R	S	S	S	S	S	I/R	I/R	S	I/R
ERR1585842	I/R	NA	S	NA	NA	I/R	I/R	I/R	S	S	S	S	I/R	S	S
ERR1585843	I/R	NA	I/R	NA	NA	I/R	I/R	I/R	S	S	S	I/R	I/R	S	I/R
ERR1585844	I/R	NA	S	NA	NA	I/R	S	S	S	S	S	I/R	I/R	S	I/R
ERR1585845	I/R	NA	S	NA	NA	I/R	S	S	S	S	S	I/R	I/R	S	I/R
ERR1585846	I/R	NA	S	NA	NA	I/R	S	S	S	S	S	I/R	I/R	S	I/R
ERR1585847	I/R	NA	I/R	NA	NA	I/R	S	I/R	S	S	I/R	I/R	I/R	S	I/R
ERR1585848	I/R	NA	I/R	NA	NA	I/R	S	I/R	S	I/R	S	I/R	I/R	S	I/R
ERR1585849	I/R	NA	S	NA	NA	I/R	S	S	S	S	S	S	I/R	S	S
ERR1585850	I/R	NA	I/R	NA	NA	I/R	I/R	I/R	S	S	I/R	S	I/R	S	S
ERR1585851	I/R	NA	S	NA	NA	I/R	I/R	I/R	S	S	S	S	I/R	S	S
ERR1585852	I/R	NA	S	NA	NA	I/R	S	S	S	S	S	S	I/R	S	S
ERR1585854	I/R	NA	I/R	NA	NA	I/R	I/R	I/R	S	I/R	I/R	I/R	I/R	S	I/R
ERR1585855	I/R	NA	S	NA	NA	I/R	I/R	I/R	S	S	S	I/R	I/R	S	I/R
ERR1585856	I/R	NA	I/R	NA	NA	I/R	I/R	I/R	S	I/R	I/R	I/R	I/R	S	I/R
ERR1585857	I/R	NA	S	NA	NA	I/R	I/R	I/R	S	S	S	I/R	I/R	S	I/R
ERR1585858	S	NA	I/R	NA	NA	I/R	S	S	S	I/R	S	S	S	S	S
ERR1585859	I/R	NA	I/R	NA	NA	I/R	S	I/R	S	S	I/R	I/R	I/R	S	I/R
ERR1585860	I/R	NA	I/R	NA	NA	I/R	S	I/R	S	S	I/R	S	I/R	S	S
ERR1585861	I/R	NA	I/R	NA	NA	I/R	S	I/R	S	S	I/R	I/R	I/R	S	I/R
ERR1585862	I/R	NA	I/R	NA	NA	I/R	S	I/R	S	I/R	S	I/R	I/R	S	I/R
ERR1585863	I/R	NA	S	NA	NA	I/R	I/R	I/R	S	S	S	I/R	I/R	S	I/R
ERR1585864	I/R	NA	I/R	NA	NA	I/R	S	I/R	S	I/R	I/R	I/R	S	S	I/R
ERR1585865	I/R	NA	S	NA	NA	I/R	I/R	I/R	S	S	S	I/R	I/R	S	I/R
ERR1585867	I/R	NA	I/R	NA	NA	I/R	I/R	I/R	S	I/R	I/R	I/R	S	S	I/R
ERR1585868	NA	NA	NA	NA	NA	NA	NA	NA	NA	NA	NA	NA	NA	NA	NA
ERR1585869	I/R	NA	I/R	NA	NA	I/R	S	I/R	S	I/R	S	I/R	I/R	S	I/R
ERR1585870	I/R	NA	I/R	NA	NA	I/R	S	I/R	S	I/R	S	I/R	I/R	S	I/R
ERR1585871	I/R	NA	I/R	NA	NA	I/R	S	I/R	S	I/R	S	I/R	I/R	S	I/R
ERR1585872	I/R	NA	S	NA	NA	I/R	S	S	S	S	S	I/R	I/R	S	I/R
ERR1585873	I/R	NA	S	NA	NA	I/R	S	S	S	S	S	I/R	I/R	S	I/R
ERR1585874	I/R	NA	S	NA	NA	I/R	S	S	S	S	S	I/R	I/R	S	I/R
ERR1585876	I/R	NA	S	NA	NA	I/R	I/R	I/R	S	S	S	I/R	I/R	S	I/R
ERR1585877	I/R	NA	S	NA	NA	I/R	I/R	I/R	S	S	S	I/R	I/R	S	I/R
ERR1585878	I/R	NA	S	NA	NA	I/R	I/R	I/R	S	S	S	I/R	I/R	S	I/R
ERR1585879	I/R	NA	S	NA	NA	I/R	I/R	I/R	S	S	S	I/R	I/R	S	I/R
ERR1585880	I/R	NA	S	NA	NA	I/R	I/R	I/R	S	S	S	I/R	I/R	S	I/R
ERR1585881	I/R	NA	I/R	NA	NA	I/R	I/R	I/R	S	I/R	S	I/R	S	S	I/R
ERR1585882	I/R	NA	I/R	NA	NA	I/R	S	I/R	S	I/R	S	I/R	I/R	S	I/R
ERR1585883	NA	NA	NA	NA	NA	NA	NA	NA	NA	NA	NA	NA	NA	NA	NA
ERR1585884	NA	NA	NA	NA	NA	NA	NA	NA	NA	NA	NA	NA	NA	NA	NA
ERR1585885	NA	NA	NA	NA	NA	NA	NA	NA	NA	NA	NA	NA	NA	NA	NA
ERR1585886	NA	NA	NA	NA	NA	NA	NA	NA	NA	NA	NA	NA	NA	NA	NA
ERR1585887	NA	NA	NA	NA	NA	NA	NA	NA	NA	NA	NA	NA	NA	NA	NA
ERR1585888	I/R	NA	I/R	NA	NA	I/R	I/R	I/R	S	S	S	I/R	I/R	S	I/R
ERR1585889	I/R	NA	I/R	NA	NA	I/R	I/R	I/R	S	I/R	I/R	I/R	I/R	S	I/R
ERR1585890	I/R	NA	I/R	NA	NA	I/R	I/R	I/R	S	S	I/R	I/R	S	S	I/R
ERR1585891	NA	NA	NA	NA	NA	NA	NA	NA	NA	NA	NA	NA	NA	NA	NA
ERR1585892	I/R	NA	S	NA	NA	I/R	I/R	I/R	S	S	S	I/R	I/R	S	I/R
ERR1585893	I/R	NA	S	NA	NA	I/R	I/R	I/R	S	S	S	I/R	I/R	S	I/R
ERR1585894	I/R	NA	S	NA	NA	I/R	I/R	I/R	S	S	S	I/R	I/R	S	I/R
ERR1585895	I/R	NA	I/R	NA	NA	I/R	I/R	I/R	S	S	S	I/R	I/R	S	I/R
ERR1585896	I/R	NA	I/R	NA	NA	I/R	S	I/R	S	I/R	S	I/R	I/R	S	I/R
ERR1585897	I/R	NA	I/R	NA	NA	I/R	I/R	I/R	S	S	I/R	I/R	I/R	S	I/R
ERR1585898	I/R	NA	I/R	NA	NA	I/R	I/R	I/R	S	I/R	I/R	I/R	I/R	S	I/R
ERR1585899	NA	NA	NA	NA	NA	NA	NA	NA	NA	NA	NA	NA	NA	NA	NA
ERR1585900	NA	NA	NA	NA	NA	NA	NA	NA	NA	NA	NA	NA	NA	NA	NA
ERR1585901	NA	NA	NA	NA	NA	NA	NA	NA	NA	NA	NA	NA	NA	NA	NA
ERR1585902	NA	NA	NA	NA	NA	NA	NA	NA	NA	NA	NA	NA	NA	NA	NA
ERR1585903	NA	NA	NA	NA	NA	NA	NA	NA	NA	NA	NA	NA	NA	NA	NA
ERR1585904	NA	NA	NA	NA	NA	NA	NA	NA	NA	NA	NA	NA	NA	NA	NA
ERR1585905	I/R	NA	I/R	NA	NA	I/R	I/R	I/R	S	S	I/R	I/R	S	S	I/R
ERR1585906	I/R	NA	S	NA	NA	I/R	I/R	I/R	S	S	S	I/R	I/R	S	I/R
ERR1585907	I/R	NA	S	NA	NA	I/R	I/R	I/R	S	S	S	I/R	I/R	S	I/R
ERR1585908	I/R	NA	S	NA	NA	I/R	I/R	I/R	S	S	S	I/R	I/R	S	I/R
ERR1585909	I/R	NA	S	NA	NA	I/R	I/R	I/R	S	S	S	I/R	I/R	S	I/R
ERR1585910	NA	NA	NA	NA	NA	NA	NA	NA	NA	NA	NA	NA	NA	NA	NA
ERR1585911	NA	NA	NA	NA	NA	NA	NA	NA	NA	NA	NA	NA	NA	NA	NA
ERR1585912	NA	NA	NA	NA	NA	NA	NA	NA	NA	NA	NA	NA	NA	NA	NA
ERR1585913	I/R	NA	I/R	NA	NA	I/R	I/R	I/R	S	I/R	I/R	I/R	I/R	S	I/R
ERR1585914	I/R	NA	S	NA	NA	I/R	I/R	I/R	S	S	I/R	I/R	S	S	I/R
ERR1585915	I/R	NA	S	NA	NA	I/R	I/R	I/R	S	S	I/R	I/R	S	S	I/R
ERR1585916	I/R	NA	S	NA	NA	I/R	I/R	I/R	S	S	I/R	I/R	S	S	I/R
ERR1585917	I/R	NA	S	NA	NA	I/R	I/R	I/R	S	S	I/R	I/R	S	S	I/R
ERR1585918	I/R	NA	S	NA	NA	I/R	I/R	I/R	S	S	I/R	I/R	S	S	I/R
ERR1585919	NA	NA	NA	NA	NA	NA	NA	NA	NA	NA	NA	NA	NA	NA	NA
ERR1585920	I/R	NA	S	NA	NA	I/R	I/R	I/R	S	S	S	I/R	I/R	S	I/R
ERR1585921	I/R	NA	I/R	NA	NA	I/R	I/R	I/R	S	S	S	I/R	S	S	I/R
ERR1585922	I/R	NA	I/R	NA	NA	I/R	S	I/R	S	I/R	I/R	I/R	I/R	S	I/R
ERR1585923	I/R	NA	I/R	NA	NA	I/R	S	I/R	S	I/R	I/R	I/R	I/R	S	I/R
ERR1585924	I/R	NA	I/R	NA	NA	I/R	S	I/R	S	I/R	I/R	I/R	I/R	S	I/R
ERR1585925	I/R	NA	I/R	NA	NA	I/R	S	I/R	S	I/R	I/R	I/R	I/R	S	I/R
ERR1585926	I/R	NA	I/R	NA	NA	I/R	S	I/R	S	I/R	I/R	I/R	I/R	S	I/R
ERR1585927	NA	NA	NA	NA	NA	NA	NA	NA	NA	NA	NA	NA	NA	NA	NA
ERR1585928	NA	NA	NA	NA	NA	NA	NA	NA	NA	NA	NA	NA	NA	NA	NA
ERR1585929	NA	NA	NA	NA	NA	NA	NA	NA	NA	NA	NA	NA	NA	NA	NA
ERR1585930	NA	NA	NA	NA	NA	NA	NA	NA	NA	NA	NA	NA	NA	NA	NA
ERR1585931	NA	NA	NA	NA	NA	NA	NA	NA	NA	NA	NA	NA	NA	NA	NA
ERR1585932	I/R	NA	I/R	NA	NA	I/R	S	I/R	S	I/R	S	I/R	I/R	S	I/R
ERR1585933	I/R	NA	I/R	NA	NA	I/R	S	I/R	S	I/R	I/R	I/R	I/R	S	I/R
ERR1585934	I/R	NA	I/R	NA	NA	I/R	I/R	I/R	S	I/R	I/R	I/R	I/R	S	I/R
ERR1585936	NA	NA	NA	NA	NA	NA	NA	NA	NA	NA	NA	NA	NA	NA	NA
ERR1585937	NA	NA	NA	NA	NA	NA	NA	NA	NA	NA	NA	NA	NA	NA	NA
ERR1585938	NA	NA	NA	NA	NA	NA	NA	NA	NA	NA	NA	NA	NA	NA	NA
ERR1585939	NA	NA	NA	NA	NA	NA	NA	NA	NA	NA	NA	NA	NA	NA	NA
ERR1585940	NA	NA	NA	NA	NA	NA	NA	NA	NA	NA	NA	NA	NA	NA	NA
ERR1585941	NA	NA	NA	NA	NA	NA	NA	NA	NA	NA	NA	NA	NA	NA	NA
ERR1585942	NA	NA	NA	NA	NA	NA	NA	NA	NA	NA	NA	NA	NA	NA	NA
ERR1585943	NA	NA	NA	NA	NA	NA	NA	NA	NA	NA	NA	NA	NA	NA	NA
ERR1585944	NA	NA	NA	NA	NA	NA	NA	NA	NA	NA	NA	NA	NA	NA	NA
ERR1585945	NA	NA	NA	NA	NA	NA	NA	NA	NA	NA	NA	NA	NA	NA	NA
ERR1585946	NA	NA	NA	NA	NA	NA	NA	NA	NA	NA	NA	NA	NA	NA	NA
ERR1585948	NA	NA	NA	NA	NA	NA	NA	NA	NA	NA	NA	NA	NA	NA	NA
ERR1585949	I/R	NA	S	NA	NA	I/R	I/R	I/R	S	S	S	I/R	S	S	I/R
ERR1585951	I/R	NA	I/R	NA	NA	I/R	I/R	I/R	S	S	S	I/R	I/R	S	I/R
ERR1585952	I/R	NA	I/R	NA	NA	I/R	I/R	I/R	S	S	S	I/R	I/R	S	I/R
ERR1585953	I/R	NA	I/R	NA	NA	I/R	S	S	S	S	S	I/R	I/R	S	I/R
ERR1585954	I/R	NA	S	NA	NA	I/R	I/R	I/R	S	S	S	I/R	I/R	S	I/R
ERR1585955	I/R	NA	I/R	NA	NA	I/R	I/R	I/R	S	I/R	I/R	I/R	I/R	S	I/R
ERR1585956	I/R	NA	I/R	NA	NA	I/R	I/R	I/R	S	I/R	I/R	I/R	I/R	S	I/R
ERR1585957	I/R	NA	I/R	NA	NA	I/R	I/R	S	S	I/R	I/R	I/R	I/R	S	I/R
ERR1585958	I/R	NA	I/R	NA	NA	I/R	I/R	I/R	S	I/R	I/R	I/R	I/R	S	I/R
ERR1585959	I/R	NA	I/R	NA	NA	I/R	I/R	S	S	I/R	I/R	I/R	I/R	S	I/R
ERR1585960	I/R	NA	I/R	NA	NA	I/R	I/R	S	S	I/R	I/R	I/R	I/R	S	I/R
ERR1585961	I/R	NA	I/R	NA	NA	I/R	I/R	I/R	S	S	S	I/R	I/R	S	I/R
ERR1585962	I/R	NA	I/R	NA	NA	I/R	I/R	I/R	S	S	S	I/R	I/R	S	I/R
ERR1585963	I/R	NA	I/R	NA	NA	I/R	I/R	I/R	S	S	S	I/R	I/R	S	I/R
ERR1585964	I/R	NA	I/R	NA	NA	I/R	I/R	I/R	S	S	S	I/R	I/R	S	I/R
ERR1585965	I/R	NA	I/R	NA	NA	I/R	I/R	I/R	S	S	S	I/R	I/R	S	I/R
ERR1585966	I/R	NA	I/R	NA	NA	I/R	I/R	I/R	S	S	S	I/R	I/R	S	I/R
ERR1585967	I/R	NA	S	NA	NA	I/R	I/R	S	S	S	S	I/R	I/R	S	I/R
ERR1585968	I/R	NA	I/R	NA	NA	I/R	I/R	S	S	S	S	I/R	I/R	S	I/R
ERR1585969	I/R	NA	S	NA	NA	I/R	S	S	S	S	S	I/R	I/R	S	I/R
ERR1585970	I/R	NA	S	NA	NA	I/R	I/R	I/R	S	S	S	I/R	I/R	S	I/R
ERR1585971	I/R	NA	I/R	NA	NA	I/R	S	I/R	S	I/R	S	I/R	I/R	S	I/R
ERR1585972	I/R	NA	I/R	NA	NA	I/R	S	I/R	S	I/R	S	I/R	I/R	S	I/R
ERR1585973	I/R	NA	I/R	NA	NA	I/R	S	I/R	S	I/R	S	I/R	I/R	S	I/R
ERR1585974	I/R	NA	I/R	NA	NA	I/R	S	I/R	S	I/R	I/R	I/R	I/R	S	I/R
ERR1585975	I/R	NA	I/R	NA	NA	I/R	S	I/R	S	I/R	I/R	I/R	I/R	S	I/R
ERR1585976	I/R	NA	I/R	NA	NA	I/R	S	I/R	S	I/R	I/R	I/R	I/R	S	I/R
ERR1585977	I/R	NA	I/R	NA	NA	I/R	S	I/R	S	I/R	I/R	I/R	I/R	S	I/R
ERR1585978	I/R	NA	I/R	NA	NA	I/R	S	I/R	S	S	I/R	I/R	I/R	S	I/R
ERR1585979	I/R	NA	I/R	NA	NA	I/R	I/R	I/R	S	I/R	I/R	I/R	I/R	S	I/R
ERR1585980	I/R	NA	I/R	NA	NA	I/R	I/R	I/R	S	I/R	I/R	I/R	I/R	S	I/R
ERR1585981	I/R	NA	I/R	NA	NA	I/R	I/R	I/R	S	I/R	I/R	I/R	I/R	S	I/R
ERR1585982	I/R	NA	I/R	NA	NA	I/R	I/R	I/R	S	I/R	I/R	I/R	I/R	S	I/R
ERR1585983	I/R	NA	I/R	NA	NA	I/R	I/R	I/R	S	I/R	I/R	I/R	I/R	S	I/R
ERR1585984	I/R	NA	I/R	NA	NA	I/R	S	I/R	S	I/R	I/R	S	I/R	S	I/R
ERR1585985	I/R	NA	I/R	NA	NA	I/R	S	I/R	S	I/R	I/R	I/R	I/R	S	I/R
ERR1585986	I/R	NA	I/R	NA	NA	I/R	I/R	I/R	S	S	I/R	I/R	I/R	S	I/R
ERR1585987	I/R	NA	I/R	NA	NA	I/R	I/R	I/R	S	S	I/R	S	I/R	S	S
ERR1585988	I/R	NA	I/R	NA	NA	I/R	I/R	I/R	S	S	S	I/R	I/R	S	I/R
ERR1585989	I/R	NA	I/R	NA	NA	I/R	I/R	I/R	S	I/R	I/R	I/R	I/R	S	I/R
ERR1585990	NA	NA	NA	NA	NA	NA	NA	NA	NA	NA	NA	NA	NA	NA	NA
ERR1585991	NA	NA	NA	NA	NA	NA	NA	NA	NA	NA	NA	NA	NA	NA	NA
ERR1585992	I/R	NA	I/R	NA	NA	I/R	I/R	I/R	S	I/R	I/R	S	I/R	S	S
ERR1585993	I/R	NA	S	NA	NA	I/R	I/R	I/R	S	S	S	I/R	I/R	S	I/R
ERR1585994	I/R	NA	I/R	NA	NA	I/R	I/R	S	S	I/R	S	I/R	I/R	S	I/R
ERR1585995	I/R	NA	I/R	NA	NA	I/R	S	I/R	S	I/R	I/R	S	I/R	S	S
ERR1585996	I/R	NA	I/R	NA	NA	I/R	I/R	I/R	S	I/R	S	I/R	I/R	S	I/R
ERR1585997	I/R	NA	I/R	NA	NA	I/R	S	I/R	S	I/R	I/R	I/R	S	S	I/R
ERR1585998	I/R	NA	I/R	NA	NA	I/R	S	I/R	S	I/R	I/R	I/R	S	S	I/R
ERR1585999	I/R	NA	I/R	NA	NA	I/R	S	I/R	S	I/R	I/R	I/R	S	S	I/R
ERR1586000	I/R	NA	S	NA	NA	I/R	I/R	I/R	S	S	S	I/R	I/R	S	I/R
ERR1586001	I/R	NA	S	NA	NA	I/R	S	I/R	S	S	S	I/R	S	S	I/R
ERR1586002	I/R	NA	I/R	NA	NA	I/R	I/R	I/R	S	I/R	I/R	I/R	I/R	S	I/R
ERR1586003	I/R	NA	I/R	NA	NA	I/R	I/R	S	S	I/R	S	I/R	I/R	S	I/R
ERR1586004	I/R	NA	I/R	NA	NA	I/R	I/R	I/R	S	S	I/R	S	I/R	S	S
ERR1586006	I/R	NA	I/R	NA	NA	I/R	S	I/R	S	I/R	S	I/R	I/R	S	I/R
ERR1586007	I/R	NA	S	NA	NA	I/R	I/R	I/R	S	S	S	I/R	I/R	S	I/R
ERR1586008	I/R	NA	S	NA	NA	I/R	S	S	S	S	S	S	I/R	S	S
ERR1586009	I/R	NA	I/R	NA	NA	I/R	I/R	I/R	S	S	S	I/R	I/R	S	I/R
ERR1586010	I/R	NA	I/R	NA	NA	I/R	I/R	I/R	S	I/R	I/R	I/R	I/R	S	I/R
ERR1586011	I/R	NA	S	NA	NA	I/R	S	S	S	S	S	S	I/R	S	S
ERR1586012	I/R	NA	I/R	NA	NA	I/R	I/R	S	S	I/R	S	I/R	I/R	S	I/R
ERR1586013	I/R	NA	I/R	NA	NA	I/R	I/R	S	S	I/R	S	I/R	I/R	S	I/R
ERR1586014	I/R	NA	I/R	NA	NA	I/R	S	I/R	S	S	S	I/R	I/R	S	I/R
ERR1586015	I/R	NA	S	NA	NA	I/R	I/R	I/R	S	S	S	S	I/R	S	S
ERR1586016	I/R	NA	S	NA	NA	I/R	I/R	I/R	S	S	I/R	I/R	I/R	S	I/R
ERR1586017	I/R	NA	S	NA	NA	I/R	S	I/R	S	S	I/R	I/R	S	S	I/R
ERR1586018	I/R	NA	S	NA	NA	I/R	I/R	I/R	I/R	S	NA	S	I/R	S	S
ERR1586019	I/R	NA	S	NA	NA	I/R	I/R	I/R	S	S	S	S	I/R	S	S
ERR1586020	I/R	NA	I/R	NA	NA	I/R	I/R	I/R	S	S	I/R	S	I/R	S	S
ERR1586021	I/R	NA	I/R	NA	NA	I/R	I/R	I/R	S	S	I/R	S	I/R	S	S
ERR1586022	I/R	NA	I/R	NA	NA	I/R	I/R	I/R	S	S	I/R	S	I/R	S	S
ERR1586023	I/R	NA	S	NA	NA	I/R	S	S	S	S	S	S	I/R	S	S
ERR1586024	I/R	NA	I/R	NA	NA	I/R	I/R	I/R	S	S	I/R	I/R	S	S	I/R
ERR1586025	I/R	NA	S	NA	NA	I/R	I/R	I/R	S	S	S	S	I/R	S	S
ERR1586026	I/R	NA	S	NA	NA	I/R	I/R	I/R	S	S	S	S	I/R	S	S
ERR1586027	I/R	NA	S	NA	NA	I/R	I/R	I/R	S	S	S	S	I/R	S	S
ERR1586028	I/R	NA	S	NA	NA	I/R	I/R	I/R	S	S	S	I/R	I/R	S	I/R
ERR1586029	I/R	NA	I/R	NA	NA	I/R	I/R	I/R	S	I/R	I/R	I/R	I/R	S	I/R
ERR1586030	I/R	NA	I/R	NA	NA	I/R	I/R	I/R	S	I/R	I/R	I/R	I/R	S	I/R
ERR1586031	I/R	NA	I/R	NA	NA	I/R	I/R	I/R	S	I/R	I/R	I/R	I/R	S	I/R
ERR1586032	I/R	NA	I/R	NA	NA	I/R	I/R	I/R	S	I/R	I/R	I/R	I/R	S	I/R
ERR1586033	I/R	NA	I/R	NA	NA	I/R	I/R	I/R	S	I/R	I/R	I/R	I/R	S	I/R
ERR1586034	I/R	NA	I/R	NA	NA	I/R	I/R	I/R	S	I/R	I/R	I/R	I/R	S	I/R
ERR1586035	NA	NA	NA	NA	NA	NA	NA	NA	NA	NA	NA	NA	NA	NA	NA
ERR1586036	NA	NA	NA	NA	NA	NA	NA	NA	NA	NA	NA	NA	NA	NA	NA
ERR1586037	I/R	NA	S	NA	NA	I/R	S	S	S	S	S	I/R	I/R	S	I/R
ERR1586038	I/R	NA	S	NA	NA	I/R	S	S	S	S	S	I/R	I/R	S	I/R
ERR1586039	I/R	NA	S	NA	NA	I/R	S	S	S	S	S	I/R	I/R	S	I/R
ERR1586040	I/R	NA	S	NA	NA	I/R	S	S	S	S	S	I/R	I/R	S	I/R
ERR1586041	NA	NA	NA	NA	NA	NA	NA	NA	NA	NA	NA	NA	NA	NA	NA
ERR1586042	I/R	NA	S	NA	NA	I/R	S	S	S	S	S	I/R	I/R	S	I/R
ERR1586043	I/R	NA	I/R	NA	NA	I/R	I/R	I/R	S	S	S	I/R	S	S	I/R
ERR1586044	I/R	NA	I/R	NA	NA	I/R	I/R	I/R	S	S	S	I/R	S	S	I/R
ERR1586045	NA	NA	NA	NA	NA	NA	NA	NA	NA	NA	NA	NA	NA	NA	NA
ERR1586046	NA	NA	NA	NA	NA	NA	NA	NA	NA	NA	NA	NA	NA	NA	NA
ERR1586047	NA	NA	NA	NA	NA	NA	NA	NA	NA	NA	NA	NA	NA	NA	NA
ERR1586048	NA	NA	NA	NA	NA	NA	NA	NA	NA	NA	NA	NA	NA	NA	NA
ERR1586049	NA	NA	NA	NA	NA	NA	NA	NA	NA	NA	NA	NA	NA	NA	NA
ERR1586050	I/R	NA	S	NA	NA	I/R	I/R	I/R	S	S	S	S	I/R	S	S
ERR1586051	I/R	NA	S	NA	NA	I/R	I/R	I/R	S	S	S	S	I/R	S	S
ERR1586052	I/R	NA	S	NA	NA	I/R	I/R	I/R	S	S	S	S	I/R	S	S
ERR1586053	I/R	NA	I/R	NA	NA	I/R	I/R	I/R	S	I/R	I/R	I/R	I/R	S	I/R
ERR1586054	I/R	NA	I/R	NA	NA	I/R	I/R	I/R	S	I/R	I/R	I/R	I/R	S	I/R
ERR1586055	I/R	NA	I/R	NA	NA	I/R	S	I/R	S	S	I/R	I/R	I/R	S	I/R
ERR1586056	I/R	NA	I/R	NA	NA	I/R	S	I/R	S	S	I/R	I/R	I/R	S	I/R
ERR1586057	I/R	NA	I/R	NA	NA	I/R	S	I/R	S	S	I/R	I/R	I/R	S	I/R
ERR1586058	I/R	NA	I/R	NA	NA	I/R	S	I/R	S	S	I/R	I/R	I/R	S	I/R
ERR1586059	I/R	NA	I/R	NA	NA	I/R	S	I/R	S	S	I/R	I/R	I/R	S	I/R
ERR1586060	NA	NA	NA	NA	NA	NA	NA	NA	NA	NA	NA	NA	NA	NA	NA
ERR1586061	NA	NA	NA	NA	NA	NA	NA	NA	NA	NA	NA	NA	NA	NA	NA
ERR1586062	NA	NA	NA	NA	NA	NA	NA	NA	NA	NA	NA	NA	NA	NA	NA
ERR1586063	NA	NA	NA	NA	NA	NA	NA	NA	NA	NA	NA	NA	NA	NA	NA
ERR1586064	I/R	NA	I/R	NA	NA	I/R	I/R	S	S	S	S	I/R	I/R	S	I/R
ERR1586065	I/R	NA	I/R	NA	NA	I/R	S	I/R	S	I/R	S	I/R	I/R	S	I/R
ERR1586066	I/R	NA	I/R	NA	NA	I/R	I/R	S	S	I/R	S	I/R	I/R	S	I/R
ERR1586067	I/R	NA	S	NA	NA	I/R	I/R	I/R	S	S	S	I/R	I/R	S	I/R
ERR1586068	I/R	NA	S	NA	NA	I/R	I/R	I/R	S	S	S	I/R	I/R	S	I/R
ERR1586069	I/R	NA	S	NA	NA	I/R	I/R	I/R	S	S	S	I/R	I/R	S	I/R
ERR1586070	I/R	NA	I/R	NA	NA	I/R	S	I/R	S	S	I/R	I/R	S	S	I/R
ERR1586071	I/R	NA	I/R	NA	NA	I/R	S	I/R	S	I/R	I/R	I/R	S	S	I/R
ERR1586072	I/R	NA	I/R	NA	NA	I/R	S	I/R	S	I/R	I/R	I/R	S	S	I/R
ERR1586073	I/R	NA	I/R	NA	NA	I/R	S	I/R	S	I/R	I/R	I/R	S	S	I/R
ERR1586074	I/R	NA	S	NA	NA	I/R	I/R	I/R	S	S	S	I/R	I/R	S	I/R
ERR1586075	I/R	NA	I/R	NA	NA	I/R	S	I/R	S	S	I/R	I/R	I/R	S	I/R
ERR1586076	I/R	NA	I/R	NA	NA	I/R	S	I/R	S	S	I/R	I/R	I/R	S	I/R
ERR1586077	I/R	NA	I/R	NA	NA	I/R	I/R	I/R	S	I/R	S	I/R	I/R	S	I/R
ERR1586078	I/R	NA	I/R	NA	NA	I/R	I/R	I/R	S	I/R	S	I/R	I/R	S	I/R
ERR1586079	I/R	NA	S	NA	NA	I/R	S	S	S	S	S	I/R	I/R	S	I/R
ERR1586080	I/R	NA	S	NA	NA	I/R	I/R	I/R	S	S	S	I/R	I/R	S	I/R
ERR1586081	I/R	NA	S	NA	NA	I/R	I/R	I/R	S	S	S	I/R	I/R	S	I/R
ERR1586082	I/R	NA	S	NA	NA	I/R	I/R	I/R	S	S	S	I/R	I/R	S	I/R
ERR1586083	I/R	NA	S	NA	NA	I/R	I/R	I/R	S	S	S	I/R	I/R	S	I/R
ERR1586084	NA	NA	NA	NA	NA	NA	NA	NA	NA	NA	NA	NA	NA	NA	NA
ERR1586085	NA	NA	NA	NA	NA	NA	NA	NA	NA	NA	NA	NA	NA	NA	NA
ERR1586086	I/R	NA	I/R	NA	NA	I/R	S	I/R	S	S	I/R	I/R	I/R	S	I/R
ERR1586087	I/R	NA	S	NA	NA	I/R	S	S	S	S	S	I/R	I/R	S	I/R
ERR1586088	I/R	NA	S	NA	NA	I/R	S	S	S	S	S	I/R	I/R	S	I/R
ERR1586089	NA	NA	NA	NA	NA	NA	NA	NA	NA	NA	NA	NA	NA	NA	NA
ERR1586090	NA	NA	NA	NA	NA	NA	NA	NA	NA	NA	NA	NA	NA	NA	NA
ERR1586091	NA	NA	NA	NA	NA	NA	NA	NA	NA	NA	NA	NA	NA	NA	NA
ERR1586092	NA	NA	NA	NA	NA	NA	NA	NA	NA	NA	NA	NA	NA	NA	NA
ERR1586093	NA	NA	NA	NA	NA	NA	NA	NA	NA	NA	NA	NA	NA	NA	NA
ERR1586094	NA	NA	NA	NA	NA	NA	NA	NA	NA	NA	NA	NA	NA	NA	NA
ERR1586095	I/R	NA	S	NA	NA	I/R	I/R	S	S	S	S	S	I/R	S	S
ERR1586096	NA	NA	NA	NA	NA	NA	NA	NA	NA	NA	NA	NA	NA	NA	NA
ERR1586097	I/R	NA	I/R	NA	NA	I/R	I/R	I/R	S	S	S	I/R	I/R	S	I/R
ERR1586098	I/R	NA	I/R	NA	NA	I/R	I/R	I/R	S	S	S	I/R	I/R	S	I/R
ERR1586099	I/R	NA	I/R	NA	NA	I/R	I/R	I/R	S	S	S	I/R	I/R	S	I/R
ERR1586100	I/R	NA	I/R	NA	NA	I/R	I/R	I/R	S	S	S	I/R	I/R	S	I/R
ERR1586101	I/R	NA	I/R	NA	NA	I/R	I/R	I/R	S	S	S	I/R	I/R	S	I/R
ERR1586102	I/R	NA	S	NA	NA	I/R	I/R	I/R	S	S	S	I/R	I/R	S	I/R
ERR1586103	I/R	NA	S	NA	NA	I/R	I/R	I/R	S	S	S	I/R	S	S	I/R
ERR1586104	I/R	NA	S	NA	NA	I/R	I/R	I/R	S	S	S	I/R	S	S	I/R
ERR1586105	I/R	NA	S	NA	NA	I/R	I/R	I/R	S	S	S	I/R	S	S	I/R
ERR1586106	I/R	NA	S	NA	NA	I/R	I/R	I/R	S	S	S	I/R	S	NA	I/R
ERR1586107	NA	NA	NA	NA	NA	NA	NA	NA	NA	NA	NA	NA	NA	NA	NA
ERR1586108	I/R	NA	S	NA	NA	I/R	S	S	S	S	S	I/R	I/R	S	I/R
ERR1586109	I/R	NA	S	NA	NA	I/R	S	S	S	S	S	I/R	I/R	S	I/R
ERR1586110	I/R	NA	S	NA	NA	I/R	S	S	S	S	S	I/R	I/R	S	I/R
ERR1586111	I/R	NA	S	NA	NA	I/R	S	S	S	S	S	I/R	I/R	S	I/R
ERR1586112	I/R	NA	S	NA	NA	I/R	S	S	S	S	S	I/R	I/R	S	I/R
ERR1586113	I/R	NA	I/R	NA	NA	I/R	I/R	S	S	S	I/R	I/R	I/R	S	I/R
ERR1586114	I/R	NA	I/R	NA	NA	I/R	I/R	S	S	S	I/R	I/R	I/R	S	I/R
ERR1586115	I/R	NA	I/R	NA	NA	I/R	I/R	S	S	S	I/R	I/R	I/R	S	I/R
ERR1586116	I/R	NA	I/R	NA	NA	I/R	I/R	S	S	S	I/R	I/R	I/R	S	I/R
ERR1586117	I/R	NA	I/R	NA	NA	I/R	I/R	S	S	S	I/R	I/R	I/R	S	I/R
ERR1586118	NA	NA	NA	NA	NA	NA	NA	NA	NA	NA	NA	NA	NA	NA	NA
ERR1586119	I/R	NA	I/R	NA	NA	I/R	I/R	I/R	S	I/R	I/R	I/R	S	S	I/R
ERR1586120	NA	NA	NA	NA	NA	NA	NA	NA	NA	NA	NA	NA	NA	NA	NA
ERR1586121	I/R	NA	I/R	NA	NA	I/R	I/R	I/R	S	I/R	I/R	I/R	I/R	S	I/R
ERR1586122	I/R	NA	I/R	NA	NA	I/R	I/R	S	S	S	I/R	I/R	I/R	S	I/R
ERR1586123	I/R	NA	I/R	NA	NA	I/R	I/R	I/R	S	S	S	I/R	I/R	S	I/R
ERR1586124	I/R	NA	I/R	NA	NA	I/R	I/R	I/R	S	I/R	I/R	I/R	S	S	I/R
ERR1586125	I/R	NA	I/R	NA	NA	I/R	S	I/R	S	S	S	I/R	I/R	S	I/R
ERR1586126	I/R	NA	I/R	NA	NA	I/R	I/R	I/R	S	I/R	I/R	I/R	S	S	I/R
ERR1586127	I/R	NA	I/R	NA	NA	I/R	I/R	I/R	S	S	S	I/R	I/R	S	I/R
ERR1586128	I/R	NA	I/R	NA	NA	I/R	S	I/R	S	S	I/R	I/R	I/R	S	I/R
ERR1586129	I/R	NA	I/R	NA	NA	I/R	S	S	S	S	S	I/R	I/R	S	I/R
ERR1586130	NA	NA	NA	NA	NA	NA	NA	NA	NA	NA	NA	NA	NA	NA	NA
ERR1586131	I/R	NA	S	NA	NA	I/R	I/R	I/R	S	S	S	S	I/R	S	S
ERR1586132	I/R	NA	S	NA	NA	I/R	I/R	I/R	S	S	S	S	I/R	S	S
ERR1586133	I/R	NA	S	NA	NA	I/R	I/R	I/R	S	S	S	S	I/R	S	S
ERR1586134	I/R	NA	S	NA	NA	I/R	I/R	I/R	S	S	S	S	I/R	S	S
ERR1586135	I/R	NA	S	NA	NA	I/R	I/R	I/R	S	S	S	S	I/R	NA	S
ERR1586136	I/R	NA	S	NA	NA	I/R	S	S	S	S	S	S	I/R	S	S
ERR1586137	NA	NA	NA	NA	NA	NA	NA	NA	NA	NA	NA	NA	NA	NA	NA
ERR1586138	I/R	NA	I/R	NA	NA	I/R	I/R	S	S	S	S	I/R	I/R	S	I/R
ERR1586139	I/R	NA	I/R	NA	NA	I/R	S	S	S	S	S	I/R	I/R	S	I/R
ERR1586140	I/R	NA	I/R	NA	NA	I/R	I/R	I/R	S	I/R	I/R	I/R	I/R	S	I/R
ERR1586141	I/R	NA	S	NA	NA	I/R	I/R	I/R	S	S	S	I/R	I/R	S	I/R
ERR1586142	I/R	NA	I/R	NA	NA	I/R	I/R	I/R	S	S	S	I/R	S	S	I/R
ERR1586143	I/R	NA	I/R	NA	NA	I/R	I/R	I/R	S	S	S	I/R	S	S	I/R
ERR1586144	NA	NA	NA	NA	NA	NA	NA	NA	NA	NA	NA	NA	NA	NA	NA
ERR1586145	I/R	NA	I/R	NA	NA	I/R	I/R	I/R	S	I/R	I/R	I/R	I/R	S	I/R
ERR1586146	I/R	NA	I/R	NA	NA	I/R	I/R	I/R	S	S	S	I/R	S	S	I/R
ERR1586147	NA	NA	NA	NA	NA	NA	NA	NA	NA	NA	NA	NA	NA	NA	NA
ERR1586148	NA	NA	NA	NA	NA	NA	NA	NA	NA	NA	NA	NA	NA	NA	NA
ERR1586149	NA	NA	NA	NA	NA	NA	NA	NA	NA	NA	NA	NA	NA	NA	NA
ERR1586150	I/R	NA	I/R	NA	NA	I/R	S	I/R	S	I/R	S	I/R	I/R	S	I/R
ERR1586151	NA	NA	NA	NA	NA	NA	NA	NA	NA	NA	NA	NA	NA	NA	NA
ERR1586152	I/R	NA	I/R	NA	NA	I/R	I/R	I/R	S	I/R	S	I/R	I/R	S	I/R
ERR1586153	I/R	NA	S	NA	NA	I/R	S	S	S	S	S	S	I/R	S	S
ERR1586154	I/R	NA	I/R	NA	NA	I/R	I/R	I/R	S	I/R	I/R	I/R	I/R	S	I/R
ERR1586155	I/R	NA	I/R	NA	NA	I/R	I/R	I/R	S	I/R	I/R	I/R	I/R	S	I/R
ERR1586156	I/R	NA	S	NA	NA	I/R	I/R	I/R	S	S	S	I/R	I/R	S	I/R
ERR1586157	I/R	NA	I/R	NA	NA	I/R	S	I/R	S	I/R	S	I/R	I/R	S	I/R
ERR1586158	I/R	NA	I/R	NA	NA	I/R	S	I/R	S	I/R	I/R	I/R	I/R	S	I/R
ERR1586159	I/R	NA	S	NA	NA	I/R	I/R	I/R	S	S	S	I/R	I/R	S	I/R
ERR1586160	I/R	NA	I/R	NA	NA	I/R	I/R	S	S	S	S	I/R	I/R	S	I/R
ERR1586161	I/R	NA	I/R	NA	NA	I/R	I/R	I/R	S	S	S	I/R	I/R	S	I/R
ERR1586162	I/R	NA	S	NA	NA	I/R	I/R	I/R	S	S	S	I/R	I/R	S	I/R
ERR1586163	NA	NA	NA	NA	NA	NA	NA	NA	NA	NA	NA	NA	NA	NA	NA
ERR1586164	NA	NA	NA	NA	NA	NA	NA	NA	NA	NA	NA	NA	NA	NA	NA
ERR1586165	NA	NA	NA	NA	NA	NA	NA	NA	NA	NA	NA	NA	NA	NA	NA
ERR1586166	I/R	NA	S	NA	NA	I/R	I/R	I/R	S	S	S	S	I/R	S	S
ERR1586167	NA	NA	NA	NA	NA	NA	NA	NA	NA	NA	NA	NA	NA	NA	NA
ERR1586168	I/R	NA	I/R	NA	NA	I/R	S	I/R	S	S	S	I/R	I/R	S	I/R
ERR1586169	I/R	NA	I/R	NA	NA	I/R	I/R	I/R	S	S	S	I/R	I/R	S	I/R
ERR1586170	I/R	NA	S	NA	NA	I/R	I/R	I/R	S	S	S	I/R	I/R	S	I/R
ERR1586171	I/R	NA	S	NA	NA	I/R	I/R	I/R	S	S	S	I/R	I/R	S	I/R
ERR1586172	I/R	NA	I/R	NA	NA	I/R	S	I/R	S	I/R	I/R	I/R	I/R	S	I/R
ERR1586173	I/R	NA	I/R	NA	NA	I/R	S	S	S	S	S	I/R	I/R	S	I/R
ERR1586174	NA	NA	NA	NA	NA	NA	NA	NA	NA	NA	NA	NA	NA	NA	NA
ERR1586175	NA	NA	NA	NA	NA	NA	NA	NA	NA	NA	NA	NA	NA	NA	NA
ERR1586176	NA	NA	NA	NA	NA	NA	NA	NA	NA	NA	NA	NA	NA	NA	NA
ERR1586177	I/R	NA	I/R	NA	NA	I/R	I/R	I/R	S	I/R	I/R	I/R	I/R	S	I/R
ERR1586178	I/R	NA	I/R	NA	NA	I/R	I/R	I/R	S	I/R	I/R	I/R	I/R	S	I/R
ERR1586179	I/R	NA	I/R	NA	NA	I/R	S	I/R	S	S	I/R	I/R	I/R	S	I/R
ERR1586180	I/R	NA	I/R	NA	NA	I/R	I/R	I/R	S	I/R	I/R	I/R	I/R	S	I/R
ERR1586181	I/R	NA	I/R	NA	NA	I/R	I/R	I/R	S	I/R	I/R	I/R	I/R	S	I/R
ERR1586182	I/R	NA	I/R	NA	NA	I/R	I/R	I/R	S	I/R	I/R	I/R	I/R	S	I/R
ERR1586183	I/R	NA	I/R	NA	NA	I/R	I/R	I/R	S	I/R	I/R	I/R	I/R	S	I/R
ERR1586184	I/R	NA	I/R	NA	NA	I/R	I/R	I/R	S	I/R	I/R	I/R	I/R	S	I/R
ERR1586185	I/R	NA	I/R	NA	NA	I/R	I/R	I/R	S	I/R	I/R	I/R	I/R	S	I/R
ERR1586186	I/R	NA	I/R	NA	NA	I/R	I/R	I/R	S	I/R	I/R	I/R	I/R	S	I/R
ERR1586187	I/R	NA	I/R	NA	NA	I/R	I/R	I/R	S	I/R	I/R	I/R	I/R	S	I/R
ERR1586188	I/R	NA	I/R	NA	NA	I/R	I/R	I/R	S	I/R	I/R	I/R	I/R	S	I/R
ERR1586189	NA	NA	NA	NA	NA	NA	NA	NA	NA	NA	NA	NA	NA	NA	NA
ERR1586190	NA	NA	NA	NA	NA	NA	NA	NA	NA	NA	NA	NA	NA	NA	NA
ERR1586191	NA	NA	NA	NA	NA	NA	NA	NA	NA	NA	NA	NA	NA	NA	NA
ERR1586192	NA	NA	NA	NA	NA	NA	NA	NA	NA	NA	NA	NA	NA	NA	NA
ERR1586193	NA	NA	NA	NA	NA	NA	NA	NA	NA	NA	NA	NA	NA	NA	NA
ERR1586194	I/R	NA	S	NA	NA	I/R	I/R	I/R	S	S	S	I/R	I/R	S	I/R
ERR1586195	I/R	NA	S	NA	NA	I/R	I/R	I/R	S	S	S	I/R	I/R	S	I/R
ERR1586196	I/R	NA	S	NA	NA	I/R	I/R	I/R	S	S	S	I/R	I/R	S	I/R
ERR1586197	I/R	NA	S	NA	NA	I/R	I/R	I/R	S	S	S	I/R	I/R	S	I/R
ERR1586198	I/R	NA	S	NA	NA	I/R	I/R	I/R	S	S	S	I/R	I/R	S	I/R
ERR1586199	I/R	NA	S	NA	NA	I/R	I/R	I/R	S	S	S	I/R	I/R	S	I/R
ERR1586200	I/R	NA	S	NA	NA	I/R	I/R	I/R	S	S	S	I/R	I/R	S	I/R
ERR1586201	I/R	NA	S	NA	NA	I/R	I/R	I/R	S	S	S	I/R	I/R	S	I/R
ERR1586202	I/R	NA	I/R	NA	NA	I/R	S	S	S	S	S	S	S	S	S
ERR1586203	I/R	NA	I/R	NA	NA	I/R	S	S	S	S	S	S	S	S	S
ERR1586204	I/R	NA	I/R	NA	NA	I/R	S	S	S	S	S	S	S	S	S
ERR1586205	I/R	NA	I/R	NA	NA	I/R	S	S	S	S	S	S	S	S	S
ERR1586206	I/R	NA	I/R	NA	NA	I/R	S	S	S	S	S	S	S	S	S
ERR1586207	I/R	NA	S	NA	NA	I/R	I/R	I/R	S	S	S	I/R	I/R	S	I/R
ERR1586208	NA	NA	NA	NA	NA	NA	NA	NA	NA	NA	NA	NA	NA	NA	NA
ERR1586209	NA	NA	NA	NA	NA	NA	NA	NA	NA	NA	NA	NA	NA	NA	NA
ERR1586210	NA	NA	NA	NA	NA	NA	NA	NA	NA	NA	NA	NA	NA	NA	NA
ERR1586211	NA	NA	NA	NA	NA	NA	NA	NA	NA	NA	NA	NA	NA	NA	NA
ERR1586212	NA	NA	NA	NA	NA	NA	NA	NA	NA	NA	NA	NA	NA	NA	NA
ERR1586213	NA	NA	NA	NA	NA	NA	NA	NA	NA	NA	NA	NA	NA	NA	NA
ERR1586214	I/R	NA	I/R	NA	NA	I/R	I/R	I/R	S	S	S	I/R	S	S	I/R
ERR1586215	I/R	NA	I/R	NA	NA	I/R	S	I/R	S	S	I/R	I/R	I/R	S	I/R
ERR1586216	NA	NA	NA	NA	NA	NA	NA	NA	NA	NA	NA	NA	NA	NA	NA
ERR1586217	I/R	NA	S	NA	NA	I/R	I/R	I/R	S	S	S	I/R	I/R	S	I/R
ERR1586218	I/R	NA	S	NA	NA	I/R	I/R	I/R	S	S	S	I/R	I/R	S	I/R
ERR1586219	I/R	NA	S	NA	NA	I/R	I/R	I/R	S	S	S	I/R	I/R	S	I/R
ERR1586220	I/R	NA	S	NA	NA	I/R	I/R	I/R	S	S	S	I/R	I/R	S	I/R
ERR1586221	I/R	NA	S	NA	NA	I/R	I/R	I/R	S	S	S	I/R	I/R	S	I/R
ERR1586222	NA	NA	NA	NA	NA	NA	NA	NA	NA	NA	NA	NA	NA	NA	NA
ERR1586223	I/R	NA	I/R	NA	NA	I/R	I/R	I/R	S	I/R	I/R	I/R	I/R	S	I/R
ERR1586224	I/R	NA	I/R	NA	NA	I/R	I/R	I/R	S	I/R	I/R	I/R	I/R	S	I/R
ERR1586225	I/R	NA	I/R	NA	NA	I/R	I/R	I/R	S	I/R	I/R	I/R	I/R	S	I/R
ERR1586226	I/R	NA	I/R	NA	NA	I/R	S	I/R	S	S	S	I/R	S	S	I/R
ERR1586227	I/R	NA	S	NA	NA	I/R	S	I/R	S	S	S	I/R	S	S	I/R
ERR1586228	I/R	NA	I/R	NA	NA	I/R	S	I/R	S	S	S	I/R	S	S	I/R
ERR1586229	I/R	NA	I/R	NA	NA	I/R	I/R	I/R	S	S	S	I/R	I/R	S	I/R
ERR1586230	I/R	NA	I/R	NA	NA	I/R	S	I/R	S	I/R	I/R	I/R	S	S	I/R
ERR1586231	I/R	NA	I/R	NA	NA	I/R	S	I/R	S	I/R	I/R	I/R	S	S	I/R
ERR1586232	I/R	NA	I/R	NA	NA	I/R	S	I/R	S	I/R	I/R	I/R	S	S	I/R
ERR1586233	I/R	NA	I/R	NA	NA	I/R	S	I/R	S	I/R	I/R	I/R	S	S	I/R
ERR1586234	I/R	NA	I/R	NA	NA	I/R	S	I/R	S	I/R	I/R	I/R	S	S	I/R
ERR1586235	NA	NA	NA	NA	NA	NA	NA	NA	NA	NA	NA	NA	NA	NA	NA
ERR1586236	NA	NA	NA	NA	NA	NA	NA	NA	NA	NA	NA	NA	NA	NA	NA
ERR1586237	I/R	NA	I/R	NA	NA	I/R	I/R	I/R	S	I/R	I/R	I/R	I/R	S	I/R
ERR1586238	I/R	NA	I/R	NA	NA	I/R	I/R	I/R	S	S	S	I/R	I/R	S	I/R
ERR1586239	I/R	NA	I/R	NA	NA	I/R	I/R	I/R	S	I/R	I/R	S	I/R	S	S
ERR1586240	NA	NA	NA	NA	NA	NA	NA	NA	NA	NA	NA	NA	NA	NA	NA
ERR1586241	I/R	NA	I/R	NA	NA	I/R	S	S	S	S	S	I/R	I/R	S	I/R
ERR1586242	I/R	NA	I/R	NA	NA	I/R	S	S	S	S	S	I/R	I/R	S	I/R
ERR1586243	I/R	NA	I/R	NA	NA	I/R	S	S	S	S	S	I/R	I/R	S	I/R
ERR1586244	I/R	NA	I/R	NA	NA	I/R	I/R	I/R	S	I/R	I/R	S	I/R	S	S
ERR1586245	I/R	NA	I/R	NA	NA	I/R	S	S	S	S	S	I/R	I/R	S	I/R
ERR1586246	I/R	NA	S	NA	NA	I/R	I/R	I/R	S	S	S	I/R	I/R	S	I/R
ERR1586247	I/R	NA	S	NA	NA	I/R	I/R	I/R	S	S	S	I/R	I/R	S	I/R
ERR1586248	I/R	NA	S	NA	NA	I/R	I/R	I/R	S	S	I/R	S	S	S	S
ERR1586249	I/R	NA	S	NA	NA	I/R	I/R	I/R	S	S	S	I/R	I/R	S	I/R
ERR1586250	I/R	NA	S	NA	NA	I/R	I/R	I/R	S	S	S	I/R	I/R	S	I/R
ERR1586251	I/R	NA	S	NA	NA	I/R	I/R	I/R	S	S	S	I/R	I/R	S	I/R
ERR1586252	I/R	NA	S	NA	NA	I/R	I/R	I/R	S	S	S	I/R	I/R	S	I/R
ERR1586253	I/R	NA	S	NA	NA	I/R	I/R	I/R	S	S	S	I/R	I/R	S	I/R
ERR1586254	I/R	NA	S	NA	NA	I/R	I/R	I/R	S	S	S	S	I/R	S	S
ERR1586255	I/R	NA	I/R	NA	NA	I/R	I/R	I/R	S	I/R	I/R	I/R	I/R	S	I/R
ERR1586256	I/R	NA	I/R	NA	NA	I/R	S	I/R	S	I/R	S	I/R	I/R	S	I/R
ERR1586257	I/R	NA	S	NA	NA	I/R	S	S	S	S	S	S	I/R	S	S
ERR1586258	NA	NA	NA	NA	NA	NA	NA	NA	NA	NA	NA	NA	NA	NA	NA
ERR1586259	NA	NA	NA	NA	NA	NA	NA	NA	NA	NA	NA	NA	NA	NA	NA
ERR1586260	I/R	NA	S	NA	NA	I/R	I/R	I/R	S	S	S	I/R	I/R	S	I/R
ERR1586261	I/R	NA	I/R	NA	NA	I/R	S	I/R	S	I/R	I/R	I/R	S	S	I/R
ERR1586262	NA	NA	NA	NA	NA	NA	NA	NA	NA	NA	NA	NA	NA	NA	NA
ERR1586263	NA	NA	NA	NA	NA	NA	NA	NA	NA	NA	NA	NA	NA	NA	NA
ERR1586265	NA	NA	NA	NA	NA	NA	NA	NA	NA	NA	NA	NA	NA	NA	NA
ERR1586266	NA	NA	NA	NA	NA	NA	NA	NA	NA	NA	NA	NA	NA	NA	NA
ERR1586267	I/R	NA	I/R	NA	NA	I/R	I/R	S	S	S	S	I/R	I/R	S	I/R
ERR1586268	I/R	NA	I/R	NA	NA	I/R	I/R	S	S	S	S	S	I/R	S	I/R
ERR1586269	I/R	NA	I/R	NA	NA	I/R	I/R	S	S	S	S	I/R	I/R	S	I/R
ERR1586270	I/R	NA	I/R	NA	NA	I/R	I/R	S	S	S	S	I/R	I/R	S	I/R
ERR1586271	I/R	NA	I/R	NA	NA	I/R	I/R	I/R	S	S	S	S	S	S	S
ERR1586272	I/R	NA	I/R	NA	NA	I/R	S	I/R	S	I/R	S	I/R	I/R	S	I/R
ERR1586273	I/R	NA	I/R	NA	NA	I/R	I/R	I/R	S	S	S	I/R	I/R	S	I/R
ERR1586274	I/R	NA	I/R	NA	NA	I/R	I/R	I/R	S	S	S	I/R	I/R	S	I/R
ERR1586275	I/R	NA	I/R	NA	NA	I/R	S	I/R	S	I/R	S	I/R	I/R	S	I/R
ERR1586276	I/R	NA	I/R	NA	NA	I/R	S	I/R	S	I/R	S	I/R	I/R	S	I/R
ERR1586277	I/R	NA	I/R	NA	NA	I/R	S	I/R	S	I/R	S	I/R	I/R	S	I/R
ERR1586278	I/R	NA	I/R	NA	NA	I/R	S	I/R	S	I/R	S	I/R	I/R	S	I/R
ERR1586279	I/R	NA	S	NA	NA	I/R	I/R	I/R	S	S	S	I/R	I/R	S	I/R
ERR1586280	NA	NA	NA	NA	NA	NA	NA	NA	NA	NA	NA	NA	NA	NA	NA
ERR1586281	I/R	NA	I/R	NA	NA	I/R	I/R	S	S	S	S	I/R	I/R	S	I/R
ERR1586282	I/R	NA	I/R	NA	NA	I/R	I/R	I/R	S	S	S	I/R	I/R	S	I/R
ERR1586283	I/R	NA	I/R	NA	NA	I/R	I/R	I/R	S	S	S	I/R	I/R	S	I/R
ERR1586284	I/R	NA	I/R	NA	NA	I/R	I/R	I/R	S	S	S	I/R	I/R	S	I/R
ERR1586285	I/R	NA	I/R	NA	NA	I/R	I/R	I/R	S	I/R	I/R	S	S	S	S
ERR1586286	NA	NA	NA	NA	NA	NA	NA	NA	NA	NA	NA	NA	NA	NA	NA
ERR1586287	NA	NA	NA	NA	NA	NA	NA	NA	NA	NA	NA	NA	NA	NA	NA
ERR1586288	NA	NA	NA	NA	NA	NA	NA	NA	NA	NA	NA	NA	NA	NA	NA
ERR1586289	NA	NA	NA	NA	NA	NA	NA	NA	NA	NA	NA	NA	NA	NA	NA
ERR1586290	NA	NA	NA	NA	NA	NA	NA	NA	NA	NA	NA	NA	NA	NA	NA
ERR1586291	NA	NA	NA	NA	NA	NA	NA	NA	NA	NA	NA	NA	NA	NA	NA
ERR1586292	I/R	NA	S	NA	NA	I/R	I/R	I/R	S	S	S	I/R	I/R	S	I/R
ERR1586293	I/R	NA	S	NA	NA	I/R	I/R	I/R	S	S	S	I/R	I/R	S	I/R
ERR1586294	I/R	NA	S	NA	NA	I/R	I/R	I/R	S	S	S	I/R	I/R	S	I/R
ERR1586295	I/R	NA	S	NA	NA	I/R	I/R	I/R	S	S	S	I/R	I/R	S	I/R
ERR1586296	I/R	NA	S	NA	NA	I/R	I/R	I/R	S	S	S	I/R	I/R	S	I/R
ERR1586297	I/R	NA	S	NA	NA	I/R	I/R	I/R	S	S	S	I/R	I/R	S	I/R
ERR1586298	I/R	NA	I/R	NA	NA	I/R	I/R	I/R	S	S	I/R	I/R	S	S	I/R
ERR1586299	NA	NA	NA	NA	NA	NA	NA	NA	NA	NA	NA	NA	NA	NA	NA
ERR1586300	I/R	NA	I/R	NA	NA	I/R	S	I/R	S	I/R	S	I/R	I/R	S	I/R
ERR1586301	NA	NA	NA	NA	NA	NA	NA	NA	NA	NA	NA	NA	NA	NA	NA
ERR1586302	NA	NA	NA	NA	NA	NA	NA	NA	NA	NA	NA	NA	NA	NA	NA
ERR1586303	NA	NA	NA	NA	NA	NA	NA	NA	NA	NA	NA	NA	NA	NA	NA
ERR1586304	NA	NA	NA	NA	NA	NA	NA	NA	NA	NA	NA	NA	NA	NA	NA
ERR1586305	NA	NA	NA	NA	NA	NA	NA	NA	NA	NA	NA	NA	NA	NA	NA
ERR1586306	I/R	NA	I/R	NA	NA	I/R	I/R	I/R	S	I/R	S	I/R	I/R	S	I/R
ERR1586307	I/R	NA	I/R	NA	NA	I/R	I/R	I/R	S	I/R	S	I/R	I/R	S	I/R
ERR1586308	I/R	NA	I/R	NA	NA	I/R	S	I/R	S	I/R	S	I/R	I/R	S	I/R
ERR1586309	I/R	NA	I/R	NA	NA	I/R	I/R	I/R	S	I/R	S	I/R	I/R	S	I/R
ERR1586310	I/R	NA	I/R	NA	NA	I/R	S	I/R	S	I/R	S	I/R	I/R	S	I/R
ERR1586311	NA	NA	NA	NA	NA	NA	NA	NA	NA	NA	NA	NA	NA	NA	NA
ERR1586312	NA	NA	NA	NA	NA	NA	NA	NA	NA	NA	NA	NA	NA	NA	NA
ERR1586313	I/R	NA	I/R	NA	NA	I/R	S	S	S	S	S	I/R	I/R	S	I/R
ERR1586314	I/R	NA	I/R	NA	NA	I/R	S	I/R	S	I/R	S	I/R	I/R	S	I/R
ERR1586315	I/R	NA	I/R	NA	NA	I/R	I/R	S	S	S	S	I/R	I/R	S	I/R
ERR1586316	I/R	NA	I/R	NA	NA	I/R	I/R	I/R	S	I/R	S	I/R	I/R	S	I/R
ERR1586317	NA	NA	NA	NA	NA	NA	NA	NA	NA	NA	NA	NA	NA	NA	NA
ERR1586318	I/R	NA	S	NA	NA	I/R	I/R	I/R	S	S	S	I/R	I/R	S	I/R
ERR1586319	I/R	NA	I/R	NA	NA	I/R	S	I/R	S	I/R	I/R	I/R	I/R	S	I/R
ERR1586320	I/R	NA	I/R	NA	NA	I/R	I/R	I/R	S	S	S	I/R	I/R	S	I/R
ERR1586321	I/R	NA	I/R	NA	NA	I/R	I/R	I/R	S	I/R	I/R	I/R	I/R	S	I/R
ERR1586322	I/R	NA	I/R	NA	NA	I/R	I/R	S	S	S	S	I/R	I/R	S	I/R
ERR1586323	I/R	NA	I/R	NA	NA	I/R	I/R	I/R	S	S	S	I/R	S	S	I/R
ERR1586324	I/R	NA	I/R	NA	NA	I/R	S	S	S	S	S	I/R	S	S	I/R
ERR1586325	I/R	NA	I/R	NA	NA	I/R	I/R	I/R	S	S	S	I/R	I/R	S	I/R
ERR1586327	I/R	NA	I/R	NA	NA	I/R	I/R	I/R	S	S	S	I/R	I/R	S	I/R
ERR1586328	I/R	NA	I/R	NA	NA	I/R	I/R	I/R	S	S	S	I/R	I/R	S	I/R
ERR1586329	I/R	NA	I/R	NA	NA	I/R	I/R	I/R	S	S	S	I/R	I/R	S	I/R
ERR1586330	I/R	NA	I/R	NA	NA	I/R	I/R	I/R	S	S	S	I/R	I/R	S	I/R
ERR1586331	I/R	NA	I/R	NA	NA	I/R	S	I/R	S	I/R	S	I/R	I/R	S	I/R
ERR1586332	I/R	NA	I/R	NA	NA	I/R	I/R	I/R	S	S	S	I/R	I/R	S	I/R
ERR1586333	I/R	NA	I/R	NA	NA	I/R	S	I/R	S	I/R	S	I/R	I/R	S	I/R
ERR1586334	I/R	NA	I/R	NA	NA	I/R	S	I/R	S	I/R	S	I/R	I/R	S	I/R
ERR1586335	I/R	NA	I/R	NA	NA	I/R	S	I/R	S	I/R	S	I/R	I/R	S	I/R
ERR1586336	I/R	NA	I/R	NA	NA	I/R	S	I/R	S	I/R	S	I/R	I/R	S	I/R
ERR1586337	NA	NA	NA	NA	NA	NA	NA	NA	NA	NA	NA	NA	NA	NA	NA
ERR1586338	I/R	NA	I/R	NA	NA	I/R	I/R	I/R	S	I/R	I/R	I/R	S	S	I/R
ERR1586339	I/R	NA	I/R	NA	NA	I/R	I/R	I/R	S	S	S	I/R	I/R	S	I/R
ERR1586340	I/R	NA	I/R	NA	NA	I/R	I/R	I/R	S	S	S	I/R	S	S	I/R
ERR1586341	I/R	NA	S	NA	NA	I/R	I/R	I/R	S	S	S	I/R	I/R	S	I/R
ERR1586342	I/R	NA	S	NA	NA	I/R	I/R	I/R	S	S	S	I/R	I/R	S	I/R
ERR1586343	I/R	NA	I/R	NA	NA	I/R	I/R	I/R	S	S	S	I/R	I/R	S	I/R
ERR1586344	I/R	NA	S	NA	NA	I/R	I/R	I/R	S	S	I/R	I/R	I/R	S	I/R
ERR1586345	I/R	NA	S	NA	NA	I/R	I/R	I/R	S	S	S	I/R	I/R	S	I/R
ERR1586346	I/R	NA	S	NA	NA	I/R	I/R	I/R	S	S	S	I/R	I/R	S	I/R
ERR1586347	I/R	NA	S	NA	NA	I/R	I/R	I/R	S	S	S	I/R	I/R	S	I/R
ERR1586348	I/R	NA	S	NA	NA	I/R	I/R	I/R	S	S	S	I/R	I/R	S	I/R
ERR1586349	I/R	NA	S	NA	NA	I/R	I/R	I/R	S	S	S	I/R	I/R	S	I/R
ERR1586350	NA	NA	NA	NA	NA	NA	NA	NA	NA	NA	NA	NA	NA	NA	NA
ERR1586351	I/R	NA	I/R	NA	NA	I/R	S	I/R	S	S	S	I/R	S	S	I/R
ERR1586352	NA	NA	NA	NA	NA	NA	NA	NA	NA	NA	NA	NA	NA	NA	NA
ERR1586353	NA	NA	NA	NA	NA	NA	NA	NA	NA	NA	NA	NA	NA	NA	NA
ERR1586354	NA	NA	NA	NA	NA	NA	NA	NA	NA	NA	NA	NA	NA	NA	NA
ERR1586355	NA	NA	NA	NA	NA	NA	NA	NA	NA	NA	NA	NA	NA	NA	NA
ERR1586356	NA	NA	NA	NA	NA	NA	NA	NA	NA	NA	NA	NA	NA	NA	NA
ERR1586357	I/R	NA	I/R	NA	NA	I/R	S	I/R	S	I/R	S	I/R	I/R	S	I/R
ERR1586358	I/R	NA	I/R	NA	NA	I/R	S	I/R	S	I/R	S	I/R	I/R	S	I/R
ERR1586359	I/R	NA	I/R	NA	NA	I/R	S	I/R	S	I/R	S	I/R	I/R	S	I/R
ERR1586360	I/R	NA	I/R	NA	NA	I/R	I/R	I/R	S	I/R	S	I/R	I/R	S	I/R
ERR1586361	I/R	NA	I/R	NA	NA	I/R	I/R	I/R	S	I/R	S	I/R	I/R	S	I/R
ERR1586362	I/R	NA	I/R	NA	NA	I/R	I/R	I/R	S	I/R	S	I/R	I/R	S	I/R
ERR1586363	I/R	NA	I/R	NA	NA	I/R	S	I/R	S	I/R	S	I/R	I/R	S	I/R
ERR1586364	I/R	NA	I/R	NA	NA	I/R	I/R	I/R	S	I/R	S	I/R	I/R	S	I/R
ERR1586365	I/R	NA	I/R	NA	NA	I/R	S	I/R	S	I/R	S	I/R	I/R	S	I/R
ERR1586366	I/R	NA	I/R	NA	NA	I/R	S	I/R	S	I/R	S	I/R	I/R	S	I/R
ERR1586367	I/R	NA	I/R	NA	NA	I/R	S	I/R	S	S	S	S	I/R	S	S
ERR1586368	I/R	NA	I/R	NA	NA	I/R	S	I/R	S	S	S	S	I/R	S	S
ERR1586369	I/R	NA	I/R	NA	NA	I/R	S	I/R	S	S	S	S	I/R	S	S
ERR1586370	I/R	NA	I/R	NA	NA	I/R	S	I/R	S	S	S	S	I/R	S	S
ERR1586371	NA	NA	NA	NA	NA	NA	NA	NA	NA	NA	NA	NA	NA	NA	NA
ERR1586372	I/R	NA	I/R	NA	NA	I/R	I/R	I/R	S	S	S	I/R	I/R	S	I/R
ERR1586373	NA	NA	NA	NA	NA	NA	NA	NA	NA	NA	NA	NA	NA	NA	NA
ERR1586374	I/R	NA	I/R	NA	NA	I/R	S	I/R	S	I/R	S	I/R	I/R	S	I/R
ERR1586375	I/R	NA	I/R	NA	NA	I/R	S	I/R	S	I/R	S	I/R	I/R	S	I/R
ERR1586376	I/R	NA	I/R	NA	NA	I/R	S	I/R	S	I/R	S	I/R	I/R	S	I/R
ERR1586377	I/R	NA	I/R	NA	NA	I/R	S	I/R	S	I/R	S	I/R	I/R	S	I/R
ERR1586378	I/R	NA	I/R	NA	NA	I/R	S	I/R	S	I/R	S	I/R	I/R	S	I/R
ERR1586379	I/R	NA	S	NA	NA	I/R	I/R	I/R	S	S	S	I/R	I/R	S	I/R
ERR1586380	I/R	NA	I/R	NA	NA	I/R	I/R	I/R	S	S	S	I/R	I/R	S	I/R
ERR1586381	I/R	NA	I/R	NA	NA	I/R	S	I/R	S	S	I/R	S	I/R	S	S
ERR1586382	I/R	NA	I/R	NA	NA	I/R	S	I/R	S	S	I/R	S	I/R	S	S
ERR1586383	I/R	NA	I/R	NA	NA	I/R	S	I/R	S	S	I/R	S	I/R	S	S
ERR1586384	I/R	NA	S	NA	NA	I/R	I/R	I/R	S	S	S	I/R	I/R	S	I/R
ERR1586385	I/R	NA	S	NA	NA	I/R	I/R	I/R	S	S	S	I/R	I/R	S	I/R
ERR1586386	I/R	NA	S	NA	NA	I/R	I/R	I/R	S	S	S	I/R	I/R	S	I/R
ERR1586387	NA	NA	NA	NA	NA	NA	NA	NA	NA	NA	NA	NA	NA	NA	NA
ERR1586388	NA	NA	NA	NA	NA	NA	NA	NA	NA	NA	NA	NA	NA	NA	NA
ERR1586389	NA	NA	NA	NA	NA	NA	NA	NA	NA	NA	NA	NA	NA	NA	NA
ERR1586390	NA	NA	NA	NA	NA	NA	NA	NA	NA	NA	NA	NA	NA	NA	NA
ERR1586391	NA	NA	NA	NA	NA	NA	NA	NA	NA	NA	NA	NA	NA	NA	NA
ERR1586392	I/R	NA	S	NA	NA	I/R	S	S	S	S	S	S	I/R	S	S
ERR1586393	I/R	NA	S	NA	NA	I/R	S	S	S	S	S	S	I/R	S	S
ERR1586394	I/R	NA	S	NA	NA	I/R	S	S	S	S	S	I/R	I/R	S	I/R
ERR1586395	I/R	NA	S	NA	NA	I/R	S	S	S	S	S	I/R	I/R	S	I/R
ERR1586397	I/R	NA	I/R	NA	NA	I/R	S	I/R	S	I/R	S	I/R	I/R	S	I/R
ERR1586398	I/R	NA	I/R	NA	NA	I/R	S	I/R	S	I/R	S	I/R	I/R	S	I/R
ERR1586399	I/R	NA	I/R	NA	NA	I/R	I/R	I/R	S	S	S	I/R	I/R	S	I/R
ERR1586400	I/R	NA	I/R	NA	NA	I/R	I/R	I/R	S	S	S	I/R	I/R	S	I/R
ERR1586401	I/R	NA	I/R	NA	NA	I/R	I/R	I/R	S	S	S	I/R	I/R	S	I/R
ERR1586402	I/R	NA	S	NA	NA	I/R	I/R	I/R	S	S	S	I/R	I/R	S	I/R
ERR1586403	I/R	NA	S	NA	NA	I/R	I/R	I/R	S	S	S	I/R	I/R	S	I/R
ERR1586404	I/R	NA	I/R	NA	NA	I/R	I/R	I/R	S	S	S	I/R	I/R	S	I/R
ERR1586405	I/R	NA	I/R	NA	NA	I/R	S	I/R	S	I/R	S	I/R	I/R	S	I/R
ERR1586406	I/R	NA	I/R	NA	NA	I/R	S	S	S	S	S	I/R	I/R	S	I/R
ERR1586407	I/R	NA	I/R	NA	NA	I/R	S	I/R	S	I/R	S	I/R	I/R	S	I/R
ERR1586408	I/R	NA	I/R	NA	NA	I/R	I/R	I/R	S	S	S	I/R	I/R	S	I/R
ERR1586409	I/R	NA	S	NA	NA	I/R	I/R	I/R	S	S	S	I/R	I/R	S	I/R
ERR1586410	I/R	NA	I/R	NA	NA	I/R	S	I/R	S	I/R	S	I/R	I/R	S	I/R
ERR1586411	I/R	NA	I/R	NA	NA	I/R	I/R	I/R	S	S	S	I/R	I/R	S	I/R
ERR1586412	I/R	NA	I/R	NA	NA	I/R	I/R	I/R	S	S	S	I/R	I/R	S	I/R
ERR1586413	I/R	NA	I/R	NA	NA	I/R	S	I/R	S	I/R	I/R	I/R	S	S	I/R
ERR1586414	I/R	NA	I/R	NA	NA	I/R	I/R	I/R	S	S	S	I/R	I/R	S	I/R
ERR1586415	I/R	NA	I/R	NA	NA	I/R	I/R	S	S	I/R	S	S	I/R	S	S
ERR1586416	I/R	NA	I/R	NA	NA	I/R	I/R	I/R	S	I/R	I/R	S	I/R	S	S
ERR1586417	I/R	NA	I/R	NA	NA	I/R	I/R	I/R	S	S	S	I/R	I/R	S	I/R
ERR1586418	I/R	NA	I/R	NA	NA	I/R	I/R	I/R	I/R	I/R	S	I/R	S	S	I/R
ERR1586419	I/R	NA	S	NA	NA	I/R	I/R	I/R	S	S	S	I/R	I/R	S	I/R
ERR1586420	I/R	NA	S	NA	NA	I/R	I/R	I/R	S	S	S	I/R	I/R	S	I/R
ERR1586421	I/R	NA	I/R	NA	NA	I/R	S	I/R	S	I/R	S	I/R	I/R	S	I/R
ERR1586422	I/R	NA	I/R	NA	NA	I/R	S	I/R	S	I/R	I/R	I/R	S	S	I/R
ERR1586423	I/R	NA	I/R	NA	NA	I/R	S	I/R	S	I/R	I/R	I/R	S	S	I/R
ERR1586424	I/R	NA	I/R	NA	NA	I/R	I/R	S	S	S	S	I/R	S	S	I/R
ERR1586425	I/R	NA	I/R	NA	NA	I/R	I/R	I/R	S	S	I/R	I/R	I/R	S	I/R
ERR1586426	I/R	NA	I/R	NA	NA	I/R	I/R	I/R	S	S	I/R	S	I/R	S	I/R
ERR1586427	I/R	NA	S	NA	NA	I/R	I/R	I/R	S	S	S	I/R	S	S	I/R
ERR1586428	I/R	NA	I/R	NA	NA	I/R	I/R	I/R	S	S	S	I/R	I/R	S	I/R
ERR1586429	I/R	NA	I/R	NA	NA	I/R	S	I/R	S	I/R	I/R	I/R	S	S	I/R
ERR1586430	I/R	NA	I/R	NA	NA	I/R	S	I/R	S	I/R	I/R	I/R	S	S	I/R
ERR1586431	I/R	NA	S	NA	NA	I/R	I/R	I/R	S	S	S	I/R	I/R	S	I/R
ERR1586432	I/R	NA	I/R	NA	NA	I/R	I/R	S	S	I/R	S	I/R	I/R	S	I/R
ERR1586433	I/R	NA	I/R	NA	NA	I/R	S	S	S	S	S	S	S	S	S
ERR1586434	I/R	NA	I/R	NA	NA	I/R	I/R	I/R	S	S	S	I/R	I/R	S	I/R
ERR1586435	I/R	NA	I/R	NA	NA	I/R	I/R	I/R	I/R	S	S	I/R	I/R	S	I/R
ERR1586436	I/R	NA	I/R	NA	NA	I/R	I/R	I/R	S	I/R	S	I/R	I/R	S	I/R
ERR1586437	I/R	NA	I/R	NA	NA	I/R	S	I/R	S	I/R	S	I/R	I/R	S	I/R
ERR1586438	I/R	NA	I/R	NA	NA	I/R	I/R	I/R	I/R	I/R	S	I/R	I/R	S	I/R
ERR1586439	I/R	NA	I/R	NA	NA	I/R	I/R	I/R	S	S	S	I/R	I/R	S	I/R
ERR1586440	I/R	NA	I/R	NA	NA	I/R	I/R	I/R	S	S	S	I/R	I/R	S	I/R
ERR1586441	I/R	NA	I/R	NA	NA	I/R	I/R	I/R	S	I/R	S	I/R	I/R	S	I/R
ERR1586442	I/R	NA	S	NA	NA	I/R	I/R	I/R	S	S	S	I/R	I/R	S	I/R
ERR1586443	I/R	NA	I/R	NA	NA	I/R	I/R	S	S	S	S	I/R	I/R	S	I/R
ERR1586444	I/R	NA	I/R	NA	NA	I/R	S	I/R	S	I/R	I/R	I/R	S	S	I/R
ERR1586445	I/R	NA	I/R	NA	NA	I/R	I/R	I/R	S	S	S	I/R	I/R	S	I/R
ERR1586446	I/R	NA	I/R	NA	NA	I/R	I/R	I/R	S	S	S	I/R	I/R	S	I/R
ERR1586447	I/R	NA	I/R	NA	NA	I/R	I/R	S	S	S	S	I/R	I/R	S	I/R
ERR1586448	I/R	NA	I/R	NA	NA	I/R	I/R	I/R	S	I/R	I/R	S	I/R	S	S
ERR1586449	I/R	NA	I/R	NA	NA	I/R	I/R	I/R	S	I/R	I/R	I/R	S	S	I/R
ERR1586450	I/R	NA	I/R	NA	NA	I/R	I/R	I/R	S	I/R	I/R	I/R	S	S	I/R
ERR1586451	I/R	NA	I/R	NA	NA	I/R	I/R	I/R	S	I/R	I/R	S	I/R	S	I/R
ERR1586452	I/R	NA	I/R	NA	NA	I/R	I/R	I/R	S	I/R	I/R	I/R	S	S	I/R
ERR1586453	I/R	NA	I/R	NA	NA	I/R	I/R	I/R	S	I/R	I/R	I/R	S	S	I/R
ERR1586454	I/R	NA	I/R	NA	NA	I/R	I/R	I/R	S	I/R	S	I/R	I/R	S	I/R
ERR1586455	I/R	NA	I/R	NA	NA	I/R	I/R	I/R	S	I/R	I/R	I/R	S	S	I/R
ERR1586456	I/R	NA	I/R	NA	NA	I/R	S	I/R	S	I/R	I/R	I/R	S	S	I/R
ERR1586457	I/R	NA	I/R	NA	NA	I/R	S	I/R	S	I/R	I/R	I/R	I/R	S	I/R
ERR1586458	I/R	NA	I/R	NA	NA	I/R	S	I/R	S	I/R	S	I/R	I/R	S	I/R
ERR1586459	I/R	NA	I/R	NA	NA	I/R	S	I/R	S	I/R	I/R	I/R	S	S	I/R
ERR1586460	I/R	NA	S	NA	NA	I/R	I/R	I/R	S	S	S	I/R	I/R	S	I/R
ERR1586461	I/R	NA	S	NA	NA	I/R	I/R	S	S	S	S	I/R	I/R	S	I/R
ERR1586462	I/R	NA	S	NA	NA	I/R	I/R	I/R	S	S	S	I/R	I/R	S	I/R
ERR1586463	I/R	NA	I/R	NA	NA	I/R	S	I/R	S	I/R	S	I/R	I/R	S	I/R
ERR1586464	I/R	NA	I/R	NA	NA	I/R	S	I/R	S	I/R	I/R	I/R	S	S	I/R
ERR1586465	I/R	NA	S	NA	NA	I/R	I/R	I/R	S	S	S	I/R	I/R	S	I/R
ERR1586466	I/R	NA	I/R	NA	NA	I/R	S	I/R	S	I/R	S	I/R	I/R	S	I/R
ERR1586467	I/R	NA	I/R	NA	NA	I/R	I/R	I/R	S	I/R	I/R	I/R	I/R	S	I/R
ERR1586468	I/R	NA	I/R	NA	NA	I/R	I/R	I/R	S	S	S	I/R	I/R	S	I/R
ERR1586469	I/R	NA	I/R	NA	NA	I/R	I/R	I/R	S	I/R	I/R	I/R	I/R	S	I/R
ERR1586470	I/R	NA	I/R	NA	NA	I/R	S	I/R	S	I/R	S	I/R	I/R	S	I/R
ERR1586471	I/R	NA	I/R	NA	NA	I/R	I/R	I/R	S	S	S	I/R	I/R	S	I/R
ERR1586472	I/R	NA	I/R	NA	NA	I/R	S	I/R	S	I/R	I/R	I/R	S	S	I/R
ERR1586473	I/R	NA	I/R	NA	NA	I/R	S	I/R	S	I/R	I/R	I/R	I/R	S	I/R
ERR1586474	I/R	NA	I/R	NA	NA	I/R	S	I/R	S	I/R	I/R	I/R	S	S	I/R
ERR1586475	I/R	NA	I/R	NA	NA	I/R	I/R	I/R	S	I/R	I/R	S	I/R	S	I/R
ERR1586476	I/R	NA	I/R	NA	NA	I/R	I/R	I/R	S	I/R	I/R	S	I/R	S	I/R
ERR1586477	I/R	NA	I/R	NA	NA	I/R	S	I/R	S	I/R	I/R	I/R	S	S	I/R
ERR1586478	I/R	NA	I/R	NA	NA	I/R	I/R	I/R	S	I/R	I/R	I/R	I/R	S	I/R
ERR1586479	I/R	NA	I/R	NA	NA	I/R	I/R	I/R	S	I/R	I/R	S	I/R	S	I/R
ERR1586480	I/R	NA	I/R	NA	NA	I/R	I/R	I/R	S	I/R	I/R	S	I/R	S	I/R
ERR1586481	I/R	NA	I/R	NA	NA	I/R	I/R	I/R	S	I/R	I/R	I/R	I/R	S	I/R
ERR1586482	I/R	NA	I/R	NA	NA	I/R	I/R	I/R	S	I/R	I/R	I/R	I/R	S	I/R
ERR1586483	I/R	NA	I/R	NA	NA	I/R	I/R	I/R	S	I/R	I/R	I/R	I/R	S	I/R
ERR1586484	I/R	NA	I/R	NA	NA	I/R	I/R	I/R	S	I/R	I/R	I/R	I/R	S	I/R
ERR1586485	I/R	NA	I/R	NA	NA	I/R	I/R	I/R	S	I/R	I/R	S	I/R	S	S
ERR1586486	I/R	NA	I/R	NA	NA	I/R	I/R	I/R	S	S	S	I/R	I/R	S	I/R
ERR1586487	I/R	NA	I/R	NA	NA	I/R	I/R	I/R	S	I/R	I/R	I/R	I/R	S	I/R
ERR1586488	I/R	NA	I/R	NA	NA	I/R	I/R	I/R	S	S	S	I/R	S	S	I/R
ERR1586489	I/R	NA	S	NA	NA	I/R	S	S	S	S	S	I/R	I/R	S	I/R
ERR1586490	I/R	NA	I/R	NA	NA	I/R	S	I/R	S	I/R	I/R	I/R	S	S	I/R
ERR1586491	I/R	NA	I/R	NA	NA	I/R	I/R	I/R	S	I/R	I/R	I/R	S	S	I/R
ERR1586492	I/R	NA	I/R	NA	NA	I/R	I/R	I/R	S	I/R	I/R	I/R	I/R	S	I/R
ERR1586493	I/R	NA	I/R	NA	NA	I/R	I/R	I/R	S	S	S	I/R	S	S	I/R
ERR1586494	I/R	NA	I/R	NA	NA	I/R	S	I/R	S	S	I/R	I/R	S	S	I/R
ERR1586495	I/R	NA	I/R	NA	NA	I/R	I/R	I/R	S	I/R	I/R	I/R	I/R	S	I/R
ERR1586496	I/R	NA	I/R	NA	NA	I/R	S	I/R	S	I/R	I/R	I/R	S	S	I/R
ERR1586497	I/R	NA	I/R	NA	NA	I/R	S	I/R	S	S	I/R	I/R	I/R	S	I/R
ERR1586498	I/R	NA	I/R	NA	NA	I/R	I/R	I/R	S	S	I/R	I/R	S	S	I/R
ERR1586499	I/R	NA	I/R	NA	NA	I/R	S	I/R	S	I/R	S	I/R	I/R	S	I/R
ERR1586500	NA	NA	NA	NA	NA	NA	NA	NA	NA	NA	NA	NA	NA	NA	NA
ERR1586501	I/R	NA	I/R	NA	NA	I/R	I/R	I/R	S	I/R	I/R	I/R	I/R	S	I/R
ERR1586502	I/R	NA	I/R	NA	NA	I/R	I/R	I/R	S	S	S	I/R	I/R	S	I/R
ERR1586503	NA	NA	NA	NA	NA	NA	NA	NA	NA	NA	NA	NA	NA	NA	NA
ERR1586504	I/R	NA	I/R	NA	NA	I/R	I/R	S	S	I/R	S	S	I/R	S	S
ERR1586505	I/R	NA	S	NA	NA	I/R	S	S	S	S	S	S	I/R	S	S
ERR1586506	I/R	NA	I/R	NA	NA	I/R	S	I/R	S	I/R	S	I/R	I/R	S	I/R
ERR1586507	I/R	NA	I/R	NA	NA	I/R	I/R	I/R	S	S	S	I/R	I/R	S	I/R
ERR1586508	I/R	NA	I/R	NA	NA	I/R	I/R	I/R	S	S	S	I/R	I/R	S	I/R
ERR1586509	I/R	NA	I/R	NA	NA	I/R	I/R	I/R	S	I/R	I/R	S	I/R	S	S
ERR1586510	I/R	NA	I/R	NA	NA	I/R	I/R	I/R	S	S	I/R	I/R	I/R	S	I/R
ERR1586511	I/R	NA	S	NA	NA	I/R	S	S	S	S	S	I/R	I/R	S	I/R
ERR1586512	I/R	NA	I/R	NA	NA	I/R	I/R	I/R	S	S	S	I/R	I/R	S	I/R
ERR1586514	I/R	NA	I/R	NA	NA	I/R	S	I/R	S	I/R	S	I/R	I/R	S	I/R
ERR1586515	I/R	NA	I/R	NA	NA	I/R	I/R	I/R	I/R	I/R	S	I/R	I/R	S	I/R
ERR1586516	I/R	NA	I/R	NA	NA	I/R	S	S	S	S	S	S	S	S	S
ERR1586517	NA	NA	NA	NA	NA	NA	NA	NA	NA	NA	NA	NA	NA	NA	NA
ERR1586518	I/R	NA	S	NA	NA	I/R	S	S	S	S	S	I/R	I/R	S	I/R
ERR1586519	I/R	NA	I/R	NA	NA	I/R	I/R	I/R	I/R	I/R	S	I/R	I/R	S	I/R
ERR1586520	NA	NA	NA	NA	NA	NA	NA	NA	NA	NA	NA	NA	NA	NA	NA
ERR1586522	I/R	NA	I/R	NA	NA	I/R	I/R	I/R	S	S	S	I/R	I/R	S	I/R
ERR1586525	I/R	NA	I/R	NA	NA	I/R	S	I/R	S	I/R	S	I/R	I/R	S	I/R
ERR1586526	I/R	NA	I/R	NA	NA	I/R	S	I/R	S	I/R	S	I/R	I/R	S	I/R
ERR1586527	I/R	NA	I/R	NA	NA	I/R	S	I/R	S	I/R	S	I/R	I/R	S	I/R
ERR1586528	I/R	NA	I/R	NA	NA	I/R	S	I/R	S	I/R	S	I/R	I/R	S	I/R
ERR1586530	I/R	NA	I/R	NA	NA	I/R	S	I/R	S	I/R	S	I/R	I/R	S	I/R
ERR1586531	I/R	NA	S	NA	NA	I/R	I/R	I/R	S	S	S	S	I/R	S	S
ERR1586532	I/R	NA	I/R	NA	NA	I/R	S	I/R	S	I/R	S	I/R	I/R	S	I/R
ERR1586533	I/R	NA	I/R	NA	NA	I/R	S	I/R	S	I/R	S	I/R	I/R	S	I/R
ERR1586534	NA	NA	NA	NA	NA	NA	NA	NA	NA	NA	NA	NA	NA	NA	NA
ERR1586536	I/R	NA	S	NA	NA	I/R	S	S	S	S	S	I/R	I/R	S	I/R
ERR2212559	NA	NA	NA	S	NA	NA	NA	NA	NA	NA	NA	NA	NA	NA	NA
ERR2212560	NA	NA	NA	S	NA	NA	NA	NA	NA	NA	NA	NA	NA	NA	NA
ERR2212561	NA	NA	NA	S	NA	NA	NA	NA	NA	NA	NA	NA	NA	NA	NA
ERR2212562	NA	NA	NA	I/R	NA	NA	NA	NA	NA	NA	NA	NA	NA	NA	NA
ERR2212563	NA	NA	NA	S	NA	NA	NA	NA	NA	NA	NA	NA	NA	NA	NA
ERR2212564	NA	NA	NA	S	NA	NA	NA	NA	NA	NA	NA	NA	NA	NA	NA
ERR2212565	NA	NA	NA	S	NA	NA	NA	NA	NA	NA	NA	NA	NA	NA	NA
ERR2212566	NA	NA	NA	S	NA	NA	NA	NA	NA	NA	NA	NA	NA	NA	NA
ERR2212567	NA	NA	NA	S	NA	NA	NA	NA	NA	NA	NA	NA	NA	NA	NA
ERR2212568	NA	NA	NA	S	NA	NA	NA	NA	NA	NA	NA	NA	NA	NA	NA
ERR2212569	NA	NA	NA	S	NA	NA	NA	NA	NA	NA	NA	NA	NA	NA	NA
ERR2212570	NA	NA	NA	S	NA	NA	NA	NA	NA	NA	NA	NA	NA	NA	NA
ERR2212571	NA	NA	NA	S	NA	NA	NA	NA	NA	NA	NA	NA	NA	NA	NA
ERR2212572	NA	NA	NA	S	NA	NA	NA	NA	NA	NA	NA	NA	NA	NA	NA
ERR2212573	NA	NA	NA	S	NA	NA	NA	NA	NA	NA	NA	NA	NA	NA	NA
ERR2212574	NA	NA	NA	S	NA	NA	NA	NA	NA	NA	NA	NA	NA	NA	NA
ERR2212575	NA	NA	NA	I/R	NA	NA	NA	NA	NA	NA	NA	NA	NA	NA	NA
ERR2212576	NA	NA	NA	I/R	NA	NA	NA	NA	NA	NA	NA	NA	NA	NA	NA
ERR2212577	NA	NA	NA	I/R	NA	NA	NA	NA	NA	NA	NA	NA	NA	NA	NA
ERR2212578	NA	NA	NA	S	NA	NA	NA	NA	NA	NA	NA	NA	NA	NA	NA
ERR2212579	NA	NA	NA	S	NA	NA	NA	NA	NA	NA	NA	NA	NA	NA	NA
ERR2212580	NA	NA	NA	S	NA	NA	NA	NA	NA	NA	NA	NA	NA	NA	NA
ERR2212581	NA	NA	NA	S	NA	NA	NA	NA	NA	NA	NA	NA	NA	NA	NA
ERR2212582	NA	NA	NA	S	NA	NA	NA	NA	NA	NA	NA	NA	NA	NA	NA
ERR2212584	NA	NA	NA	S	NA	NA	NA	NA	NA	NA	NA	NA	NA	NA	NA
SRR6768236	NA	NA	NA	NA	NA	NA	NA	NA	NA	NA	NA	NA	NA	NA	NA
SRR6768213	NA	NA	NA	NA	NA	NA	NA	NA	NA	NA	NA	NA	NA	NA	NA
SRR6768208	NA	NA	NA	I/R	NA	NA	NA	NA	NA	NA	NA	NA	NA	NA	NA
SRR6768160	NA	NA	NA	NA	NA	NA	NA	NA	NA	NA	NA	NA	NA	NA	NA
SRR6768307	NA	NA	NA	NA	NA	NA	NA	NA	NA	NA	NA	NA	NA	NA	NA
SRR6768193	NA	NA	NA	NA	NA	NA	NA	NA	NA	NA	NA	NA	NA	NA	NA
ERR2929619	NA	NA	NA	NA	NA	NA	NA	NA	I/R	NA	NA	NA	NA	NA	NA
ERR2929576	NA	NA	NA	NA	NA	NA	NA	NA	I/R	NA	NA	NA	NA	NA	NA
ERR2929578	NA	NA	NA	NA	NA	NA	NA	NA	I/R	NA	NA	NA	NA	NA	NA
ERR2929579	NA	NA	NA	NA	NA	NA	NA	NA	I/R	NA	NA	NA	NA	NA	NA
ERR2929581	NA	NA	NA	NA	NA	NA	NA	NA	I/R	NA	NA	NA	NA	NA	NA
ERR2929583	NA	NA	NA	NA	NA	NA	NA	NA	I/R	NA	NA	NA	NA	NA	NA
ERR2929585	NA	NA	NA	NA	NA	NA	NA	NA	I/R	NA	NA	NA	NA	NA	NA
ERR2929588	NA	NA	NA	NA	NA	NA	NA	NA	I/R	NA	NA	NA	NA	NA	NA
ERR2929589	NA	NA	NA	NA	NA	NA	NA	NA	S	NA	NA	NA	NA	NA	NA
ERR2929590	NA	NA	NA	NA	NA	NA	NA	NA	I/R	NA	NA	NA	NA	NA	NA
ERR2929600	NA	NA	NA	NA	NA	NA	NA	NA	I/R	NA	NA	NA	NA	NA	NA
ERR2929604	NA	NA	NA	NA	NA	NA	NA	NA	I/R	NA	NA	NA	NA	NA	NA
ERR2929609	NA	NA	NA	NA	NA	NA	NA	NA	I/R	NA	NA	NA	NA	NA	NA
ERR2929617	NA	NA	NA	NA	NA	NA	NA	NA	I/R	NA	NA	NA	NA	NA	NA
ERR2929611	NA	NA	NA	NA	NA	NA	NA	NA	S	NA	NA	NA	NA	NA	NA
ERR2929613	NA	NA	NA	NA	NA	NA	NA	NA	I/R	NA	NA	NA	NA	NA	NA
ERR2929614	NA	NA	NA	NA	NA	NA	NA	NA	S	NA	NA	NA	NA	NA	NA
ERR2929621	NA	NA	NA	NA	NA	NA	NA	NA	S	NA	NA	NA	NA	NA	NA
ERR2929577	NA	NA	NA	NA	NA	NA	NA	NA	S	NA	NA	NA	NA	NA	NA
ERR2929622	NA	NA	NA	NA	NA	NA	NA	NA	S	NA	NA	NA	NA	NA	NA
ERR2929580	NA	NA	NA	NA	NA	NA	NA	NA	S	NA	NA	NA	NA	NA	NA
ERR2929586	NA	NA	NA	NA	NA	NA	NA	NA	S	NA	NA	NA	NA	NA	NA
ERR2929582	NA	NA	NA	NA	NA	NA	NA	NA	S	NA	NA	NA	NA	NA	NA
ERR2929592	NA	NA	NA	NA	NA	NA	NA	NA	S	NA	NA	NA	NA	NA	NA
ERR2929593	NA	NA	NA	NA	NA	NA	NA	NA	S	NA	NA	NA	NA	NA	NA
ERR2929594	NA	NA	NA	NA	NA	NA	NA	NA	S	NA	NA	NA	NA	NA	NA
ERR2929595	NA	NA	NA	NA	NA	NA	NA	NA	S	NA	NA	NA	NA	NA	NA
ERR2929596	NA	NA	NA	NA	NA	NA	NA	NA	S	NA	NA	NA	NA	NA	NA
ERR2929597	NA	NA	NA	NA	NA	NA	NA	NA	S	NA	NA	NA	NA	NA	NA
ERR2929598	NA	NA	NA	NA	NA	NA	NA	NA	S	NA	NA	NA	NA	NA	NA
ERR2929599	NA	NA	NA	NA	NA	NA	NA	NA	S	NA	NA	NA	NA	NA	NA
ERR2929601	NA	NA	NA	NA	NA	NA	NA	NA	S	NA	NA	NA	NA	NA	NA
ERR2929602	NA	NA	NA	NA	NA	NA	NA	NA	S	NA	NA	NA	NA	NA	NA
ERR2929603	NA	NA	NA	NA	NA	NA	NA	NA	S	NA	NA	NA	NA	NA	NA
ERR2929606	NA	NA	NA	NA	NA	NA	NA	NA	S	NA	NA	NA	NA	NA	NA
ERR2929607	NA	NA	NA	NA	NA	NA	NA	NA	S	NA	NA	NA	NA	NA	NA
SRR9027823	NA	NA	NA	NA	NA	NA	NA	NA	I/R	NA	NA	NA	NA	NA	NA
SRR9027822	NA	NA	NA	NA	NA	NA	NA	NA	I/R	NA	NA	NA	NA	NA	NA
SRR9027821	NA	NA	NA	NA	NA	NA	NA	NA	I/R	NA	NA	NA	NA	NA	NA
SRR9027820	NA	NA	NA	NA	NA	NA	NA	NA	I/R	NA	NA	NA	NA	NA	NA
SRR9027819	NA	NA	NA	NA	NA	NA	NA	NA	I/R	NA	NA	NA	NA	NA	NA
SRR9027818	NA	NA	NA	NA	NA	NA	NA	NA	I/R	NA	NA	NA	NA	NA	NA
SRR9027817	NA	NA	NA	NA	NA	NA	NA	NA	I/R	NA	NA	NA	NA	NA	NA
SRR9027816	NA	NA	NA	NA	NA	NA	NA	NA	I/R	NA	NA	NA	NA	NA	NA
SRR9027815	NA	NA	NA	NA	NA	NA	NA	NA	I/R	NA	NA	NA	NA	NA	NA
SRR9027814	NA	NA	NA	NA	NA	NA	NA	NA	I/R	NA	NA	NA	NA	NA	NA
SRR9027857	NA	NA	NA	NA	NA	NA	NA	NA	I/R	NA	NA	NA	NA	NA	NA
SRR9027856	NA	NA	NA	NA	NA	NA	NA	NA	I/R	NA	NA	NA	NA	NA	NA
SRR9027859	NA	NA	NA	NA	NA	NA	NA	NA	I/R	NA	NA	NA	NA	NA	NA
SRR9027858	NA	NA	NA	NA	NA	NA	NA	NA	I/R	NA	NA	NA	NA	NA	NA
SRR9027853	NA	NA	NA	NA	NA	NA	NA	NA	I/R	NA	NA	NA	NA	NA	NA
SRR9027852	NA	NA	NA	NA	NA	NA	NA	NA	I/R	NA	NA	NA	NA	NA	NA
SRR9027855	NA	NA	NA	NA	NA	NA	NA	NA	I/R	NA	NA	NA	NA	NA	NA
SRR9027854	NA	NA	NA	NA	NA	NA	NA	NA	I/R	NA	NA	NA	NA	NA	NA
SRR9027865	NA	NA	NA	NA	NA	NA	NA	NA	I/R	NA	NA	NA	NA	NA	NA
SRR9027864	NA	NA	NA	NA	NA	NA	NA	NA	I/R	NA	NA	NA	NA	NA	NA
SRR9027836	NA	NA	NA	NA	NA	NA	NA	NA	I/R	NA	NA	NA	NA	NA	NA
SRR9027837	NA	NA	NA	NA	NA	NA	NA	NA	I/R	NA	NA	NA	NA	NA	NA
SRR9027838	NA	NA	NA	NA	NA	NA	NA	NA	I/R	NA	NA	NA	NA	NA	NA
SRR9027839	NA	NA	NA	NA	NA	NA	NA	NA	I/R	NA	NA	NA	NA	NA	NA
SRR9027840	NA	NA	NA	NA	NA	NA	NA	NA	I/R	NA	NA	NA	NA	NA	NA
SRR9027841	NA	NA	NA	NA	NA	NA	NA	NA	I/R	NA	NA	NA	NA	NA	NA
SRR9027842	NA	NA	NA	NA	NA	NA	NA	NA	I/R	NA	NA	NA	NA	NA	NA
SRR9027843	NA	NA	NA	NA	NA	NA	NA	NA	I/R	NA	NA	NA	NA	NA	NA
SRR9027834	NA	NA	NA	NA	NA	NA	NA	NA	I/R	NA	NA	NA	NA	NA	NA
SRR9027835	NA	NA	NA	NA	NA	NA	NA	NA	I/R	NA	NA	NA	NA	NA	NA
SRR9027867	NA	NA	NA	NA	NA	NA	NA	NA	I/R	NA	NA	NA	NA	NA	NA
SRR9027866	NA	NA	NA	NA	NA	NA	NA	NA	I/R	NA	NA	NA	NA	NA	NA
SRR9027846	NA	NA	NA	NA	NA	NA	NA	NA	I/R	NA	NA	NA	NA	NA	NA
SRR9027851	NA	NA	NA	NA	NA	NA	NA	NA	I/R	NA	NA	NA	NA	NA	NA
SRR9027863	NA	NA	NA	NA	NA	NA	NA	NA	I/R	NA	NA	NA	NA	NA	NA
SRR9027862	NA	NA	NA	NA	NA	NA	NA	NA	I/R	NA	NA	NA	NA	NA	NA
SRR9027861	NA	NA	NA	NA	NA	NA	NA	NA	I/R	NA	NA	NA	NA	NA	NA
SRR9027860	NA	NA	NA	NA	NA	NA	NA	NA	S	NA	NA	NA	NA	NA	NA
SRR9027845	NA	NA	NA	NA	NA	NA	NA	NA	I/R	NA	NA	NA	NA	NA	NA
SRR9027844	NA	NA	NA	NA	NA	NA	NA	NA	I/R	NA	NA	NA	NA	NA	NA
SRR9027828	NA	NA	NA	NA	NA	NA	NA	NA	I/R	NA	NA	NA	NA	NA	NA
SRR9027829	NA	NA	NA	NA	NA	NA	NA	NA	I/R	NA	NA	NA	NA	NA	NA
SRR9027826	NA	NA	NA	NA	NA	NA	NA	NA	I/R	NA	NA	NA	NA	NA	NA
SRR9027827	NA	NA	NA	NA	NA	NA	NA	NA	I/R	NA	NA	NA	NA	NA	NA
SRR9027832	NA	NA	NA	NA	NA	NA	NA	NA	I/R	NA	NA	NA	NA	NA	NA
SRR9027833	NA	NA	NA	NA	NA	NA	NA	NA	I/R	NA	NA	NA	NA	NA	NA
SRR8602224	I/R	NA	NA	I/R	NA	I/R	NA	NA	NA	NA	NA	NA	NA	NA	S
SRR8602225	I/R	NA	NA	I/R	NA	I/R	NA	NA	NA	NA	NA	NA	NA	NA	S
SRR8602226	I/R	NA	NA	I/R	NA	I/R	NA	NA	NA	NA	NA	NA	NA	NA	S
SRR8602227	I/R	NA	NA	I/R	NA	I/R	NA	NA	NA	NA	NA	NA	NA	NA	S
SRR8602220	I/R	NA	NA	I/R	NA	I/R	NA	NA	NA	NA	NA	NA	NA	NA	S
SRR8602221	I/R	NA	NA	I/R	NA	I/R	NA	NA	NA	NA	NA	NA	NA	NA	S
SRR8602222	I/R	NA	NA	I/R	NA	I/R	NA	NA	NA	NA	NA	NA	NA	NA	S
SRR8602250	I/R	NA	NA	I/R	NA	I/R	NA	NA	NA	NA	NA	NA	NA	NA	S
SRR8602219	I/R	NA	NA	I/R	NA	I/R	NA	NA	NA	NA	NA	NA	NA	NA	S
SRR8602263	I/R	NA	NA	I/R	NA	S	NA	NA	NA	NA	NA	NA	NA	NA	S
SRR8602262	I/R	NA	NA	S	NA	I/R	NA	NA	NA	NA	NA	NA	NA	NA	I/R
SRR8602257	I/R	NA	NA	I/R	NA	S	NA	NA	NA	NA	NA	NA	NA	NA	S
SRR8602256	I/R	NA	NA	I/R	NA	S	NA	NA	NA	NA	NA	NA	NA	NA	S
SRR8602259	I/R	NA	NA	I/R	NA	S	NA	NA	NA	NA	NA	NA	NA	NA	S
SRR8602258	I/R	NA	NA	I/R	NA	I/R	NA	NA	NA	NA	NA	NA	NA	NA	I/R
SRR8602268	I/R	NA	NA	I/R	NA	S	NA	NA	NA	NA	NA	NA	NA	NA	S
SRR8602267	I/R	NA	NA	S	NA	I/R	NA	NA	NA	NA	NA	NA	NA	NA	S
SRR8602239	I/R	NA	NA	I/R	NA	I/R	NA	NA	NA	NA	NA	NA	NA	NA	S
SRR8602240	I/R	NA	NA	I/R	NA	S	NA	NA	NA	NA	NA	NA	NA	NA	S
SRR8602255	I/R	NA	NA	I/R	NA	I/R	NA	NA	NA	NA	NA	NA	NA	NA	I/R
SRR8602254	I/R	NA	NA	I/R	NA	I/R	NA	NA	NA	NA	NA	NA	NA	NA	I/R
SRR8602253	I/R	NA	NA	I/R	NA	I/R	NA	NA	NA	NA	NA	NA	NA	NA	I/R
SRR8602252	I/R	NA	NA	I/R	NA	I/R	NA	NA	NA	NA	NA	NA	NA	NA	I/R
SRR8602249	I/R	NA	NA	I/R	NA	I/R	NA	NA	NA	NA	NA	NA	NA	NA	S
SRR8602251	I/R	NA	NA	I/R	NA	I/R	NA	NA	NA	NA	NA	NA	NA	NA	I/R
SRR8602266	I/R	NA	NA	I/R	NA	I/R	NA	NA	NA	NA	NA	NA	NA	NA	I/R
SRR8602265	I/R	NA	NA	I/R	NA	I/R	NA	NA	NA	NA	NA	NA	NA	NA	I/R
SRR8602231	I/R	NA	NA	S	NA	I/R	NA	NA	NA	NA	NA	NA	NA	NA	I/R
SRR8602232	I/R	NA	NA	S	NA	I/R	NA	NA	NA	NA	NA	NA	NA	NA	I/R
SRR1655246	I/R	NA	NA	NA	NA	NA	NA	NA	NA	NA	NA	NA	I/R	NA	S
SRR1655265	S	NA	NA	NA	NA	NA	NA	NA	NA	NA	NA	NA	S	NA	S
SRR1655389	NA	NA	NA	NA	NA	NA	NA	NA	NA	NA	NA	NA	NA	NA	NA
SRR1655392	I/R	NA	NA	S	S	I/R	NA	NA	S	NA	NA	NA	NA	NA	I/R
SRR1655395	NA	NA	NA	NA	NA	NA	NA	NA	NA	NA	NA	NA	NA	NA	NA
SRR1655397	NA	NA	NA	NA	NA	NA	NA	NA	NA	NA	NA	NA	NA	NA	NA
SRR1655411	NA	NA	NA	NA	NA	NA	NA	NA	NA	NA	NA	NA	NA	NA	NA
SRR1655412	NA	NA	NA	NA	NA	NA	NA	NA	NA	NA	NA	NA	NA	NA	NA
SRR1655428	I/R	NA	NA	NA	S	I/R	NA	NA	S	NA	NA	NA	NA	NA	I/R
SRR1655429	NA	NA	NA	NA	NA	NA	NA	NA	NA	NA	NA	NA	NA	NA	NA
SRR1655435	NA	NA	NA	NA	NA	NA	NA	NA	NA	NA	NA	NA	NA	NA	NA
SRR1655449	NA	NA	NA	NA	NA	NA	NA	NA	NA	NA	NA	NA	NA	NA	NA
SRR1655450	NA	NA	NA	NA	NA	NA	NA	NA	NA	NA	NA	NA	NA	NA	NA
SRR1655455	NA	NA	NA	NA	NA	NA	NA	NA	NA	NA	NA	NA	NA	NA	NA
SRR1655574	I/R	NA	NA	S	I/R	NA	NA	NA	S	NA	NA	NA	I/R	NA	I/R
SRR1655608	NA	NA	NA	NA	NA	NA	NA	NA	NA	NA	NA	NA	NA	NA	NA
SRR1655623	I/R	NA	NA	S	S	I/R	NA	NA	S	NA	NA	NA	NA	NA	I/R
SRR1655800	NA	NA	NA	NA	NA	NA	NA	NA	NA	NA	NA	NA	NA	NA	NA
SRR1655832	NA	NA	NA	NA	NA	NA	NA	NA	NA	NA	NA	NA	NA	NA	NA
SRR1655855	NA	NA	NA	NA	NA	NA	NA	NA	NA	NA	NA	NA	NA	NA	NA
SRR1655891	I/R	NA	NA	S	S	NA	NA	NA	S	NA	NA	NA	I/R	NA	I/R
SRR1655940	I/R	NA	NA	NA	NA	NA	NA	NA	NA	NA	NA	NA	I/R	NA	S
SRR1655992	I/R	NA	NA	NA	NA	I/R	NA	NA	NA	NA	NA	NA	NA	NA	S
SRR1656039	I/R	NA	NA	NA	NA	I/R	NA	NA	NA	NA	NA	NA	NA	NA	S
SRR1656139	NA	NA	NA	NA	NA	NA	NA	NA	NA	NA	NA	NA	NA	NA	NA
SRR1656141	I/R	NA	NA	S	S	I/R	NA	NA	S	NA	NA	NA	NA	NA	I/R
SRR1656149	I/R	NA	NA	S	I/R	NA	NA	NA	S	NA	NA	NA	I/R	NA	I/R
SRR1656152	NA	NA	NA	NA	NA	NA	NA	NA	NA	NA	NA	NA	NA	NA	NA
SRR1656296	I/R	NA	NA	S	S	NA	NA	NA	NA	NA	NA	NA	I/R	NA	I/R
SRR1656348	I/R	NA	NA	S	I/R	NA	NA	NA	S	NA	NA	NA	I/R	NA	I/R
SRR1656416	NA	NA	NA	NA	NA	NA	NA	NA	NA	NA	NA	NA	NA	NA	NA
SRR1656419	NA	NA	NA	NA	NA	NA	NA	NA	NA	NA	NA	NA	NA	NA	NA
SRR1656421	I/R	NA	NA	I/R	I/R	NA	NA	NA	NA	NA	NA	NA	I/R	NA	I/R
SRR1656443	I/R	NA	NA	S	S	I/R	NA	NA	S	NA	NA	NA	NA	NA	I/R
SRR1656453	I/R	NA	NA	S	S	I/R	NA	NA	S	NA	NA	NA	NA	NA	I/R
SRR6267864	NA	S	NA	S	NA	S	S	S	S	I/R	S	NA	I/R	S	S
SRR6267866	NA	S	NA	S	NA	S	S	S	S	S	S	NA	S	S	S
SRR6267869	NA	S	NA	I/R	NA	S	S	S	S	S	S	NA	S	S	S
SRR6267870	NA	S	NA	S	NA	I/R	S	S	S	I/R	I/R	NA	I/R	S	S
SRR6267884	NA	S	NA	I/R	NA	S	S	S	S	S	S	NA	S	S	S
SRR6267881	NA	S	NA	S	NA	S	S	S	S	S	S	NA	S	S	S
SRR6267887	NA	S	NA	S	NA	S	S	S	S	S	S	NA	S	S	S
SRR6267888	NA	S	NA	S	NA	S	S	S	S	S	S	NA	S	S	S
SRR6267889	NA	S	NA	S	NA	I/R	S	S	S	S	S	NA	I/R	S	S
SRR6267846	NA	S	NA	S	NA	I/R	S	S	S	S	S	NA	S	S	S
SRR6267844	NA	S	NA	S	NA	S	S	S	S	S	S	NA	S	S	S
SRR6267850	NA	S	NA	S	NA	S	I/R	I/R	S	S	I/R	NA	I/R	S	S
SRR6267848	NA	S	NA	I/R	NA	I/R	S	I/R	S	I/R	I/R	NA	I/R	S	S
SRR6267847	NA	S	NA	S	NA	I/R	I/R	I/R	S	S	I/R	NA	I/R	S	S
SRR6267857	NA	S	NA	I/R	NA	I/R	S	S	S	I/R	I/R	NA	I/R	S	S
SRR6267853	NA	S	NA	S	NA	S	I/R	I/R	S	S	S	NA	I/R	S	S
SRR6267859	NA	S	NA	S	NA	S	S	S	S	S	S	NA	I/R	S	S
SRR6267860	NA	S	NA	S	NA	S	S	S	S	I/R	S	NA	I/R	S	S
SRR6267827	NA	S	NA	S	NA	I/R	S	S	S	I/R	S	NA	I/R	S	S
SRR6267826	NA	S	NA	S	NA	I/R	I/R	I/R	S	I/R	I/R	NA	I/R	S	S
SRR6267829	NA	S	NA	S	NA	I/R	I/R	I/R	S	S	I/R	NA	I/R	S	S
SRR6267823	NA	S	NA	I/R	NA	S	S	S	S	I/R	I/R	NA	I/R	S	S
SRR6267824	NA	S	NA	S	NA	S	I/R	S	S	S	S	NA	I/R	S	S
SRR6267821	NA	S	NA	S	NA	I/R	I/R	I/R	S	I/R	I/R	NA	I/R	S	S
SRR6267820	NA	S	NA	S	NA	S	S	S	S	S	S	NA	S	S	S
SRR6267838	NA	S	NA	S	NA	I/R	S	S	S	I/R	I/R	NA	I/R	S	S
SRR6267836	NA	S	NA	S	NA	S	S	S	S	S	S	NA	S	S	S
SRR6267835	NA	S	NA	S	NA	I/R	S	S	S	I/R	S	NA	S	S	S
SRR6267832	NA	S	NA	I/R	NA	S	S	S	S	I/R	S	NA	I/R	S	S
SRR6267833	NA	S	NA	I/R	NA	I/R	S	I/R	S	I/R	I/R	NA	I/R	S	S
SRR6267831	NA	S	NA	S	NA	S	S	I/R	S	I/R	I/R	NA	I/R	S	S
SRR6267908	NA	S	NA	S	NA	S	S	S	S	S	S	NA	S	S	S
SRR6267907	NA	S	NA	S	NA	I/R	I/R	I/R	S	S	I/R	NA	S	S	S
SRR6267906	NA	S	NA	I/R	NA	S	S	S	S	S	S	NA	I/R	I/R	S
SRR6267904	NA	S	NA	S	NA	I/R	I/R	I/R	S	S	I/R	NA	I/R	S	S
SRR6267903	NA	S	NA	S	NA	S	S	I/R	S	I/R	I/R	NA	I/R	S	S
SRR6267901	NA	S	NA	S	NA	I/R	S	S	S	S	S	NA	I/R	S	S
SRR6267909	NA	S	NA	S	NA	S	S	S	S	I/R	S	NA	I/R	S	S
SRR6267915	NA	S	NA	S	NA	S	S	S	S	I/R	S	NA	I/R	S	S
SRR6267916	NA	S	NA	I/R	NA	S	S	S	S	I/R	S	NA	I/R	S	S
SRR6267918	NA	S	NA	S	NA	I/R	S	S	S	S	S	NA	I/R	S	S
SRR6267919	NA	S	NA	S	NA	I/R	I/R	I/R	S	I/R	I/R	NA	S	S	S
SRR6267878	NA	S	NA	S	NA	I/R	I/R	I/R	S	I/R	I/R	NA	I/R	S	S
SRR6267871	NA	S	NA	S	NA	I/R	I/R	I/R	S	S	I/R	NA	S	S	S
SRR6267895	NA	S	NA	S	NA	S	S	S	S	S	S	NA	S	S	S
SRR6267896	NA	S	NA	S	NA	I/R	S	I/R	S	S	S	NA	I/R	I/R	S
SRR6267893	NA	S	NA	S	NA	S	S	S	S	S	S	NA	S	S	S
SRR6267894	NA	S	NA	S	NA	S	S	I/R	S	I/R	S	NA	I/R	S	S
SRR6267900	NA	S	NA	S	NA	I/R	S	S	S	I/R	I/R	NA	I/R	S	S
SRR6267892	NA	S	NA	I/R	NA	S	S	S	S	I/R	S	NA	I/R	S	S
SRR6267250	NA	S	NA	S	NA	S	S	S	S	S	S	NA	I/R	S	S
SRR6267251	NA	S	NA	S	NA	S	S	S	S	S	S	NA	I/R	S	S
SRR6267193	NA	S	NA	S	NA	S	S	S	S	I/R	S	NA	S	S	S
SRR6267194	NA	S	NA	S	NA	S	S	S	S	S	S	NA	S	S	S
SRR6267192	NA	S	NA	S	NA	S	S	S	S	S	I/R	NA	I/R	S	S
SRR6267197	NA	S	NA	S	NA	S	S	S	S	S	S	NA	I/R	S	S
SRR6267198	NA	S	NA	S	NA	I/R	S	S	S	S	S	NA	I/R	S	S
SRR6267190	NA	S	NA	S	NA	I/R	S	S	S	S	S	NA	I/R	S	S
SRR6267172	NA	S	NA	S	NA	I/R	S	I/R	S	I/R	I/R	NA	I/R	S	S
SRR6267171	NA	S	NA	S	NA	S	S	S	S	S	S	NA	S	S	S
SRR6267170	NA	S	NA	S	NA	S	S	S	S	S	S	NA	I/R	S	S
SRR6267178	NA	S	NA	S	NA	S	S	S	S	S	S	NA	S	S	S
SRR6267177	NA	S	NA	S	NA	S	S	S	S	S	S	NA	S	S	S
SRR6267186	NA	S	NA	S	NA	S	S	S	S	S	S	NA	I/R	S	S
SRR6267180	NA	S	NA	S	NA	I/R	S	I/R	S	S	I/R	NA	I/R	S	S
SRR6267243	NA	S	NA	S	NA	S	S	S	S	S	S	NA	I/R	S	S
SRR6267245	NA	S	NA	S	NA	S	S	S	S	S	I/R	NA	I/R	S	S
SRR6267239	NA	S	NA	S	NA	S	S	S	S	S	I/R	NA	I/R	S	S
SRR6267238	NA	S	NA	S	NA	S	S	S	S	S	S	NA	S	S	S
SRR6267241	NA	S	NA	S	NA	I/R	S	S	S	S	S	NA	I/R	S	S
SRR6267240	NA	S	NA	S	NA	S	S	S	S	S	I/R	NA	I/R	S	S
SRR6267247	NA	S	NA	S	NA	S	S	S	S	S	S	NA	I/R	S	S
SRR6267258	NA	S	NA	S	NA	I/R	S	I/R	S	S	I/R	NA	I/R	S	S
SRR6267266	NA	S	NA	S	NA	S	S	S	S	I/R	S	NA	I/R	S	S
SRR6267217	NA	S	NA	S	NA	I/R	S	S	S	S	S	NA	I/R	S	S
SRR6267216	NA	S	NA	S	NA	I/R	S	S	S	S	I/R	NA	I/R	S	S
SRR6267215	NA	S	NA	S	NA	S	S	S	S	S	S	NA	S	S	S
SRR6267212	NA	S	NA	S	NA	S	S	S	S	S	S	NA	I/R	S	S
SRR6267211	NA	S	NA	S	NA	S	S	S	S	S	S	NA	I/R	S	S
SRR6267230	NA	S	NA	S	NA	S	S	S	S	S	S	NA	I/R	S	S
SRR6267231	NA	S	NA	I/R	NA	S	S	S	S	S	S	NA	S	S	S
SRR6267232	NA	S	NA	S	NA	S	S	S	S	S	S	NA	I/R	S	S
SRR6267236	NA	S	NA	S	NA	S	S	S	S	S	S	NA	S	S	S
SRR6267237	NA	S	NA	S	NA	S	S	S	S	S	S	NA	S	S	S
SRR6267228	NA	S	NA	S	NA	S	S	S	S	S	S	NA	S	S	S
SRR6267229	NA	S	NA	S	NA	S	S	S	S	S	S	NA	S	S	S
SRR6267200	NA	S	NA	S	NA	I/R	S	S	S	S	S	NA	I/R	S	S
SRR6267204	NA	S	NA	S	NA	S	S	S	S	S	S	NA	I/R	S	S
SRR6267203	NA	S	NA	S	NA	S	S	S	S	I/R	I/R	NA	S	S	S
SRR6267206	NA	S	NA	I/R	NA	S	S	I/R	S	I/R	S	NA	I/R	S	S
SRR6267205	NA	S	NA	S	NA	S	S	S	S	I/R	I/R	NA	I/R	S	S
SRR6267208	NA	S	NA	S	NA	I/R	S	S	S	S	I/R	NA	S	S	S
SRR6267207	NA	S	NA	S	NA	S	S	S	S	S	I/R	NA	I/R	S	S
SRR6267221	NA	S	NA	S	NA	S	S	S	S	S	S	NA	S	S	S
SRR6267219	NA	S	NA	S	NA	S	S	S	S	S	S	NA	S	S	S
SRR6267220	NA	S	NA	S	NA	S	S	S	S	S	S	NA	S	S	S
SRR6267226	NA	S	NA	S	NA	S	S	S	S	S	I/R	NA	S	S	S
SRR6267223	NA	S	NA	S	NA	S	I/R	I/R	S	I/R	I/R	NA	I/R	S	S
SRR6267224	NA	S	NA	S	NA	S	S	S	S	S	S	NA	S	S	S
SRR6267227	NA	S	NA	S	NA	S	S	S	S	S	S	NA	I/R	S	S
ERR883257	NA	NA	NA	NA	NA	NA	NA	NA	NA	NA	NA	NA	NA	NA	S
ERR883258	NA	NA	NA	NA	NA	NA	NA	NA	NA	NA	NA	NA	NA	NA	S
ERR883259	NA	NA	NA	NA	NA	NA	NA	NA	NA	NA	NA	NA	NA	NA	S
ERR883260	NA	NA	NA	NA	NA	NA	NA	NA	NA	NA	NA	NA	NA	NA	I/R
ERR883261	NA	NA	NA	NA	NA	NA	NA	NA	NA	NA	NA	NA	NA	NA	S
ERR883262	NA	NA	NA	NA	NA	NA	NA	NA	NA	NA	NA	NA	NA	NA	S
ERR883263	NA	NA	NA	NA	NA	NA	NA	NA	NA	NA	NA	NA	NA	NA	I/R
ERR883264	NA	NA	NA	NA	NA	NA	NA	NA	NA	NA	NA	NA	NA	NA	S
ERR883265	NA	NA	NA	NA	NA	NA	NA	NA	NA	NA	NA	NA	NA	NA	I/R
ERR883266	NA	NA	NA	NA	NA	NA	NA	NA	NA	NA	NA	NA	NA	NA	S
ERR883267	NA	NA	NA	NA	NA	NA	NA	NA	NA	NA	NA	NA	NA	NA	I/R
ERR883268	NA	NA	NA	NA	NA	NA	NA	NA	NA	NA	NA	NA	NA	NA	S
ERR883269	NA	NA	NA	NA	NA	NA	NA	NA	NA	NA	NA	NA	NA	NA	S
ERR883270	NA	NA	NA	NA	NA	NA	NA	NA	NA	NA	NA	NA	NA	NA	S
ERR883271	NA	NA	NA	NA	NA	NA	NA	NA	NA	NA	NA	NA	NA	NA	S
ERR883272	NA	NA	NA	NA	NA	NA	NA	NA	NA	NA	NA	NA	NA	NA	I/R
ERR883273	NA	NA	NA	NA	NA	NA	NA	NA	NA	NA	NA	NA	NA	NA	S
ERR883274	NA	NA	NA	NA	NA	NA	NA	NA	NA	NA	NA	NA	NA	NA	S
ERR883275	NA	NA	NA	NA	NA	NA	NA	NA	NA	NA	NA	NA	NA	NA	I/R
ERR883276	NA	NA	NA	NA	NA	NA	NA	NA	NA	NA	NA	NA	NA	NA	S
ERR883277	NA	NA	NA	NA	NA	NA	NA	NA	NA	NA	NA	NA	NA	NA	I/R
ERR883278	NA	NA	NA	NA	NA	NA	NA	NA	NA	NA	NA	NA	NA	NA	S
ERR883279	NA	NA	NA	NA	NA	NA	NA	NA	NA	NA	NA	NA	NA	NA	S
ERR883280	NA	NA	NA	NA	NA	NA	NA	NA	NA	NA	NA	NA	NA	NA	S
ERR883281	NA	NA	NA	NA	NA	NA	NA	NA	NA	NA	NA	NA	NA	NA	S
ERR883282	NA	NA	NA	NA	NA	NA	NA	NA	NA	NA	NA	NA	NA	NA	S
ERR883283	NA	NA	NA	NA	NA	NA	NA	NA	NA	NA	NA	NA	NA	NA	S
ERR883284	NA	NA	NA	NA	NA	NA	NA	NA	NA	NA	NA	NA	NA	NA	I/R
ERR883285	NA	NA	NA	NA	NA	NA	NA	NA	NA	NA	NA	NA	NA	NA	S
ERR883286	NA	NA	NA	NA	NA	NA	NA	NA	NA	NA	NA	NA	NA	NA	I/R
ERR883287	NA	NA	NA	NA	NA	NA	NA	NA	NA	NA	NA	NA	NA	NA	S
ERR883288	NA	NA	NA	NA	NA	NA	NA	NA	NA	NA	NA	NA	NA	NA	S
ERR883289	NA	NA	NA	NA	NA	NA	NA	NA	NA	NA	NA	NA	NA	NA	S
ERR883290	NA	NA	NA	NA	NA	NA	NA	NA	NA	NA	NA	NA	NA	NA	S
ERR883291	NA	NA	NA	NA	NA	NA	NA	NA	NA	NA	NA	NA	NA	NA	S
ERR883292	NA	NA	NA	NA	NA	NA	NA	NA	NA	NA	NA	NA	NA	NA	S
ERR883293	NA	NA	NA	NA	NA	NA	NA	NA	NA	NA	NA	NA	NA	NA	S
ERR883294	NA	NA	NA	NA	NA	NA	NA	NA	NA	NA	NA	NA	NA	NA	S
ERR883295	NA	NA	NA	NA	NA	NA	NA	NA	NA	NA	NA	NA	NA	NA	I/R
ERR883296	NA	NA	NA	NA	NA	NA	NA	NA	NA	NA	NA	NA	NA	NA	S
ERR883297	NA	NA	NA	NA	NA	NA	NA	NA	NA	NA	NA	NA	NA	NA	S
ERR883298	NA	NA	NA	NA	NA	NA	NA	NA	NA	NA	NA	NA	NA	NA	I/R
ERR883299	NA	NA	NA	NA	NA	NA	NA	NA	NA	NA	NA	NA	NA	NA	I/R
ERR883300	NA	NA	NA	NA	NA	NA	NA	NA	NA	NA	NA	NA	NA	NA	S
ERR883301	NA	NA	NA	NA	NA	NA	NA	NA	NA	NA	NA	NA	NA	NA	S
ERR883302	NA	NA	NA	NA	NA	NA	NA	NA	NA	NA	NA	NA	NA	NA	S
ERR883303	NA	NA	NA	NA	NA	NA	NA	NA	NA	NA	NA	NA	NA	NA	S
ERR883304	NA	NA	NA	NA	NA	NA	NA	NA	NA	NA	NA	NA	NA	NA	I/R
ERR883305	NA	NA	NA	NA	NA	NA	NA	NA	NA	NA	NA	NA	NA	NA	S
ERR883306	NA	NA	NA	NA	NA	NA	NA	NA	NA	NA	NA	NA	NA	NA	S
ERR883307	NA	NA	NA	NA	NA	NA	NA	NA	NA	NA	NA	NA	NA	NA	S
ERR883308	NA	NA	NA	NA	NA	NA	NA	NA	NA	NA	NA	NA	NA	NA	I/R
ERR883309	NA	NA	NA	NA	NA	NA	NA	NA	NA	NA	NA	NA	NA	NA	S
ERR883310	NA	NA	NA	NA	NA	NA	NA	NA	NA	NA	NA	NA	NA	NA	I/R
ERR883311	NA	NA	NA	NA	NA	NA	NA	NA	NA	NA	NA	NA	NA	NA	I/R
ERR883312	NA	NA	NA	NA	NA	NA	NA	NA	NA	NA	NA	NA	NA	NA	S
ERR883313	NA	NA	NA	NA	NA	NA	NA	NA	NA	NA	NA	NA	NA	NA	I/R
ERR883314	NA	NA	NA	NA	NA	NA	NA	NA	NA	NA	NA	NA	NA	NA	I/R
ERR883315	NA	NA	NA	NA	NA	NA	NA	NA	NA	NA	NA	NA	NA	NA	I/R
ERR883316	NA	NA	NA	NA	NA	NA	NA	NA	NA	NA	NA	NA	NA	NA	I/R
ERR883317	NA	NA	NA	NA	NA	NA	NA	NA	NA	NA	NA	NA	NA	NA	S
ERR883318	NA	NA	NA	NA	NA	NA	NA	NA	NA	NA	NA	NA	NA	NA	I/R
ERR883319	NA	NA	NA	NA	NA	NA	NA	NA	NA	NA	NA	NA	NA	NA	S
ERR883320	NA	NA	NA	NA	NA	NA	NA	NA	NA	NA	NA	NA	NA	NA	I/R
ERR883321	NA	NA	NA	NA	NA	NA	NA	NA	NA	NA	NA	NA	NA	NA	S
ERR883322	NA	NA	NA	NA	NA	NA	NA	NA	NA	NA	NA	NA	NA	NA	S
ERR883323	NA	NA	NA	NA	NA	NA	NA	NA	NA	NA	NA	NA	NA	NA	S
ERR883324	NA	NA	NA	NA	NA	NA	NA	NA	NA	NA	NA	NA	NA	NA	I/R
ERR883325	NA	NA	NA	NA	NA	NA	NA	NA	NA	NA	NA	NA	NA	NA	S
ERR883326	NA	NA	NA	NA	NA	NA	NA	NA	NA	NA	NA	NA	NA	NA	S
ERR883327	NA	NA	NA	NA	NA	NA	NA	NA	NA	NA	NA	NA	NA	NA	I/R
ERR883328	NA	NA	NA	NA	NA	NA	NA	NA	NA	NA	NA	NA	NA	NA	S
ERR883329	NA	NA	NA	NA	NA	NA	NA	NA	NA	NA	NA	NA	NA	NA	I/R
ERR883330	NA	NA	NA	NA	NA	NA	NA	NA	NA	NA	NA	NA	NA	NA	S
ERR883331	NA	NA	NA	NA	NA	NA	NA	NA	NA	NA	NA	NA	NA	NA	S
ERR883332	NA	NA	NA	NA	NA	NA	NA	NA	NA	NA	NA	NA	NA	NA	S
ERR883333	NA	NA	NA	NA	NA	NA	NA	NA	NA	NA	NA	NA	NA	NA	I/R
ERR883334	NA	NA	NA	NA	NA	NA	NA	NA	NA	NA	NA	NA	NA	NA	S
ERR883335	NA	NA	NA	NA	NA	NA	NA	NA	NA	NA	NA	NA	NA	NA	I/R
ERR883336	NA	NA	NA	NA	NA	NA	NA	NA	NA	NA	NA	NA	NA	NA	I/R
ERR883337	NA	NA	NA	NA	NA	NA	NA	NA	NA	NA	NA	NA	NA	NA	I/R
ERR883338	NA	NA	NA	NA	NA	NA	NA	NA	NA	NA	NA	NA	NA	NA	S
ERR883339	NA	NA	NA	NA	NA	NA	NA	NA	NA	NA	NA	NA	NA	NA	S
ERR883340	NA	NA	NA	NA	NA	NA	NA	NA	NA	NA	NA	NA	NA	NA	S
ERR883341	NA	NA	NA	NA	NA	NA	NA	NA	NA	NA	NA	NA	NA	NA	I/R
ERR883342	NA	NA	NA	NA	NA	NA	NA	NA	NA	NA	NA	NA	NA	NA	S
ERR883343	NA	NA	NA	NA	NA	NA	NA	NA	NA	NA	NA	NA	NA	NA	S
ERR883344	NA	NA	NA	NA	NA	NA	NA	NA	NA	NA	NA	NA	NA	NA	I/R
ERR883345	NA	NA	NA	NA	NA	NA	NA	NA	NA	NA	NA	NA	NA	NA	I/R
ERR883346	NA	NA	NA	NA	NA	NA	NA	NA	NA	NA	NA	NA	NA	NA	I/R
ERR883347	NA	NA	NA	NA	NA	NA	NA	NA	NA	NA	NA	NA	NA	NA	S
ERR883348	NA	NA	NA	NA	NA	NA	NA	NA	NA	NA	NA	NA	NA	NA	I/R
ERR883349	NA	NA	NA	NA	NA	NA	NA	NA	NA	NA	NA	NA	NA	NA	S
ERR883350	NA	NA	NA	NA	NA	NA	NA	NA	NA	NA	NA	NA	NA	NA	S
ERR883351	NA	NA	NA	NA	NA	NA	NA	NA	NA	NA	NA	NA	NA	NA	S
ERR883352	NA	NA	NA	NA	NA	NA	NA	NA	NA	NA	NA	NA	NA	NA	S
ERR883353	NA	NA	NA	NA	NA	NA	NA	NA	NA	NA	NA	NA	NA	NA	I/R
ERR883354	NA	NA	NA	NA	NA	NA	NA	NA	NA	NA	NA	NA	NA	NA	S
ERR883355	NA	NA	NA	NA	NA	NA	NA	NA	NA	NA	NA	NA	NA	NA	I/R
ERR883356	NA	NA	NA	NA	NA	NA	NA	NA	NA	NA	NA	NA	NA	NA	I/R
ERR883357	NA	NA	NA	NA	NA	NA	NA	NA	NA	NA	NA	NA	NA	NA	S
ERR883358	NA	NA	NA	NA	NA	NA	NA	NA	NA	NA	NA	NA	NA	NA	S
ERR883359	NA	NA	NA	NA	NA	NA	NA	NA	NA	NA	NA	NA	NA	NA	S
ERR883360	NA	NA	NA	NA	NA	NA	NA	NA	NA	NA	NA	NA	NA	NA	S
ERR883361	NA	NA	NA	NA	NA	NA	NA	NA	NA	NA	NA	NA	NA	NA	I/R
ERR883362	NA	NA	NA	NA	NA	NA	NA	NA	NA	NA	NA	NA	NA	NA	S
ERR883363	NA	NA	NA	NA	NA	NA	NA	NA	NA	NA	NA	NA	NA	NA	I/R
ERR883364	NA	NA	NA	NA	NA	NA	NA	NA	NA	NA	NA	NA	NA	NA	S
ERR883365	NA	NA	NA	NA	NA	NA	NA	NA	NA	NA	NA	NA	NA	NA	S
ERR883366	NA	NA	NA	NA	NA	NA	NA	NA	NA	NA	NA	NA	NA	NA	I/R
ERR883367	NA	NA	NA	NA	NA	NA	NA	NA	NA	NA	NA	NA	NA	NA	S
ERR883368	NA	NA	NA	NA	NA	NA	NA	NA	NA	NA	NA	NA	NA	NA	I/R
ERR883369	NA	NA	NA	NA	NA	NA	NA	NA	NA	NA	NA	NA	NA	NA	S
ERR883370	NA	NA	NA	NA	NA	NA	NA	NA	NA	NA	NA	NA	NA	NA	I/R
ERR883371	NA	NA	NA	NA	NA	NA	NA	NA	NA	NA	NA	NA	NA	NA	S
ERR883372	NA	NA	NA	NA	NA	NA	NA	NA	NA	NA	NA	NA	NA	NA	I/R
ERR883373	NA	NA	NA	NA	NA	NA	NA	NA	NA	NA	NA	NA	NA	NA	S
ERR883374	NA	NA	NA	NA	NA	NA	NA	NA	NA	NA	NA	NA	NA	NA	S
ERR883375	NA	NA	NA	NA	NA	NA	NA	NA	NA	NA	NA	NA	NA	NA	S
ERR883376	NA	NA	NA	NA	NA	NA	NA	NA	NA	NA	NA	NA	NA	NA	S
ERR883377	NA	NA	NA	NA	NA	NA	NA	NA	NA	NA	NA	NA	NA	NA	S
ERR883378	NA	NA	NA	NA	NA	NA	NA	NA	NA	NA	NA	NA	NA	NA	I/R
ERR883379	NA	NA	NA	NA	NA	NA	NA	NA	NA	NA	NA	NA	NA	NA	S
ERR883380	NA	NA	NA	NA	NA	NA	NA	NA	NA	NA	NA	NA	NA	NA	I/R
ERR883381	NA	NA	NA	NA	NA	NA	NA	NA	NA	NA	NA	NA	NA	NA	S
ERR883382	NA	NA	NA	NA	NA	NA	NA	NA	NA	NA	NA	NA	NA	NA	S
ERR883383	NA	NA	NA	NA	NA	NA	NA	NA	NA	NA	NA	NA	NA	NA	I/R
ERR883384	NA	NA	NA	NA	NA	NA	NA	NA	NA	NA	NA	NA	NA	NA	I/R
ERR883385	NA	NA	NA	NA	NA	NA	NA	NA	NA	NA	NA	NA	NA	NA	I/R
ERR883386	NA	NA	NA	NA	NA	NA	NA	NA	NA	NA	NA	NA	NA	NA	S
ERR883387	NA	NA	NA	NA	NA	NA	NA	NA	NA	NA	NA	NA	NA	NA	I/R
ERR883388	NA	NA	NA	NA	NA	NA	NA	NA	NA	NA	NA	NA	NA	NA	S
SRR7211915	NA	NA	NA	I/R	NA	NA	NA	NA	NA	NA	NA	NA	NA	NA	I/R
SRR5811500	NA	NA	NA	I/R	NA	NA	NA	NA	NA	NA	NA	NA	NA	NA	I/R
SRR5811498	NA	NA	NA	I/R	NA	NA	NA	NA	NA	NA	NA	NA	NA	NA	I/R
SRR7211913	NA	NA	NA	I/R	NA	NA	NA	NA	NA	NA	NA	NA	NA	NA	I/R
SRR5811496	NA	NA	NA	I/R	NA	NA	NA	NA	NA	NA	NA	NA	NA	NA	I/R
SRR7211919	NA	NA	NA	I/R	NA	NA	NA	NA	NA	NA	NA	NA	NA	NA	I/R
SRR5811495	NA	NA	NA	I/R	NA	NA	NA	NA	NA	NA	NA	NA	NA	NA	S
SRR7211918	NA	NA	NA	I/R	NA	NA	NA	NA	NA	NA	NA	NA	NA	NA	S
SRR5811494	NA	NA	NA	I/R	NA	NA	NA	NA	NA	NA	NA	NA	NA	NA	I/R
SRR7211917	NA	NA	NA	I/R	NA	NA	NA	NA	NA	NA	NA	NA	NA	NA	I/R
SRR5811493	NA	NA	NA	I/R	NA	NA	NA	NA	NA	NA	NA	NA	NA	NA	S
SRR7211912	NA	NA	NA	I/R	NA	NA	NA	NA	NA	NA	NA	NA	NA	NA	S
SRR7211750	NA	NA	NA	I/R	NA	NA	NA	NA	NA	NA	NA	NA	NA	NA	I/R
SRR5811592	NA	NA	NA	I/R	NA	NA	NA	NA	NA	NA	NA	NA	NA	NA	I/R
SRR5811593	NA	NA	NA	I/R	NA	NA	NA	NA	NA	NA	NA	NA	NA	NA	I/R
SRR7211751	NA	NA	NA	I/R	NA	NA	NA	NA	NA	NA	NA	NA	NA	NA	I/R
SRR5811590	NA	NA	NA	I/R	NA	NA	NA	NA	NA	NA	NA	NA	NA	NA	I/R
SRR7211748	NA	NA	NA	I/R	NA	NA	NA	NA	NA	NA	NA	NA	NA	NA	I/R
SRR7211729	NA	NA	NA	I/R	NA	NA	NA	NA	NA	NA	NA	NA	NA	NA	S
SRR5811549	NA	NA	NA	I/R	NA	NA	NA	NA	NA	NA	NA	NA	NA	NA	S
SRR5811552	NA	NA	NA	I/R	NA	NA	NA	NA	NA	NA	NA	NA	NA	NA	I/R
SRR7211732	NA	NA	NA	I/R	NA	NA	NA	NA	NA	NA	NA	NA	NA	NA	I/R
SRR7211734	NA	NA	NA	I/R	NA	NA	NA	NA	NA	NA	NA	NA	NA	NA	I/R
SRR5811559	NA	NA	NA	I/R	NA	NA	NA	NA	NA	NA	NA	NA	NA	NA	I/R
SRR7211733	NA	NA	NA	I/R	NA	NA	NA	NA	NA	NA	NA	NA	NA	NA	I/R
SRR5811558	NA	NA	NA	I/R	NA	NA	NA	NA	NA	NA	NA	NA	NA	NA	I/R
SRR5811408	NA	NA	NA	I/R	NA	NA	NA	NA	NA	NA	NA	NA	NA	NA	I/R
SRR7211804	NA	NA	NA	I/R	NA	NA	NA	NA	NA	NA	NA	NA	NA	NA	I/R
SRR7211806	NA	NA	NA	I/R	NA	NA	NA	NA	NA	NA	NA	NA	NA	NA	I/R
SRR5811427	NA	NA	NA	I/R	NA	NA	NA	NA	NA	NA	NA	NA	NA	NA	I/R
SRR5811403	NA	NA	NA	I/R	NA	NA	NA	NA	NA	NA	NA	NA	NA	NA	I/R
SRR7211691	NA	NA	NA	I/R	NA	NA	NA	NA	NA	NA	NA	NA	NA	NA	I/R
SRR7211710	NA	NA	NA	I/R	NA	NA	NA	NA	NA	NA	NA	NA	NA	NA	I/R
SRR5811404	NA	NA	NA	I/R	NA	NA	NA	NA	NA	NA	NA	NA	NA	NA	I/R
SRR7211809	NA	NA	NA	I/R	NA	NA	NA	NA	NA	NA	NA	NA	NA	NA	I/R
SRR5811405	NA	NA	NA	I/R	NA	NA	NA	NA	NA	NA	NA	NA	NA	NA	I/R
SRR5811425	NA	NA	NA	I/R	NA	NA	NA	NA	NA	NA	NA	NA	NA	NA	I/R
SRR7211832	NA	NA	NA	I/R	NA	NA	NA	NA	NA	NA	NA	NA	NA	NA	I/R
SRR5811363	NA	NA	NA	I/R	NA	NA	NA	NA	NA	NA	NA	NA	NA	NA	I/R
SRR7211871	NA	NA	NA	I/R	NA	NA	NA	NA	NA	NA	NA	NA	NA	NA	I/R
SRR7211777	NA	NA	NA	I/R	NA	NA	NA	NA	NA	NA	NA	NA	NA	NA	I/R
SRR5811362	NA	NA	NA	I/R	NA	NA	NA	NA	NA	NA	NA	NA	NA	NA	I/R
SRR7211776	NA	NA	NA	I/R	NA	NA	NA	NA	NA	NA	NA	NA	NA	NA	I/R
SRR5811361	NA	NA	NA	I/R	NA	NA	NA	NA	NA	NA	NA	NA	NA	NA	I/R
SRR5811367	NA	NA	NA	I/R	NA	NA	NA	NA	NA	NA	NA	NA	NA	NA	I/R
SRR7211774	NA	NA	NA	I/R	NA	NA	NA	NA	NA	NA	NA	NA	NA	NA	I/R
SRR5811366	NA	NA	NA	I/R	NA	NA	NA	NA	NA	NA	NA	NA	NA	NA	I/R
SRR7211773	NA	NA	NA	I/R	NA	NA	NA	NA	NA	NA	NA	NA	NA	NA	I/R
SRR5811365	NA	NA	NA	I/R	NA	NA	NA	NA	NA	NA	NA	NA	NA	NA	I/R
SRR7211881	NA	NA	NA	I/R	NA	NA	NA	NA	NA	NA	NA	NA	NA	NA	I/R
SRR7211933	NA	NA	NA	I/R	NA	NA	NA	NA	NA	NA	NA	NA	NA	NA	I/R
SRR5811370	NA	NA	NA	I/R	NA	NA	NA	NA	NA	NA	NA	NA	NA	NA	I/R
SRR7211745	NA	NA	NA	I/R	NA	NA	NA	NA	NA	NA	NA	NA	NA	NA	I/R
SRR5811411	NA	NA	NA	I/R	NA	NA	NA	NA	NA	NA	NA	NA	NA	NA	I/R
SRR5811465	NA	NA	NA	I/R	NA	NA	NA	NA	NA	NA	NA	NA	NA	NA	I/R
SRR7211882	NA	NA	NA	I/R	NA	NA	NA	NA	NA	NA	NA	NA	NA	NA	I/R
SRR5811469	NA	NA	NA	I/R	NA	NA	NA	NA	NA	NA	NA	NA	NA	NA	I/R
SRR7211878	NA	NA	NA	I/R	NA	NA	NA	NA	NA	NA	NA	NA	NA	NA	I/R
SRR5811509	NA	NA	NA	I/R	NA	NA	NA	NA	NA	NA	NA	NA	NA	NA	I/R
SRR7211874	NA	NA	NA	I/R	NA	NA	NA	NA	NA	NA	NA	NA	NA	NA	I/R
SRR7211838	NA	NA	NA	I/R	NA	NA	NA	NA	NA	NA	NA	NA	NA	NA	I/R
SRR5811470	NA	NA	NA	I/R	NA	NA	NA	NA	NA	NA	NA	NA	NA	NA	I/R
SRR5811570	NA	NA	NA	I/R	NA	NA	NA	NA	NA	NA	NA	NA	NA	NA	I/R
SRR7211836	NA	NA	NA	I/R	NA	NA	NA	NA	NA	NA	NA	NA	NA	NA	I/R
SRR5811523	NA	NA	NA	I/R	NA	NA	NA	NA	NA	NA	NA	NA	NA	NA	I/R
SRR7211735	NA	NA	NA	I/R	NA	NA	NA	NA	NA	NA	NA	NA	NA	NA	I/R
SRR7211822	NA	NA	NA	I/R	NA	NA	NA	NA	NA	NA	NA	NA	NA	NA	I/R
SRR5811490	NA	NA	NA	I/R	NA	NA	NA	NA	NA	NA	NA	NA	NA	NA	I/R
SRR5811433	NA	NA	NA	I/R	NA	NA	NA	NA	NA	NA	NA	NA	NA	NA	I/R
SRR7211864	NA	NA	NA	I/R	NA	NA	NA	NA	NA	NA	NA	NA	NA	NA	I/R
SRR7211870	NA	NA	NA	I/R	NA	NA	NA	NA	NA	NA	NA	NA	NA	NA	I/R
SRR5811431	NA	NA	NA	I/R	NA	NA	NA	NA	NA	NA	NA	NA	NA	NA	I/R
SRR5811584	NA	NA	NA	I/R	NA	NA	NA	NA	NA	NA	NA	NA	NA	NA	I/R
SRR7211762	NA	NA	NA	I/R	NA	NA	NA	NA	NA	NA	NA	NA	NA	NA	I/R
SRR7211763	NA	NA	NA	I/R	NA	NA	NA	NA	NA	NA	NA	NA	NA	NA	I/R
SRR5811585	NA	NA	NA	I/R	NA	NA	NA	NA	NA	NA	NA	NA	NA	NA	I/R
SRR5811581	NA	NA	NA	I/R	NA	NA	NA	NA	NA	NA	NA	NA	NA	NA	I/R
SRR7211767	NA	NA	NA	I/R	NA	NA	NA	NA	NA	NA	NA	NA	NA	NA	I/R
SRR7211798	NA	NA	NA	I/R	NA	NA	NA	NA	NA	NA	NA	NA	NA	NA	I/R
SRR5811355	NA	NA	NA	I/R	NA	NA	NA	NA	NA	NA	NA	NA	NA	NA	I/R
SRR5811360	NA	NA	NA	I/R	NA	NA	NA	NA	NA	NA	NA	NA	NA	NA	I/R
SRR7211795	NA	NA	NA	I/R	NA	NA	NA	NA	NA	NA	NA	NA	NA	NA	I/R
SRR5811359	NA	NA	NA	I/R	NA	NA	NA	NA	NA	NA	NA	NA	NA	NA	I/R
SRR7211794	NA	NA	NA	I/R	NA	NA	NA	NA	NA	NA	NA	NA	NA	NA	I/R
SRR5811358	NA	NA	NA	I/R	NA	NA	NA	NA	NA	NA	NA	NA	NA	NA	I/R
SRR7211793	NA	NA	NA	I/R	NA	NA	NA	NA	NA	NA	NA	NA	NA	NA	I/R
SRR7211790	NA	NA	NA	I/R	NA	NA	NA	NA	NA	NA	NA	NA	NA	NA	I/R
SRR5811351	NA	NA	NA	I/R	NA	NA	NA	NA	NA	NA	NA	NA	NA	NA	I/R
SRR5811542	NA	NA	NA	I/R	NA	NA	NA	NA	NA	NA	NA	NA	NA	NA	I/R
SRR7211742	NA	NA	NA	I/R	NA	NA	NA	NA	NA	NA	NA	NA	NA	NA	I/R
SRR5811544	NA	NA	NA	I/R	NA	NA	NA	NA	NA	NA	NA	NA	NA	NA	S
SRR7211744	NA	NA	NA	I/R	NA	NA	NA	NA	NA	NA	NA	NA	NA	NA	S
SRR7211738	NA	NA	NA	I/R	NA	NA	NA	NA	NA	NA	NA	NA	NA	NA	I/R
SRR5811546	NA	NA	NA	I/R	NA	NA	NA	NA	NA	NA	NA	NA	NA	NA	I/R
SRR5811375	NA	NA	NA	I/R	NA	NA	NA	NA	NA	NA	NA	NA	NA	NA	I/R
SRR7211892	NA	NA	NA	I/R	NA	NA	NA	NA	NA	NA	NA	NA	NA	NA	I/R
SRR7211678	NA	NA	NA	I/R	NA	NA	NA	NA	NA	NA	NA	NA	NA	NA	S
SRR5811595	NA	NA	NA	I/R	NA	NA	NA	NA	NA	NA	NA	NA	NA	NA	S
SRR5811386	NA	NA	NA	I/R	NA	NA	NA	NA	NA	NA	NA	NA	NA	NA	S
SRR7211711	NA	NA	NA	I/R	NA	NA	NA	NA	NA	NA	NA	NA	NA	NA	S
SRR7211849	NA	NA	NA	I/R	NA	NA	NA	NA	NA	NA	NA	NA	NA	NA	I/R
SRR5811347	NA	NA	NA	I/R	NA	NA	NA	NA	NA	NA	NA	NA	NA	NA	I/R
SRR5811536	NA	NA	NA	I/R	NA	NA	NA	NA	NA	NA	NA	NA	NA	NA	S
SRR7211782	NA	NA	NA	I/R	NA	NA	NA	NA	NA	NA	NA	NA	NA	NA	S
SRR7211780	NA	NA	NA	I/R	NA	NA	NA	NA	NA	NA	NA	NA	NA	NA	I/R
SRR5811534	NA	NA	NA	I/R	NA	NA	NA	NA	NA	NA	NA	NA	NA	NA	I/R
SRR10094586	NA	NA	NA	I/R	NA	NA	NA	NA	I/R	NA	NA	NA	NA	NA	S
SRR10094574	NA	NA	NA	I/R	NA	NA	NA	NA	I/R	NA	NA	NA	NA	NA	S
SRR10094615	NA	NA	NA	S	NA	NA	NA	NA	I/R	NA	NA	NA	NA	NA	S
SRR10094577	NA	NA	NA	I/R	NA	NA	NA	NA	S	NA	NA	NA	NA	NA	S
SRR10094570	NA	NA	NA	I/R	NA	NA	NA	NA	I/R	NA	NA	NA	NA	NA	S
SRR10094583	NA	NA	NA	S	NA	NA	NA	NA	I/R	NA	NA	NA	NA	NA	S
SRR10094602	NA	NA	NA	S	NA	NA	NA	NA	I/R	NA	NA	NA	NA	NA	S
SRR10094618	NA	NA	NA	S	NA	NA	NA	NA	S	NA	NA	NA	NA	NA	S
SRR10094605	NA	NA	NA	S	NA	NA	NA	NA	I/R	NA	NA	NA	NA	NA	S
SRR10094594	NA	NA	NA	I/R	NA	NA	NA	NA	I/R	NA	NA	NA	NA	NA	S
SRR10094591	NA	NA	NA	S	NA	NA	NA	NA	I/R	NA	NA	NA	NA	NA	S
SRR10094571	NA	NA	NA	I/R	NA	NA	NA	NA	I/R	NA	NA	NA	NA	NA	S
SRR10094616	NA	NA	NA	I/R	NA	NA	NA	NA	I/R	NA	NA	NA	NA	NA	S
SRR10094620	NA	NA	NA	S	NA	NA	NA	NA	I/R	NA	NA	NA	NA	NA	S
SRR10094575	NA	NA	NA	I/R	NA	NA	NA	NA	I/R	NA	NA	NA	NA	NA	S
SRR10094589	NA	NA	NA	S	NA	NA	NA	NA	I/R	NA	NA	NA	NA	NA	S
SRR10094607	NA	NA	NA	I/R	NA	NA	NA	NA	I/R	NA	NA	NA	NA	NA	S
SRR10094600	NA	NA	NA	S	NA	NA	NA	NA	I/R	NA	NA	NA	NA	NA	S
SRR10094587	NA	NA	NA	S	NA	NA	NA	NA	I/R	NA	NA	NA	NA	NA	S
SRR10094596	NA	NA	NA	S	NA	NA	NA	NA	I/R	NA	NA	NA	NA	NA	S
SRR10094611	NA	NA	NA	S	NA	NA	NA	NA	S	NA	NA	NA	NA	NA	S
SRR10094610	NA	NA	NA	S	NA	NA	NA	NA	I/R	NA	NA	NA	NA	NA	S
SRR10094609	NA	NA	NA	S	NA	NA	NA	NA	I/R	NA	NA	NA	NA	NA	S
SRR10094599	NA	NA	NA	I/R	NA	NA	NA	NA	I/R	NA	NA	NA	NA	NA	S
SRR10094585	NA	NA	NA	I/R	NA	NA	NA	NA	I/R	NA	NA	NA	NA	NA	S
SRR10094588	NA	NA	NA	I/R	NA	NA	NA	NA	I/R	NA	NA	NA	NA	NA	S
SRR10094613	NA	NA	NA	S	NA	NA	NA	NA	I/R	NA	NA	NA	NA	NA	S
SRR10094578	NA	NA	NA	I/R	NA	NA	NA	NA	I/R	NA	NA	NA	NA	NA	S
SRR10094579	NA	NA	NA	I/R	NA	NA	NA	NA	I/R	NA	NA	NA	NA	NA	S
SRR10094592	NA	NA	NA	S	NA	NA	NA	NA	I/R	NA	NA	NA	NA	NA	S
SRR10094608	NA	NA	NA	S	NA	NA	NA	NA	I/R	NA	NA	NA	NA	NA	S
SRR10094614	NA	NA	NA	I/R	NA	NA	NA	NA	I/R	NA	NA	NA	NA	NA	S
SRR10094621	NA	NA	NA	S	NA	NA	NA	NA	I/R	NA	NA	NA	NA	NA	S
SRR10094601	NA	NA	NA	S	NA	NA	NA	NA	I/R	NA	NA	NA	NA	NA	S
SRR10094603	NA	NA	NA	S	NA	NA	NA	NA	I/R	NA	NA	NA	NA	NA	S
SRR10094598	NA	NA	NA	S	NA	NA	NA	NA	I/R	NA	NA	NA	NA	NA	S
SRR10094597	NA	NA	NA	S	NA	NA	NA	NA	I/R	NA	NA	NA	NA	NA	S
SRR10094576	NA	NA	NA	I/R	NA	NA	NA	NA	I/R	NA	NA	NA	NA	NA	S
SRR10094604	NA	NA	NA	S	NA	NA	NA	NA	I/R	NA	NA	NA	NA	NA	S
SRR10094572	NA	NA	NA	I/R	NA	NA	NA	NA	I/R	NA	NA	NA	NA	NA	S
SRR10094593	NA	NA	NA	I/R	NA	NA	NA	NA	I/R	NA	NA	NA	NA	NA	S
SRR10094581	NA	NA	NA	S	NA	NA	NA	NA	I/R	NA	NA	NA	NA	NA	S
SRR10094612	NA	NA	NA	I/R	NA	NA	NA	NA	I/R	NA	NA	NA	NA	NA	S
SRR10094580	NA	NA	NA	I/R	NA	NA	NA	NA	I/R	NA	NA	NA	NA	NA	S
SRR10094619	NA	NA	NA	S	NA	NA	NA	NA	I/R	NA	NA	NA	NA	NA	S
SRR10094582	NA	NA	NA	S	NA	NA	NA	NA	I/R	NA	NA	NA	NA	NA	S
SRR10094590	NA	NA	NA	I/R	NA	NA	NA	NA	I/R	NA	NA	NA	NA	NA	S
ERR769199	S	S	NA	NA	NA	S	S	S	S	NA	S	S	S	S	S
ERR769200	S	S	NA	NA	NA	S	S	S	S	NA	S	S	S	S	S
ERR769201	S	S	NA	NA	NA	S	S	S	S	NA	S	S	S	S	S
ERR769202	S	S	NA	NA	NA	S	S	S	S	NA	S	S	S	S	S
ERR769203	S	S	NA	NA	NA	S	S	S	S	NA	S	S	S	S	S
ERR769204	S	S	NA	NA	NA	S	S	S	S	NA	I/R	S	I/R	S	S
ERR769206	S	S	NA	NA	NA	I/R	S	I/R	S	NA	I/R	S	I/R	S	S
ERR769207	S	S	NA	NA	NA	S	S	S	S	NA	S	S	S	S	S
ERR769208	S	S	NA	NA	NA	I/R	S	S	S	NA	I/R	S	I/R	S	S
ERR769209	S	S	NA	NA	NA	S	S	S	S	NA	I/R	S	S	S	S
ERR769210	S	S	NA	NA	NA	I/R	S	I/R	S	NA	I/R	S	I/R	S	S
ERR769211	S	S	NA	NA	NA	I/R	S	I/R	S	NA	I/R	S	I/R	S	S
ERR769212	S	S	NA	NA	NA	S	S	S	S	NA	S	S	I/R	S	S
ERR769213	S	S	NA	NA	NA	S	S	S	S	NA	S	S	I/R	S	S
ERR769214	S	S	NA	NA	NA	S	S	S	S	NA	S	S	S	S	S
ERR769215	S	S	NA	NA	NA	S	S	S	S	NA	S	S	I/R	S	S
ERR769216	S	S	NA	NA	NA	S	S	S	S	NA	S	S	S	S	S
ERR769217	S	S	NA	NA	NA	I/R	S	S	S	NA	I/R	S	I/R	S	S
ERR769218	S	S	NA	NA	NA	I/R	S	S	S	NA	I/R	S	I/R	S	S
ERR769219	S	S	NA	NA	NA	S	S	S	S	NA	S	S	I/R	S	S
ERR769220	S	S	NA	NA	NA	I/R	S	S	S	NA	I/R	S	I/R	S	S
ERR769221	S	S	NA	NA	NA	I/R	S	I/R	S	NA	I/R	S	I/R	S	S
ERR769222	S	S	NA	NA	NA	S	S	S	S	NA	S	S	I/R	S	S
ERR769223	S	S	NA	NA	NA	I/R	S	S	S	NA	S	I/R	I/R	S	I/R
ERR769224	S	S	NA	NA	NA	S	S	S	S	NA	S	S	S	S	S
ERR769225	S	S	NA	NA	NA	S	S	I/R	S	NA	S	S	S	S	S
ERR769226	S	S	NA	NA	NA	S	S	S	S	NA	S	S	I/R	S	S
ERR769227	S	S	NA	NA	NA	S	S	S	S	NA	S	S	S	S	S
ERR769228	S	S	NA	NA	NA	S	S	S	S	NA	S	S	S	S	S
ERR769229	S	S	NA	NA	NA	S	S	S	S	NA	S	S	I/R	S	S
ERR769230	S	S	NA	NA	NA	S	S	S	S	NA	I/R	S	I/R	S	S
ERR769231	S	S	NA	NA	NA	I/R	S	I/R	S	NA	I/R	S	I/R	S	S
ERR769232	S	S	NA	NA	NA	I/R	S	I/R	S	NA	I/R	S	I/R	S	S
ERR769233	S	S	NA	NA	NA	S	S	S	S	NA	S	S	S	S	S
ERR769234	S	S	NA	NA	NA	S	S	S	S	NA	S	S	S	S	S
ERR769235	S	S	NA	NA	NA	S	S	S	S	NA	S	S	I/R	S	S
ERR769236	S	S	NA	NA	NA	I/R	S	I/R	S	NA	I/R	S	I/R	S	S
ERR769237	S	S	NA	NA	NA	S	S	S	S	NA	S	S	S	S	S
ERR769238	S	S	NA	NA	NA	S	S	S	S	NA	S	S	S	S	S
ERR769239	S	S	NA	NA	NA	S	S	S	S	NA	S	S	S	S	S
ERR769240	S	S	NA	NA	NA	I/R	S	S	S	NA	S	S	I/R	S	S
ERR769241	S	S	NA	NA	NA	S	S	S	S	NA	I/R	S	I/R	S	S
ERR769242	S	S	NA	NA	NA	S	S	I/R	S	NA	I/R	S	I/R	S	S
ERR769243	S	S	NA	NA	NA	I/R	S	I/R	S	NA	I/R	S	I/R	S	S
ERR769244	S	S	NA	NA	NA	S	S	S	S	NA	S	S	I/R	S	S
ERR769245	S	S	NA	NA	NA	S	S	S	S	NA	S	S	I/R	S	S
ERR769246	S	S	NA	NA	NA	S	S	S	S	NA	S	S	S	S	S
ERR769247	S	S	NA	NA	NA	I/R	S	I/R	S	NA	I/R	S	I/R	S	S
ERR769248	S	S	NA	NA	NA	S	S	S	S	NA	I/R	S	I/R	S	S
ERR2407667	NA	NA	NA	NA	NA	NA	NA	NA	NA	NA	NA	NA	NA	NA	I/R
ERR2407668	NA	NA	NA	NA	NA	NA	NA	NA	NA	NA	NA	NA	NA	NA	I/R
ERR2407669	NA	NA	NA	NA	NA	NA	NA	NA	NA	NA	NA	NA	NA	NA	I/R
ERR2407670	NA	NA	NA	NA	NA	NA	NA	NA	NA	NA	NA	NA	NA	NA	I/R
ERR2407671	NA	NA	NA	NA	NA	NA	NA	NA	NA	NA	NA	NA	NA	NA	I/R
ERR2407672	NA	NA	NA	NA	NA	NA	NA	NA	NA	NA	NA	NA	NA	NA	I/R
ERR2407673	NA	NA	NA	NA	NA	NA	NA	NA	NA	NA	NA	NA	NA	NA	I/R
ERR2407674	NA	NA	NA	NA	NA	NA	NA	NA	NA	NA	NA	NA	NA	NA	I/R
ERR2407675	NA	NA	NA	NA	NA	NA	NA	NA	NA	NA	NA	NA	NA	NA	I/R
ERR2407676	NA	NA	NA	NA	NA	NA	NA	NA	NA	NA	NA	NA	NA	NA	I/R
ERR2407678	NA	NA	NA	NA	NA	NA	NA	NA	NA	NA	NA	NA	NA	NA	I/R
ERR2407677	NA	NA	NA	NA	NA	NA	NA	NA	NA	NA	NA	NA	NA	NA	I/R
ERR2407679	NA	NA	NA	NA	NA	NA	NA	NA	NA	NA	NA	NA	NA	NA	I/R
ERR2407680	NA	NA	NA	NA	NA	NA	NA	NA	NA	NA	NA	NA	NA	NA	I/R
ERR2407681	NA	NA	NA	NA	NA	NA	NA	NA	NA	NA	NA	NA	NA	NA	I/R
ERR2407682	NA	NA	NA	NA	NA	NA	NA	NA	NA	NA	NA	NA	NA	NA	I/R
ERR2407683	NA	NA	NA	NA	NA	NA	NA	NA	NA	NA	NA	NA	NA	NA	S
ERR2407684	NA	NA	NA	NA	NA	NA	NA	NA	NA	NA	NA	NA	NA	NA	I/R
ERR2407685	NA	NA	NA	NA	NA	NA	NA	NA	NA	NA	NA	NA	NA	NA	I/R
ERR2407686	NA	NA	NA	NA	NA	NA	NA	NA	NA	NA	NA	NA	NA	NA	I/R
ERR2407687	NA	NA	NA	NA	NA	NA	NA	NA	NA	NA	NA	NA	NA	NA	I/R
ERR2407688	NA	NA	NA	NA	NA	NA	NA	NA	NA	NA	NA	NA	NA	NA	I/R
ERR2407689	NA	NA	NA	NA	NA	NA	NA	NA	NA	NA	NA	NA	NA	NA	I/R
ERR2407690	NA	NA	NA	NA	NA	NA	NA	NA	NA	NA	NA	NA	NA	NA	I/R
ERR2407691	NA	NA	NA	NA	NA	NA	NA	NA	NA	NA	NA	NA	NA	NA	S
ERR2407692	NA	NA	NA	NA	NA	NA	NA	NA	NA	NA	NA	NA	NA	NA	S
ERR2407693	NA	NA	NA	NA	NA	NA	NA	NA	NA	NA	NA	NA	NA	NA	I/R
ERR2407694	NA	NA	NA	NA	NA	NA	NA	NA	NA	NA	NA	NA	NA	NA	S
ERR2407695	NA	NA	NA	NA	NA	NA	NA	NA	NA	NA	NA	NA	NA	NA	I/R
ERR2407696	NA	NA	NA	NA	NA	NA	NA	NA	NA	NA	NA	NA	NA	NA	I/R
ERR2407697	NA	NA	NA	NA	NA	NA	NA	NA	NA	NA	NA	NA	NA	NA	I/R
ERR2407698	NA	NA	NA	NA	NA	NA	NA	NA	NA	NA	NA	NA	NA	NA	I/R
ERR2407699	NA	NA	NA	NA	NA	NA	NA	NA	NA	NA	NA	NA	NA	NA	I/R
ERR2407700	NA	NA	NA	NA	NA	NA	NA	NA	NA	NA	NA	NA	NA	NA	I/R
ERR2407701	NA	NA	NA	NA	NA	NA	NA	NA	NA	NA	NA	NA	NA	NA	I/R
ERR2407702	NA	NA	NA	NA	NA	NA	NA	NA	NA	NA	NA	NA	NA	NA	I/R
ERR2407703	NA	NA	NA	NA	NA	NA	NA	NA	NA	NA	NA	NA	NA	NA	I/R
SRR11551445	I/R	I/R	NA	NA	NA	I/R	NA	NA	S	NA	NA	NA	S	NA	S
SRR11551444	I/R	I/R	NA	NA	NA	I/R	I/R	NA	S	NA	NA	NA	S	NA	I/R
SRR11551433	I/R	I/R	NA	NA	NA	I/R	NA	NA	S	NA	NA	NA	S	NA	I/R
SRR11551422	I/R	I/R	NA	NA	NA	I/R	NA	NA	S	NA	NA	NA	S	NA	I/R
SRR11551411	I/R	I/R	NA	NA	NA	I/R	NA	NA	S	NA	NA	NA	I/R	NA	I/R
SRR11551400	I/R	I/R	NA	NA	NA	I/R	NA	NA	S	NA	NA	NA	S	NA	I/R
SRR11551399	I/R	I/R	NA	NA	NA	I/R	NA	NA	S	NA	NA	NA	I/R	NA	I/R
SRR11551398	I/R	I/R	NA	NA	NA	I/R	NA	NA	S	NA	NA	NA	S	NA	I/R
SRR11551397	I/R	I/R	NA	NA	NA	I/R	NA	NA	S	NA	NA	NA	S	NA	I/R
SRR11551396	I/R	I/R	NA	NA	NA	I/R	NA	NA	S	NA	NA	NA	I/R	NA	I/R
SRR11551443	I/R	I/R	NA	NA	NA	I/R	NA	NA	S	NA	NA	NA	S	NA	I/R
SRR11551442	I/R	I/R	NA	NA	NA	I/R	NA	NA	S	NA	NA	NA	S	NA	I/R
SRR11551441	I/R	I/R	NA	NA	NA	I/R	NA	NA	S	NA	NA	NA	I/R	NA	I/R
SRR11551440	I/R	I/R	NA	NA	NA	I/R	NA	NA	S	NA	NA	NA	S	NA	I/R
SRR11551439	I/R	I/R	NA	NA	NA	I/R	NA	NA	S	NA	NA	NA	S	NA	I/R
SRR11551438	I/R	I/R	NA	NA	NA	I/R	NA	NA	S	NA	NA	NA	S	NA	I/R
SRR11551432	I/R	I/R	NA	NA	NA	I/R	I/R	NA	S	NA	NA	NA	S	NA	S
SRR11551437	I/R	I/R	NA	NA	NA	I/R	I/R	NA	S	NA	NA	NA	S	NA	I/R
SRR11551431	I/R	I/R	NA	NA	NA	I/R	NA	NA	S	NA	NA	NA	I/R	NA	I/R
SRR11551436	I/R	I/R	NA	NA	NA	I/R	NA	NA	S	NA	NA	NA	S	NA	I/R
SRR11551435	I/R	I/R	NA	NA	NA	I/R	NA	NA	S	NA	NA	NA	S	NA	I/R
SRR11551434	I/R	I/R	NA	NA	NA	I/R	NA	NA	S	NA	NA	NA	S	NA	S
SRR11551430	I/R	I/R	NA	NA	NA	I/R	NA	NA	S	NA	NA	NA	I/R	NA	S
SRR11551429	I/R	I/R	NA	NA	NA	I/R	I/R	NA	S	NA	NA	NA	I/R	NA	S
SRR11551428	I/R	I/R	NA	NA	NA	I/R	NA	NA	S	NA	NA	NA	S	NA	S
SRR11551427	I/R	I/R	NA	NA	NA	I/R	NA	NA	S	NA	NA	NA	I/R	NA	S
SRR11551426	I/R	I/R	NA	NA	NA	I/R	I/R	NA	S	NA	NA	NA	I/R	NA	I/R
SRR11551425	I/R	I/R	NA	NA	NA	I/R	NA	NA	S	NA	NA	NA	S	NA	I/R
SRR11551424	I/R	I/R	NA	NA	NA	I/R	NA	NA	S	NA	NA	NA	S	NA	I/R
SRR11551423	I/R	I/R	NA	NA	NA	I/R	NA	NA	S	NA	NA	NA	S	NA	I/R
SRR11551421	I/R	I/R	NA	NA	NA	I/R	NA	NA	S	NA	NA	NA	S	NA	I/R
SRR11551420	I/R	I/R	NA	NA	NA	I/R	I/R	NA	S	NA	NA	NA	I/R	NA	I/R
SRR11551419	I/R	I/R	NA	NA	NA	I/R	I/R	NA	S	NA	NA	NA	I/R	NA	S
SRR11551418	I/R	I/R	NA	NA	NA	I/R	NA	NA	S	NA	NA	NA	I/R	NA	I/R
SRR11551417	I/R	I/R	NA	NA	NA	I/R	I/R	NA	S	NA	NA	NA	I/R	NA	I/R
SRR11551416	I/R	I/R	NA	NA	NA	I/R	NA	NA	S	NA	NA	NA	I/R	NA	I/R
SRR11551415	I/R	I/R	NA	NA	NA	I/R	I/R	NA	S	NA	NA	NA	I/R	NA	I/R
SRR11551414	I/R	I/R	NA	NA	NA	I/R	NA	NA	S	NA	NA	NA	S	NA	I/R
SRR11551413	I/R	I/R	NA	NA	NA	I/R	I/R	NA	S	NA	NA	NA	I/R	NA	I/R
SRR11551412	I/R	I/R	NA	NA	NA	I/R	NA	NA	S	NA	NA	NA	S	NA	I/R
SRR11551410	I/R	I/R	NA	NA	NA	I/R	NA	NA	S	NA	NA	NA	I/R	NA	I/R
SRR11551408	I/R	I/R	NA	NA	NA	I/R	I/R	NA	S	NA	NA	NA	I/R	NA	I/R
SRR11551407	I/R	I/R	NA	NA	NA	I/R	I/R	NA	S	NA	NA	NA	I/R	NA	I/R
SRR11551406	I/R	I/R	NA	NA	NA	I/R	NA	NA	S	NA	NA	NA	S	NA	I/R
SRR11551405	I/R	I/R	NA	NA	NA	I/R	NA	NA	I/R	NA	NA	NA	I/R	NA	I/R
SRR11551404	I/R	I/R	NA	NA	NA	I/R	I/R	NA	S	NA	NA	NA	I/R	NA	S
SRR11551409	I/R	I/R	NA	NA	NA	I/R	NA	NA	S	NA	NA	NA	I/R	NA	I/R
SRR11551403	I/R	I/R	NA	NA	NA	I/R	NA	NA	S	NA	NA	NA	S	NA	I/R
SRR11551402	I/R	I/R	NA	NA	NA	I/R	NA	NA	I/R	NA	NA	NA	S	NA	S
SRR11551401	I/R	I/R	NA	NA	NA	I/R	NA	NA	S	NA	NA	NA	S	NA	I/R
SRR12963027	NA	NA	NA	NA	NA	NA	NA	NA	NA	NA	NA	NA	NA	I/R	NA
SRR12963026	NA	NA	NA	NA	NA	NA	NA	NA	NA	NA	NA	NA	NA	I/R	NA
SRR12963043	NA	NA	NA	NA	NA	NA	NA	NA	NA	NA	NA	NA	NA	I/R	NA
SRR12963034	NA	NA	NA	NA	NA	NA	NA	NA	NA	NA	NA	NA	NA	I/R	NA
SRR12963033	NA	NA	NA	NA	NA	NA	NA	NA	NA	NA	NA	NA	NA	I/R	NA
SRR12963032	NA	NA	NA	NA	NA	NA	NA	NA	NA	NA	NA	NA	NA	I/R	NA
SRR12963031	NA	NA	NA	NA	NA	NA	NA	NA	NA	NA	NA	NA	NA	I/R	NA
SRR12963030	NA	NA	NA	NA	NA	NA	NA	NA	NA	NA	NA	NA	NA	I/R	NA
SRR12963029	NA	NA	NA	NA	NA	NA	NA	NA	NA	NA	NA	NA	NA	I/R	NA
SRR12963028	NA	NA	NA	NA	NA	NA	NA	NA	NA	NA	NA	NA	NA	I/R	NA
SRR12963025	NA	NA	NA	NA	NA	NA	NA	NA	NA	NA	NA	NA	NA	I/R	NA
SRR12963024	NA	NA	NA	NA	NA	NA	NA	NA	NA	NA	NA	NA	NA	I/R	NA
SRR12963051	NA	NA	NA	NA	NA	NA	NA	NA	NA	NA	NA	NA	NA	I/R	NA
SRR12963050	NA	NA	NA	NA	NA	NA	NA	NA	NA	NA	NA	NA	NA	I/R	NA
SRR12963049	NA	NA	NA	NA	NA	NA	NA	NA	NA	NA	NA	NA	NA	I/R	NA
SRR12963048	NA	NA	NA	NA	NA	NA	NA	NA	NA	NA	NA	NA	NA	I/R	NA
SRR12963047	NA	NA	NA	NA	NA	NA	NA	NA	NA	NA	NA	NA	NA	I/R	NA
SRR12963046	NA	NA	NA	NA	NA	NA	NA	NA	NA	NA	NA	NA	NA	I/R	NA
SRR12963045	NA	NA	NA	NA	NA	NA	NA	NA	NA	NA	NA	NA	NA	I/R	NA
SRR12963044	NA	NA	NA	NA	NA	NA	NA	NA	NA	NA	NA	NA	NA	I/R	NA
SRR12963042	NA	NA	NA	NA	NA	NA	NA	NA	NA	NA	NA	NA	NA	I/R	NA
SRR12963041	NA	NA	NA	NA	NA	NA	NA	NA	NA	NA	NA	NA	NA	I/R	NA
SRR12963040	NA	NA	NA	NA	NA	NA	NA	NA	NA	NA	NA	NA	NA	I/R	NA
SRR12963039	NA	NA	NA	NA	NA	NA	NA	NA	NA	NA	NA	NA	NA	I/R	NA
SRR12963038	NA	NA	NA	NA	NA	NA	NA	NA	NA	NA	NA	NA	NA	I/R	NA
SRR12963037	NA	NA	NA	NA	NA	NA	NA	NA	NA	NA	NA	NA	NA	I/R	NA
SRR12963036	NA	NA	NA	NA	NA	NA	NA	NA	NA	NA	NA	NA	NA	I/R	NA
SRR12963035	NA	NA	NA	NA	NA	NA	NA	NA	NA	NA	NA	NA	NA	I/R	NA
SRR11297259	I/R	NA	NA	NA	I/R	NA	NA	NA	I/R	NA	NA	NA	NA	NA	I/R
SRR11297256	I/R	NA	NA	NA	I/R	NA	NA	NA	S	NA	NA	NA	NA	NA	I/R
SRR11297250	S	NA	NA	NA	I/R	NA	NA	NA	S	NA	NA	NA	NA	NA	I/R
SRR11297208	I/R	NA	NA	NA	I/R	NA	NA	NA	S	NA	NA	NA	NA	NA	I/R
SRR11297204	I/R	NA	NA	NA	I/R	NA	NA	NA	S	NA	NA	NA	NA	NA	I/R
SRR11297203	I/R	NA	NA	NA	S	NA	NA	NA	S	NA	NA	NA	NA	NA	I/R
SRR11297174	I/R	NA	NA	NA	I/R	NA	NA	NA	S	NA	NA	NA	NA	NA	I/R
SRR11297173	I/R	NA	NA	NA	I/R	NA	NA	NA	S	NA	NA	NA	NA	NA	I/R
SRR11297172	S	NA	NA	NA	S	NA	NA	NA	S	NA	NA	NA	NA	NA	I/R
SRR11297170	I/R	NA	NA	NA	I/R	NA	NA	NA	S	NA	NA	NA	NA	NA	I/R
SRR11297140	I/R	NA	NA	NA	I/R	NA	NA	NA	S	NA	NA	NA	NA	NA	I/R
SRR11297132	I/R	NA	NA	NA	I/R	NA	NA	NA	S	NA	NA	NA	NA	NA	I/R
SRR11297073	I/R	NA	NA	NA	I/R	NA	NA	NA	S	NA	NA	NA	NA	NA	I/R
SRR11297065	I/R	NA	NA	NA	I/R	NA	NA	NA	S	NA	NA	NA	NA	NA	I/R
SRR11297297	I/R	NA	NA	NA	I/R	NA	NA	NA	S	NA	NA	NA	NA	NA	I/R
SRR11297289	I/R	NA	NA	NA	I/R	NA	NA	NA	S	NA	NA	NA	NA	NA	I/R
SRR11297246	I/R	NA	NA	NA	S	NA	NA	NA	S	NA	NA	NA	NA	NA	I/R
SRR11297245	I/R	NA	NA	NA	S	NA	NA	NA	S	NA	NA	NA	NA	NA	I/R
SRR11297244	I/R	NA	NA	NA	S	NA	NA	NA	S	NA	NA	NA	NA	NA	I/R
SRR11297222	I/R	NA	NA	NA	I/R	NA	NA	NA	S	NA	NA	NA	NA	NA	I/R
SRR11297061	I/R	NA	NA	NA	S	NA	NA	NA	S	NA	NA	NA	NA	NA	I/R
SRR11297059	I/R	NA	NA	NA	S	NA	NA	NA	S	NA	NA	NA	NA	NA	I/R
SRR11297057	I/R	NA	NA	NA	S	NA	NA	NA	S	NA	NA	NA	NA	NA	I/R
SRR11297056	I/R	NA	NA	NA	S	NA	NA	NA	S	NA	NA	NA	NA	NA	I/R
SRR11297050	S	NA	NA	NA	S	NA	NA	NA	I/R	NA	NA	NA	NA	NA	I/R
ERR4046876	I/R	NA	NA	NA	NA	NA	I/R	I/R	S	S	I/R	I/R	NA	S	I/R
ERR4046880	I/R	NA	NA	NA	NA	NA	I/R	I/R	S	I/R	I/R	I/R	NA	S	I/R
ERR4046884	I/R	NA	NA	NA	NA	NA	I/R	I/R	S	I/R	I/R	I/R	NA	S	I/R
ERR4046888	I/R	NA	NA	NA	NA	NA	S	S	S	S	S	I/R	NA	S	I/R
ERR4046892	I/R	NA	NA	NA	NA	NA	I/R	I/R	S	S	I/R	I/R	NA	S	I/R
ERR4046896	I/R	NA	NA	NA	NA	NA	I/R	I/R	S	S	I/R	I/R	NA	S	I/R
ERR4046900	I/R	NA	NA	NA	NA	NA	S	S	S	S	S	I/R	NA	S	I/R
ERR4046904	I/R	NA	NA	NA	NA	NA	I/R	I/R	S	S	I/R	I/R	NA	S	I/R
ERR4046908	I/R	NA	NA	NA	NA	NA	I/R	I/R	S	S	I/R	S	NA	S	I/R
ERR4139251	I/R	NA	NA	NA	NA	NA	I/R	I/R	S	S	I/R	I/R	NA	S	I/R
ERR4046912	I/R	NA	NA	NA	NA	NA	I/R	I/R	I/R	I/R	S	I/R	NA	I/R	I/R
ERR4046916	I/R	NA	NA	NA	NA	NA	I/R	I/R	S	S	I/R	I/R	NA	S	I/R
ERR4046920	I/R	NA	NA	NA	NA	NA	I/R	I/R	S	S	I/R	I/R	NA	S	I/R
ERR4046923	I/R	NA	NA	NA	NA	NA	I/R	I/R	S	S	I/R	I/R	NA	S	I/R
ERR4046926	I/R	NA	NA	NA	NA	NA	I/R	I/R	S	S	S	S	NA	S	I/R
ERR4139253	I/R	NA	NA	NA	NA	NA	I/R	I/R	S	S	S	S	NA	S	I/R
ERR4046929	I/R	NA	NA	NA	NA	NA	I/R	I/R	S	S	I/R	I/R	NA	S	I/R
ERR4046552	I/R	NA	NA	NA	NA	NA	I/R	I/R	S	S	I/R	I/R	NA	S	I/R
ERR4046556	I/R	NA	NA	NA	NA	NA	S	I/R	S	S	I/R	I/R	NA	S	I/R
ERR4046557	I/R	NA	NA	NA	NA	NA	I/R	I/R	S	S	I/R	I/R	NA	S	I/R
ERR4046561	I/R	NA	NA	NA	NA	NA	I/R	I/R	S	S	I/R	I/R	NA	S	I/R
ERR4046565	I/R	NA	NA	NA	NA	NA	I/R	I/R	S	S	I/R	S	NA	S	I/R
ERR4046569	I/R	NA	NA	NA	NA	NA	I/R	I/R	S	S	I/R	I/R	NA	S	I/R
ERR4046573	I/R	NA	NA	NA	NA	NA	I/R	I/R	S	S	I/R	I/R	NA	S	I/R
ERR4046577	I/R	NA	NA	NA	NA	NA	I/R	I/R	S	S	I/R	I/R	NA	S	I/R
ERR4046581	I/R	NA	NA	NA	NA	NA	I/R	I/R	S	I/R	I/R	I/R	NA	S	I/R
ERR4046585	I/R	NA	NA	NA	NA	NA	I/R	I/R	S	S	I/R	I/R	NA	S	I/R
ERR4046578	I/R	NA	NA	NA	NA	NA	I/R	I/R	S	S	I/R	I/R	NA	S	I/R
ERR4046589	I/R	NA	NA	NA	NA	NA	I/R	I/R	S	S	I/R	I/R	NA	S	I/R
ERR4046593	I/R	NA	NA	NA	NA	NA	I/R	I/R	S	S	I/R	I/R	NA	S	I/R
ERR4046597	I/R	NA	NA	NA	NA	NA	I/R	I/R	S	S	I/R	I/R	NA	S	I/R
ERR4046601	I/R	NA	NA	NA	NA	NA	I/R	I/R	S	S	I/R	S	NA	S	S
ERR4046605	I/R	NA	NA	NA	NA	NA	S	I/R	S	S	I/R	I/R	NA	S	I/R
ERR4046609	I/R	NA	NA	NA	NA	NA	I/R	I/R	S	S	I/R	I/R	NA	S	I/R
ERR4046613	I/R	NA	NA	NA	NA	NA	I/R	I/R	S	S	I/R	S	NA	S	S
ERR4046617	I/R	NA	NA	NA	NA	NA	I/R	I/R	S	S	I/R	I/R	NA	S	I/R
ERR4046621	I/R	NA	NA	NA	NA	NA	I/R	I/R	I/R	I/R	I/R	I/R	NA	I/R	I/R
ERR4046625	I/R	NA	NA	NA	NA	NA	I/R	I/R	S	S	I/R	I/R	NA	S	I/R
ERR4046629	I/R	NA	NA	NA	NA	NA	I/R	I/R	S	S	I/R	I/R	NA	S	I/R
ERR4046633	I/R	NA	NA	NA	NA	NA	I/R	I/R	S	S	I/R	I/R	NA	S	I/R
ERR4046637	I/R	NA	NA	NA	NA	NA	I/R	I/R	S	S	I/R	I/R	NA	S	I/R
ERR4046641	I/R	NA	NA	NA	NA	NA	I/R	I/R	S	S	I/R	I/R	NA	S	I/R
ERR4046646	I/R	NA	NA	NA	NA	NA	S	S	S	S	S	S	NA	S	I/R
ERR4046650	I/R	NA	NA	NA	NA	NA	I/R	I/R	I/R	S	I/R	I/R	NA	S	I/R
ERR4046654	I/R	NA	NA	NA	NA	NA	S	I/R	S	S	I/R	I/R	NA	S	I/R
ERR4046658	I/R	NA	NA	NA	NA	NA	I/R	I/R	S	S	I/R	I/R	NA	S	I/R
ERR4046662	I/R	NA	NA	NA	NA	NA	S	S	S	S	S	S	NA	S	I/R
ERR4046666	I/R	NA	NA	NA	NA	NA	I/R	I/R	S	S	I/R	I/R	NA	S	I/R
ERR4046670	I/R	NA	NA	NA	NA	NA	I/R	I/R	I/R	I/R	I/R	I/R	NA	I/R	I/R
ERR4046674	I/R	NA	NA	NA	NA	NA	I/R	I/R	S	S	I/R	I/R	NA	S	I/R
ERR4046678	I/R	NA	NA	NA	NA	NA	I/R	I/R	S	S	I/R	I/R	NA	S	I/R
ERR4046682	I/R	NA	NA	NA	NA	NA	I/R	I/R	I/R	S	I/R	I/R	NA	I/R	I/R
ERR4046686	I/R	NA	NA	NA	NA	NA	I/R	I/R	S	S	I/R	I/R	NA	S	I/R
ERR4046690	I/R	NA	NA	NA	NA	NA	I/R	I/R	I/R	I/R	I/R	I/R	NA	S	I/R
ERR4046694	I/R	NA	NA	NA	NA	NA	I/R	I/R	I/R	I/R	I/R	I/R	NA	I/R	I/R
ERR4046698	I/R	NA	NA	NA	NA	NA	I/R	I/R	I/R	S	I/R	I/R	NA	I/R	I/R
ERR4046710	I/R	NA	NA	NA	NA	NA	I/R	I/R	I/R	S	I/R	I/R	NA	S	I/R
ERR4046714	I/R	NA	NA	NA	NA	NA	S	I/R	I/R	S	I/R	I/R	NA	S	I/R
ERR4046718	I/R	NA	NA	NA	NA	NA	I/R	I/R	I/R	I/R	I/R	I/R	NA	S	I/R
ERR4046722	I/R	NA	NA	NA	NA	NA	I/R	I/R	I/R	I/R	I/R	I/R	NA	S	I/R
ERR4046726	I/R	NA	NA	NA	NA	NA	S	S	S	S	I/R	S	NA	S	S
ERR4046730	I/R	NA	NA	NA	NA	NA	I/R	I/R	I/R	S	I/R	I/R	NA	S	I/R
ERR4046734	I/R	NA	NA	NA	NA	NA	I/R	I/R	I/R	I/R	I/R	I/R	NA	I/R	I/R
ERR4046705	I/R	NA	NA	NA	NA	NA	I/R	I/R	I/R	I/R	I/R	I/R	NA	I/R	I/R
ERR4046709	I/R	NA	NA	NA	NA	NA	I/R	I/R	S	S	I/R	I/R	NA	S	I/R
ERR4046713	I/R	NA	NA	NA	NA	NA	I/R	I/R	S	S	I/R	I/R	NA	S	I/R
ERR4046706	I/R	NA	NA	NA	NA	NA	I/R	I/R	S	S	I/R	I/R	NA	S	I/R
ERR4046702	I/R	NA	NA	NA	NA	NA	I/R	I/R	I/R	I/R	I/R	I/R	NA	S	I/R
ERR4046717	I/R	NA	NA	NA	NA	NA	I/R	I/R	I/R	S	I/R	I/R	NA	S	I/R
ERR4046721	I/R	NA	NA	NA	NA	NA	I/R	I/R	S	S	I/R	I/R	NA	S	I/R
ERR4046725	I/R	NA	NA	NA	NA	NA	I/R	I/R	S	S	I/R	I/R	NA	S	I/R
ERR4046729	I/R	NA	NA	NA	NA	NA	S	I/R	S	S	I/R	I/R	NA	S	I/R
ERR4046733	I/R	NA	NA	NA	NA	NA	I/R	I/R	S	S	S	S	NA	S	I/R
ERR4046738	I/R	NA	NA	NA	NA	NA	I/R	I/R	S	S	I/R	I/R	NA	S	I/R
ERR4046742	I/R	NA	NA	NA	NA	NA	I/R	I/R	I/R	S	I/R	I/R	NA	S	I/R
ERR4046746	I/R	NA	NA	NA	NA	NA	I/R	I/R	S	S	I/R	I/R	NA	S	I/R
ERR4046750	I/R	NA	NA	NA	NA	NA	I/R	I/R	S	I/R	I/R	I/R	NA	S	I/R
ERR4046754	I/R	NA	NA	NA	NA	NA	I/R	I/R	S	S	I/R	I/R	NA	S	I/R
ERR4046758	I/R	NA	NA	NA	NA	NA	I/R	I/R	I/R	S	I/R	I/R	NA	S	I/R
ERR4046762	I/R	NA	NA	NA	NA	NA	I/R	I/R	S	S	I/R	I/R	NA	S	I/R
ERR4139255	I/R	NA	NA	NA	NA	NA	I/R	I/R	S	S	I/R	I/R	NA	S	I/R
ERR2710627	I/R	NA	I/R	NA	NA	I/R	I/R	I/R	I/R	I/R	I/R	I/R	I/R	S	I/R
ERR2710628	I/R	NA	I/R	NA	NA	I/R	I/R	I/R	S	I/R	I/R	I/R	I/R	S	I/R
ERR2710750	I/R	NA	I/R	NA	NA	I/R	I/R	I/R	S	I/R	I/R	I/R	I/R	S	I/R
ERR2710629	I/R	NA	I/R	NA	NA	I/R	S	S	S	S	S	I/R	I/R	S	I/R
ERR2710630	I/R	NA	I/R	NA	NA	I/R	S	I/R	S	S	S	I/R	I/R	S	I/R
ERR2710631	I/R	NA	I/R	NA	NA	I/R	S	I/R	S	S	S	I/R	I/R	S	I/R
ERR2710632	I/R	NA	I/R	NA	NA	I/R	I/R	S	S	S	S	I/R	I/R	S	I/R
ERR2710633	I/R	NA	I/R	NA	NA	I/R	I/R	I/R	S	S	S	I/R	I/R	S	I/R
ERR2710699	I/R	NA	I/R	NA	NA	I/R	I/R	I/R	S	I/R	S	I/R	I/R	S	I/R
ERR2710621	I/R	NA	I/R	NA	NA	I/R	S	S	S	S	S	I/R	I/R	S	I/R
ERR2710622	I/R	NA	I/R	NA	NA	I/R	S	I/R	S	S	I/R	I/R	I/R	S	I/R
ERR2710700	I/R	NA	I/R	NA	NA	I/R	I/R	I/R	S	S	S	I/R	I/R	S	I/R
ERR2710751	I/R	NA	I/R	NA	NA	I/R	I/R	I/R	S	I/R	S	I/R	I/R	S	I/R
ERR2710623	I/R	NA	I/R	NA	NA	I/R	I/R	I/R	S	I/R	I/R	I/R	I/R	S	I/R
ERR2710624	I/R	NA	I/R	NA	NA	I/R	I/R	I/R	S	S	I/R	I/R	S	S	I/R
ERR2710625	I/R	NA	I/R	NA	NA	I/R	S	S	S	S	S	I/R	I/R	S	I/R
ERR2710626	I/R	NA	I/R	NA	NA	I/R	I/R	I/R	S	I/R	I/R	I/R	I/R	S	I/R
ERR2710634	I/R	NA	I/R	NA	NA	I/R	S	I/R	S	I/R	S	I/R	I/R	S	I/R
ERR2710635	I/R	NA	I/R	NA	NA	I/R	I/R	I/R	S	I/R	I/R	I/R	I/R	S	I/R
ERR2710701	I/R	NA	I/R	NA	NA	I/R	I/R	I/R	S	S	S	I/R	I/R	S	I/R
ERR2710636	I/R	NA	I/R	NA	NA	I/R	S	I/R	S	S	S	I/R	I/R	S	I/R
ERR2710637	I/R	NA	I/R	NA	NA	I/R	I/R	I/R	S	I/R	S	I/R	I/R	S	I/R
ERR2710638	I/R	NA	I/R	NA	NA	I/R	I/R	I/R	S	I/R	I/R	I/R	I/R	S	I/R
ERR2710639	I/R	NA	I/R	NA	NA	I/R	S	I/R	S	S	I/R	I/R	I/R	S	I/R
ERR2710640	I/R	NA	S	NA	NA	I/R	I/R	I/R	S	S	I/R	I/R	S	S	I/R
ERR2710752	I/R	NA	I/R	NA	NA	I/R	S	S	S	S	S	I/R	I/R	S	I/R
ERR2710641	I/R	NA	I/R	NA	NA	I/R	I/R	I/R	S	S	I/R	I/R	I/R	S	I/R
ERR2710642	I/R	NA	I/R	NA	NA	I/R	S	I/R	S	S	S	I/R	I/R	S	I/R
ERR2710702	I/R	NA	I/R	NA	NA	I/R	I/R	I/R	S	S	S	I/R	I/R	S	I/R
ERR2710643	I/R	NA	I/R	NA	NA	I/R	I/R	I/R	S	I/R	I/R	I/R	I/R	S	I/R
ERR2710753	I/R	NA	I/R	NA	NA	I/R	I/R	I/R	S	S	S	I/R	S	S	I/R
ERR2710644	I/R	NA	I/R	NA	NA	I/R	S	I/R	S	S	S	I/R	I/R	S	I/R
ERR2710645	I/R	NA	S	NA	NA	I/R	I/R	I/R	S	S	I/R	I/R	I/R	S	I/R
ERR2710646	I/R	NA	S	NA	NA	I/R	I/R	I/R	S	S	S	I/R	I/R	S	I/R
ERR2710754	I/R	NA	S	NA	NA	I/R	I/R	I/R	S	S	S	I/R	I/R	S	I/R
ERR2710647	I/R	NA	I/R	NA	NA	I/R	S	I/R	S	S	I/R	I/R	I/R	S	I/R
ERR2710648	I/R	NA	I/R	NA	NA	I/R	I/R	I/R	S	S	I/R	I/R	I/R	S	I/R
ERR2710649	I/R	NA	I/R	NA	NA	I/R	I/R	I/R	S	I/R	I/R	I/R	I/R	S	I/R
ERR2710650	I/R	NA	S	NA	NA	I/R	I/R	I/R	S	S	S	I/R	I/R	S	I/R
ERR2710651	I/R	NA	I/R	NA	NA	I/R	I/R	I/R	S	I/R	I/R	I/R	I/R	S	I/R
ERR2710652	I/R	NA	I/R	NA	NA	I/R	I/R	I/R	S	I/R	I/R	I/R	I/R	S	I/R
ERR2710653	I/R	NA	I/R	NA	NA	I/R	I/R	I/R	S	S	S	I/R	I/R	S	I/R
ERR2710797	I/R	NA	I/R	NA	NA	I/R	I/R	I/R	S	I/R	I/R	I/R	I/R	S	I/R
ERR2710654	I/R	NA	I/R	NA	NA	I/R	I/R	I/R	S	S	I/R	S	I/R	S	I/R
ERR2710655	I/R	NA	I/R	NA	NA	I/R	I/R	I/R	S	S	I/R	I/R	I/R	I/R	I/R
ERR2710656	I/R	NA	I/R	NA	NA	I/R	I/R	I/R	S	I/R	S	I/R	I/R	S	I/R
ERR2710657	I/R	NA	I/R	NA	NA	I/R	I/R	I/R	S	I/R	I/R	I/R	I/R	S	I/R
ERR2710757	I/R	NA	I/R	NA	NA	I/R	I/R	I/R	S	I/R	I/R	I/R	I/R	S	I/R
ERR2710658	I/R	NA	I/R	NA	NA	I/R	I/R	I/R	S	S	I/R	I/R	I/R	S	I/R
ERR2710659	I/R	NA	I/R	NA	NA	I/R	S	I/R	S	S	I/R	I/R	I/R	S	I/R
ERR2710660	I/R	NA	I/R	NA	NA	I/R	S	I/R	S	S	I/R	I/R	I/R	S	I/R
ERR2710661	I/R	NA	I/R	NA	NA	I/R	S	I/R	S	S	I/R	I/R	I/R	S	I/R
ERR2710662	I/R	NA	I/R	NA	NA	I/R	I/R	I/R	S	S	S	I/R	I/R	S	I/R
ERR2710663	I/R	NA	I/R	NA	NA	I/R	I/R	I/R	S	S	S	I/R	I/R	I/R	I/R
ERR2710664	I/R	NA	S	NA	NA	I/R	I/R	I/R	S	S	S	I/R	I/R	S	I/R
ERR2710665	I/R	NA	I/R	NA	NA	I/R	I/R	I/R	S	I/R	I/R	I/R	I/R	S	I/R
ERR2710666	I/R	NA	I/R	NA	NA	I/R	I/R	I/R	S	S	I/R	I/R	I/R	I/R	I/R
ERR2710667	I/R	NA	S	NA	NA	I/R	I/R	S	S	S	S	I/R	I/R	S	I/R
ERR2710668	I/R	NA	I/R	NA	NA	I/R	S	I/R	S	S	I/R	I/R	I/R	S	I/R
ERR2710669	I/R	NA	I/R	NA	NA	I/R	I/R	I/R	S	I/R	S	I/R	I/R	I/R	I/R
ERR2710670	I/R	NA	I/R	NA	NA	I/R	I/R	I/R	S	S	S	I/R	I/R	I/R	I/R
ERR2710671	I/R	NA	I/R	NA	NA	I/R	I/R	I/R	S	I/R	S	I/R	I/R	S	I/R
ERR2710672	I/R	NA	I/R	NA	NA	I/R	I/R	I/R	S	I/R	I/R	I/R	I/R	S	I/R
ERR2710673	I/R	NA	I/R	NA	NA	I/R	S	I/R	S	S	I/R	I/R	I/R	S	I/R
ERR2710674	I/R	NA	I/R	NA	NA	I/R	I/R	I/R	S	I/R	S	S	S	S	S
ERR2710675	I/R	NA	I/R	NA	NA	I/R	I/R	I/R	S	I/R	I/R	I/R	I/R	S	I/R
ERR2710676	I/R	NA	I/R	NA	NA	I/R	I/R	I/R	S	S	I/R	I/R	I/R	I/R	I/R
ERR2710677	I/R	NA	I/R	NA	NA	I/R	I/R	I/R	S	I/R	I/R	I/R	S	S	I/R
ERR2710678	I/R	NA	I/R	NA	NA	I/R	S	I/R	S	S	I/R	I/R	I/R	S	I/R
ERR2710679	I/R	NA	I/R	NA	NA	I/R	S	I/R	S	S	I/R	I/R	I/R	S	I/R
ERR2710680	I/R	NA	I/R	NA	NA	I/R	I/R	I/R	S	I/R	I/R	I/R	I/R	S	I/R
ERR2710681	I/R	NA	I/R	NA	NA	I/R	I/R	I/R	S	S	I/R	I/R	I/R	I/R	I/R
ERR2710682	I/R	NA	I/R	NA	NA	I/R	I/R	I/R	S	I/R	S	I/R	I/R	S	I/R
ERR2710683	I/R	NA	I/R	NA	NA	I/R	I/R	I/R	S	I/R	S	S	I/R	S	S
ERR2710684	I/R	NA	I/R	NA	NA	I/R	S	I/R	S	S	I/R	I/R	I/R	S	I/R
ERR2710685	I/R	NA	I/R	NA	NA	I/R	I/R	I/R	S	I/R	I/R	I/R	I/R	S	I/R
ERR2710686	I/R	NA	I/R	NA	NA	I/R	S	I/R	S	S	I/R	I/R	I/R	S	I/R
ERR2710687	I/R	NA	I/R	NA	NA	I/R	S	I/R	S	S	I/R	I/R	I/R	S	I/R
ERR2710688	I/R	NA	I/R	NA	NA	I/R	I/R	I/R	S	I/R	S	I/R	I/R	I/R	I/R
ERR2710689	I/R	NA	I/R	NA	NA	I/R	I/R	I/R	S	S	I/R	I/R	I/R	I/R	I/R
ERR2710690	I/R	NA	I/R	NA	NA	I/R	S	I/R	S	S	I/R	I/R	I/R	S	I/R
ERR2710703	I/R	NA	I/R	NA	NA	I/R	I/R	I/R	S	I/R	S	I/R	I/R	S	I/R
ERR2710704	I/R	NA	I/R	NA	NA	I/R	I/R	I/R	S	I/R	S	I/R	I/R	S	I/R
ERR2710691	I/R	NA	I/R	NA	NA	I/R	S	I/R	S	S	I/R	I/R	I/R	S	I/R
ERR2710692	I/R	NA	I/R	NA	NA	I/R	S	I/R	S	S	I/R	I/R	I/R	S	I/R
ERR2710693	I/R	NA	I/R	NA	NA	I/R	I/R	I/R	S	I/R	I/R	I/R	I/R	S	I/R
ERR2710694	I/R	NA	I/R	NA	NA	I/R	I/R	I/R	S	I/R	S	I/R	I/R	S	I/R
ERR2710695	I/R	NA	I/R	NA	NA	I/R	I/R	I/R	S	I/R	I/R	I/R	I/R	S	I/R
ERR2710696	I/R	NA	I/R	NA	NA	I/R	I/R	I/R	S	I/R	I/R	I/R	I/R	S	I/R
ERR2710697	I/R	NA	I/R	NA	NA	I/R	I/R	I/R	S	I/R	I/R	I/R	I/R	I/R	I/R
ERR2710705	I/R	NA	I/R	NA	NA	I/R	I/R	I/R	S	S	S	I/R	I/R	S	I/R
ERR2710698	I/R	NA	I/R	NA	NA	I/R	I/R	I/R	S	I/R	S	I/R	I/R	S	I/R
ERR2710758	I/R	NA	I/R	NA	NA	I/R	I/R	I/R	S	I/R	I/R	I/R	I/R	I/R	I/R
ERR2710706	I/R	NA	I/R	NA	NA	I/R	I/R	I/R	S	I/R	I/R	I/R	I/R	S	I/R
ERR2710707	I/R	NA	I/R	NA	NA	I/R	I/R	I/R	S	I/R	I/R	I/R	I/R	S	I/R
ERR2710759	I/R	NA	I/R	NA	NA	I/R	I/R	I/R	S	S	S	I/R	I/R	S	I/R
ERR2710789	I/R	NA	I/R	NA	NA	I/R	I/R	I/R	S	I/R	S	I/R	I/R	S	I/R
ERR2710760	I/R	NA	I/R	NA	NA	I/R	I/R	I/R	S	S	I/R	I/R	I/R	S	I/R
ERR2710708	I/R	NA	S	NA	NA	I/R	I/R	I/R	S	S	S	I/R	I/R	S	I/R
ERR2710709	I/R	NA	I/R	NA	NA	I/R	I/R	I/R	S	S	I/R	S	I/R	S	I/R
ERR2710710	I/R	NA	I/R	NA	NA	I/R	I/R	I/R	S	I/R	I/R	I/R	I/R	S	I/R
ERR2710711	I/R	NA	I/R	NA	NA	I/R	I/R	I/R	S	I/R	I/R	I/R	I/R	S	I/R
ERR2710761	I/R	NA	I/R	NA	NA	I/R	I/R	I/R	S	S	S	I/R	I/R	S	I/R
ERR2710762	I/R	NA	I/R	NA	NA	I/R	I/R	I/R	S	I/R	I/R	I/R	I/R	I/R	I/R
ERR2710763	I/R	NA	I/R	NA	NA	I/R	I/R	S	S	I/R	S	S	I/R	S	I/R
ERR2710712	I/R	NA	I/R	NA	NA	I/R	I/R	I/R	S	I/R	I/R	I/R	I/R	S	I/R
ERR2710713	I/R	NA	I/R	NA	NA	I/R	I/R	I/R	S	S	S	I/R	I/R	S	I/R
ERR2710764	I/R	NA	I/R	NA	NA	I/R	I/R	I/R	S	S	S	I/R	I/R	S	I/R
ERR2710714	I/R	NA	NA	NA	NA	I/R	I/R	I/R	S	S	NA	I/R	I/R	S	I/R
ERR2719537	I/R	NA	I/R	NA	NA	I/R	S	I/R	S	S	I/R	I/R	I/R	S	I/R
ERR2719588	I/R	NA	I/R	NA	NA	I/R	I/R	I/R	S	I/R	I/R	I/R	I/R	S	I/R
ERR2719538	I/R	NA	I/R	NA	NA	I/R	I/R	I/R	S	S	I/R	I/R	I/R	S	I/R
ERR2719539	I/R	NA	I/R	NA	NA	I/R	I/R	I/R	S	S	I/R	I/R	S	S	I/R
ERR2719540	I/R	NA	I/R	NA	NA	I/R	I/R	I/R	S	I/R	I/R	I/R	I/R	I/R	I/R
ERR2719541	I/R	NA	I/R	NA	NA	I/R	S	I/R	S	S	S	I/R	I/R	S	I/R
ERR2719542	I/R	NA	I/R	NA	NA	I/R	I/R	I/R	S	S	S	I/R	I/R	S	I/R
ERR2719543	I/R	NA	I/R	NA	NA	I/R	I/R	I/R	S	I/R	I/R	I/R	I/R	S	I/R
ERR2719544	I/R	NA	I/R	NA	NA	I/R	I/R	S	S	S	S	I/R	I/R	S	I/R
ERR2719545	I/R	NA	I/R	NA	NA	I/R	I/R	I/R	S	I/R	I/R	I/R	I/R	S	I/R
ERR2719546	I/R	NA	I/R	NA	NA	I/R	I/R	I/R	S	I/R	I/R	I/R	I/R	S	I/R
ERR2719547	I/R	NA	I/R	NA	NA	I/R	I/R	I/R	S	I/R	I/R	I/R	I/R	S	I/R
ERR2719548	I/R	NA	I/R	NA	NA	I/R	I/R	I/R	S	I/R	I/R	I/R	I/R	S	I/R
ERR2719549	I/R	NA	I/R	NA	NA	I/R	I/R	S	S	S	S	I/R	I/R	S	I/R
ERR2719550	I/R	NA	I/R	NA	NA	I/R	I/R	I/R	S	I/R	S	I/R	I/R	S	I/R
ERR2719589	I/R	NA	I/R	NA	NA	I/R	I/R	I/R	S	S	S	I/R	I/R	S	I/R
ERR2710765	I/R	NA	I/R	NA	NA	I/R	I/R	I/R	S	I/R	I/R	I/R	I/R	S	I/R
ERR2719554	I/R	NA	I/R	NA	NA	I/R	I/R	I/R	S	I/R	I/R	I/R	I/R	S	I/R
ERR2710766	I/R	NA	I/R	NA	NA	I/R	I/R	I/R	S	S	S	I/R	I/R	S	I/R
ERR2710767	I/R	NA	I/R	NA	NA	I/R	I/R	I/R	S	S	S	I/R	I/R	S	I/R
ERR2710796	I/R	NA	I/R	NA	NA	I/R	I/R	I/R	S	I/R	I/R	I/R	I/R	S	I/R
ERR2719555	I/R	NA	I/R	NA	NA	I/R	I/R	I/R	S	I/R	S	I/R	I/R	S	I/R
ERR2719556	I/R	NA	I/R	NA	NA	I/R	I/R	S	S	I/R	S	I/R	I/R	S	I/R
ERR2710768	I/R	NA	I/R	NA	NA	I/R	I/R	I/R	S	S	I/R	I/R	I/R	S	I/R
ERR2719557	I/R	NA	I/R	NA	NA	I/R	I/R	I/R	S	S	S	I/R	I/R	S	I/R
ERR2719558	I/R	NA	I/R	NA	NA	I/R	I/R	I/R	S	S	S	I/R	S	S	I/R
ERR2719559	I/R	NA	I/R	NA	NA	I/R	I/R	I/R	S	S	I/R	I/R	I/R	S	I/R
ERR2719560	I/R	NA	I/R	NA	NA	I/R	I/R	I/R	S	S	S	I/R	I/R	I/R	I/R
ERR2710769	I/R	NA	I/R	NA	NA	I/R	I/R	I/R	S	I/R	S	I/R	I/R	S	I/R
ERR2719561	I/R	NA	I/R	NA	NA	I/R	I/R	I/R	S	I/R	S	I/R	I/R	S	I/R
ERR2719562	I/R	NA	I/R	NA	NA	I/R	I/R	I/R	S	I/R	S	I/R	I/R	S	I/R
ERR2719563	I/R	NA	I/R	NA	NA	I/R	I/R	I/R	S	I/R	S	I/R	I/R	S	I/R
ERR2719564	I/R	NA	I/R	NA	NA	I/R	I/R	I/R	S	S	I/R	S	I/R	S	I/R
ERR2719590	I/R	NA	I/R	NA	NA	I/R	I/R	I/R	S	S	I/R	I/R	I/R	S	I/R
ERR2710790	I/R	NA	I/R	NA	NA	I/R	I/R	I/R	S	I/R	I/R	I/R	S	S	I/R
ERR2719565	I/R	NA	I/R	NA	NA	I/R	I/R	I/R	S	I/R	I/R	I/R	S	S	I/R
ERR2710770	I/R	NA	I/R	NA	NA	I/R	I/R	I/R	S	I/R	I/R	I/R	I/R	S	I/R
ERR2719566	I/R	NA	I/R	NA	NA	I/R	I/R	I/R	S	I/R	I/R	I/R	I/R	S	I/R
ERR2719567	I/R	NA	I/R	NA	NA	I/R	I/R	I/R	S	I/R	S	S	I/R	S	I/R
ERR2719569	I/R	NA	I/R	NA	NA	I/R	I/R	I/R	S	S	S	I/R	I/R	S	I/R
ERR2710771	I/R	NA	I/R	NA	NA	I/R	I/R	I/R	S	S	I/R	I/R	S	S	I/R
ERR2719570	I/R	NA	I/R	NA	NA	I/R	I/R	I/R	S	S	S	I/R	I/R	S	I/R
ERR2719591	I/R	NA	I/R	NA	NA	I/R	I/R	S	S	S	I/R	I/R	I/R	S	I/R
ERR2719571	I/R	NA	I/R	NA	NA	I/R	I/R	I/R	S	S	S	I/R	I/R	I/R	I/R
ERR2719572	I/R	NA	I/R	NA	NA	I/R	I/R	I/R	S	I/R	I/R	I/R	I/R	S	I/R
ERR2719573	I/R	NA	I/R	NA	NA	I/R	S	I/R	S	S	I/R	I/R	I/R	S	I/R
ERR2719574	I/R	NA	I/R	NA	NA	I/R	I/R	I/R	S	S	I/R	I/R	I/R	S	I/R
ERR2719592	I/R	NA	I/R	NA	NA	I/R	I/R	I/R	S	I/R	I/R	I/R	I/R	S	I/R
ERR2710772	I/R	NA	I/R	NA	NA	I/R	I/R	I/R	S	I/R	I/R	I/R	I/R	S	I/R
ERR2719575	I/R	NA	I/R	NA	NA	I/R	S	S	S	S	S	I/R	I/R	S	I/R
ERR2719576	I/R	NA	I/R	NA	NA	I/R	I/R	I/R	S	S	I/R	S	I/R	S	I/R
ERR2719577	I/R	NA	I/R	NA	NA	I/R	I/R	I/R	S	S	I/R	I/R	I/R	S	I/R
ERR2719578	I/R	NA	I/R	NA	NA	I/R	I/R	I/R	S	I/R	I/R	I/R	I/R	S	I/R
ERR2719579	I/R	NA	I/R	NA	NA	I/R	I/R	I/R	S	I/R	S	I/R	I/R	S	I/R
ERR2719580	I/R	NA	I/R	NA	NA	I/R	I/R	I/R	S	S	S	I/R	I/R	I/R	I/R
ERR2719581	I/R	NA	I/R	NA	NA	I/R	S	I/R	S	S	I/R	I/R	I/R	S	I/R
ERR2719582	I/R	NA	I/R	NA	NA	I/R	I/R	I/R	S	I/R	I/R	I/R	I/R	S	I/R
ERR2719583	I/R	NA	I/R	NA	NA	I/R	I/R	I/R	S	S	I/R	I/R	I/R	S	I/R
ERR2710773	I/R	NA	I/R	NA	NA	I/R	I/R	I/R	S	I/R	I/R	I/R	I/R	I/R	I/R
ERR2719584	I/R	NA	I/R	NA	NA	I/R	I/R	I/R	S	I/R	I/R	I/R	I/R	S	I/R
ERR2719585	I/R	NA	I/R	NA	NA	I/R	I/R	I/R	S	S	I/R	I/R	S	S	I/R
ERR2719586	I/R	NA	I/R	NA	NA	I/R	I/R	I/R	S	S	I/R	I/R	S	S	I/R
ERR2719587	I/R	NA	S	NA	NA	I/R	I/R	I/R	S	S	S	I/R	S	S	I/R
ERR2719593	I/R	NA	I/R	NA	NA	I/R	S	I/R	S	S	I/R	I/R	I/R	S	I/R
ERR2710774	I/R	NA	I/R	NA	NA	I/R	I/R	I/R	S	S	I/R	I/R	S	S	I/R
ERR2710775	I/R	NA	I/R	NA	NA	I/R	I/R	I/R	S	S	I/R	I/R	S	S	I/R
ERR2719594	I/R	NA	I/R	NA	NA	I/R	I/R	I/R	S	I/R	I/R	I/R	S	S	I/R
ERR2719595	I/R	NA	I/R	NA	NA	I/R	I/R	I/R	S	S	S	I/R	I/R	S	I/R
ERR2710776	I/R	NA	I/R	NA	NA	I/R	I/R	I/R	S	S	S	I/R	I/R	S	I/R
ERR2719596	I/R	NA	I/R	NA	NA	I/R	I/R	I/R	S	I/R	S	I/R	I/R	I/R	I/R
ERR2719597	I/R	NA	I/R	NA	NA	I/R	I/R	I/R	S	S	S	I/R	I/R	S	I/R
ERR2710777	I/R	NA	I/R	NA	NA	I/R	S	I/R	S	I/R	I/R	I/R	I/R	S	I/R
ERR2719598	I/R	NA	I/R	NA	NA	I/R	I/R	I/R	S	S	S	I/R	I/R	I/R	I/R
ERR2719599	I/R	NA	I/R	NA	NA	I/R	S	I/R	S	S	I/R	I/R	I/R	S	I/R
ERR2719600	I/R	NA	I/R	NA	NA	I/R	S	I/R	S	S	I/R	I/R	I/R	S	I/R
ERR2719601	I/R	NA	I/R	NA	NA	I/R	S	I/R	S	S	I/R	I/R	I/R	S	I/R
ERR2719602	I/R	NA	I/R	NA	NA	I/R	I/R	I/R	S	I/R	S	I/R	I/R	S	I/R
ERR2719603	I/R	NA	S	NA	NA	I/R	I/R	I/R	S	S	S	I/R	I/R	S	I/R
ERR2719604	I/R	NA	I/R	NA	NA	I/R	I/R	I/R	S	S	I/R	I/R	S	S	I/R
ERR2719606	I/R	NA	I/R	NA	NA	I/R	I/R	I/R	S	S	I/R	I/R	S	S	I/R
ERR2710778	I/R	NA	S	NA	NA	I/R	I/R	I/R	S	S	S	I/R	I/R	S	I/R
ERR2710779	I/R	NA	I/R	NA	NA	I/R	S	I/R	S	S	I/R	I/R	I/R	S	I/R
ERR2710780	I/R	NA	I/R	NA	NA	I/R	I/R	I/R	S	I/R	I/R	I/R	S	S	I/R
ERR2719608	I/R	NA	I/R	NA	NA	I/R	I/R	I/R	S	S	I/R	I/R	S	S	I/R
ERR2710792	I/R	NA	S	NA	NA	I/R	I/R	I/R	S	S	NA	I/R	I/R	S	I/R
ERR2719609	I/R	NA	I/R	NA	NA	I/R	I/R	I/R	S	S	I/R	I/R	I/R	S	I/R
ERR2719611	I/R	NA	I/R	NA	NA	I/R	I/R	I/R	S	I/R	I/R	I/R	I/R	S	I/R
ERR2719612	I/R	NA	I/R	NA	NA	I/R	I/R	I/R	S	I/R	I/R	I/R	I/R	S	I/R
ERR2719613	I/R	NA	I/R	NA	NA	I/R	S	I/R	S	S	I/R	I/R	I/R	S	I/R
ERR2710793	I/R	NA	S	NA	NA	I/R	I/R	I/R	S	S	S	I/R	I/R	S	I/R
ERR2710781	I/R	NA	S	NA	NA	I/R	S	S	S	S	S	I/R	I/R	S	I/R
ERR2710794	I/R	NA	S	NA	NA	I/R	I/R	I/R	S	S	NA	I/R	I/R	S	I/R
ERR2719614	I/R	NA	I/R	NA	NA	I/R	I/R	I/R	S	S	I/R	I/R	I/R	S	I/R
ERR2710782	I/R	NA	S	NA	NA	I/R	I/R	I/R	S	S	S	I/R	I/R	S	I/R
ERR2719615	I/R	NA	I/R	NA	NA	I/R	I/R	I/R	S	I/R	I/R	I/R	I/R	S	I/R
ERR2719616	I/R	NA	I/R	NA	NA	I/R	I/R	I/R	I/R	I/R	I/R	I/R	I/R	S	I/R
ERR2719617	I/R	NA	I/R	NA	NA	I/R	S	I/R	S	S	I/R	I/R	I/R	S	I/R
ERR2719618	I/R	NA	I/R	NA	NA	I/R	I/R	I/R	S	S	I/R	I/R	I/R	S	I/R
ERR2719619	I/R	NA	I/R	NA	NA	I/R	I/R	I/R	S	I/R	S	I/R	I/R	S	I/R
ERR2719620	I/R	NA	I/R	NA	NA	I/R	I/R	I/R	S	S	I/R	I/R	I/R	S	I/R
ERR2719621	I/R	NA	I/R	NA	NA	I/R	I/R	I/R	S	S	S	I/R	I/R	S	I/R
ERR2719622	I/R	NA	I/R	NA	NA	I/R	I/R	I/R	S	I/R	I/R	I/R	I/R	S	I/R
ERR2719623	I/R	NA	I/R	NA	NA	I/R	I/R	I/R	S	S	I/R	I/R	I/R	S	I/R
ERR2719624	I/R	NA	I/R	NA	NA	I/R	I/R	I/R	S	S	S	I/R	I/R	S	I/R
ERR2710715	I/R	NA	I/R	NA	NA	I/R	I/R	I/R	S	S	I/R	I/R	I/R	S	I/R
ERR2710716	I/R	NA	I/R	NA	NA	I/R	I/R	I/R	S	S	I/R	I/R	I/R	S	I/R
ERR2710717	I/R	NA	I/R	NA	NA	I/R	I/R	I/R	S	I/R	S	I/R	I/R	S	I/R
ERR2710718	I/R	NA	S	NA	NA	I/R	I/R	I/R	S	S	S	I/R	I/R	S	I/R
ERR2710795	I/R	NA	S	NA	NA	I/R	I/R	I/R	S	S	S	I/R	I/R	S	I/R
ERR2710720	I/R	NA	I/R	NA	NA	I/R	I/R	I/R	S	S	I/R	S	I/R	S	I/R
ERR2710721	I/R	NA	I/R	NA	NA	I/R	I/R	I/R	S	I/R	I/R	I/R	I/R	S	I/R
ERR2710722	I/R	NA	I/R	NA	NA	I/R	I/R	I/R	S	I/R	I/R	I/R	I/R	S	I/R
ERR2710723	I/R	NA	S	NA	NA	I/R	I/R	I/R	S	S	S	I/R	I/R	S	I/R
ERR2710724	I/R	NA	I/R	NA	NA	I/R	I/R	I/R	S	S	I/R	I/R	I/R	S	I/R
ERR2710783	I/R	NA	I/R	NA	NA	I/R	I/R	I/R	S	S	I/R	I/R	I/R	S	I/R
ERR2710725	I/R	NA	I/R	NA	NA	I/R	I/R	I/R	S	I/R	S	I/R	I/R	I/R	I/R
ERR2710784	I/R	NA	I/R	NA	NA	I/R	I/R	I/R	S	I/R	S	I/R	I/R	S	I/R
ERR2710726	I/R	NA	I/R	NA	NA	I/R	I/R	I/R	S	I/R	I/R	I/R	I/R	S	I/R
ERR2710727	I/R	NA	S	NA	NA	I/R	S	S	S	S	S	I/R	I/R	S	I/R
ERR2710728	I/R	NA	S	NA	NA	I/R	I/R	I/R	S	S	S	I/R	I/R	S	I/R
ERR2710729	I/R	NA	I/R	NA	NA	I/R	I/R	I/R	S	I/R	I/R	I/R	S	S	I/R
ERR2710730	I/R	NA	I/R	NA	NA	I/R	I/R	I/R	S	I/R	I/R	I/R	I/R	I/R	I/R
ERR2710731	I/R	NA	I/R	NA	NA	I/R	I/R	I/R	S	S	I/R	I/R	I/R	S	I/R
ERR2710785	I/R	NA	I/R	NA	NA	I/R	I/R	I/R	S	I/R	I/R	I/R	I/R	S	I/R
ERR2710732	I/R	NA	I/R	NA	NA	I/R	I/R	I/R	S	I/R	S	I/R	I/R	S	I/R
ERR2710733	I/R	NA	I/R	NA	NA	I/R	I/R	I/R	S	I/R	I/R	I/R	I/R	S	I/R
ERR2710734	I/R	NA	I/R	NA	NA	I/R	I/R	I/R	S	I/R	I/R	I/R	I/R	S	I/R
ERR2710786	I/R	NA	I/R	NA	NA	I/R	I/R	I/R	S	I/R	I/R	I/R	I/R	S	I/R
ERR2710735	I/R	NA	I/R	NA	NA	I/R	I/R	I/R	S	I/R	I/R	I/R	S	S	I/R
ERR2710736	I/R	NA	I/R	NA	NA	I/R	I/R	I/R	S	I/R	I/R	I/R	S	S	I/R
ERR2710787	I/R	NA	I/R	NA	NA	I/R	I/R	I/R	S	I/R	I/R	I/R	S	S	I/R
ERR2710788	I/R	NA	I/R	NA	NA	I/R	I/R	I/R	S	I/R	I/R	I/R	S	S	I/R
ERR2710738	I/R	NA	I/R	NA	NA	I/R	I/R	I/R	I/R	S	S	I/R	S	S	I/R
ERR2710739	I/R	NA	I/R	NA	NA	I/R	I/R	I/R	S	I/R	I/R	I/R	I/R	S	I/R
GCA_004152605.1	NA	NA	NA	I/R	NA	NA	NA	NA	I/R	NA	NA	NA	NA	NA	S
GCA_004152285.1	NA	NA	NA	I/R	NA	NA	NA	NA	I/R	NA	NA	NA	NA	NA	I/R
GCA_004152305.1	NA	NA	NA	I/R	NA	NA	NA	NA	I/R	NA	NA	NA	NA	NA	I/R
GCA_004152585.1	NA	NA	NA	I/R	NA	NA	NA	NA	I/R	NA	NA	NA	NA	NA	S
GCA_004152265.1	NA	NA	NA	I/R	NA	NA	NA	NA	I/R	NA	NA	NA	NA	NA	I/R
GCA_004152575.1	NA	NA	NA	S	NA	NA	NA	NA	I/R	NA	NA	NA	NA	NA	I/R
GCA_004152275.1	NA	NA	NA	I/R	NA	NA	NA	NA	I/R	NA	NA	NA	NA	NA	S
GCA_004152225.1	NA	NA	NA	I/R	NA	NA	NA	NA	I/R	NA	NA	NA	NA	NA	S
GCA_004152205.1	NA	NA	NA	I/R	NA	NA	NA	NA	I/R	NA	NA	NA	NA	NA	S
GCA_004152565.1	NA	NA	NA	I/R	NA	NA	NA	NA	I/R	NA	NA	NA	NA	NA	S
GCA_004152185.1	NA	NA	NA	I/R	NA	NA	NA	NA	I/R	NA	NA	NA	NA	NA	I/R
GCA_004152175.1	NA	NA	NA	I/R	NA	NA	NA	NA	I/R	NA	NA	NA	NA	NA	S
GCA_004152505.1	NA	NA	NA	I/R	NA	NA	NA	NA	I/R	NA	NA	NA	NA	NA	S
GCA_004152515.1	NA	NA	NA	I/R	NA	NA	NA	NA	I/R	NA	NA	NA	NA	NA	S
GCA_004152165.1	NA	NA	NA	I/R	NA	NA	NA	NA	I/R	NA	NA	NA	NA	NA	S
GCA_004152135.1	NA	NA	NA	I/R	NA	NA	NA	NA	I/R	NA	NA	NA	NA	NA	S
GCA_004152485.1	NA	NA	NA	I/R	NA	NA	NA	NA	I/R	NA	NA	NA	NA	NA	S
GCA_004152105.1	NA	NA	NA	I/R	NA	NA	NA	NA	I/R	NA	NA	NA	NA	NA	S
GCA_004152085.1	NA	NA	NA	I/R	NA	NA	NA	NA	I/R	NA	NA	NA	NA	NA	I/R
GCA_004152475.1	NA	NA	NA	I/R	NA	NA	NA	NA	I/R	NA	NA	NA	NA	NA	S
GCA_004152065.1	NA	NA	NA	I/R	NA	NA	NA	NA	I/R	NA	NA	NA	NA	NA	S
GCA_004152075.1	NA	NA	NA	I/R	NA	NA	NA	NA	I/R	NA	NA	NA	NA	NA	S
GCA_004152465.1	NA	NA	NA	I/R	NA	NA	NA	NA	I/R	NA	NA	NA	NA	NA	S
GCA_004152005.1	NA	NA	NA	I/R	NA	NA	NA	NA	I/R	NA	NA	NA	NA	NA	I/R
GCA_004151995.1	NA	NA	NA	I/R	NA	NA	NA	NA	I/R	NA	NA	NA	NA	NA	S
GCA_004151985.1	NA	NA	NA	I/R	NA	NA	NA	NA	I/R	NA	NA	NA	NA	NA	S
GCA_004151975.1	NA	NA	NA	I/R	NA	NA	NA	NA	I/R	NA	NA	NA	NA	NA	S
GCA_004151965.1	NA	NA	NA	I/R	NA	NA	NA	NA	I/R	NA	NA	NA	NA	NA	S
GCA_004152405.1	NA	NA	NA	I/R	NA	NA	NA	NA	I/R	NA	NA	NA	NA	NA	S
GCA_004151895.1	NA	NA	NA	I/R	NA	NA	NA	NA	I/R	NA	NA	NA	NA	NA	S
GCA_004151885.1	NA	NA	NA	I/R	NA	NA	NA	NA	I/R	NA	NA	NA	NA	NA	S
GCA_004151925.1	NA	NA	NA	I/R	NA	NA	NA	NA	I/R	NA	NA	NA	NA	NA	S
GCA_004151875.1	NA	NA	NA	I/R	NA	NA	NA	NA	I/R	NA	NA	NA	NA	NA	S
GCA_004151865.1	NA	NA	NA	I/R	NA	NA	NA	NA	I/R	NA	NA	NA	NA	NA	S
GCA_004151795.1	NA	NA	NA	I/R	NA	NA	NA	NA	I/R	NA	NA	NA	NA	NA	S
GCA_004152415.1	NA	NA	NA	I/R	NA	NA	NA	NA	S	NA	NA	NA	NA	NA	S
GCA_004151785.1	NA	NA	NA	I/R	NA	NA	NA	NA	I/R	NA	NA	NA	NA	NA	S
GCA_004151815.1	NA	NA	NA	I/R	NA	NA	NA	NA	S	NA	NA	NA	NA	NA	S
GCA_004152395.1	NA	NA	NA	I/R	NA	NA	NA	NA	S	NA	NA	NA	NA	NA	S
GCA_004151775.1	NA	NA	NA	I/R	NA	NA	NA	NA	I/R	NA	NA	NA	NA	NA	S
GCA_004151765.1	NA	NA	NA	I/R	NA	NA	NA	NA	I/R	NA	NA	NA	NA	NA	S
GCA_004152365.1	NA	NA	NA	I/R	NA	NA	NA	NA	I/R	NA	NA	NA	NA	NA	I/R
GCA_004151675.1	NA	NA	NA	I/R	NA	NA	NA	NA	I/R	NA	NA	NA	NA	NA	S
GCA_004151685.1	NA	NA	NA	I/R	NA	NA	NA	NA	S	NA	NA	NA	NA	NA	S
GCA_004152375.1	NA	NA	NA	I/R	NA	NA	NA	NA	S	NA	NA	NA	NA	NA	S
GCA_004151665.1	NA	NA	NA	I/R	NA	NA	NA	NA	S	NA	NA	NA	NA	NA	S
GCA_004151705.1	NA	NA	NA	I/R	NA	NA	NA	NA	I/R	NA	NA	NA	NA	NA	S
GCA_004152325.1	NA	NA	NA	I/R	NA	NA	NA	NA	I/R	NA	NA	NA	NA	NA	S
GCA_004151695.1	NA	NA	NA	I/R	NA	NA	NA	NA	S	NA	NA	NA	NA	NA	I/R
GCA_013310095.1	S	NA	NA	NA	I/R	I/R	I/R	NA	S	I/R	S	S	NA	S	S
GCA_013310105.1	S	NA	NA	NA	I/R	I/R	S	NA	S	I/R	S	S	NA	S	S
GCA_013310065.1	S	NA	NA	NA	I/R	I/R	S	NA	S	I/R	I/R	S	NA	S	S
GCA_013309295.1	S	NA	NA	NA	I/R	I/R	I/R	NA	S	I/R	S	S	NA	S	S
GCA_013248605.1	S	NA	NA	NA	S	I/R	S	NA	S	I/R	S	S	NA	S	S
GCA_013308915.1	S	NA	NA	NA	I/R	I/R	S	NA	I/R	I/R	S	S	NA	S	S
GCA_013308415.1	S	NA	NA	NA	S	S	S	NA	S	S	S	S	NA	S	S
GCA_013308315.1	S	NA	NA	NA	S	I/R	S	NA	S	S	S	S	NA	S	S
GCA_013308115.1	S	NA	NA	NA	I/R	I/R	S	NA	S	I/R	S	S	NA	S	S
GCA_013327785.1	S	NA	NA	NA	S	I/R	S	NA	S	I/R	S	NA	NA	S	S
GCA_013327755.1	S	NA	NA	NA	S	I/R	S	NA	S	I/R	S	NA	NA	S	S
GCA_013327775.1	S	NA	NA	NA	I/R	I/R	S	NA	S	I/R	S	NA	NA	S	S
GCA_013327735.1	S	NA	NA	NA	I/R	I/R	S	NA	S	S	S	NA	NA	S	S
GCA_013327675.1	S	NA	NA	NA	S	I/R	S	NA	S	I/R	S	NA	NA	S	S
GCA_013266515.1	S	NA	NA	NA	I/R	I/R	S	NA	S	S	S	S	NA	S	S
GCA_013327695.1	S	NA	NA	NA	S	S	S	NA	S	I/R	S	S	NA	S	S
GCA_013327685.1	S	NA	NA	NA	I/R	I/R	S	NA	S	I/R	S	S	NA	S	S
GCA_013327655.1	S	NA	NA	NA	I/R	I/R	S	NA	S	S	S	S	NA	S	S
GCA_013327635.1	I/R	NA	NA	NA	S	I/R	S	NA	S	I/R	S	S	NA	S	S
GCA_013327615.1	I/R	NA	NA	NA	I/R	I/R	S	NA	S	I/R	S	S	NA	S	S
GCA_013327595.1	S	NA	NA	NA	I/R	I/R	S	NA	S	I/R	S	S	NA	S	S
GCA_013327575.1	S	NA	NA	NA	I/R	I/R	S	NA	S	I/R	I/R	S	NA	S	S
GCA_013327535.1	S	NA	NA	NA	I/R	I/R	S	NA	S	I/R	I/R	S	NA	S	S
GCA_013327515.1	S	NA	NA	NA	I/R	I/R	S	NA	S	S	S	S	NA	S	S
GCA_013327545.1	S	NA	NA	NA	I/R	I/R	S	NA	S	S	S	S	NA	S	S
GCA_013327495.1	S	NA	NA	NA	I/R	I/R	S	NA	S	I/R	S	S	NA	S	S
GCA_013327445.1	S	NA	NA	NA	I/R	I/R	S	NA	S	I/R	S	S	NA	S	S
GCA_013327425.1	S	NA	NA	NA	S	I/R	S	NA	S	I/R	S	S	NA	S	S
GCA_013327435.1	S	NA	NA	NA	I/R	I/R	S	NA	S	I/R	S	S	NA	S	S
GCA_013327415.1	S	NA	NA	NA	I/R	I/R	S	NA	S	I/R	S	S	NA	S	S
GCA_013327395.1	S	NA	NA	NA	I/R	I/R	S	NA	S	I/R	S	S	NA	S	S
GCA_013327375.1	S	NA	NA	NA	I/R	S	S	NA	S	S	S	S	NA	S	S
GCA_013327355.1	S	NA	NA	NA	I/R	I/R	S	NA	S	S	S	S	NA	S	S
GCA_013327305.1	S	NA	NA	NA	I/R	I/R	S	NA	S	S	S	S	NA	S	S
GCA_013327295.1	S	NA	NA	NA	I/R	I/R	S	NA	S	I/R	S	S	NA	S	S
GCA_013327315.1	S	NA	NA	NA	I/R	I/R	S	NA	S	S	S	S	NA	S	S
GCA_013327265.1	S	NA	NA	NA	I/R	I/R	S	NA	S	I/R	I/R	S	NA	S	S
GCA_013327255.1	S	NA	NA	NA	I/R	I/R	S	NA	S	S	I/R	S	NA	S	S
GCA_013327205.1	S	NA	NA	NA	I/R	I/R	S	NA	S	I/R	I/R	S	NA	S	S
GCA_013327215.1	S	NA	NA	NA	I/R	I/R	S	NA	S	I/R	I/R	S	NA	S	S
GCA_013327195.1	S	NA	NA	NA	I/R	I/R	S	NA	S	S	S	S	NA	S	S
GCA_013327155.1	S	NA	NA	NA	I/R	I/R	S	NA	S	I/R	S	S	NA	S	S
GCA_013327165.1	S	NA	NA	NA	I/R	I/R	S	NA	I/R	I/R	S	S	NA	S	S
GCA_013327115.1	S	NA	NA	NA	I/R	I/R	S	NA	I/R	S	S	S	NA	S	S
GCA_013327105.1	S	NA	NA	NA	I/R	I/R	S	NA	I/R	S	S	S	NA	S	S
GCA_013327095.1	S	NA	NA	NA	I/R	I/R	S	NA	S	I/R	I/R	S	NA	S	S
GCA_013266465.1	I/R	NA	NA	NA	I/R	I/R	S	NA	I/R	I/R	I/R	S	NA	S	S
GCA_013327075.1	S	NA	NA	NA	I/R	I/R	S	NA	I/R	I/R	I/R	S	NA	S	S
GCA_013327055.1	I/R	NA	NA	NA	I/R	I/R	S	NA	S	I/R	S	S	NA	S	S
GCA_013327035.1	S	NA	NA	NA	I/R	I/R	S	NA	I/R	S	S	S	NA	S	S
GCA_013327005.1	S	NA	NA	NA	I/R	S	S	NA	S	I/R	S	S	NA	S	S
GCA_013326985.1	S	NA	NA	NA	S	I/R	S	NA	S	S	S	S	NA	S	S
GCA_013326975.1	S	NA	NA	NA	I/R	S	S	NA	S	I/R	S	S	NA	S	S
GCA_013326955.1	S	NA	NA	NA	I/R	S	S	NA	S	S	S	S	NA	S	S
GCA_013326935.1	S	NA	NA	NA	I/R	I/R	S	NA	S	S	S	S	NA	S	S
GCA_013326905.1	S	NA	NA	NA	I/R	I/R	S	NA	S	I/R	I/R	S	NA	S	S
GCA_013326875.1	S	NA	NA	NA	S	S	S	NA	S	S	S	S	NA	S	S
GCA_013326885.1	S	NA	NA	NA	I/R	I/R	S	NA	S	S	I/R	S	NA	S	S
GCA_013326855.1	S	NA	NA	NA	I/R	I/R	S	NA	I/R	I/R	I/R	S	NA	S	S
GCA_013326835.1	S	NA	NA	NA	I/R	I/R	S	NA	S	S	S	S	NA	S	S
GCA_013326785.1	S	NA	NA	NA	S	I/R	S	NA	S	I/R	S	S	NA	S	S
GCA_013326795.1	S	NA	NA	NA	I/R	I/R	S	NA	S	S	S	S	NA	S	S
GCA_013326775.1	S	NA	NA	NA	S	S	S	NA	S	S	S	S	NA	S	S
GCA_013326745.1	S	NA	NA	NA	I/R	I/R	S	NA	S	S	S	S	NA	S	S
GCA_013326735.1	S	NA	NA	NA	S	S	S	NA	S	S	S	S	NA	S	S
GCA_013326705.1	S	NA	NA	NA	S	I/R	S	NA	S	S	S	S	NA	S	S
GCA_013326685.1	S	NA	NA	NA	S	I/R	S	NA	S	S	S	S	NA	S	S
GCA_013326675.1	S	NA	NA	NA	S	I/R	S	NA	S	S	S	S	NA	S	S
GCA_013326655.1	S	NA	NA	NA	S	I/R	S	NA	S	I/R	S	S	NA	I/R	S
GCA_013326615.1	S	NA	NA	NA	I/R	I/R	S	NA	S	S	S	S	NA	S	S
GCA_013326585.1	S	NA	NA	NA	I/R	I/R	S	NA	S	S	S	S	NA	S	S
GCA_013326575.1	S	NA	NA	NA	S	I/R	S	NA	S	S	S	S	NA	S	S
GCA_013266335.1	S	NA	NA	NA	S	I/R	S	NA	S	S	S	S	NA	S	S
GCA_013326535.1	S	NA	NA	NA	I/R	I/R	S	NA	S	S	S	S	NA	S	S
GCA_013326495.1	S	NA	NA	NA	I/R	I/R	S	NA	S	I/R	S	S	NA	S	S
GCA_013326525.1	S	NA	NA	NA	S	I/R	S	NA	S	I/R	S	S	NA	S	S
GCA_013326515.1	S	NA	NA	NA	I/R	I/R	S	NA	S	I/R	S	S	NA	S	S
GCA_013326475.1	S	NA	NA	NA	I/R	I/R	S	NA	S	S	S	S	NA	S	S
GCA_013326405.1	S	NA	NA	NA	I/R	I/R	S	NA	S	I/R	S	S	NA	S	S
GCA_013326415.1	S	NA	NA	NA	I/R	I/R	S	NA	S	I/R	S	S	NA	S	S
GCA_013326425.1	S	NA	NA	NA	I/R	I/R	S	NA	S	I/R	S	S	NA	S	S
GCA_013326395.1	S	NA	NA	NA	I/R	I/R	S	NA	S	I/R	S	S	NA	S	S
GCA_013326375.1	S	NA	NA	NA	S	I/R	S	NA	S	I/R	S	S	NA	S	S
GCA_013326335.1	S	NA	NA	NA	I/R	I/R	S	NA	S	I/R	S	S	NA	S	S
GCA_013326345.1	S	NA	NA	NA	I/R	I/R	S	NA	S	I/R	I/R	S	NA	S	S
GCA_013266475.1	S	NA	NA	NA	S	S	S	NA	S	S	S	S	NA	S	S
GCA_013326295.1	S	NA	NA	NA	S	I/R	S	NA	S	S	S	S	NA	S	S
GCA_013326305.1	S	NA	NA	NA	I/R	I/R	S	NA	S	S	S	S	NA	S	S
GCA_013326275.1	S	NA	NA	NA	I/R	I/R	S	NA	S	I/R	S	S	NA	S	S
GCA_013326215.1	S	NA	NA	NA	S	I/R	S	NA	S	S	S	S	NA	S	S
GCA_013326225.1	S	NA	NA	NA	I/R	I/R	S	NA	S	I/R	S	S	NA	S	S
GCA_013326235.1	S	NA	NA	NA	I/R	I/R	S	NA	S	I/R	S	S	NA	S	S
GCA_013326195.1	S	NA	NA	NA	I/R	I/R	S	NA	S	S	S	S	NA	S	S
GCA_013326155.1	S	NA	NA	NA	I/R	I/R	S	NA	S	S	S	S	NA	S	S
GCA_013326165.1	S	NA	NA	NA	I/R	I/R	S	NA	S	S	S	S	NA	S	S
GCA_013326115.1	S	NA	NA	NA	I/R	I/R	S	NA	S	S	I/R	S	NA	S	S
GCA_013326135.1	S	NA	NA	NA	I/R	I/R	S	NA	S	S	S	S	NA	S	S
GCA_013326075.1	S	NA	NA	NA	I/R	I/R	S	NA	S	S	S	S	NA	S	S
GCA_013326085.1	I/R	NA	NA	NA	S	S	I/R	NA	S	I/R	S	S	NA	S	S
GCA_013326035.1	S	NA	NA	NA	S	S	S	NA	S	S	S	S	NA	S	S
GCA_013326055.1	S	NA	NA	NA	S	I/R	S	NA	S	S	S	S	NA	S	S
GCA_013326015.1	I/R	NA	NA	NA	I/R	I/R	S	NA	S	S	S	S	NA	S	S
GCA_013325955.1	I/R	NA	NA	NA	I/R	S	I/R	NA	S	S	S	S	NA	S	S
GCA_013325995.1	I/R	NA	NA	NA	S	I/R	S	NA	S	S	S	S	NA	S	S
GCA_013325975.1	I/R	NA	NA	NA	S	I/R	S	NA	S	S	S	S	NA	S	S
GCA_013325935.1	S	NA	NA	NA	S	I/R	S	NA	S	S	S	S	NA	S	S
GCA_013325895.1	I/R	NA	NA	NA	I/R	I/R	S	NA	S	S	S	S	NA	S	S
GCA_013325845.1	S	NA	NA	NA	S	I/R	S	NA	S	I/R	S	S	NA	S	S
GCA_013325905.1	S	NA	NA	NA	S	I/R	S	NA	S	S	S	S	NA	S	S
GCA_013325835.1	S	NA	NA	NA	S	I/R	S	NA	S	S	S	S	NA	S	S
GCA_013325795.1	I/R	NA	NA	NA	I/R	I/R	S	NA	S	I/R	I/R	S	NA	S	S
GCA_013325735.1	I/R	NA	NA	NA	S	I/R	S	NA	S	S	S	S	NA	S	S
GCA_013325755.1	I/R	NA	NA	NA	S	I/R	S	NA	S	S	S	S	NA	S	S
GCA_013325705.1	I/R	NA	NA	NA	I/R	I/R	S	NA	S	S	S	S	NA	S	S
GCA_013325695.1	I/R	NA	NA	NA	I/R	I/R	I/R	NA	S	S	S	S	NA	S	S
GCA_013325635.1	I/R	NA	NA	NA	S	I/R	S	NA	S	S	S	S	NA	S	S
GCA_013325655.1	I/R	NA	NA	NA	I/R	I/R	I/R	NA	S	S	I/R	S	NA	S	S
GCA_013325645.1	I/R	NA	NA	NA	S	I/R	S	NA	S	S	S	S	NA	S	S
GCA_013266455.1	I/R	NA	NA	NA	S	I/R	S	NA	S	S	S	S	NA	S	S
GCA_013325605.1	I/R	NA	NA	NA	S	I/R	S	NA	S	S	S	S	NA	S	S
GCA_013325595.1	I/R	NA	NA	NA	I/R	I/R	S	NA	S	S	S	S	NA	S	S
GCA_013325555.1	I/R	NA	NA	NA	S	I/R	S	NA	S	S	I/R	S	NA	S	S
GCA_013325535.1	I/R	NA	NA	NA	S	I/R	S	NA	S	S	S	S	NA	S	S
GCA_013325505.1	I/R	NA	NA	NA	I/R	I/R	S	NA	S	S	S	S	NA	S	S
GCA_013325495.1	I/R	NA	NA	NA	S	I/R	S	NA	S	S	S	S	NA	S	S
GCA_013325465.1	I/R	NA	NA	NA	S	I/R	S	NA	S	S	S	S	NA	S	S
GCA_013325455.1	I/R	NA	NA	NA	I/R	I/R	S	NA	S	S	I/R	S	NA	S	S
GCA_013325435.1	S	NA	NA	NA	S	I/R	S	NA	S	S	S	S	NA	S	S
GCA_013325405.1	I/R	NA	NA	NA	S	I/R	S	NA	S	S	I/R	S	NA	S	S
GCA_013325385.1	I/R	NA	NA	NA	S	S	S	NA	S	S	S	S	NA	S	S
GCA_013325355.1	I/R	NA	NA	NA	S	I/R	S	NA	S	S	S	I/R	NA	S	I/R
GCA_013325335.1	I/R	NA	NA	NA	S	I/R	S	NA	S	S	S	S	NA	S	I/R
GCA_013266375.1	I/R	NA	NA	NA	S	I/R	S	NA	S	S	S	I/R	NA	S	I/R
GCA_013325315.1	I/R	NA	NA	NA	S	I/R	S	NA	S	S	S	S	NA	S	I/R
GCA_013325285.1	I/R	NA	NA	NA	S	I/R	S	NA	S	S	S	S	NA	S	I/R
GCA_013325275.1	I/R	NA	NA	NA	S	I/R	I/R	NA	S	S	S	I/R	NA	S	I/R
GCA_013325255.1	I/R	NA	NA	NA	I/R	I/R	S	NA	S	S	I/R	I/R	NA	S	I/R
GCA_013325215.1	I/R	NA	NA	NA	S	I/R	S	NA	S	S	S	S	NA	S	I/R
GCA_013325225.1	I/R	NA	NA	NA	S	I/R	S	NA	S	S	S	I/R	NA	S	I/R
GCA_013325185.1	I/R	NA	NA	NA	S	I/R	S	NA	S	S	S	S	NA	S	I/R
GCA_013325175.1	I/R	NA	NA	NA	I/R	I/R	S	NA	S	S	I/R	I/R	NA	S	I/R
GCA_013325155.1	I/R	NA	NA	NA	S	I/R	S	NA	S	S	S	S	NA	S	I/R
GCA_013325125.1	I/R	NA	NA	NA	I/R	I/R	S	NA	S	S	S	I/R	NA	S	I/R
GCA_013266315.1	I/R	NA	NA	NA	S	I/R	S	NA	S	S	S	I/R	NA	S	I/R
GCA_013325115.1	I/R	NA	NA	NA	I/R	I/R	I/R	NA	S	S	S	I/R	NA	S	I/R
GCA_013325095.1	I/R	NA	NA	NA	S	I/R	S	NA	S	S	S	I/R	NA	S	I/R
GCA_013325055.1	I/R	NA	NA	NA	S	I/R	S	NA	S	S	S	S	NA	S	I/R
GCA_013325065.1	I/R	NA	NA	NA	S	I/R	S	NA	S	S	S	I/R	NA	S	I/R
GCA_013325035.1	I/R	NA	NA	NA	S	I/R	S	NA	S	S	S	I/R	NA	S	I/R
GCA_013324955.1	I/R	NA	NA	NA	S	I/R	S	NA	S	S	S	I/R	NA	S	I/R
GCA_013324995.1	I/R	NA	NA	NA	S	I/R	S	NA	S	I/R	S	I/R	NA	S	I/R
GCA_013325005.1	I/R	NA	NA	NA	I/R	I/R	S	NA	S	S	I/R	I/R	NA	S	I/R
GCA_013324935.1	I/R	NA	NA	NA	S	I/R	S	NA	S	S	S	I/R	NA	S	I/R
GCA_013324945.1	I/R	NA	NA	NA	S	I/R	S	NA	S	S	S	I/R	NA	S	I/R
GCA_013324905.1	I/R	NA	NA	NA	S	I/R	S	NA	S	S	S	I/R	NA	S	I/R
GCA_013324835.1	I/R	NA	NA	NA	I/R	I/R	S	NA	S	S	S	I/R	NA	S	I/R
GCA_013324845.1	I/R	NA	NA	NA	S	I/R	S	NA	S	S	S	S	NA	S	I/R
GCA_013324865.1	I/R	NA	NA	NA	I/R	I/R	S	NA	S	S	S	I/R	NA	S	I/R
GCA_013324855.1	I/R	NA	NA	NA	S	I/R	S	NA	S	S	S	I/R	NA	S	I/R
GCA_013324805.1	I/R	NA	NA	NA	S	I/R	S	NA	S	S	S	I/R	NA	S	I/R
GCA_013324765.1	I/R	NA	NA	NA	S	I/R	S	NA	S	S	S	S	NA	S	I/R
GCA_013324735.1	I/R	NA	NA	NA	S	I/R	S	NA	S	S	S	I/R	NA	S	I/R
GCA_013324745.1	I/R	NA	NA	NA	S	I/R	S	NA	S	S	S	I/R	NA	S	I/R
GCA_013324755.1	I/R	NA	NA	NA	S	I/R	I/R	NA	S	S	S	I/R	NA	S	I/R
GCA_013324715.1	I/R	NA	NA	NA	S	I/R	S	NA	S	S	S	I/R	NA	S	I/R
GCA_013324645.1	I/R	NA	NA	NA	S	I/R	S	NA	S	S	S	I/R	NA	S	I/R
GCA_013324655.1	I/R	NA	NA	NA	S	I/R	S	NA	S	S	S	I/R	NA	S	I/R
GCA_013324635.1	I/R	NA	NA	NA	S	I/R	S	NA	S	S	S	I/R	NA	S	I/R
GCA_013324665.1	I/R	NA	NA	NA	S	I/R	S	NA	S	I/R	S	I/R	NA	S	I/R
GCA_013324615.1	I/R	NA	NA	NA	S	I/R	S	NA	S	S	S	I/R	NA	S	I/R
GCA_013324575.1	I/R	NA	NA	NA	S	I/R	S	NA	S	S	S	I/R	NA	S	I/R
GCA_013324525.1	I/R	NA	NA	NA	S	I/R	S	NA	S	S	S	I/R	NA	S	I/R
GCA_013324545.1	I/R	NA	NA	NA	S	I/R	S	NA	S	S	S	I/R	NA	S	I/R
GCA_013324535.1	I/R	NA	NA	NA	S	I/R	S	NA	S	S	S	I/R	NA	S	I/R
GCA_013324515.1	I/R	NA	NA	NA	S	I/R	S	NA	S	S	S	I/R	NA	S	I/R
GCA_013324455.1	I/R	NA	NA	NA	S	I/R	S	NA	S	S	S	I/R	NA	S	I/R
GCA_013324415.1	I/R	NA	NA	NA	S	I/R	S	NA	S	S	S	I/R	NA	S	I/R
GCA_013324475.1	I/R	NA	NA	NA	S	I/R	S	NA	S	S	S	I/R	NA	S	I/R
GCA_013324445.1	I/R	NA	NA	NA	S	I/R	S	NA	S	S	S	I/R	NA	S	I/R
GCA_013324425.1	I/R	NA	NA	NA	S	I/R	S	NA	S	S	S	I/R	NA	S	I/R
GCA_013324325.1	I/R	NA	NA	NA	S	I/R	S	NA	S	S	S	I/R	NA	S	I/R
GCA_013324345.1	I/R	NA	NA	NA	I/R	I/R	S	NA	S	S	S	S	NA	S	I/R
GCA_013324355.1	I/R	NA	NA	NA	S	I/R	S	NA	S	S	S	I/R	NA	S	I/R
GCA_013324315.1	I/R	NA	NA	NA	S	I/R	I/R	NA	S	I/R	S	I/R	NA	S	I/R
GCA_013266405.1	I/R	NA	NA	NA	S	I/R	S	NA	S	S	S	I/R	NA	S	I/R
GCA_013324335.1	I/R	NA	NA	NA	S	I/R	S	NA	S	S	S	I/R	NA	S	I/R
GCA_013324255.1	I/R	NA	NA	NA	S	I/R	S	NA	S	S	S	S	NA	S	S
GCA_013324245.1	I/R	NA	NA	NA	I/R	I/R	S	NA	S	S	S	I/R	NA	S	I/R
GCA_013324235.1	I/R	NA	NA	NA	S	I/R	S	NA	S	S	S	I/R	NA	S	I/R
GCA_013324225.1	I/R	NA	NA	NA	S	I/R	S	NA	S	S	S	I/R	NA	S	I/R
GCA_013324215.1	I/R	NA	NA	NA	S	I/R	S	NA	S	S	S	I/R	NA	S	I/R
GCA_013324175.1	I/R	NA	NA	NA	S	I/R	S	NA	S	S	S	I/R	NA	S	I/R
GCA_013324135.1	I/R	NA	NA	NA	S	I/R	S	NA	S	S	S	I/R	NA	S	I/R
GCA_013324155.1	I/R	NA	NA	NA	S	I/R	S	NA	S	S	S	I/R	NA	S	I/R
GCA_013324145.1	I/R	NA	NA	NA	S	I/R	S	NA	S	S	S	I/R	NA	S	I/R
GCA_013324115.1	I/R	NA	NA	NA	S	I/R	I/R	NA	S	I/R	S	I/R	NA	S	I/R
GCA_013324055.1	I/R	NA	NA	NA	S	I/R	S	NA	S	S	S	I/R	NA	S	I/R
GCA_013324065.1	I/R	NA	NA	NA	I/R	I/R	S	NA	S	S	S	I/R	NA	S	I/R
GCA_013324035.1	I/R	NA	NA	NA	S	I/R	S	NA	S	S	S	I/R	NA	S	I/R
GCA_013324045.1	I/R	NA	NA	NA	S	I/R	S	NA	S	S	S	S	NA	S	I/R
GCA_013324015.1	I/R	NA	NA	NA	I/R	I/R	S	NA	S	S	S	I/R	NA	S	I/R
GCA_013323945.1	I/R	NA	NA	NA	S	I/R	S	NA	S	S	S	S	NA	S	I/R
GCA_013323935.1	I/R	NA	NA	NA	S	I/R	S	NA	S	S	S	I/R	NA	S	I/R
GCA_013323975.1	I/R	NA	NA	NA	S	I/R	S	NA	S	S	S	I/R	NA	S	I/R
GCA_013323965.1	I/R	NA	NA	NA	I/R	I/R	S	NA	S	S	I/R	I/R	NA	S	I/R
GCA_013323915.1	I/R	NA	NA	NA	S	I/R	S	NA	S	S	S	S	NA	S	I/R
GCA_013323865.1	I/R	NA	NA	NA	S	I/R	S	NA	S	S	S	S	NA	S	I/R
GCA_013323835.1	I/R	NA	NA	NA	S	I/R	S	NA	S	S	S	I/R	NA	S	I/R
GCA_013323855.1	I/R	NA	NA	NA	S	I/R	S	NA	S	S	S	I/R	NA	S	I/R
GCA_013323845.1	I/R	NA	NA	NA	S	I/R	S	NA	S	S	S	I/R	NA	S	I/R
GCA_013323775.1	I/R	NA	NA	NA	I/R	I/R	S	NA	S	S	S	I/R	NA	S	I/R
GCA_013323765.1	I/R	NA	NA	NA	I/R	I/R	I/R	NA	S	S	S	I/R	NA	S	I/R
GCA_013323815.1	I/R	NA	NA	NA	S	I/R	S	NA	S	S	S	S	NA	S	I/R
GCA_013323755.1	I/R	NA	NA	NA	S	I/R	S	NA	S	S	S	I/R	NA	S	I/R
GCA_013323735.1	I/R	NA	NA	NA	S	I/R	S	NA	S	S	S	I/R	NA	S	I/R
GCA_013323715.1	I/R	NA	NA	NA	S	I/R	S	NA	S	S	S	S	NA	S	S
GCA_013323685.1	I/R	NA	NA	NA	S	I/R	S	NA	S	S	S	I/R	NA	S	I/R
GCA_013323675.1	I/R	NA	NA	NA	S	I/R	I/R	NA	S	S	S	S	NA	S	I/R
GCA_013323645.1	I/R	NA	NA	NA	S	I/R	S	NA	S	S	S	I/R	NA	S	I/R
GCA_013323635.1	I/R	NA	NA	NA	S	I/R	S	NA	S	S	S	S	NA	S	I/R
GCA_013323615.1	I/R	NA	NA	NA	S	I/R	I/R	NA	S	I/R	S	I/R	NA	S	I/R
GCA_013323595.1	I/R	NA	NA	NA	S	I/R	S	NA	S	S	S	I/R	NA	S	I/R
GCA_013323565.1	I/R	NA	NA	NA	S	I/R	S	NA	S	S	S	I/R	NA	S	I/R
GCA_013323515.1	I/R	NA	NA	NA	S	I/R	S	NA	S	S	S	I/R	NA	S	I/R
GCA_013323545.1	I/R	NA	NA	NA	S	I/R	S	NA	S	S	S	I/R	NA	S	I/R
GCA_013323525.1	I/R	NA	NA	NA	S	I/R	S	NA	S	S	S	I/R	NA	S	I/R
GCA_013323495.1	I/R	NA	NA	NA	S	I/R	S	NA	S	S	S	S	NA	S	I/R
GCA_013323445.1	I/R	NA	NA	NA	I/R	I/R	S	NA	S	S	S	I/R	NA	S	I/R
GCA_013323405.1	I/R	NA	NA	NA	S	I/R	S	NA	S	S	S	S	NA	S	I/R
GCA_013323455.1	I/R	NA	NA	NA	S	I/R	S	NA	S	S	S	I/R	NA	S	I/R
GCA_013323435.1	I/R	NA	NA	NA	I/R	I/R	I/R	NA	S	S	S	I/R	NA	S	I/R
GCA_013323395.1	I/R	NA	NA	NA	S	I/R	S	NA	S	S	S	I/R	NA	S	I/R
GCA_013323375.1	I/R	NA	NA	NA	S	I/R	S	NA	S	S	S	I/R	NA	S	I/R
GCA_013323325.1	I/R	NA	NA	NA	S	I/R	S	NA	S	S	S	S	NA	S	I/R
GCA_013323345.1	I/R	NA	NA	NA	S	I/R	S	NA	S	S	S	I/R	NA	S	I/R
GCA_013323315.1	I/R	NA	NA	NA	S	I/R	S	NA	S	S	S	I/R	NA	S	I/R
GCA_013323295.1	I/R	NA	NA	NA	S	I/R	S	NA	S	S	S	I/R	NA	S	I/R
GCA_013323235.1	I/R	NA	NA	NA	S	I/R	S	NA	S	S	S	I/R	NA	S	I/R
GCA_013323275.1	I/R	NA	NA	NA	S	I/R	S	NA	S	S	S	S	NA	S	I/R
GCA_013323225.1	I/R	NA	NA	NA	S	I/R	S	NA	S	S	S	I/R	NA	S	I/R
GCA_013323205.1	I/R	NA	NA	NA	S	I/R	S	NA	S	S	S	I/R	NA	S	I/R
GCA_013323195.1	I/R	NA	NA	NA	S	I/R	S	NA	S	S	S	I/R	NA	S	I/R
GCA_013323165.1	S	NA	NA	NA	S	I/R	S	NA	S	S	S	S	NA	S	S
GCA_013266355.1	S	NA	NA	NA	S	I/R	S	NA	S	S	S	S	NA	S	S
GCA_013323155.1	S	NA	NA	NA	S	I/R	S	NA	S	S	S	S	NA	S	S
GCA_013323115.1	S	NA	NA	NA	S	I/R	S	NA	S	S	S	S	NA	S	S
GCA_013323075.1	S	NA	NA	NA	S	I/R	S	NA	S	S	S	S	NA	S	S
GCA_013323085.1	S	NA	NA	NA	S	S	S	NA	S	S	S	S	NA	S	S
GCA_013323035.1	I/R	NA	NA	NA	S	I/R	S	NA	S	S	I/R	S	NA	S	S
GCA_013323015.1	S	NA	NA	NA	S	S	S	NA	S	S	S	S	NA	S	S
GCA_013322985.1	S	NA	NA	NA	S	I/R	S	NA	S	S	S	S	NA	S	S
GCA_013322975.1	S	NA	NA	NA	S	S	S	NA	S	S	S	S	NA	S	S
GCA_013266365.1	S	NA	NA	NA	S	I/R	S	NA	S	S	S	S	NA	S	S
GCA_013322925.1	S	NA	NA	NA	S	I/R	S	NA	S	S	S	S	NA	S	S
GCA_013322905.1	S	NA	NA	NA	S	I/R	S	NA	S	S	S	S	NA	S	S
GCA_013322945.1	S	NA	NA	NA	S	I/R	S	NA	S	S	S	S	NA	S	S
GCA_013322855.1	S	NA	NA	NA	I/R	I/R	S	NA	S	S	S	S	NA	S	S
GCA_013322895.1	S	NA	NA	NA	S	I/R	S	NA	S	S	S	S	NA	S	S
GCA_013322875.1	S	NA	NA	NA	S	I/R	S	NA	S	S	S	S	NA	S	S
GCA_013322825.1	S	NA	NA	NA	S	S	S	NA	S	S	S	S	NA	S	S
GCA_013322785.1	S	NA	NA	NA	S	I/R	S	NA	S	I/R	S	S	NA	S	S
GCA_013266385.1	S	NA	NA	NA	S	I/R	S	NA	S	S	S	S	NA	S	S
GCA_013322815.1	S	NA	NA	NA	S	I/R	I/R	NA	S	I/R	S	S	NA	S	S
GCA_013322755.1	I/R	NA	NA	NA	I/R	I/R	S	NA	S	S	S	S	NA	S	S
GCA_013322765.1	S	NA	NA	NA	S	I/R	S	NA	S	S	S	S	NA	S	S
GCA_013322735.1	S	NA	NA	NA	S	I/R	S	NA	S	S	S	S	NA	S	S
GCA_013322695.1	S	NA	NA	NA	S	I/R	S	NA	S	S	S	S	NA	S	S
GCA_013322705.1	S	NA	NA	NA	S	S	S	NA	S	S	S	S	NA	S	S
GCA_013322655.1	I/R	NA	NA	NA	I/R	I/R	S	NA	S	S	S	S	NA	S	S
GCA_013322665.1	S	NA	NA	NA	S	I/R	S	NA	S	S	S	S	NA	S	S
GCA_013322615.1	S	NA	NA	NA	S	I/R	S	NA	S	S	S	S	NA	S	S
GCA_013322595.1	S	NA	NA	NA	S	I/R	S	NA	S	S	S	S	NA	S	S
GCA_013322585.1	S	NA	NA	NA	I/R	I/R	S	NA	S	S	S	S	NA	S	S
GCA_013322575.1	S	NA	NA	NA	S	I/R	S	NA	S	S	S	S	NA	S	S
GCA_013322555.1	S	NA	NA	NA	S	I/R	S	NA	S	S	S	S	NA	S	S
GCA_013322495.1	S	NA	NA	NA	S	S	S	NA	S	S	S	S	NA	S	S
GCA_013322485.1	S	NA	NA	NA	S	I/R	S	NA	S	S	S	S	NA	S	S
GCA_013322525.1	S	NA	NA	NA	S	S	S	NA	S	S	S	S	NA	S	S
GCA_013322475.1	S	NA	NA	NA	S	I/R	S	NA	S	S	S	S	NA	S	S
GCA_013322435.1	S	NA	NA	NA	S	S	S	NA	S	S	S	S	NA	S	S
GCA_013322385.1	S	NA	NA	NA	I/R	S	S	NA	S	S	S	S	NA	S	S
GCA_013322405.1	S	NA	NA	NA	S	I/R	S	NA	S	I/R	S	S	NA	S	S
GCA_013322415.1	S	NA	NA	NA	I/R	I/R	S	NA	S	S	S	S	NA	S	S
GCA_013322355.1	S	NA	NA	NA	S	I/R	S	NA	S	S	S	S	NA	S	S
GCA_013322375.1	S	NA	NA	NA	S	I/R	S	NA	S	S	S	S	NA	S	S
GCA_013322295.1	S	NA	NA	NA	S	I/R	S	NA	S	S	S	S	NA	S	S
GCA_013322305.1	S	NA	NA	NA	I/R	I/R	S	NA	S	S	I/R	S	NA	S	S
GCA_013322285.1	S	NA	NA	NA	S	I/R	S	NA	S	S	S	S	NA	S	S
GCA_013322255.1	S	NA	NA	NA	I/R	I/R	S	NA	S	I/R	S	S	NA	S	S
GCA_013322265.1	S	NA	NA	NA	S	I/R	S	NA	S	S	S	S	NA	S	S
GCA_013320185.1	S	NA	NA	NA	I/R	I/R	S	NA	S	S	S	S	NA	S	S
GCA_013320195.1	S	NA	NA	NA	S	I/R	S	NA	S	S	S	S	NA	S	S
GCA_013320165.1	S	NA	NA	NA	S	I/R	S	NA	S	I/R	S	S	NA	S	S
GCA_013320155.1	S	NA	NA	NA	I/R	I/R	S	NA	S	S	S	S	NA	S	S
GCA_013320125.1	S	NA	NA	NA	I/R	I/R	S	NA	S	I/R	S	S	NA	S	S
GCA_013320115.1	S	NA	NA	NA	S	I/R	S	NA	S	S	S	S	NA	S	S
GCA_013320065.1	S	NA	NA	NA	S	S	S	NA	S	S	S	S	NA	S	S
GCA_013320085.1	S	NA	NA	NA	S	I/R	S	NA	S	S	S	S	NA	S	S
GCA_013320055.1	S	NA	NA	NA	S	I/R	S	NA	S	S	S	S	NA	S	S
GCA_013319985.1	S	NA	NA	NA	I/R	I/R	S	NA	S	S	S	S	NA	S	S
GCA_013320035.1	S	NA	NA	NA	S	I/R	S	NA	S	S	S	S	NA	S	S
GCA_013319995.1	S	NA	NA	NA	I/R	S	S	NA	S	I/R	S	S	NA	S	S
GCA_013319955.1	S	NA	NA	NA	S	I/R	S	NA	S	S	S	S	NA	S	S
GCA_013319965.1	S	NA	NA	NA	I/R	I/R	S	NA	S	S	S	S	NA	S	S
GCA_013319915.1	S	NA	NA	NA	S	I/R	S	NA	S	S	S	S	NA	S	S
GCA_013319925.1	S	NA	NA	NA	I/R	S	S	NA	S	S	S	S	NA	S	S
GCA_013319875.1	S	NA	NA	NA	S	S	S	NA	S	S	S	S	NA	S	S
GCA_013319855.1	S	NA	NA	NA	S	I/R	S	NA	S	S	S	S	NA	S	S
GCA_013319865.1	S	NA	NA	NA	S	I/R	S	NA	S	S	S	S	NA	S	S
GCA_013319815.1	S	NA	NA	NA	S	I/R	S	NA	S	S	S	S	NA	S	S
GCA_013319825.1	S	NA	NA	NA	I/R	I/R	S	NA	S	I/R	S	S	NA	S	S
GCA_013319775.1	S	NA	NA	NA	I/R	I/R	S	NA	S	S	S	S	NA	S	S
GCA_013319755.1	S	NA	NA	NA	I/R	I/R	S	NA	S	I/R	S	S	NA	S	S
GCA_013319765.1	I/R	NA	NA	NA	I/R	I/R	S	NA	S	S	S	S	NA	S	S
GCA_013319715.1	S	NA	NA	NA	I/R	I/R	S	NA	S	I/R	S	S	NA	S	S
GCA_013319725.1	S	NA	NA	NA	I/R	I/R	S	NA	S	I/R	S	S	NA	S	S
GCA_013319665.1	S	NA	NA	NA	S	I/R	S	NA	S	I/R	S	S	NA	S	S
GCA_013319675.1	S	NA	NA	NA	S	I/R	S	NA	S	I/R	S	S	NA	S	S
GCA_013319655.1	S	NA	NA	NA	I/R	I/R	S	NA	S	I/R	S	S	NA	S	S
GCA_013319615.1	S	NA	NA	NA	I/R	I/R	S	NA	S	I/R	S	S	NA	S	S
GCA_013319635.1	S	NA	NA	NA	I/R	I/R	S	NA	S	S	S	S	NA	S	S
GCA_013319595.1	S	NA	NA	NA	I/R	I/R	S	NA	S	I/R	S	S	NA	S	S
GCA_013319555.1	S	NA	NA	NA	I/R	I/R	S	NA	S	I/R	S	S	NA	S	S
GCA_013319535.1	S	NA	NA	NA	I/R	I/R	S	NA	S	I/R	I/R	S	NA	S	S
GCA_013319565.1	S	NA	NA	NA	I/R	I/R	S	NA	S	S	S	S	NA	S	S
GCA_013319515.1	S	NA	NA	NA	S	I/R	S	NA	S	S	S	S	NA	S	S
GCA_013319465.1	S	NA	NA	NA	I/R	S	S	NA	S	S	S	S	NA	S	S
GCA_013319425.1	S	NA	NA	NA	S	I/R	S	NA	S	S	S	S	NA	S	S
GCA_013319495.1	S	NA	NA	NA	I/R	I/R	S	NA	S	I/R	S	S	NA	S	S
GCA_013319445.1	S	NA	NA	NA	S	S	S	NA	S	S	S	S	NA	S	S
GCA_013319415.1	S	NA	NA	NA	S	S	S	NA	S	S	S	S	NA	S	S
GCA_013319375.1	S	NA	NA	NA	I/R	I/R	S	NA	S	I/R	S	S	NA	S	S
GCA_013248515.1	S	NA	NA	NA	S	S	S	NA	S	S	S	S	NA	S	S
GCA_013319345.1	S	NA	NA	NA	I/R	I/R	S	NA	S	S	S	S	NA	S	S
GCA_013319335.1	S	NA	NA	NA	I/R	I/R	S	NA	S	I/R	S	S	NA	S	S
GCA_013319315.1	S	NA	NA	NA	I/R	I/R	S	NA	S	I/R	S	S	NA	S	S
GCA_005238985.1	NA	NA	NA	NA	NA	I/R	NA	NA	NA	NA	NA	NA	S	NA	I/R
GCA_005238665.1	NA	NA	NA	NA	NA	I/R	NA	NA	NA	NA	NA	NA	S	NA	I/R
GCA_005238875.1	NA	NA	NA	NA	NA	I/R	NA	NA	NA	NA	NA	NA	I/R	NA	I/R
GCA_005237065.1	NA	NA	NA	NA	NA	I/R	NA	NA	NA	NA	NA	NA	I/R	NA	I/R
GCA_005237055.1	NA	NA	NA	NA	NA	I/R	NA	NA	NA	NA	NA	NA	I/R	NA	I/R
GCA_005238515.1	NA	NA	NA	NA	NA	I/R	NA	NA	NA	NA	NA	NA	S	NA	I/R
GCA_005238475.1	NA	NA	NA	NA	NA	I/R	NA	NA	NA	NA	NA	NA	S	NA	I/R
GCA_005238445.1	NA	NA	NA	NA	NA	I/R	NA	NA	NA	NA	NA	NA	S	NA	I/R
GCA_005238815.1	NA	NA	NA	NA	NA	I/R	NA	NA	NA	NA	NA	NA	I/R	NA	I/R
GCA_005238805.1	NA	NA	NA	NA	NA	I/R	NA	NA	NA	NA	NA	NA	S	NA	I/R
GCA_005238785.1	NA	NA	NA	NA	NA	I/R	NA	NA	NA	NA	NA	NA	I/R	NA	I/R
GCA_005236665.1	S	NA	NA	NA	NA	S	NA	NA	NA	NA	NA	NA	NA	NA	I/R
GCA_005237865.1	S	NA	NA	NA	NA	I/R	NA	NA	NA	NA	NA	NA	NA	NA	I/R
GCA_005236645.1	S	NA	NA	NA	NA	I/R	NA	NA	NA	NA	NA	NA	NA	NA	I/R
GCA_005237785.1	S	NA	NA	NA	NA	I/R	NA	NA	NA	NA	NA	NA	NA	NA	I/R
GCA_005237735.1	S	NA	NA	NA	NA	I/R	NA	NA	NA	NA	NA	NA	NA	NA	I/R
GCA_005237705.1	S	NA	NA	NA	NA	I/R	NA	NA	NA	NA	NA	NA	NA	NA	I/R
GCA_005237715.1	S	NA	NA	NA	NA	I/R	NA	NA	NA	NA	NA	NA	NA	NA	I/R
GCA_005236605.1	S	NA	NA	NA	NA	I/R	NA	NA	NA	NA	NA	NA	NA	NA	I/R
GCA_005237725.1	S	NA	NA	NA	NA	S	NA	NA	NA	NA	NA	NA	NA	NA	I/R
GCA_005237675.1	S	NA	NA	NA	NA	I/R	NA	NA	NA	NA	NA	NA	NA	NA	I/R
GCA_005236525.1	S	NA	NA	NA	NA	I/R	NA	NA	NA	NA	NA	NA	NA	NA	I/R
GCA_005236505.1	I/R	NA	NA	NA	NA	I/R	NA	NA	NA	NA	NA	NA	NA	NA	I/R
GCA_005236495.1	S	NA	NA	NA	NA	I/R	NA	NA	NA	NA	NA	NA	NA	NA	I/R
GCA_005236515.1	S	NA	NA	NA	NA	I/R	NA	NA	NA	NA	NA	NA	NA	NA	I/R
GCA_005237545.1	S	NA	NA	NA	NA	I/R	NA	NA	NA	NA	NA	NA	NA	NA	I/R
GCA_005237525.1	S	NA	NA	NA	NA	I/R	NA	NA	NA	NA	NA	NA	NA	NA	I/R
GCA_005237515.1	S	NA	NA	NA	NA	I/R	NA	NA	NA	NA	NA	NA	NA	NA	I/R
GCA_005237385.1	S	NA	NA	NA	NA	I/R	NA	NA	NA	NA	NA	NA	NA	NA	I/R
GCA_005236375.1	S	NA	NA	NA	NA	I/R	NA	NA	NA	NA	NA	NA	NA	NA	I/R
GCA_005237365.1	I/R	NA	NA	NA	NA	I/R	NA	NA	NA	NA	NA	NA	NA	NA	I/R
GCA_005236355.1	S	NA	NA	NA	NA	I/R	NA	NA	NA	NA	NA	NA	NA	NA	I/R
GCA_005237355.1	S	NA	NA	NA	NA	I/R	NA	NA	NA	NA	NA	NA	NA	NA	I/R
GCA_005236345.1	S	NA	NA	NA	NA	I/R	NA	NA	NA	NA	NA	NA	NA	NA	I/R
GCA_005236325.1	S	NA	NA	NA	NA	I/R	NA	NA	NA	NA	NA	NA	NA	NA	I/R
GCA_005236305.1	S	NA	NA	NA	NA	I/R	NA	NA	NA	NA	NA	NA	NA	NA	I/R
GCA_005237325.1	S	NA	NA	NA	NA	I/R	NA	NA	NA	NA	NA	NA	NA	NA	I/R
GCA_005237275.1	S	NA	NA	NA	NA	I/R	NA	NA	NA	NA	NA	NA	NA	NA	I/R
GCA_005236315.1	S	NA	NA	NA	NA	I/R	NA	NA	NA	NA	NA	NA	NA	NA	I/R
GCA_005237235.1	S	NA	NA	NA	NA	I/R	NA	NA	NA	NA	NA	NA	NA	NA	I/R
GCA_005237215.1	S	NA	NA	NA	NA	I/R	NA	NA	NA	NA	NA	NA	NA	NA	I/R
GCA_005237205.1	S	NA	NA	NA	NA	I/R	NA	NA	NA	NA	NA	NA	NA	NA	I/R
GCA_005237195.1	S	NA	NA	NA	NA	I/R	NA	NA	NA	NA	NA	NA	NA	NA	I/R
GCA_005237165.1	S	NA	NA	NA	NA	I/R	NA	NA	NA	NA	NA	NA	NA	NA	I/R
GCA_005236245.1	S	NA	NA	NA	NA	I/R	NA	NA	NA	NA	NA	NA	NA	NA	I/R
GCA_005234785.1	S	NA	NA	NA	NA	I/R	NA	NA	NA	NA	NA	NA	NA	NA	I/R
GCA_005236235.1	S	NA	NA	NA	NA	I/R	NA	NA	NA	NA	NA	NA	NA	NA	I/R
GCA_005236225.1	S	NA	NA	NA	NA	I/R	NA	NA	NA	NA	NA	NA	NA	NA	I/R
GCA_005236195.1	S	NA	NA	NA	NA	I/R	NA	NA	NA	NA	NA	NA	NA	NA	I/R
GCA_005236155.1	S	NA	NA	NA	NA	I/R	NA	NA	NA	NA	NA	NA	NA	NA	I/R
GCA_005236145.1	S	NA	NA	NA	NA	I/R	NA	NA	NA	NA	NA	NA	NA	NA	I/R
GCA_005234745.1	S	NA	NA	NA	NA	I/R	NA	NA	NA	NA	NA	NA	NA	NA	I/R
GCA_005236135.1	S	NA	NA	NA	NA	I/R	NA	NA	NA	NA	NA	NA	NA	NA	I/R
GCA_005236125.1	S	NA	NA	NA	NA	I/R	NA	NA	NA	NA	NA	NA	NA	NA	I/R
GCA_005236115.1	S	NA	NA	NA	NA	I/R	NA	NA	NA	NA	NA	NA	NA	NA	I/R
GCA_005234705.1	S	NA	NA	NA	NA	I/R	NA	NA	NA	NA	NA	NA	NA	NA	I/R
GCA_005236025.1	S	NA	NA	NA	NA	I/R	NA	NA	NA	NA	NA	NA	NA	NA	I/R
GCA_005235965.1	NA	NA	NA	NA	NA	NA	NA	NA	NA	NA	NA	NA	NA	NA	NA
GCA_005234595.1	NA	NA	NA	NA	NA	NA	NA	NA	NA	NA	NA	NA	NA	NA	NA
GCA_005234565.1	NA	NA	NA	NA	NA	NA	NA	NA	NA	NA	NA	NA	NA	NA	NA
GCA_005235745.1	NA	NA	NA	NA	NA	NA	NA	NA	NA	NA	NA	NA	NA	NA	NA
GCA_005235735.1	NA	NA	NA	NA	NA	NA	NA	NA	NA	NA	NA	NA	NA	NA	NA
GCA_005235685.1	NA	NA	NA	NA	NA	NA	NA	NA	NA	NA	NA	NA	NA	NA	NA
GCA_005234515.1	NA	NA	NA	NA	NA	NA	NA	NA	NA	NA	NA	NA	NA	NA	NA
GCA_005235665.1	NA	NA	NA	NA	NA	NA	NA	NA	NA	NA	NA	NA	NA	NA	NA
GCA_005234495.1	NA	NA	NA	NA	NA	NA	NA	NA	NA	NA	NA	NA	NA	NA	NA
GCA_005235655.1	NA	NA	NA	NA	NA	NA	NA	NA	NA	NA	NA	NA	NA	NA	NA
GCA_005235645.1	NA	NA	NA	NA	NA	NA	NA	NA	NA	NA	NA	NA	NA	NA	NA
GCA_005235635.1	NA	NA	NA	NA	NA	NA	NA	NA	NA	NA	NA	NA	NA	NA	NA
GCA_005235725.1	NA	NA	NA	NA	NA	NA	NA	NA	NA	NA	NA	NA	NA	NA	NA
GCA_005234505.1	NA	NA	NA	NA	NA	NA	NA	NA	NA	NA	NA	NA	NA	NA	NA
GCA_005287905.1	NA	NA	NA	NA	NA	NA	NA	NA	NA	NA	NA	NA	NA	NA	NA
GCA_005235585.1	NA	NA	NA	NA	NA	NA	NA	NA	NA	NA	NA	NA	NA	NA	NA
GCA_005235575.1	NA	NA	NA	NA	NA	NA	NA	NA	NA	NA	NA	NA	NA	NA	NA
GCA_005235565.1	NA	NA	NA	NA	NA	NA	NA	NA	NA	NA	NA	NA	NA	NA	NA
GCA_005235535.1	NA	NA	NA	NA	NA	NA	NA	NA	NA	NA	NA	NA	NA	NA	NA
GCA_005235495.1	NA	NA	NA	NA	NA	NA	NA	NA	NA	NA	NA	NA	NA	NA	NA
GCA_005234485.1	NA	NA	NA	NA	NA	NA	NA	NA	NA	NA	NA	NA	NA	NA	NA
GCA_005281885.1	NA	NA	NA	NA	NA	NA	NA	NA	NA	NA	NA	NA	NA	NA	NA
GCA_005235475.1	NA	NA	NA	NA	NA	NA	NA	NA	NA	NA	NA	NA	NA	NA	NA
GCA_005235465.1	NA	NA	NA	NA	NA	NA	NA	NA	NA	NA	NA	NA	NA	NA	NA
GCA_005234435.1	NA	NA	NA	NA	NA	NA	NA	NA	NA	NA	NA	NA	NA	NA	NA
GCA_005235445.1	NA	NA	NA	NA	NA	NA	NA	NA	NA	NA	NA	NA	NA	NA	NA
GCA_005235385.1	NA	NA	NA	NA	NA	NA	NA	NA	NA	NA	NA	NA	NA	NA	NA
GCA_005235395.1	NA	NA	NA	NA	NA	NA	NA	NA	NA	NA	NA	NA	NA	NA	NA
GCA_005235375.1	NA	NA	NA	NA	NA	NA	NA	NA	NA	NA	NA	NA	NA	NA	NA
GCA_005235345.1	NA	NA	NA	NA	NA	NA	NA	NA	NA	NA	NA	NA	NA	NA	NA
GCA_005234425.1	NA	NA	NA	NA	NA	NA	NA	NA	NA	NA	NA	NA	NA	NA	NA
GCA_005234405.1	NA	NA	NA	NA	NA	NA	NA	NA	NA	NA	NA	NA	NA	NA	NA
GCA_005235305.1	NA	NA	NA	NA	NA	NA	NA	NA	NA	NA	NA	NA	NA	NA	NA
GCA_005234395.1	NA	NA	NA	NA	NA	NA	NA	NA	NA	NA	NA	NA	NA	NA	NA
GCA_005234365.1	NA	NA	NA	NA	NA	NA	NA	NA	NA	NA	NA	NA	NA	NA	NA
GCA_005234345.1	NA	NA	NA	NA	NA	NA	NA	NA	NA	NA	NA	NA	NA	NA	NA
GCA_005234325.1	NA	NA	NA	NA	NA	NA	NA	NA	NA	NA	NA	NA	NA	NA	NA
GCA_005235295.1	NA	NA	NA	NA	NA	NA	NA	NA	NA	NA	NA	NA	NA	NA	NA
GCA_005235285.1	NA	NA	NA	NA	NA	NA	NA	NA	NA	NA	NA	NA	NA	NA	NA
GCA_005235275.1	NA	NA	NA	NA	NA	NA	NA	NA	NA	NA	NA	NA	NA	NA	NA
GCA_005235115.1	NA	NA	NA	NA	NA	NA	NA	NA	NA	NA	NA	NA	NA	NA	NA
GCA_005234315.1	NA	NA	NA	NA	NA	NA	NA	NA	NA	NA	NA	NA	NA	NA	NA
GCA_005235075.1	NA	NA	NA	NA	NA	NA	NA	NA	NA	NA	NA	NA	NA	NA	NA
GCA_005235045.1	NA	NA	NA	NA	NA	NA	NA	NA	NA	NA	NA	NA	NA	NA	NA
GCA_005234295.1	NA	NA	NA	NA	NA	NA	NA	NA	NA	NA	NA	NA	NA	NA	NA
GCA_005235015.1	NA	NA	NA	NA	NA	NA	NA	NA	NA	NA	NA	NA	NA	NA	NA
GCA_005234985.1	NA	NA	NA	NA	NA	NA	NA	NA	NA	NA	NA	NA	NA	NA	NA
GCA_005234965.1	NA	NA	NA	NA	NA	NA	NA	NA	NA	NA	NA	NA	NA	NA	NA
GCA_005234975.1	NA	NA	NA	NA	NA	NA	NA	NA	NA	NA	NA	NA	NA	NA	NA
GCA_005234955.1	NA	NA	NA	NA	NA	NA	NA	NA	NA	NA	NA	NA	NA	NA	NA
GCA_005234905.1	NA	NA	NA	NA	NA	NA	NA	NA	NA	NA	NA	NA	NA	NA	NA
GCA_005234225.1	NA	NA	NA	NA	NA	NA	NA	NA	NA	NA	NA	NA	NA	NA	NA
GCA_005234895.1	NA	NA	NA	NA	NA	NA	NA	NA	NA	NA	NA	NA	NA	NA	NA
GCA_005234875.1	NA	NA	NA	NA	NA	NA	NA	NA	NA	NA	NA	NA	NA	NA	NA
GCA_005234245.1	NA	NA	NA	NA	NA	NA	NA	NA	NA	NA	NA	NA	NA	NA	NA
GCA_005234855.1	NA	NA	NA	NA	NA	NA	NA	NA	NA	NA	NA	NA	NA	NA	NA
GCA_005234215.1	NA	NA	NA	NA	NA	NA	NA	NA	NA	NA	NA	NA	NA	NA	NA
GCA_005234235.1	NA	NA	NA	NA	NA	NA	NA	NA	NA	NA	NA	NA	NA	NA	NA
GCA_005234835.1	NA	NA	NA	NA	NA	NA	NA	NA	NA	NA	NA	NA	NA	NA	NA
GCA_003320755.1	NA	S	NA	I/R	NA	I/R	I/R	S	S	NA	NA	NA	S	S	S
GCA_003320815.1	NA	NA	NA	NA	NA	NA	NA	NA	NA	NA	NA	NA	NA	NA	NA
GCA_003320365.1	NA	I/R	NA	S	NA	I/R	I/R	I/R	S	NA	NA	NA	I/R	S	S
GCA_003320455.1	NA	S	NA	S	NA	I/R	S	S	S	NA	NA	NA	S	S	S
GCA_003320595.1	NA	S	NA	S	NA	I/R	S	S	S	NA	NA	NA	I/R	S	S
GCA_003320575.1	NA	S	NA	S	NA	I/R	S	S	S	NA	NA	NA	S	S	S
GCA_003320585.1	NA	S	NA	S	NA	S	S	S	S	NA	NA	NA	I/R	S	S
GCA_003320635.1	NA	I/R	NA	I/R	NA	I/R	S	I/R	S	NA	NA	NA	I/R	S	S
GCA_003320655.1	NA	S	NA	S	NA	S	S	S	S	NA	NA	NA	S	S	S
GCA_003320695.1	NA	S	NA	S	NA	I/R	S	S	S	NA	NA	NA	S	S	S
GCA_003320665.1	NA	S	NA	S	NA	I/R	I/R	S	S	NA	NA	NA	S	S	S
GCA_003320715.1	NA	S	NA	S	NA	I/R	S	S	S	NA	NA	NA	I/R	S	S
GCA_003320735.1	NA	S	NA	S	NA	S	I/R	S	S	NA	NA	NA	S	S	S
GCA_003320795.1	NA	S	NA	S	NA	S	S	S	S	NA	NA	NA	S	S	S
GCA_003320775.1	NA	S	NA	S	NA	I/R	I/R	S	S	NA	NA	NA	S	S	S
GCA_003320805.1	NA	I/R	NA	S	NA	S	S	S	S	NA	NA	NA	S	S	S
GCA_003320855.1	NA	S	NA	S	NA	I/R	I/R	I/R	S	NA	NA	NA	I/R	S	S
GCA_003319975.1	NA	I/R	NA	S	NA	S	S	S	S	NA	NA	NA	S	S	S
GCA_003319985.1	NA	I/R	NA	S	NA	I/R	S	I/R	S	NA	NA	NA	I/R	S	S
GCA_003320055.1	NA	I/R	NA	S	NA	I/R	S	I/R	S	NA	NA	NA	I/R	S	S
GCA_003320065.1	NA	S	NA	S	NA	I/R	S	S	S	NA	NA	NA	S	S	S
GCA_003320075.1	NA	S	NA	S	NA	S	S	S	S	NA	NA	NA	I/R	S	S
GCA_003320115.1	NA	S	NA	S	NA	I/R	S	S	S	NA	NA	NA	I/R	S	S
GCA_003320135.1	NA	I/R	NA	S	NA	I/R	I/R	S	S	NA	NA	NA	S	S	S
GCA_003320165.1	NA	S	NA	S	NA	S	S	S	S	NA	NA	NA	S	S	S
GCA_003320155.1	NA	I/R	NA	S	NA	I/R	S	S	S	NA	NA	NA	I/R	S	S
GCA_003320195.1	NA	S	NA	S	NA	S	S	S	S	NA	NA	NA	I/R	S	S
GCA_003320245.1	NA	S	NA	S	NA	S	I/R	I/R	S	NA	NA	NA	S	S	S
GCA_003320255.1	NA	I/R	NA	S	NA	I/R	I/R	I/R	S	NA	NA	NA	S	S	S
GCA_003320215.1	NA	I/R	NA	S	NA	I/R	I/R	I/R	S	NA	NA	NA	I/R	S	S
GCA_003320275.1	NA	S	NA	S	NA	I/R	S	S	S	NA	NA	NA	I/R	S	S
GCA_003320235.1	NA	I/R	NA	S	NA	I/R	I/R	I/R	S	NA	NA	NA	I/R	S	S
GCA_003320355.1	NA	S	NA	S	NA	S	I/R	I/R	S	NA	NA	NA	I/R	S	S
GCA_003320315.1	NA	I/R	NA	S	NA	I/R	S	S	S	NA	NA	NA	I/R	S	S
GCA_003320325.1	NA	I/R	NA	S	NA	I/R	I/R	S	S	NA	NA	NA	I/R	S	S
GCA_003320395.1	NA	S	NA	S	NA	I/R	S	S	S	NA	NA	NA	S	S	S
GCA_003320405.1	NA	S	NA	S	NA	S	S	S	S	NA	NA	NA	I/R	S	S
GCA_003320415.1	NA	I/R	NA	S	NA	S	S	S	S	NA	NA	NA	S	S	S
GCA_003320475.1	NA	I/R	NA	S	NA	I/R	I/R	I/R	S	NA	NA	NA	I/R	S	S
GCA_003320485.1	NA	S	NA	S	NA	I/R	I/R	I/R	S	NA	NA	NA	I/R	S	S
GCA_003320495.1	NA	S	NA	S	NA	I/R	S	S	S	NA	NA	NA	S	S	S
GCA_003320505.1	NA	I/R	NA	S	NA	I/R	S	S	S	NA	NA	NA	I/R	S	S
GCA_003320555.1	NA	S	NA	S	NA	I/R	S	S	S	NA	NA	NA	S	S	S
