sample_name	Tissue.type	HPV.status.reported
GX24_AAACCCAAGAGTCTTC	Tumour	-
GX24_AAACCCAGTCTGCCTT	Tumour	-
GX24_AAACGCTAGGGCGAGA	Tumour	-
GX24_AAACGCTGTCTTACAG	Tumour	-
GX24_AAACGCTGTGGACTAG	Tumour	-
GX24_AAAGAACAGGGCAGGA	Tumour	-
GX24_AAAGAACTCCCGAACG	Tumour	-
GX24_AAAGAACTCCGCAGTG	Tumour	-
GX24_AAAGAACTCGCAGAGA	Tumour	-
GX24_AAAGAACTCTTTGCTA	Tumour	-
GX24_AAAGGATAGGCCTTCG	Tumour	-
GX24_AAAGGATTCGACGACC	Tumour	-
GX24_AAAGGGCGTACAGTTC	Tumour	-
GX24_AAAGGGCTCTGCGGGT	Tumour	-
GX24_AAAGTCCGTGTACGCC	Tumour	-
GX24_AAAGTCCTCTACTGCC	Tumour	-
GX24_AAAGTCCTCTTCGATT	Tumour	-
GX24_AAATGGAGTGAGGAAA	Tumour	-
GX24_AAATGGATCTACCTTA	Tumour	-
GX24_AACAAAGCAGCAGTCC	Tumour	-
GX24_AACAAAGCAGTGAGCA	Tumour	-
GX24_AACAAGAAGGTCACAG	Tumour	-
GX24_AACACACAGAAGTCTA	Tumour	-
GX24_AACACACCATGGGTTT	Tumour	-
GX24_AACACACTCTGGAGAG	Tumour	-
GX24_AACAGGGAGCCTGACC	Tumour	-
GX24_AACAGGGCAAGTAGTA	Tumour	-
GX24_AACAGGGCACGCTATA	Tumour	-
GX24_AACAGGGGTACTCGAT	Tumour	-
GX24_AACAGGGTCGAACACT	Tumour	-
GX24_AACCACAAGCAAGCCA	Tumour	-
GX24_AACCATGTCGTGCGAC	Tumour	-
GX24_AACCCAAAGTCATGAA	Tumour	-
GX24_AACCCAATCACCTGTC	Tumour	-
GX24_AACCTGACAGAGTCTT	Tumour	-
GX24_AACCTTTGTCAACCTA	Tumour	-
GX24_AACGAAACATAGAATG	Tumour	-
GX24_AACGGGAAGGTGCTTT	Tumour	-
GX24_AACGTCAAGACTCATC	Tumour	-
GX24_AACGTCACATCCTAAG	Tumour	-
GX24_AACGTCAGTTCGGGTC	Tumour	-
GX24_AACGTCAGTTGTTTGG	Tumour	-
GX24_AACGTCATCAGTCTTT	Tumour	-
GX24_AACTTCTAGCTCTATG	Tumour	-
GX24_AACTTCTAGGAAACGA	Tumour	-
GX24_AACTTCTAGGCACTCC	Tumour	-
GX24_AACTTCTAGTAGTCCT	Tumour	-
GX24_AACTTCTCAAATGGAT	Tumour	-
GX24_AACTTCTGTCAAACGG	Tumour	-
GX24_AAGAACATCCTCACCA	Tumour	-
GX24_AAGACAAAGTTTGGCT	Tumour	-
GX24_AAGACAATCCAAGCCG	Tumour	-
GX24_AAGATAGCATGAGAAT	Tumour	-
GX24_AAGATAGGTCTCTCCA	Tumour	-
GX24_AAGATAGGTTATAGAG	Tumour	-
GX24_AAGCCATGTGGGATTG	Tumour	-
GX24_AAGCGAGAGCTCGACC	Tumour	-
GX24_AAGCGAGCATGACTAC	Tumour	-
GX24_AAGCGTTCAAGGTCTT	Tumour	-
GX24_AAGCGTTCACTTCCTG	Tumour	-
GX24_AAGCGTTTCCTCACTG	Tumour	-
GX24_AAGGAATGTTCGGACC	Tumour	-
GX24_AAGGAATTCCGTGTAA	Tumour	-
GX24_AAGGTAAAGAGGCGTT	Tumour	-
GX24_AAGTCGTTCCACGGAC	Tumour	-
GX24_AAGTGAAAGGCATGCA	Tumour	-
GX24_AAGTGAATCAGCTCTC	Tumour	-
GX24_AAGTTCGCATCCGGTG	Tumour	-
GX24_AATAGAGAGAACTGAT	Tumour	-
GX24_AATAGAGCATGACAGG	Tumour	-
GX24_AATAGAGGTAATCAAG	Tumour	-
GX24_AATAGAGTCACCGACG	Tumour	-
GX24_AATAGAGTCTGCTGAA	Tumour	-
GX24_AATCGACCAACCCGCA	Tumour	-
GX24_AATGCCACAATAGTAG	Tumour	-
GX24_AATGCCACAGGAGGTT	Tumour	-
GX24_AATGCCAGTGTGGTCC	Tumour	-
GX24_AATGCCATCTGGGATT	Tumour	-
GX24_AATGGAAAGTGGTGAC	Tumour	-
GX24_AATGGAACACTTGAAC	Tumour	-
GX24_AATTTCCAGTCACAGG	Tumour	-
GX24_AATTTCCCAAGAGTGC	Tumour	-
GX24_ACAAAGAAGCGTCTGC	Tumour	-
GX24_ACAACCATCCGTAATG	Tumour	-
GX24_ACAAGCTAGTGCTACT	Tumour	-
GX24_ACACCAAAGACCATGG	Tumour	-
GX24_ACACGCGAGTTCCTGA	Tumour	-
GX24_ACACTGAAGTACGTCT	Tumour	-
GX24_ACACTGATCGCATTAG	Tumour	-
GX24_ACAGAAACAACCCGCA	Tumour	-
GX24_ACAGAAATCCGATGTA	Tumour	-
GX24_ACAGCCGCATACATCG	Tumour	-
GX24_ACAGCCGGTAATGCTC	Tumour	-
GX24_ACAGGGATCCGCATAA	Tumour	-
GX24_ACATCCCCAAAGGGCT	Tumour	-
GX24_ACATCCCGTAGCTGCC	Tumour	-
GX24_ACATCCCTCGAGTTGT	Tumour	-
GX24_ACATCCCTCGGCCAAC	Tumour	-
GX24_ACATGCAAGAAATCCA	Tumour	-
GX24_ACATGCACAACTGCTA	Tumour	-
GX24_ACATGCACACGCCACA	Tumour	-
GX24_ACATGCATCATTCTTG	Tumour	-
GX24_ACATTTCGTCCCGTGA	Tumour	-
GX24_ACCAAACCACCGTACG	Tumour	-
GX24_ACCAAACTCCGATGTA	Tumour	-
GX24_ACCAACAAGCTACTAC	Tumour	-
GX24_ACCAACATCGACATCA	Tumour	-
GX24_ACCACAAGTCGACTGC	Tumour	-
GX24_ACCCAAAGTATTAAGG	Tumour	-
GX24_ACCCTCAAGATGACCG	Tumour	-
GX24_ACCCTCACACTAGAGG	Tumour	-
GX24_ACCCTTGGTACGTTCA	Tumour	-
GX24_ACCGTTCGTGGCTAGA	Tumour	-
GX24_ACCTACCTCCGTATAG	Tumour	-
GX24_ACCTGAAAGTGCAGGT	Tumour	-
GX24_ACCTGAAGTTCGGCGT	Tumour	-
GX24_ACCTGAAGTTGGGCCT	Tumour	-
GX24_ACCTGTCAGATACCAA	Tumour	-
GX24_ACCTGTCCACTGTCGG	Tumour	-
GX24_ACGATCAAGCGTACAG	Tumour	-
GX24_ACGATCAAGGGAGAAT	Tumour	-
GX24_ACGCACGCAACGTAAA	Tumour	-
GX24_ACGCACGCATCGCTCT	Tumour	-
GX24_ACGCACGGTCCAGGTC	Tumour	-
GX24_ACGGAAGAGATACAGT	Tumour	-
GX24_ACGGAAGTCCACGAAT	Tumour	-
GX24_ACGGGTCAGATGGGCT	Tumour	-
GX24_ACGGGTCAGTAAGCAT	Tumour	-
GX24_ACGGTTAAGGGCTAAC	Tumour	-
GX24_ACGGTTAAGGTACTGG	Tumour	-
GX24_ACGTAACCAATACCCA	Tumour	-
GX24_ACGTAACTCTGCCTGT	Tumour	-
GX24_ACGTACATCATTGAGC	Tumour	-
GX24_ACGTAGTCACCTTCGT	Tumour	-
GX24_ACGTTCCGTGGTCTCG	Tumour	-
GX24_ACTACGACATGTTCGA	Tumour	-
GX24_ACTATGGAGACGAGCT	Tumour	-
GX24_ACTATGGCATGTCAGT	Tumour	-
GX24_ACTATGGGTGAGCGAT	Tumour	-
GX24_ACTATTCCACTACAGT	Tumour	-
GX24_ACTATTCCAGGAGGAG	Tumour	-
GX24_ACTATTCGTTGGGTAG	Tumour	-
GX24_ACTCCCAAGGCAATGC	Tumour	-
GX24_ACTCTCGGTTACTCAG	Tumour	-
GX24_ACTCTCGGTTTGATCG	Tumour	-
GX24_ACTCTCGTCTGGTGCG	Tumour	-
GX24_ACTGATGTCTCCCAAC	Tumour	-
GX24_ACTGCAACACTATCCC	Tumour	-
GX24_ACTGTCCAGCTGACTT	Tumour	-
GX24_ACTGTGAGTGTCCGTG	Tumour	-
GX24_ACTTAGGGTTGGCCTG	Tumour	-
GX24_ACTTAGGTCAATCAGC	Tumour	-
GX24_ACTTCCGAGATGAAGG	Tumour	-
GX24_ACTTTCATCTGGCCGA	Tumour	-
GX24_ACTTTGTAGTGATTCC	Tumour	-
GX24_ACTTTGTGTCACTTAG	Tumour	-
GX24_AGAACCTAGGCCTAGA	Tumour	-
GX24_AGAACCTAGGCGACAT	Tumour	-
GX24_AGAACCTCAATCAGCT	Tumour	-
GX24_AGAACCTTCAACTGAC	Tumour	-
GX24_AGAAGCGAGGTTTACC	Tumour	-
GX24_AGAAGCGAGTAAGACT	Tumour	-
GX24_AGAAGTAAGCTGACCC	Tumour	-
GX24_AGAAGTAGTTACACAC	Tumour	-
GX24_AGACAAAGTCGCTTGG	Tumour	-
GX24_AGACACTTCCAAACCA	Tumour	-
GX24_AGACAGGAGATCCGAG	Tumour	-
GX24_AGACAGGTCACTGATG	Tumour	-
GX24_AGACAGGTCAGAGTTC	Tumour	-
GX24_AGACCATCAATGCAGG	Tumour	-
GX24_AGACCATGTGTTAAAG	Tumour	-
GX24_AGACTCAGTTGCCAAT	Tumour	-
GX24_AGAGAATAGACTGGGT	Tumour	-
GX24_AGAGAATGTGAGATAT	Tumour	-
GX24_AGAGAATGTGTCCATA	Tumour	-
GX24_AGAGCAGTCGGATAAA	Tumour	-
GX24_AGAGCCCAGATTGGGC	Tumour	-
GX24_AGAGCCCAGTCCCGGT	Tumour	-
GX24_AGAGCCCCAGTGAGCA	Tumour	-
GX24_AGATAGATCGCCGAAC	Tumour	-
GX24_AGATCCAAGCGCTGCT	Tumour	-
GX24_AGATCCAGTTCCGCGA	Tumour	-
GX24_AGATCCATCGACGAGA	Tumour	-
GX24_AGATGAATCTGCGATA	Tumour	-
GX24_AGATGCTAGTCGAATA	Tumour	-
GX24_AGATGCTCAAGAAATC	Tumour	-
GX24_AGATGCTGTAGTCCTA	Tumour	-
GX24_AGCATCATCCAGCACG	Tumour	-
GX24_AGCCACGGTCACCGCA	Tumour	-
GX24_AGCCACGGTGACAGCA	Tumour	-
GX24_AGCCAGCTCAAGAGGC	Tumour	-
GX24_AGCGCCAAGACGAGCT	Tumour	-
GX24_AGCGCCACACCATATG	Tumour	-
GX24_AGCGCCAGTGGACCAA	Tumour	-
GX24_AGCGCTGCAACAGTGG	Tumour	-
GX24_AGCGCTGTCCTTCTAA	Tumour	-
GX24_AGCGTATCATTGTGCA	Tumour	-
GX24_AGCTACAAGCCACTCG	Tumour	-
GX24_AGCTACAGTAGGACTG	Tumour	-
GX24_AGCTTCCAGCCTGAGA	Tumour	-
GX24_AGGAATACACTCCTGT	Tumour	-
GX24_AGGAATAGTCGTTGGC	Tumour	-
GX24_AGGACGAAGCGAGTCA	Tumour	-
GX24_AGGACGAGTGCCTACG	Tumour	-
GX24_AGGACTTAGCGCCTAC	Tumour	-
GX24_AGGACTTCAATCGCAT	Tumour	-
GX24_AGGACTTGTTGTTGCA	Tumour	-
GX24_AGGACTTTCCACGAAT	Tumour	-
GX24_AGGAGGTGTCGAACGA	Tumour	-
GX24_AGGATAACAAGACGGT	Tumour	-
GX24_AGGATCTGTAAGATTG	Tumour	-
GX24_AGGATCTGTCCAAATC	Tumour	-
GX24_AGGATCTTCCGCATAA	Tumour	-
GX24_AGGATCTTCCTAAACG	Tumour	-
GX24_AGGCATTTCGTCAACA	Tumour	-
GX24_AGGGAGTCAGAGGCAT	Tumour	-
GX24_AGGGAGTGTGGCTTAT	Tumour	-
GX24_AGGGAGTTCCTGATAG	Tumour	-
GX24_AGGGCCTCAAATGGCG	Tumour	-
GX24_AGGGCTCAGTTCCATG	Tumour	-
GX24_AGGGCTCTCGGCTTCT	Tumour	-
GX24_AGGGTCCAGGCGCTTC	Tumour	-
GX24_AGGGTCCCAAGAAATC	Tumour	-
GX24_AGGGTCCTCGAGAGCA	Tumour	-
GX24_AGGGTGACACCAAATC	Tumour	-
GX24_AGGGTGACATCTTAGG	Tumour	-
GX24_AGGGTTTTCTGTAAGC	Tumour	-
GX24_AGGTAGGAGGTGTGAC	Tumour	-
GX24_AGGTCATTCATCGTAG	Tumour	-
GX24_AGGTCATTCGTAGTGT	Tumour	-
GX24_AGGTCTAAGGCGTCCT	Tumour	-
GX24_AGGTGTTGTATCGAAA	Tumour	-
GX24_AGGTTACAGAAATTGC	Tumour	-
GX24_AGGTTACCATAGATGA	Tumour	-
GX24_AGGTTACGTCACCCTT	Tumour	-
GX24_AGTAACCAGCACCAGA	Tumour	-
GX24_AGTACTGAGCGGGTTA	Tumour	-
GX24_AGTACTGCACGGATCC	Tumour	-
GX24_AGTAGTCGTCGTCAGC	Tumour	-
GX24_AGTAGTCGTTCTTCAT	Tumour	-
GX24_AGTAGTCTCTCGCCTA	Tumour	-
GX24_AGTCACATCGCTATTT	Tumour	-
GX24_AGTGACTCAGGCCCTA	Tumour	-
GX24_AGTGATCCACTGCGTG	Tumour	-
GX24_AGTGATCCATCGTGCG	Tumour	-
GX24_AGTGCCGAGGACTAAT	Tumour	-
GX24_AGTGCCGGTACCTAGT	Tumour	-
GX24_AGTGCCGGTGCTCGTG	Tumour	-
GX24_AGTTAGCTCGAAGTGG	Tumour	-
GX24_AGTTCCCGTCCAGGTC	Tumour	-
GX24_AGTTCCCTCTGAGGTT	Tumour	-
GX24_AGTTCGAAGCAAACAT	Tumour	-
GX24_AGTTCGACATAGGTAA	Tumour	-
GX24_ATACCGAGTATAGCTC	Tumour	-
GX24_ATACCTTGTGTGTTTG	Tumour	-
GX24_ATACCTTTCCGGACTG	Tumour	-
GX24_ATACTTCGTATGCGGA	Tumour	-
GX24_ATAGACCAGGCCACCT	Tumour	-
GX24_ATAGACCGTATAGGAT	Tumour	-
GX24_ATAGGCTGTCAAAGCG	Tumour	-
GX24_ATCACGAGTTGCCTAA	Tumour	-
GX24_ATCACTTAGATACGAT	Tumour	-
GX24_ATCACTTGTCCAAAGG	Tumour	-
GX24_ATCACTTTCGCGTAGC	Tumour	-
GX24_ATCATTCAGCAAGGAA	Tumour	-
GX24_ATCCACCAGCCTCAGC	Tumour	-
GX24_ATCCACCCATGAATAG	Tumour	-
GX24_ATCCCTGGTTATGGTC	Tumour	-
GX24_ATCCGTCCAGAGCCCT	Tumour	-
GX24_ATCCGTCTCGGTGTTA	Tumour	-
GX24_ATCGATGAGGGACCAT	Tumour	-
GX24_ATCGATGGTTGACGGA	Tumour	-
GX24_ATCGATGGTTGGCTAT	Tumour	-
GX24_ATCGCCTTCTTTGGAG	Tumour	-
GX24_ATCGGATAGTTACGAA	Tumour	-
GX24_ATCGGCGAGTGGAAAG	Tumour	-
GX24_ATCGGCGCAACCGCTG	Tumour	-
GX24_ATCGGCGTCAGGAACG	Tumour	-
GX24_ATCGTAGAGAAACTGT	Tumour	-
GX24_ATCGTAGCATCCTATT	Tumour	-
GX24_ATCGTCCGTCGTGCCA	Tumour	-
GX24_ATCGTCCGTGCCGTTG	Tumour	-
GX24_ATCGTCCTCAATGTCG	Tumour	-
GX24_ATCGTCCTCGCCGAGT	Tumour	-
GX24_ATCTCTAAGTGCCGAA	Tumour	-
GX24_ATGAAAGTCACTAGCA	Tumour	-
GX24_ATGACCACAGGAATAT	Tumour	-
GX24_ATGACCACAGGTCCGT	Tumour	-
GX24_ATGACCAGTATACGGG	Tumour	-
GX24_ATGACCATCTGCATAG	Tumour	-
GX24_ATGATCGCAATTGAGA	Tumour	-
GX24_ATGATCGCATGTCAGT	Tumour	-
GX24_ATGATCGGTGTACGCC	Tumour	-
GX24_ATGCATGGTGAATAAC	Tumour	-
GX24_ATGCATGGTGGTCTGC	Tumour	-
GX24_ATGCCTCCAGCTTTGA	Tumour	-
GX24_ATGCGATTCTATACGG	Tumour	-
GX24_ATGCGATTCTTGCAAG	Tumour	-
GX24_ATGGAGGCAACACAAA	Tumour	-
GX24_ATGGAGGTCGTGGACC	Tumour	-
GX24_ATGGATCAGAAGGTAG	Tumour	-
GX24_ATGGATCGTTCTTGTT	Tumour	-
GX24_ATGGATCTCATTGGTG	Tumour	-
GX24_ATGGATCTCGTTCCTG	Tumour	-
GX24_ATGGTTGTCTTTGGAG	Tumour	-
GX24_ATGTCCCAGAGCGACT	Tumour	-
GX24_ATGTCCCCAAGCTCTA	Tumour	-
GX24_ATGTCTTAGGGAGGTG	Tumour	-
GX24_ATGTCTTTCCACCCTA	Tumour	-
GX24_ATTACCTCAAAGGATT	Tumour	-
GX24_ATTACCTCAGCTGCCA	Tumour	-
GX24_ATTACCTGTATGAAAC	Tumour	-
GX24_ATTACCTTCCAGCACG	Tumour	-
GX24_ATTACTCGTGTGTGGA	Tumour	-
GX24_ATTCAGGCATAGATGA	Tumour	-
GX24_ATTCAGGCATGACGAG	Tumour	-
GX24_ATTCATCCAATCCTTT	Tumour	-
GX24_ATTCATCTCATGTCAG	Tumour	-
GX24_ATTCCCGAGCTCCGAC	Tumour	-
GX24_ATTCGTTGTCCTCAGG	Tumour	-
GX24_ATTCGTTTCAGTGGGA	Tumour	-
GX24_ATTCTTGAGATGAATC	Tumour	-
GX24_ATTCTTGGTCACAGAG	Tumour	-
GX24_ATTCTTGGTCTACAGT	Tumour	-
GX24_ATTGGGTGTTCTCAGA	Tumour	-
GX24_ATTGGGTTCGGCACTG	Tumour	-
GX24_ATTGTTCCATTGAAGA	Tumour	-
GX24_ATTGTTCTCATACAGC	Tumour	-
GX24_ATTTACCCAATGTCAC	Tumour	-
GX24_ATTTCACCACGTTGGC	Tumour	-
GX24_ATTTCTGCAAAGGTTA	Tumour	-
GX24_ATTTCTGCAGGATGAC	Tumour	-
GX24_ATTTCTGCATTGTACG	Tumour	-
GX24_ATTTCTGGTATACCTG	Tumour	-
GX24_CAAAGAAGTTGTCATG	Tumour	-
GX24_CAACAACCAATGAAAC	Tumour	-
GX24_CAACCAATCAATCCAG	Tumour	-
GX24_CAACCTCCAAAGCTAA	Tumour	-
GX24_CAACCTCCACCTGCTT	Tumour	-
GX24_CAACCTCCACTTGGGC	Tumour	-
GX24_CAACCTCCAGCGACCT	Tumour	-
GX24_CAACCTCGTTCCACGG	Tumour	-
GX24_CAACGATCAGACCTAT	Tumour	-
GX24_CAACGATTCCTTGAAG	Tumour	-
GX24_CAACGGCAGAGAGTGA	Tumour	-
GX24_CAACGGCTCTAGGCCG	Tumour	-
GX24_CAAGACTCATTGACCA	Tumour	-
GX24_CAAGAGGCAGCGAGTA	Tumour	-
GX24_CAAGCTACATGAAAGT	Tumour	-
GX24_CAAGCTAGTGTCCGGT	Tumour	-
GX24_CAAGGGAAGTCACGCC	Tumour	-
GX24_CAAGGGACACCTAAAC	Tumour	-
GX24_CAAGGGATCTACTGAG	Tumour	-
GX24_CAATACGGTTTCCCAC	Tumour	-
GX24_CAATACGTCTCATGCC	Tumour	-
GX24_CAATGACCACGGGCTT	Tumour	-
GX24_CACAACAGTATAGCTC	Tumour	-
GX24_CACACAAGTGCAGATG	Tumour	-
GX24_CACAGATCAAGTGACG	Tumour	-
GX24_CACAGATTCGTAATGC	Tumour	-
GX24_CACAGGCAGCCAGACA	Tumour	-
GX24_CACAGGCCAGTTCCAA	Tumour	-
GX24_CACAGGCTCTGGGTCG	Tumour	-
GX24_CACATGAGTGCCAAGA	Tumour	-
GX24_CACATGAGTGGCCACT	Tumour	-
GX24_CACATGATCTGGCCGA	Tumour	-
GX24_CACCAAACAAAGCTAA	Tumour	-
GX24_CACCGTTTCCACTTTA	Tumour	-
GX24_CACGAATCAACGATTC	Tumour	-
GX24_CACGTGGCAGGTTCCG	Tumour	-
GX24_CACGTGGCATACCATG	Tumour	-
GX24_CACGTGGTCCCGTAAA	Tumour	-
GX24_CACGTTCAGGATATAC	Tumour	-
GX24_CACGTTCAGGCTTCCG	Tumour	-
GX24_CACGTTCTCAGTGATC	Tumour	-
GX24_CACTAAGTCCACTAGA	Tumour	-
GX24_CACTAAGTCTACTCAT	Tumour	-
GX24_CACTGAAAGTACCATC	Tumour	-
GX24_CACTGAACAACACGAG	Tumour	-
GX24_CACTGAATCACCCATC	Tumour	-
GX24_CACTGGGAGTAGTCAA	Tumour	-
GX24_CACTGTCAGTTATGGA	Tumour	-
GX24_CACTGTCCAAATCCCA	Tumour	-
GX24_CACTGTCCAGTTGTTG	Tumour	-
GX24_CACTTCGCATGACAGG	Tumour	-
GX24_CAGATACCAAACACGG	Tumour	-
GX24_CAGATACTCCTTCTGG	Tumour	-
GX24_CAGATACTCGATGGAG	Tumour	-
GX24_CAGATACTCTTGGCTC	Tumour	-
GX24_CAGATCAAGAGTTCGG	Tumour	-
GX24_CAGATCAGTTAAGACA	Tumour	-
GX24_CAGATTGAGGTAAAGG	Tumour	-
GX24_CAGATTGCATTAAGCC	Tumour	-
GX24_CAGATTGGTTCGTACA	Tumour	-
GX24_CAGATTGTCGCTTACC	Tumour	-
GX24_CAGCAGCGTTGTTGAC	Tumour	-
GX24_CAGCGTGGTTCTCACC	Tumour	-
GX24_CAGGCCAAGATTGCGG	Tumour	-
GX24_CAGGCCAAGTATGCAA	Tumour	-
GX24_CAGGCCACAACTGCTA	Tumour	-
GX24_CAGGGCTAGAGTGTTA	Tumour	-
GX24_CAGGGCTAGCTTCATG	Tumour	-
GX24_CAGGGCTAGTTGTCAC	Tumour	-
GX24_CAGGGCTGTACAGAAT	Tumour	-
GX24_CAGGGCTGTCCAATCA	Tumour	-
GX24_CAGGGCTGTCGATGCC	Tumour	-
GX24_CAGGTATCACCAAAGG	Tumour	-
GX24_CAGTGCGAGTGTGTTC	Tumour	-
GX24_CAGTGCGCATCGGAGA	Tumour	-
GX24_CAGTGCGTCATTCGGA	Tumour	-
GX24_CAGTTAGGTACGAAAT	Tumour	-
GX24_CAGTTCCAGACCTGGA	Tumour	-
GX24_CAGTTCCTCACTACGA	Tumour	-
GX24_CATAAGCTCAAGCCCG	Tumour	-
GX24_CATACAGGTAGCTTTG	Tumour	-
GX24_CATACAGGTGAATATG	Tumour	-
GX24_CATACCCCAGACGATG	Tumour	-
GX24_CATACCCTCGATACTG	Tumour	-
GX24_CATACTTGTGGCCCAT	Tumour	-
GX24_CATAGACGTGAGGCAT	Tumour	-
GX24_CATCGTCAGTACAGCG	Tumour	-
GX24_CATCGTCTCTCACGAA	Tumour	-
GX24_CATGAGTGTCAAACGG	Tumour	-
GX24_CATGCAAAGCCGATCC	Tumour	-
GX24_CATGCAATCGCTCTCA	Tumour	-
GX24_CATGCCTTCCGAAGGA	Tumour	-
GX24_CATGCCTTCTGGAGAG	Tumour	-
GX24_CATGCTCCAACCGCCA	Tumour	-
GX24_CATGGTACATCCTGTC	Tumour	-
GX24_CATTCATCAAATCGTC	Tumour	-
GX24_CATTCATGTCAGTCCG	Tumour	-
GX24_CATTCTAGTATACCTG	Tumour	-
GX24_CCAAGCGAGACCTGGA	Tumour	-
GX24_CCAAGCGGTCGTACAT	Tumour	-
GX24_CCAATGAAGGCATCAG	Tumour	-
GX24_CCAATGAAGTACAACA	Tumour	-
GX24_CCAATTTAGCTCATAC	Tumour	-
GX24_CCAATTTCATCGTCCT	Tumour	-
GX24_CCAATTTTCGATAACC	Tumour	-
GX24_CCACAAAAGTAATCCC	Tumour	-
GX24_CCACACTAGCGTTCCG	Tumour	-
GX24_CCACCATGTTAGGCCC	Tumour	-
GX24_CCACGAGTCTATACGG	Tumour	-
GX24_CCACGAGTCTATCACT	Tumour	-
GX24_CCACGTTAGAAGCGCT	Tumour	-
GX24_CCACGTTCATAGCACT	Tumour	-
GX24_CCACTTGCATCGTTCC	Tumour	-
GX24_CCACTTGGTCTAGTGT	Tumour	-
GX24_CCACTTGGTGAGCAGT	Tumour	-
GX24_CCACTTGGTGCCTAAT	Tumour	-
GX24_CCATAAGAGGTAAAGG	Tumour	-
GX24_CCATAAGCAATAGGAT	Tumour	-
GX24_CCATCACCACCCTGAG	Tumour	-
GX24_CCCAACTCATGTTACG	Tumour	-
GX24_CCCAACTTCCGCTGTT	Tumour	-
GX24_CCCGAAGTCTCCATAT	Tumour	-
GX24_CCCGAAGTCTCTATGT	Tumour	-
GX24_CCCTAACCATGAAGCG	Tumour	-
GX24_CCCTCAAAGCAATTCC	Tumour	-
GX24_CCCTCAAAGGACAAGA	Tumour	-
GX24_CCCTGATGTACGATCT	Tumour	-
GX24_CCCTGATTCAGAGCGA	Tumour	-
GX24_CCCTGATTCATAGGCT	Tumour	-
GX24_CCCTTAGCACTAGGCC	Tumour	-
GX24_CCCTTAGTCTTAGCTT	Tumour	-
GX24_CCGAACGAGTTTCGGT	Tumour	-
GX24_CCGATCTGTGACAGGT	Tumour	-
GX24_CCGATCTTCACTTCTA	Tumour	-
GX24_CCGATGGAGAGCCCAA	Tumour	-
GX24_CCGCAAGGTTCTCTCG	Tumour	-
GX24_CCGGGTATCGCTACAA	Tumour	-
GX24_CCGGTAGGTTACCCAA	Tumour	-
GX24_CCGTAGGAGCGACAGT	Tumour	-
GX24_CCGTAGGCACCAGCCA	Tumour	-
GX24_CCGTGAGCATACAGGG	Tumour	-
GX24_CCGTTCAAGGATACCG	Tumour	-
GX24_CCGTTCACATGAAAGT	Tumour	-
GX24_CCGTTCAGTACAGTAA	Tumour	-
GX24_CCTAACCCACCTATCC	Tumour	-
GX24_CCTAACCGTGTCCGGT	Tumour	-
GX24_CCTAACCGTTGGGAAC	Tumour	-
GX24_CCTAACCTCGGACTGC	Tumour	-
GX24_CCTAAGAAGACATAGT	Tumour	-
GX24_CCTACGTAGAATTCAG	Tumour	-
GX24_CCTACGTAGGGAACAA	Tumour	-
GX24_CCTATCGCAAACTCTG	Tumour	-
GX24_CCTCAACAGCTCCATA	Tumour	-
GX24_CCTCAACTCACCCATC	Tumour	-
GX24_CCTCAACTCCTCATAT	Tumour	-
GX24_CCTCACAGTCCCGTGA	Tumour	-
GX24_CCTCACATCATCGTAG	Tumour	-
GX24_CCTCAGTCACTCCGGA	Tumour	-
GX24_CCTCAGTTCTACACTT	Tumour	-
GX24_CCTCCAAAGGTATAGT	Tumour	-
GX24_CCTCCAAAGGTTCTAC	Tumour	-
GX24_CCTCCTCAGCAAATGT	Tumour	-
GX24_CCTCCTCCACATGAAA	Tumour	-
GX24_CCTCTAGTCCTCACCA	Tumour	-
GX24_CCTCTCCTCCCTAGGG	Tumour	-
GX24_CCTGCATGTCATGGCC	Tumour	-
GX24_CCTGCATGTCTGTGTA	Tumour	-
GX24_CCTGTTGTCTTCTTCC	Tumour	-
GX24_CCTTCAGCAGGGATAC	Tumour	-
GX24_CCTTCAGGTTGTAGCT	Tumour	-
GX24_CCTTGTGTCCTAGCTC	Tumour	-
GX24_CCTTTGGCAATCAAGA	Tumour	-
GX24_CCTTTGGCAGTGTGGA	Tumour	-
GX24_CCTTTGGTCAAGAAAC	Tumour	-
GX24_CCTTTGGTCACGGACC	Tumour	-
GX24_CGAAGGACAGCAAGAC	Tumour	-
GX24_CGAAGTTAGTCTCGTA	Tumour	-
GX24_CGAAGTTCACACGGAA	Tumour	-
GX24_CGAAGTTGTTGGGACA	Tumour	-
GX24_CGAATTGTCCCTTTGG	Tumour	-
GX24_CGACAGCGTAGGCAGT	Tumour	-
GX24_CGACAGCGTTGTACGT	Tumour	-
GX24_CGACAGCTCTGCGTCT	Tumour	-
GX24_CGAGAAGCATGCAGGA	Tumour	-
GX24_CGAGAAGGTCCTGTCT	Tumour	-
GX24_CGAGAAGGTGTTATCG	Tumour	-
GX24_CGAGGAATCACAACCA	Tumour	-
GX24_CGAGGAATCTCAGGCG	Tumour	-
GX24_CGAGGCTAGTGACCTT	Tumour	-
GX24_CGAGGCTGTTTCGACA	Tumour	-
GX24_CGAGGCTGTTTGGGAG	Tumour	-
GX24_CGAGGCTTCCGTGGTG	Tumour	-
GX24_CGAGTGCTCAAATGAG	Tumour	-
GX24_CGATGCGAGCCATCCG	Tumour	-
GX24_CGATGGCGTACAGTTC	Tumour	-
GX24_CGCAGGTAGGGAGAAT	Tumour	-
GX24_CGCAGGTTCGACCATA	Tumour	-
GX24_CGCATGGCAAGCTGCC	Tumour	-
GX24_CGCATGGTCGATCCAA	Tumour	-
GX24_CGCCATTTCAAGGAGC	Tumour	-
GX24_CGCGTGAGTACTGTTG	Tumour	-
GX24_CGGAACCCAAGCCATT	Tumour	-
GX24_CGGAACCGTCTGTGAT	Tumour	-
GX24_CGGAATTAGATAACAC	Tumour	-
GX24_CGGAATTAGTGGCAGT	Tumour	-
GX24_CGGACACAGATCCGAG	Tumour	-
GX24_CGGACACGTCAAGTTC	Tumour	-
GX24_CGGACACGTGACCGAA	Tumour	-
GX24_CGGACACTCAAGCCAT	Tumour	-
GX24_CGGACACTCGACGAGA	Tumour	-
GX24_CGGAGAAGTAGAGTTA	Tumour	-
GX24_CGGCAGTTCATGGCCG	Tumour	-
GX24_CGGGACTAGCGCCCAT	Tumour	-
GX24_CGGGCATGTTCGTTCC	Tumour	-
GX24_CGGGTCACAAGTCATC	Tumour	-
GX24_CGGGTGTAGACATAAC	Tumour	-
GX24_CGGGTGTAGGCGAAGG	Tumour	-
GX24_CGGTCAGCAACGGCTC	Tumour	-
GX24_CGTAAGTGTCGAACAG	Tumour	-
GX24_CGTAAGTTCGTTCTAT	Tumour	-
GX24_CGTAATGTCTACTGAG	Tumour	-
GX24_CGTGAATTCAAGCCTA	Tumour	-
GX24_CGTGATAAGCAAGGAA	Tumour	-
GX24_CGTGCTTCAGTCAACT	Tumour	-
GX24_CGTGCTTTCCCTCGTA	Tumour	-
GX24_CGTTAGACAAAGCTCT	Tumour	-
GX24_CGTTCTGGTTTGAACC	Tumour	-
GX24_CGTTGGGCACTTCTCG	Tumour	-
GX24_CTACAGACAGAAGCTG	Tumour	-
GX24_CTACAGATCCCGAGTG	Tumour	-
GX24_CTACAGATCGCCCAGA	Tumour	-
GX24_CTACATTAGGTACAGC	Tumour	-
GX24_CTACATTTCAGTCAGT	Tumour	-
GX24_CTACATTTCGCTGTTC	Tumour	-
GX24_CTACCCACATACAGGG	Tumour	-
GX24_CTACCCAGTGGACCTC	Tumour	-
GX24_CTACCTGTCCGGTAAT	Tumour	-
GX24_CTAGACACAGCTTTCC	Tumour	-
GX24_CTAGACAGTCACCCTT	Tumour	-
GX24_CTAGGTAGTTCAAAGA	Tumour	-
GX24_CTAGGTATCATCGACA	Tumour	-
GX24_CTATAGGAGTAACGAT	Tumour	-
GX24_CTATAGGCAAATGAAC	Tumour	-
GX24_CTCAACCTCTGGAGAG	Tumour	-
GX24_CTCAATTGTAGAGACC	Tumour	-
GX24_CTCACTGCATCAACCA	Tumour	-
GX24_CTCAGAACACTAGTAC	Tumour	-
GX24_CTCAGAATCAACCCGG	Tumour	-
GX24_CTCAGGGTCAAGCCCG	Tumour	-
GX24_CTCATGCCAGGGCTTC	Tumour	-
GX24_CTCATGCGTGTCATGT	Tumour	-
GX24_CTCATTACATACCGTA	Tumour	-
GX24_CTCATTATCTCCATAT	Tumour	-
GX24_CTCCCAATCAGGTGTT	Tumour	-
GX24_CTCCGATTCAATCCAG	Tumour	-
GX24_CTCCTCCGTTGCCATA	Tumour	-
GX24_CTCCTTTGTATAGCTC	Tumour	-
GX24_CTCCTTTGTTCAAAGA	Tumour	-
GX24_CTCCTTTTCGAACCTA	Tumour	-
GX24_CTCGAGGAGGTCCGAA	Tumour	-
GX24_CTCGAGGGTCTCAGGC	Tumour	-
GX24_CTCTCAGCAAATCAAG	Tumour	-
GX24_CTCTCAGCAATTCTTC	Tumour	-
GX24_CTCTCAGTCGGTCTGG	Tumour	-
GX24_CTCTCGAAGGATACCG	Tumour	-
GX24_CTCTCGAAGGTTTACC	Tumour	-
GX24_CTCTCGACAGATGCGA	Tumour	-
GX24_CTCTCGATCCGTACGG	Tumour	-
GX24_CTCTCGATCGTAGGGA	Tumour	-
GX24_CTCTGGTTCTCCGCAT	Tumour	-
GX24_CTGAATGTCTCTCTAA	Tumour	-
GX24_CTGAGCGAGATTAGTG	Tumour	-
GX24_CTGAGGCAGCCTTCTC	Tumour	-
GX24_CTGATCCGTTTGTTGG	Tumour	-
GX24_CTGCAGGTCTATGCCC	Tumour	-
GX24_CTGCATCAGTAACCGG	Tumour	-
GX24_CTGCCATGTTGTCCCT	Tumour	-
GX24_CTGCCATTCCTAGCCT	Tumour	-
GX24_CTGGACGCAGTGGGTA	Tumour	-
GX24_CTGGCAGAGCCTTCTC	Tumour	-
GX24_CTGGCAGGTATCGCTA	Tumour	-
GX24_CTGGCAGTCCCGAGGT	Tumour	-
GX24_CTGGTCTAGGGTCACA	Tumour	-
GX24_CTGGTCTCACCCAACG	Tumour	-
GX24_CTGTACCCATCCGTGG	Tumour	-
GX24_CTGTACCCATGAATAG	Tumour	-
GX24_CTGTATTAGCGTTGTT	Tumour	-
GX24_CTGTATTTCCTTCTTC	Tumour	-
GX24_CTGTCGTCACAGTGTT	Tumour	-
GX24_CTGTGAAGTTCAGCGC	Tumour	-
GX24_CTGTGGGTCTCGTGAA	Tumour	-
GX24_CTTACCGAGGTAGTCG	Tumour	-
GX24_CTTACCGCAAATCAAG	Tumour	-
GX24_CTTAGGAAGAACTCCT	Tumour	-
GX24_CTTAGGACAAGTATCC	Tumour	-
GX24_CTTCAATAGTTTGAGA	Tumour	-
GX24_CTTCAATGTGCTTATG	Tumour	-
GX24_CTTCAATTCCCGTTGT	Tumour	-
GX24_CTTCCGATCCAAATGC	Tumour	-
GX24_CTTCTAAAGGACTTCT	Tumour	-
GX24_CTTCTCTCATGGTGGA	Tumour	-
GX24_CTTCTCTGTCGTCAGC	Tumour	-
GX24_CTTGAGAGTAGGTGCA	Tumour	-
GX24_CTTGAGAGTTTAAGGA	Tumour	-
GX24_CTTGATTAGTGATAAC	Tumour	-
GX24_CTTGATTTCGACATTG	Tumour	-
GX24_CTTGATTTCTTGTGCC	Tumour	-
GX24_CTTTCAATCTCTGACC	Tumour	-
GX24_CTTTCGGCACTACAGT	Tumour	-
GX24_GAAACCTTCCATCTCG	Tumour	-
GX24_GAAATGATCAAACCCA	Tumour	-
GX24_GAACACTGTTCCTACC	Tumour	-
GX24_GAACGTTGTCGACGCT	Tumour	-
GX24_GAACGTTTCACTGGGC	Tumour	-
GX24_GAACGTTTCATTGTTC	Tumour	-
GX24_GAACTGTGTGTCCACG	Tumour	-
GX24_GAACTGTTCTCATTGT	Tumour	-
GX24_GAAGAATAGATTAGTG	Tumour	-
GX24_GAAGAATGTCACTACA	Tumour	-
GX24_GAAGAATGTGCAGGAT	Tumour	-
GX24_GAAGGACTCGGTTAGT	Tumour	-
GX24_GAAGGGTAGCTGACTT	Tumour	-
GX24_GAAGTAAGTCCGGACT	Tumour	-
GX24_GAAGTAATCAGGACGA	Tumour	-
GX24_GAATCACGTCATAAAG	Tumour	-
GX24_GAATCGTAGTGAATAC	Tumour	-
GX24_GAATCGTCAGCGACAA	Tumour	-
GX24_GACACGCAGGCCTTCG	Tumour	-
GX24_GACACGCTCCATCTCG	Tumour	-
GX24_GACATCAAGTAACCGG	Tumour	-
GX24_GACCAATTCTAGTACG	Tumour	-
GX24_GACCCAGGTCCTGGGT	Tumour	-
GX24_GACCCTTGTACCTAAC	Tumour	-
GX24_GACCGTGCACGCCAGT	Tumour	-
GX24_GACCGTGCAGCGTAGA	Tumour	-
GX24_GACCTTCGTACAGTCT	Tumour	-
GX24_GACCTTCTCGCACGAC	Tumour	-
GX24_GACGCTGAGCGTACAG	Tumour	-
GX24_GACGCTGGTCTAATCG	Tumour	-
GX24_GACGCTGTCTACTGCC	Tumour	-
GX24_GACGTTAAGGATTTAG	Tumour	-
GX24_GACTATGAGGTAGTCG	Tumour	-
GX24_GACTATGGTTACGTAC	Tumour	-
GX24_GACTCAATCTCTGACC	Tumour	-
GX24_GACTCTCAGGTCTGGA	Tumour	-
GX24_GACTCTCCACCTAAAC	Tumour	-
GX24_GACTCTCCAGGGAGAG	Tumour	-
GX24_GACTCTCTCATCCCGT	Tumour	-
GX24_GACTGATCAGCGACCT	Tumour	-
GX24_GACTTCCGTTGGCCGT	Tumour	-
GX24_GAGAAATGTTATTCCT	Tumour	-
GX24_GAGACCCAGCATTGTC	Tumour	-
GX24_GAGACCCAGTGCAGCA	Tumour	-
GX24_GAGACCCCATATCTGG	Tumour	-
GX24_GAGACTTTCGACCCAG	Tumour	-
GX24_GAGAGGTAGACCTCAT	Tumour	-
GX24_GAGAGGTGTCCGGACT	Tumour	-
GX24_GAGATGGGTTCGCGTG	Tumour	-
GX24_GAGCCTGCATCATGAC	Tumour	-
GX24_GAGCCTGGTTGATGTC	Tumour	-
GX24_GAGCCTGTCAGCTAGT	Tumour	-
GX24_GAGCTGCCAGCGTTTA	Tumour	-
GX24_GAGGCAATCGAGTCTA	Tumour	-
GX24_GAGGCCTGTCTGGTTA	Tumour	-
GX24_GAGGGATGTACGAGTG	Tumour	-
GX24_GAGGGTAAGAATGTTG	Tumour	-
GX24_GAGGGTAAGCCGTCGT	Tumour	-
GX24_GAGGGTAAGCGACATG	Tumour	-
GX24_GAGGGTACACTGCGTG	Tumour	-
GX24_GAGGGTAGTGACCTGC	Tumour	-
GX24_GAGTCATAGACCTCCG	Tumour	-
GX24_GAGTCATCATCCTGTC	Tumour	-
GX24_GAGTCATGTTAGAAGT	Tumour	-
GX24_GAGTCATTCAACGCTA	Tumour	-
GX24_GAGTCTAAGTAGACAT	Tumour	-
GX24_GAGTTACAGGCATCTT	Tumour	-
GX24_GAGTTACGTTAAACCC	Tumour	-
GX24_GAGTTGTTCCGTAATG	Tumour	-
GX24_GAGTTTGCATCGATCA	Tumour	-
GX24_GATAGAAAGTAACCTC	Tumour	-
GX24_GATAGAAGTGGCAGAT	Tumour	-
GX24_GATAGCTGTATCTTCT	Tumour	-
GX24_GATCACATCTCCGAGG	Tumour	-
GX24_GATCATGCAAATTAGG	Tumour	-
GX24_GATCATGGTGCACATT	Tumour	-
GX24_GATCCCTAGCTGTGCC	Tumour	-
GX24_GATCCCTAGGAAACGA	Tumour	-
GX24_GATCCCTTCTCCTGCA	Tumour	-
GX24_GATCGTAAGACATCAA	Tumour	-
GX24_GATCGTACACTATGTG	Tumour	-
GX24_GATGACTCAAGTGGCA	Tumour	-
GX24_GATGAGGGTTGCGGAA	Tumour	-
GX24_GATGAGGTCGAACCAT	Tumour	-
GX24_GATGATCCAGCGTATT	Tumour	-
GX24_GATGGAGTCGAACCTA	Tumour	-
GX24_GATTCGACAACCAACT	Tumour	-
GX24_GATTCTTCAACTCCCT	Tumour	-
GX24_GATTCTTCATCTCAAG	Tumour	-
GX24_GCAACCGCAGTGACCC	Tumour	-
GX24_GCAACCGGTATCGTAC	Tumour	-
GX24_GCACATAAGGCCTGAA	Tumour	-
GX24_GCACATACACTCTGCT	Tumour	-
GX24_GCACGTGGTCCCGGTA	Tumour	-
GX24_GCACTAATCGCGCCAA	Tumour	-
GX24_GCAGCCACACATGAAA	Tumour	-
GX24_GCAGCCAGTGACTAAA	Tumour	-
GX24_GCAGCCATCATGGATC	Tumour	-
GX24_GCAGCCATCGTTCTAT	Tumour	-
GX24_GCAGCTGAGGAGGTTC	Tumour	-
GX24_GCAGCTGAGTTAACAG	Tumour	-
GX24_GCAGCTGCACCATAAC	Tumour	-
GX24_GCAGTTAAGATTAGCA	Tumour	-
GX24_GCATCGGAGAGGGTAA	Tumour	-
GX24_GCATCTCGTGTTACTG	Tumour	-
GX24_GCATTAGAGATGCAGC	Tumour	-
GX24_GCATTAGTCTCTCAAT	Tumour	-
GX24_GCCAACGCACGAAAGC	Tumour	-
GX24_GCCAACGGTCGTATGT	Tumour	-
GX24_GCCAGCACAATTCTTC	Tumour	-
GX24_GCCAGCACACTGTGAT	Tumour	-
GX24_GCCAGGTAGCGCCTTG	Tumour	-
GX24_GCCAGGTTCGAGCACC	Tumour	-
GX24_GCCAGTGAGTTCCAGT	Tumour	-
GX24_GCCATGGAGCGTGAGT	Tumour	-
GX24_GCCCGAAAGTATTCCG	Tumour	-
GX24_GCCGTGAGTAGCACAG	Tumour	-
GX24_GCCGTGAGTTTCCCAC	Tumour	-
GX24_GCCTGTTGTTGCATTG	Tumour	-
GX24_GCGAGAACAGGTCAGA	Tumour	-
GX24_GCGGAAACACGAGAAC	Tumour	-
GX24_GCGGAAACAGCGTGCT	Tumour	-
GX24_GCGGAAACATCGGCCA	Tumour	-
GX24_GCGGAAAGTCCGGCAT	Tumour	-
GX24_GCGGAAAGTGTTCCTC	Tumour	-
GX24_GCGTGCACAATAGGAT	Tumour	-
GX24_GCGTTTCTCTTGGTCC	Tumour	-
GX24_GCTACAAGTCATATGC	Tumour	-
GX24_GCTACCTGTCACTACA	Tumour	-
GX24_GCTCAAAAGGTGCCAA	Tumour	-
GX24_GCTCAAATCCATAGAC	Tumour	-
GX24_GCTCAAATCCGTCAAA	Tumour	-
GX24_GCTGAATTCTCACTCG	Tumour	-
GX24_GCTGCAGGTCTCAGAT	Tumour	-
GX24_GCTGGGTCATCCGAGC	Tumour	-
GX24_GCTTCACGTTCCTAGA	Tumour	-
GX24_GCTTCACTCTAAGGAA	Tumour	-
GX24_GCTTGGGGTTTCTATC	Tumour	-
GX24_GCTTGGGTCCGATTAG	Tumour	-
GX24_GGAAGTGCACAAGCAG	Tumour	-
GX24_GGAATCTGTCGCTCGA	Tumour	-
GX24_GGAATGGAGAGCATAT	Tumour	-
GX24_GGACGTCAGGAACGAA	Tumour	-
GX24_GGACGTCAGGTAGTCG	Tumour	-
GX24_GGAGAACCATTCACAG	Tumour	-
GX24_GGAGATGTCCTGTTGC	Tumour	-
GX24_GGAGCAAAGTAATTGG	Tumour	-
GX24_GGAGGTAAGCACGATG	Tumour	-
GX24_GGATCTAGTGTCTTGA	Tumour	-
GX24_GGATCTAGTTGTTGCA	Tumour	-
GX24_GGATGTTCAGGACTAG	Tumour	-
GX24_GGATGTTGTGAGTGAC	Tumour	-
GX24_GGATGTTTCTCCGAAA	Tumour	-
GX24_GGCAGTCAGCTTCATG	Tumour	-
GX24_GGCAGTCTCTTCTGGC	Tumour	-
GX24_GGCTGTGAGCGGCTCT	Tumour	-
GX24_GGCTGTGTCGAAGGAC	Tumour	-
GX24_GGCTTGGCATATGCGT	Tumour	-
GX24_GGCTTGGCATCATTTC	Tumour	-
GX24_GGCTTGGTCATCTCTA	Tumour	-
GX24_GGCTTTCGTTGGATCT	Tumour	-
GX24_GGGAAGTAGGGCAAGG	Tumour	-
GX24_GGGAAGTCAGTCAGCC	Tumour	-
GX24_GGGACAACATTAAGCC	Tumour	-
GX24_GGGACCTAGTATGATG	Tumour	-
GX24_GGGACCTTCCAGGACC	Tumour	-
GX24_GGGACTCCAGCCTACG	Tumour	-
GX24_GGGAGATCACAGTCAT	Tumour	-
GX24_GGGAGATCAGGACAGT	Tumour	-
GX24_GGGAGATTCGGCATTA	Tumour	-
GX24_GGGATCCAGGGAGAAT	Tumour	-
GX24_GGGATCCGTAGACAGC	Tumour	-
GX24_GGGATGATCGGTAGGA	Tumour	-
GX24_GGGCCATGTTGTGTAC	Tumour	-
GX24_GGGCTACCAATACAGA	Tumour	-
GX24_GGGCTACGTATGCTTG	Tumour	-
GX24_GGGCTACTCTGTCGCT	Tumour	-
GX24_GGGCTACTCTTTGCAT	Tumour	-
GX24_GGGCTCAAGCTTTGTG	Tumour	-
GX24_GGGCTCACACTACCGG	Tumour	-
GX24_GGGCTCAGTGACCGTC	Tumour	-
GX24_GGGTAGACAAAGAACT	Tumour	-
GX24_GGGTATTAGACATACA	Tumour	-
GX24_GGGTATTTCGTCGGGT	Tumour	-
GX24_GGGTCACCAAGAGTTA	Tumour	-
GX24_GGGTGTCTCGGCCCAA	Tumour	-
GX24_GGGTTATAGTCATGAA	Tumour	-
GX24_GGGTTTAAGCTCTGTA	Tumour	-
GX24_GGGTTTACAGAGTCTT	Tumour	-
GX24_GGTAACTCATTCCTAT	Tumour	-
GX24_GGTAATCCAAGTCCAT	Tumour	-
GX24_GGTAGAGAGGTCGAGT	Tumour	-
GX24_GGTAGAGCAATTGCGT	Tumour	-
GX24_GGTCTGGAGATAGCAT	Tumour	-
GX24_GGTCTGGTCTCCGTGT	Tumour	-
GX24_GGTGAAGAGGACGCTA	Tumour	-
GX24_GGTGGCTCAATACCTG	Tumour	-
GX24_GGTGGCTCAATCTGCA	Tumour	-
GX24_GGTGGCTTCCAGGACC	Tumour	-
GX24_GGTGTCGAGCTAAATG	Tumour	-
GX24_GGTGTCGGTCTAATCG	Tumour	-
GX24_GGTGTCGGTGGGCTCT	Tumour	-
GX24_GGTGTCGGTTCCTACC	Tumour	-
GX24_GGTGTTACATTGCTTT	Tumour	-
GX24_GGTGTTAGTGTTGAGG	Tumour	-
GX24_GGTGTTATCCTTCGAC	Tumour	-
GX24_GGTTAACAGCGGGTAT	Tumour	-
GX24_GGTTAACTCCGCGAGT	Tumour	-
GX24_GGTTCTCTCTTTCAGT	Tumour	-
GX24_GGTTGTAGTGAGACCA	Tumour	-
GX24_GGTTGTATCGAGAACG	Tumour	-
GX24_GTAACACGTATCGGTT	Tumour	-
GX24_GTAACACGTGTTCGAT	Tumour	-
GX24_GTAACCATCAACACGT	Tumour	-
GX24_GTAAGTCAGTAATTGG	Tumour	-
GX24_GTAATCGAGACCAAGC	Tumour	-
GX24_GTACAACCAAAGACGC	Tumour	-
GX24_GTACAACGTAGGCTCC	Tumour	-
GX24_GTAGAAAAGCACAAAT	Tumour	-
GX24_GTAGAAAGTGTGGTCC	Tumour	-
GX24_GTAGAAAGTGTTACTG	Tumour	-
GX24_GTAGAAAGTTCGGCGT	Tumour	-
GX24_GTAGAAATCTTCACAT	Tumour	-
GX24_GTAGATCGTCCGGTGT	Tumour	-
GX24_GTAGATCTCATGCGGC	Tumour	-
GX24_GTAGCTAGTCACTCGG	Tumour	-
GX24_GTAGGAGAGGGCCAAT	Tumour	-
GX24_GTAGGAGGTCCAAATC	Tumour	-
GX24_GTAGGTTTCACCTCTG	Tumour	-
GX24_GTAGGTTTCCCGAGGT	Tumour	-
GX24_GTATTGGTCTGTACAG	Tumour	-
GX24_GTCAAGTCATCAGCTA	Tumour	-
GX24_GTCACGGTCAGCGCGT	Tumour	-
GX24_GTCACGGTCTTCTTCC	Tumour	-
GX24_GTCACTCTCGCCTTGT	Tumour	-
GX24_GTCAGCGGTTCAGTAC	Tumour	-
GX24_GTCATCCCAAGAGTAT	Tumour	-
GX24_GTCATGACATCGGATT	Tumour	-
GX24_GTCATTTCAGTCGAGA	Tumour	-
GX24_GTCCCATTCCTCAGAA	Tumour	-
GX24_GTCCCATTCGCTGACG	Tumour	-
GX24_GTCCTCACACTACAGT	Tumour	-
GX24_GTCCTCATCCCTTGGT	Tumour	-
GX24_GTCCTCATCTGCGTCT	Tumour	-
GX24_GTCGAATAGATTGCGG	Tumour	-
GX24_GTCGAATCAACGATTC	Tumour	-
GX24_GTCGAATGTTGGTAGG	Tumour	-
GX24_GTCGCGATCTCGCGTT	Tumour	-
GX24_GTCGTAAAGATACGAT	Tumour	-
GX24_GTCGTAACAGATGCGA	Tumour	-
GX24_GTCGTTCAGTCCCGGT	Tumour	-
GX24_GTCGTTCCATGCCGAC	Tumour	-
GX24_GTCTAGATCTTAGGAC	Tumour	-
GX24_GTCTAGATCTTGGCTC	Tumour	-
GX24_GTCTCACGTTATTCCT	Tumour	-
GX24_GTCTCACTCGCTGCGA	Tumour	-
GX24_GTCTGTCGTTGCATCA	Tumour	-
GX24_GTGAGCCCAGTTTCAG	Tumour	-
GX24_GTGAGCCTCAGTCACA	Tumour	-
GX24_GTGAGGACAATACAGA	Tumour	-
GX24_GTGATGTGTTCCTTGC	Tumour	-
GX24_GTGATGTTCTGCGGGT	Tumour	-
GX24_GTGCAGCAGAGCAGTC	Tumour	-
GX24_GTGCAGCGTATCACCA	Tumour	-
GX24_GTGCTTCAGTAACAGT	Tumour	-
GX24_GTGGAAGAGTGCACTT	Tumour	-
GX24_GTGGAAGCATCCCGTT	Tumour	-
GX24_GTGGAAGGTGCGTGCT	Tumour	-
GX24_GTGGCGTGTCCGACGT	Tumour	-
GX24_GTGGGAACACAAACGG	Tumour	-
GX24_GTGTAACCAAGTATCC	Tumour	-
GX24_GTGTGATGTACTGCGC	Tumour	-
GX24_GTGTGATGTAGAGACC	Tumour	-
GX24_GTGTGGCCAAGCGAGT	Tumour	-
GX24_GTGTGGCCAGGAGACT	Tumour	-
GX24_GTGTTAGAGAGGATCC	Tumour	-
GX24_GTGTTCCCAAACACGG	Tumour	-
GX24_GTGTTCCCACTTCAGA	Tumour	-
GX24_GTGTTCCTCGTTGTGA	Tumour	-
GX24_GTTACCCGTCTGGTTA	Tumour	-
GX24_GTTACCCGTTAGCTAC	Tumour	-
GX24_GTTACGAGTTATGACC	Tumour	-
GX24_GTTAGACAGAAACTGT	Tumour	-
GX24_GTTAGACCACTACCCT	Tumour	-
GX24_GTTAGACCAGTCTGGC	Tumour	-
GX24_GTTAGTGAGTATAACG	Tumour	-
GX24_GTTAGTGAGTTCCTGA	Tumour	-
GX24_GTTATGGGTCCTCATC	Tumour	-
GX24_GTTCCGTCACAGGATG	Tumour	-
GX24_GTTCGCTAGTCATAGA	Tumour	-
GX24_GTTCGCTAGTCATGCT	Tumour	-
GX24_GTTCGCTCAAAGCAAT	Tumour	-
GX24_GTTCGCTCACAAATCC	Tumour	-
GX24_GTTCTATCACCAGGTC	Tumour	-
GX24_GTTCTATGTGATACCT	Tumour	-
GX24_GTTGAACAGACTGTTC	Tumour	-
GX24_GTTGAACAGGTACCTT	Tumour	-
GX24_GTTGAACGTGAGTCAG	Tumour	-
GX24_GTTGCTCTCGGCGATC	Tumour	-
GX24_GTTGTAGTCGACCTAA	Tumour	-
GX24_GTTGTCCTCCGTGTCT	Tumour	-
GX24_GTTGTCCTCTTGGCTC	Tumour	-
GX24_GTTTACTCACTTCTCG	Tumour	-
GX24_GTTTACTCAGGTCAGA	Tumour	-
GX24_GTTTGGAAGCAGTAAT	Tumour	-
GX24_GTTTGGAGTCGAACGA	Tumour	-
GX24_TAACCAGCATATACCG	Tumour	-
GX24_TAACGACCAGGCAATG	Tumour	-
GX24_TAACGACGTCACTGAT	Tumour	-
GX24_TAACTTCAGGCTGTAG	Tumour	-
GX24_TAACTTCCACGGCTAC	Tumour	-
GX24_TAAGCCAGTCTCGACG	Tumour	-
GX24_TAAGCCATCGGAACTT	Tumour	-
GX24_TAAGCGTAGCCGAATG	Tumour	-
GX24_TAAGCGTGTTATTCTC	Tumour	-
GX24_TAATTCCCACCAGTAT	Tumour	-
GX24_TAATTCCCACCTGCAG	Tumour	-
GX24_TAATTCCTCGGTCTGG	Tumour	-
GX24_TACAACGCAAGACAAT	Tumour	-
GX24_TACAACGGTAGACACG	Tumour	-
GX24_TACAACGGTGTCTAAC	Tumour	-
GX24_TACAGGTAGTAGGCCA	Tumour	-
GX24_TACAGGTTCATCCTAT	Tumour	-
GX24_TACAGGTTCCGTATAG	Tumour	-
GX24_TACATTCTCTACTGCC	Tumour	-
GX24_TACCCACAGGAGATAG	Tumour	-
GX24_TACCCACGTGATTCTG	Tumour	-
GX24_TACCCGTGTACGCTAT	Tumour	-
GX24_TACCCGTTCTCTTAAC	Tumour	-
GX24_TACCCGTTCTGCAGCG	Tumour	-
GX24_TACCGGGGTCACTGAT	Tumour	-
GX24_TACCTGCAGGGATGTC	Tumour	-
GX24_TACCTGCTCACCGGGT	Tumour	-
GX24_TACGCTCGTTGTTTGG	Tumour	-
GX24_TACGCTCTCGGTGTAT	Tumour	-
GX24_TACGTCCGTCGGTGTC	Tumour	-
GX24_TACGTCCGTCTTGCTC	Tumour	-
GX24_TACGTCCTCAAGAGGC	Tumour	-
GX24_TACTGCCTCCCATAAG	Tumour	-
GX24_TACTTACGTCGACTTA	Tumour	-
GX24_TACTTGTAGTGCCGAA	Tumour	-
GX24_TACTTGTCAACATCGT	Tumour	-
GX24_TACTTGTCACCTCAGG	Tumour	-
GX24_TACTTGTGTCGCAACC	Tumour	-
GX24_TAGAGTCAGCAGGTCA	Tumour	-
GX24_TAGAGTCAGCGCATCC	Tumour	-
GX24_TAGAGTCTCTGACAGT	Tumour	-
GX24_TAGATCGCATGCACTA	Tumour	-
GX24_TAGATCGGTGAGAGGG	Tumour	-
GX24_TAGCACAAGCATGATA	Tumour	-
GX24_TAGCACAAGGTCTTTG	Tumour	-
GX24_TAGCACACAACCCTCT	Tumour	-
GX24_TAGGAGGGTAGGCTGA	Tumour	-
GX24_TAGGAGGGTTCTATCT	Tumour	-
GX24_TAGGGTTAGGCCTGAA	Tumour	-
GX24_TAGGGTTGTGATACTC	Tumour	-
GX24_TAGGGTTTCGACCCAG	Tumour	-
GX24_TAGGTACGTCAAGCCC	Tumour	-
GX24_TAGGTTGAGTTGTAAG	Tumour	-
GX24_TAGGTTGCAGATCCTA	Tumour	-
GX24_TAGGTTGGTACTCCGG	Tumour	-
GX24_TAGGTTGGTGGCTAGA	Tumour	-
GX24_TAGGTTGTCGAGCCTG	Tumour	-
GX24_TAGGTTGTCGCCAGTG	Tumour	-
GX24_TAGTGCAAGAAGAACG	Tumour	-
GX24_TAGTGCATCCGCACGA	Tumour	-
GX24_TATACCTCATTGAAAG	Tumour	-
GX24_TATACCTTCATAGACC	Tumour	-
GX24_TATATCCCACGAAAGC	Tumour	-
GX24_TATCAGGAGTGATTCC	Tumour	-
GX24_TATCAGGCACTGCGAC	Tumour	-
GX24_TATCAGGGTATGTGTC	Tumour	-
GX24_TATCAGGGTCGAAGCA	Tumour	-
GX24_TATCCTATCGTCGATA	Tumour	-
GX24_TATCGCCAGTCATTGC	Tumour	-
GX24_TATCGCCCATGGCTAT	Tumour	-
GX24_TATCTTGTCATCGTAG	Tumour	-
GX24_TATCTTGTCCCTAGGG	Tumour	-
GX24_TATGTTCCAAACTAGA	Tumour	-
GX24_TATTGCTCAACGCCCA	Tumour	-
GX24_TATTGCTCATCCCGTT	Tumour	-
GX24_TATTGGGAGGGTGGGA	Tumour	-
GX24_TATTGGGGTACCGGAA	Tumour	-
GX24_TATTTCGAGACGGATC	Tumour	-
GX24_TATTTCGTCGATTTCT	Tumour	-
GX24_TCAAGACTCGTGGAAG	Tumour	-
GX24_TCAAGCACACACCTTC	Tumour	-
GX24_TCAAGCAGTGCATCTA	Tumour	-
GX24_TCAATCTCACAAGGTG	Tumour	-
GX24_TCAATTCAGGTTACAA	Tumour	-
GX24_TCAATTCGTAGCTCGC	Tumour	-
GX24_TCAATTCGTCGCATGC	Tumour	-
GX24_TCAATTCTCAAGCTGT	Tumour	-
GX24_TCACATTCATCCTATT	Tumour	-
GX24_TCACATTGTAGCCCTG	Tumour	-
GX24_TCACGGGGTAACGGTG	Tumour	-
GX24_TCACGGGGTTCGGCGT	Tumour	-
GX24_TCACTCGGTCGACGCT	Tumour	-
GX24_TCACTCGTCTCAGAAC	Tumour	-
GX24_TCAGCAACAAATTGCC	Tumour	-
GX24_TCAGCAACATCGCTCT	Tumour	-
GX24_TCAGCCTCAACTTGGT	Tumour	-
GX24_TCAGCCTGTTCAACGT	Tumour	-
GX24_TCAGGTAAGGTACCTT	Tumour	-
GX24_TCAGGTAGTGCGGATA	Tumour	-
GX24_TCAGTGACACCTCAGG	Tumour	-
GX24_TCAGTTTGTAGGGTAC	Tumour	-
GX24_TCAGTTTGTCTGCGCA	Tumour	-
GX24_TCATACTTCTACCTTA	Tumour	-
GX24_TCATATCAGCATCGAG	Tumour	-
GX24_TCATATCGTGTACATC	Tumour	-
GX24_TCATATCGTTAGAAGT	Tumour	-
GX24_TCATCATAGCCACAAG	Tumour	-
GX24_TCATGAGCAAGAAACT	Tumour	-
GX24_TCATGAGGTGGCCCAT	Tumour	-
GX24_TCATGAGTCACCCATC	Tumour	-
GX24_TCATGCCAGAGTTGAT	Tumour	-
GX24_TCATGCCAGCCTTGAT	Tumour	-
GX24_TCATGTTAGCTGGCCT	Tumour	-
GX24_TCATGTTGTCGAATTC	Tumour	-
GX24_TCATTACGTGACTGAG	Tumour	-
GX24_TCATTACTCGCCAGTG	Tumour	-
GX24_TCATTCACAAATAAGC	Tumour	-
GX24_TCATTCAGTCCGGACT	Tumour	-
GX24_TCATTGTAGCAATAAC	Tumour	-
GX24_TCATTGTCAACGCCCA	Tumour	-
GX24_TCATTGTGTGTAGCAG	Tumour	-
GX24_TCATTGTGTTGAGTCT	Tumour	-
GX24_TCCACGTCACAACGTT	Tumour	-
GX24_TCCACGTCACCAGCTG	Tumour	-
GX24_TCCAGAAAGCCTGTGC	Tumour	-
GX24_TCCAGAAGTGATACAA	Tumour	-
GX24_TCCATCGAGAGCCGAT	Tumour	-
GX24_TCCATCGTCCTCAGAA	Tumour	-
GX24_TCCCACATCTAGCCTC	Tumour	-
GX24_TCCCACATCTCCAAGA	Tumour	-
GX24_TCCCAGTTCACTGATG	Tumour	-
GX24_TCCCATGAGCGATCGA	Tumour	-
GX24_TCCGAAAAGGGAGTGG	Tumour	-
GX24_TCCGAAAGTCTAGGTT	Tumour	-
GX24_TCCGATCAGCTTCGTA	Tumour	-
GX24_TCCGATCGTTGTTTGG	Tumour	-
GX24_TCCGGGAAGACTGTTC	Tumour	-
GX24_TCCGGGATCATTGTTC	Tumour	-
GX24_TCCGTGTTCACCTTAT	Tumour	-
GX24_TCCTAATGTCACCGAC	Tumour	-
GX24_TCCTCCCTCAATCCAG	Tumour	-
GX24_TCCTCGAAGAAATTCG	Tumour	-
GX24_TCCTCGATCTGCTCTG	Tumour	-
GX24_TCCTCTTTCCACAAGT	Tumour	-
GX24_TCCTGCACAAGCGCTC	Tumour	-
GX24_TCCTGCAGTGCACGCT	Tumour	-
GX24_TCCTTCTAGTCTGGAG	Tumour	-
GX24_TCCTTCTCATTCCTAT	Tumour	-
GX24_TCGAACAAGATCACCT	Tumour	-
GX24_TCGAAGTAGCAGCAGT	Tumour	-
GX24_TCGAAGTCATCGCTCT	Tumour	-
GX24_TCGAAGTGTATGAAGT	Tumour	-
GX24_TCGACCTAGCAACCAG	Tumour	-
GX24_TCGACCTAGGCTTCCG	Tumour	-
GX24_TCGACGGCAGGTTCAT	Tumour	-
GX24_TCGACGGTCCATTGTT	Tumour	-
GX24_TCGACGGTCTGATTCT	Tumour	-
GX24_TCGATTTAGCTAAGTA	Tumour	-
GX24_TCGCACTGTGCTCCGA	Tumour	-
GX24_TCGCAGGAGTACAGAT	Tumour	-
GX24_TCGCAGGGTCTCGCGA	Tumour	-
GX24_TCGCTCACACAGCATT	Tumour	-
GX24_TCGGATAAGCATACTC	Tumour	-
GX24_TCGGATAGTGGTCCCA	Tumour	-
GX24_TCGGGACTCAAACCCA	Tumour	-
GX24_TCGGGCATCACGATAC	Tumour	-
GX24_TCGGGCATCGGTTAGT	Tumour	-
GX24_TCGGGTGGTGCAGATG	Tumour	-
GX24_TCGGTCTCAGTGGTGA	Tumour	-
GX24_TCGTAGAAGCAGTAAT	Tumour	-
GX24_TCGTAGATCACCCTCA	Tumour	-
GX24_TCGTCCATCTTGGAAC	Tumour	-
GX24_TCGTGCTAGCAATTAG	Tumour	-
GX24_TCTACATTCTGAATCG	Tumour	-
GX24_TCTACCGCACACCTTC	Tumour	-
GX24_TCTACCGTCATTACGG	Tumour	-
GX24_TCTATCAAGCTGCCAC	Tumour	-
GX24_TCTCACGAGTCTAGAA	Tumour	-
GX24_TCTCACGAGTTTGTCG	Tumour	-
GX24_TCTCACGGTTCTCTCG	Tumour	-
GX24_TCTCAGCAGGGAACAA	Tumour	-
GX24_TCTCCGAGTCGACGCT	Tumour	-
GX24_TCTCCGAGTTCAAACC	Tumour	-
GX24_TCTCCGATCTAGACAC	Tumour	-
GX24_TCTGGCTAGCAATTCC	Tumour	-
GX24_TCTGGCTGTATGACAA	Tumour	-
GX24_TCTGGCTTCAGCTAGT	Tumour	-
GX24_TCTGTCGAGTTGTAGA	Tumour	-
GX24_TCTGTCGCACTACTTT	Tumour	-
GX24_TCTGTCGTCAACACGT	Tumour	-
GX24_TCTTAGTAGCACCAGA	Tumour	-
GX24_TCTTAGTCAATACCTG	Tumour	-
GX24_TCTTAGTCAGGTTCCG	Tumour	-
GX24_TCTTAGTGTTGACTAC	Tumour	-
GX24_TCTTGCGGTTCATCTT	Tumour	-
GX24_TCTTTGACACAGCTTA	Tumour	-
GX24_TCTTTGATCAAAGGTA	Tumour	-
GX24_TCTTTGATCGATGCTA	Tumour	-
GX24_TGAATCGAGCTCTTCC	Tumour	-
GX24_TGAATCGGTGCTAGCC	Tumour	-
GX24_TGACAGTGTAGTCGTT	Tumour	-
GX24_TGACTCCGTGCATGTT	Tumour	-
GX24_TGAGACTCAGCTGGTC	Tumour	-
GX24_TGAGCGCGTCCAGCGT	Tumour	-
GX24_TGAGGAGGTATTGGCT	Tumour	-
GX24_TGAGGAGGTCACATTG	Tumour	-
GX24_TGAGGTTCAAATGGAT	Tumour	-
GX24_TGAGTCATCACAGAGG	Tumour	-
GX24_TGAGTCATCGGTTAGT	Tumour	-
GX24_TGATCTTAGCATCTTG	Tumour	-
GX24_TGATCTTGTGCTCTCT	Tumour	-
GX24_TGATGCAGTAGAGCTG	Tumour	-
GX24_TGATGGTTCGAGAGCA	Tumour	-
GX24_TGATTCTGTGTAAATG	Tumour	-
GX24_TGATTCTTCCTCAGAA	Tumour	-
GX24_TGCACGGCAAGTATCC	Tumour	-
GX24_TGCACGGGTACTGTTG	Tumour	-
GX24_TGCACGGGTCGCTTGG	Tumour	-
GX24_TGCAGGCGTACAGTTC	Tumour	-
GX24_TGCAGTACACTATCGA	Tumour	-
GX24_TGCAGTATCAGAATAG	Tumour	-
GX24_TGCATCCAGCAAGGAA	Tumour	-
GX24_TGCATGATCGACGACC	Tumour	-
GX24_TGCCGAGGTCGCACGT	Tumour	-
GX24_TGCGACGAGAAGGCTC	Tumour	-
GX24_TGCGACGAGGTAGTCG	Tumour	-
GX24_TGCGACGGTCGTCGGT	Tumour	-
GX24_TGCGATATCGCTCCTA	Tumour	-
GX24_TGCGGCAAGCAATTCC	Tumour	-
GX24_TGCTCCAGTGGCAACA	Tumour	-
GX24_TGCTCGTTCACTTGGA	Tumour	-
GX24_TGCTGAACATCCTAAG	Tumour	-
GX24_TGGAGGACAATGGCCC	Tumour	-
GX24_TGGCGTGAGAGGATCC	Tumour	-
GX24_TGGCGTGGTCTGGTTA	Tumour	-
GX24_TGGGAAGGTTCAAAGA	Tumour	-
GX24_TGGGAAGTCACAATGC	Tumour	-
GX24_TGGGAGAAGATGTAGT	Tumour	-
GX24_TGGGAGACAGGAGGAG	Tumour	-
GX24_TGGGATTAGGATGCGT	Tumour	-
GX24_TGGGATTCAAAGGCAC	Tumour	-
GX24_TGGGATTGTAGAGACC	Tumour	-
GX24_TGGGATTTCATAAGGA	Tumour	-
GX24_TGGGATTTCCGTATAG	Tumour	-
GX24_TGGGCGTCAAGACGGT	Tumour	-
GX24_TGGGCTGAGAAGGTAG	Tumour	-
GX24_TGGGCTGGTCCTACGG	Tumour	-
GX24_TGGGCTGGTCTCGGAC	Tumour	-
GX24_TGGGCTGGTGCCCAGT	Tumour	-
GX24_TGGTACATCGTCTACC	Tumour	-
GX24_TGGTAGTAGTCATAGA	Tumour	-
GX24_TGGTTAGAGGAGGCAG	Tumour	-
GX24_TGGTTAGAGGTAGCAC	Tumour	-
GX24_TGGTTAGGTACACGCC	Tumour	-
GX24_TGTAACGGTAGCTAAA	Tumour	-
GX24_TGTAACGGTCAGACGA	Tumour	-
GX24_TGTAAGCGTCTACAAC	Tumour	-
GX24_TGTAGACAGCAGGCAT	Tumour	-
GX24_TGTAGACAGCATACTC	Tumour	-
GX24_TGTCAGATCCAATCTT	Tumour	-
GX24_TGTCCACGTATTCTCT	Tumour	-
GX24_TGTCCACTCACCGCTT	Tumour	-
GX24_TGTCCACTCATCCTGC	Tumour	-
GX24_TGTCCACTCTCTCCGA	Tumour	-
GX24_TGTCCCAGTTCGTGCG	Tumour	-
GX24_TGTCCCAGTTCTCGTC	Tumour	-
GX24_TGTCCTGAGGCTCACC	Tumour	-
GX24_TGTCCTGTCATGTCTT	Tumour	-
GX24_TGTGATGTCCCGAATA	Tumour	-
GX24_TGTGCGGTCAGTCCGG	Tumour	-
GX24_TGTGCGGTCGAGAGAC	Tumour	-
GX24_TGTGGCGGTACGCTAT	Tumour	-
GX24_TGTGGCGTCGCCAGTG	Tumour	-
GX24_TGTGTGACACCCTATC	Tumour	-
GX24_TGTTCCGAGCATACTC	Tumour	-
GX24_TGTTCCGCACAAGCCC	Tumour	-
GX24_TGTTCCGTCCACACCT	Tumour	-
GX24_TGTTCTAAGTGCCGAA	Tumour	-
GX24_TGTTCTAGTTGTGCAT	Tumour	-
GX24_TGTTGAGGTCTCTCAC	Tumour	-
GX24_TGTTGAGTCCCATTCG	Tumour	-
GX24_TGTTTGTAGTCTAGCT	Tumour	-
GX24_TGTTTGTCATTGCCGG	Tumour	-
GX24_TGTTTGTGTGCAGATG	Tumour	-
GX24_TGTTTGTTCCTTCACG	Tumour	-
GX24_TTAATCCTCCCAATAG	Tumour	-
GX24_TTACAGGAGACCAACG	Tumour	-
GX24_TTACAGGCAAGAAACT	Tumour	-
GX24_TTACCATAGTCATAGA	Tumour	-
GX24_TTACCATCAGTCCGTG	Tumour	-
GX24_TTACGCCAGGCGCTCT	Tumour	-
GX24_TTACGTTCATGGCTAT	Tumour	-
GX24_TTACGTTGTGTTGCCG	Tumour	-
GX24_TTACGTTTCTAGTTCT	Tumour	-
GX24_TTACTGTCATACCGTA	Tumour	-
GX24_TTAGGCAGTAAGTTAG	Tumour	-
GX24_TTAGGGTTCATCCTAT	Tumour	-
GX24_TTCAATCGTAATTGGA	Tumour	-
GX24_TTCAATCTCATGGAGG	Tumour	-
GX24_TTCACCGCAAGTATCC	Tumour	-
GX24_TTCACCGTCGGCACTG	Tumour	-
GX24_TTCACGCCACAAATCC	Tumour	-
GX24_TTCACGCTCGTTCCTG	Tumour	-
GX24_TTCAGGAGTCACTGAT	Tumour	-
GX24_TTCAGGATCGCCGATG	Tumour	-
GX24_TTCATGTCATTGAGGG	Tumour	-
GX24_TTCCAATCATTCAGGT	Tumour	-
GX24_TTCCAATGTCTCGACG	Tumour	-
GX24_TTCCGTGCAAGAGTGC	Tumour	-
GX24_TTCCGTGCAATTCGTG	Tumour	-
GX24_TTCCGTGTCGTGTGGC	Tumour	-
GX24_TTCCTCTTCATCACTT	Tumour	-
GX24_TTCCTTCAGTGTGTTC	Tumour	-
GX24_TTCCTTCTCAGTCACA	Tumour	-
GX24_TTCGCTGCATAGCACT	Tumour	-
GX24_TTCGGTCAGACGCTCC	Tumour	-
GX24_TTCGGTCAGCTCCCTT	Tumour	-
GX24_TTCTAACAGGGATCAC	Tumour	-
GX24_TTCTAACTCCCTTTGG	Tumour	-
GX24_TTCTAACTCTGGGTCG	Tumour	-
GX24_TTCTAGTCATCGCTGG	Tumour	-
GX24_TTCTAGTGTTTGATCG	Tumour	-
GX24_TTCTAGTTCTTGGTCC	Tumour	-
GX24_TTCTCTCGTGTCTTAG	Tumour	-
GX24_TTCTCTCTCTCGTGAA	Tumour	-
GX24_TTCTGTAGTCGTATTG	Tumour	-
GX24_TTCTTCCGTCACAGTT	Tumour	-
GX24_TTCTTGACACCCGTAG	Tumour	-
GX24_TTGACCCAGACGAAGA	Tumour	-
GX24_TTGAGTGCACAGTCGC	Tumour	-
GX24_TTGAGTGGTGACCGTC	Tumour	-
GX24_TTGCATTGTAACGATA	Tumour	-
GX24_TTGCATTTCGGTGTTA	Tumour	-
GX24_TTGCCTGTCTGCTAGA	Tumour	-
GX24_TTGGGATTCGAGAGCA	Tumour	-
GX24_TTGGGCGAGGCAATGC	Tumour	-
GX24_TTGGGTACACAAATGA	Tumour	-
GX24_TTGGGTAGTGATAGAT	Tumour	-
GX24_TTGGTTTCACCATTCC	Tumour	-
GX24_TTGGTTTGTCGTTGGC	Tumour	-
GX24_TTGTGTTAGGGACACT	Tumour	-
GX24_TTGTGTTCACATGGTT	Tumour	-
GX24_TTGTGTTGTACGGATG	Tumour	-
GX24_TTGTGTTGTGCGAACA	Tumour	-
GX24_TTGTGTTTCAAATAGG	Tumour	-
GX24_TTGTTGTAGACTTGTC	Tumour	-
GX24_TTGTTGTCACTAACCA	Tumour	-
GX24_TTGTTGTCATATACCG	Tumour	-
GX24_TTGTTGTGTAACGGTG	Tumour	-
GX24_TTGTTGTTCTCATGGA	Tumour	-
GX24_TTGTTTGCATTGACTG	Tumour	-
GX24_TTGTTTGGTCATAAAG	Tumour	-
GX24_TTTACTGCAGGAATCG	Tumour	-
GX24_TTTAGTCAGGTCCCTG	Tumour	-
GX24_TTTATGCCAAATCAGA	Tumour	-
GX24_TTTATGCGTATGTCTG	Tumour	-
GX24_TTTCACATCCGTAGTA	Tumour	-
GX24_TTTCAGTAGCCAGTAG	Tumour	-
GX24_TTTCAGTCAGACCTGC	Tumour	-
GX24_TTTCAGTTCGAGTGAG	Tumour	-
GX24_TTTCGATTCATCAGTG	Tumour	-
GX24_TTTGACTGTAGGAGTC	Tumour	-
GX24_TTTGACTGTGTAGGAC	Tumour	-
GX24_TTTGATCAGTATTCCG	Tumour	-
GX24_TTTGATCCACGGTCTG	Tumour	-
GX24_TTTGATCGTCCACGCA	Tumour	-
GX24_TTTGATCGTTCATCTT	Tumour	-
GX24_TTTGATCTCTCTTAAC	Tumour	-
GX24_TTTGGAGGTAGTATAG	Tumour	-
GX24_TTTGTTGCACAGTCAT	Tumour	-
GX24_TTTGTTGTCTTAGGAC	Tumour	-
GX23_AAACCCACACACACTA	Tumour	-
GX23_AAACCCATCAATGCAC	Tumour	-
GX23_AAACGAAAGATGACAT	Tumour	-
GX23_AAACGAACAACGATTC	Tumour	-
GX23_AAACGAACAGCGTGAA	Tumour	-
GX23_AAACGAATCGGATAAA	Tumour	-
GX23_AAACGCTCAAGCTCTA	Tumour	-
GX23_AAACGCTGTCTCCTGT	Tumour	-
GX23_AAACGCTGTTTACCAG	Tumour	-
GX23_AAACGCTTCACATTGG	Tumour	-
GX23_AAACGCTTCTCTCAAT	Tumour	-
GX23_AAAGAACAGTGCTCAT	Tumour	-
GX23_AAAGAACCAGCAGTGA	Tumour	-
GX23_AAAGAACGTGTAGGAC	Tumour	-
GX23_AAAGAACTCCATCTGC	Tumour	-
GX23_AAAGGATAGGGCAAGG	Tumour	-
GX23_AAAGGATCAATACGCT	Tumour	-
GX23_AAAGGGCCATGCAGGA	Tumour	-
GX23_AAAGGTATCCGCAGTG	Tumour	-
GX23_AAAGTCCAGCTGGTGA	Tumour	-
GX23_AAAGTCCCACAACGAG	Tumour	-
GX23_AAAGTCCCAGACCATT	Tumour	-
GX23_AAAGTCCCAGATCACT	Tumour	-
GX23_AAAGTCCGTTCCGCTT	Tumour	-
GX23_AAAGTGAAGTTATGGA	Tumour	-
GX23_AAAGTGATCTGAGATC	Tumour	-
GX23_AAATGGAAGGCATTTC	Tumour	-
GX23_AAATGGACACTGCTTC	Tumour	-
GX23_AAATGGATCTATCGTT	Tumour	-
GX23_AACAACCAGATTAGAC	Tumour	-
GX23_AACAACCGTCCACACG	Tumour	-
GX23_AACAACCGTCCTCCTA	Tumour	-
GX23_AACAACCGTGTGTCCG	Tumour	-
GX23_AACAAGAGTACTCGAT	Tumour	-
GX23_AACACACGTGCTCTCT	Tumour	-
GX23_AACACACTCAACCTCC	Tumour	-
GX23_AACAGGGAGCGGACAT	Tumour	-
GX23_AACAGGGTCCATTTGT	Tumour	-
GX23_AACCAACAGTGCAAAT	Tumour	-
GX23_AACCAACGTACAGTAA	Tumour	-
GX23_AACCAACTCCGCACTT	Tumour	-
GX23_AACCAACTCTGCAGCG	Tumour	-
GX23_AACCACAAGGAACTCG	Tumour	-
GX23_AACCACACAATAGTCC	Tumour	-
GX23_AACCACAGTGCACGCT	Tumour	-
GX23_AACCACAGTGGCTGAA	Tumour	-
GX23_AACCACATCAAGTGTC	Tumour	-
GX23_AACCATGAGAGGTATT	Tumour	-
GX23_AACCATGAGATGGGCT	Tumour	-
GX23_AACCATGAGCTTCTAG	Tumour	-
GX23_AACCATGCATGACTAC	Tumour	-
GX23_AACCATGTCATCCTGC	Tumour	-
GX23_AACCATGTCCTTGAAG	Tumour	-
GX23_AACCCAAGTCATGCAT	Tumour	-
GX23_AACCCAAGTTGATGTC	Tumour	-
GX23_AACCTGACATATCTGG	Tumour	-
GX23_AACCTGAGTAGATCCT	Tumour	-
GX23_AACCTGAGTCTTCATT	Tumour	-
GX23_AACCTGATCAGTCTTT	Tumour	-
GX23_AACCTTTAGCCTCACG	Tumour	-
GX23_AACCTTTCAGTGAGCA	Tumour	-
GX23_AACCTTTTCAAGCGTT	Tumour	-
GX23_AACGGGAAGCTCTATG	Tumour	-
GX23_AACGGGACAATCGAAA	Tumour	-
GX23_AACGGGAGTGCCCTTT	Tumour	-
GX23_AACGGGATCACTCGAA	Tumour	-
GX23_AACGTCATCCCGAAAT	Tumour	-
GX23_AACTTCTGTAGGACCA	Tumour	-
GX23_AAGAACAAGTTACGGG	Tumour	-
GX23_AAGAACAGTACGATGG	Tumour	-
GX23_AAGAACAGTGACAGCA	Tumour	-
GX23_AAGAACAGTGTAGCAG	Tumour	-
GX23_AAGAACATCAGGAAGC	Tumour	-
GX23_AAGAACATCGCCGAAC	Tumour	-
GX23_AAGACAAAGTCAACAA	Tumour	-
GX23_AAGACAACATCTCATT	Tumour	-
GX23_AAGACAATCCCTCATG	Tumour	-
GX23_AAGACTCAGCTCCACG	Tumour	-
GX23_AAGACTCCAGCTCTGG	Tumour	-
GX23_AAGACTCTCCGCGATG	Tumour	-
GX23_AAGATAGAGCTCATAC	Tumour	-
GX23_AAGATAGGTCGCATGC	Tumour	-
GX23_AAGCATCAGTTAGAAC	Tumour	-
GX23_AAGCATCGTCCCGTGA	Tumour	-
GX23_AAGCCATGTCTGTCCT	Tumour	-
GX23_AAGCGAGCAGATGCGA	Tumour	-
GX23_AAGCGAGCATACGCAT	Tumour	-
GX23_AAGCGAGTCAGTGATC	Tumour	-
GX23_AAGCGAGTCCATCAGA	Tumour	-
GX23_AAGCGAGTCGCCGAAC	Tumour	-
GX23_AAGCGTTGTACGATGG	Tumour	-
GX23_AAGCGTTTCAGTCACA	Tumour	-
GX23_AAGGAATAGCATGCGA	Tumour	-
GX23_AAGGAATCAGAAGCGT	Tumour	-
GX23_AAGGAATGTCAAGCGA	Tumour	-
GX23_AAGGAATGTTATCTTC	Tumour	-
GX23_AAGGAATTCGGTTGTA	Tumour	-
GX23_AAGGTAAAGCAACAGC	Tumour	-
GX23_AAGGTAACATGGGTTT	Tumour	-
GX23_AAGGTAAGTACAATAG	Tumour	-
GX23_AAGGTAAGTCTGCGCA	Tumour	-
GX23_AAGTACCAGAGTGTGC	Tumour	-
GX23_AAGTACCAGATTACCC	Tumour	-
GX23_AAGTACCCAAGTGGCA	Tumour	-
GX23_AAGTACCCAGGCCCTA	Tumour	-
GX23_AAGTACCTCTCTTAAC	Tumour	-
GX23_AAGTCGTAGCATCGAG	Tumour	-
GX23_AAGTCGTAGTTAACGA	Tumour	-
GX23_AAGTCGTCAATCTGCA	Tumour	-
GX23_AAGTCGTCATACAGCT	Tumour	-
GX23_AAGTGAATCACTTGGA	Tumour	-
GX23_AAGTGAATCGTGCTCT	Tumour	-
GX23_AAGTTCGAGCGATCGA	Tumour	-
GX23_AATAGAGCAATCTGCA	Tumour	-
GX23_AATAGAGGTCGTACAT	Tumour	-
GX23_AATAGAGTCCGTGTCT	Tumour	-
GX23_AATCACGGTAACATAG	Tumour	-
GX23_AATCACGGTACTAGCT	Tumour	-
GX23_AATCACGGTCGCGTCA	Tumour	-
GX23_AATCACGGTGTCTCCT	Tumour	-
GX23_AATCACGTCATCACAG	Tumour	-
GX23_AATCACGTCCAACACA	Tumour	-
GX23_AATCGACCAAGCCTGC	Tumour	-
GX23_AATCGACCATCCAACA	Tumour	-
GX23_AATCGACGTAGGTCAG	Tumour	-
GX23_AATCGTGAGGGTAATT	Tumour	-
GX23_AATCGTGTCACCTTGC	Tumour	-
GX23_AATGAAGGTCGGTACC	Tumour	-
GX23_AATGCCAAGCATGTTC	Tumour	-
GX23_AATGCCAAGTAATCCC	Tumour	-
GX23_AATGGAATCGACGACC	Tumour	-
GX23_AATGGCTAGAGTTCGG	Tumour	-
GX23_AATGGCTAGCCATTGT	Tumour	-
GX23_AATGGCTTCACCTCGT	Tumour	-
GX23_AATTCCTGTACCAATC	Tumour	-
GX23_AATTTCCAGGGAGGTG	Tumour	-
GX23_AATTTCCCAACCACAT	Tumour	-
GX23_AATTTCCCAATCTCTT	Tumour	-
GX23_AATTTCCGTTAAACCC	Tumour	-
GX23_ACAAAGAAGGGAGTGG	Tumour	-
GX23_ACAAAGACAGATTTCG	Tumour	-
GX23_ACAAAGACAGTCTACA	Tumour	-
GX23_ACAAAGATCCATCTCG	Tumour	-
GX23_ACAAAGATCTCCACTG	Tumour	-
GX23_ACAACCAAGGTTACAA	Tumour	-
GX23_ACAACCAAGTTGCTGT	Tumour	-
GX23_ACAACCACAACCAATC	Tumour	-
GX23_ACAACCAGTTTAGACC	Tumour	-
GX23_ACAACCATCTCCTGCA	Tumour	-
GX23_ACAAGCTAGGTGAGCT	Tumour	-
GX23_ACAAGCTCACATATCG	Tumour	-
GX23_ACAAGCTCACGGTGAA	Tumour	-
GX23_ACAAGCTGTAAGCAAT	Tumour	-
GX23_ACAAGCTTCCCGAGAC	Tumour	-
GX23_ACACAGTAGAGTGTGC	Tumour	-
GX23_ACACAGTCAATTGAGA	Tumour	-
GX23_ACACAGTCACGGTGCT	Tumour	-
GX23_ACACCAAAGCGTATGG	Tumour	-
GX23_ACACGCGGTGATTCTG	Tumour	-
GX23_ACACTGAAGAACGTGC	Tumour	-
GX23_ACACTGAAGGTGCCAA	Tumour	-
GX23_ACAGAAAAGACTGGGT	Tumour	-
GX23_ACAGAAAAGAGCATTA	Tumour	-
GX23_ACAGCCGCAGCACGAA	Tumour	-
GX23_ACAGGGAAGGAAGAAC	Tumour	-
GX23_ACAGGGACACATTACG	Tumour	-
GX23_ACATCCCAGCCTCTTC	Tumour	-
GX23_ACATCCCCAATGTCAC	Tumour	-
GX23_ACATCCCGTTCTTAGG	Tumour	-
GX23_ACATGCAAGATTACCC	Tumour	-
GX23_ACATGCAAGCAAGCCA	Tumour	-
GX23_ACATGCAAGTTGTCAC	Tumour	-
GX23_ACATGCACAGCGGTCT	Tumour	-
GX23_ACATGCACATCCGTTC	Tumour	-
GX23_ACATGCAGTCTGGTTA	Tumour	-
GX23_ACATGCATCTAAGGAA	Tumour	-
GX23_ACATTTCTCCATCGTC	Tumour	-
GX23_ACCAAACGTATTGACC	Tumour	-
GX23_ACCAACAGTATCGCTA	Tumour	-
GX23_ACCACAAAGTCCCAAT	Tumour	-
GX23_ACCACAACACCGTGCA	Tumour	-
GX23_ACCACAACAGGTCCCA	Tumour	-
GX23_ACCACAATCGAAGTGG	Tumour	-
GX23_ACCATTTAGCCACCGT	Tumour	-
GX23_ACCATTTAGCCGGATA	Tumour	-
GX23_ACCATTTAGGTATCTC	Tumour	-
GX23_ACCCAAAAGAGTGAAG	Tumour	-
GX23_ACCCAAAAGGTACCTT	Tumour	-
GX23_ACCCAAACATCCTTCG	Tumour	-
GX23_ACCCTCATCCATCACC	Tumour	-
GX23_ACCCTCATCGGTGTTA	Tumour	-
GX23_ACCCTTGAGAGAATCT	Tumour	-
GX23_ACCCTTGAGCCTCCAG	Tumour	-
GX23_ACCCTTGAGCGCCCAT	Tumour	-
GX23_ACCCTTGAGGGTCTTT	Tumour	-
GX23_ACCCTTGAGTTGTAAG	Tumour	-
GX23_ACCGTTCAGGATGTTA	Tumour	-
GX23_ACCGTTCCAAGTACCT	Tumour	-
GX23_ACCGTTCGTGCCTGCA	Tumour	-
GX23_ACCGTTCTCAAGGACG	Tumour	-
GX23_ACCTGAAGTAGCGCCT	Tumour	-
GX23_ACCTGTCCAGATTAAG	Tumour	-
GX23_ACCTGTCGTGTGCCTG	Tumour	-
GX23_ACCTGTCGTTCATCGA	Tumour	-
GX23_ACCTGTCTCCGCATAA	Tumour	-
GX23_ACGATCAAGATGTTAG	Tumour	-
GX23_ACGATCAAGTGGTTAA	Tumour	-
GX23_ACGATGTTCGCCATAA	Tumour	-
GX23_ACGGAAGAGGTGGTTG	Tumour	-
GX23_ACGGAAGTCCATCTCG	Tumour	-
GX23_ACGGGTCCAGGCACTC	Tumour	-
GX23_ACGGGTCTCGTGTGGC	Tumour	-
GX23_ACGGTCGCAGCACAAG	Tumour	-
GX23_ACGGTTACAGCACAGA	Tumour	-
GX23_ACGGTTAGTCGTGCCA	Tumour	-
GX23_ACGGTTATCAAGAATG	Tumour	-
GX23_ACGTAACTCATTCACT	Tumour	-
GX23_ACGTACAAGCCACTCG	Tumour	-
GX23_ACGTAGTAGTAGTCCT	Tumour	-
GX23_ACGTAGTCACGCTATA	Tumour	-
GX23_ACGTAGTTCCGATAGT	Tumour	-
GX23_ACGTCCTCAAAGGGCT	Tumour	-
GX23_ACGTCCTCAATGGCAG	Tumour	-
GX23_ACGTCCTTCAAGCCTA	Tumour	-
GX23_ACGTTCCCAAATGGCG	Tumour	-
GX23_ACGTTCCCAGATCATC	Tumour	-
GX23_ACGTTCCTCGATTTCT	Tumour	-
GX23_ACTACGAAGCCTAGGA	Tumour	-
GX23_ACTACGAGTAGTTAGA	Tumour	-
GX23_ACTACGATCAACCTCC	Tumour	-
GX23_ACTATCTAGATAGTGT	Tumour	-
GX23_ACTATCTGTACTCGAT	Tumour	-
GX23_ACTATCTGTCAAAGAT	Tumour	-
GX23_ACTATCTTCTGGGCCA	Tumour	-
GX23_ACTATGGGTCTTGTCC	Tumour	-
GX23_ACTATTCTCACCTTGC	Tumour	-
GX23_ACTCTCGAGTCTAGCT	Tumour	-
GX23_ACTCTCGCAAAGGATT	Tumour	-
GX23_ACTCTCGGTCGTACTA	Tumour	-
GX23_ACTGATGGTATCGTAC	Tumour	-
GX23_ACTGATGTCACACCGG	Tumour	-
GX23_ACTGATGTCATCCTAT	Tumour	-
GX23_ACTGCAAAGTACGTCT	Tumour	-
GX23_ACTGCAACATCCAATG	Tumour	-
GX23_ACTGCAACATGAAGGC	Tumour	-
GX23_ACTGTCCAGTAGTCCT	Tumour	-
GX23_ACTGTGAAGACGCATG	Tumour	-
GX23_ACTGTGAAGCGTGTTT	Tumour	-
GX23_ACTGTGAAGGGTACGT	Tumour	-
GX23_ACTGTGAGTCGTACAT	Tumour	-
GX23_ACTGTGAGTGTGCTTA	Tumour	-
GX23_ACTTAGGCACAGTCCG	Tumour	-
GX23_ACTTAGGCATGACACT	Tumour	-
GX23_ACTTAGGTCTGATGGT	Tumour	-
GX23_ACTTAGGTCTGGCTGG	Tumour	-
GX23_ACTTAGGTCTTACCGC	Tumour	-
GX23_ACTTATCCACTACCCT	Tumour	-
GX23_ACTTCCGAGGCGATAC	Tumour	-
GX23_ACTTCCGCACTCCCTA	Tumour	-
GX23_ACTTCCGCATTAAGCC	Tumour	-
GX23_ACTTCCGTCACGGGCT	Tumour	-
GX23_ACTTCCGTCAGGAAGC	Tumour	-
GX23_ACTTCCGTCGGTTCAA	Tumour	-
GX23_ACTTCGCCAGTGCCTG	Tumour	-
GX23_ACTTTCAAGACGTCCC	Tumour	-
GX23_ACTTTCAAGCACACCC	Tumour	-
GX23_ACTTTCATCACCGACG	Tumour	-
GX23_ACTTTGTAGCTGACAG	Tumour	-
GX23_ACTTTGTAGGTCATCT	Tumour	-
GX23_ACTTTGTGTCATAAAG	Tumour	-
GX23_ACTTTGTTCACTGTCC	Tumour	-
GX23_ACTTTGTTCAGCTTGA	Tumour	-
GX23_ACTTTGTTCCAACTGA	Tumour	-
GX23_AGAAATGAGGCGTTAG	Tumour	-
GX23_AGAAATGCACTTGGCG	Tumour	-
GX23_AGAAATGCATTAGGCT	Tumour	-
GX23_AGAAATGTCCTACGGG	Tumour	-
GX23_AGAACAACACATTCTT	Tumour	-
GX23_AGAACAACACTAGAGG	Tumour	-
GX23_AGAACAACAGAGGGTT	Tumour	-
GX23_AGAACAATCAGTGCGC	Tumour	-
GX23_AGAACAATCTTGAGCA	Tumour	-
GX23_AGAACCTAGTGAATAC	Tumour	-
GX23_AGAACCTCATGTAACC	Tumour	-
GX23_AGAAGCGCATCCGAGC	Tumour	-
GX23_AGAAGCGTCCCTTCCC	Tumour	-
GX23_AGAAGTAAGCACTCCG	Tumour	-
GX23_AGACAAACAGCAGACA	Tumour	-
GX23_AGACAAATCCCAAGTA	Tumour	-
GX23_AGACAAATCGTCGGGT	Tumour	-
GX23_AGACACTAGTCGGCCT	Tumour	-
GX23_AGACACTAGTGCCAGA	Tumour	-
GX23_AGACAGGAGCACCAGA	Tumour	-
GX23_AGACAGGAGTTGCGCC	Tumour	-
GX23_AGACAGGCAACGTAAA	Tumour	-
GX23_AGACAGGCAGCATGCC	Tumour	-
GX23_AGACAGGTCTAGTACG	Tumour	-
GX23_AGACCATAGCTCGTGC	Tumour	-
GX23_AGACCATCAAGAGTAT	Tumour	-
GX23_AGACCATCACACACGC	Tumour	-
GX23_AGACCATTCACCGCTT	Tumour	-
GX23_AGACCATTCATTTCCA	Tumour	-
GX23_AGACCCGAGCTTTCTT	Tumour	-
GX23_AGACCCGGTACCTAAC	Tumour	-
GX23_AGACCCGGTACTTCCC	Tumour	-
GX23_AGACCCGGTGATAGAT	Tumour	-
GX23_AGACTCACATCCGATA	Tumour	-
GX23_AGACTCATCGTTGTGA	Tumour	-
GX23_AGACTCATCTAGACCA	Tumour	-
GX23_AGAGAATAGAGTTGCG	Tumour	-
GX23_AGAGAATGTGAGCCAA	Tumour	-
GX23_AGAGAGCAGTGCCGAA	Tumour	-
GX23_AGAGAGCCAGTCGCAC	Tumour	-
GX23_AGAGCAGGTGATCGTT	Tumour	-
GX23_AGAGCCCTCCATGAGT	Tumour	-
GX23_AGATAGAAGTTGCTGT	Tumour	-
GX23_AGATAGACATTGACCA	Tumour	-
GX23_AGATCCAAGAAGGGAT	Tumour	-
GX23_AGATCCAAGGTTGCCC	Tumour	-
GX23_AGATCCACAGTCCGTG	Tumour	-
GX23_AGATCCAGTACCAATC	Tumour	-
GX23_AGATCCAGTGAGCAGT	Tumour	-
GX23_AGATCGTAGAGGCCAT	Tumour	-
GX23_AGATCGTGTTCGAAGG	Tumour	-
GX23_AGATGCTAGCGAATGC	Tumour	-
GX23_AGATGCTCAATCGCCG	Tumour	-
GX23_AGATGCTGTAGGTGCA	Tumour	-
GX23_AGATGCTGTGGCACTC	Tumour	-
GX23_AGCATCAAGCAACTCT	Tumour	-
GX23_AGCATCAAGCGTATGG	Tumour	-
GX23_AGCATCAGTAAGATCA	Tumour	-
GX23_AGCATCAGTACGATGG	Tumour	-
GX23_AGCATCATCTCAACGA	Tumour	-
GX23_AGCCAATAGATAGCTA	Tumour	-
GX23_AGCCAATCATGACTCA	Tumour	-
GX23_AGCCAATCATGGCGCT	Tumour	-
GX23_AGCCAATGTTATTCCT	Tumour	-
GX23_AGCCAATGTTCGAGCC	Tumour	-
GX23_AGCCAATTCGTCAAAC	Tumour	-
GX23_AGCCACGAGGCTTAGG	Tumour	-
GX23_AGCCACGTCCTATTTG	Tumour	-
GX23_AGCCAGCAGAGATGCC	Tumour	-
GX23_AGCCAGCCAGTAACAA	Tumour	-
GX23_AGCCAGCCATGATGCT	Tumour	-
GX23_AGCGATTTCTTGGATG	Tumour	-
GX23_AGCGCCAAGATTGCGG	Tumour	-
GX23_AGCGCCAAGTTCGGTT	Tumour	-
GX23_AGCGCCAGTGCGACAA	Tumour	-
GX23_AGCGCCATCCCTCTAG	Tumour	-
GX23_AGCGCTGAGGCTCACC	Tumour	-
GX23_AGCGCTGAGTAGTGCG	Tumour	-
GX23_AGCGCTGTCTTGTGCC	Tumour	-
GX23_AGCGTATAGGCTGTAG	Tumour	-
GX23_AGCGTATCAGCGTTGC	Tumour	-
GX23_AGCGTATTCGGCTTGG	Tumour	-
GX23_AGCTACAAGGAACTCG	Tumour	-
GX23_AGCTACATCAAGGACG	Tumour	-
GX23_AGCTACATCCATAAGC	Tumour	-
GX23_AGCTACATCGTTCTCG	Tumour	-
GX23_AGCTACATCTCGTGAA	Tumour	-
GX23_AGCTCAAAGCTCGACC	Tumour	-
GX23_AGCTCAAGTGCATGTT	Tumour	-
GX23_AGCTTCCGTAACCCTA	Tumour	-
GX23_AGCTTCCGTCTACGTA	Tumour	-
GX23_AGGAAATCAGCGAGTA	Tumour	-
GX23_AGGAAATCAGTTTGGT	Tumour	-
GX23_AGGAATACATAGGAGC	Tumour	-
GX23_AGGAATAGTAACTAAG	Tumour	-
GX23_AGGAATAGTACCCACG	Tumour	-
GX23_AGGAATAGTGCATTTG	Tumour	-
GX23_AGGAATATCTGCAGCG	Tumour	-
GX23_AGGACTTCATCACAGT	Tumour	-
GX23_AGGACTTTCAAATGCC	Tumour	-
GX23_AGGAGGTAGCATCGAG	Tumour	-
GX23_AGGATAAGTCTAGTGT	Tumour	-
GX23_AGGATAATCATGAAAG	Tumour	-
GX23_AGGATAATCTGACCCT	Tumour	-
GX23_AGGATCTAGAGCATAT	Tumour	-
GX23_AGGATCTAGAGTCGAC	Tumour	-
GX23_AGGATCTTCCAGCACG	Tumour	-
GX23_AGGATCTTCGCCGATG	Tumour	-
GX23_AGGCATTAGACTCCGC	Tumour	-
GX23_AGGCATTCACAACATC	Tumour	-
GX23_AGGCCACAGAGTGAAG	Tumour	-
GX23_AGGCTGCCAAACGTGG	Tumour	-
GX23_AGGCTGCTCTAGCCTC	Tumour	-
GX23_AGGGAGTCACGCGTCA	Tumour	-
GX23_AGGGAGTGTCTCGACG	Tumour	-
GX23_AGGGAGTGTTACGCCG	Tumour	-
GX23_AGGGCCTAGGATTTCC	Tumour	-
GX23_AGGGCCTCACACGCCA	Tumour	-
GX23_AGGGCCTGTCGAAACG	Tumour	-
GX23_AGGGCCTGTGGATCAG	Tumour	-
GX23_AGGGCCTGTTCCACAA	Tumour	-
GX23_AGGGCTCGTCTGTCAA	Tumour	-
GX23_AGGGCTCTCCATGCAA	Tumour	-
GX23_AGGGTCCAGATGACCG	Tumour	-
GX23_AGGGTCCTCGAAACAA	Tumour	-
GX23_AGGGTGAAGACGGATC	Tumour	-
GX23_AGGGTGAAGCGAGTCA	Tumour	-
GX23_AGGGTGACACGGCACT	Tumour	-
GX23_AGGGTGACATGCAGCC	Tumour	-
GX23_AGGTAGGTCCCGGTAG	Tumour	-
GX23_AGGTCATAGATGAAGG	Tumour	-
GX23_AGGTCATCAAAGGTTA	Tumour	-
GX23_AGGTCATGTCTGTAAC	Tumour	-
GX23_AGGTCATGTGAAGCTG	Tumour	-
GX23_AGGTCATGTTGGAGAC	Tumour	-
GX23_AGGTCTAAGTACCGGA	Tumour	-
GX23_AGGTCTATCATGCCCT	Tumour	-
GX23_AGGTTACTCAGTCACA	Tumour	-
GX23_AGGTTACTCCGGACTG	Tumour	-
GX23_AGGTTACTCCGTAATG	Tumour	-
GX23_AGGTTGTGTATTTCTC	Tumour	-
GX23_AGGTTGTTCAGCTGTA	Tumour	-
GX23_AGTAACCAGCGAGAAA	Tumour	-
GX23_AGTAACCAGTTCACTG	Tumour	-
GX23_AGTAACCGTCGAACAG	Tumour	-
GX23_AGTAACCGTGGGACAT	Tumour	-
GX23_AGTAACCGTTACAGCT	Tumour	-
GX23_AGTAACCTCCTCTGCA	Tumour	-
GX23_AGTACTGGTATACAGA	Tumour	-
GX23_AGTACTGTCCACGTCT	Tumour	-
GX23_AGTAGCTAGCCTCAGC	Tumour	-
GX23_AGTAGCTCACGTTCGG	Tumour	-
GX23_AGTAGTCAGTGGTTAA	Tumour	-
GX23_AGTCAACCAGTGCGCT	Tumour	-
GX23_AGTCACAAGAGCATAT	Tumour	-
GX23_AGTCACACACTCTGCT	Tumour	-
GX23_AGTCACAGTATTTCTC	Tumour	-
GX23_AGTCACAGTCCATACA	Tumour	-
GX23_AGTCACAGTTTCGTTT	Tumour	-
GX23_AGTCACATCATGCCGG	Tumour	-
GX23_AGTCATGAGTCATGCT	Tumour	-
GX23_AGTCTCCAGGTTATAG	Tumour	-
GX23_AGTCTCCAGTACTCGT	Tumour	-
GX23_AGTCTCCGTGGTTTGT	Tumour	-
GX23_AGTCTCCTCCTTATAC	Tumour	-
GX23_AGTGACTAGTGTAGAT	Tumour	-
GX23_AGTGACTTCGTTACCC	Tumour	-
GX23_AGTGACTTCTTTACAC	Tumour	-
GX23_AGTGATCCACCACATA	Tumour	-
GX23_AGTGATCCACCCGTAG	Tumour	-
GX23_AGTGCCGCACAAGGTG	Tumour	-
GX23_AGTGCCGGTGTAAATG	Tumour	-
GX23_AGTGTTGAGAAATGGG	Tumour	-
GX23_AGTGTTGCATGACTTG	Tumour	-
GX23_AGTGTTGGTACTTGTG	Tumour	-
GX23_AGTGTTGGTCACCACG	Tumour	-
GX23_AGTGTTGTCAAGCCGC	Tumour	-
GX23_AGTTAGCTCCACGGAC	Tumour	-
GX23_AGTTCCCAGGGTGGGA	Tumour	-
GX23_AGTTCCCTCGATTGGT	Tumour	-
GX23_AGTTCGAAGCAGCCTC	Tumour	-
GX23_AGTTCGACACACAGCC	Tumour	-
GX23_AGTTCGACACAGCTGC	Tumour	-
GX23_AGTTCGATCTCTCCGA	Tumour	-
GX23_ATACCGAAGACTCAAA	Tumour	-
GX23_ATACCGAGTTAAGGAT	Tumour	-
GX23_ATACCTTAGACCAACG	Tumour	-
GX23_ATACCTTAGTAGATCA	Tumour	-
GX23_ATACTTCAGCGAGTCA	Tumour	-
GX23_ATACTTCCATAGGTAA	Tumour	-
GX23_ATACTTCGTCCCTAAA	Tumour	-
GX23_ATACTTCGTTCATCGA	Tumour	-
GX23_ATACTTCTCTAAGGAA	Tumour	-
GX23_ATAGACCCAACACTAC	Tumour	-
GX23_ATAGAGAAGGACAGCT	Tumour	-
GX23_ATAGAGAAGTCGAGGT	Tumour	-
GX23_ATAGAGAGTACCTTCC	Tumour	-
GX23_ATAGAGAGTGGTTCTA	Tumour	-
GX23_ATAGGCTAGCTCTATG	Tumour	-
GX23_ATATCCTAGAGCAGCT	Tumour	-
GX23_ATATCCTAGCCTAGGA	Tumour	-
GX23_ATATCCTAGGTGATCG	Tumour	-
GX23_ATATCCTGTCTGTGGC	Tumour	-
GX23_ATATCCTTCAGGAGAC	Tumour	-
GX23_ATATCCTTCCTTCTAA	Tumour	-
GX23_ATCACAGTCTCTGACC	Tumour	-
GX23_ATCACGAGTGCCAAGA	Tumour	-
GX23_ATCACGATCCTAGCGG	Tumour	-
GX23_ATCACGATCGACACCG	Tumour	-
GX23_ATCACTTCACTTCCTG	Tumour	-
GX23_ATCAGGTCAAATCAAG	Tumour	-
GX23_ATCATTCAGCTCGGCT	Tumour	-
GX23_ATCATTCAGTTCACTG	Tumour	-
GX23_ATCCACCAGCCTTGAT	Tumour	-
GX23_ATCCACCGTGCCGTAC	Tumour	-
GX23_ATCCATTAGCTGGAGT	Tumour	-
GX23_ATCCATTCACGACAGA	Tumour	-
GX23_ATCCATTGTGGATGAC	Tumour	-
GX23_ATCCATTGTTTCGCTC	Tumour	-
GX23_ATCCATTTCCCACAGG	Tumour	-
GX23_ATCCATTTCTCGTCGT	Tumour	-
GX23_ATCCCTGAGCCAAGGT	Tumour	-
GX23_ATCCCTGAGTACGTCT	Tumour	-
GX23_ATCCCTGCACACCTAA	Tumour	-
GX23_ATCCCTGTCAGCCTCT	Tumour	-
GX23_ATCCGTCCAACCGTAT	Tumour	-
GX23_ATCCGTCCACTTGTGA	Tumour	-
GX23_ATCCGTCTCCAAGAGG	Tumour	-
GX23_ATCCTATAGGTAAAGG	Tumour	-
GX23_ATCCTATGTCTCGGAC	Tumour	-
GX23_ATCCTATGTGTGACCC	Tumour	-
GX23_ATCGATGGTGGAATGC	Tumour	-
GX23_ATCGATGTCGGAATTC	Tumour	-
GX23_ATCGCCTGTCTACGAT	Tumour	-
GX23_ATCGCCTTCAAAGGTA	Tumour	-
GX23_ATCGGATAGCTCGAAG	Tumour	-
GX23_ATCGGATCAAGCGGAT	Tumour	-
GX23_ATCGGATTCGACACCG	Tumour	-
GX23_ATCGGCGAGCAGGTCA	Tumour	-
GX23_ATCGGCGCACCGTGGT	Tumour	-
GX23_ATCGGCGCATAATGAG	Tumour	-
GX23_ATCGTAGAGACATCCT	Tumour	-
GX23_ATCGTAGGTTCTCACC	Tumour	-
GX23_ATCGTCCAGATGCTAA	Tumour	-
GX23_ATCGTCCCATGTCTAG	Tumour	-
GX23_ATCTCTACACATGGTT	Tumour	-
GX23_ATCTCTACATCCCACT	Tumour	-
GX23_ATCTCTAGTGCATCTA	Tumour	-
GX23_ATCTCTAGTTATAGAG	Tumour	-
GX23_ATCTTCAAGGAAGTGA	Tumour	-
GX23_ATCTTCAAGTGTAGAT	Tumour	-
GX23_ATCTTCAGTTGTACGT	Tumour	-
GX23_ATGAAAGCATCTGCGG	Tumour	-
GX23_ATGACCAGTAATGCTC	Tumour	-
GX23_ATGACCAGTCACGCTG	Tumour	-
GX23_ATGACCAGTGCTCTCT	Tumour	-
GX23_ATGACCATCTCTCTAA	Tumour	-
GX23_ATGAGGGAGCGGACAT	Tumour	-
GX23_ATGAGTCAGTGTTGAA	Tumour	-
GX23_ATGATCGAGCTGCCTG	Tumour	-
GX23_ATGCATGAGCCTCCAG	Tumour	-
GX23_ATGCATGTCGCACTCT	Tumour	-
GX23_ATGCCTCCATCGAGCC	Tumour	-
GX23_ATGCCTCCATGTAACC	Tumour	-
GX23_ATGCCTCGTCTGTGAT	Tumour	-
GX23_ATGCCTCTCCGAGAAG	Tumour	-
GX23_ATGCGATGTCACTCTC	Tumour	-
GX23_ATGCGATTCTAAACGC	Tumour	-
GX23_ATGCGATTCTACCTTA	Tumour	-
GX23_ATGGAGGAGGGAGATA	Tumour	-
GX23_ATGGAGGCATAGGCGA	Tumour	-
GX23_ATGGAGGGTCATCCGG	Tumour	-
GX23_ATGGAGGGTCCGGACT	Tumour	-
GX23_ATGGAGGTCACGGGCT	Tumour	-
GX23_ATGGAGGTCTTCACAT	Tumour	-
GX23_ATGGATCAGGTTGCCC	Tumour	-
GX23_ATGGATCGTCCACTTC	Tumour	-
GX23_ATGGATCGTTGCAACT	Tumour	-
GX23_ATGGATCTCGCCAGTG	Tumour	-
GX23_ATGGGAGAGGTTGGAC	Tumour	-
GX23_ATGGGAGGTGACACAG	Tumour	-
GX23_ATGGGTTAGACCAGAC	Tumour	-
GX23_ATGGGTTAGAGGATCC	Tumour	-
GX23_ATGGTTGAGAAATGGG	Tumour	-
GX23_ATGGTTGTCGTAGGGA	Tumour	-
GX23_ATGTCCCAGACATGCG	Tumour	-
GX23_ATGTCCCCAAGTGACG	Tumour	-
GX23_ATGTCTTCACATAGCT	Tumour	-
GX23_ATGTCTTTCCATCGTC	Tumour	-
GX23_ATTACCTAGTGCCCGT	Tumour	-
GX23_ATTACCTGTCCAATCA	Tumour	-
GX23_ATTACTCAGGTCCAGA	Tumour	-
GX23_ATTATCCCACATGACT	Tumour	-
GX23_ATTATCCCAGACTCTA	Tumour	-
GX23_ATTCACTAGCAATTCC	Tumour	-
GX23_ATTCACTCATAAGCGG	Tumour	-
GX23_ATTCACTGTCGTCGGT	Tumour	-
GX23_ATTCACTTCGCCATAA	Tumour	-
GX23_ATTCACTTCTCACTCG	Tumour	-
GX23_ATTCAGGCAACGTAAA	Tumour	-
GX23_ATTCAGGCAAGAGGTC	Tumour	-
GX23_ATTCAGGGTGATGAAT	Tumour	-
GX23_ATTCAGGTCGTCGATA	Tumour	-
GX23_ATTCATCAGCAAACAT	Tumour	-
GX23_ATTCATCAGGTCCCTG	Tumour	-
GX23_ATTCATCGTAACCAGG	Tumour	-
GX23_ATTCCATAGAATCGAT	Tumour	-
GX23_ATTCCATCAGGTGGAT	Tumour	-
GX23_ATTCCATCATGGCTGC	Tumour	-
GX23_ATTCCATGTCAGCGTC	Tumour	-
GX23_ATTCCCGAGAAGGGAT	Tumour	-
GX23_ATTCCTAGTAGTCTTG	Tumour	-
GX23_ATTCGTTAGGCACAAC	Tumour	-
GX23_ATTCGTTCAGAAGCGT	Tumour	-
GX23_ATTCGTTCAGGACTTT	Tumour	-
GX23_ATTCGTTGTACGTAGG	Tumour	-
GX23_ATTCTTGAGAGTTGCG	Tumour	-
GX23_ATTCTTGGTGCTGCAC	Tumour	-
GX23_ATTGGGTGTAGGCTCC	Tumour	-
GX23_ATTGTTCAGCGCACAA	Tumour	-
GX23_ATTGTTCAGGCAGGTT	Tumour	-
GX23_ATTGTTCTCGTCACCT	Tumour	-
GX23_ATTTACCCAGAGAAAG	Tumour	-
GX23_ATTTACCCATAACGGG	Tumour	-
GX23_ATTTACCGTACGAGCA	Tumour	-
GX23_ATTTACCGTGGAACAC	Tumour	-
GX23_ATTTACCTCCGTACGG	Tumour	-
GX23_ATTTACCTCTTCTCAA	Tumour	-
GX23_ATTTCACCAAGTTTGC	Tumour	-
GX23_ATTTCACGTCAGTCCG	Tumour	-
GX23_ATTTCACGTGCTTATG	Tumour	-
GX23_ATTTCTGCAGCTACCG	Tumour	-
GX23_ATTTCTGCAGTTGCGC	Tumour	-
GX23_ATTTCTGGTCTGTGGC	Tumour	-
GX23_ATTTCTGTCAAGCCGC	Tumour	-
GX23_ATTTCTGTCTGTACAG	Tumour	-
GX23_CAAAGAAAGAGCCATG	Tumour	-
GX23_CAAAGAACAATTGCAC	Tumour	-
GX23_CAAAGAAGTAGCACAG	Tumour	-
GX23_CAAAGAATCTGCCCTA	Tumour	-
GX23_CAAAGAATCTTAAGGC	Tumour	-
GX23_CAACAACAGACCATAA	Tumour	-
GX23_CAACAGTAGGAATTAC	Tumour	-
GX23_CAACAGTGTCGTCTCT	Tumour	-
GX23_CAACCAAAGAGGGTAA	Tumour	-
GX23_CAACCAACATGTTTGG	Tumour	-
GX23_CAACCAAGTCAGTCCG	Tumour	-
GX23_CAACCAATCTCTCTAA	Tumour	-
GX23_CAACCTCAGGTGGCTA	Tumour	-
GX23_CAACCTCCAGTCTTCC	Tumour	-
GX23_CAACGATAGCAGCAGT	Tumour	-
GX23_CAACGATAGTAGCATA	Tumour	-
GX23_CAACGATCAGAACTCT	Tumour	-
GX23_CAACGATGTTGTGTAC	Tumour	-
GX23_CAACGGCAGGCTCTCG	Tumour	-
GX23_CAACGGCAGTACCGGA	Tumour	-
GX23_CAACGGCGTTGACGGA	Tumour	-
GX23_CAAGACTAGCCGGAAT	Tumour	-
GX23_CAAGACTAGGTCCCGT	Tumour	-
GX23_CAAGAGGTCTGCGGCA	Tumour	-
GX23_CAAGCTAGTTTGGCTA	Tumour	-
GX23_CAATACGGTATAGGGC	Tumour	-
GX23_CAATACGTCGAATCCA	Tumour	-
GX23_CAATCGAAGATCGCCC	Tumour	-
GX23_CAATCGATCCAATGCA	Tumour	-
GX23_CAATCGATCCGTAGTA	Tumour	-
GX23_CAATGACCATCTAACG	Tumour	-
GX23_CAATGACTCGCCTTTG	Tumour	-
GX23_CAATTTCAGATAGCTA	Tumour	-
GX23_CAATTTCAGCCAGTAG	Tumour	-
GX23_CAATTTCCAGCTCATA	Tumour	-
GX23_CAATTTCGTCTGTGGC	Tumour	-
GX23_CAATTTCTCAAACGTC	Tumour	-
GX23_CACAACAAGTAGCCAG	Tumour	-
GX23_CACACAAAGTTACGAA	Tumour	-
GX23_CACACAAGTATTAAGG	Tumour	-
GX23_CACACAAGTGTTACAC	Tumour	-
GX23_CACACAATCGACGATT	Tumour	-
GX23_CACACAATCGCTGCGA	Tumour	-
GX23_CACACAATCGGCTGGT	Tumour	-
GX23_CACAGATCAGCCGTTG	Tumour	-
GX23_CACAGATCATCTAGAC	Tumour	-
GX23_CACAGGCCATGGTACT	Tumour	-
GX23_CACATGAAGGTTCACT	Tumour	-
GX23_CACATGAAGTAGCTCT	Tumour	-
GX23_CACATGACAATAAGGT	Tumour	-
GX23_CACCAAAAGCTCATAC	Tumour	-
GX23_CACCAAACAGAACTTC	Tumour	-
GX23_CACCAAATCGGAAGGT	Tumour	-
GX23_CACCGTTAGATCCCGC	Tumour	-
GX23_CACCGTTAGGTTCAGG	Tumour	-
GX23_CACCGTTCACGTGTGC	Tumour	-
GX23_CACCGTTGTAGGTTTC	Tumour	-
GX23_CACGAATAGGACTGGT	Tumour	-
GX23_CACGAATCAGTTAGAA	Tumour	-
GX23_CACGAATTCAAGTAAG	Tumour	-
GX23_CACGAATTCGAGCCAC	Tumour	-
GX23_CACGGGTCACACCTAA	Tumour	-
GX23_CACGTTCTCCATCGTC	Tumour	-
GX23_CACTAAGTCGTGGGAA	Tumour	-
GX23_CACTAAGTCTGGGCGT	Tumour	-
GX23_CACTGAAAGATTTGCC	Tumour	-
GX23_CACTGAACAAAGGCAC	Tumour	-
GX23_CACTGAAGTCTCCCTA	Tumour	-
GX23_CACTGAATCATCCTGC	Tumour	-
GX23_CACTGAATCTTCGGAA	Tumour	-
GX23_CACTGGGCAGACCATT	Tumour	-
GX23_CACTGGGTCGACCAAT	Tumour	-
GX23_CACTGGGTCGAGATGG	Tumour	-
GX23_CACTGTCAGAGATGCC	Tumour	-
GX23_CACTGTCTCTGGAAGG	Tumour	-
GX23_CACTTCGTCGTCTCAC	Tumour	-
GX23_CAGAGCCAGTGCCTCG	Tumour	-
GX23_CAGAGCCCAGCGACAA	Tumour	-
GX23_CAGAGCCTCGCTTACC	Tumour	-
GX23_CAGAGCCTCGGCATTA	Tumour	-
GX23_CAGATACAGGTCGACA	Tumour	-
GX23_CAGATACCAACTGCTA	Tumour	-
GX23_CAGATACGTGGATTTC	Tumour	-
GX23_CAGATACTCCTCTAAT	Tumour	-
GX23_CAGATCACAGGTGGAT	Tumour	-
GX23_CAGATCAGTAACTAAG	Tumour	-
GX23_CAGATCATCTGTGCGG	Tumour	-
GX23_CAGCAATAGGACAGTC	Tumour	-
GX23_CAGCAATCAGCCGGTT	Tumour	-
GX23_CAGCAATCATCTCAAG	Tumour	-
GX23_CAGCAATGTACTCGCG	Tumour	-
GX23_CAGCACGAGCAATTCC	Tumour	-
GX23_CAGCACGCATGCTGCG	Tumour	-
GX23_CAGCACGGTAGTTACC	Tumour	-
GX23_CAGCACGTCTGCTAGA	Tumour	-
GX23_CAGCAGCAGCTAAATG	Tumour	-
GX23_CAGCAGCCAATACGAA	Tumour	-
GX23_CAGCAGCCATTCCTAT	Tumour	-
GX23_CAGCAGCGTAAGATCA	Tumour	-
GX23_CAGCCAGGTTCCACAA	Tumour	-
GX23_CAGCCAGTCATAAGGA	Tumour	-
GX23_CAGGCCAAGGAGTACC	Tumour	-
GX23_CAGGCCAGTACCACGC	Tumour	-
GX23_CAGGCCAGTGGGACAT	Tumour	-
GX23_CAGGCCATCAGCTTCC	Tumour	-
GX23_CAGGCCATCCTCTCTT	Tumour	-
GX23_CAGGGCTGTCTACATG	Tumour	-
GX23_CAGGTATGTGCAATAA	Tumour	-
GX23_CAGGTATTCCCTTGTG	Tumour	-
GX23_CAGTGCGAGCCTAGGA	Tumour	-
GX23_CAGTGCGCATCATTGG	Tumour	-
GX23_CAGTGCGTCCATTGGA	Tumour	-
GX23_CAGTTCCAGCAGGCAT	Tumour	-
GX23_CAGTTCCCATGACAAA	Tumour	-
GX23_CAGTTCCGTGTCATGT	Tumour	-
GX23_CAGTTCCTCAGAATAG	Tumour	-
GX23_CAGTTCCTCGAGCCTG	Tumour	-
GX23_CATAAGCAGCAGCGAT	Tumour	-
GX23_CATAAGCAGGAGTATT	Tumour	-
GX23_CATAAGCAGTTCCTGA	Tumour	-
GX23_CATAAGCCACTGTCCT	Tumour	-
GX23_CATACAGCAAGGTCAG	Tumour	-
GX23_CATACAGGTCTACAAC	Tumour	-
GX23_CATACAGGTGTCCCTT	Tumour	-
GX23_CATACAGGTTTACCAG	Tumour	-
GX23_CATACCCGTTACACAC	Tumour	-
GX23_CATACTTAGACTGGGT	Tumour	-
GX23_CATACTTAGCTCGAAG	Tumour	-
GX23_CATACTTAGTGTTCAC	Tumour	-
GX23_CATACTTGTCCAGCAC	Tumour	-
GX23_CATAGACAGGCTCAAG	Tumour	-
GX23_CATAGACCACTCGATA	Tumour	-
GX23_CATAGACTCTGTCGTC	Tumour	-
GX23_CATCAAGAGTACTCGT	Tumour	-
GX23_CATCAAGGTAATACCC	Tumour	-
GX23_CATCAAGGTGGGCTCT	Tumour	-
GX23_CATCCACGTGTATCCA	Tumour	-
GX23_CATCCCACAACGCATT	Tumour	-
GX23_CATCCCACAGTTGTCA	Tumour	-
GX23_CATCCCACATTGGCAT	Tumour	-
GX23_CATCCCATCACCTTAT	Tumour	-
GX23_CATCCGTAGAAACTGT	Tumour	-
GX23_CATCCGTGTGGGACAT	Tumour	-
GX23_CATCCGTGTTTAGACC	Tumour	-
GX23_CATCCGTTCCAAATGC	Tumour	-
GX23_CATCCGTTCCCGAGGT	Tumour	-
GX23_CATCGCTAGACATCCT	Tumour	-
GX23_CATCGCTAGATCACCT	Tumour	-
GX23_CATCGCTAGCCTCACG	Tumour	-
GX23_CATCGGGTCAACACGT	Tumour	-
GX23_CATCGGGTCCGTATGA	Tumour	-
GX23_CATCGTCAGGTTTGAA	Tumour	-
GX23_CATCGTCAGTCGTCTA	Tumour	-
GX23_CATCGTCCAACACAAA	Tumour	-
GX23_CATCGTCTCAAAGACA	Tumour	-
GX23_CATGAGTCACATGGTT	Tumour	-
GX23_CATGAGTGTATCGAAA	Tumour	-
GX23_CATGAGTGTGTTCGAT	Tumour	-
GX23_CATGCAAAGTCACAGG	Tumour	-
GX23_CATGCAAAGTCGGCCT	Tumour	-
GX23_CATGCAATCATGGCCG	Tumour	-
GX23_CATGCCTAGTTTGAGA	Tumour	-
GX23_CATGCCTGTATCAGGG	Tumour	-
GX23_CATGCGGAGGATTCAA	Tumour	-
GX23_CATGCGGCACTAAACC	Tumour	-
GX23_CATGCGGTCGAGCCTG	Tumour	-
GX23_CATGCTCAGGAGAGGC	Tumour	-
GX23_CATGCTCCAGGTCCCA	Tumour	-
GX23_CATGGATAGTAGTCAA	Tumour	-
GX23_CATGGATGTATACAGA	Tumour	-
GX23_CATGGATGTCGGTGTC	Tumour	-
GX23_CATGGATGTGTACATC	Tumour	-
GX23_CATGGATTCCGCATAA	Tumour	-
GX23_CATTCATAGACCATAA	Tumour	-
GX23_CATTCATCAGTTTGGT	Tumour	-
GX23_CATTCATGTACATTGC	Tumour	-
GX23_CATTCCGAGCTGAAGC	Tumour	-
GX23_CATTCCGGTACACGCC	Tumour	-
GX23_CATTCCGGTCCCACGA	Tumour	-
GX23_CATTCCGGTGTGTGGA	Tumour	-
GX23_CATTCCGTCCTCACTG	Tumour	-
GX23_CATTCTAGTCGCACAC	Tumour	-
GX23_CATTCTAGTGGGTCAA	Tumour	-
GX23_CATTCTATCGACGACC	Tumour	-
GX23_CATTGAGCAGATAAAC	Tumour	-
GX23_CATTGAGGTGGTTTGT	Tumour	-
GX23_CATTGCCCAAAGCAAT	Tumour	-
GX23_CATTGCCCACGACGTC	Tumour	-
GX23_CATTGCCCACGCGTCA	Tumour	-
GX23_CATTGCCGTGACAACG	Tumour	-
GX23_CATTGCCTCGGCAGTC	Tumour	-
GX23_CATTGTTAGTTGCCTA	Tumour	-
GX23_CATTGTTCATTAGGCT	Tumour	-
GX23_CATTGTTGTTACACTG	Tumour	-
GX23_CATTGTTTCAATCTTC	Tumour	-
GX23_CATTGTTTCGCTTTAT	Tumour	-
GX23_CATTTCACATGTGCTA	Tumour	-
GX23_CCAAGCGGTTATGTGC	Tumour	-
GX23_CCAAGCGTCCATATGG	Tumour	-
GX23_CCAATGAAGGAAGTGA	Tumour	-
GX23_CCAATGATCCGCCTAT	Tumour	-
GX23_CCAATTTCAAACTAGA	Tumour	-
GX23_CCAATTTCACGTATAC	Tumour	-
GX23_CCAATTTGTGATTGGG	Tumour	-
GX23_CCAATTTGTGTGAATA	Tumour	-
GX23_CCAATTTTCACATCAG	Tumour	-
GX23_CCAATTTTCTTTCCAA	Tumour	-
GX23_CCACAAAGTGTAAATG	Tumour	-
GX23_CCACAAATCGCAGTCG	Tumour	-
GX23_CCACACTAGCGCGTTC	Tumour	-
GX23_CCACACTAGGATTCAA	Tumour	-
GX23_CCACACTCATTCGATG	Tumour	-
GX23_CCACACTGTAGATTGA	Tumour	-
GX23_CCACACTGTGAATGAT	Tumour	-
GX23_CCACACTTCATGCTAG	Tumour	-
GX23_CCACCATAGTGGATTA	Tumour	-
GX23_CCACCATCAATAGGGC	Tumour	-
GX23_CCACCATCATCGCTGG	Tumour	-
GX23_CCACGAGCAGGTTACT	Tumour	-
GX23_CCACTTGGTAGCTTAC	Tumour	-
GX23_CCATAAGAGCGATGCA	Tumour	-
GX23_CCATAAGCAGCTCTGG	Tumour	-
GX23_CCATAAGTCGACCTAA	Tumour	-
GX23_CCATCACAGCTTGTTG	Tumour	-
GX23_CCATCACAGGCACTAG	Tumour	-
GX23_CCATCACAGTTAGTGA	Tumour	-
GX23_CCATCACCATTGAAGA	Tumour	-
GX23_CCATCACTCCCTAGGG	Tumour	-
GX23_CCCATTGCAATCACGT	Tumour	-
GX23_CCCATTGTCTAAGGAA	Tumour	-
GX23_CCCGAAGAGCTAGAGC	Tumour	-
GX23_CCCGAAGCAAGAGGTC	Tumour	-
GX23_CCCGAAGTCTCTTAAC	Tumour	-
GX23_CCCTAACCAATACCCA	Tumour	-
GX23_CCCTAACCAATCGTCA	Tumour	-
GX23_CCCTAACCAGCTACAT	Tumour	-
GX23_CCCTAACGTCACTCTC	Tumour	-
GX23_CCCTAACTCAAATGAG	Tumour	-
GX23_CCCTCAAAGGTACAGC	Tumour	-
GX23_CCCTCAACATCAGCGC	Tumour	-
GX23_CCCTCAAGTGAACTAA	Tumour	-
GX23_CCCTCAATCCAGCACG	Tumour	-
GX23_CCCTCAATCTCAGAAC	Tumour	-
GX23_CCCTCTCGTGGTATGG	Tumour	-
GX23_CCCTCTCTCACTGATG	Tumour	-
GX23_CCCTCTCTCTGGTTGA	Tumour	-
GX23_CCCTGATAGTGCACTT	Tumour	-
GX23_CCCTGATCAGGTGTTT	Tumour	-
GX23_CCCTGATGTAATGCGG	Tumour	-
GX23_CCCTGATTCGCAGTTA	Tumour	-
GX23_CCCTTAGGTTTCGATG	Tumour	-
GX23_CCCTTAGTCCTTGGAA	Tumour	-
GX23_CCCTTAGTCTACGCAA	Tumour	-
GX23_CCGAACGTCTAAGAAG	Tumour	-
GX23_CCGATCTAGTAGCATA	Tumour	-
GX23_CCGATCTGTTATCTTC	Tumour	-
GX23_CCGATGGAGAGGTTTA	Tumour	-
GX23_CCGATGGGTTTGTTGG	Tumour	-
GX23_CCGATGGTCAGGACGA	Tumour	-
GX23_CCGCAAGCATCGCCTT	Tumour	-
GX23_CCGCAAGCATTCGATG	Tumour	-
GX23_CCGCAAGGTGAATAAC	Tumour	-
GX23_CCGCAAGGTGCAGATG	Tumour	-
GX23_CCGCAAGTCAGCCTTC	Tumour	-
GX23_CCGCAAGTCTAACACG	Tumour	-
GX23_CCGGACACAAGGTCTT	Tumour	-
GX23_CCGGACAGTCAGGTGA	Tumour	-
GX23_CCGGACAGTTACCTTT	Tumour	-
GX23_CCGGGTAAGGTTTACC	Tumour	-
GX23_CCGGTAGGTATCTCTT	Tumour	-
GX23_CCGGTGAAGATTTGCC	Tumour	-
GX23_CCGGTGACAGAGACTG	Tumour	-
GX23_CCGTAGGAGCCGATCC	Tumour	-
GX23_CCGTAGGTCTTGGATG	Tumour	-
GX23_CCGTGAGAGATTAGCA	Tumour	-
GX23_CCGTTCACAGAACGCA	Tumour	-
GX23_CCGTTCAGTTCAAACC	Tumour	-
GX23_CCGTTCAGTTCTCCAC	Tumour	-
GX23_CCGTTCATCGTAACAC	Tumour	-
GX23_CCTAACCCACTGCACG	Tumour	-
GX23_CCTAACCCATTGAGCT	Tumour	-
GX23_CCTAACCGTTCCAAAC	Tumour	-
GX23_CCTAACCTCATTTGGG	Tumour	-
GX23_CCTAAGAAGGCAGCTA	Tumour	-
GX23_CCTAAGAGTCTAATCG	Tumour	-
GX23_CCTAAGAGTGAGTAGC	Tumour	-
GX23_CCTAAGATCCCTGTTG	Tumour	-
GX23_CCTACGTAGGCCATAG	Tumour	-
GX23_CCTATCGCATCGAACT	Tumour	-
GX23_CCTATCGGTATCGATC	Tumour	-
GX23_CCTATCGGTCGCATCG	Tumour	-
GX23_CCTCAACAGCAATAAC	Tumour	-
GX23_CCTCACACACATACTG	Tumour	-
GX23_CCTCACAGTGGATGAC	Tumour	-
GX23_CCTCACATCTAGTGAC	Tumour	-
GX23_CCTCAGTCAAGCTGTT	Tumour	-
GX23_CCTCAGTCATGGCTAT	Tumour	-
GX23_CCTCAGTGTACAGAAT	Tumour	-
GX23_CCTCAGTGTCACGACC	Tumour	-
GX23_CCTCAGTTCCGCTAGG	Tumour	-
GX23_CCTCAGTTCGGCAGTC	Tumour	-
GX23_CCTCATGCACTGTTCC	Tumour	-
GX23_CCTCCTCGTGAGGAAA	Tumour	-
GX23_CCTCCTCGTTAACAGA	Tumour	-
GX23_CCTCCTCTCTCCGATC	Tumour	-
GX23_CCTCTAGAGGATCACG	Tumour	-
GX23_CCTCTAGGTCGAAGCA	Tumour	-
GX23_CCTCTAGTCACTTGTT	Tumour	-
GX23_CCTCTAGTCATCACTT	Tumour	-
GX23_CCTCTCCAGAGCATAT	Tumour	-
GX23_CCTCTCCAGCAATAAC	Tumour	-
GX23_CCTCTCCAGGCCCACT	Tumour	-
GX23_CCTCTCCGTAAGATAC	Tumour	-
GX23_CCTCTCCTCGGAGCAA	Tumour	-
GX23_CCTGCATCAGACACCC	Tumour	-
GX23_CCTGCATCAGACTGCC	Tumour	-
GX23_CCTGCATGTAGTATAG	Tumour	-
GX23_CCTGCATGTCATCCCT	Tumour	-
GX23_CCTGCATGTCGGAAAC	Tumour	-
GX23_CCTGCATTCCAAGCCG	Tumour	-
GX23_CCTGCATTCGTCAACA	Tumour	-
GX23_CCTGTTGCAATAGGAT	Tumour	-
GX23_CCTGTTGGTAGGTTTC	Tumour	-
GX23_CCTTCAGCATTGACAC	Tumour	-
GX23_CCTTCAGGTGTGTCGC	Tumour	-
GX23_CCTTGTGAGATGCTGG	Tumour	-
GX23_CCTTTGGAGCATAGGC	Tumour	-
GX23_CGAAGGAAGAGTTCGG	Tumour	-
GX23_CGAAGGAAGATGACAT	Tumour	-
GX23_CGAAGGATCTGACAGT	Tumour	-
GX23_CGAAGTTGTCATAGTC	Tumour	-
GX23_CGAAGTTGTTCGGCTG	Tumour	-
GX23_CGAAGTTTCCTATGGA	Tumour	-
GX23_CGAATTGAGAGGTTAT	Tumour	-
GX23_CGAATTGCAGCCATTA	Tumour	-
GX23_CGAATTGGTAATTAGG	Tumour	-
GX23_CGAATTGTCGAGCCTG	Tumour	-
GX23_CGACAGCAGGTTCCGC	Tumour	-
GX23_CGACAGCAGTGAACAT	Tumour	-
GX23_CGACAGCAGTGCCCGT	Tumour	-
GX23_CGACAGCGTATCTCTT	Tumour	-
GX23_CGACAGCGTATGCGTT	Tumour	-
GX23_CGACAGCGTCCTCATC	Tumour	-
GX23_CGAGAAGAGTCACGAG	Tumour	-
GX23_CGAGAAGCAACCACGC	Tumour	-
GX23_CGAGAAGCAGGAACCA	Tumour	-
GX23_CGAGAAGTCAACCTTT	Tumour	-
GX23_CGAGAAGTCCTTGGAA	Tumour	-
GX23_CGAGAAGTCTGGACCG	Tumour	-
GX23_CGAGGAAAGATACTGA	Tumour	-
GX23_CGAGGAAAGGTCCCTG	Tumour	-
GX23_CGAGGAATCTATCGGA	Tumour	-
GX23_CGAGGCTAGTCACACT	Tumour	-
GX23_CGAGGCTCACCCAATA	Tumour	-
GX23_CGAGGCTGTTGTTTGG	Tumour	-
GX23_CGAGGCTTCGATTCCC	Tumour	-
GX23_CGAGTGCAGACACACG	Tumour	-
GX23_CGAGTGCAGAGAGTGA	Tumour	-
GX23_CGAGTGCAGAGCTGCA	Tumour	-
GX23_CGAGTGCCACAGTCCG	Tumour	-
GX23_CGAGTGCTCGCCGTGA	Tumour	-
GX23_CGAGTTAAGCACCCAC	Tumour	-
GX23_CGAGTTAGTATCGTTG	Tumour	-
GX23_CGATCGGCAGCATCTA	Tumour	-
GX23_CGATGCGAGCTGTCCG	Tumour	-
GX23_CGATGCGCAATGCAGG	Tumour	-
GX23_CGATGCGGTTGCCGCA	Tumour	-
GX23_CGATGGCCAAGTTCCA	Tumour	-
GX23_CGATGGCCAGGCTCTG	Tumour	-
GX23_CGATGGCCATTCGATG	Tumour	-
GX23_CGATGGCGTAACATCC	Tumour	-
GX23_CGATGGCGTCTCGACG	Tumour	-
GX23_CGATGGCTCGAGTGAG	Tumour	-
GX23_CGATGGCTCGATACAC	Tumour	-
GX23_CGATGGCTCTGGGAGA	Tumour	-
GX23_CGCAGGTAGGTATAGT	Tumour	-
GX23_CGCAGGTCATCGGCCA	Tumour	-
GX23_CGCATGGAGGTTGTTC	Tumour	-
GX23_CGCATGGCAAAGGCAC	Tumour	-
GX23_CGCATGGTCCCTAGGG	Tumour	-
GX23_CGCATGGTCCTCATAT	Tumour	-
GX23_CGCATGGTCGATTGAC	Tumour	-
GX23_CGCCAGACACGTATAC	Tumour	-
GX23_CGCCAGACAGTTCTAG	Tumour	-
GX23_CGCCAGAGTCGATGCC	Tumour	-
GX23_CGCCATTGTCCCTAAA	Tumour	-
GX23_CGCCATTGTCGAGCTC	Tumour	-
GX23_CGCGTGAAGGCCTGAA	Tumour	-
GX23_CGCGTGAAGTCTTGGT	Tumour	-
GX23_CGGAACCGTAGAATGT	Tumour	-
GX23_CGGAACCGTAGGGTAC	Tumour	-
GX23_CGGAACCGTCTCCTGT	Tumour	-
GX23_CGGAACCTCAAGTGTC	Tumour	-
GX23_CGGAATTAGCCTCCAG	Tumour	-
GX23_CGGACACAGCATTGAA	Tumour	-
GX23_CGGACACTCCGTAGTA	Tumour	-
GX23_CGGAGAACACCTGCGA	Tumour	-
GX23_CGGAGAACAGAGATTA	Tumour	-
GX23_CGGAGAAGTAGTCCTA	Tumour	-
GX23_CGGAGAAGTCACTCTC	Tumour	-
GX23_CGGCAGTTCGTGCTCT	Tumour	-
GX23_CGGCAGTTCTAGTTCT	Tumour	-
GX23_CGGGACTGTAACCCGC	Tumour	-
GX23_CGGGACTTCAGGTAAA	Tumour	-
GX23_CGGGCATGTCGGTAAG	Tumour	-
GX23_CGGGCATTCACATTGG	Tumour	-
GX23_CGGGCATTCCACTGAA	Tumour	-
GX23_CGGGTCACAACCAGAG	Tumour	-
GX23_CGGGTCACATGACAGG	Tumour	-
GX23_CGGGTCAGTAACAGGC	Tumour	-
GX23_CGGGTCAGTTTCACAG	Tumour	-
GX23_CGTAAGTAGGATACGC	Tumour	-
GX23_CGTAAGTGTCCACGCA	Tumour	-
GX23_CGTAATGCATCAACCA	Tumour	-
GX23_CGTAATGCATGGCCAC	Tumour	-
GX23_CGTAGTACAGGTATGG	Tumour	-
GX23_CGTCAAACACCTGAAT	Tumour	-
GX23_CGTCCATAGGGCCAAT	Tumour	-
GX23_CGTCCATAGGTGCTAG	Tumour	-
GX23_CGTCCATTCGCCATAA	Tumour	-
GX23_CGTGAATCACGGAAGT	Tumour	-
GX23_CGTGAATTCTCGCTCA	Tumour	-
GX23_CGTGATATCTCCAATT	Tumour	-
GX23_CGTGCTTAGAGTCAAT	Tumour	-
GX23_CGTGCTTAGGCCTGCT	Tumour	-
GX23_CGTGCTTCAGGCAATG	Tumour	-
GX23_CGTGCTTCATACCGTA	Tumour	-
GX23_CGTGCTTGTCTGTAAC	Tumour	-
GX23_CGTGCTTGTGTCATGT	Tumour	-
GX23_CGTGTCTAGCAAGTCG	Tumour	-
GX23_CGTTAGAAGATGTTCC	Tumour	-
GX23_CGTTAGAAGTCTTCGA	Tumour	-
GX23_CGTTCTGAGTTCATGC	Tumour	-
GX23_CGTTCTGTCGCCGAAC	Tumour	-
GX23_CGTTCTGTCGTAGTCA	Tumour	-
GX23_CGTTGGGAGATGGCGT	Tumour	-
GX23_CGTTGGGAGGTTGTTC	Tumour	-
GX23_CGTTGGGAGTGGCGAT	Tumour	-
GX23_CGTTGGGTCCGGGACT	Tumour	-
GX23_CTAACCCGTAGGGTAC	Tumour	-
GX23_CTAACCCGTTCTTGCC	Tumour	-
GX23_CTAACTTGTGCCTACG	Tumour	-
GX23_CTAACTTGTGCGGCTT	Tumour	-
GX23_CTAACTTTCATGCATG	Tumour	-
GX23_CTAACTTTCCTTGAAG	Tumour	-
GX23_CTAACTTTCTGTCCCA	Tumour	-
GX23_CTAAGTGAGCATGAAT	Tumour	-
GX23_CTACAGACAAATGGCG	Tumour	-
GX23_CTACAGAGTAGCGCTC	Tumour	-
GX23_CTACCCAAGGTAAACT	Tumour	-
GX23_CTACCTGAGCTAGATA	Tumour	-
GX23_CTACCTGAGTAGCTCT	Tumour	-
GX23_CTACCTGGTTCGCGTG	Tumour	-
GX23_CTACGGGCACCGTGGT	Tumour	-
GX23_CTACGGGTCATCGCCT	Tumour	-
GX23_CTACGGGTCTCCTGTG	Tumour	-
GX23_CTACTATCACACCTGG	Tumour	-
GX23_CTACTATCACTTGTCC	Tumour	-
GX23_CTACTATTCGCGATCG	Tumour	-
GX23_CTAGACAAGCAGGCAT	Tumour	-
GX23_CTAGACACAACCGCTG	Tumour	-
GX23_CTAGACACATTCAGCA	Tumour	-
GX23_CTAGACAGTCTTGAGT	Tumour	-
GX23_CTAGACAGTTTCGTTT	Tumour	-
GX23_CTAGACATCAGGCGAA	Tumour	-
GX23_CTAGACATCGCGATCG	Tumour	-
GX23_CTAGGTAAGAGATCGC	Tumour	-
GX23_CTAGGTAAGGCTTTCA	Tumour	-
GX23_CTAGGTAGTATGAAGT	Tumour	-
GX23_CTAGGTAGTGCATGAG	Tumour	-
GX23_CTATAGGAGAGAGTGA	Tumour	-
GX23_CTATAGGAGAGCCGAT	Tumour	-
GX23_CTATAGGTCGACGAGA	Tumour	-
GX23_CTATCCGCAGTTAGGG	Tumour	-
GX23_CTATCTAAGATCGCTT	Tumour	-
GX23_CTCAACCCAGTGAGCA	Tumour	-
GX23_CTCAAGAGTATCGAAA	Tumour	-
GX23_CTCAATTCAAACTAGA	Tumour	-
GX23_CTCAATTGTAGCTGCC	Tumour	-
GX23_CTCAATTGTGGAACCA	Tumour	-
GX23_CTCAATTTCTGCCTCA	Tumour	-
GX23_CTCACTGAGAAGCCTG	Tumour	-
GX23_CTCACTGCACAAATCC	Tumour	-
GX23_CTCACTGCAGAGAGGG	Tumour	-
GX23_CTCACTGGTAACCCTA	Tumour	-
GX23_CTCACTGGTGGTACAG	Tumour	-
GX23_CTCAGAACAGGCAATG	Tumour	-
GX23_CTCAGGGCACGGCTAC	Tumour	-
GX23_CTCAGGGTCCCAAGCG	Tumour	-
GX23_CTCAGTCAGTCACTCA	Tumour	-
GX23_CTCAGTCCAAAGGGCT	Tumour	-
GX23_CTCAGTCGTATTCTCT	Tumour	-
GX23_CTCAGTCGTCAAAGTA	Tumour	-
GX23_CTCAGTCGTTACCTTT	Tumour	-
GX23_CTCAGTCTCAACGTGT	Tumour	-
GX23_CTCATCGCACCACATA	Tumour	-
GX23_CTCATCGGTCCATCTC	Tumour	-
GX23_CTCATGCAGTAGTCTC	Tumour	-
GX23_CTCATGCGTCGAGTTT	Tumour	-
GX23_CTCATTAAGCGACCCT	Tumour	-
GX23_CTCATTAAGGAACTAT	Tumour	-
GX23_CTCATTAGTAGCTTAC	Tumour	-
GX23_CTCATTAGTAGGTTTC	Tumour	-
GX23_CTCATTATCTACCCAC	Tumour	-
GX23_CTCCACACATCCAACA	Tumour	-
GX23_CTCCATGCATACTGTG	Tumour	-
GX23_CTCCATGGTGCACATT	Tumour	-
GX23_CTCCATGTCTTTCAGT	Tumour	-
GX23_CTCCCAAAGTCATACC	Tumour	-
GX23_CTCCCAAGTCATAACC	Tumour	-
GX23_CTCCCTCCATCGAACT	Tumour	-
GX23_CTCCGATAGCCACCGT	Tumour	-
GX23_CTCCGATAGGGTGAGG	Tumour	-
GX23_CTCCGATCACCGCTAG	Tumour	-
GX23_CTCCGATTCAAGAATG	Tumour	-
GX23_CTCCTCCAGTTGGCTT	Tumour	-
GX23_CTCCTCCTCTCGAACA	Tumour	-
GX23_CTCCTTTCAGTTGAAA	Tumour	-
GX23_CTCGAGGGTATTTCTC	Tumour	-
GX23_CTCGAGGGTCGTGCCA	Tumour	-
GX23_CTCGAGGTCGACATAC	Tumour	-
GX23_CTCTCAGAGAGAGGGC	Tumour	-
GX23_CTCTCGAAGCGCCATC	Tumour	-
GX23_CTCTCGATCCATCACC	Tumour	-
GX23_CTCTGGTCATCCGAGC	Tumour	-
GX23_CTGAATGAGCTGCCTG	Tumour	-
GX23_CTGAATGCAGTTCACA	Tumour	-
GX23_CTGAGCGAGTACCATC	Tumour	-
GX23_CTGAGGCAGTCCGCGT	Tumour	-
GX23_CTGAGGCTCAATGTCG	Tumour	-
GX23_CTGATCCAGAAATCCA	Tumour	-
GX23_CTGATCCAGACTAGAT	Tumour	-
GX23_CTGATCCTCAACACGT	Tumour	-
GX23_CTGCATCCACGGCCAT	Tumour	-
GX23_CTGCATCCAGTTGTTG	Tumour	-
GX23_CTGCATCCAGTTTCAG	Tumour	-
GX23_CTGCATCGTCTTCATT	Tumour	-
GX23_CTGCATCGTGATTAGA	Tumour	-
GX23_CTGCATCTCATGAGAA	Tumour	-
GX23_CTGCATCTCTCGAGTA	Tumour	-
GX23_CTGCCATGTAGCGATG	Tumour	-
GX23_CTGCCATGTGCACATT	Tumour	-
GX23_CTGCCATGTTTGGGAG	Tumour	-
GX23_CTGCGAGAGGGTTAGC	Tumour	-
GX23_CTGCGAGCACCTGAAT	Tumour	-
GX23_CTGCTCAGTGATAGTA	Tumour	-
GX23_CTGCTCATCCCATGGG	Tumour	-
GX23_CTGGACGAGCGACTGA	Tumour	-
GX23_CTGGACGCAGCGGATA	Tumour	-
GX23_CTGGACGCATAAGATG	Tumour	-
GX23_CTGGACGGTCATTGCA	Tumour	-
GX23_CTGGCAGAGGCATCTT	Tumour	-
GX23_CTGGCAGTCTCACGAA	Tumour	-
GX23_CTGGTCTGTAGGCTCC	Tumour	-
GX23_CTGTACCAGATTACCC	Tumour	-
GX23_CTGTACCAGCACGGAT	Tumour	-
GX23_CTGTACCGTACGGGAT	Tumour	-
GX23_CTGTACCTCATTTGTC	Tumour	-
GX23_CTGTAGAAGCTGCCAC	Tumour	-
GX23_CTGTAGACAGACTGCC	Tumour	-
GX23_CTGTAGAGTTCCGCAG	Tumour	-
GX23_CTGTATTGTCTTTCAT	Tumour	-
GX23_CTGTATTTCGTGGACC	Tumour	-
GX23_CTGTCGTAGTCGCTAT	Tumour	-
GX23_CTGTGAACACTAACCA	Tumour	-
GX23_CTGTGAATCAAAGGAT	Tumour	-
GX23_CTGTGGGAGCCTTCTC	Tumour	-
GX23_CTGTGGGCATATTCGG	Tumour	-
GX23_CTGTGGGTCGTCAACA	Tumour	-
GX23_CTTACCGAGACCATTC	Tumour	-
GX23_CTTACCGAGCGTACAG	Tumour	-
GX23_CTTACCGCAGGAATCG	Tumour	-
GX23_CTTAGGAAGAATCGTA	Tumour	-
GX23_CTTAGGACAGCACACC	Tumour	-
GX23_CTTAGGATCAGTGGGA	Tumour	-
GX23_CTTAGGATCATCACCC	Tumour	-
GX23_CTTAGGATCCTGGCTT	Tumour	-
GX23_CTTCAATAGCAACTCT	Tumour	-
GX23_CTTCAATCAGTCGTTA	Tumour	-
GX23_CTTCCGAAGCGACAGT	Tumour	-
GX23_CTTCCGAGTGATGGCA	Tumour	-
GX23_CTTCCTTAGACGCAGT	Tumour	-
GX23_CTTCCTTGTCACTCGG	Tumour	-
GX23_CTTCTAAAGATGTTCC	Tumour	-
GX23_CTTCTAACATGGCGCT	Tumour	-
GX23_CTTCTAAGTCAAAGCG	Tumour	-
GX23_CTTCTAAGTTGATGTC	Tumour	-
GX23_CTTCTAATCTCTCGCA	Tumour	-
GX23_CTTCTCTTCGCATTAG	Tumour	-
GX23_CTTCTCTTCGGTCTAA	Tumour	-
GX23_CTTGAGAAGCTTGTTG	Tumour	-
GX23_CTTGAGAAGGGCAATC	Tumour	-
GX23_CTTGAGAAGTCCCTAA	Tumour	-
GX23_CTTGAGATCCACGTCT	Tumour	-
GX23_CTTGAGATCTCGGTCT	Tumour	-
GX23_CTTGATTCACCAAATC	Tumour	-
GX23_CTTGATTGTAGACACG	Tumour	-
GX23_CTTGATTTCATTACCT	Tumour	-
GX23_CTTTCAAAGCCATTGT	Tumour	-
GX23_CTTTCAATCAGTGTGT	Tumour	-
GX23_CTTTCAATCCACTTTA	Tumour	-
GX23_CTTTCAATCCATTTCA	Tumour	-
GX23_CTTTCGGCATCCGTGG	Tumour	-
GX23_CTTTCGGTCGTGTTCC	Tumour	-
GX23_GAAACCTGTCTGTGTA	Tumour	-
GX23_GAAACCTTCCAGCACG	Tumour	-
GX23_GAAATGAAGGCGTTAG	Tumour	-
GX23_GAAATGATCAAGCCCG	Tumour	-
GX23_GAACACTAGCCAAGTG	Tumour	-
GX23_GAACACTCAATCGCAT	Tumour	-
GX23_GAACACTGTCATAACC	Tumour	-
GX23_GAACACTTCCATCCGT	Tumour	-
GX23_GAACGTTCAAAGGCGT	Tumour	-
GX23_GAACGTTCACCTCAGG	Tumour	-
GX23_GAACGTTGTAGCGTAG	Tumour	-
GX23_GAACGTTGTCGTGGTC	Tumour	-
GX23_GAACTGTGTCTGTGCG	Tumour	-
GX23_GAAGAATAGGTCGTGA	Tumour	-
GX23_GAAGAATCATAGAATG	Tumour	-
GX23_GAAGCCCGTATACCCA	Tumour	-
GX23_GAAGCCCGTATTGGCT	Tumour	-
GX23_GAAGCCCGTGAGTGAC	Tumour	-
GX23_GAAGCCCTCCAAGCTA	Tumour	-
GX23_GAAGCGAAGCAACTTC	Tumour	-
GX23_GAAGCGACAAATGGCG	Tumour	-
GX23_GAAGCGACACATTGTG	Tumour	-
GX23_GAAGCGACACTATGTG	Tumour	-
GX23_GAAGCGAGTCTTGAGT	Tumour	-
GX23_GAAGGACAGCGAGGAG	Tumour	-
GX23_GAAGGACTCCTAAGTG	Tumour	-
GX23_GAAGGGTAGTCACTAC	Tumour	-
GX23_GAAGGGTCAGACACAG	Tumour	-
GX23_GAAGGGTCATTGAAAG	Tumour	-
GX23_GAAGGGTGTAGAGACC	Tumour	-
GX23_GAAGTAAAGTGCACTT	Tumour	-
GX23_GAAGTAAGTGCTCTTC	Tumour	-
GX23_GAAGTAATCAACCTCC	Tumour	-
GX23_GAAGTAATCTTCGCTG	Tumour	-
GX23_GAATAGACACTATGTG	Tumour	-
GX23_GAATAGAGTCCTACGG	Tumour	-
GX23_GAATAGAGTGGCTGAA	Tumour	-
GX23_GAATAGATCTATGCCC	Tumour	-
GX23_GAATAGATCTCTCGAC	Tumour	-
GX23_GAATCACGTAGCTTTG	Tumour	-
GX23_GAATCACGTCACTCGG	Tumour	-
GX23_GAATCGTAGAGGTATT	Tumour	-
GX23_GAATCGTCATGACTCA	Tumour	-
GX23_GAATCGTGTGACTATC	Tumour	-
GX23_GAATCGTTCACGGAGA	Tumour	-
GX23_GACACGCGTTCTCCCA	Tumour	-
GX23_GACATCACACCGAATT	Tumour	-
GX23_GACATCATCATCCTGC	Tumour	-
GX23_GACATCATCCCATACC	Tumour	-
GX23_GACCAATCAGCTGCCA	Tumour	-
GX23_GACCAATCAGGAAGTC	Tumour	-
GX23_GACCAATGTGTGATGG	Tumour	-
GX23_GACCAATTCCTGTACC	Tumour	-
GX23_GACCCAGAGCACTCCG	Tumour	-
GX23_GACCCAGAGTACAACA	Tumour	-
GX23_GACCCAGCAATACAGA	Tumour	-
GX23_GACCCAGCATCGAACT	Tumour	-
GX23_GACCCAGGTACCCGAC	Tumour	-
GX23_GACCCAGGTGCCCAGT	Tumour	-
GX23_GACCCTTAGAAATTCG	Tumour	-
GX23_GACCCTTAGAACGCGT	Tumour	-
GX23_GACCTTCCATTCTGTT	Tumour	-
GX23_GACCTTCGTGTCCACG	Tumour	-
GX23_GACGCTGAGATGTTAG	Tumour	-
GX23_GACGTTAGTACTCGAT	Tumour	-
GX23_GACGTTATCTCGACCT	Tumour	-
GX23_GACTATGGTCCTTGTC	Tumour	-
GX23_GACTCAAAGACATCAA	Tumour	-
GX23_GACTCAAAGGGTTAAT	Tumour	-
GX23_GACTCAACACCCTAGG	Tumour	-
GX23_GACTCAAGTATCGCTA	Tumour	-
GX23_GACTCTCTCTTTGCGC	Tumour	-
GX23_GACTGATCATGGCCCA	Tumour	-
GX23_GACTGATGTCTACTGA	Tumour	-
GX23_GACTGATGTTGTTGCA	Tumour	-
GX23_GACTGATTCGTTGTTT	Tumour	-
GX23_GACTTCCGTCTACATG	Tumour	-
GX23_GACTTCCTCACAAGGG	Tumour	-
GX23_GACTTCCTCACCATCC	Tumour	-
GX23_GAGAAATGTACCCGAC	Tumour	-
GX23_GAGACCCAGTGGGAAA	Tumour	-
GX23_GAGACCCCATTCACAG	Tumour	-
GX23_GAGACTTGTATGACAA	Tumour	-
GX23_GAGACTTTCACCATAG	Tumour	-
GX23_GAGAGGTAGCGCTGAA	Tumour	-
GX23_GAGAGGTCAATGCTCA	Tumour	-
GX23_GAGATGGAGTAGCATA	Tumour	-
GX23_GAGATGGCATCAGCGC	Tumour	-
GX23_GAGATGGGTATTTCTC	Tumour	-
GX23_GAGATGGTCCCATAAG	Tumour	-
GX23_GAGCCTGAGCCACTCG	Tumour	-
GX23_GAGCCTGAGCCGATTT	Tumour	-
GX23_GAGCCTGCAGAGCGTA	Tumour	-
GX23_GAGCTGCGTTTACACG	Tumour	-
GX23_GAGGCAACAAGGATGC	Tumour	-
GX23_GAGGCAACATCTAACG	Tumour	-
GX23_GAGGCAAGTATTGGCT	Tumour	-
GX23_GAGGCAAGTTCTAACG	Tumour	-
GX23_GAGGCAATCAAGAGTA	Tumour	-
GX23_GAGGCAATCGAGTTGT	Tumour	-
GX23_GAGGCCTCACACGTGC	Tumour	-
GX23_GAGGCCTCACCCTAAA	Tumour	-
GX23_GAGGGATAGAGGATCC	Tumour	-
GX23_GAGGGATGTTAAGAAC	Tumour	-
GX23_GAGGGTACAGTAACGG	Tumour	-
GX23_GAGGGTAGTGAATTGA	Tumour	-
GX23_GAGTCATCAGAACTTC	Tumour	-
GX23_GAGTCATGTCTTTATC	Tumour	-
GX23_GAGTCATGTTTCAGAC	Tumour	-
GX23_GAGTCATTCGTTCCTG	Tumour	-
GX23_GAGTGAGAGGTGGTTG	Tumour	-
GX23_GAGTGAGGTTTCCAAG	Tumour	-
GX23_GAGTGTTCAATAGAGT	Tumour	-
GX23_GAGTGTTTCAAGTCTG	Tumour	-
GX23_GAGTTACCAACGACTT	Tumour	-
GX23_GAGTTACCAATTGCAC	Tumour	-
GX23_GAGTTACCATCCGGCA	Tumour	-
GX23_GAGTTACGTGGTCAAG	Tumour	-
GX23_GAGTTACTCCGAACGC	Tumour	-
GX23_GAGTTGTAGCCATATC	Tumour	-
GX23_GAGTTGTGTCCGTACG	Tumour	-
GX23_GAGTTTGGTTCTCTCG	Tumour	-
GX23_GATAGAACACCGTACG	Tumour	-
GX23_GATAGAAGTGGTCCCA	Tumour	-
GX23_GATAGCTCAAAGAGTT	Tumour	-
GX23_GATAGCTTCCCGTTGT	Tumour	-
GX23_GATAGCTTCGTGAGAG	Tumour	-
GX23_GATCACAAGTATCCTG	Tumour	-
GX23_GATCAGTAGACTCGAG	Tumour	-
GX23_GATCAGTCAATCCTTT	Tumour	-
GX23_GATCAGTTCGTTATCT	Tumour	-
GX23_GATCATGAGGAGGTTC	Tumour	-
GX23_GATCATGAGTAACGTA	Tumour	-
GX23_GATCCCTCAATCAGCT	Tumour	-
GX23_GATCCCTCACATTGTG	Tumour	-
GX23_GATCCCTGTTAGGCCC	Tumour	-
GX23_GATCCCTTCTCTAGGA	Tumour	-
GX23_GATCGTAAGCATCGAG	Tumour	-
GX23_GATCGTAGTGCTGATT	Tumour	-
GX23_GATGACTAGGAACGTC	Tumour	-
GX23_GATGACTGTTACAGCT	Tumour	-
GX23_GATGAGGAGCGTGAAC	Tumour	-
GX23_GATGAGGAGGGTGAGG	Tumour	-
GX23_GATGAGGTCAGATTGC	Tumour	-
GX23_GATGATCCACTCTGCT	Tumour	-
GX23_GATGATCCAGGCCTGT	Tumour	-
GX23_GATGATCCATCGCTAA	Tumour	-
GX23_GATGCTAAGATACTGA	Tumour	-
GX23_GATGCTAAGCACTTTG	Tumour	-
GX23_GATGCTACAACTAGAA	Tumour	-
GX23_GATGCTAGTTATCTGG	Tumour	-
GX23_GATGCTATCTAGAACC	Tumour	-
GX23_GATGGAGGTACTCGAT	Tumour	-
GX23_GATGGAGGTACTGACT	Tumour	-
GX23_GATGTTGCAACGGCTC	Tumour	-
GX23_GATTCGACACTGAGTT	Tumour	-
GX23_GATTCGACACTGATTG	Tumour	-
GX23_GATTCGATCTTAGGAC	Tumour	-
GX23_GATTCTTTCTGAGATC	Tumour	-
GX23_GATTGGTAGCCGCTTG	Tumour	-
GX23_GATTGGTGTTCTCTCG	Tumour	-
GX23_GATTGGTGTTGCATGT	Tumour	-
GX23_GATTTCTAGTTGGCTT	Tumour	-
GX23_GATTTCTCAATCTAGC	Tumour	-
GX23_GATTTCTGTCGCATCG	Tumour	-
GX23_GCAACATTCTGCGGGT	Tumour	-
GX23_GCAACCGAGCCTAACT	Tumour	-
GX23_GCAACCGAGTGAATAC	Tumour	-
GX23_GCAACCGCATGTGTCA	Tumour	-
GX23_GCAACCGTCCGAACGC	Tumour	-
GX23_GCACATATCCTACCGT	Tumour	-
GX23_GCACATATCGTGACTA	Tumour	-
GX23_GCACATATCTGGGCCA	Tumour	-
GX23_GCACGTGGTAACAGTA	Tumour	-
GX23_GCACTAAAGGTTGGTG	Tumour	-
GX23_GCACTAACATCTGGGC	Tumour	-
GX23_GCACTAAGTGCCCGTA	Tumour	-
GX23_GCAGCCAGTACCTAGT	Tumour	-
GX23_GCAGCCATCATTCGGA	Tumour	-
GX23_GCAGCCATCGCGAAGA	Tumour	-
GX23_GCAGCTGCAAACTAAG	Tumour	-
GX23_GCAGCTGTCCATACAG	Tumour	-
GX23_GCAGGCTCATGCCGCA	Tumour	-
GX23_GCAGTTAAGTTGGAGC	Tumour	-
GX23_GCAGTTATCGTTCTCG	Tumour	-
GX23_GCATCGGCAGTTAGGG	Tumour	-
GX23_GCATCGGGTCCTGGTG	Tumour	-
GX23_GCATCGGGTTACGCCG	Tumour	-
GX23_GCATCGGGTTGCATGT	Tumour	-
GX23_GCATCTCCAGGAATAT	Tumour	-
GX23_GCATCTCGTATCAAGA	Tumour	-
GX23_GCATCTCTCATCGTAG	Tumour	-
GX23_GCATCTCTCGAAGTGG	Tumour	-
GX23_GCATGATTCAGAGCGA	Tumour	-
GX23_GCATGATTCTTACGGA	Tumour	-
GX23_GCATTAGAGCAACTTC	Tumour	-
GX23_GCATTAGCAAGTGCTT	Tumour	-
GX23_GCATTAGCAATTGCCA	Tumour	-
GX23_GCATTAGGTCGAATGG	Tumour	-
GX23_GCATTAGTCTGAGGTT	Tumour	-
GX23_GCCAACGCACCATATG	Tumour	-
GX23_GCCAACGCAGCCGTCA	Tumour	-
GX23_GCCAACGCATCAGTCA	Tumour	-
GX23_GCCAGCAAGAAGCTGC	Tumour	-
GX23_GCCAGCACAGGTTTAC	Tumour	-
GX23_GCCAGCACATTCACCC	Tumour	-
GX23_GCCAGCAGTATCAAGA	Tumour	-
GX23_GCCAGCAGTGGAACAC	Tumour	-
GX23_GCCAGCATCTCGGTAA	Tumour	-
GX23_GCCAGGTAGGTTACAA	Tumour	-
GX23_GCCAGGTCAGTGTGGA	Tumour	-
GX23_GCCAGTGAGCGGCTCT	Tumour	-
GX23_GCCAGTGCACAAACGG	Tumour	-
GX23_GCCAGTGGTTCATCTT	Tumour	-
GX23_GCCATGGAGGGTGAAA	Tumour	-
GX23_GCCATGGTCAGCTCTC	Tumour	-
GX23_GCCATGGTCCTCAGGG	Tumour	-
GX23_GCCATGGTCGTCGGGT	Tumour	-
GX23_GCCATTCCACATATCG	Tumour	-
GX23_GCCATTCCAGCCATTA	Tumour	-
GX23_GCCATTCCAGGCACAA	Tumour	-
GX23_GCCATTCGTATACCTG	Tumour	-
GX23_GCCATTCGTGAGTTTC	Tumour	-
GX23_GCCCAGAAGTGGTTAA	Tumour	-
GX23_GCCCAGAGTTTCGCTC	Tumour	-
GX23_GCCCGAACAGTTTCGA	Tumour	-
GX23_GCCCGAACATCTTCGC	Tumour	-
GX23_GCCCGAAGTAGTACGG	Tumour	-
GX23_GCCCGAAGTCCAGCGT	Tumour	-
GX23_GCCGATGAGGTATCTC	Tumour	-
GX23_GCCGATGGTCACTACA	Tumour	-
GX23_GCCTGTTAGAACTGAT	Tumour	-
GX23_GCCTGTTCAGTAGGAC	Tumour	-
GX23_GCCTGTTGTAACAGTA	Tumour	-
GX23_GCGAGAAAGGTCGACA	Tumour	-
GX23_GCGAGAAAGTCAGAGC	Tumour	-
GX23_GCGAGAAGTAGGTGCA	Tumour	-
GX23_GCGATCGAGGGACAGG	Tumour	-
GX23_GCGATCGCAGAGTTCT	Tumour	-
GX23_GCGGAAACAAGTGGCA	Tumour	-
GX23_GCGGAAAGTAGCTAAA	Tumour	-
GX23_GCGGAAAGTCCGAAAG	Tumour	-
GX23_GCGGAAATCTACGGGC	Tumour	-
GX23_GCGGATCCAAGTTCGT	Tumour	-
GX23_GCGGATCGTCTGCAAT	Tumour	-
GX23_GCGTGCATCTTAGCCC	Tumour	-
GX23_GCGTTTCAGCACACCC	Tumour	-
GX23_GCGTTTCCACGACGCT	Tumour	-
GX23_GCGTTTCTCATGTCTT	Tumour	-
GX23_GCTACAAGTTAGGCCC	Tumour	-
GX23_GCTACAATCAGGACGA	Tumour	-
GX23_GCTACCTAGACCTTTG	Tumour	-
GX23_GCTACCTAGCTAATCC	Tumour	-
GX23_GCTACCTTCACTTGTT	Tumour	-
GX23_GCTCAAAAGCTAGAAT	Tumour	-
GX23_GCTCAAAGTAGCTAAA	Tumour	-
GX23_GCTGAATCACACACTA	Tumour	-
GX23_GCTGAATGTAAGGCTG	Tumour	-
GX23_GCTGAATGTCAACGCC	Tumour	-
GX23_GCTGAATGTCACAATC	Tumour	-
GX23_GCTGAATTCCGACATA	Tumour	-
GX23_GCTGAATTCTCTTGCG	Tumour	-
GX23_GCTGGGTCATCATTTC	Tumour	-
GX23_GCTGGGTTCTTCTCAA	Tumour	-
GX23_GCTTCACTCTACGGGC	Tumour	-
GX23_GCTTGGGTCCACCCTA	Tumour	-
GX23_GCTTTCGCAATTCACG	Tumour	-
GX23_GCTTTCGGTCTAGGCC	Tumour	-
GX23_GCTTTCGGTGTCTCCT	Tumour	-
GX23_GGAACCCAGGTCACTT	Tumour	-
GX23_GGAAGTGGTTACAGCT	Tumour	-
GX23_GGAATCTTCCGTACGG	Tumour	-
GX23_GGAATGGAGAGCTGAC	Tumour	-
GX23_GGACGTCAGGTGCTTT	Tumour	-
GX23_GGAGAACCAAGCACCC	Tumour	-
GX23_GGAGAACGTGTCTAAC	Tumour	-
GX23_GGAGATGCAGATTAAG	Tumour	-
GX23_GGAGCAAGTCTAATCG	Tumour	-
GX23_GGAGGATCATGACTAC	Tumour	-
GX23_GGAGGTACACTGTGTA	Tumour	-
GX23_GGAGGTAGTGATGGCA	Tumour	-
GX23_GGAGGTAGTTTAGAGA	Tumour	-
GX23_GGATCTATCAGACAAA	Tumour	-
GX23_GGATCTATCGTCAAAC	Tumour	-
GX23_GGATCTATCTCATTAC	Tumour	-
GX23_GGATGTTCAAAGCTCT	Tumour	-
GX23_GGCACGTAGAAGATCT	Tumour	-
GX23_GGCACGTAGACTGAGC	Tumour	-
GX23_GGCACGTCAAGCGATG	Tumour	-
GX23_GGCACGTTCCGATGCG	Tumour	-
GX23_GGCACGTTCTGGACCG	Tumour	-
GX23_GGCAGTCCACGGTGAA	Tumour	-
GX23_GGCAGTCTCTTGGAAC	Tumour	-
GX23_GGCGTCAAGCAATAGT	Tumour	-
GX23_GGCGTCAGTAAGAACT	Tumour	-
GX23_GGCTGTGGTCTGTAAC	Tumour	-
GX23_GGCTTGGGTACACGCC	Tumour	-
GX23_GGCTTGGGTCCAAATC	Tumour	-
GX23_GGCTTTCGTCATCGGC	Tumour	-
GX23_GGGAAGTAGCTGTACT	Tumour	-
GX23_GGGAAGTGTATCTCTT	Tumour	-
GX23_GGGAAGTGTCCCGTGA	Tumour	-
GX23_GGGACAATCAGTGTCA	Tumour	-
GX23_GGGACAATCTGATTCT	Tumour	-
GX23_GGGACCTCACCAACAT	Tumour	-
GX23_GGGACCTGTTGTGGAG	Tumour	-
GX23_GGGACTCAGAAGGTAG	Tumour	-
GX23_GGGACTCAGGAAACGA	Tumour	-
GX23_GGGACTCAGTATGATG	Tumour	-
GX23_GGGACTCGTCCAGCAC	Tumour	-
GX23_GGGACTCTCATTGCGA	Tumour	-
GX23_GGGAGATAGACCATGG	Tumour	-
GX23_GGGAGTAAGGATATGT	Tumour	-
GX23_GGGAGTACAAGAGCTG	Tumour	-
GX23_GGGAGTACACATATGC	Tumour	-
GX23_GGGAGTATCATGGTAC	Tumour	-
GX23_GGGATCCTCATAGGCT	Tumour	-
GX23_GGGATGAAGGATGAGA	Tumour	-
GX23_GGGATGACATAATCCG	Tumour	-
GX23_GGGATGATCGCTTGCT	Tumour	-
GX23_GGGCGTTAGTGAGTGC	Tumour	-
GX23_GGGCGTTCATTGAGCT	Tumour	-
GX23_GGGCGTTGTCCAGAAG	Tumour	-
GX23_GGGCGTTTCCCGAACG	Tumour	-
GX23_GGGCGTTTCTGCACCT	Tumour	-
GX23_GGGCTACAGAACGCGT	Tumour	-
GX23_GGGCTACCAAAGACTA	Tumour	-
GX23_GGGCTACTCCACGGAC	Tumour	-
GX23_GGGCTACTCCGCCTAT	Tumour	-
GX23_GGGCTCACACATAACC	Tumour	-
GX23_GGGTAGAAGCTATCCA	Tumour	-
GX23_GGGTAGACACACCAGC	Tumour	-
GX23_GGGTAGACACAGTGTT	Tumour	-
GX23_GGGTAGAGTGCGAGTA	Tumour	-
GX23_GGGTAGATCATTTGCT	Tumour	-
GX23_GGGTATTGTATACGGG	Tumour	-
GX23_GGGTCACGTCTAGGCC	Tumour	-
GX23_GGGTCTGCAGATACCT	Tumour	-
GX23_GGGTCTGGTTGCTTGA	Tumour	-
GX23_GGGTCTGTCAGTCCGG	Tumour	-
GX23_GGGTCTGTCATCGTAG	Tumour	-
GX23_GGGTGAAGTAGCGCCT	Tumour	-
GX23_GGGTGAAGTCTACTGA	Tumour	-
GX23_GGGTGTCCAAATGAAC	Tumour	-
GX23_GGGTTATAGCAAACAT	Tumour	-
GX23_GGGTTTAAGCTGCCAC	Tumour	-
GX23_GGGTTTAGTATTTCTC	Tumour	-
GX23_GGTAACTGTCCCAAAT	Tumour	-
GX23_GGTAACTTCAACGAGG	Tumour	-
GX23_GGTAACTTCCTCACGT	Tumour	-
GX23_GGTAACTTCGGCACTG	Tumour	-
GX23_GGTAACTTCTAAGCGT	Tumour	-
GX23_GGTAACTTCTCCACTG	Tumour	-
GX23_GGTAATCCAAGAGCTG	Tumour	-
GX23_GGTAATCCAATGTCAC	Tumour	-
GX23_GGTAATCCATACTGAC	Tumour	-
GX23_GGTAATCGTATTTCTC	Tumour	-
GX23_GGTAATCGTCTATGAC	Tumour	-
GX23_GGTAATCTCGTCAGAT	Tumour	-
GX23_GGTAGAGCACGAAAGC	Tumour	-
GX23_GGTAGAGCAGAAGTGC	Tumour	-
GX23_GGTAGAGGTTCTTAGG	Tumour	-
GX23_GGTCTGGAGGAGACCT	Tumour	-
GX23_GGTGAAGTCACCTACC	Tumour	-
GX23_GGTGAAGTCTTAGGAC	Tumour	-
GX23_GGTGATTGTAACACGG	Tumour	-
GX23_GGTGATTTCGACCCAG	Tumour	-
GX23_GGTGATTTCGGCATTA	Tumour	-
GX23_GGTGGCTAGGGAGAAT	Tumour	-
GX23_GGTGGCTCACGGGCTT	Tumour	-
GX23_GGTGGCTCAGTCGAGA	Tumour	-
GX23_GGTGGCTGTAGCCCTG	Tumour	-
GX23_GGTGGCTGTGTCCAAT	Tumour	-
GX23_GGTGTCGAGGTACCTT	Tumour	-
GX23_GGTGTCGCACGAAAGC	Tumour	-
GX23_GGTGTTACAGAGATGC	Tumour	-
GX23_GGTGTTAGTCACTAGT	Tumour	-
GX23_GGTTAACCAGGGAATC	Tumour	-
GX23_GGTTAACGTGATACTC	Tumour	-
GX23_GGTTAACTCCGGGACT	Tumour	-
GX23_GGTTCTCCAATGAACA	Tumour	-
GX23_GGTTCTCGTTTCACTT	Tumour	-
GX23_GGTTCTCTCGTTCTGC	Tumour	-
GX23_GTAACACAGTCTCCTC	Tumour	-
GX23_GTAACACGTAATGCGG	Tumour	-
GX23_GTAACACTCTGAGATC	Tumour	-
GX23_GTAACCACACGGTCTG	Tumour	-
GX23_GTAACCAGTTGTAAAG	Tumour	-
GX23_GTAACCATCATAGACC	Tumour	-
GX23_GTAACCATCGTCAGAT	Tumour	-
GX23_GTAAGTCCAATTGCTG	Tumour	-
GX23_GTAAGTCTCTCTGCCA	Tumour	-
GX23_GTAATCGGTGAGTTTC	Tumour	-
GX23_GTACAGTAGCCTGTCG	Tumour	-
GX23_GTACAGTCATTGAAAG	Tumour	-
GX23_GTACAGTGTCTAGGCC	Tumour	-
GX23_GTACAGTTCTGTCAGA	Tumour	-
GX23_GTAGAAAAGGCTCACC	Tumour	-
GX23_GTAGAAACATCTGGGC	Tumour	-
GX23_GTAGAGGAGAGGATCC	Tumour	-
GX23_GTAGAGGCATAGTCAC	Tumour	-
GX23_GTAGAGGGTTCTGACA	Tumour	-
GX23_GTAGATCAGCAACAAT	Tumour	-
GX23_GTAGATCAGTCGCTAT	Tumour	-
GX23_GTAGATCTCCTACCGT	Tumour	-
GX23_GTAGCTAAGGCGAAGG	Tumour	-
GX23_GTAGCTACACGTAGTT	Tumour	-
GX23_GTAGCTAGTCCGAAGA	Tumour	-
GX23_GTAGGAGGTTCTAAGC	Tumour	-
GX23_GTAGGAGTCTACTGAG	Tumour	-
GX23_GTAGGTTCAAATTAGG	Tumour	-
GX23_GTATTGGAGTAAACAC	Tumour	-
GX23_GTATTGGCATTCTCTA	Tumour	-
GX23_GTATTGGGTCTTGCTC	Tumour	-
GX23_GTATTTCAGCCTCACG	Tumour	-
GX23_GTATTTCAGGCACTAG	Tumour	-
GX23_GTATTTCCACTAGGTT	Tumour	-
GX23_GTATTTCTCTCGGTAA	Tumour	-
GX23_GTCAAACAGACGCTCC	Tumour	-
GX23_GTCAAACAGGGACCAT	Tumour	-
GX23_GTCAAACAGGGATCGT	Tumour	-
GX23_GTCAAACAGTGTACAA	Tumour	-
GX23_GTCAAACGTGCACAAG	Tumour	-
GX23_GTCAAACGTTGCATTG	Tumour	-
GX23_GTCAAACTCATCCTGC	Tumour	-
GX23_GTCAAACTCCCGAATA	Tumour	-
GX23_GTCAAACTCCCTGGTT	Tumour	-
GX23_GTCAAGTAGTTGGCTT	Tumour	-
GX23_GTCAAGTGTCACAATC	Tumour	-
GX23_GTCAAGTTCACTTGTT	Tumour	-
GX23_GTCACGGCACCCGTAG	Tumour	-
GX23_GTCACGGCAGAATGTA	Tumour	-
GX23_GTCACGGGTTAAACCC	Tumour	-
GX23_GTCACGGTCCGCAAAT	Tumour	-
GX23_GTCACTCCAACGAGGT	Tumour	-
GX23_GTCACTCGTTCGTACA	Tumour	-
GX23_GTCACTCTCTAGATCG	Tumour	-
GX23_GTCATCCTCTCGTCGT	Tumour	-
GX23_GTCATGAAGACCTGGA	Tumour	-
GX23_GTCATGAAGTCACTGT	Tumour	-
GX23_GTCATGACAAACTAGA	Tumour	-
GX23_GTCATTTGTTCAAGTC	Tumour	-
GX23_GTCCACTAGAGTAACT	Tumour	-
GX23_GTCCACTAGTTTGCTG	Tumour	-
GX23_GTCCACTGTTCTAAGC	Tumour	-
GX23_GTCCCATAGTGGATTA	Tumour	-
GX23_GTCCCATGTCACCGAC	Tumour	-
GX23_GTCCCATTCCCTCTCC	Tumour	-
GX23_GTCCTCAAGTCAGAGC	Tumour	-
GX23_GTCCTCACAGCGTTGC	Tumour	-
GX23_GTCCTCAGTTATGTCG	Tumour	-
GX23_GTCGAATCAATTGTGC	Tumour	-
GX23_GTCGAATGTGCCTTCT	Tumour	-
GX23_GTCGCGATCCGTGGTG	Tumour	-
GX23_GTCGTAAGTGTCTTGA	Tumour	-
GX23_GTCGTAATCCATATGG	Tumour	-
GX23_GTCGTTCAGAGAATCT	Tumour	-
GX23_GTCGTTCTCTGGCCTT	Tumour	-
GX23_GTCTACCCATCCAATG	Tumour	-
GX23_GTCTACCGTCCTGTTC	Tumour	-
GX23_GTCTACCGTGCCCGTA	Tumour	-
GX23_GTCTAGAGTCCGATCG	Tumour	-
GX23_GTCTCACGTAAGGCCA	Tumour	-
GX23_GTCTCACTCCGCTAGG	Tumour	-
GX23_GTCTCACTCCGGCAGT	Tumour	-
GX23_GTCTCACTCTAAGGAA	Tumour	-
GX23_GTCTGTCTCATAGGCT	Tumour	-
GX23_GTCTGTCTCGTCAGAT	Tumour	-
GX23_GTCTTTAAGTCACAGG	Tumour	-
GX23_GTGACGCAGCCAACCC	Tumour	-
GX23_GTGAGCCAGTACCGGA	Tumour	-
GX23_GTGAGCCGTCTCGGAC	Tumour	-
GX23_GTGAGGAAGCTGTGCC	Tumour	-
GX23_GTGAGGAGTTCATCGA	Tumour	-
GX23_GTGAGGAGTTTGATCG	Tumour	-
GX23_GTGAGGATCCATTGGA	Tumour	-
GX23_GTGAGTTGTTAAGAAC	Tumour	-
GX23_GTGAGTTTCAAACCTG	Tumour	-
GX23_GTGAGTTTCGATCCAA	Tumour	-
GX23_GTGATGTAGACAGTCG	Tumour	-
GX23_GTGATGTGTAGATCGG	Tumour	-
GX23_GTGATGTGTGACTGTT	Tumour	-
GX23_GTGATGTTCTATCGTT	Tumour	-
GX23_GTGCACGAGCCAACCC	Tumour	-
GX23_GTGCACGGTATTGGCT	Tumour	-
GX23_GTGCACGGTTTATGCG	Tumour	-
GX23_GTGCACGTCTGGGAGA	Tumour	-
GX23_GTGCGTGGTCCATAGT	Tumour	-
GX23_GTGCTGGAGTTTGGCT	Tumour	-
GX23_GTGCTGGCATAGTCAC	Tumour	-
GX23_GTGCTGGGTGAGAACC	Tumour	-
GX23_GTGCTGGGTGTGACCC	Tumour	-
GX23_GTGCTGGTCGCTACAA	Tumour	-
GX23_GTGCTTCAGTGGCAGT	Tumour	-
GX23_GTGCTTCCAAAGGGCT	Tumour	-
GX23_GTGCTTCTCAGAACCT	Tumour	-
GX23_GTGCTTCTCCATTCAT	Tumour	-
GX23_GTGCTTCTCGGTGTTA	Tumour	-
GX23_GTGGAAGAGATGAATC	Tumour	-
GX23_GTGGAAGAGGGCTAAC	Tumour	-
GX23_GTGGAAGGTACTGAGG	Tumour	-
GX23_GTGGAAGTCTGTCCCA	Tumour	-
GX23_GTGGAGAAGCAGCACA	Tumour	-
GX23_GTGGAGACATGATGCT	Tumour	-
GX23_GTGGAGAGTATGAGCG	Tumour	-
GX23_GTGGCGTCATCATGAC	Tumour	-
GX23_GTGGGAACAGTGGGTA	Tumour	-
GX23_GTGGGAAGTGTTCATG	Tumour	-
GX23_GTGGTTAGTAGGAGGG	Tumour	-
GX23_GTGTAACAGCTGACTT	Tumour	-
GX23_GTGTAACAGGTTGAGC	Tumour	-
GX23_GTGTAACTCCTTTAGT	Tumour	-
GX23_GTGTCCTCAAAGGTTA	Tumour	-
GX23_GTGTCCTCAGCCCACA	Tumour	-
GX23_GTGTGGCAGACTCTTG	Tumour	-
GX23_GTGTGGCAGAGGTGCT	Tumour	-
GX23_GTGTGGCCAAGCCTGC	Tumour	-
GX23_GTGTGGCGTAGTCTTG	Tumour	-
GX23_GTGTGGCGTTCCTTGC	Tumour	-
GX23_GTGTTAGAGCCGTAAG	Tumour	-
GX23_GTGTTAGAGTACGTCT	Tumour	-
GX23_GTGTTAGGTGGTCTAT	Tumour	-
GX23_GTGTTAGTCGCACTCT	Tumour	-
GX23_GTGTTCCAGAGTGACC	Tumour	-
GX23_GTGTTCCCATAGAATG	Tumour	-
GX23_GTTACAGCAGTCGCTG	Tumour	-
GX23_GTTACAGCATAGATGA	Tumour	-
GX23_GTTACAGTCCACGTAA	Tumour	-
GX23_GTTACAGTCCTTCACG	Tumour	-
GX23_GTTACAGTCTTGGGCG	Tumour	-
GX23_GTTACCCCACAACCGC	Tumour	-
GX23_GTTACGAGTGGATGAC	Tumour	-
GX23_GTTACGATCAATCTCT	Tumour	-
GX23_GTTACGATCCCTTTGG	Tumour	-
GX23_GTTAGACAGGTGCTGA	Tumour	-
GX23_GTTAGACCAAGGTCAG	Tumour	-
GX23_GTTAGACCATTGCTTT	Tumour	-
GX23_GTTAGTGGTACCTAAC	Tumour	-
GX23_GTTAGTGGTGAGCAGT	Tumour	-
GX23_GTTAGTGGTGGTTTAC	Tumour	-
GX23_GTTAGTGTCCCAGCGA	Tumour	-
GX23_GTTATGGAGTAACCTC	Tumour	-
GX23_GTTATGGCAAGCTACT	Tumour	-
GX23_GTTATGGGTGAATTAG	Tumour	-
GX23_GTTATGGGTTTCCATT	Tumour	-
GX23_GTTCATTCAGAGATTA	Tumour	-
GX23_GTTCCGTCACGTCTCT	Tumour	-
GX23_GTTCCGTCAGCTATTG	Tumour	-
GX23_GTTCCGTTCACTGTTT	Tumour	-
GX23_GTTCCGTTCCAACTAG	Tumour	-
GX23_GTTCGCTAGAAGCCTG	Tumour	-
GX23_GTTCGCTCACACCTGG	Tumour	-
GX23_GTTCTATAGCGGTAGT	Tumour	-
GX23_GTTCTATGTGCTATTG	Tumour	-
GX23_GTTGCGGAGATTGCGG	Tumour	-
GX23_GTTGCTCCAGAGATGC	Tumour	-
GX23_GTTGCTCCAGCTGTTA	Tumour	-
GX23_GTTGCTCTCTCGTCGT	Tumour	-
GX23_GTTGTAGGTAGCGCCT	Tumour	-
GX23_GTTGTAGGTCTGCATA	Tumour	-
GX23_GTTGTCCAGGGCGAAG	Tumour	-
GX23_GTTGTCCTCCAGGACC	Tumour	-
GX23_GTTGTCCTCTATGCCC	Tumour	-
GX23_GTTGTGAAGGTCTTTG	Tumour	-
GX23_GTTGTGATCATAGGCT	Tumour	-
GX23_GTTGTGATCTTACGGA	Tumour	-
GX23_GTTTACTCACTACCGG	Tumour	-
GX23_GTTTACTGTATGAGCG	Tumour	-
GX23_GTTTACTTCTACGCGG	Tumour	-
GX23_GTTTGGAGTTTATGCG	Tumour	-
GX23_GTTTGGATCGATCCAA	Tumour	-
GX23_TAACACGCAGCTTTCC	Tumour	-
GX23_TAACACGCAGGTCAGA	Tumour	-
GX23_TAACACGGTTGCTCGG	Tumour	-
GX23_TAACACGTCAATCAGC	Tumour	-
GX23_TAACCAGGTGACTGTT	Tumour	-
GX23_TAACGACAGCGATGAC	Tumour	-
GX23_TAACGACCAAGATGTA	Tumour	-
GX23_TAACGACCATGTGCCG	Tumour	-
GX23_TAACGACGTAGCTGTT	Tumour	-
GX23_TAACGACGTGTGTGTT	Tumour	-
GX23_TAACTTCTCAAACGAA	Tumour	-
GX23_TAACTTCTCATTTCCA	Tumour	-
GX23_TAAGCACGTCTGCGCA	Tumour	-
GX23_TAAGCCAAGGTTCAGG	Tumour	-
GX23_TAAGCCACACTTCATT	Tumour	-
GX23_TAAGCCATCTGGACCG	Tumour	-
GX23_TAAGCGTGTCACTCAA	Tumour	-
GX23_TAAGCGTTCCACTGGG	Tumour	-
GX23_TAAGCGTTCCATAGAC	Tumour	-
GX23_TAAGTCGTCAGCTTCC	Tumour	-
GX23_TAATCTCCAGTAGAGC	Tumour	-
GX23_TAATCTCGTACCCAGC	Tumour	-
GX23_TAATTCCAGGCGTCCT	Tumour	-
GX23_TAATTCCAGTAGTGCG	Tumour	-
GX23_TAATTCCCAACACGTT	Tumour	-
GX23_TAATTCCGTAGGAGTC	Tumour	-
GX23_TACAACGAGCTGAAAT	Tumour	-
GX23_TACACCCAGAAACTCA	Tumour	-
GX23_TACACCCCATTAAGCC	Tumour	-
GX23_TACACCCGTCCCAAAT	Tumour	-
GX23_TACACCCGTCGATTCA	Tumour	-
GX23_TACAGGTAGAGTGACC	Tumour	-
GX23_TACAGGTGTGCTATTG	Tumour	-
GX23_TACAGGTGTTCCTAAG	Tumour	-
GX23_TACAGGTTCTGTAAGC	Tumour	-
GX23_TACATTCAGCTCTATG	Tumour	-
GX23_TACCCACGTCCCGGTA	Tumour	-
GX23_TACCCACTCTCTGGTC	Tumour	-
GX23_TACCCGTCAGTCGCAC	Tumour	-
GX23_TACCGAACACGCAGTC	Tumour	-
GX23_TACCGAATCAAACCTG	Tumour	-
GX23_TACCGAATCTTTACAC	Tumour	-
GX23_TACCGGGAGCCGTTAT	Tumour	-
GX23_TACCGGGAGGGTAATT	Tumour	-
GX23_TACCGGGTCGGCATAT	Tumour	-
GX23_TACCTGCAGGCTTCCG	Tumour	-
GX23_TACCTGCCAATGCAGG	Tumour	-
GX23_TACCTGCGTATACCCA	Tumour	-
GX23_TACCTGCTCCGAGAAG	Tumour	-
GX23_TACGCTCCAAAGAGTT	Tumour	-
GX23_TACGCTCCAGCTGTTA	Tumour	-
GX23_TACGCTCTCAAAGGAT	Tumour	-
GX23_TACGCTCTCAACGAGG	Tumour	-
GX23_TACGCTCTCTCGACCT	Tumour	-
GX23_TACGGGCAGACTCTAC	Tumour	-
GX23_TACGGGCGTCATTCCC	Tumour	-
GX23_TACGGGCTCAGCCTCT	Tumour	-
GX23_TACGGTAAGGACAACC	Tumour	-
GX23_TACGGTAAGTGAACAT	Tumour	-
GX23_TACGGTACAGGTTCGC	Tumour	-
GX23_TACGTCCGTGCCTATA	Tumour	-
GX23_TACTGCCCAATTCTCT	Tumour	-
GX23_TACTGCCCATCCGAGC	Tumour	-
GX23_TACTGCCGTAATCAAG	Tumour	-
GX23_TACTGCCGTCCTTAAG	Tumour	-
GX23_TACTGCCTCGCATTAG	Tumour	-
GX23_TACTGCCTCGCTGCGA	Tumour	-
GX23_TACTTACAGGGAACAA	Tumour	-
GX23_TACTTACCAGAGGAAA	Tumour	-
GX23_TACTTACTCGCCGATG	Tumour	-
GX23_TACTTCAAGCTTTCCC	Tumour	-
GX23_TACTTCAGTGCACAAG	Tumour	-
GX23_TACTTGTAGCGATGAC	Tumour	-
GX23_TAGACCATCAAGGCTT	Tumour	-
GX23_TAGACTGTCCATGCAA	Tumour	-
GX23_TAGACTGTCGGTATGT	Tumour	-
GX23_TAGAGTCCACACAGCC	Tumour	-
GX23_TAGAGTCGTCATATGC	Tumour	-
GX23_TAGATCGAGAATTCAG	Tumour	-
GX23_TAGATCGGTCGATGCC	Tumour	-
GX23_TAGCACAAGTCGAAGC	Tumour	-
GX23_TAGCACACATAGGCGA	Tumour	-
GX23_TAGCACATCAGGACAG	Tumour	-
GX23_TAGGAGGCAGCCTTCT	Tumour	-
GX23_TAGGAGGGTAAGGCCA	Tumour	-
GX23_TAGGAGGGTCTGATAC	Tumour	-
GX23_TAGGGTTCAGGGACTA	Tumour	-
GX23_TAGGGTTGTGAATTGA	Tumour	-
GX23_TAGGGTTGTGGATGAC	Tumour	-
GX23_TAGGGTTGTTCCACGG	Tumour	-
GX23_TAGGGTTTCCATCTCG	Tumour	-
GX23_TAGGGTTTCGAACACT	Tumour	-
GX23_TAGGTACTCTAGCCAA	Tumour	-
GX23_TAGGTACTCTTTGCAT	Tumour	-
GX23_TAGGTTGGTAGCGTAG	Tumour	-
GX23_TAGTGCAAGAAACCCG	Tumour	-
GX23_TAGTGCACAATTAGGA	Tumour	-
GX23_TAGTGCACAGAGCCCT	Tumour	-
GX23_TAGTGCAGTGCAATGG	Tumour	-
GX23_TAGTGCAGTTTACTGG	Tumour	-
GX23_TAGTGCATCCATACTT	Tumour	-
GX23_TATACCTCAAGCGAAC	Tumour	-
GX23_TATACCTCACTACCGG	Tumour	-
GX23_TATACCTCAGTCTTCC	Tumour	-
GX23_TATACCTGTCTACATG	Tumour	-
GX23_TATACCTTCAAAGACA	Tumour	-
GX23_TATATCCAGCACTCGC	Tumour	-
GX23_TATATCCAGGGAACAA	Tumour	-
GX23_TATATCCCATAGAAAC	Tumour	-
GX23_TATCAGGCATAGCTGT	Tumour	-
GX23_TATCCTAAGAACTGAT	Tumour	-
GX23_TATCCTAGTAGTAAGT	Tumour	-
GX23_TATCCTAGTTCAATCG	Tumour	-
GX23_TATCCTAGTTGTTGAC	Tumour	-
GX23_TATCCTATCACCTTGC	Tumour	-
GX23_TATCTGTAGTGTTGAA	Tumour	-
GX23_TATCTGTCAACTCATG	Tumour	-
GX23_TATCTGTCATAACAGA	Tumour	-
GX23_TATCTGTTCATTGAGC	Tumour	-
GX23_TATCTTGAGCCGAACA	Tumour	-
GX23_TATCTTGGTTCGGACC	Tumour	-
GX23_TATGTTCAGGCATCGA	Tumour	-
GX23_TATGTTCAGTTGTAAG	Tumour	-
GX23_TATGTTCGTCTTGAGT	Tumour	-
GX23_TATTCCATCCGACATA	Tumour	-
GX23_TATTCCATCCGCCTAT	Tumour	-
GX23_TATTGCTCAGTGTGGA	Tumour	-
GX23_TATTGCTTCTACAGGT	Tumour	-
GX23_TATTGGGAGGTGCCAA	Tumour	-
GX23_TATTGGGAGTCCGTCG	Tumour	-
GX23_TATTGGGCACCTGCAG	Tumour	-
GX23_TATTGGGGTACAGTAA	Tumour	-
GX23_TATTTCGAGAAATTCG	Tumour	-
GX23_TATTTCGAGGTTAGTA	Tumour	-
GX23_TCAAGCACACAGCATT	Tumour	-
GX23_TCAAGCACAGGCAATG	Tumour	-
GX23_TCAAGTGAGAGTGAAG	Tumour	-
GX23_TCAAGTGAGATACAGT	Tumour	-
GX23_TCAAGTGGTAGGATAT	Tumour	-
GX23_TCAAGTGTCACGTAGT	Tumour	-
GX23_TCAAGTGTCCACAGGC	Tumour	-
GX23_TCAATCTCACGACTAT	Tumour	-
GX23_TCACAAGAGTGCGCTC	Tumour	-
GX23_TCACAAGCAACAGATA	Tumour	-
GX23_TCACAAGGTGGTCCGT	Tumour	-
GX23_TCACACCAGATTGATG	Tumour	-
GX23_TCACACCTCATACAGC	Tumour	-
GX23_TCACACCTCATGCATG	Tumour	-
GX23_TCACATTCAACAGCTT	Tumour	-
GX23_TCACATTGTCGCATTA	Tumour	-
GX23_TCACATTTCACCACAA	Tumour	-
GX23_TCACATTTCTTTCTAG	Tumour	-
GX23_TCACGCTAGACCCTTA	Tumour	-
GX23_TCACGCTAGCATGAAT	Tumour	-
GX23_TCACGCTCAAAGCAAT	Tumour	-
GX23_TCACGCTGTGAATGTA	Tumour	-
GX23_TCACGCTGTTCTATCT	Tumour	-
GX23_TCACTATAGCCTGACC	Tumour	-
GX23_TCACTATAGGCGAAGG	Tumour	-
GX23_TCACTATAGGGATCGT	Tumour	-
GX23_TCACTATGTAACATGA	Tumour	-
GX23_TCACTATGTACATTGC	Tumour	-
GX23_TCACTATGTCGTCTCT	Tumour	-
GX23_TCACTATGTGAATATG	Tumour	-
GX23_TCACTCGAGAGGTCGT	Tumour	-
GX23_TCACTCGCAGAGGGTT	Tumour	-
GX23_TCACTCGCATTCTCTA	Tumour	-
GX23_TCACTCGTCAGCAGAG	Tumour	-
GX23_TCAGCAAAGACTCATC	Tumour	-
GX23_TCAGCAAGTTGGCTAT	Tumour	-
GX23_TCAGCAAGTTTGGAGG	Tumour	-
GX23_TCAGCAATCGAACGGA	Tumour	-
GX23_TCAGCAATCTCTATGT	Tumour	-
GX23_TCAGCCTCAATATCCG	Tumour	-
GX23_TCAGCCTCAGCAGTAG	Tumour	-
GX23_TCAGCCTCATCTAGAC	Tumour	-
GX23_TCAGCCTTCATACGGT	Tumour	-
GX23_TCAGGGCAGAATGTTG	Tumour	-
GX23_TCAGGGCAGCAACTCT	Tumour	-
GX23_TCAGGGCAGTGCAGCA	Tumour	-
GX23_TCAGGTAAGTCCTACA	Tumour	-
GX23_TCAGTCCCAGTTGTTG	Tumour	-
GX23_TCAGTCCGTAGGAGTC	Tumour	-
GX23_TCAGTCCGTTACCCTC	Tumour	-
GX23_TCAGTGAAGTTACGTC	Tumour	-
GX23_TCAGTTTCATGCCGAC	Tumour	-
GX23_TCAGTTTGTGTCCGTG	Tumour	-
GX23_TCAGTTTTCCGGTTCT	Tumour	-
GX23_TCATACTAGGCACAAC	Tumour	-
GX23_TCATACTGTCAGGCAA	Tumour	-
GX23_TCATACTTCAGACCGC	Tumour	-
GX23_TCATACTTCTTTGGAG	Tumour	-
GX23_TCATATCCAACGGCTC	Tumour	-
GX23_TCATATCCAGCCTTCT	Tumour	-
GX23_TCATCATAGTGATTCC	Tumour	-
GX23_TCATCATCAACGGTAG	Tumour	-
GX23_TCATCATGTCAGGTAG	Tumour	-
GX23_TCATCATTCGAACCTA	Tumour	-
GX23_TCATCCGGTTTACGAC	Tumour	-
GX23_TCATCCGTCTTGGAAC	Tumour	-
GX23_TCATGAGAGTCCCAAT	Tumour	-
GX23_TCATGAGTCCGTCACT	Tumour	-
GX23_TCATGCCCAGCGAACA	Tumour	-
GX23_TCATGCCGTGTCCAAT	Tumour	-
GX23_TCATGCCGTGTTAACC	Tumour	-
GX23_TCATGGAAGGCACAAC	Tumour	-
GX23_TCATGGAAGGCGCTCT	Tumour	-
GX23_TCATGTTAGCGTTAGG	Tumour	-
GX23_TCATTACAGCAGTCTT	Tumour	-
GX23_TCATTACAGCCATGCC	Tumour	-
GX23_TCATTACTCGGATACT	Tumour	-
GX23_TCATTGTAGGTAAAGG	Tumour	-
GX23_TCATTGTAGTAGCAAT	Tumour	-
GX23_TCATTGTGTTGCTTGA	Tumour	-
GX23_TCATTTGGTTTGGCTA	Tumour	-
GX23_TCCACCACACGCGGTT	Tumour	-
GX23_TCCACCAGTACCTGTA	Tumour	-
GX23_TCCACCAGTCATTCCC	Tumour	-
GX23_TCCACGTGTCAAGCGA	Tumour	-
GX23_TCCACGTGTTGTGCCG	Tumour	-
GX23_TCCACGTTCCCTGGTT	Tumour	-
GX23_TCCACGTTCTAACGCA	Tumour	-
GX23_TCCAGAAAGACCCGCT	Tumour	-
GX23_TCCAGAACAGTCAGAG	Tumour	-
GX23_TCCAGAAGTGCCGAAA	Tumour	-
GX23_TCCAGAATCCGGACTG	Tumour	-
GX23_TCCATCGCAGCTAACT	Tumour	-
GX23_TCCCACAGTTGCTAGT	Tumour	-
GX23_TCCCACATCCAACTAG	Tumour	-
GX23_TCCCAGTAGCCTCAGC	Tumour	-
GX23_TCCCAGTGTAACACGG	Tumour	-
GX23_TCCCAGTGTCATCCCT	Tumour	-
GX23_TCCCAGTTCTTGGCTC	Tumour	-
GX23_TCCCATGGTGGAGGTT	Tumour	-
GX23_TCCCATGTCACGATCA	Tumour	-
GX23_TCCCATGTCCGCGAGT	Tumour	-
GX23_TCCGAAAAGATCCTAC	Tumour	-
GX23_TCCGATCCAGCGACAA	Tumour	-
GX23_TCCGATCTCCTGATAG	Tumour	-
GX23_TCCGGGAAGACGACTG	Tumour	-
GX23_TCCTAATAGCTGGCCT	Tumour	-
GX23_TCCTCCCAGTCTAGAA	Tumour	-
GX23_TCCTCCCGTGGACCTC	Tumour	-
GX23_TCCTCCCGTTGTTGCA	Tumour	-
GX23_TCCTCGAAGGTTACAA	Tumour	-
GX23_TCCTCGATCTCGTCAC	Tumour	-
GX23_TCCTCTTCAAACAGGC	Tumour	-
GX23_TCCTGCACAGAGAATT	Tumour	-
GX23_TCCTTCTTCAAGAGGC	Tumour	-
GX23_TCGAACACATGTGGTT	Tumour	-
GX23_TCGACCTCACAGTGAG	Tumour	-
GX23_TCGACCTCATAACAGA	Tumour	-
GX23_TCGACCTGTTGTGCAT	Tumour	-
GX23_TCGACCTGTTTGGAAA	Tumour	-
GX23_TCGATTTAGTGCCCGT	Tumour	-
GX23_TCGATTTCATTCTTCA	Tumour	-
GX23_TCGATTTGTGTCCGGT	Tumour	-
GX23_TCGATTTGTTCCGCAG	Tumour	-
GX23_TCGCACTAGAAATTCG	Tumour	-
GX23_TCGCACTGTCCAGGTC	Tumour	-
GX23_TCGCACTTCCATAGAC	Tumour	-
GX23_TCGCAGGCAGCTATTG	Tumour	-
GX23_TCGCTCAAGCCAAGGT	Tumour	-
GX23_TCGCTCAAGCCATTTG	Tumour	-
GX23_TCGCTTGAGACTCCGC	Tumour	-
GX23_TCGCTTGGTTGTTGCA	Tumour	-
GX23_TCGCTTGTCTAGAACC	Tumour	-
GX23_TCGGATAAGTCAACAA	Tumour	-
GX23_TCGGGACAGAGGATGA	Tumour	-
GX23_TCGGGACCAGCCTATA	Tumour	-
GX23_TCGGGACTCAGCTTCC	Tumour	-
GX23_TCGGGCAAGTCGCCCA	Tumour	-
GX23_TCGGGCACATATAGCC	Tumour	-
GX23_TCGGGCAGTTGGGATG	Tumour	-
GX23_TCGGGCATCCGTCAAA	Tumour	-
GX23_TCGGGTGCAGGATTCT	Tumour	-
GX23_TCGGGTGGTTCACGAT	Tumour	-
GX23_TCGGTCTAGGAGTATT	Tumour	-
GX23_TCGGTCTGTCACAGTT	Tumour	-
GX23_TCGGTCTGTTGAGGAC	Tumour	-
GX23_TCGTAGACAAATGGTA	Tumour	-
GX23_TCGTAGACAGAGTGAC	Tumour	-
GX23_TCGTCCAGTAAGATTG	Tumour	-
GX23_TCTAACTCAACACAGG	Tumour	-
GX23_TCTAACTCAGACAAAT	Tumour	-
GX23_TCTAACTGTAATTGGA	Tumour	-
GX23_TCTAACTGTCATGACT	Tumour	-
GX23_TCTAACTTCGGATACT	Tumour	-
GX23_TCTAACTTCTTGGCTC	Tumour	-
GX23_TCTACCGAGCCATGCC	Tumour	-
GX23_TCTACCGCAATTCGTG	Tumour	-
GX23_TCTACCGTCATTGCTT	Tumour	-
GX23_TCTATCAAGACTACCT	Tumour	-
GX23_TCTATCAGTGACCGTC	Tumour	-
GX23_TCTCACGGTTCTTGTT	Tumour	-
GX23_TCTCAGCAGGGTCAAC	Tumour	-
GX23_TCTCAGCGTAGATTAG	Tumour	-
GX23_TCTCAGCGTCTTACTT	Tumour	-
GX23_TCTCAGCTCACGATAC	Tumour	-
GX23_TCTCCGAGTCTGATAC	Tumour	-
GX23_TCTCTGGGTCTTGCGG	Tumour	-
GX23_TCTGCCAGTGCCGGTT	Tumour	-
GX23_TCTGCCATCGGTGTTA	Tumour	-
GX23_TCTGGCTAGCAAGTCG	Tumour	-
GX23_TCTGGCTCATCCTTCG	Tumour	-
GX23_TCTGGCTTCTACTGCC	Tumour	-
GX23_TCTGTCGAGACGCCCT	Tumour	-
GX23_TCTGTCGAGTCACGCC	Tumour	-
GX23_TCTGTCGCAAATAAGC	Tumour	-
GX23_TCTGTCGTCGGCTGTG	Tumour	-
GX23_TCTTAGTGTATGCAAA	Tumour	-
GX23_TCTTAGTTCCTGGGAC	Tumour	-
GX23_TCTTCCTCAGGAGACT	Tumour	-
GX23_TCTTCCTGTTGCCATA	Tumour	-
GX23_TCTTGCGCACGACAGA	Tumour	-
GX23_TCTTGCGCACTACACA	Tumour	-
GX23_TCTTGCGGTTTATGCG	Tumour	-
GX23_TGAACGTAGCTCGAAG	Tumour	-
GX23_TGAACGTCAAACGGCA	Tumour	-
GX23_TGAACGTCATAGGTAA	Tumour	-
GX23_TGAACGTGTGAGATAT	Tumour	-
GX23_TGAACGTGTGCTGTCG	Tumour	-
GX23_TGAACGTTCAACACCA	Tumour	-
GX23_TGAACGTTCGGCATAT	Tumour	-
GX23_TGAACGTTCTATCGTT	Tumour	-
GX23_TGAACGTTCTGGGCCA	Tumour	-
GX23_TGAATCGCAGTCAACT	Tumour	-
GX23_TGAATCGTCAGCCTTC	Tumour	-
GX23_TGAATGCTCTTCCTAA	Tumour	-
GX23_TGACAGTGTGCCGTAC	Tumour	-
GX23_TGACAGTTCACTCACC	Tumour	-
GX23_TGACCCTCATACCATG	Tumour	-
GX23_TGACGCGAGATGCGAC	Tumour	-
GX23_TGACGCGAGGAGCAAA	Tumour	-
GX23_TGACGCGAGGTGCATG	Tumour	-
GX23_TGACGCGAGTAGCCAG	Tumour	-
GX23_TGACGCGAGTATTAGG	Tumour	-
GX23_TGACTCCAGGGAGGGT	Tumour	-
GX23_TGACTCCCATCGTGGC	Tumour	-
GX23_TGACTCCGTGCAATAA	Tumour	-
GX23_TGAGACTCAACAGCTT	Tumour	-
GX23_TGAGACTGTCGACGCT	Tumour	-
GX23_TGAGACTTCACCTGTC	Tumour	-
GX23_TGAGCATAGTCTCCTC	Tumour	-
GX23_TGAGCGCAGGGCTAAC	Tumour	-
GX23_TGAGCGCGTACTGAGG	Tumour	-
GX23_TGAGCGCTCTGGGATT	Tumour	-
GX23_TGAGGGAAGCCGAATG	Tumour	-
GX23_TGAGGGAAGCGAATGC	Tumour	-
GX23_TGAGGGAAGTCCCAAT	Tumour	-
GX23_TGAGGGAGTACTGAGG	Tumour	-
GX23_TGAGGGATCGCTAAAC	Tumour	-
GX23_TGAGGTTAGCGCAATG	Tumour	-
GX23_TGAGGTTGTGCAGTGA	Tumour	-
GX23_TGAGGTTGTTGCAACT	Tumour	-
GX23_TGAGGTTTCAGATGCT	Tumour	-
GX23_TGAGTCAGTCCGCAGT	Tumour	-
GX23_TGAGTCATCGGAGATG	Tumour	-
GX23_TGAGTCATCTCTGGTC	Tumour	-
GX23_TGATCAGAGCGCATCC	Tumour	-
GX23_TGATCAGAGGGCAAGG	Tumour	-
GX23_TGATCTTAGCGCATCC	Tumour	-
GX23_TGATCTTCACATCCCT	Tumour	-
GX23_TGATCTTCATGTGGTT	Tumour	-
GX23_TGATCTTGTTGTTTGG	Tumour	-
GX23_TGATCTTTCATTCCTA	Tumour	-
GX23_TGATGCAAGAGGGTGG	Tumour	-
GX23_TGATGCATCCATGCAA	Tumour	-
GX23_TGATTCTAGAAACCCG	Tumour	-
GX23_TGATTCTAGTGATAGT	Tumour	-
GX23_TGATTCTGTCGTCATA	Tumour	-
GX23_TGATTCTTCGTCCTCA	Tumour	-
GX23_TGATTTCCATAACCCA	Tumour	-
GX23_TGCACGGAGGTTTACC	Tumour	-
GX23_TGCACGGGTTATTCCT	Tumour	-
GX23_TGCACGGGTTTCTTAC	Tumour	-
GX23_TGCAGATAGTAAACTG	Tumour	-
GX23_TGCAGATTCCTACTGC	Tumour	-
GX23_TGCAGATTCCTGGTCT	Tumour	-
GX23_TGCAGGCTCCTTATCA	Tumour	-
GX23_TGCAGTAAGGATACGC	Tumour	-
GX23_TGCAGTACAGACGATG	Tumour	-
GX23_TGCAGTACATTGAAGA	Tumour	-
GX23_TGCATCCAGAGTTGAT	Tumour	-
GX23_TGCATCCAGGAGAGGC	Tumour	-
GX23_TGCATCCAGGCCTGCT	Tumour	-
GX23_TGCATCCGTCACTTCC	Tumour	-
GX23_TGCATGAAGATACATG	Tumour	-
GX23_TGCATGACATTCTCTA	Tumour	-
GX23_TGCATGATCTCCTACG	Tumour	-
GX23_TGCCGAGGTATGCTTG	Tumour	-
GX23_TGCCGAGGTCATATGC	Tumour	-
GX23_TGCCGAGGTGACTATC	Tumour	-
GX23_TGCGACGTCCGTCCTA	Tumour	-
GX23_TGCGATACACGTAGAG	Tumour	-
GX23_TGCGGCAAGGTTCTAC	Tumour	-
GX23_TGCGGCAAGTCTGCAT	Tumour	-
GX23_TGCGGCAGTCGATGCC	Tumour	-
GX23_TGCGGGTAGCAGCGAT	Tumour	-
GX23_TGCTCCACACGCACCA	Tumour	-
GX23_TGCTCCATCTGATGGT	Tumour	-
GX23_TGCTCGTAGAAACTGT	Tumour	-
GX23_TGCTGAACAAGATTGA	Tumour	-
GX23_TGCTGAAGTAGTAAGT	Tumour	-
GX23_TGCTGAAGTTCCTAGA	Tumour	-
GX23_TGCTTCGAGTTACTCG	Tumour	-
GX23_TGCTTCGCACAGTCAT	Tumour	-
GX23_TGCTTCGGTGGATCAG	Tumour	-
GX23_TGCTTCGTCCGGCAAC	Tumour	-
GX23_TGCTTCGTCGTGGAAG	Tumour	-
GX23_TGCTTGCAGTCTTCGA	Tumour	-
GX23_TGCTTGCGTCTAGATC	Tumour	-
GX23_TGGAACTAGTCTTCCC	Tumour	-
GX23_TGGAACTCAAGACCGA	Tumour	-
GX23_TGGAACTGTGTCCGTG	Tumour	-
GX23_TGGAACTGTTCGGCTG	Tumour	-
GX23_TGGAACTGTTTACGTG	Tumour	-
GX23_TGGAGAGAGAGATTCA	Tumour	-
GX23_TGGAGAGAGGTCGACA	Tumour	-
GX23_TGGAGAGTCACCGGTG	Tumour	-
GX23_TGGAGAGTCAGACAAA	Tumour	-
GX23_TGGAGGAAGCGTGTCC	Tumour	-
GX23_TGGAGGACAACCCTCT	Tumour	-
GX23_TGGAGGATCAAGAGTA	Tumour	-
GX23_TGGAGGATCCTCAGAA	Tumour	-
GX23_TGGATCATCATCTACT	Tumour	-
GX23_TGGATCATCATTGCGA	Tumour	-
GX23_TGGATCATCTGTCCCA	Tumour	-
GX23_TGGATGTCACGTATAC	Tumour	-
GX23_TGGCGTGCAAAGGCGT	Tumour	-
GX23_TGGGAGACACAGAGCA	Tumour	-
GX23_TGGGAGAGTATAGGAT	Tumour	-
GX23_TGGGATTAGTACGTCT	Tumour	-
GX23_TGGGATTAGTCGTCTA	Tumour	-
GX23_TGGGATTCACTTCAAG	Tumour	-
GX23_TGGGATTTCGGTCAGC	Tumour	-
GX23_TGGGCTGCATCGCTCT	Tumour	-
GX23_TGGGCTGCATGACAGG	Tumour	-
GX23_TGGGTTACATGAGTAA	Tumour	-
GX23_TGGGTTAGTTGGCTAT	Tumour	-
GX23_TGGTACACAAGAGCTG	Tumour	-
GX23_TGGTACACAGCTGCCA	Tumour	-
GX23_TGGTACATCCACGTGG	Tumour	-
GX23_TGGTAGTAGAGTCTTC	Tumour	-
GX23_TGGTAGTGTCCAGAAG	Tumour	-
GX23_TGGTAGTGTCTCTCAC	Tumour	-
GX23_TGGTGATCACACGGTC	Tumour	-
GX23_TGGTGATGTAGGACCA	Tumour	-
GX23_TGGTGATTCGTACACA	Tumour	-
GX23_TGGTGATTCTGTAAGC	Tumour	-
GX23_TGGTTAGCAGGGTTGA	Tumour	-
GX23_TGGTTAGGTCCTTTGC	Tumour	-
GX23_TGGTTAGGTCTCACGG	Tumour	-
GX23_TGGTTAGGTGGAACCA	Tumour	-
GX23_TGGTTAGGTGTTCCAA	Tumour	-
GX23_TGGTTAGTCTACTGAG	Tumour	-
GX23_TGTAACGCACAGCCTG	Tumour	-
GX23_TGTAACGCAGCGTTTA	Tumour	-
GX23_TGTAAGCTCCGTGGTG	Tumour	-
GX23_TGTAAGCTCTGAATGC	Tumour	-
GX23_TGTACAGAGACGACGT	Tumour	-
GX23_TGTACAGGTATTTCGG	Tumour	-
GX23_TGTACAGGTGGTATGG	Tumour	-
GX23_TGTACAGTCATCGCCT	Tumour	-
GX23_TGTAGACAGGTTGGTG	Tumour	-
GX23_TGTAGACTCGCATTAG	Tumour	-
GX23_TGTCAGAAGTACAGCG	Tumour	-
GX23_TGTCAGAGTGCCGGTT	Tumour	-
GX23_TGTCAGAGTGTGAGCA	Tumour	-
GX23_TGTCCACCAGGCGATA	Tumour	-
GX23_TGTCCACTCGCGTCGA	Tumour	-
GX23_TGTCCCAAGATGCTGG	Tumour	-
GX23_TGTCCCAAGTTTAGGA	Tumour	-
GX23_TGTCCCAGTACAGAGC	Tumour	-
GX23_TGTCCTGAGTACAACA	Tumour	-
GX23_TGTCCTGGTCATCCCT	Tumour	-
GX23_TGTCCTGGTTGGTGTT	Tumour	-
GX23_TGTGATGCAACGAGGT	Tumour	-
GX23_TGTGATGCATCATCTT	Tumour	-
GX23_TGTGATGGTGATACAA	Tumour	-
GX23_TGTGCGGGTAACTAAG	Tumour	-
GX23_TGTGGCGTCACAACCA	Tumour	-
GX23_TGTGTGACAGCATCTA	Tumour	-
GX23_TGTTACTGTCGTTGCG	Tumour	-
GX23_TGTTACTTCACTCACC	Tumour	-
GX23_TGTTCATAGGAGTCTG	Tumour	-
GX23_TGTTCATAGGGAGTTC	Tumour	-
GX23_TGTTCATCATGACGGA	Tumour	-
GX23_TGTTCATGTAACATAG	Tumour	-
GX23_TGTTCATTCATGAAAG	Tumour	-
GX23_TGTTCATTCGCCGATG	Tumour	-
GX23_TGTTCCGCAGAGGACT	Tumour	-
GX23_TGTTCCGGTTGCGGCT	Tumour	-
GX23_TGTTCCGTCACTGTTT	Tumour	-
GX23_TGTTCCGTCTCTTAAC	Tumour	-
GX23_TGTTGAGTCGGTCGGT	Tumour	-
GX23_TGTTTGTAGTGAATAC	Tumour	-
GX23_TTAATCCGTACAGAGC	Tumour	-
GX23_TTACAGGTCACAGAGG	Tumour	-
GX23_TTACAGGTCCTGCCAT	Tumour	-
GX23_TTACCATAGAATCCCT	Tumour	-
GX23_TTACCATCACTAAACC	Tumour	-
GX23_TTACCATCATGACGTT	Tumour	-
GX23_TTACCATTCTTGAGCA	Tumour	-
GX23_TTACCGCGTCGCACGT	Tumour	-
GX23_TTACCGCGTTAAGACA	Tumour	-
GX23_TTACCGCTCTCATTAC	Tumour	-
GX23_TTACGCCGTCATCCCT	Tumour	-
GX23_TTACGCCGTGCGGTAA	Tumour	-
GX23_TTACGCCTCGGAATTC	Tumour	-
GX23_TTACGTTAGCCGATAG	Tumour	-
GX23_TTACGTTAGGAAGTAG	Tumour	-
GX23_TTACGTTGTGTGGACA	Tumour	-
GX23_TTACGTTTCCAACCGG	Tumour	-
GX23_TTACTGTAGTGCCAGA	Tumour	-
GX23_TTACTGTTCTGAGATC	Tumour	-
GX23_TTAGGCAAGGGACAGG	Tumour	-
GX23_TTAGGCAGTCGGAACA	Tumour	-
GX23_TTAGGCATCTTCTTCC	Tumour	-
GX23_TTAGGGTAGGCATGGT	Tumour	-
GX23_TTAGGGTAGTTTGCTG	Tumour	-
GX23_TTAGGGTTCCATTGCC	Tumour	-
GX23_TTAGTCTAGAGAAGGT	Tumour	-
GX23_TTAGTCTAGCTCTGTA	Tumour	-
GX23_TTAGTCTTCCGTGTGG	Tumour	-
GX23_TTAGTCTTCGTAGAGG	Tumour	-
GX23_TTATTGCTCGAGAACG	Tumour	-
GX23_TTATTGCTCTTCTGGC	Tumour	-
GX23_TTCAATCCAAGTACCT	Tumour	-
GX23_TTCAATCGTAGTATAG	Tumour	-
GX23_TTCACCGTCCGATCGG	Tumour	-
GX23_TTCACGCCAAATGGAT	Tumour	-
GX23_TTCACGCCACGGTGCT	Tumour	-
GX23_TTCACGCCAGAGATGC	Tumour	-
GX23_TTCACGCCAGGTCCCA	Tumour	-
GX23_TTCAGGACACCTGCAG	Tumour	-
GX23_TTCAGGACACTAGGTT	Tumour	-
GX23_TTCAGGACATCAGTGT	Tumour	-
GX23_TTCATGTAGGGAGGAC	Tumour	-
GX23_TTCATGTCAACCAACT	Tumour	-
GX23_TTCATGTCAGTCGCTG	Tumour	-
GX23_TTCATGTTCCCTCGTA	Tumour	-
GX23_TTCATTGAGTCTAACC	Tumour	-
GX23_TTCATTGCATTGACCA	Tumour	-
GX23_TTCATTGTCCCGGTAG	Tumour	-
GX23_TTCCAATGTTATGTCG	Tumour	-
GX23_TTCCAATTCGCGCCAA	Tumour	-
GX23_TTCCACGCAAATGCGG	Tumour	-
GX23_TTCCACGTCTCTATGT	Tumour	-
GX23_TTCCGGTCATATCTGG	Tumour	-
GX23_TTCCGGTGTCGCGTTG	Tumour	-
GX23_TTCCGGTGTGGATCAG	Tumour	-
GX23_TTCCGGTTCATTTCCA	Tumour	-
GX23_TTCCGGTTCGCGGTAC	Tumour	-
GX23_TTCCGTGAGTAGACAT	Tumour	-
GX23_TTCCGTGGTTCTCACC	Tumour	-
GX23_TTCCGTGTCCTTCTGG	Tumour	-
GX23_TTCCGTGTCTGAACGT	Tumour	-
GX23_TTCCTAACAGCTGTGC	Tumour	-
GX23_TTCCTAACATGGGATG	Tumour	-
GX23_TTCCTAATCTTTGCGC	Tumour	-
GX23_TTCCTCTAGGACGCAT	Tumour	-
GX23_TTCCTCTGTGACACGA	Tumour	-
GX23_TTCCTCTTCCATGAGT	Tumour	-
GX23_TTCCTTCCAAATTGGA	Tumour	-
GX23_TTCCTTCTCTACCCAC	Tumour	-
GX23_TTCGATTAGATGAACT	Tumour	-
GX23_TTCGATTCACTAACGT	Tumour	-
GX23_TTCGCTGAGTCCCAAT	Tumour	-
GX23_TTCGGTCAGTGCACTT	Tumour	-
GX23_TTCGGTCGTCAAAGAT	Tumour	-
GX23_TTCTAACAGACCTGGA	Tumour	-
GX23_TTCTAACAGCGATGCA	Tumour	-
GX23_TTCTAACCACGGGTAA	Tumour	-
GX23_TTCTAACGTTGCAACT	Tumour	-
GX23_TTCTAACTCTACTATC	Tumour	-
GX23_TTCTAACTCTGCGGCA	Tumour	-
GX23_TTCTAACTCTTCACGC	Tumour	-
GX23_TTCTAGTCACTTCAAG	Tumour	-
GX23_TTCTAGTCAGCGTATT	Tumour	-
GX23_TTCTAGTGTATCAAGA	Tumour	-
GX23_TTCTCTCAGCCAACCC	Tumour	-
GX23_TTCTCTCCAATTGTGC	Tumour	-
GX23_TTCTCTCCATTGTACG	Tumour	-
GX23_TTCTCTCTCATGCATG	Tumour	-
GX23_TTCTCTCTCCAGCCTT	Tumour	-
GX23_TTCTGTAAGCCTTCTC	Tumour	-
GX23_TTCTGTAAGCTTCATG	Tumour	-
GX23_TTCTGTAAGTCAGCGA	Tumour	-
GX23_TTCTGTAGTTGACGGA	Tumour	-
GX23_TTCTTCCGTATCCCAA	Tumour	-
GX23_TTCTTGACAAGTGCTT	Tumour	-
GX23_TTCTTGATCCACACAA	Tumour	-
GX23_TTCTTGATCGGCTGTG	Tumour	-
GX23_TTCTTGATCTGGTTGA	Tumour	-
GX23_TTGAACGAGATCACTC	Tumour	-
GX23_TTGAACGAGCCAGTAG	Tumour	-
GX23_TTGAACGGTCCAATCA	Tumour	-
GX23_TTGAACGGTGCCGAAA	Tumour	-
GX23_TTGAACGGTGTTTGCA	Tumour	-
GX23_TTGACCCAGGAATGTT	Tumour	-
GX23_TTGACCCCATGTCAGT	Tumour	-
GX23_TTGACCCGTCTAGTGT	Tumour	-
GX23_TTGAGTGCAGCCTTCT	Tumour	-
GX23_TTGAGTGCATTGACCA	Tumour	-
GX23_TTGAGTGGTATGGTTC	Tumour	-
GX23_TTGAGTGGTCAGTCTA	Tumour	-
GX23_TTGATGGAGACTTGTC	Tumour	-
GX23_TTGATGGTCAAGTTGC	Tumour	-
GX23_TTGATGGTCACTGGTA	Tumour	-
GX23_TTGATGGTCGCTACGG	Tumour	-
GX23_TTGCATTCACGAGAAC	Tumour	-
GX23_TTGCATTCAGAACGCA	Tumour	-
GX23_TTGCATTGTGGTGATG	Tumour	-
GX23_TTGCCTGAGTGCCGAA	Tumour	-
GX23_TTGCCTGGTACCAATC	Tumour	-
GX23_TTGCCTGGTATTCCTT	Tumour	-
GX23_TTGCCTGTCTGCGTCT	Tumour	-
GX23_TTGCGTCAGGTCCCTG	Tumour	-
GX23_TTGCGTCTCGCCCAGA	Tumour	-
GX23_TTGCGTCTCTATTTCG	Tumour	-
GX23_TTGCTGCAGAGAGGGC	Tumour	-
GX23_TTGCTGCAGGAATCGC	Tumour	-
GX23_TTGCTGCAGTGCCAGA	Tumour	-
GX23_TTGCTGCCAAGGCCTC	Tumour	-
GX23_TTGCTGCTCGCTTACC	Tumour	-
GX23_TTGGATGTCGTTATCT	Tumour	-
GX23_TTGGGCGCACAAATGA	Tumour	-
GX23_TTGGGTACAAATTGCC	Tumour	-
GX23_TTGGTTTAGCCATATC	Tumour	-
GX23_TTGGTTTGTTGTCCCT	Tumour	-
GX23_TTGTGGAAGGGAGATA	Tumour	-
GX23_TTGTGTTGTACGGATG	Tumour	-
GX23_TTGTTCACACCTCTAC	Tumour	-
GX23_TTGTTTGCATGCACTA	Tumour	-
GX23_TTGTTTGGTCTTGAAC	Tumour	-
GX23_TTTACGTAGGTCACAG	Tumour	-
GX23_TTTACGTAGTCCGCCA	Tumour	-
GX23_TTTACGTGTAATTAGG	Tumour	-
GX23_TTTACGTTCCCATAAG	Tumour	-
GX23_TTTACTGAGGGAGGCA	Tumour	-
GX23_TTTACTGCAAGACAAT	Tumour	-
GX23_TTTACTGTCGCGTCGA	Tumour	-
GX23_TTTAGTCGTGAGTCAG	Tumour	-
GX23_TTTCACAAGTATAGGT	Tumour	-
GX23_TTTCACACAGTTAGGG	Tumour	-
GX23_TTTCACAGTCAAGCGA	Tumour	-
GX23_TTTCACAGTGGTAATA	Tumour	-
GX23_TTTCAGTTCGACCCAG	Tumour	-
GX23_TTTCATGAGGGTTGCA	Tumour	-
GX23_TTTCATGCAACGTATC	Tumour	-
GX23_TTTCGATTCGCCGAGT	Tumour	-
GX23_TTTCGATTCTGGGCCA	Tumour	-
GX23_TTTGACTGTGGGTCAA	Tumour	-
GX23_TTTGACTTCCACCTGT	Tumour	-
GX23_TTTGACTTCCATTCGC	Tumour	-
GX23_TTTGACTTCGCCAACG	Tumour	-
GX23_TTTGGAGAGCTCAGAG	Tumour	-
GX23_TTTGGAGAGGCCTGCT	Tumour	-
GX23_TTTGGAGCAGTCTTCC	Tumour	-
GX23_TTTGGAGGTATAGCTC	Tumour	-
GX23_TTTGGAGGTCGACTGC	Tumour	-
GX23_TTTGGAGGTTGCCATA	Tumour	-
GX23_TTTGGTTGTGCTCTCT	Tumour	-
GX23_TTTGGTTTCTGCCCTA	Tumour	-
GX23_TTTGGTTTCTGCTTAT	Tumour	-
GX23_TTTGTTGTCAGCTCTC	Tumour	-
GX23_TTTGTTGTCTATGTGG	Tumour	-
GX16_AAACCCAAGACCAACG	Tumour	+
GX16_AAACCCAGTATGTGTC	Tumour	+
GX16_AAACCCAGTGCGTTTA	Tumour	+
GX16_AAACCCATCAGTGATC	Tumour	+
GX16_AAACGAACAAGTGATA	Tumour	+
GX16_AAACGAACAATTGAAG	Tumour	+
GX16_AAACGAACACCGTGAC	Tumour	+
GX16_AAACGAACAGCGAGTA	Tumour	+
GX16_AAACGCTAGGTCGAGT	Tumour	+
GX16_AAACGCTCAGTCAGTT	Tumour	+
GX16_AAACGCTTCATACGAC	Tumour	+
GX16_AAACGCTTCCTGCCAT	Tumour	+
GX16_AAAGAACAGCGATCGA	Tumour	+
GX16_AAAGAACGTAGAGGAA	Tumour	+
GX16_AAAGAACGTTAGTCGT	Tumour	+
GX16_AAAGGGCCAAGGGTCA	Tumour	+
GX16_AAAGGGCGTACGACTT	Tumour	+
GX16_AAAGGGCTCACCGCTT	Tumour	+
GX16_AAAGGGCTCACGACTA	Tumour	+
GX16_AAAGGTAAGACAACTA	Tumour	+
GX16_AAAGGTACACTCAAGT	Tumour	+
GX16_AAAGTCCCACGCGTCA	Tumour	+
GX16_AAAGTCCCACTCCACT	Tumour	+
GX16_AAAGTCCTCGCAGAGA	Tumour	+
GX16_AAAGTCCTCTTCCACG	Tumour	+
GX16_AAAGTGAGTACTCGTA	Tumour	+
GX16_AAAGTGAGTCGGTACC	Tumour	+
GX16_AAAGTGAGTCTAATCG	Tumour	+
GX16_AAAGTGATCCTGTAAG	Tumour	+
GX16_AACAAAGCATGGCCCA	Tumour	+
GX16_AACAACCCAAATCCCA	Tumour	+
GX16_AACAACCGTAGTAAGT	Tumour	+
GX16_AACAACCGTGGAACCA	Tumour	+
GX16_AACAACCTCTGAGATC	Tumour	+
GX16_AACAACCTCTGGAAGG	Tumour	+
GX16_AACAAGATCCGCGAGT	Tumour	+
GX16_AACACACGTGACTAAA	Tumour	+
GX16_AACAGGGAGGATGAGA	Tumour	+
GX16_AACAGGGGTCTAACGT	Tumour	+
GX16_AACCAACAGTACTCGT	Tumour	+
GX16_AACCAACCAAATAGCA	Tumour	+
GX16_AACCAACCACATACTG	Tumour	+
GX16_AACCAACCAGTTAGGG	Tumour	+
GX16_AACCAACGTATCGATC	Tumour	+
GX16_AACCACAAGAATTTGG	Tumour	+
GX16_AACCACAAGTCCCGAC	Tumour	+
GX16_AACCACATCTCGCCTA	Tumour	+
GX16_AACCATGCAGTCAGTT	Tumour	+
GX16_AACCCAAAGGTTGCCC	Tumour	+
GX16_AACCCAATCAGTGTGT	Tumour	+
GX16_AACCTGACAGGAACCA	Tumour	+
GX16_AACCTGACAGGTCCGT	Tumour	+
GX16_AACCTTTAGCTATCTG	Tumour	+
GX16_AACGAAACACTGATTG	Tumour	+
GX16_AACGAAAGTATCGTTG	Tumour	+
GX16_AACGAAAGTTCTATCT	Tumour	+
GX16_AACGGGACAACATACC	Tumour	+
GX16_AACGGGAGTAGCTTTG	Tumour	+
GX16_AACGGGAGTATGCGTT	Tumour	+
GX16_AACGGGATCAAACTGC	Tumour	+
GX16_AACGGGATCCTCACCA	Tumour	+
GX16_AACGTCACACTGCACG	Tumour	+
GX16_AACGTCAGTCGCCACA	Tumour	+
GX16_AACGTCAGTGGCTGAA	Tumour	+
GX16_AACTTCTCATCCTATT	Tumour	+
GX16_AACTTCTCATGCAGCC	Tumour	+
GX16_AACTTCTGTTGCTAGT	Tumour	+
GX16_AAGAACAAGTGCGCTC	Tumour	+
GX16_AAGAACATCCTACGGG	Tumour	+
GX16_AAGACAAAGACTCTTG	Tumour	+
GX16_AAGACAACACATTACG	Tumour	+
GX16_AAGACTCGTGATACCT	Tumour	+
GX16_AAGATAGAGGAGCTGT	Tumour	+
GX16_AAGATAGGTTCAACGT	Tumour	+
GX16_AAGATAGTCCATCCGT	Tumour	+
GX16_AAGCATCTCATACAGC	Tumour	+
GX16_AAGCATCTCGCCAGAC	Tumour	+
GX16_AAGCATCTCTTGCGCT	Tumour	+
GX16_AAGCCATAGCACACAG	Tumour	+
GX16_AAGCCATCATTCACAG	Tumour	+
GX16_AAGCCATGTGAGAGGG	Tumour	+
GX16_AAGCCATTCCCAGTGG	Tumour	+
GX16_AAGCGAGTCTCGGCTT	Tumour	+
GX16_AAGCGTTGTTCAAACC	Tumour	+
GX16_AAGGAATAGGGAGGAC	Tumour	+
GX16_AAGGAATCAACCGGAA	Tumour	+
GX16_AAGGAATGTCATAGTC	Tumour	+
GX16_AAGGAATGTCATTGCA	Tumour	+
GX16_AAGGAATTCCTCGATC	Tumour	+
GX16_AAGGTAAAGAGACAAG	Tumour	+
GX16_AAGGTAAAGTTTGTCG	Tumour	+
GX16_AAGGTAACACTGGATT	Tumour	+
GX16_AAGGTAACAGTTAAAG	Tumour	+
GX16_AAGTACCAGAAGCCAC	Tumour	+
GX16_AAGTACCCACATATCG	Tumour	+
GX16_AAGTACCTCGTGGAAG	Tumour	+
GX16_AAGTCGTAGATTTGCC	Tumour	+
GX16_AAGTCGTAGTCAACAA	Tumour	+
GX16_AAGTCGTCAAACCATC	Tumour	+
GX16_AAGTCGTCATCGAACT	Tumour	+
GX16_AAGTCGTGTGCCTACG	Tumour	+
GX16_AAGTCGTTCACTTTGT	Tumour	+
GX16_AAGTCGTTCAGTGTCA	Tumour	+
GX16_AAGTCGTTCATTCTTG	Tumour	+
GX16_AAGTCGTTCGCGTCGA	Tumour	+
GX16_AAGTGAACACCGCTAG	Tumour	+
GX16_AAGTGAAGTGAGCAGT	Tumour	+
GX16_AAGTTCGCAATTCACG	Tumour	+
GX16_AAGTTCGGTCGTTATG	Tumour	+
GX16_AAGTTCGTCATCGACA	Tumour	+
GX16_AAGTTCGTCATGAGTC	Tumour	+
GX16_AAGTTCGTCCATGATG	Tumour	+
GX16_AAGTTCGTCTACGCGG	Tumour	+
GX16_AATAGAGAGTCACGAG	Tumour	+
GX16_AATAGAGCAAGCGAAC	Tumour	+
GX16_AATAGAGCATCGCTAA	Tumour	+
GX16_AATAGAGTCTGCGTCT	Tumour	+
GX16_AATCACGGTATACGGG	Tumour	+
GX16_AATCACGGTCGCCACA	Tumour	+
GX16_AATCGACAGAAACTCA	Tumour	+
GX16_AATCGACCACCAAAGG	Tumour	+
GX16_AATCGACGTGTCACAT	Tumour	+
GX16_AATCGTGGTCGCCTAG	Tumour	+
GX16_AATGAAGAGCACTAAA	Tumour	+
GX16_AATGAAGAGTCCTACA	Tumour	+
GX16_AATGAAGTCATCTCTA	Tumour	+
GX16_AATGAAGTCCACGAAT	Tumour	+
GX16_AATGACCAGAGCTGCA	Tumour	+
GX16_AATGACCTCGAACACT	Tumour	+
GX16_AATGACCTCGCAACAT	Tumour	+
GX16_AATGCCAAGCCATTTG	Tumour	+
GX16_AATGCCACAAGTATCC	Tumour	+
GX16_AATGCCACACGTCGTG	Tumour	+
GX16_AATGCCACAGCAGTAG	Tumour	+
GX16_AATGCCACAGTTCACA	Tumour	+
GX16_AATGCCAGTATCGCGC	Tumour	+
GX16_AATGCCAGTATGGAAT	Tumour	+
GX16_AATGCCAGTGGTCAAG	Tumour	+
GX16_AATGGAAAGCTAGCCC	Tumour	+
GX16_AATGGAATCTCTAAGG	Tumour	+
GX16_AATGGCTGTACCCACG	Tumour	+
GX16_AATTCCTAGCATAGGC	Tumour	+
GX16_AATTCCTCATAGACTC	Tumour	+
GX16_AATTCCTGTACAGTTC	Tumour	+
GX16_AATTCCTGTCTGGTTA	Tumour	+
GX16_AATTCCTTCATCTACT	Tumour	+
GX16_AATTCCTTCGCCATAA	Tumour	+
GX16_AATTTCCCAAATGCTC	Tumour	+
GX16_AATTTCCCAACTGCTA	Tumour	+
GX16_AATTTCCCATTGACCA	Tumour	+
GX16_AATTTCCGTTCTCAGA	Tumour	+
GX16_AATTTCCTCATTTCCA	Tumour	+
GX16_ACAAAGAAGCACTCGC	Tumour	+
GX16_ACAAAGACAAGCGATG	Tumour	+
GX16_ACAAAGAGTACGGTTT	Tumour	+
GX16_ACAAAGAGTCCTTAAG	Tumour	+
GX16_ACAACCAGTAGGTGCA	Tumour	+
GX16_ACAACCAGTCTCTCAC	Tumour	+
GX16_ACAACCAGTGTCGCTG	Tumour	+
GX16_ACAAGCTCACCATAAC	Tumour	+
GX16_ACAAGCTGTAGCGAGT	Tumour	+
GX16_ACAAGCTGTATGCGTT	Tumour	+
GX16_ACAAGCTTCTTTCCGG	Tumour	+
GX16_ACACAGTGTGCATGTT	Tumour	+
GX16_ACACCAAAGCAGTCTT	Tumour	+
GX16_ACACCAACAACCTATG	Tumour	+
GX16_ACACCAAGTTCGCGTG	Tumour	+
GX16_ACACCAATCGCGATCG	Tumour	+
GX16_ACACCAATCGTAGTGT	Tumour	+
GX16_ACACGCGAGCTAGCCC	Tumour	+
GX16_ACACGCGCACAACCGC	Tumour	+
GX16_ACACGCGTCCAACTGA	Tumour	+
GX16_ACACGCGTCCCATAGA	Tumour	+
GX16_ACACTGAGTACAGTTC	Tumour	+
GX16_ACACTGAGTATCTCGA	Tumour	+
GX16_ACACTGAGTCCAACGC	Tumour	+
GX16_ACACTGAGTGTTCATG	Tumour	+
GX16_ACACTGATCGTGCTCT	Tumour	+
GX16_ACAGAAACATCAACCA	Tumour	+
GX16_ACAGAAAGTCCGGACT	Tumour	+
GX16_ACAGCCGAGAGTAACT	Tumour	+
GX16_ACAGCCGAGGCACGAT	Tumour	+
GX16_ACAGCCGCATATAGCC	Tumour	+
GX16_ACAGGGAAGATACTGA	Tumour	+
GX16_ACAGGGACAACACGTT	Tumour	+
GX16_ACAGGGACAGATAAAC	Tumour	+
GX16_ACAGGGAGTTCGGCTG	Tumour	+
GX16_ACAGGGATCCCGGTAG	Tumour	+
GX16_ACATCCCCAAATCCCA	Tumour	+
GX16_ACATCCCCACCTATCC	Tumour	+
GX16_ACATCCCCACTCCGAG	Tumour	+
GX16_ACATCCCCACTGTCGG	Tumour	+
GX16_ACATCCCGTTCGAAGG	Tumour	+
GX16_ACATCCCGTTGGCCTG	Tumour	+
GX16_ACATCGACAACTCCAA	Tumour	+
GX16_ACATGCAAGGGCAATC	Tumour	+
GX16_ACATGCACACCAGCTG	Tumour	+
GX16_ACATGCAGTACTCAAC	Tumour	+
GX16_ACATGCATCTTTGCAT	Tumour	+
GX16_ACATTTCAGAATCGTA	Tumour	+
GX16_ACATTTCAGATGCTTC	Tumour	+
GX16_ACATTTCAGCCTCTTC	Tumour	+
GX16_ACATTTCAGCGACTAG	Tumour	+
GX16_ACATTTCCACGAAAGC	Tumour	+
GX16_ACATTTCCACTTGAGT	Tumour	+
GX16_ACCAAACAGAAGTCAT	Tumour	+
GX16_ACCAAACAGCTGACAG	Tumour	+
GX16_ACCAAACGTGGCAACA	Tumour	+
GX16_ACCAAACTCCACACCT	Tumour	+
GX16_ACCAACAAGGATTACA	Tumour	+
GX16_ACCAACAAGTCAGCCC	Tumour	+
GX16_ACCAACACAACAGTGG	Tumour	+
GX16_ACCAACAGTACAAAGT	Tumour	+
GX16_ACCAACAGTTGTGTAC	Tumour	+
GX16_ACCAACATCAGGACGA	Tumour	+
GX16_ACCAACATCGGTGCAC	Tumour	+
GX16_ACCAACATCTTTCCAA	Tumour	+
GX16_ACCACAAAGCTAGCCC	Tumour	+
GX16_ACCACAAAGGATGAGA	Tumour	+
GX16_ACCACAACAACGGGTA	Tumour	+
GX16_ACCACAACACGCGCTA	Tumour	+
GX16_ACCACAACAGTTTCGA	Tumour	+
GX16_ACCACAATCACTTATC	Tumour	+
GX16_ACCACAATCTAGCCAA	Tumour	+
GX16_ACCACAATCTCAAAGC	Tumour	+
GX16_ACCATTTAGATAACGT	Tumour	+
GX16_ACCATTTAGATTAGTG	Tumour	+
GX16_ACCATTTCAATCTCTT	Tumour	+
GX16_ACCATTTGTTGCAACT	Tumour	+
GX16_ACCCAAACAATGGCCC	Tumour	+
GX16_ACCCAAACACATAACC	Tumour	+
GX16_ACCCAAAGTTTCTATC	Tumour	+
GX16_ACCCTCAGTGTATTCG	Tumour	+
GX16_ACCCTTGCAATACAGA	Tumour	+
GX16_ACCCTTGGTAAGTTGA	Tumour	+
GX16_ACCCTTGTCGCAGTTA	Tumour	+
GX16_ACCGTTCAGCATTGAA	Tumour	+
GX16_ACCGTTCAGCGACCCT	Tumour	+
GX16_ACCGTTCAGGTAAACT	Tumour	+
GX16_ACCTACCAGTGTACCT	Tumour	+
GX16_ACCTGAAGTCGTCATA	Tumour	+
GX16_ACCTGAAGTGCGAACA	Tumour	+
GX16_ACCTGAATCTATCGGA	Tumour	+
GX16_ACCTGTCAGAGAGAAC	Tumour	+
GX16_ACCTGTCCAGCGTGAA	Tumour	+
GX16_ACCTGTCTCGAATGCT	Tumour	+
GX16_ACGATCATCCACGGGT	Tumour	+
GX16_ACGATGTAGCTCTTCC	Tumour	+
GX16_ACGCACGCATCGAGCC	Tumour	+
GX16_ACGCACGGTGCCTTCT	Tumour	+
GX16_ACGCACGTCCCATAAG	Tumour	+
GX16_ACGCACGTCTCAACCC	Tumour	+
GX16_ACGCACGTCTGTACAG	Tumour	+
GX16_ACGGAAGCAACGACAG	Tumour	+
GX16_ACGGAAGCAATGACCT	Tumour	+
GX16_ACGGAAGCATCTTTCA	Tumour	+
GX16_ACGGGTCCAGAGGCTA	Tumour	+
GX16_ACGGGTCCATGCGTGC	Tumour	+
GX16_ACGGGTCCATGTCAGT	Tumour	+
GX16_ACGGGTCGTACCCGCA	Tumour	+
GX16_ACGGTCGCAAACACCT	Tumour	+
GX16_ACGGTCGCAGACAAAT	Tumour	+
GX16_ACGGTCGGTGGCTTGC	Tumour	+
GX16_ACGGTCGTCAGGACGA	Tumour	+
GX16_ACGGTTAGTCAAAGAT	Tumour	+
GX16_ACGGTTATCTTCCCAG	Tumour	+
GX16_ACGTAACAGCTCTATG	Tumour	+
GX16_ACGTAACAGGGAGATA	Tumour	+
GX16_ACGTAACCAAGGTCTT	Tumour	+
GX16_ACGTAACCACCACATA	Tumour	+
GX16_ACGTAACTCCGTCACT	Tumour	+
GX16_ACGTACATCGCTTACC	Tumour	+
GX16_ACGTACATCTTCTCAA	Tumour	+
GX16_ACGTAGTCACAAATCC	Tumour	+
GX16_ACGTAGTGTCCAACGC	Tumour	+
GX16_ACGTAGTTCAGGTGTT	Tumour	+
GX16_ACGTAGTTCTGTGCTC	Tumour	+
GX16_ACGTTCCAGTTGCGAG	Tumour	+
GX16_ACGTTCCCAACTTGCA	Tumour	+
GX16_ACGTTCCCAGAGGCAT	Tumour	+
GX16_ACGTTCCCATTCAGCA	Tumour	+
GX16_ACGTTCCCATTCATCT	Tumour	+
GX16_ACGTTCCTCCCTGTTG	Tumour	+
GX16_ACTACGAGTAACGATA	Tumour	+
GX16_ACTACGATCGATACGT	Tumour	+
GX16_ACTACGATCTCCAAGA	Tumour	+
GX16_ACTACGATCTTACCGC	Tumour	+
GX16_ACTATCTCATGTGACT	Tumour	+
GX16_ACTATCTGTATAGGGC	Tumour	+
GX16_ACTATGGCAGCAGTTT	Tumour	+
GX16_ACTATGGCAGGCGAAT	Tumour	+
GX16_ACTATGGCAGTCAGAG	Tumour	+
GX16_ACTATGGCATCTCGTC	Tumour	+
GX16_ACTATGGGTATATGGA	Tumour	+
GX16_ACTATGGGTGACGCCT	Tumour	+
GX16_ACTATGGGTTTAAGGA	Tumour	+
GX16_ACTATTCAGAGCAGCT	Tumour	+
GX16_ACTATTCAGCGTTAGG	Tumour	+
GX16_ACTATTCTCATTTGGG	Tumour	+
GX16_ACTATTCTCGTCGATA	Tumour	+
GX16_ACTCCCAAGCGTGAAC	Tumour	+
GX16_ACTCCCACACAGGATG	Tumour	+
GX16_ACTCTCGGTCACGTGC	Tumour	+
GX16_ACTCTCGTCGCACGAC	Tumour	+
GX16_ACTGATGAGAAGGTAG	Tumour	+
GX16_ACTGATGGTCGCAGTC	Tumour	+
GX16_ACTGCAAAGGGCTTCC	Tumour	+
GX16_ACTGCAAAGGTGCATG	Tumour	+
GX16_ACTGCAAAGTAGCATA	Tumour	+
GX16_ACTGCAATCGGTATGT	Tumour	+
GX16_ACTGCAATCGTGGAAG	Tumour	+
GX16_ACTGCAATCTAGGCAT	Tumour	+
GX16_ACTGTCCTCACACCCT	Tumour	+
GX16_ACTGTGACATGATGCT	Tumour	+
GX16_ACTGTGAGTACGGCAA	Tumour	+
GX16_ACTGTGATCTAGCCTC	Tumour	+
GX16_ACTTAGGAGCTGAAGC	Tumour	+
GX16_ACTTAGGAGGAATGTT	Tumour	+
GX16_ACTTAGGAGGATACGC	Tumour	+
GX16_ACTTAGGAGTCGCCCA	Tumour	+
GX16_ACTTAGGGTAAGTTGA	Tumour	+
GX16_ACTTAGGGTGCCCGTA	Tumour	+
GX16_ACTTAGGTCCACATAG	Tumour	+
GX16_ACTTAGGTCTTACTGT	Tumour	+
GX16_ACTTATCAGACGACTG	Tumour	+
GX16_ACTTATCCACACGCCA	Tumour	+
GX16_ACTTATCGTGACAGGT	Tumour	+
GX16_ACTTCCGAGGCCTGAA	Tumour	+
GX16_ACTTCCGCAGGTGGAT	Tumour	+
GX16_ACTTCGCAGGTAACTA	Tumour	+
GX16_ACTTCGCCACGTAGAG	Tumour	+
GX16_ACTTCGCTCAGTGGGA	Tumour	+
GX16_ACTTTCAAGGTGCTGA	Tumour	+
GX16_ACTTTCAGTCCGCAGT	Tumour	+
GX16_ACTTTGTCAACTGATC	Tumour	+
GX16_ACTTTGTTCACTTTGT	Tumour	+
GX16_AGAAATGCACAAATCC	Tumour	+
GX16_AGAAATGTCAAAGCCT	Tumour	+
GX16_AGAAATGTCAGCACCG	Tumour	+
GX16_AGAACAAGTGCCCTTT	Tumour	+
GX16_AGAACAATCCGAGAAG	Tumour	+
GX16_AGAACCTAGTGTTGAA	Tumour	+
GX16_AGAACCTAGTTACTCG	Tumour	+
GX16_AGAACCTTCCATGAGT	Tumour	+
GX16_AGAAGCGCAAAGGTTA	Tumour	+
GX16_AGAAGCGTCTATACGG	Tumour	+
GX16_AGAAGTAAGCTGACCC	Tumour	+
GX16_AGAAGTAAGTCCGCCA	Tumour	+
GX16_AGACAAAAGGTATTGA	Tumour	+
GX16_AGACAAAGTGTTGAGG	Tumour	+
GX16_AGACAAATCAAGCTGT	Tumour	+
GX16_AGACAAATCTCTAAGG	Tumour	+
GX16_AGACACTCAGCGAGTA	Tumour	+
GX16_AGACAGGCAAATCGTC	Tumour	+
GX16_AGACAGGGTAAGTAGT	Tumour	+
GX16_AGACCATTCGTGTTCC	Tumour	+
GX16_AGACCCGCAGAACTAA	Tumour	+
GX16_AGACTCAAGAGAATCT	Tumour	+
GX16_AGACTCAAGATCCCAT	Tumour	+
GX16_AGACTCACAGGTTCGC	Tumour	+
GX16_AGAGAATAGGTTTACC	Tumour	+
GX16_AGAGAATTCACAGAGG	Tumour	+
GX16_AGAGAGCCACTTGGGC	Tumour	+
GX16_AGAGCAGCAGACGGAT	Tumour	+
GX16_AGAGCAGGTAACAAGT	Tumour	+
GX16_AGAGCCCCAGCGATTT	Tumour	+
GX16_AGAGCCCTCATTTGTC	Tumour	+
GX16_AGAGCCCTCGTCGATA	Tumour	+
GX16_AGATAGATCCGGTAAT	Tumour	+
GX16_AGATCCAAGCTACAAA	Tumour	+
GX16_AGATCCAAGGGTCTTT	Tumour	+
GX16_AGATCCAAGTGCAAAT	Tumour	+
GX16_AGATCCACAAAGGGCT	Tumour	+
GX16_AGATCCAGTACTCGAT	Tumour	+
GX16_AGATCGTAGAAGCGCT	Tumour	+
GX16_AGATCGTAGTTACTCG	Tumour	+
GX16_AGATCGTCAAACTGCT	Tumour	+
GX16_AGATCGTCAATTGCAC	Tumour	+
GX16_AGATCGTCATCCTATT	Tumour	+
GX16_AGATCGTGTCGAATGG	Tumour	+
GX16_AGATCGTTCATTCTTG	Tumour	+
GX16_AGATCGTTCCGTGTAA	Tumour	+
GX16_AGATGAAAGCACCGAA	Tumour	+
GX16_AGATGAAAGGAGTCTG	Tumour	+
GX16_AGATGAAGTCTCACAA	Tumour	+
GX16_AGATGAAGTTGGTGTT	Tumour	+
GX16_AGATGAATCATTCACT	Tumour	+
GX16_AGATGCTCATCGCCTT	Tumour	+
GX16_AGATGCTGTATACGGG	Tumour	+
GX16_AGATGCTGTGGGCTCT	Tumour	+
GX16_AGATGCTTCCGTGTGG	Tumour	+
GX16_AGCATCAGTTGAATCC	Tumour	+
GX16_AGCCAATAGGTTTGAA	Tumour	+
GX16_AGCCAATGTACAGTCT	Tumour	+
GX16_AGCCAATGTTCAAGGG	Tumour	+
GX16_AGCCAATTCGCTCTAC	Tumour	+
GX16_AGCCAATTCGGTCGAC	Tumour	+
GX16_AGCCACGAGTCTTGGT	Tumour	+
GX16_AGCCACGCAACAAAGT	Tumour	+
GX16_AGCCAGCAGAAATTCG	Tumour	+
GX16_AGCCAGCAGCAGCCCT	Tumour	+
GX16_AGCCAGCGTAGGTAGC	Tumour	+
GX16_AGCCAGCTCATGAAAG	Tumour	+
GX16_AGCCAGCTCGTTCAGA	Tumour	+
GX16_AGCCAGCTCTACACAG	Tumour	+
GX16_AGCCAGCTCTCAATCT	Tumour	+
GX16_AGCGATTAGGCCACTC	Tumour	+
GX16_AGCGATTCACTAGGTT	Tumour	+
GX16_AGCGCCAGTTGTTGAC	Tumour	+
GX16_AGCGCTGAGACATAGT	Tumour	+
GX16_AGCGCTGCACCTCTAC	Tumour	+
GX16_AGCGCTGGTACCCGAC	Tumour	+
GX16_AGCGTATGTCGAATGG	Tumour	+
GX16_AGCGTATGTGATTAGA	Tumour	+
GX16_AGCTACAGTGACTGTT	Tumour	+
GX16_AGCTACAGTTGCCTAA	Tumour	+
GX16_AGCTCAAAGACATACA	Tumour	+
GX16_AGCTCAACACTCATAG	Tumour	+
GX16_AGCTCAAGTCAGTTTG	Tumour	+
GX16_AGCTTCCAGCTAAGTA	Tumour	+
GX16_AGCTTCCCAGCGTTGC	Tumour	+
GX16_AGCTTCCTCTATACTC	Tumour	+
GX16_AGCTTCCTCTTTGATC	Tumour	+
GX16_AGGAAATAGCGTCTCG	Tumour	+
GX16_AGGAAATAGGGATGTC	Tumour	+
GX16_AGGAAATCATCCGGCA	Tumour	+
GX16_AGGAAATGTCTTGAAC	Tumour	+
GX16_AGGAAATGTGCCAAGA	Tumour	+
GX16_AGGAAATGTGGGACAT	Tumour	+
GX16_AGGAAATGTGTGTGGA	Tumour	+
GX16_AGGAAATTCACTAGCA	Tumour	+
GX16_AGGAATAAGAGTGACC	Tumour	+
GX16_AGGAATACAAATGATG	Tumour	+
GX16_AGGAATACAGGGAGAG	Tumour	+
GX16_AGGAATACATAGCTGT	Tumour	+
GX16_AGGAATACATCCGGCA	Tumour	+
GX16_AGGAATATCATCGCAA	Tumour	+
GX16_AGGACGACATCCGGTG	Tumour	+
GX16_AGGACGAGTTTGCAGT	Tumour	+
GX16_AGGACTTGTGGTGATG	Tumour	+
GX16_AGGAGGTCAGCATTGT	Tumour	+
GX16_AGGAGGTGTCGCGTTG	Tumour	+
GX16_AGGAGGTGTGATACTC	Tumour	+
GX16_AGGATAACACCTAAAC	Tumour	+
GX16_AGGATAAGTCGTGGTC	Tumour	+
GX16_AGGATAAGTCTTGCGG	Tumour	+
GX16_AGGATAATCCGACGGT	Tumour	+
GX16_AGGATCTCATAACTCG	Tumour	+
GX16_AGGCCACAGTTACGTC	Tumour	+
GX16_AGGCCACCAAACACCT	Tumour	+
GX16_AGGCCACCATCCGGCA	Tumour	+
GX16_AGGCCACGTGGTTTGT	Tumour	+
GX16_AGGCCACTCGTCGATA	Tumour	+
GX16_AGGCCACTCTGTAAGC	Tumour	+
GX16_AGGCTGCAGACCAAAT	Tumour	+
GX16_AGGCTGCAGGTCTTTG	Tumour	+
GX16_AGGCTGCAGTGGAAAG	Tumour	+
GX16_AGGCTGCGTGTACAGG	Tumour	+
GX16_AGGGAGTCAAGGTCTT	Tumour	+
GX16_AGGGAGTGTACATACC	Tumour	+
GX16_AGGGAGTGTTCGAACT	Tumour	+
GX16_AGGGAGTTCATGAGTC	Tumour	+
GX16_AGGGCCTGTGCTAGCC	Tumour	+
GX16_AGGGCCTGTGTTAGCT	Tumour	+
GX16_AGGGCCTGTTGCAAGG	Tumour	+
GX16_AGGGCCTTCGCACGGT	Tumour	+
GX16_AGGGCCTTCTTGCGCT	Tumour	+
GX16_AGGGCTCCAATGGCAG	Tumour	+
GX16_AGGGCTCCACTTGACA	Tumour	+
GX16_AGGGCTCCAGCTATTG	Tumour	+
GX16_AGGGCTCGTTACTCAG	Tumour	+
GX16_AGGGTCCAGACTTCCA	Tumour	+
GX16_AGGGTCCCACTACAGT	Tumour	+
GX16_AGGGTCCGTCTCCCTA	Tumour	+
GX16_AGGGTCCTCAAAGAAC	Tumour	+
GX16_AGGGTCCTCATTGCTT	Tumour	+
GX16_AGGGTGAAGCAGTCTT	Tumour	+
GX16_AGGGTGACAACGGGTA	Tumour	+
GX16_AGGGTGAGTAACGGTG	Tumour	+
GX16_AGGGTGAGTCTCGCGA	Tumour	+
GX16_AGGGTGAGTGGAAATT	Tumour	+
GX16_AGGGTGATCCACAGCG	Tumour	+
GX16_AGGGTGATCCGGACGT	Tumour	+
GX16_AGGGTGATCGACCTAA	Tumour	+
GX16_AGGGTTTAGAAATGGG	Tumour	+
GX16_AGGGTTTAGTTGGGAC	Tumour	+
GX16_AGGGTTTGTTTAAGGA	Tumour	+
GX16_AGGGTTTTCATGGATC	Tumour	+
GX16_AGGTAGGAGAATTCAG	Tumour	+
GX16_AGGTAGGTCTCATGCC	Tumour	+
GX16_AGGTCATCAACAGTGG	Tumour	+
GX16_AGGTCATGTGGCCCAT	Tumour	+
GX16_AGGTCATGTGTTATCG	Tumour	+
GX16_AGGTCATTCAGCTAGT	Tumour	+
GX16_AGGTCTAAGTCACTGT	Tumour	+
GX16_AGGTCTATCAAACCTG	Tumour	+
GX16_AGGTGTTAGGTTCCGC	Tumour	+
GX16_AGGTGTTGTGCATACT	Tumour	+
GX16_AGGTTACAGAACCGCA	Tumour	+
GX16_AGGTTACCACGCGTCA	Tumour	+
GX16_AGGTTACTCATTCGTT	Tumour	+
GX16_AGGTTGTAGCACCAGA	Tumour	+
GX16_AGGTTGTCAATAACCC	Tumour	+
GX16_AGGTTGTTCGTTCATT	Tumour	+
GX16_AGGTTGTTCTTCCCAG	Tumour	+
GX16_AGGTTGTTCTTCGGAA	Tumour	+
GX16_AGTAACCCATTGTGCA	Tumour	+
GX16_AGTAACCTCGTAGGAG	Tumour	+
GX16_AGTACCAAGAAGAGCA	Tumour	+
GX16_AGTACCAAGCATCCCG	Tumour	+
GX16_AGTACCACACTCGATA	Tumour	+
GX16_AGTACTGAGCATGGGT	Tumour	+
GX16_AGTACTGCAACCCTCT	Tumour	+
GX16_AGTACTGTCGGTCACG	Tumour	+
GX16_AGTACTGTCGTACCTC	Tumour	+
GX16_AGTACTGTCTCGGTAA	Tumour	+
GX16_AGTAGCTCACTGAGTT	Tumour	+
GX16_AGTAGTCAGTGGCCTC	Tumour	+
GX16_AGTAGTCCAAGCACCC	Tumour	+
GX16_AGTCAACAGCTCCACG	Tumour	+
GX16_AGTCAACCAGACAATA	Tumour	+
GX16_AGTCAACGTTCTTAGG	Tumour	+
GX16_AGTCAACTCCCGAAAT	Tumour	+
GX16_AGTCACAGTTCTGACA	Tumour	+
GX16_AGTCATGCAGTCCGTG	Tumour	+
GX16_AGTCTCCAGGCCTTGC	Tumour	+
GX16_AGTCTCCCATAGTCGT	Tumour	+
GX16_AGTCTCCGTGTGTGGA	Tumour	+
GX16_AGTCTCCGTTGACGGA	Tumour	+
GX16_AGTGACTAGAGAGTGA	Tumour	+
GX16_AGTGACTAGTTTGAGA	Tumour	+
GX16_AGTGACTCAAATACGA	Tumour	+
GX16_AGTGACTCAAGAGATT	Tumour	+
GX16_AGTGACTCACACGGTC	Tumour	+
GX16_AGTGACTCAGGTCCCA	Tumour	+
GX16_AGTGACTGTGTGTGGA	Tumour	+
GX16_AGTGACTTCAACCCGG	Tumour	+
GX16_AGTGACTTCAGCTTGA	Tumour	+
GX16_AGTGACTTCAGTGTCA	Tumour	+
GX16_AGTGACTTCCTCACTG	Tumour	+
GX16_AGTGACTTCGCCACTT	Tumour	+
GX16_AGTGATCAGGTGCAGT	Tumour	+
GX16_AGTGATCGTATGTCTG	Tumour	+
GX16_AGTGATCGTCAGGCAA	Tumour	+
GX16_AGTGCCGCAGGTCCCA	Tumour	+
GX16_AGTGCCGGTAACCAGG	Tumour	+
GX16_AGTGCCGGTTCTCCTG	Tumour	+
GX16_AGTGTTGCAACCGGAA	Tumour	+
GX16_AGTGTTGCAATAGTAG	Tumour	+
GX16_AGTGTTGGTGTTCGTA	Tumour	+
GX16_AGTGTTGTCTTAATCC	Tumour	+
GX16_AGTTAGCCATCGGAAG	Tumour	+
GX16_AGTTAGCGTAGCACGA	Tumour	+
GX16_AGTTAGCGTCCGACGT	Tumour	+
GX16_AGTTCCCAGCTACTGT	Tumour	+
GX16_AGTTCCCTCGCCAACG	Tumour	+
GX16_AGTTCCCTCGCGTCGA	Tumour	+
GX16_AGTTCGAAGTTGCCTA	Tumour	+
GX16_AGTTCGACAAGAGTTA	Tumour	+
GX16_AGTTCGACAGGAGGAG	Tumour	+
GX16_AGTTCGAGTCAATGGG	Tumour	+
GX16_AGTTCGAGTGTTCGTA	Tumour	+
GX16_AGTTCGATCCGGTAAT	Tumour	+
GX16_ATACCGAAGCAGGGAG	Tumour	+
GX16_ATACCGACAGCAAGAC	Tumour	+
GX16_ATACCGAGTGTTCCAA	Tumour	+
GX16_ATACCGATCATTCCTA	Tumour	+
GX16_ATACCGATCCTGGTCT	Tumour	+
GX16_ATACCGATCTGCGGGT	Tumour	+
GX16_ATACCTTAGTGTACCT	Tumour	+
GX16_ATACCTTCAAGTCCCG	Tumour	+
GX16_ATACCTTCAGCACCCA	Tumour	+
GX16_ATACCTTTCTCCAAGA	Tumour	+
GX16_ATACTTCGTAAGATAC	Tumour	+
GX16_ATACTTCTCACTGGGC	Tumour	+
GX16_ATACTTCTCCAAATGC	Tumour	+
GX16_ATAGACCAGCGTGAGT	Tumour	+
GX16_ATAGACCCACAGCCTG	Tumour	+
GX16_ATAGACCTCATCTATC	Tumour	+
GX16_ATAGACCTCATGCCAA	Tumour	+
GX16_ATAGAGACAACGCCCA	Tumour	+
GX16_ATAGAGACACGTCTCT	Tumour	+
GX16_ATAGGCTAGTATGAGT	Tumour	+
GX16_ATAGGCTAGTTACGAA	Tumour	+
GX16_ATAGGCTCAATGGCAG	Tumour	+
GX16_ATAGGCTCACTTGGGC	Tumour	+
GX16_ATCACAGTCCTACAAG	Tumour	+
GX16_ATCACGAAGTCGTCTA	Tumour	+
GX16_ATCACGACAGCTCGGT	Tumour	+
GX16_ATCACGACATAATGAG	Tumour	+
GX16_ATCACGATCCGAACGC	Tumour	+
GX16_ATCACTTAGAACTCCT	Tumour	+
GX16_ATCACTTAGCTCTATG	Tumour	+
GX16_ATCACTTAGTGATGGC	Tumour	+
GX16_ATCACTTGTCCAGGTC	Tumour	+
GX16_ATCACTTGTCTCACAA	Tumour	+
GX16_ATCACTTGTTCGGTAT	Tumour	+
GX16_ATCACTTTCTGACAGT	Tumour	+
GX16_ATCATTCCAAGTATCC	Tumour	+
GX16_ATCATTCGTCACCGCA	Tumour	+
GX16_ATCATTCGTGTATTCG	Tumour	+
GX16_ATCATTCTCACTCGAA	Tumour	+
GX16_ATCATTCTCCAACCGG	Tumour	+
GX16_ATCCACCAGAAGGCTC	Tumour	+
GX16_ATCCACCGTCATGGCC	Tumour	+
GX16_ATCCATTCAACCTAAC	Tumour	+
GX16_ATCCATTTCCGGTAAT	Tumour	+
GX16_ATCCCTGAGGCCACCT	Tumour	+
GX16_ATCCCTGCAAGGTTGG	Tumour	+
GX16_ATCCCTGCAATTGCAC	Tumour	+
GX16_ATCCCTGCAGACCTGC	Tumour	+
GX16_ATCCCTGGTGTAGGAC	Tumour	+
GX16_ATCCCTGTCCTCACTG	Tumour	+
GX16_ATCCGTCAGCCATTCA	Tumour	+
GX16_ATCCGTCAGCGGTAAC	Tumour	+
GX16_ATCCGTCCACTGTCCT	Tumour	+
GX16_ATCCGTCCACTTGGGC	Tumour	+
GX16_ATCCTATCATCGCTGG	Tumour	+
GX16_ATCCTATGTATGTCCA	Tumour	+
GX16_ATCCTATGTTTAGTCG	Tumour	+
GX16_ATCCTATTCGGATACT	Tumour	+
GX16_ATCGATGAGGAACTCG	Tumour	+
GX16_ATCGATGGTGATTCAC	Tumour	+
GX16_ATCGCCTCAATGCTCA	Tumour	+
GX16_ATCGCCTTCCCGATCT	Tumour	+
GX16_ATCGGATCACACCTAA	Tumour	+
GX16_ATCGGATGTCGCTGCA	Tumour	+
GX16_ATCGGATGTGTTATCG	Tumour	+
GX16_ATCGGATGTGTTCGTA	Tumour	+
GX16_ATCGGATTCTTAAGGC	Tumour	+
GX16_ATCGTAGCAAGTGACG	Tumour	+
GX16_ATCGTAGTCGCACGGT	Tumour	+
GX16_ATCGTCCAGCCTGAAG	Tumour	+
GX16_ATCGTCCAGGCGACAT	Tumour	+
GX16_ATCGTCCGTTATGTCG	Tumour	+
GX16_ATCGTCCTCACTGATG	Tumour	+
GX16_ATCTCTAAGGACTAAT	Tumour	+
GX16_ATCTCTAGTACTGGGA	Tumour	+
GX16_ATCTCTAGTCGCTCGA	Tumour	+
GX16_ATCTCTAGTTCGGCCA	Tumour	+
GX16_ATCTCTAGTTCTTAGG	Tumour	+
GX16_ATCTTCACAACTGTGT	Tumour	+
GX16_ATGAAAGAGAAGGCTC	Tumour	+
GX16_ATGAAAGTCCAACTGA	Tumour	+
GX16_ATGAAAGTCCGTTTCG	Tumour	+
GX16_ATGACCAAGCAACCAG	Tumour	+
GX16_ATGACCAAGGAAGTGA	Tumour	+
GX16_ATGACCACAAGCAATA	Tumour	+
GX16_ATGACCACACGGCTAC	Tumour	+
GX16_ATGACCATCACTGTCC	Tumour	+
GX16_ATGACCATCATACGGT	Tumour	+
GX16_ATGAGGGCAGAGTTCT	Tumour	+
GX16_ATGAGGGGTTAGTCGT	Tumour	+
GX16_ATGAGGGGTTATTCTC	Tumour	+
GX16_ATGAGGGTCAATCAGC	Tumour	+
GX16_ATGAGTCCATCATGAC	Tumour	+
GX16_ATGATCGTCCCTCTTT	Tumour	+
GX16_ATGCATGCAAATAGCA	Tumour	+
GX16_ATGCCTCAGCTCGCAC	Tumour	+
GX16_ATGCCTCCATAGATCC	Tumour	+
GX16_ATGCCTCCATTAGGAA	Tumour	+
GX16_ATGCCTCGTCTAACTG	Tumour	+
GX16_ATGCGATCACAATTCG	Tumour	+
GX16_ATGGAGGAGTTCATCG	Tumour	+
GX16_ATGGAGGGTGACTCGC	Tumour	+
GX16_ATGGATCTCTGGAGAG	Tumour	+
GX16_ATGGATCTCTGTGCAA	Tumour	+
GX16_ATGGGAGAGAAATGGG	Tumour	+
GX16_ATGGGAGCACTCAAGT	Tumour	+
GX16_ATGGGAGTCCAAGGGA	Tumour	+
GX16_ATGGGAGTCGGTGAAG	Tumour	+
GX16_ATGGGTTAGTTGTCGT	Tumour	+
GX16_ATGGGTTGTGCGTTTA	Tumour	+
GX16_ATGGGTTTCTCGTGGG	Tumour	+
GX16_ATGGTTGCAGACAATA	Tumour	+
GX16_ATGGTTGCATACCGTA	Tumour	+
GX16_ATGGTTGCATTCTTCA	Tumour	+
GX16_ATGGTTGGTGCCAAGA	Tumour	+
GX16_ATGGTTGTCTCCCATG	Tumour	+
GX16_ATGTCCCAGCGCTGAA	Tumour	+
GX16_ATGTCCCCAGTCGCAC	Tumour	+
GX16_ATGTCCCTCTGAATGC	Tumour	+
GX16_ATGTCTTCAATCTCGA	Tumour	+
GX16_ATGTCTTCATTGGCAT	Tumour	+
GX16_ATGTCTTGTTCGGCTG	Tumour	+
GX16_ATTACCTCAAACGGCA	Tumour	+
GX16_ATTACCTCATGTTTGG	Tumour	+
GX16_ATTACCTGTGTAGGAC	Tumour	+
GX16_ATTACCTTCAGGGATG	Tumour	+
GX16_ATTACCTTCGGCTGAC	Tumour	+
GX16_ATTACTCTCATACAGC	Tumour	+
GX16_ATTACTCTCGAGCCTG	Tumour	+
GX16_ATTCACTCAAGTTCGT	Tumour	+
GX16_ATTCACTCACAGCCAC	Tumour	+
GX16_ATTCAGGCACTGATTG	Tumour	+
GX16_ATTCAGGCAGCTGGTC	Tumour	+
GX16_ATTCAGGTCTAGAGCT	Tumour	+
GX16_ATTCATCAGGATACGC	Tumour	+
GX16_ATTCATCCAATAGGGC	Tumour	+
GX16_ATTCCATCACTAACGT	Tumour	+
GX16_ATTCCATCAGCTGAAG	Tumour	+
GX16_ATTCCATGTGACCTGC	Tumour	+
GX16_ATTCCATTCGGAAACG	Tumour	+
GX16_ATTCCATTCGGAGCAA	Tumour	+
GX16_ATTCCCGAGGACAGTC	Tumour	+
GX16_ATTCCCGCATCACAGT	Tumour	+
GX16_ATTCCCGTCTTCTGTA	Tumour	+
GX16_ATTCCTAAGGAGTATT	Tumour	+
GX16_ATTCCTAAGGATTTAG	Tumour	+
GX16_ATTCCTAAGGCAGGTT	Tumour	+
GX16_ATTCCTACACGGTAGA	Tumour	+
GX16_ATTCCTACATACACCA	Tumour	+
GX16_ATTCCTAGTCATTGCA	Tumour	+
GX16_ATTCCTAGTGAGATCG	Tumour	+
GX16_ATTCGTTTCCTGTTAT	Tumour	+
GX16_ATTCTACCACGCTGCA	Tumour	+
GX16_ATTCTTGAGCTGGTGA	Tumour	+
GX16_ATTCTTGCAGTAACAA	Tumour	+
GX16_ATTCTTGGTGAACGGT	Tumour	+
GX16_ATTGGGTAGAACAGGA	Tumour	+
GX16_ATTGGGTGTCGAAGCA	Tumour	+
GX16_ATTGTTCAGATTCGAA	Tumour	+
GX16_ATTGTTCCACGACGTC	Tumour	+
GX16_ATTGTTCGTAGCTGTT	Tumour	+
GX16_ATTGTTCGTGTACATC	Tumour	+
GX16_ATTGTTCTCTAGAGCT	Tumour	+
GX16_ATTTACCAGTTGAAGT	Tumour	+
GX16_ATTTACCCACTGTGAT	Tumour	+
GX16_ATTTACCCAGTACTAC	Tumour	+
GX16_ATTTCACCACAATGAA	Tumour	+
GX16_ATTTCACCAGTAACAA	Tumour	+
GX16_ATTTCTGGTGATACTC	Tumour	+
GX16_ATTTCTGTCTTGAGCA	Tumour	+
GX16_CAACAACAGACTGTTC	Tumour	+
GX16_CAACAACGTAAGTAGT	Tumour	+
GX16_CAACAACGTCTACAGT	Tumour	+
GX16_CAACAACTCCCTCTTT	Tumour	+
GX16_CAACAGTGTAAGGCCA	Tumour	+
GX16_CAACAGTTCTCGTGAA	Tumour	+
GX16_CAACCAAAGCTTACGT	Tumour	+
GX16_CAACCAAAGTCATACC	Tumour	+
GX16_CAACCAAAGTGCGACA	Tumour	+
GX16_CAACCAACAATTCTCT	Tumour	+
GX16_CAACCAACACGGTGAA	Tumour	+
GX16_CAACCAACAGATACTC	Tumour	+
GX16_CAACCAATCTGGAAGG	Tumour	+
GX16_CAACCTCAGACGCATG	Tumour	+
GX16_CAACCTCAGCGACAGT	Tumour	+
GX16_CAACCTCAGGAAACGA	Tumour	+
GX16_CAACCTCAGGCTATCT	Tumour	+
GX16_CAACCTCAGTGTAGTA	Tumour	+
GX16_CAACCTCCACATATCG	Tumour	+
GX16_CAACCTCCACCAGCTG	Tumour	+
GX16_CAACCTCCACGTCATA	Tumour	+
GX16_CAACCTCTCAAGCCAT	Tumour	+
GX16_CAACCTCTCCCAACTC	Tumour	+
GX16_CAACCTCTCTCCGAGG	Tumour	+
GX16_CAACCTCTCTCCGTGT	Tumour	+
GX16_CAACGATTCGGCCAAC	Tumour	+
GX16_CAACGGCAGCAAGTGC	Tumour	+
GX16_CAACGGCCATGACCCG	Tumour	+
GX16_CAACGGCTCGGTAACT	Tumour	+
GX16_CAAGACTCAGAGTTCT	Tumour	+
GX16_CAAGACTCATGTTACG	Tumour	+
GX16_CAAGACTGTAACAGGC	Tumour	+
GX16_CAAGAGGAGATTAGCA	Tumour	+
GX16_CAAGAGGAGGGTACAC	Tumour	+
GX16_CAAGAGGCACACACGC	Tumour	+
GX16_CAAGAGGTCAAAGACA	Tumour	+
GX16_CAAGAGGTCATTCCTA	Tumour	+
GX16_CAAGCTAAGAGGATCC	Tumour	+
GX16_CAAGCTAAGTTGCCTA	Tumour	+
GX16_CAAGCTACAGATCATC	Tumour	+
GX16_CAAGGGAAGAAGTATC	Tumour	+
GX16_CAAGGGACAACACAGG	Tumour	+
GX16_CAAGGGAGTCATCGGC	Tumour	+
GX16_CAAGGGATCTACGGGC	Tumour	+
GX16_CAATACGAGTATCTGC	Tumour	+
GX16_CAATACGAGTTCAACC	Tumour	+
GX16_CAATACGCACTTGGGC	Tumour	+
GX16_CAATACGCATCTCATT	Tumour	+
GX16_CAATACGGTCAGGTGA	Tumour	+
GX16_CAATACGGTGGGTCAA	Tumour	+
GX16_CAATACGTCCAGCACG	Tumour	+
GX16_CAATACGTCCTTACCG	Tumour	+
GX16_CAATCGAAGAAACACT	Tumour	+
GX16_CAATCGACAATTGCCA	Tumour	+
GX16_CAATCGAGTAATTGGA	Tumour	+
GX16_CAATCGAGTCTCACAA	Tumour	+
GX16_CAATCGATCTGACAGT	Tumour	+
GX16_CAATGACAGACGGAAA	Tumour	+
GX16_CAATGACCACCCTAAA	Tumour	+
GX16_CAATGACCAGCCTACG	Tumour	+
GX16_CAATTTCAGTCACAGG	Tumour	+
GX16_CACAACAAGATTGCGG	Tumour	+
GX16_CACAACAAGTAGTCAA	Tumour	+
GX16_CACAACACACAAATCC	Tumour	+
GX16_CACAACAGTGGTTTGT	Tumour	+
GX16_CACACAAGTACTGGGA	Tumour	+
GX16_CACAGATAGCCAGAGT	Tumour	+
GX16_CACAGATGTCCGCAGT	Tumour	+
GX16_CACAGATGTGACAGGT	Tumour	+
GX16_CACAGGCAGGTCCCTG	Tumour	+
GX16_CACAGGCGTACCGCGT	Tumour	+
GX16_CACATGAAGTGCTCGC	Tumour	+
GX16_CACATGAGTTGTCCCT	Tumour	+
GX16_CACATGATCACCTTAT	Tumour	+
GX16_CACCAAAAGAAACCCG	Tumour	+
GX16_CACCAAAGTCTTCATT	Tumour	+
GX16_CACCAAAGTGTTACTG	Tumour	+
GX16_CACCAAAGTTTGAACC	Tumour	+
GX16_CACCAAATCCTGGCTT	Tumour	+
GX16_CACCGTTAGGCTCACC	Tumour	+
GX16_CACCGTTCATGTCAGT	Tumour	+
GX16_CACGAATAGACGACGT	Tumour	+
GX16_CACGAATAGTGAGGTC	Tumour	+
GX16_CACGAATCACACCTTC	Tumour	+
GX16_CACGAATGTGAACTAA	Tumour	+
GX16_CACGAATTCCGATGTA	Tumour	+
GX16_CACGGGTAGGTAACTA	Tumour	+
GX16_CACGGGTAGTAACCTC	Tumour	+
GX16_CACGGGTCATCGCCTT	Tumour	+
GX16_CACGGGTGTCCAGCAC	Tumour	+
GX16_CACGGGTTCGTTATCT	Tumour	+
GX16_CACGTGGCAAAGGATT	Tumour	+
GX16_CACGTGGCAGATCACT	Tumour	+
GX16_CACGTGGCAGGAGACT	Tumour	+
GX16_CACGTGGGTAATTAGG	Tumour	+
GX16_CACGTGGGTGAAGCTG	Tumour	+
GX16_CACGTGGTCAAGTCGT	Tumour	+
GX16_CACGTGGTCCTTATGT	Tumour	+
GX16_CACGTTCCAATGAAAC	Tumour	+
GX16_CACGTTCGTATCTCTT	Tumour	+
GX16_CACGTTCTCCCGTGAG	Tumour	+
GX16_CACTAAGGTGCTTATG	Tumour	+
GX16_CACTAAGGTTTCAGAC	Tumour	+
GX16_CACTAAGGTTTGATCG	Tumour	+
GX16_CACTGAAAGACTGGGT	Tumour	+
GX16_CACTGAAAGCGTGTTT	Tumour	+
GX16_CACTGAATCGAGTCCG	Tumour	+
GX16_CACTGGGAGTTGTCAC	Tumour	+
GX16_CACTGGGTCCATACAG	Tumour	+
GX16_CACTGTCAGCGTGAGT	Tumour	+
GX16_CACTGTCGTCAGCTTA	Tumour	+
GX16_CACTGTCTCGCCTTGT	Tumour	+
GX16_CACTTCGAGCACTCCG	Tumour	+
GX16_CACTTCGCAATCCAGT	Tumour	+
GX16_CACTTCGCATAGACTC	Tumour	+
GX16_CACTTCGCATGAATCC	Tumour	+
GX16_CACTTCGGTATTCCTT	Tumour	+
GX16_CAGAGCCTCCGAAGGA	Tumour	+
GX16_CAGATACCAACAGCTT	Tumour	+
GX16_CAGATACTCTTCCAGC	Tumour	+
GX16_CAGATCACACTGGAAG	Tumour	+
GX16_CAGATCAGTTGAGAGC	Tumour	+
GX16_CAGCAATAGTGAATAC	Tumour	+
GX16_CAGCAATGTAACTAAG	Tumour	+
GX16_CAGCAATGTTCTCAGA	Tumour	+
GX16_CAGCAATTCGCTTAAG	Tumour	+
GX16_CAGCAATTCTTAAGGC	Tumour	+
GX16_CAGCACGAGTCGGGAT	Tumour	+
GX16_CAGCACGCAAACACCT	Tumour	+
GX16_CAGCAGCCAAACGTGG	Tumour	+
GX16_CAGCAGCTCGAAGGAC	Tumour	+
GX16_CAGCCAGGTAGATCCT	Tumour	+
GX16_CAGCCAGTCCTGTACC	Tumour	+
GX16_CAGCGTGCACTCCGGA	Tumour	+
GX16_CAGCGTGCAGCTCGGT	Tumour	+
GX16_CAGCGTGGTGAATGTA	Tumour	+
GX16_CAGCGTGGTTATCCAG	Tumour	+
GX16_CAGGCCAAGCCTTGAT	Tumour	+
GX16_CAGGCCAAGGTCATCT	Tumour	+
GX16_CAGGCCATCACGGTCG	Tumour	+
GX16_CAGGGCTCACCAGCCA	Tumour	+
GX16_CAGGGCTGTCAGCGTC	Tumour	+
GX16_CAGGGCTGTCATCACA	Tumour	+
GX16_CAGGGCTGTGTTAAAG	Tumour	+
GX16_CAGGTATAGAGTATAC	Tumour	+
GX16_CAGGTATAGCAGCCTC	Tumour	+
GX16_CAGGTATAGCGCATCC	Tumour	+
GX16_CAGGTATGTGGACCAA	Tumour	+
GX16_CAGTGCGGTGACCGAA	Tumour	+
GX16_CAGTGCGTCCACCTCA	Tumour	+
GX16_CAGTTAGCACGATTCA	Tumour	+
GX16_CAGTTAGCAGCAGTTT	Tumour	+
GX16_CAGTTAGTCTTACTGT	Tumour	+
GX16_CAGTTCCGTACTCGTA	Tumour	+
GX16_CAGTTCCGTCCTGTTC	Tumour	+
GX16_CAGTTCCGTGATATAG	Tumour	+
GX16_CATAAGCCAAACCATC	Tumour	+
GX16_CATAAGCGTTCAATCG	Tumour	+
GX16_CATAAGCTCCTCACGT	Tumour	+
GX16_CATACAGAGATGAACT	Tumour	+
GX16_CATACAGAGCACCCAC	Tumour	+
GX16_CATACAGAGCTGCCTG	Tumour	+
GX16_CATACAGCACGCGGTT	Tumour	+
GX16_CATACAGGTGACTCTA	Tumour	+
GX16_CATACAGTCAGTGATC	Tumour	+
GX16_CATACAGTCATCTACT	Tumour	+
GX16_CATACCCAGGATTTAG	Tumour	+
GX16_CATACCCAGGTGAGCT	Tumour	+
GX16_CATACCCCACATACGT	Tumour	+
GX16_CATACCCCAGCCATTA	Tumour	+
GX16_CATACCCGTTACGTAC	Tumour	+
GX16_CATACCCTCTGAGAGG	Tumour	+
GX16_CATACTTAGCCTCGTG	Tumour	+
GX16_CATACTTCATACTGAC	Tumour	+
GX16_CATACTTGTAGGGTAC	Tumour	+
GX16_CATAGACCAAAGCACG	Tumour	+
GX16_CATAGACGTCTACGTA	Tumour	+
GX16_CATCAAGAGAGACAAG	Tumour	+
GX16_CATCAAGAGTGGACTG	Tumour	+
GX16_CATCAAGGTATGCGTT	Tumour	+
GX16_CATCAAGGTTTCGTTT	Tumour	+
GX16_CATCAAGTCAGCCCAG	Tumour	+
GX16_CATCCACAGCCACTCG	Tumour	+
GX16_CATCCACAGGCTTTCA	Tumour	+
GX16_CATCCCATCGTCTCAC	Tumour	+
GX16_CATCCGTAGAATCGCG	Tumour	+
GX16_CATCCGTAGTGAATAC	Tumour	+
GX16_CATCCGTCAATCTCTT	Tumour	+
GX16_CATCCGTCATCAGTCA	Tumour	+
GX16_CATCCGTTCAGTCATG	Tumour	+
GX16_CATCGCTGTCATAACC	Tumour	+
GX16_CATCGTCTCGTACCTC	Tumour	+
GX16_CATGAGTCACAGGATG	Tumour	+
GX16_CATGAGTCATAGATGA	Tumour	+
GX16_CATGCCTGTACCCAGC	Tumour	+
GX16_CATGCGGAGAATTCAG	Tumour	+
GX16_CATGCGGCAACATACC	Tumour	+
GX16_CATGCGGGTATCGCAT	Tumour	+
GX16_CATGCGGTCACTGAAC	Tumour	+
GX16_CATGCGGTCCGCAAAT	Tumour	+
GX16_CATGCGGTCGAACCTA	Tumour	+
GX16_CATGCGGTCTGAGGTT	Tumour	+
GX16_CATGCTCAGCCATCCG	Tumour	+
GX16_CATGCTCCACGGTGTC	Tumour	+
GX16_CATGGATAGCTCTATG	Tumour	+
GX16_CATGGATAGGGAGGTG	Tumour	+
GX16_CATGGATGTACGCTAT	Tumour	+
GX16_CATGGATGTTTACGAC	Tumour	+
GX16_CATGGATTCGCTGTCT	Tumour	+
GX16_CATTCATAGATCGCCC	Tumour	+
GX16_CATTCATAGTGATAAC	Tumour	+
GX16_CATTCATCATGTTTGG	Tumour	+
GX16_CATTCATGTGAGTTTC	Tumour	+
GX16_CATTCATTCCGTAGGC	Tumour	+
GX16_CATTCATTCGAGTGGA	Tumour	+
GX16_CATTCCGCACCGGAAA	Tumour	+
GX16_CATTCCGCACCTCAGG	Tumour	+
GX16_CATTCCGCAGTCTTCC	Tumour	+
GX16_CATTCCGTCCATTTAC	Tumour	+
GX16_CATTCTACACGTTCGG	Tumour	+
GX16_CATTCTAGTACTAAGA	Tumour	+
GX16_CATTCTAGTGAATGAT	Tumour	+
GX16_CATTCTAGTTGGGTAG	Tumour	+
GX16_CATTGAGAGAGATGCC	Tumour	+
GX16_CATTGAGCATACTTTC	Tumour	+
GX16_CATTGAGTCTTAAGGC	Tumour	+
GX16_CATTGCCAGACTGGGT	Tumour	+
GX16_CATTGCCAGCTTTGTG	Tumour	+
GX16_CATTGCCCACTACGGC	Tumour	+
GX16_CATTGCCGTTCGTTCC	Tumour	+
GX16_CATTGCCTCATAGAGA	Tumour	+
GX16_CATTGCCTCGATAACC	Tumour	+
GX16_CATTGTTAGCCTTTCC	Tumour	+
GX16_CATTGTTCAAGCCTGC	Tumour	+
GX16_CATTGTTCACTAGGTT	Tumour	+
GX16_CATTGTTCATCCAATG	Tumour	+
GX16_CATTTCAAGAGTCGAC	Tumour	+
GX16_CATTTCAAGGAGACCT	Tumour	+
GX16_CATTTCACAGATAAAC	Tumour	+
GX16_CATTTCACAGCGTGCT	Tumour	+
GX16_CATTTCAGTACGGTTT	Tumour	+
GX16_CATTTCAGTAGGCTCC	Tumour	+
GX16_CATTTCAGTTAAGGGC	Tumour	+
GX16_CCAAGCGTCAGCGTCG	Tumour	+
GX16_CCAAGCGTCCGCATAA	Tumour	+
GX16_CCAATGACAACAGATA	Tumour	+
GX16_CCAATGAGTCTGTCAA	Tumour	+
GX16_CCAATGAGTGGCGCTT	Tumour	+
GX16_CCAATGAGTGTTCGTA	Tumour	+
GX16_CCAATGAGTTGCAACT	Tumour	+
GX16_CCAATTTAGCTCGGCT	Tumour	+
GX16_CCAATTTCAGGATTCT	Tumour	+
GX16_CCAATTTGTCCGGTGT	Tumour	+
GX16_CCAATTTGTGCTAGCC	Tumour	+
GX16_CCACAAACATTGGATC	Tumour	+
GX16_CCACAAAGTGTGGTCC	Tumour	+
GX16_CCACAAAGTTGCGGAA	Tumour	+
GX16_CCACAAAGTTGTCCCT	Tumour	+
GX16_CCACAAATCGTAGCTA	Tumour	+
GX16_CCACACTAGACATACA	Tumour	+
GX16_CCACACTGTTGGGTTT	Tumour	+
GX16_CCACACTTCGATACTG	Tumour	+
GX16_CCACCATAGATAGCTA	Tumour	+
GX16_CCACCATCAATCCTAG	Tumour	+
GX16_CCACCATGTTGGATCT	Tumour	+
GX16_CCACGAGCACGTGAGA	Tumour	+
GX16_CCACGAGCATACCATG	Tumour	+
GX16_CCACGAGTCTGCCCTA	Tumour	+
GX16_CCACGTTAGAGGGTAA	Tumour	+
GX16_CCACGTTCAGAGAGGG	Tumour	+
GX16_CCACGTTCATGGCCCA	Tumour	+
GX16_CCACGTTCATTGGGAG	Tumour	+
GX16_CCACGTTTCGGCCAAC	Tumour	+
GX16_CCACTTGCACGACGCT	Tumour	+
GX16_CCACTTGTCTGCATAG	Tumour	+
GX16_CCATAAGCAGATCACT	Tumour	+
GX16_CCATAAGGTACAGAGC	Tumour	+
GX16_CCATAAGTCTCGGTAA	Tumour	+
GX16_CCATCACAGCAACCAG	Tumour	+
GX16_CCATCACAGTGGAATT	Tumour	+
GX16_CCATCACTCCTACGGG	Tumour	+
GX16_CCCAACTAGCAGCCCT	Tumour	+
GX16_CCCAACTCAGAATCGG	Tumour	+
GX16_CCCAACTTCCTCTTTC	Tumour	+
GX16_CCCAACTTCGTGAGAG	Tumour	+
GX16_CCCATTGAGACTCTTG	Tumour	+
GX16_CCCATTGAGCCTCTGG	Tumour	+
GX16_CCCATTGAGGTGCGAT	Tumour	+
GX16_CCCATTGCAGCTGGTC	Tumour	+
GX16_CCCATTGGTCTCGACG	Tumour	+
GX16_CCCGAAGCAATGTTGC	Tumour	+
GX16_CCCGAAGCAGCGTAGA	Tumour	+
GX16_CCCGGAAGTCTTTCTA	Tumour	+
GX16_CCCGGAAGTTCTGACA	Tumour	+
GX16_CCCGGAATCAATGTCG	Tumour	+
GX16_CCCTAACCAAAGAGTT	Tumour	+
GX16_CCCTAACCACTTTATC	Tumour	+
GX16_CCCTAACGTGCCTAAT	Tumour	+
GX16_CCCTAACGTTTCGATG	Tumour	+
GX16_CCCTAACTCAGCATTG	Tumour	+
GX16_CCCTAACTCCTTGACC	Tumour	+
GX16_CCCTCAAAGAAGCGGG	Tumour	+
GX16_CCCTCAATCAGCGCAC	Tumour	+
GX16_CCCTCTCAGCACACCC	Tumour	+
GX16_CCCTCTCAGCAGCGAT	Tumour	+
GX16_CCCTCTCAGGGTCACA	Tumour	+
GX16_CCCTCTCCAAATACAG	Tumour	+
GX16_CCCTGATCACTATCGA	Tumour	+
GX16_CCCTGATCAGCTATTG	Tumour	+
GX16_CCCTGATTCAGCGGAA	Tumour	+
GX16_CCCTTAGAGATCACCT	Tumour	+
GX16_CCCTTAGAGCATTTGC	Tumour	+
GX16_CCCTTAGAGGTGGTTG	Tumour	+
GX16_CCCTTAGAGTATGACA	Tumour	+
GX16_CCCTTAGCATTGTCGA	Tumour	+
GX16_CCCTTAGGTAGGTGCA	Tumour	+
GX16_CCGAACGAGCAATTCC	Tumour	+
GX16_CCGAACGAGTGTCATC	Tumour	+
GX16_CCGAACGCATGTTCGA	Tumour	+
GX16_CCGATGGAGCTAATCC	Tumour	+
GX16_CCGATGGCACGGAAGT	Tumour	+
GX16_CCGATGGCACTCCGAG	Tumour	+
GX16_CCGATGGGTGCGACAA	Tumour	+
GX16_CCGATGGGTTGGTAGG	Tumour	+
GX16_CCGATGGTCGCTCATC	Tumour	+
GX16_CCGCAAGTCCTACAAG	Tumour	+
GX16_CCGGACACACACGTGC	Tumour	+
GX16_CCGGACACATAAGCGG	Tumour	+
GX16_CCGGACACATCATTGG	Tumour	+
GX16_CCGGACAGTCTCTCAC	Tumour	+
GX16_CCGGACAGTGTGAATA	Tumour	+
GX16_CCGGACATCCTGTAGA	Tumour	+
GX16_CCGGGTAAGCCGATCC	Tumour	+
GX16_CCGGGTACAAAGCTCT	Tumour	+
GX16_CCGGGTAGTCTTCGAA	Tumour	+
GX16_CCGGGTAGTTCTATCT	Tumour	+
GX16_CCGGGTATCACTCCGT	Tumour	+
GX16_CCGGGTATCTGAGAAA	Tumour	+
GX16_CCGGTAGAGAATTGTG	Tumour	+
GX16_CCGGTAGAGATCACTC	Tumour	+
GX16_CCGGTAGCAATTGCGT	Tumour	+
GX16_CCGGTAGGTACTCCCT	Tumour	+
GX16_CCGGTAGTCTTCGACC	Tumour	+
GX16_CCGGTGAAGCACGGAT	Tumour	+
GX16_CCGTAGGAGACTACCT	Tumour	+
GX16_CCGTAGGTCTCTGACC	Tumour	+
GX16_CCGTGAGCAGACTGCC	Tumour	+
GX16_CCGTTCAAGATTTGCC	Tumour	+
GX16_CCGTTCAGTCCTCCTA	Tumour	+
GX16_CCGTTCATCGACCTAA	Tumour	+
GX16_CCGTTCATCTCCAAGA	Tumour	+
GX16_CCTAACCGTTGCATCA	Tumour	+
GX16_CCTAACCTCGCATTAG	Tumour	+
GX16_CCTAAGAAGCATACTC	Tumour	+
GX16_CCTAAGATCTCCAATT	Tumour	+
GX16_CCTACGTAGTGAGCCA	Tumour	+
GX16_CCTACGTTCGATTCCC	Tumour	+
GX16_CCTCAACCATGAGATA	Tumour	+
GX16_CCTCAACGTAATGCTC	Tumour	+
GX16_CCTCAACGTAGACGGT	Tumour	+
GX16_CCTCACAAGCTCACTA	Tumour	+
GX16_CCTCACACACGCCACA	Tumour	+
GX16_CCTCACACAGGTACGA	Tumour	+
GX16_CCTCAGTAGCAGAAAG	Tumour	+
GX16_CCTCAGTAGTGCCAGA	Tumour	+
GX16_CCTCAGTGTCTTGCTC	Tumour	+
GX16_CCTCAGTGTTAGAAGT	Tumour	+
GX16_CCTCAGTGTTTCTATC	Tumour	+
GX16_CCTCATGAGTTGGCTT	Tumour	+
GX16_CCTCATGCAACATCGT	Tumour	+
GX16_CCTCATGCAAGCCTGC	Tumour	+
GX16_CCTCATGGTAAGGAGA	Tumour	+
GX16_CCTCATGGTCCAGTTA	Tumour	+
GX16_CCTCATGGTCTTGAGT	Tumour	+
GX16_CCTCATGGTTAAACAG	Tumour	+
GX16_CCTCCAAAGGGATCTG	Tumour	+
GX16_CCTCCAATCGATACGT	Tumour	+
GX16_CCTCCTCAGAGAGAAC	Tumour	+
GX16_CCTCCTCAGAGTATAC	Tumour	+
GX16_CCTCCTCCATAACGGG	Tumour	+
GX16_CCTCCTCCATTGTACG	Tumour	+
GX16_CCTCCTCGTGCAAGAC	Tumour	+
GX16_CCTCCTCGTGGGTCAA	Tumour	+
GX16_CCTCCTCGTGTACAGG	Tumour	+
GX16_CCTCCTCGTGTCGCTG	Tumour	+
GX16_CCTCCTCTCCACTGGG	Tumour	+
GX16_CCTCTAGAGTGAACAT	Tumour	+
GX16_CCTCTAGCACGTCATA	Tumour	+
GX16_CCTCTAGCAGCACGAA	Tumour	+
GX16_CCTCTAGGTCGCCTAG	Tumour	+
GX16_CCTCTAGTCACATCAG	Tumour	+
GX16_CCTCTAGTCGATACTG	Tumour	+
GX16_CCTCTCCAGACGGATC	Tumour	+
GX16_CCTCTCCAGGAAACGA	Tumour	+
GX16_CCTCTCCCAAGTGCAG	Tumour	+
GX16_CCTCTCCCAGCCTATA	Tumour	+
GX16_CCTCTCCTCAAACCCA	Tumour	+
GX16_CCTGCATAGCAAATCA	Tumour	+
GX16_CCTGCATAGCCGAACA	Tumour	+
GX16_CCTGCATGTATCAAGA	Tumour	+
GX16_CCTGCATTCACCGCTT	Tumour	+
GX16_CCTGCATTCAGAGCGA	Tumour	+
GX16_CCTGTTGCACGCGGTT	Tumour	+
GX16_CCTGTTGCAGCGTTTA	Tumour	+
GX16_CCTGTTGGTAAGGCCA	Tumour	+
GX16_CCTGTTGGTGGCTGAA	Tumour	+
GX16_CCTGTTGTCAATCCGA	Tumour	+
GX16_CCTTTGGAGCATAGGC	Tumour	+
GX16_CCTTTGGAGTCACAGG	Tumour	+
GX16_CCTTTGGCATCCTTCG	Tumour	+
GX16_CCTTTGGGTGGTCTCG	Tumour	+
GX16_CCTTTGGGTTGGGATG	Tumour	+
GX16_CCTTTGGGTTTGCCGG	Tumour	+
GX16_CGAAGGAAGCGTGTCC	Tumour	+
GX16_CGAAGGAAGTGTACAA	Tumour	+
GX16_CGAAGTTCACGTTGGC	Tumour	+
GX16_CGAAGTTGTACTCGTA	Tumour	+
GX16_CGAAGTTGTCTTCTAT	Tumour	+
GX16_CGAAGTTTCAAAGCCT	Tumour	+
GX16_CGAAGTTTCGTCACCT	Tumour	+
GX16_CGAATTGCACGCTGAC	Tumour	+
GX16_CGAATTGTCCGATGCG	Tumour	+
GX16_CGACAGCAGTGGTTGG	Tumour	+
GX16_CGACAGCCAACCCTCT	Tumour	+
GX16_CGACAGCTCTCCTGAC	Tumour	+
GX16_CGAGAAGAGTGGTTGG	Tumour	+
GX16_CGAGAAGCAACCAGAG	Tumour	+
GX16_CGAGAAGGTCCACAGC	Tumour	+
GX16_CGAGAAGGTGCAAGAC	Tumour	+
GX16_CGAGAAGTCTGCGGAC	Tumour	+
GX16_CGAGGAAAGGAATGTT	Tumour	+
GX16_CGAGGAACAAGCGAAC	Tumour	+
GX16_CGAGGAACACTCCGGA	Tumour	+
GX16_CGAGGAACAGCTATAC	Tumour	+
GX16_CGAGGAATCGCTTGAA	Tumour	+
GX16_CGAGGCTGTTGGTGTT	Tumour	+
GX16_CGAGGCTTCAAATAGG	Tumour	+
GX16_CGAGGCTTCGCACGGT	Tumour	+
GX16_CGAGTGCGTGGAGAAA	Tumour	+
GX16_CGAGTTAAGAGTATAC	Tumour	+
GX16_CGATCGGTCCGATCGG	Tumour	+
GX16_CGATGCGAGATCGCTT	Tumour	+
GX16_CGATGCGAGTCTCGTA	Tumour	+
GX16_CGATGCGGTTCAGGTT	Tumour	+
GX16_CGATGGCAGGCGTCCT	Tumour	+
GX16_CGATGGCTCCATCTAT	Tumour	+
GX16_CGCAGGTAGATTAGTG	Tumour	+
GX16_CGCAGGTCAAGACCGA	Tumour	+
GX16_CGCATAAAGCCTGCCA	Tumour	+
GX16_CGCATAACAATCGTCA	Tumour	+
GX16_CGCATAAGTTACTCAG	Tumour	+
GX16_CGCATAAGTTGCTCGG	Tumour	+
GX16_CGCATAAGTTGGGTAG	Tumour	+
GX16_CGCATGGAGAGCCATG	Tumour	+
GX16_CGCATGGTCTCTGACC	Tumour	+
GX16_CGCCAGAGTATCTCGA	Tumour	+
GX16_CGCCAGAGTCATCCCT	Tumour	+
GX16_CGCCAGATCAAGAAAC	Tumour	+
GX16_CGCCAGATCTCGACGG	Tumour	+
GX16_CGCCATTCAAACGGCA	Tumour	+
GX16_CGCCATTCAATTTCGG	Tumour	+
GX16_CGCCATTGTTCGTGCG	Tumour	+
GX16_CGCGTGAAGAGTATAC	Tumour	+
GX16_CGCGTGAGTGGTTTGT	Tumour	+
GX16_CGGAACCCATTGTCGA	Tumour	+
GX16_CGGAACCTCCATACTT	Tumour	+
GX16_CGGAACCTCCTCTCGA	Tumour	+
GX16_CGGAATTTCCTTGAAG	Tumour	+
GX16_CGGAATTTCTCGCAGG	Tumour	+
GX16_CGGACACAGAGCAGAA	Tumour	+
GX16_CGGACACAGATTACCC	Tumour	+
GX16_CGGACACAGCTCAGAG	Tumour	+
GX16_CGGACACTCAGAGCGA	Tumour	+
GX16_CGGAGAAAGTACCCTA	Tumour	+
GX16_CGGAGAACACATACGT	Tumour	+
GX16_CGGAGAAGTCGGTGAA	Tumour	+
GX16_CGGCAGTCAACTGGTT	Tumour	+
GX16_CGGCAGTCAAGCTACT	Tumour	+
GX16_CGGCAGTTCGTAGGGA	Tumour	+
GX16_CGGCAGTTCTCTGAGA	Tumour	+
GX16_CGGGACTCAGGCGAAT	Tumour	+
GX16_CGGGACTGTGCATTAC	Tumour	+
GX16_CGGGACTTCCGTCCTA	Tumour	+
GX16_CGGGCATAGACAAGCC	Tumour	+
GX16_CGGGCATGTAGTCACT	Tumour	+
GX16_CGGGCATGTCCCGGTA	Tumour	+
GX16_CGGGCATGTTAGGACG	Tumour	+
GX16_CGGGCATTCGAACGGA	Tumour	+
GX16_CGGGTCACAGAAGCGT	Tumour	+
GX16_CGGGTCAGTGGGTTGA	Tumour	+
GX16_CGGGTCATCATTGCCC	Tumour	+
GX16_CGGGTGTAGTAGGAAG	Tumour	+
GX16_CGGGTGTCAGCTGAAG	Tumour	+
GX16_CGGGTGTGTAACATAG	Tumour	+
GX16_CGGGTGTTCCGTGCGA	Tumour	+
GX16_CGGTCAGTCCTACGAA	Tumour	+
GX16_CGGTCAGTCGGTGTTA	Tumour	+
GX16_CGTAAGTAGAGCGACT	Tumour	+
GX16_CGTAAGTCAATGTGGG	Tumour	+
GX16_CGTAAGTCACAGTCAT	Tumour	+
GX16_CGTAATGCAGGACATG	Tumour	+
GX16_CGTAATGCATCACGGC	Tumour	+
GX16_CGTAATGTCAAGTCGT	Tumour	+
GX16_CGTAGTAAGACGCCCT	Tumour	+
GX16_CGTAGTATCTGCGGCA	Tumour	+
GX16_CGTCAAAGTCGTTATG	Tumour	+
GX16_CGTCAAAGTGGTGATG	Tumour	+
GX16_CGTCAAATCAAGTCGT	Tumour	+
GX16_CGTCAAATCAGGCGAA	Tumour	+
GX16_CGTCCATAGGTTATAG	Tumour	+
GX16_CGTCCATTCAGACCTA	Tumour	+
GX16_CGTCCATTCCACATAG	Tumour	+
GX16_CGTGAATAGTGCAGGT	Tumour	+
GX16_CGTGAATCACTAGTAC	Tumour	+
GX16_CGTGATAAGTGTTCAC	Tumour	+
GX16_CGTGATAGTAGTGCGA	Tumour	+
GX16_CGTGATAGTCCAAAGG	Tumour	+
GX16_CGTGCTTCATTGAAAG	Tumour	+
GX16_CGTGCTTGTGAATTGA	Tumour	+
GX16_CGTGCTTGTGCCTATA	Tumour	+
GX16_CGTGTCTAGGTTATAG	Tumour	+
GX16_CGTGTCTCACTGAGGA	Tumour	+
GX16_CGTTAGAAGGTCGCCT	Tumour	+
GX16_CGTTCTGCAAGTGGAC	Tumour	+
GX16_CGTTGGGAGGTGGGTT	Tumour	+
GX16_CGTTGGGCACAAATGA	Tumour	+
GX16_CGTTGGGGTTAGAAGT	Tumour	+
GX16_CGTTGGGTCCTTTAGT	Tumour	+
GX16_CTAACCCGTCGATTTG	Tumour	+
GX16_CTAACTTAGTTACGGG	Tumour	+
GX16_CTAACTTCAATGGCCC	Tumour	+
GX16_CTAACTTTCTGTCGTC	Tumour	+
GX16_CTAAGTGAGTAGTGCG	Tumour	+
GX16_CTAAGTGGTCGATTTG	Tumour	+
GX16_CTAAGTGTCACCATGA	Tumour	+
GX16_CTAAGTGTCTGGGTCG	Tumour	+
GX16_CTACAGAAGCCTGTGC	Tumour	+
GX16_CTACAGAAGCGCTTCG	Tumour	+
GX16_CTACATTGTCTACTGA	Tumour	+
GX16_CTACCCAGTGTCCATA	Tumour	+
GX16_CTACCCATCGTTGTTT	Tumour	+
GX16_CTACCTGAGCATGATA	Tumour	+
GX16_CTACCTGCACTCGATA	Tumour	+
GX16_CTACCTGGTCGATGCC	Tumour	+
GX16_CTACCTGGTGTGATGG	Tumour	+
GX16_CTACGGGAGTAGGATT	Tumour	+
GX16_CTACGGGCATGGAACG	Tumour	+
GX16_CTACTATCAACCCTCT	Tumour	+
GX16_CTACTATGTCGAACAG	Tumour	+
GX16_CTAGACACACACACTA	Tumour	+
GX16_CTAGACACATTGTCGA	Tumour	+
GX16_CTAGACATCATCCTAT	Tumour	+
GX16_CTATAGGCAAATCCCA	Tumour	+
GX16_CTATAGGGTCTTGCTC	Tumour	+
GX16_CTATAGGGTGAACTAA	Tumour	+
GX16_CTATAGGGTTCCAAAC	Tumour	+
GX16_CTATCCGGTGGCTGAA	Tumour	+
GX16_CTATCCGGTTCGAAGG	Tumour	+
GX16_CTATCCGTCAAGCCGC	Tumour	+
GX16_CTATCCGTCCGACGGT	Tumour	+
GX16_CTATCTAAGTGCTCAT	Tumour	+
GX16_CTATCTACACTCATAG	Tumour	+
GX16_CTATCTAGTTCCGCGA	Tumour	+
GX16_CTATCTATCATTACTC	Tumour	+
GX16_CTATCTATCGGTCATA	Tumour	+
GX16_CTATCTATCTAGGAAA	Tumour	+
GX16_CTCAACCGTAATACCC	Tumour	+
GX16_CTCAACCGTTACGGAG	Tumour	+
GX16_CTCAAGACAACTGTGT	Tumour	+
GX16_CTCAAGACAGCACAAG	Tumour	+
GX16_CTCAAGAGTGGTATGG	Tumour	+
GX16_CTCAATTAGTAGAGTT	Tumour	+
GX16_CTCAATTAGTTAGTAG	Tumour	+
GX16_CTCAATTCAGATCATC	Tumour	+
GX16_CTCAATTGTGGAACCA	Tumour	+
GX16_CTCAATTTCAAGTGGG	Tumour	+
GX16_CTCAATTTCTCTTCAA	Tumour	+
GX16_CTCAATTTCTTGTGCC	Tumour	+
GX16_CTCACTGCATTGAGGG	Tumour	+
GX16_CTCACTGGTACCACGC	Tumour	+
GX16_CTCAGAAGTCTGCCTT	Tumour	+
GX16_CTCAGAAGTGAATAAC	Tumour	+
GX16_CTCAGAAGTGTTGATC	Tumour	+
GX16_CTCAGAATCCATGCAA	Tumour	+
GX16_CTCAGAATCCATTGTT	Tumour	+
GX16_CTCAGAATCGACGATT	Tumour	+
GX16_CTCAGGGCACCAGCCA	Tumour	+
GX16_CTCAGGGTCGGCTCTT	Tumour	+
GX16_CTCATGCAGCTAAATG	Tumour	+
GX16_CTCATGCAGGGAGGGT	Tumour	+
GX16_CTCATGCGTGCTCCGA	Tumour	+
GX16_CTCATGCTCCCATAAG	Tumour	+
GX16_CTCATGCTCGCTAAAC	Tumour	+
GX16_CTCATTAGTGGCAACA	Tumour	+
GX16_CTCATTATCACCGACG	Tumour	+
GX16_CTCCAACCAAATGGCG	Tumour	+
GX16_CTCCAACGTCCCACGA	Tumour	+
GX16_CTCCAACGTTGTACGT	Tumour	+
GX16_CTCCAACTCACTAGCA	Tumour	+
GX16_CTCCAACTCTGGACCG	Tumour	+
GX16_CTCCACAAGGACTAAT	Tumour	+
GX16_CTCCACATCCAATCCC	Tumour	+
GX16_CTCCACATCCACAGCG	Tumour	+
GX16_CTCCACATCTCGTCGT	Tumour	+
GX16_CTCCATGGTAGTATAG	Tumour	+
GX16_CTCCATGTCCATTTGT	Tumour	+
GX16_CTCCATGTCCCATTTA	Tumour	+
GX16_CTCCCAACAATACGAA	Tumour	+
GX16_CTCCCAATCCCGTGAG	Tumour	+
GX16_CTCCCTCAGTCTGGTT	Tumour	+
GX16_CTCCCTCGTGGTATGG	Tumour	+
GX16_CTCCCTCTCGGTCAGC	Tumour	+
GX16_CTCCGATAGCCTGCCA	Tumour	+
GX16_CTCCGATTCCGCACGA	Tumour	+
GX16_CTCCGATTCGGCTTGG	Tumour	+
GX16_CTCCGATTCTGCACCT	Tumour	+
GX16_CTCCTCCAGCTATCCA	Tumour	+
GX16_CTCCTCCCACCCGTAG	Tumour	+
GX16_CTCCTCCCAGCGCTTG	Tumour	+
GX16_CTCCTCCGTAGTCGGA	Tumour	+
GX16_CTCCTCCTCACTTATC	Tumour	+
GX16_CTCCTCCTCCGCGGAT	Tumour	+
GX16_CTCCTTTCAAGATCCT	Tumour	+
GX16_CTCCTTTCAAGGACAC	Tumour	+
GX16_CTCCTTTCATGCCGGT	Tumour	+
GX16_CTCCTTTGTAGGCAAC	Tumour	+
GX16_CTCCTTTGTTGCATGT	Tumour	+
GX16_CTCGAGGAGTGGACGT	Tumour	+
GX16_CTCGAGGCATCGCTAA	Tumour	+
GX16_CTCGAGGGTCGAGATG	Tumour	+
GX16_CTCGAGGGTTTGAACC	Tumour	+
GX16_CTCGAGGTCCAGGACC	Tumour	+
GX16_CTCGAGGTCTCTCCGA	Tumour	+
GX16_CTCTCGAGTCAAAGCG	Tumour	+
GX16_CTCTCGAGTGCAAGAC	Tumour	+
GX16_CTCTCGAGTGTTCCTC	Tumour	+
GX16_CTCTGGTCACATACTG	Tumour	+
GX16_CTCTGGTCATGACGAG	Tumour	+
GX16_CTGAATGTCACATTGG	Tumour	+
GX16_CTGAGCGCAAACTCTG	Tumour	+
GX16_CTGAGCGCACCACTGG	Tumour	+
GX16_CTGAGCGGTCCCTAAA	Tumour	+
GX16_CTGAGCGGTTCAAGTC	Tumour	+
GX16_CTGAGGCAGGTAAACT	Tumour	+
GX16_CTGATCCGTCTACAAC	Tumour	+
GX16_CTGATCCTCCGAGGCT	Tumour	+
GX16_CTGCAGGCATGCAGCC	Tumour	+
GX16_CTGCATCAGCTCCCTT	Tumour	+
GX16_CTGCATCGTCATCGGC	Tumour	+
GX16_CTGCATCGTCTCACAA	Tumour	+
GX16_CTGCATCGTTACGATC	Tumour	+
GX16_CTGCCTAAGAGCGACT	Tumour	+
GX16_CTGCCTAGTAACCCTA	Tumour	+
GX16_CTGCCTAGTGGCTTGC	Tumour	+
GX16_CTGCCTATCCTTGACC	Tumour	+
GX16_CTGCGAGAGAGAGCCT	Tumour	+
GX16_CTGCGAGTCAGCTAGT	Tumour	+
GX16_CTGCGAGTCATAGGCT	Tumour	+
GX16_CTGCGAGTCTTGTGCC	Tumour	+
GX16_CTGCGAGTCTTTGCAT	Tumour	+
GX16_CTGGACGCAACACTAC	Tumour	+
GX16_CTGGACGCAGGTGACA	Tumour	+
GX16_CTGGACGGTAGTCTTG	Tumour	+
GX16_CTGGACGTCCATTGGA	Tumour	+
GX16_CTGGACGTCCCGAGGT	Tumour	+
GX16_CTGGACGTCTAAGCCA	Tumour	+
GX16_CTGGACGTCTCGGCTT	Tumour	+
GX16_CTGGCAGCATTGAGCT	Tumour	+
GX16_CTGGCAGTCTGGGTCG	Tumour	+
GX16_CTGGTCTAGCTTTCTT	Tumour	+
GX16_CTGGTCTAGTATGGCG	Tumour	+
GX16_CTGGTCTAGTTGGACG	Tumour	+
GX16_CTGGTCTCAGAGAAAG	Tumour	+
GX16_CTGGTCTGTGATGGCA	Tumour	+
GX16_CTGGTCTTCCACAGGC	Tumour	+
GX16_CTGGTCTTCGACGATT	Tumour	+
GX16_CTGGTCTTCGTGCAGC	Tumour	+
GX16_CTGTACCGTGACACAG	Tumour	+
GX16_CTGTACCTCGGATTAC	Tumour	+
GX16_CTGTAGACACGACAAG	Tumour	+
GX16_CTGTAGAGTGTAGTGG	Tumour	+
GX16_CTGTATTGTACCATAC	Tumour	+
GX16_CTGTCGTAGACGCCAA	Tumour	+
GX16_CTGTCGTAGTTGCTGT	Tumour	+
GX16_CTGTCGTGTGGTTTGT	Tumour	+
GX16_CTGTCGTTCGTGGCTG	Tumour	+
GX16_CTGTCGTTCTGCGATA	Tumour	+
GX16_CTGTGAACATTGTACG	Tumour	+
GX16_CTGTGAAGTGGGCTTC	Tumour	+
GX16_CTGTGGGAGCATCTTG	Tumour	+
GX16_CTGTGGGCAGCCGTCA	Tumour	+
GX16_CTGTGGGCAGTTTGGT	Tumour	+
GX16_CTTAGGACACAGCTTA	Tumour	+
GX16_CTTAGGATCCTCATAT	Tumour	+
GX16_CTTCAATAGATAGCTA	Tumour	+
GX16_CTTCAATCAAGACGAC	Tumour	+
GX16_CTTCAATGTAGGCTCC	Tumour	+
GX16_CTTCCGAGTCCCTCAT	Tumour	+
GX16_CTTCCGAGTCTAGATC	Tumour	+
GX16_CTTCCGAGTGAGATTA	Tumour	+
GX16_CTTCCGATCGACGCGT	Tumour	+
GX16_CTTCCTTAGCGTGAAC	Tumour	+
GX16_CTTCCTTCAAAGCTCT	Tumour	+
GX16_CTTCCTTTCTCACTCG	Tumour	+
GX16_CTTCTAACAACAGATA	Tumour	+
GX16_CTTCTAACAGAACCGA	Tumour	+
GX16_CTTCTAACATCATTTC	Tumour	+
GX16_CTTCTAAGTTAAGCAA	Tumour	+
GX16_CTTCTAATCCGACATA	Tumour	+
GX16_CTTCTAATCTTTGCGC	Tumour	+
GX16_CTTCTCTGTATGCGGA	Tumour	+
GX16_CTTCTCTTCTGCTTAT	Tumour	+
GX16_CTTGAGACACTAGGTT	Tumour	+
GX16_CTTGAGACAGAACCGA	Tumour	+
GX16_CTTGAGACAGACAAAT	Tumour	+
GX16_CTTGAGAGTCTGTCCT	Tumour	+
GX16_CTTGAGAGTGCGGCTT	Tumour	+
GX16_CTTGAGATCGCAACAT	Tumour	+
GX16_CTTGATTAGGAGAGGC	Tumour	+
GX16_CTTGATTCATTACTCT	Tumour	+
GX16_CTTGATTGTGACTGTT	Tumour	+
GX16_CTTGATTTCTGGAAGG	Tumour	+
GX16_CTTTCAAAGCTCGGCT	Tumour	+
GX16_CTTTCGGAGCCTGTGC	Tumour	+
GX16_CTTTCGGAGGCTAGCA	Tumour	+
GX16_CTTTCGGAGGGTAATT	Tumour	+
GX16_GAAACCTGTCCGAAAG	Tumour	+
GX16_GAAATGAGTAGGAGTC	Tumour	+
GX16_GAAATGATCCTGTAAG	Tumour	+
GX16_GAACACTAGAATCGCG	Tumour	+
GX16_GAACGTTCAGGTGACA	Tumour	+
GX16_GAACTGTGTGTAGTGG	Tumour	+
GX16_GAACTGTTCTTGGATG	Tumour	+
GX16_GAAGAATAGACCATTC	Tumour	+
GX16_GAAGAATAGATGTAGT	Tumour	+
GX16_GAAGAATCAACGTATC	Tumour	+
GX16_GAAGCCCAGAGTGTTA	Tumour	+
GX16_GAAGCCCAGATCCCGC	Tumour	+
GX16_GAAGCCCAGTACCGGA	Tumour	+
GX16_GAAGCCCGTGTACGCC	Tumour	+
GX16_GAAGCGAGTTCTCACC	Tumour	+
GX16_GAAGGACGTGAGCTCC	Tumour	+
GX16_GAAGGACGTGGCACTC	Tumour	+
GX16_GAAGGGTAGTAACAGT	Tumour	+
GX16_GAAGGGTGTTCCGCGA	Tumour	+
GX16_GAAGGGTGTTTACCTT	Tumour	+
GX16_GAAGGGTTCATTGCCC	Tumour	+
GX16_GAAGTAAAGAACGTGC	Tumour	+
GX16_GAAGTAACAGTTGGTT	Tumour	+
GX16_GAATAGAAGCCAAGTG	Tumour	+
GX16_GAATAGATCATCGTAG	Tumour	+
GX16_GAATCACGTTCCTAAG	Tumour	+
GX16_GAATCACTCCACGTAA	Tumour	+
GX16_GAATCACTCGAATCCA	Tumour	+
GX16_GAATCGTGTCCTTTGC	Tumour	+
GX16_GAATCGTTCGTTCCTG	Tumour	+
GX16_GACACGCCAAATGATG	Tumour	+
GX16_GACACGCCAAGAGCTG	Tumour	+
GX16_GACACGCCACTCAGAT	Tumour	+
GX16_GACACGCTCTGTTCAT	Tumour	+
GX16_GACAGCCAGGCGCTTC	Tumour	+
GX16_GACAGCCCACGCGCAT	Tumour	+
GX16_GACAGCCCAGAGGAAA	Tumour	+
GX16_GACAGCCCAGCGCGTT	Tumour	+
GX16_GACAGCCCAGGCTACC	Tumour	+
GX16_GACAGCCCATAATGCC	Tumour	+
GX16_GACAGCCCATCGATCA	Tumour	+
GX16_GACAGCCGTTAGGACG	Tumour	+
GX16_GACAGCCGTTGCATAC	Tumour	+
GX16_GACAGCCTCACACCCT	Tumour	+
GX16_GACATCAAGTATAGAC	Tumour	+
GX16_GACATCACAATTGGTC	Tumour	+
GX16_GACATCAGTCCGTACG	Tumour	+
GX16_GACATCAGTCTGATCA	Tumour	+
GX16_GACATCATCGGCTGGT	Tumour	+
GX16_GACATCATCTACCTTA	Tumour	+
GX16_GACATCATCTGGGCCA	Tumour	+
GX16_GACCCAGTCTGAGTCA	Tumour	+
GX16_GACCCTTAGATTGCGG	Tumour	+
GX16_GACCCTTAGCGCCTTG	Tumour	+
GX16_GACCCTTCAGTAACCT	Tumour	+
GX16_GACCCTTGTGCCGGTT	Tumour	+
GX16_GACCGTGGTAGTCTTG	Tumour	+
GX16_GACCTTCGTACACGCC	Tumour	+
GX16_GACCTTCGTCCCAAAT	Tumour	+
GX16_GACCTTCGTCCTGGTG	Tumour	+
GX16_GACCTTCTCTGCGTCT	Tumour	+
GX16_GACGCTGAGTAGTCAA	Tumour	+
GX16_GACGCTGTCAACTGGT	Tumour	+
GX16_GACGCTGTCATTGTGG	Tumour	+
GX16_GACGCTGTCCAGCTCT	Tumour	+
GX16_GACGTTAAGCTCTTCC	Tumour	+
GX16_GACGTTAAGCTGGTGA	Tumour	+
GX16_GACGTTACAAGATTGA	Tumour	+
GX16_GACGTTAGTGTAGCAG	Tumour	+
GX16_GACGTTATCCGAGATT	Tumour	+
GX16_GACGTTATCTTGAGCA	Tumour	+
GX16_GACTATGCACGACGCT	Tumour	+
GX16_GACTATGCATCTCAAG	Tumour	+
GX16_GACTATGGTATGAAAC	Tumour	+
GX16_GACTATGGTTCTCCAC	Tumour	+
GX16_GACTCAAAGGAGGCAG	Tumour	+
GX16_GACTCAAGTACCATAC	Tumour	+
GX16_GACTCTCCAATGGGTG	Tumour	+
GX16_GACTCTCCACAACCGC	Tumour	+
GX16_GACTCTCGTAGTCTGT	Tumour	+
GX16_GACTCTCGTTTCTTAC	Tumour	+
GX16_GACTCTCTCATTTCCA	Tumour	+
GX16_GACTCTCTCGTACACA	Tumour	+
GX16_GACTGATAGGTAGATT	Tumour	+
GX16_GACTGATTCGCTCTAC	Tumour	+
GX16_GACTGATTCTGAATGC	Tumour	+
GX16_GACTTCCCACTTCTCG	Tumour	+
GX16_GACTTCCGTGTAAATG	Tumour	+
GX16_GACTTCCTCCGTGTCT	Tumour	+
GX16_GACTTCCTCGGAATTC	Tumour	+
GX16_GACTTCCTCTAGTACG	Tumour	+
GX16_GAGAAATAGTAGTCCT	Tumour	+
GX16_GAGAAATGTCGCATTA	Tumour	+
GX16_GAGAAATGTTCCTAGA	Tumour	+
GX16_GAGAAATTCTCTCTTC	Tumour	+
GX16_GAGACCCAGACTCATC	Tumour	+
GX16_GAGACCCAGGTTCTTG	Tumour	+
GX16_GAGACCCCAGGCGAAT	Tumour	+
GX16_GAGACCCCATCACGGC	Tumour	+
GX16_GAGACCCCATGAATAG	Tumour	+
GX16_GAGACCCTCGAATGCT	Tumour	+
GX16_GAGACTTAGATTGAGT	Tumour	+
GX16_GAGACTTAGGGAGGTG	Tumour	+
GX16_GAGACTTCAGCACAAG	Tumour	+
GX16_GAGACTTTCACCTGTC	Tumour	+
GX16_GAGACTTTCCTGTAGA	Tumour	+
GX16_GAGAGGTAGGATTCAA	Tumour	+
GX16_GAGAGGTTCAACTGAC	Tumour	+
GX16_GAGAGGTTCGAACACT	Tumour	+
GX16_GAGAGGTTCTATCGTT	Tumour	+
GX16_GAGATGGCACGCCAGT	Tumour	+
GX16_GAGATGGGTCGTATGT	Tumour	+
GX16_GAGCCTGCAACTTCTT	Tumour	+
GX16_GAGCCTGCACGACTAT	Tumour	+
GX16_GAGCCTGGTGATGTAA	Tumour	+
GX16_GAGCCTGTCCTTACCG	Tumour	+
GX16_GAGCCTGTCTTCGGTC	Tumour	+
GX16_GAGCTGCAGGCGCTCT	Tumour	+
GX16_GAGCTGCCAAAGGGCT	Tumour	+
GX16_GAGCTGCTCACACCCT	Tumour	+
GX16_GAGGCAACAACAAAGT	Tumour	+
GX16_GAGGCAACAGAGTTCT	Tumour	+
GX16_GAGGCAACAGCGCGTT	Tumour	+
GX16_GAGGCAAGTCGATTTG	Tumour	+
GX16_GAGGCCTAGTTGGACG	Tumour	+
GX16_GAGGCCTCAGGTTCGC	Tumour	+
GX16_GAGGGATAGAAGGTAG	Tumour	+
GX16_GAGGGATAGACGGAAA	Tumour	+
GX16_GAGGGATAGAGTCTTC	Tumour	+
GX16_GAGGGATGTCCGGTGT	Tumour	+
GX16_GAGGGATTCCGTGGTG	Tumour	+
GX16_GAGGGTACAGAATGTA	Tumour	+
GX16_GAGGGTAGTATCGTTG	Tumour	+
GX16_GAGGGTATCCCATTTA	Tumour	+
GX16_GAGTCATCAGTTACCA	Tumour	+
GX16_GAGTCATCATGCCGGT	Tumour	+
GX16_GAGTCATGTCAGCTTA	Tumour	+
GX16_GAGTCATGTGTAACGG	Tumour	+
GX16_GAGTCATGTTCCCAAA	Tumour	+
GX16_GAGTCATTCGAACACT	Tumour	+
GX16_GAGTCTAAGACGGTTG	Tumour	+
GX16_GAGTCTACAAGTGCTT	Tumour	+
GX16_GAGTCTACACCCTAGG	Tumour	+
GX16_GAGTGAGGTTCAAGTC	Tumour	+
GX16_GAGTGAGTCATGGTAC	Tumour	+
GX16_GAGTGTTAGCCTAACT	Tumour	+
GX16_GAGTGTTAGCGCTGCT	Tumour	+
GX16_GAGTGTTAGTTCTACG	Tumour	+
GX16_GAGTGTTCAAGTGGCA	Tumour	+
GX16_GAGTTACAGACCATAA	Tumour	+
GX16_GAGTTACAGAGGCTGT	Tumour	+
GX16_GAGTTACGTCAAAGAT	Tumour	+
GX16_GAGTTACGTGTCCGTG	Tumour	+
GX16_GAGTTGTCACGTCTCT	Tumour	+
GX16_GAGTTGTGTCTCAGGC	Tumour	+
GX16_GAGTTTGCAGTAGAAT	Tumour	+
GX16_GAGTTTGGTCTGTAGT	Tumour	+
GX16_GAGTTTGTCAGTAGGG	Tumour	+
GX16_GATAGAAAGCAGGGAG	Tumour	+
GX16_GATAGAAGTGAGATTA	Tumour	+
GX16_GATAGAATCGAAGCAG	Tumour	+
GX16_GATAGAATCTGGACTA	Tumour	+
GX16_GATAGCTAGCTGGCCT	Tumour	+
GX16_GATAGCTCAAGACAAT	Tumour	+
GX16_GATAGCTGTCGCACAC	Tumour	+
GX16_GATAGCTTCTGCATAG	Tumour	+
GX16_GATCACACAGAAGTGC	Tumour	+
GX16_GATCACACAGACACCC	Tumour	+
GX16_GATCACAGTCGTGCCA	Tumour	+
GX16_GATCACATCGTTGTGA	Tumour	+
GX16_GATCAGTCACAAGCCC	Tumour	+
GX16_GATCAGTCACTTTATC	Tumour	+
GX16_GATCAGTTCAAACTGC	Tumour	+
GX16_GATCATGAGTAGGTTA	Tumour	+
GX16_GATCATGCACCTTCGT	Tumour	+
GX16_GATCATGGTCATAGTC	Tumour	+
GX16_GATCATGGTTCGGCCA	Tumour	+
GX16_GATCATGTCTACACAG	Tumour	+
GX16_GATCATGTCTCTCTTC	Tumour	+
GX16_GATCATGTCTGTCCCA	Tumour	+
GX16_GATCCCTAGCAGTACG	Tumour	+
GX16_GATCCCTCACAGTATC	Tumour	+
GX16_GATCCCTTCCCGTTCA	Tumour	+
GX16_GATCGTATCGTTCATT	Tumour	+
GX16_GATGACTAGGACGCTA	Tumour	+
GX16_GATGACTCACTGCATA	Tumour	+
GX16_GATGACTTCACTCCGT	Tumour	+
GX16_GATGAGGAGCTCGAAG	Tumour	+
GX16_GATGAGGCAGCACACC	Tumour	+
GX16_GATGAGGGTCTCGGGT	Tumour	+
GX16_GATGAGGTCAAGCCGC	Tumour	+
GX16_GATGAGGTCCCGTTGT	Tumour	+
GX16_GATGATCTCATGCAGT	Tumour	+
GX16_GATGCTAAGGTGCCTC	Tumour	+
GX16_GATGCTACACTGAGTT	Tumour	+
GX16_GATGCTAGTCTTCGAA	Tumour	+
GX16_GATGCTAGTGACACAG	Tumour	+
GX16_GATGCTATCTAACACG	Tumour	+
GX16_GATGGAGCAACTGATC	Tumour	+
GX16_GATGGAGCACCAGTAT	Tumour	+
GX16_GATGGAGCACGCGTGT	Tumour	+
GX16_GATGGAGCAGCAGTCC	Tumour	+
GX16_GATGGAGCAGCTGAAG	Tumour	+
GX16_GATGGAGCAGGCATTT	Tumour	+
GX16_GATGGAGGTCTACTGA	Tumour	+
GX16_GATGGAGGTGAGATCG	Tumour	+
GX16_GATGGAGGTGGTATGG	Tumour	+
GX16_GATGGAGTCACTTCTA	Tumour	+
GX16_GATGTTGAGAGTGTGC	Tumour	+
GX16_GATTCGAAGGCGATAC	Tumour	+
GX16_GATTCGAGTTCATCGA	Tumour	+
GX16_GATTCTTAGTGCACTT	Tumour	+
GX16_GATTCTTGTATGAAAC	Tumour	+
GX16_GATTCTTGTCGAACGA	Tumour	+
GX16_GATTCTTTCACTTATC	Tumour	+
GX16_GATTGGTTCCATCACC	Tumour	+
GX16_GATTTCTGTGCATGTT	Tumour	+
GX16_GATTTCTGTGGCCCAT	Tumour	+
GX16_GCAACATAGCGCTGAA	Tumour	+
GX16_GCAACATAGCTGACTT	Tumour	+
GX16_GCAACATAGTAACGTA	Tumour	+
GX16_GCAACATCAACCACGC	Tumour	+
GX16_GCAACATCACCTCAGG	Tumour	+
GX16_GCAACATCATGTCAGT	Tumour	+
GX16_GCAACATGTAGCTCGC	Tumour	+
GX16_GCAACATGTTGAGGAC	Tumour	+
GX16_GCAACCGCAATCTAGC	Tumour	+
GX16_GCAACCGCATCCGTGG	Tumour	+
GX16_GCAACCGGTAGTTACC	Tumour	+
GX16_GCAACCGGTATGGTTC	Tumour	+
GX16_GCACATAAGATTGATG	Tumour	+
GX16_GCACATACATATGAAG	Tumour	+
GX16_GCACGGTAGACATCAA	Tumour	+
GX16_GCACGGTAGTCGTTAC	Tumour	+
GX16_GCACGGTCAGCATTGT	Tumour	+
GX16_GCACGTGCAACTAGAA	Tumour	+
GX16_GCACGTGGTCATGCAT	Tumour	+
GX16_GCACGTGGTGGTTCTA	Tumour	+
GX16_GCACGTGTCTGCCCTA	Tumour	+
GX16_GCACTAACAGAAATCA	Tumour	+
GX16_GCAGCCACACAGCGCT	Tumour	+
GX16_GCAGCCAGTAGTGTGG	Tumour	+
GX16_GCAGCCAGTCCACAGC	Tumour	+
GX16_GCAGCTGCACACCAGC	Tumour	+
GX16_GCAGCTGCATCGAAGG	Tumour	+
GX16_GCAGCTGGTCAAAGTA	Tumour	+
GX16_GCAGCTGGTTGTTGTG	Tumour	+
GX16_GCAGCTGTCCTCACCA	Tumour	+
GX16_GCAGGCTAGAAGTCAT	Tumour	+
GX16_GCAGGCTGTCAGTCCG	Tumour	+
GX16_GCAGGCTGTGCCCAGT	Tumour	+
GX16_GCAGTTAAGGGACCAT	Tumour	+
GX16_GCAGTTAAGGTTGGTG	Tumour	+
GX16_GCAGTTAGTTGCGTAT	Tumour	+
GX16_GCATCGGAGAAGTCCG	Tumour	+
GX16_GCATCGGAGGCACTCC	Tumour	+
GX16_GCATCGGTCAGGTAAA	Tumour	+
GX16_GCATCTCAGGGTACGT	Tumour	+
GX16_GCATCTCCATCGAGCC	Tumour	+
GX16_GCATCTCGTAAGTCAA	Tumour	+
GX16_GCATGATCAAGTTGGG	Tumour	+
GX16_GCATGATGTACAAGCG	Tumour	+
GX16_GCATGATGTCAGATTC	Tumour	+
GX16_GCATGATGTCCTGTTC	Tumour	+
GX16_GCATTAGGTGTCTTAG	Tumour	+
GX16_GCCAACGAGCGTACAG	Tumour	+
GX16_GCCAGGTCATCTGGGC	Tumour	+
GX16_GCCAGGTGTGAGAGGG	Tumour	+
GX16_GCCAGGTGTGCATACT	Tumour	+
GX16_GCCAGTGAGCCTAGGA	Tumour	+
GX16_GCCAGTGAGGGTTTCT	Tumour	+
GX16_GCCAGTGCACCGTGGT	Tumour	+
GX16_GCCAGTGTCGACCAAT	Tumour	+
GX16_GCCAGTGTCTACGCGG	Tumour	+
GX16_GCCATGGCAGTAGGAC	Tumour	+
GX16_GCCATGGGTCACAGAG	Tumour	+
GX16_GCCATTCCAAGAGTGC	Tumour	+
GX16_GCCATTCCATAAGCGG	Tumour	+
GX16_GCCATTCTCATGACAC	Tumour	+
GX16_GCCATTCTCCATGAGT	Tumour	+
GX16_GCCATTCTCCGCGATG	Tumour	+
GX16_GCCCAGAAGTGAGTTA	Tumour	+
GX16_GCCCAGATCTAAGGAA	Tumour	+
GX16_GCCCGAAGTCACGTGC	Tumour	+
GX16_GCCCGAAGTGCATGTT	Tumour	+
GX16_GCCCGAAGTTTCCATT	Tumour	+
GX16_GCCCGAAGTTTCTTAC	Tumour	+
GX16_GCCGTGAGTGCCGGTT	Tumour	+
GX16_GCCGTGAGTGGAATGC	Tumour	+
GX16_GCCGTGAGTTGATCGT	Tumour	+
GX16_GCCGTGATCTCTTAAC	Tumour	+
GX16_GCCGTGATCTGAATCG	Tumour	+
GX16_GCCGTGATCTTCACAT	Tumour	+
GX16_GCCTGTTAGACAACTA	Tumour	+
GX16_GCCTGTTAGGGATGTC	Tumour	+
GX16_GCCTGTTAGTCCCGGT	Tumour	+
GX16_GCCTGTTAGTTTCGAC	Tumour	+
GX16_GCCTGTTCAGTTTCAG	Tumour	+
GX16_GCCTGTTGTCAAATCC	Tumour	+
GX16_GCGAGAATCAATCGGT	Tumour	+
GX16_GCGATCGAGGAAGTGA	Tumour	+
GX16_GCGATCGCAAATGGTA	Tumour	+
GX16_GCGATCGGTGCAGTGA	Tumour	+
GX16_GCGGAAAAGGCTATCT	Tumour	+
GX16_GCGGAAACAAATGATG	Tumour	+
GX16_GCGGAAACATGAAAGT	Tumour	+
GX16_GCGGATCCAAGAGTTA	Tumour	+
GX16_GCGGATCTCTGTGCAA	Tumour	+
GX16_GCGTGCAGTTAGGGTG	Tumour	+
GX16_GCGTGCATCGTCGACG	Tumour	+
GX16_GCGTTTCAGTAGCAAT	Tumour	+
GX16_GCTACAAAGGTACCTT	Tumour	+
GX16_GCTACAATCCTACCAC	Tumour	+
GX16_GCTACAATCGGTTCAA	Tumour	+
GX16_GCTACCTAGATAGTCA	Tumour	+
GX16_GCTACCTCAAGTCCCG	Tumour	+
GX16_GCTCAAAAGATGTTGA	Tumour	+
GX16_GCTCAAAAGATTGAGT	Tumour	+
GX16_GCTCAAAAGGCACAAC	Tumour	+
GX16_GCTCAAACACACCTGG	Tumour	+
GX16_GCTCAAACACGAGAAC	Tumour	+
GX16_GCTCAAACAGAGTTGG	Tumour	+
GX16_GCTCAAACAGCGTTGC	Tumour	+
GX16_GCTCAAAGTCAGATTC	Tumour	+
GX16_GCTCAAAGTGACGCCT	Tumour	+
GX16_GCTCAAATCCGATCTC	Tumour	+
GX16_GCTGAATAGACCCTTA	Tumour	+
GX16_GCTGAATAGACGAGCT	Tumour	+
GX16_GCTGAATAGCCAGACA	Tumour	+
GX16_GCTGAATAGTAGCCAG	Tumour	+
GX16_GCTGAATAGTGTAGAT	Tumour	+
GX16_GCTGAATCATCATCTT	Tumour	+
GX16_GCTGAATCATGATCTG	Tumour	+
GX16_GCTGAATGTGCATTAC	Tumour	+
GX16_GCTGAATTCCACTTCG	Tumour	+
GX16_GCTGCAGAGCTGTACT	Tumour	+
GX16_GCTGCAGAGTATCTGC	Tumour	+
GX16_GCTGCAGCAAGTCATC	Tumour	+
GX16_GCTGCAGCAGCGTATT	Tumour	+
GX16_GCTGCAGCATCCGAAT	Tumour	+
GX16_GCTGCAGTCTTCTGGC	Tumour	+
GX16_GCTGGGTAGTTGTAAG	Tumour	+
GX16_GCTGGGTGTATTTCGG	Tumour	+
GX16_GCTGGGTGTCCTTGTC	Tumour	+
GX16_GCTTCACAGGGTCTTT	Tumour	+
GX16_GCTTCACCAACACAAA	Tumour	+
GX16_GCTTCACTCTAGGAAA	Tumour	+
GX16_GCTTCACTCTGCGGGT	Tumour	+
GX16_GCTTCACTCTGGACCG	Tumour	+
GX16_GCTTCACTCTGTGCTC	Tumour	+
GX16_GCTTGGGGTGTGACCC	Tumour	+
GX16_GCTTTCGCACCCAAGC	Tumour	+
GX16_GGAACCCAGATTGCGG	Tumour	+
GX16_GGAAGTGCAGATCCTA	Tumour	+
GX16_GGAAGTGGTAGACTGG	Tumour	+
GX16_GGAATCTAGTAAGAGG	Tumour	+
GX16_GGAATCTGTGTACATC	Tumour	+
GX16_GGAATCTTCGTAATGC	Tumour	+
GX16_GGAATGGAGACCTGGA	Tumour	+
GX16_GGAATGGTCAAGTGGG	Tumour	+
GX16_GGACGTCCACAATGCT	Tumour	+
GX16_GGACGTCGTACACGCC	Tumour	+
GX16_GGACGTCGTCGACTTA	Tumour	+
GX16_GGACGTCGTTATCTGG	Tumour	+
GX16_GGACGTCTCGCGTTTC	Tumour	+
GX16_GGACGTCTCTTCGCTG	Tumour	+
GX16_GGAGATGTCCACAGCG	Tumour	+
GX16_GGAGCAACACTAACCA	Tumour	+
GX16_GGAGCAACAGCTGGTC	Tumour	+
GX16_GGAGCAATCGGTCTGG	Tumour	+
GX16_GGAGCAATCTATTTCG	Tumour	+
GX16_GGAGCAATCTGGACTA	Tumour	+
GX16_GGAGGATCAAGTATCC	Tumour	+
GX16_GGAGGATCACGAGAAC	Tumour	+
GX16_GGAGGATGTCTGTTAG	Tumour	+
GX16_GGAGGTATCGTCACCT	Tumour	+
GX16_GGAGGTATCTCTCTTC	Tumour	+
GX16_GGATCTAAGAAGCTCG	Tumour	+
GX16_GGATCTAAGCTGCCAC	Tumour	+
GX16_GGATCTAAGGAAGTCC	Tumour	+
GX16_GGATCTACAACACGAG	Tumour	+
GX16_GGATCTACAGTAACGG	Tumour	+
GX16_GGATCTACAGTCGCTG	Tumour	+
GX16_GGATGTTGTGCAATAA	Tumour	+
GX16_GGATGTTGTTCCGCTT	Tumour	+
GX16_GGATGTTTCCCACAGG	Tumour	+
GX16_GGATGTTTCGCTGCGA	Tumour	+
GX16_GGATGTTTCGGACCAC	Tumour	+
GX16_GGATGTTTCGTCTAAG	Tumour	+
GX16_GGCACGTGTTGTGCAT	Tumour	+
GX16_GGCACGTTCAAAGGAT	Tumour	+
GX16_GGCACGTTCCAAGCTA	Tumour	+
GX16_GGCACGTTCCCATAGA	Tumour	+
GX16_GGCACGTTCCCGTTGT	Tumour	+
GX16_GGCAGTCCATAAGATG	Tumour	+
GX16_GGCAGTCGTACCACGC	Tumour	+
GX16_GGCAGTCGTCTTCTAT	Tumour	+
GX16_GGCAGTCTCCTTTAGT	Tumour	+
GX16_GGCGTCAAGTGGACGT	Tumour	+
GX16_GGCGTCACACTTTAGG	Tumour	+
GX16_GGCGTCATCGACCACG	Tumour	+
GX16_GGCTGTGAGAACAGGA	Tumour	+
GX16_GGCTGTGAGAATCCCT	Tumour	+
GX16_GGCTGTGAGATGGCAC	Tumour	+
GX16_GGCTGTGAGTAACGAT	Tumour	+
GX16_GGCTGTGTCAGTGGGA	Tumour	+
GX16_GGCTTGGGTCCAATCA	Tumour	+
GX16_GGCTTGGTCTACCTTA	Tumour	+
GX16_GGCTTTCAGAAGAACG	Tumour	+
GX16_GGCTTTCCAAATACGA	Tumour	+
GX16_GGCTTTCCATGCAGGA	Tumour	+
GX16_GGGAAGTAGAATCGCG	Tumour	+
GX16_GGGAAGTCACCTGCTT	Tumour	+
GX16_GGGAAGTGTATCCCAA	Tumour	+
GX16_GGGAAGTGTATCGAGG	Tumour	+
GX16_GGGACAAAGTCACTAC	Tumour	+
GX16_GGGACAAGTAGAGTTA	Tumour	+
GX16_GGGACAAGTGGCTACC	Tumour	+
GX16_GGGACAATCTGCGAGC	Tumour	+
GX16_GGGACAATCTGGGAGA	Tumour	+
GX16_GGGACCTCACAAGCCC	Tumour	+
GX16_GGGACCTGTTACGGAG	Tumour	+
GX16_GGGACTCAGAGTTGAT	Tumour	+
GX16_GGGACTCAGGTCATAA	Tumour	+
GX16_GGGACTCCAATCTCTT	Tumour	+
GX16_GGGAGATAGGCAATGC	Tumour	+
GX16_GGGAGTAAGCAACTCT	Tumour	+
GX16_GGGATCCGTTGCCGAC	Tumour	+
GX16_GGGATGAAGCGAGAAA	Tumour	+
GX16_GGGATGACATCCGGCA	Tumour	+
GX16_GGGCCATCACTTGGGC	Tumour	+
GX16_GGGCCATGTCTTCGAA	Tumour	+
GX16_GGGCGTTCAGCCATTA	Tumour	+
GX16_GGGCGTTTCAAGCGTT	Tumour	+
GX16_GGGCTACAGACCAAAT	Tumour	+
GX16_GGGCTACCAAGTTCCA	Tumour	+
GX16_GGGCTACCACACAGAG	Tumour	+
GX16_GGGCTACCACATATGC	Tumour	+
GX16_GGGCTACCAGACCGCT	Tumour	+
GX16_GGGCTACGTTCGGACC	Tumour	+
GX16_GGGCTACTCGAGCCTG	Tumour	+
GX16_GGGCTACTCGCATTAG	Tumour	+
GX16_GGGCTACTCTTCACAT	Tumour	+
GX16_GGGCTCAAGAGCAGTC	Tumour	+
GX16_GGGCTCAAGATCACTC	Tumour	+
GX16_GGGCTCAAGCTGGCCT	Tumour	+
GX16_GGGCTCACAGACCATT	Tumour	+
GX16_GGGCTCATCATGCCAA	Tumour	+
GX16_GGGTAGAAGCATCGAG	Tumour	+
GX16_GGGTAGATCGATTTCT	Tumour	+
GX16_GGGTATTAGTTGTCGT	Tumour	+
GX16_GGGTATTCATACAGAA	Tumour	+
GX16_GGGTCACCACCAGTTA	Tumour	+
GX16_GGGTCACTCCACTTTA	Tumour	+
GX16_GGGTCTGCAAATCGGG	Tumour	+
GX16_GGGTCTGCAAGGACAC	Tumour	+
GX16_GGGTCTGCACCAGCCA	Tumour	+
GX16_GGGTCTGGTCTACGTA	Tumour	+
GX16_GGGTCTGGTGAGAGGG	Tumour	+
GX16_GGGTCTGGTTCTGAGT	Tumour	+
GX16_GGGTGAAAGAAGCGAA	Tumour	+
GX16_GGGTGAACATGACCCG	Tumour	+
GX16_GGGTGAACATTACGGT	Tumour	+
GX16_GGGTGAAGTACTCCCT	Tumour	+
GX16_GGGTGTCAGGTCCCGT	Tumour	+
GX16_GGGTTATTCCTAAACG	Tumour	+
GX16_GGGTTTAAGAGAGTTT	Tumour	+
GX16_GGGTTTAAGTTGCGAG	Tumour	+
GX16_GGGTTTACATGGACAG	Tumour	+
GX16_GGGTTTATCACCCTCA	Tumour	+
GX16_GGTAACTCACCCAATA	Tumour	+
GX16_GGTAACTCATCCGGCA	Tumour	+
GX16_GGTAACTTCGGAATGG	Tumour	+
GX16_GGTAATCAGATGCTGG	Tumour	+
GX16_GGTAATCAGTGTTGTC	Tumour	+
GX16_GGTAATCCATACAGGG	Tumour	+
GX16_GGTAGAGTCAGTGTGT	Tumour	+
GX16_GGTCACGAGGTAGGCT	Tumour	+
GX16_GGTCACGCATGCGTGC	Tumour	+
GX16_GGTCACGTCGCAAGAG	Tumour	+
GX16_GGTCTGGCAGTTAAAG	Tumour	+
GX16_GGTCTGGGTAGGGTAC	Tumour	+
GX16_GGTCTGGGTCATCACA	Tumour	+
GX16_GGTGAAGCATGTACGT	Tumour	+
GX16_GGTGAAGTCAAGTGGG	Tumour	+
GX16_GGTGAAGTCCGCTTAC	Tumour	+
GX16_GGTGATTCAAATGGAT	Tumour	+
GX16_GGTGATTCAGCGTACC	Tumour	+
GX16_GGTGATTCAGTTTCAG	Tumour	+
GX16_GGTGATTGTATACGGG	Tumour	+
GX16_GGTGGCTAGATGAAGG	Tumour	+
GX16_GGTGGCTCACATATCG	Tumour	+
GX16_GGTGGCTCACTTCAGA	Tumour	+
GX16_GGTGGCTTCGTCGACG	Tumour	+
GX16_GGTGGCTTCTTGCAAG	Tumour	+
GX16_GGTGTCGAGAGGGTGG	Tumour	+
GX16_GGTGTCGCAGGTAGTG	Tumour	+
GX16_GGTGTCGGTATCCTTT	Tumour	+
GX16_GGTGTCGGTTAGAGTA	Tumour	+
GX16_GGTGTCGGTTGTCATG	Tumour	+
GX16_GGTGTCGTCCGACATA	Tumour	+
GX16_GGTGTTAAGCATCTTG	Tumour	+
GX16_GGTGTTACAAGACGAC	Tumour	+
GX16_GGTGTTACAGGCTATT	Tumour	+
GX16_GGTGTTAGTCGTATTG	Tumour	+
GX16_GGTGTTAGTGGTCCGT	Tumour	+
GX16_GGTGTTATCTGAGGTT	Tumour	+
GX16_GGTTAACCAATCTAGC	Tumour	+
GX16_GGTTAACGTACAGAGC	Tumour	+
GX16_GGTTAACGTCTCTCTG	Tumour	+
GX16_GGTTAACGTGATTCAC	Tumour	+
GX16_GGTTCTCAGCCTCAAT	Tumour	+
GX16_GGTTCTCCAATACCTG	Tumour	+
GX16_GGTTCTCGTACTCAAC	Tumour	+
GX16_GGTTGTAAGAGTCTGG	Tumour	+
GX16_GGTTGTAAGCGCCTTG	Tumour	+
GX16_GGTTGTAAGGGCGAGA	Tumour	+
GX16_GGTTGTACACCCAACG	Tumour	+
GX16_GTAACACAGCCGAACA	Tumour	+
GX16_GTAACCAAGCTCTATG	Tumour	+
GX16_GTAACCAAGGGCCAAT	Tumour	+
GX16_GTAACCACAACGTAAA	Tumour	+
GX16_GTAACCAGTCAGTCTA	Tumour	+
GX16_GTAAGTCCACCGCTAG	Tumour	+
GX16_GTAAGTCCACGCGGTT	Tumour	+
GX16_GTAAGTCCATCGAACT	Tumour	+
GX16_GTAAGTCTCATGCATG	Tumour	+
GX16_GTAATCGAGAGAGGTA	Tumour	+
GX16_GTAATCGAGTCCTACA	Tumour	+
GX16_GTAATGCCACGACGAA	Tumour	+
GX16_GTAATGCGTACACGCC	Tumour	+
GX16_GTAATGCTCAAACGTC	Tumour	+
GX16_GTAATGCTCGACGAGA	Tumour	+
GX16_GTACAACAGATTAGAC	Tumour	+
GX16_GTACAACAGTTGTACC	Tumour	+
GX16_GTACAACTCCCAGGAC	Tumour	+
GX16_GTAGAAAAGAGCAAGA	Tumour	+
GX16_GTAGAAAAGCCAACCC	Tumour	+
GX16_GTAGAGGAGCCTGAAG	Tumour	+
GX16_GTAGAGGAGTGTTGTC	Tumour	+
GX16_GTAGAGGCACACTGGC	Tumour	+
GX16_GTAGAGGGTTGGTGTT	Tumour	+
GX16_GTAGATCGTAGACGTG	Tumour	+
GX16_GTAGATCGTATGGTTC	Tumour	+
GX16_GTAGATCGTTAACAGA	Tumour	+
GX16_GTAGATCTCACAGTGT	Tumour	+
GX16_GTAGATCTCCGTCACT	Tumour	+
GX16_GTAGATCTCGGTCGAC	Tumour	+
GX16_GTAGCTACACGGATCC	Tumour	+
GX16_GTAGCTACATAGCTGT	Tumour	+
GX16_GTAGGAGCACAGTATC	Tumour	+
GX16_GTAGGAGGTCGTTTCC	Tumour	+
GX16_GTAGGTTGTTAGAAGT	Tumour	+
GX16_GTAGGTTGTTTGGGAG	Tumour	+
GX16_GTAGGTTTCCGCACTT	Tumour	+
GX16_GTAGGTTTCCGCAGTG	Tumour	+
GX16_GTAGGTTTCGGTCGGT	Tumour	+
GX16_GTAGGTTTCTTTCAGT	Tumour	+
GX16_GTAGTACAGCACCTGC	Tumour	+
GX16_GTAGTACCACTAACGT	Tumour	+
GX16_GTAGTACCAGAAGCGT	Tumour	+
GX16_GTAGTACGTGACTCTA	Tumour	+
GX16_GTAGTACTCGGAAACG	Tumour	+
GX16_GTAGTACTCGGATAAA	Tumour	+
GX16_GTATTGGAGGTTCCGC	Tumour	+
GX16_GTATTGGCACAACGTT	Tumour	+
GX16_GTATTGGCAGCGTGCT	Tumour	+
GX16_GTATTGGGTCGCATGC	Tumour	+
GX16_GTATTGGGTCGTAATC	Tumour	+
GX16_GTATTTCAGTTGGAGC	Tumour	+
GX16_GTATTTCCAACGGCTC	Tumour	+
GX16_GTATTTCCACAATGTC	Tumour	+
GX16_GTATTTCGTCCGGTCA	Tumour	+
GX16_GTCAAGTCACACACGC	Tumour	+
GX16_GTCAAGTCAGCAGTAG	Tumour	+
GX16_GTCAAGTGTATAGGGC	Tumour	+
GX16_GTCACGGAGCACCCAC	Tumour	+
GX16_GTCACGGAGGTTGGTG	Tumour	+
GX16_GTCACTCGTGGCCTCA	Tumour	+
GX16_GTCACTCGTTAGAGAT	Tumour	+
GX16_GTCACTCTCAACGAGG	Tumour	+
GX16_GTCAGCGAGGGCAATC	Tumour	+
GX16_GTCAGCGGTTGCTCCT	Tumour	+
GX16_GTCAGCGTCTGCACCT	Tumour	+
GX16_GTCATCCAGAACAAGG	Tumour	+
GX16_GTCATCCAGAGGTTTA	Tumour	+
GX16_GTCATCCAGGGTATAT	Tumour	+
GX16_GTCATCCGTCGGCTAC	Tumour	+
GX16_GTCATGAGTGACAACG	Tumour	+
GX16_GTCATGATCTATGCCC	Tumour	+
GX16_GTCATTTTCACACCCT	Tumour	+
GX16_GTCATTTTCACGGACC	Tumour	+
GX16_GTCCACTGTCTTACAG	Tumour	+
GX16_GTCCCATAGTTTGAGA	Tumour	+
GX16_GTCCCATCAATCTAGC	Tumour	+
GX16_GTCCCATCAATTGCTG	Tumour	+
GX16_GTCCTCAAGGTCATCT	Tumour	+
GX16_GTCCTCACAAATCCCA	Tumour	+
GX16_GTCCTCACAGATCACT	Tumour	+
GX16_GTCCTCATCACCGCTT	Tumour	+
GX16_GTCGAATAGGTAGTCG	Tumour	+
GX16_GTCGAATCAATATCCG	Tumour	+
GX16_GTCGAATCACCTGCGA	Tumour	+
GX16_GTCGAATTCGGTTGTA	Tumour	+
GX16_GTCGCGAGTTGTGTTG	Tumour	+
GX16_GTCGCGATCACTCCGT	Tumour	+
GX16_GTCGTAACAGGATTCT	Tumour	+
GX16_GTCGTTCGTACTCGAT	Tumour	+
GX16_GTCGTTCTCGTGTCAA	Tumour	+
GX16_GTCTACCAGCGCCATC	Tumour	+
GX16_GTCTACCAGGTAGTAT	Tumour	+
GX16_GTCTACCCAGACACAG	Tumour	+
GX16_GTCTACCCAGATACTC	Tumour	+
GX16_GTCTACCCAGTTCCAA	Tumour	+
GX16_GTCTACCGTACTCGAT	Tumour	+
GX16_GTCTACCGTGCGTGCT	Tumour	+
GX16_GTCTACCGTTGTGGCC	Tumour	+
GX16_GTCTACCTCGGAGTGA	Tumour	+
GX16_GTCTACCTCGGTCACG	Tumour	+
GX16_GTCTAGACACGCAAAG	Tumour	+
GX16_GTCTAGACATAATCCG	Tumour	+
GX16_GTCTAGAGTATGGAGC	Tumour	+
GX16_GTCTAGAGTGCGTTTA	Tumour	+
GX16_GTCTAGAGTTCCGCTT	Tumour	+
GX16_GTCTCACAGCGCAATG	Tumour	+
GX16_GTCTCACTCTAAGCCA	Tumour	+
GX16_GTCTGTCAGACGGAAA	Tumour	+
GX16_GTCTTTACACTGCACG	Tumour	+
GX16_GTCTTTAGTTGCTCCT	Tumour	+
GX16_GTGACGCAGTTCCGTA	Tumour	+
GX16_GTGACGCTCCTTCTTC	Tumour	+
GX16_GTGACGCTCTGGACTA	Tumour	+
GX16_GTGAGCCCAGTTGTCA	Tumour	+
GX16_GTGAGCCGTAAGATAC	Tumour	+
GX16_GTGAGCCGTATCGAGG	Tumour	+
GX16_GTGAGCCTCACGTCCT	Tumour	+
GX16_GTGAGCCTCTTTCAGT	Tumour	+
GX16_GTGAGGACATGGATCT	Tumour	+
GX16_GTGAGGAGTATGCGGA	Tumour	+
GX16_GTGAGGATCGCCACTT	Tumour	+
GX16_GTGAGTTAGCTTAGTC	Tumour	+
GX16_GTGAGTTAGGTAAGTT	Tumour	+
GX16_GTGAGTTGTTAAGTCC	Tumour	+
GX16_GTGATGTGTAGGCTCC	Tumour	+
GX16_GTGATGTTCCATAGGT	Tumour	+
GX16_GTGATGTTCTGCGGAC	Tumour	+
GX16_GTGCACGAGGTTACCT	Tumour	+
GX16_GTGCACGGTAAGGTCG	Tumour	+
GX16_GTGCACGGTACACGTT	Tumour	+
GX16_GTGCACGGTGCAAGAC	Tumour	+
GX16_GTGCAGCCAAGAGCTG	Tumour	+
GX16_GTGCAGCCATACTTTC	Tumour	+
GX16_GTGCAGCGTATGGTAA	Tumour	+
GX16_GTGCAGCGTCACGCTG	Tumour	+
GX16_GTGCAGCTCAGCACCG	Tumour	+
GX16_GTGCGTGTCATGCCGG	Tumour	+
GX16_GTGGAGAGTAGCTTAC	Tumour	+
GX16_GTGGAGATCAGACCTA	Tumour	+
GX16_GTGGAGATCTGACAGT	Tumour	+
GX16_GTGGAGATCTGGAAGG	Tumour	+
GX16_GTGGCGTAGGCGAAGG	Tumour	+
GX16_GTGGCGTAGTGCAACG	Tumour	+
GX16_GTGGCGTCACTGAATC	Tumour	+
GX16_GTGGCGTTCAGCTAGT	Tumour	+
GX16_GTGGGAACATAGCACT	Tumour	+
GX16_GTGGGAACATTGACCA	Tumour	+
GX16_GTGGGAATCATAGGCT	Tumour	+
GX16_GTGGGAATCGACCTAA	Tumour	+
GX16_GTGGTTAAGAGTCTGG	Tumour	+
GX16_GTGGTTAAGTCGCCCA	Tumour	+
GX16_GTGGTTACATGAAAGT	Tumour	+
GX16_GTGGTTAGTGTGTACT	Tumour	+
GX16_GTGGTTATCCTACGGG	Tumour	+
GX16_GTGGTTATCGCTTTAT	Tumour	+
GX16_GTGTAACAGCCACAAG	Tumour	+
GX16_GTGTAACAGGGTTAAT	Tumour	+
GX16_GTGTAACAGTGGAATT	Tumour	+
GX16_GTGTAACGTAGACGTG	Tumour	+
GX16_GTGTAACGTCGCATCG	Tumour	+
GX16_GTGTAACTCGGAACTT	Tumour	+
GX16_GTGTGATAGCGCCATC	Tumour	+
GX16_GTGTGATCATGGGATG	Tumour	+
GX16_GTGTGATTCAAGCGTT	Tumour	+
GX16_GTGTGATTCGAACGGA	Tumour	+
GX16_GTGTGATTCTTTCTAG	Tumour	+
GX16_GTGTGGCAGGCTTAAA	Tumour	+
GX16_GTGTGGCCAGATTCGT	Tumour	+
GX16_GTGTGGCCATGTGGCC	Tumour	+
GX16_GTGTGGCGTTACCTTT	Tumour	+
GX16_GTGTGGCTCACAGTGT	Tumour	+
GX16_GTGTGGCTCCCAAGTA	Tumour	+
GX16_GTGTGGCTCTCAGAAC	Tumour	+
GX16_GTGTTAGCACCCTCTA	Tumour	+
GX16_GTGTTAGGTCGCCACA	Tumour	+
GX16_GTGTTAGGTGCAATAA	Tumour	+
GX16_GTGTTCCAGTTGTAGA	Tumour	+
GX16_GTGTTCCCAAATGCTC	Tumour	+
GX16_GTGTTCCGTTCGGGTC	Tumour	+
GX16_GTGTTCCTCGTGACTA	Tumour	+
GX16_GTGTTCCTCTGCCTCA	Tumour	+
GX16_GTTACAGAGACTAGAT	Tumour	+
GX16_GTTACAGCAAGTGTCT	Tumour	+
GX16_GTTACCCTCCCTGGTT	Tumour	+
GX16_GTTACGACAAGGTACG	Tumour	+
GX16_GTTACGACATATCTGG	Tumour	+
GX16_GTTACGAGTGACGTCC	Tumour	+
GX16_GTTACGATCTCCGAGG	Tumour	+
GX16_GTTAGACCATGGGTTT	Tumour	+
GX16_GTTAGACGTAAGACCG	Tumour	+
GX16_GTTAGACTCCATGATG	Tumour	+
GX16_GTTAGACTCGCGCCAA	Tumour	+
GX16_GTTAGTGCATCGCTAA	Tumour	+
GX16_GTTAGTGTCTAGGCAT	Tumour	+
GX16_GTTAGTGTCTTTGATC	Tumour	+
GX16_GTTATGGTCATTACGG	Tumour	+
GX16_GTTCATTAGACCATAA	Tumour	+
GX16_GTTCATTAGAGTTGTA	Tumour	+
GX16_GTTCATTGTGATACCT	Tumour	+
GX16_GTTCCGTCAAGTGCAG	Tumour	+
GX16_GTTCCGTGTGCATTAC	Tumour	+
GX16_GTTCCGTGTTTGGGAG	Tumour	+
GX16_GTTCGCTAGTGATGGC	Tumour	+
GX16_GTTCGCTGTCCATACA	Tumour	+
GX16_GTTCGCTGTGTCGATT	Tumour	+
GX16_GTTCGCTTCAACGTGT	Tumour	+
GX16_GTTCTATAGGTCCCGT	Tumour	+
GX16_GTTCTATAGGTGCCAA	Tumour	+
GX16_GTTCTATCATGGCCAC	Tumour	+
GX16_GTTGAACAGCCGTCGT	Tumour	+
GX16_GTTGAACTCTGTTGGA	Tumour	+
GX16_GTTGCTCCAATGAGCG	Tumour	+
GX16_GTTGCTCCACCTCTGT	Tumour	+
GX16_GTTGCTCGTCTCAGGC	Tumour	+
GX16_GTTGCTCTCAGCGCAC	Tumour	+
GX16_GTTGCTCTCATGCCAA	Tumour	+
GX16_GTTGCTCTCGGTTGTA	Tumour	+
GX16_GTTGTAGAGGTCCCTG	Tumour	+
GX16_GTTGTAGGTTGCGGCT	Tumour	+
GX16_GTTGTCCCATGACTAC	Tumour	+
GX16_GTTGTCCGTTCCATTT	Tumour	+
GX16_GTTGTCCTCTGAATCG	Tumour	+
GX16_GTTGTGAAGAGATGCC	Tumour	+
GX16_GTTGTGAGTCTGTGAT	Tumour	+
GX16_GTTGTGATCCGGTAAT	Tumour	+
GX16_GTTGTGATCGCCAGTG	Tumour	+
GX16_GTTGTGATCGCGGACT	Tumour	+
GX16_GTTTACTAGCAAATCA	Tumour	+
GX16_GTTTACTAGGTCCCGT	Tumour	+
GX16_GTTTACTGTAGGACTG	Tumour	+
GX16_GTTTACTTCGAGATAA	Tumour	+
GX16_GTTTGGAAGACTTCGT	Tumour	+
GX16_GTTTGGAAGCGGTAAC	Tumour	+
GX16_GTTTGGACACTAAACC	Tumour	+
GX16_GTTTGGAGTAGACAGC	Tumour	+
GX16_TAACACGCAGTTTCAG	Tumour	+
GX16_TAACACGGTCTGTGCG	Tumour	+
GX16_TAACCAGAGGTGCGAT	Tumour	+
GX16_TAACCAGCAGGTTCAT	Tumour	+
GX16_TAACCAGGTGGTCCCA	Tumour	+
GX16_TAACGACAGAGCATAT	Tumour	+
GX16_TAACGACCAAGAAACT	Tumour	+
GX16_TAACGACCATGTGCTA	Tumour	+
GX16_TAACGACGTGACAGGT	Tumour	+
GX16_TAACGACGTGATAGAT	Tumour	+
GX16_TAACTTCAGTCTGGAG	Tumour	+
GX16_TAACTTCGTAGATGTA	Tumour	+
GX16_TAACTTCTCGGTGTAT	Tumour	+
GX16_TAAGCACAGCTGAAAT	Tumour	+
GX16_TAAGCACGTCTGGTTA	Tumour	+
GX16_TAAGCCAAGCTAGAGC	Tumour	+
GX16_TAAGCCAAGGTAAACT	Tumour	+
GX16_TAAGCCACAAAGCTCT	Tumour	+
GX16_TAAGCCACAAGACAAT	Tumour	+
GX16_TAAGCCACAGGTGAGT	Tumour	+
GX16_TAAGCGTAGGAGTACC	Tumour	+
GX16_TAAGCGTAGGCTTAAA	Tumour	+
GX16_TAAGCGTCAATCAGCT	Tumour	+
GX16_TAAGTCGCAGCGTTGC	Tumour	+
GX16_TAATCTCGTGTTGCCG	Tumour	+
GX16_TAATCTCTCAAGAAAC	Tumour	+
GX16_TAATCTCTCATCTATC	Tumour	+
GX16_TAATTCCCAGCTTCGG	Tumour	+
GX16_TAATTCCGTTCGGACC	Tumour	+
GX16_TAATTCCTCCGATAAC	Tumour	+
GX16_TAATTCCTCTGGACCG	Tumour	+
GX16_TACAACGAGCTCTTCC	Tumour	+
GX16_TACAACGCAAGAATGT	Tumour	+
GX16_TACAACGGTTGGATCT	Tumour	+
GX16_TACACCCCATTCTGTT	Tumour	+
GX16_TACACCCGTACCACGC	Tumour	+
GX16_TACAGGTCAGGGAGAG	Tumour	+
GX16_TACAGGTTCAGGAAGC	Tumour	+
GX16_TACATTCAGTGCGACA	Tumour	+
GX16_TACATTCGTGAGAGGG	Tumour	+
GX16_TACATTCGTGTGAATA	Tumour	+
GX16_TACATTCGTTACGGAG	Tumour	+
GX16_TACATTCTCGCTTAAG	Tumour	+
GX16_TACCCACAGCGGACAT	Tumour	+
GX16_TACCCACGTGTTGACT	Tumour	+
GX16_TACCCACTCTTCGTAT	Tumour	+
GX16_TACCCGTAGGTTGACG	Tumour	+
GX16_TACCCGTAGTAAACAC	Tumour	+
GX16_TACCCGTTCAAACCCA	Tumour	+
GX16_TACCGAATCTCTCTTC	Tumour	+
GX16_TACCGGGGTGGGCTTC	Tumour	+
GX16_TACCGGGGTGTCTAAC	Tumour	+
GX16_TACCGGGTCGTAGTCA	Tumour	+
GX16_TACCTCGAGAACTTCC	Tumour	+
GX16_TACCTCGCAATTTCCT	Tumour	+
GX16_TACCTCGGTTGGACTT	Tumour	+
GX16_TACCTCGTCTTTCCAA	Tumour	+
GX16_TACCTGCAGTGAGGCT	Tumour	+
GX16_TACCTGCCACGTGTGC	Tumour	+
GX16_TACGCTCCAATATCCG	Tumour	+
GX16_TACGCTCGTACGGTTT	Tumour	+
GX16_TACGGGCAGCCTCGTG	Tumour	+
GX16_TACGGGCCACCCTAGG	Tumour	+
GX16_TACGGGCCAGGACGAT	Tumour	+
GX16_TACGGGCCATGAATAG	Tumour	+
GX16_TACGGTAGTACCGTCG	Tumour	+
GX16_TACGGTATCAAGAATG	Tumour	+
GX16_TACGTCCAGACATCCT	Tumour	+
GX16_TACGTCCAGAGAAGGT	Tumour	+
GX16_TACGTCCAGCAGGCAT	Tumour	+
GX16_TACGTCCGTAGCTGAG	Tumour	+
GX16_TACGTCCTCGCCCAGA	Tumour	+
GX16_TACTGCCAGCCTCTCT	Tumour	+
GX16_TACTGCCAGTTGTCAC	Tumour	+
GX16_TACTGCCCATGTTTGG	Tumour	+
GX16_TACTTACTCTCAAAGC	Tumour	+
GX16_TACTTCAGTGATGAAT	Tumour	+
GX16_TACTTCATCGAGATAA	Tumour	+
GX16_TACTTGTCAGCGGATA	Tumour	+
GX16_TACTTGTTCTTACCAT	Tumour	+
GX16_TAGACCAAGCAACAAT	Tumour	+
GX16_TAGACCAAGCGTCTGC	Tumour	+
GX16_TAGACCACACCCTAAA	Tumour	+
GX16_TAGACTGCATCTTAGG	Tumour	+
GX16_TAGACTGGTAGTGATA	Tumour	+
GX16_TAGACTGTCCAACTAG	Tumour	+
GX16_TAGAGTCAGTATGGAT	Tumour	+
GX16_TAGAGTCCAGTATACC	Tumour	+
GX16_TAGAGTCCATTCCTAT	Tumour	+
GX16_TAGAGTCGTCGAAACG	Tumour	+
GX16_TAGATCGCACCCTCTA	Tumour	+
GX16_TAGATCGCAGGCGATA	Tumour	+
GX16_TAGATCGTCTTACCAT	Tumour	+
GX16_TAGCACAAGAACCGCA	Tumour	+
GX16_TAGCACAAGCCATATC	Tumour	+
GX16_TAGCACACACATATCG	Tumour	+
GX16_TAGCACACATATTCGG	Tumour	+
GX16_TAGCACACATCTCGTC	Tumour	+
GX16_TAGCACATCTTGGTCC	Tumour	+
GX16_TAGGAGGTCGAGAATA	Tumour	+
GX16_TAGGAGGTCTCGTCGT	Tumour	+
GX16_TAGGGTTAGGATGCGT	Tumour	+
GX16_TAGGGTTAGGTTGCCC	Tumour	+
GX16_TAGGGTTCACAACGTT	Tumour	+
GX16_TAGGGTTCATAGGAGC	Tumour	+
GX16_TAGGGTTGTCTTACTT	Tumour	+
GX16_TAGGTACCAATTGCCA	Tumour	+
GX16_TAGGTACGTGCGAGTA	Tumour	+
GX16_TAGGTACGTGCGTGCT	Tumour	+
GX16_TAGGTTGCAGACCAGA	Tumour	+
GX16_TAGGTTGCATTCTGTT	Tumour	+
GX16_TAGGTTGTCACATTGG	Tumour	+
GX16_TAGGTTGTCGCTAAAC	Tumour	+
GX16_TAGGTTGTCGGCTGAC	Tumour	+
GX16_TAGTGCAGTCACAATC	Tumour	+
GX16_TAGTGCATCCACAAGT	Tumour	+
GX16_TATACCTAGATCCTAC	Tumour	+
GX16_TATACCTAGCGTTGTT	Tumour	+
GX16_TATATCCCAGCGATTT	Tumour	+
GX16_TATCAGGCAATAGAGT	Tumour	+
GX16_TATCAGGGTCGTGGTC	Tumour	+
GX16_TATCAGGGTGACACGA	Tumour	+
GX16_TATCCTAAGTTGGACG	Tumour	+
GX16_TATCCTACACCTCTGT	Tumour	+
GX16_TATCCTAGTCCGGTCA	Tumour	+
GX16_TATCCTAGTGACTCGC	Tumour	+
GX16_TATCGCCAGCCTATTG	Tumour	+
GX16_TATCGCCCACGAGGAT	Tumour	+
GX16_TATCGCCCACTGAGGA	Tumour	+
GX16_TATCTGTCAGCTGTGC	Tumour	+
GX16_TATCTGTCATTGCAAC	Tumour	+
GX16_TATCTGTTCGGATAAA	Tumour	+
GX16_TATCTGTTCTCAGTCC	Tumour	+
GX16_TATCTTGAGGGTCAAC	Tumour	+
GX16_TATGTTCGTTTCGTTT	Tumour	+
GX16_TATGTTCTCAGGAAAT	Tumour	+
GX16_TATTCCACACGAAGAC	Tumour	+
GX16_TATTCCACACTGGATT	Tumour	+
GX16_TATTCCAGTCAACATC	Tumour	+
GX16_TATTCCAGTCTTCATT	Tumour	+
GX16_TATTCCATCATACAGC	Tumour	+
GX16_TATTGCTCAGAACGCA	Tumour	+
GX16_TATTGCTGTCGTGGAA	Tumour	+
GX16_TATTGCTGTGCATGTT	Tumour	+
GX16_TATTGGGAGACAGCGT	Tumour	+
GX16_TATTGGGAGTGAACAT	Tumour	+
GX16_TATTGGGCAAATTGCC	Tumour	+
GX16_TATTGGGTCCACCTGT	Tumour	+
GX16_TATTTCGAGAGTGAAG	Tumour	+
GX16_TATTTCGTCTTCCCAG	Tumour	+
GX16_TCAAGACAGAGAGCGG	Tumour	+
GX16_TCAAGACAGCTCGTGC	Tumour	+
GX16_TCAAGACCACCAGTAT	Tumour	+
GX16_TCAAGACGTATTAAGG	Tumour	+
GX16_TCAAGACTCAACCGAT	Tumour	+
GX16_TCAAGACTCGCCAGAC	Tumour	+
GX16_TCAAGCAAGACTTCCA	Tumour	+
GX16_TCAAGCAAGATTGTGA	Tumour	+
GX16_TCAAGCACAAGTACCT	Tumour	+
GX16_TCAAGCAGTACATTGC	Tumour	+
GX16_TCAAGCAGTCTTTCAT	Tumour	+
GX16_TCAAGCAGTTCCACGG	Tumour	+
GX16_TCAAGCATCAAATGAG	Tumour	+
GX16_TCAAGTGCAACGACAG	Tumour	+
GX16_TCAAGTGCATCATGAC	Tumour	+
GX16_TCAAGTGGTCTGCGCA	Tumour	+
GX16_TCAAGTGGTTCTTGCC	Tumour	+
GX16_TCAATCTAGTATAACG	Tumour	+
GX16_TCAATCTCATGACTTG	Tumour	+
GX16_TCAATCTGTTCACGAT	Tumour	+
GX16_TCAATCTTCGCCGAAC	Tumour	+
GX16_TCAATTCAGCTTAAGA	Tumour	+
GX16_TCAATTCGTACGATGG	Tumour	+
GX16_TCACAAGTCGGTGTAT	Tumour	+
GX16_TCACACCAGTAGCAAT	Tumour	+
GX16_TCACACCAGTCGTCTA	Tumour	+
GX16_TCACACCTCAGGGTAG	Tumour	+
GX16_TCACACCTCATCGCAA	Tumour	+
GX16_TCACACCTCGGTGTAT	Tumour	+
GX16_TCACACCTCTCCGCAT	Tumour	+
GX16_TCACACCTCTTCGACC	Tumour	+
GX16_TCACATTCACGTAGTT	Tumour	+
GX16_TCACATTCAGGCCTGT	Tumour	+
GX16_TCACATTGTTCAATCG	Tumour	+
GX16_TCACATTTCTGCGGCA	Tumour	+
GX16_TCACGCTTCAAGCCGC	Tumour	+
GX16_TCACGGGAGCCAAGTG	Tumour	+
GX16_TCACGGGGTGAGGAAA	Tumour	+
GX16_TCACGGGGTTAGAGTA	Tumour	+
GX16_TCACGGGTCTCCTGAC	Tumour	+
GX16_TCACTATCAATCTAGC	Tumour	+
GX16_TCACTATCACGATAGG	Tumour	+
GX16_TCACTATCATGCCGGT	Tumour	+
GX16_TCACTATGTATCAGCT	Tumour	+
GX16_TCACTATGTATGTGTC	Tumour	+
GX16_TCACTATGTTTGAAAG	Tumour	+
GX16_TCACTATTCTAGTACG	Tumour	+
GX16_TCACTCGAGGGTGGGA	Tumour	+
GX16_TCACTCGCACATACGT	Tumour	+
GX16_TCACTCGCAGCGGTCT	Tumour	+
GX16_TCACTCGGTCTAATCG	Tumour	+
GX16_TCACTCGTCATCGTAG	Tumour	+
GX16_TCAGCAATCATCACAG	Tumour	+
GX16_TCAGCAATCCGTGTGG	Tumour	+
GX16_TCAGCCTAGTGTACAA	Tumour	+
GX16_TCAGCCTCAACTTGGT	Tumour	+
GX16_TCAGCCTCAATGTCAC	Tumour	+
GX16_TCAGCCTGTACGCTTA	Tumour	+
GX16_TCAGCCTGTAGGTAGC	Tumour	+
GX16_TCAGCCTGTTGCATGT	Tumour	+
GX16_TCAGGGCAGACACACG	Tumour	+
GX16_TCAGGGCAGCACGTCC	Tumour	+
GX16_TCAGGGCCAGGACTAG	Tumour	+
GX16_TCAGGGCGTTGGCTAT	Tumour	+
GX16_TCAGGGCTCCTCTCGA	Tumour	+
GX16_TCAGGGCTCGTTCTAT	Tumour	+
GX16_TCAGGTAAGCGCCCAT	Tumour	+
GX16_TCAGGTAAGTTTGAGA	Tumour	+
GX16_TCAGGTATCAACCTTT	Tumour	+
GX16_TCAGGTATCTCATGGA	Tumour	+
GX16_TCAGTCCAGCACCGTC	Tumour	+
GX16_TCAGTCCAGTTGGGAC	Tumour	+
GX16_TCAGTCCCAATCGCAT	Tumour	+
GX16_TCAGTCCCAGCAGTGA	Tumour	+
GX16_TCAGTCCGTAGAAACT	Tumour	+
GX16_TCAGTCCGTCGGTACC	Tumour	+
GX16_TCAGTGATCTATCACT	Tumour	+
GX16_TCAGTTTAGATCCAAA	Tumour	+
GX16_TCAGTTTAGCGTTACT	Tumour	+
GX16_TCAGTTTCACCAACAT	Tumour	+
GX16_TCAGTTTCAGCTAACT	Tumour	+
GX16_TCAGTTTGTGAACCGA	Tumour	+
GX16_TCATACTCACTTTAGG	Tumour	+
GX16_TCATACTGTGGCTTAT	Tumour	+
GX16_TCATACTTCAGGACAG	Tumour	+
GX16_TCATATCAGGCGTTAG	Tumour	+
GX16_TCATATCCACGCTATA	Tumour	+
GX16_TCATATCGTCAGACTT	Tumour	+
GX16_TCATCATCAAAGTGTA	Tumour	+
GX16_TCATCATCAGAAATCA	Tumour	+
GX16_TCATCCGAGAACGTGC	Tumour	+
GX16_TCATGAGAGCCGAATG	Tumour	+
GX16_TCATGAGAGGATACAT	Tumour	+
GX16_TCATGAGTCACACCGG	Tumour	+
GX16_TCATGAGTCACGGTCG	Tumour	+
GX16_TCATGAGTCGCTCTCA	Tumour	+
GX16_TCATGCCAGCTGAAGC	Tumour	+
GX16_TCATGCCGTTGTTGTG	Tumour	+
GX16_TCATGCCTCAGGGATG	Tumour	+
GX16_TCATGGAAGCCTCCAG	Tumour	+
GX16_TCATGGAAGCGAAACC	Tumour	+
GX16_TCATGGAGTATTTCTC	Tumour	+
GX16_TCATGTTCAATAGGGC	Tumour	+
GX16_TCATGTTCACCACTGG	Tumour	+
GX16_TCATGTTGTGTCTTGA	Tumour	+
GX16_TCATTACAGGTCTGGA	Tumour	+
GX16_TCATTACCATTGACTG	Tumour	+
GX16_TCATTCAAGAGTATAC	Tumour	+
GX16_TCATTCACAATAGGGC	Tumour	+
GX16_TCATTCATCACGGGAA	Tumour	+
GX16_TCATTCATCGTTGTGA	Tumour	+
GX16_TCATTGTAGTGGACGT	Tumour	+
GX16_TCATTGTCACCGCTGA	Tumour	+
GX16_TCATTGTCAGCCGTTG	Tumour	+
GX16_TCATTGTCATAGGTAA	Tumour	+
GX16_TCATTGTCATCGATGT	Tumour	+
GX16_TCATTGTGTACCGGAA	Tumour	+
GX16_TCATTGTGTCCATACA	Tumour	+
GX16_TCATTGTGTTTGCAGT	Tumour	+
GX16_TCATTGTTCGCATGAT	Tumour	+
GX16_TCATTGTTCGTCTACC	Tumour	+
GX16_TCATTTGAGCGTTGTT	Tumour	+
GX16_TCATTTGCAATGTGGG	Tumour	+
GX16_TCATTTGCACGGTGAA	Tumour	+
GX16_TCATTTGGTGCCGAAA	Tumour	+
GX16_TCATTTGTCAAGCTTG	Tumour	+
GX16_TCATTTGTCTCATTAC	Tumour	+
GX16_TCATTTGTCTGAGGCC	Tumour	+
GX16_TCCACCAAGCAGCACA	Tumour	+
GX16_TCCACCAAGGACAGCT	Tumour	+
GX16_TCCACGTAGTGATAAC	Tumour	+
GX16_TCCAGAAAGCATTTGC	Tumour	+
GX16_TCCAGAAAGCGTATAA	Tumour	+
GX16_TCCAGAACACTCACTC	Tumour	+
GX16_TCCAGAAGTACTAACC	Tumour	+
GX16_TCCAGAATCGGTCAGC	Tumour	+
GX16_TCCATCGCACCTGCAG	Tumour	+
GX16_TCCATCGGTACGTTCA	Tumour	+
GX16_TCCATCGGTTGTCATG	Tumour	+
GX16_TCCATCGTCGGCATCG	Tumour	+
GX16_TCCATCGTCTCACCCA	Tumour	+
GX16_TCCATGCAGTCTACCA	Tumour	+
GX16_TCCATGCAGTTAGTGA	Tumour	+
GX16_TCCATGCGTAGGACTG	Tumour	+
GX16_TCCATGCGTGGGATTG	Tumour	+
GX16_TCCATGCTCACGGACC	Tumour	+
GX16_TCCATGCTCATCAGTG	Tumour	+
GX16_TCCATGCTCGTGAGAG	Tumour	+
GX16_TCCCACAGTGGATACG	Tumour	+
GX16_TCCCAGTAGGCCCAAA	Tumour	+
GX16_TCCCAGTCATGTGACT	Tumour	+
GX16_TCCCAGTGTACGATGG	Tumour	+
GX16_TCCCAGTTCGCAATGT	Tumour	+
GX16_TCCCATGAGAGTGGCT	Tumour	+
GX16_TCCCATGCACCAGCGT	Tumour	+
GX16_TCCGAAAAGCCTCCAG	Tumour	+
GX16_TCCGAAACAAACACCT	Tumour	+
GX16_TCCGAAACAGCAGACA	Tumour	+
GX16_TCCGAAACAGTATACC	Tumour	+
GX16_TCCGATCAGTAAACGT	Tumour	+
GX16_TCCGATCTCGGCATAT	Tumour	+
GX16_TCCGGGACATAATCCG	Tumour	+
GX16_TCCGGGAGTTCTCGTC	Tumour	+
GX16_TCCGGGATCCCTCTAG	Tumour	+
GX16_TCCGGGATCTCGACGG	Tumour	+
GX16_TCCGTGTGTACAGTAA	Tumour	+
GX16_TCCGTGTGTCCAAATC	Tumour	+
GX16_TCCGTGTTCGTCGGGT	Tumour	+
GX16_TCCGTGTTCTCGGTCT	Tumour	+
GX16_TCCTAATAGAAGCTGC	Tumour	+
GX16_TCCTAATAGTGAGTGC	Tumour	+
GX16_TCCTAATCATTCTCCG	Tumour	+
GX16_TCCTCCCCACTCCACT	Tumour	+
GX16_TCCTCCCCACTTGAGT	Tumour	+
GX16_TCCTCCCCAGGCTCTG	Tumour	+
GX16_TCCTCGAAGCGAGTCA	Tumour	+
GX16_TCCTCGAAGGCCTTGC	Tumour	+
GX16_TCCTCGACAGTTGAAA	Tumour	+
GX16_TCCTCGATCAGCTTGA	Tumour	+
GX16_TCCTCGATCCTACCGT	Tumour	+
GX16_TCCTGCAAGGAGAGTA	Tumour	+
GX16_TCCTGCAAGGTGCCAA	Tumour	+
GX16_TCCTGCACACAACGTT	Tumour	+
GX16_TCCTGCAGTTCAAACC	Tumour	+
GX16_TCCTTCTCAAGCTCTA	Tumour	+
GX16_TCCTTCTCACTAGAGG	Tumour	+
GX16_TCCTTCTGTACCATAC	Tumour	+
GX16_TCCTTCTTCTGACCCT	Tumour	+
GX16_TCCTTTCAGACCAGAC	Tumour	+
GX16_TCCTTTCAGTGAGGCT	Tumour	+
GX16_TCCTTTCGTATCTCTT	Tumour	+
GX16_TCCTTTCGTCGTCTCT	Tumour	+
GX16_TCCTTTCTCTTCCACG	Tumour	+
GX16_TCGAACAAGGTGCATG	Tumour	+
GX16_TCGAACATCTCGACCT	Tumour	+
GX16_TCGAAGTCACGACGAA	Tumour	+
GX16_TCGAAGTTCATAGCAC	Tumour	+
GX16_TCGAAGTTCTCGAACA	Tumour	+
GX16_TCGACGGAGACAAGCC	Tumour	+
GX16_TCGACGGCAATTCTCT	Tumour	+
GX16_TCGACGGCAGCACGAA	Tumour	+
GX16_TCGACGGGTGACAACG	Tumour	+
GX16_TCGACGGTCAAGAAAC	Tumour	+
GX16_TCGATTTAGTAGCCAG	Tumour	+
GX16_TCGATTTCAGCTGTAT	Tumour	+
GX16_TCGATTTGTCCATAGT	Tumour	+
GX16_TCGATTTTCGACCCAG	Tumour	+
GX16_TCGCACTAGAAGCCAC	Tumour	+
GX16_TCGCACTCAGGCGTTC	Tumour	+
GX16_TCGCACTGTAACCCGC	Tumour	+
GX16_TCGCACTGTCCGCAGT	Tumour	+
GX16_TCGCACTGTTAAGGGC	Tumour	+
GX16_TCGCACTTCGACGTCG	Tumour	+
GX16_TCGCACTTCTCCGAGG	Tumour	+
GX16_TCGCAGGAGCCTCAGC	Tumour	+
GX16_TCGCAGGCACCAGCGT	Tumour	+
GX16_TCGCAGGGTAGGCTGA	Tumour	+
GX16_TCGCAGGGTATCGATC	Tumour	+
GX16_TCGCAGGGTATTGACC	Tumour	+
GX16_TCGCAGGGTTGGCCGT	Tumour	+
GX16_TCGCAGGTCCAAGAGG	Tumour	+
GX16_TCGCTCAAGTTACGGG	Tumour	+
GX16_TCGCTCACAGTCTTCC	Tumour	+
GX16_TCGCTCACATGACCCG	Tumour	+
GX16_TCGCTCATCCAATCCC	Tumour	+
GX16_TCGCTTGAGACTCATC	Tumour	+
GX16_TCGCTTGAGGCAATGC	Tumour	+
GX16_TCGGATAAGGTAAGGA	Tumour	+
GX16_TCGGATAGTTAGAGTA	Tumour	+
GX16_TCGGGACGTCACAGAG	Tumour	+
GX16_TCGGGACGTTCAATCG	Tumour	+
GX16_TCGGGCATCGTTCGCT	Tumour	+
GX16_TCGGGTGAGGATGGCT	Tumour	+
GX16_TCGGGTGGTTGCTAGT	Tumour	+
GX16_TCGGTCTAGTGGAAAG	Tumour	+
GX16_TCGGTCTCAACGGCCT	Tumour	+
GX16_TCGTAGAAGCCGGATA	Tumour	+
GX16_TCGTAGAAGTCTCTGA	Tumour	+
GX16_TCGTAGACATACAGGG	Tumour	+
GX16_TCGTCCAAGAACCCGA	Tumour	+
GX16_TCGTCCACACCTGCTT	Tumour	+
GX16_TCGTCCACATAATGAG	Tumour	+
GX16_TCGTCCATCGGTCTAA	Tumour	+
GX16_TCGTGCTCAATTGTGC	Tumour	+
GX16_TCGTGGGGTCTTCTAT	Tumour	+
GX16_TCGTGGGTCTCCTGAC	Tumour	+
GX16_TCTAACTAGGCCTAGA	Tumour	+
GX16_TCTAACTAGTGAGCCA	Tumour	+
GX16_TCTAACTCACAGCATT	Tumour	+
GX16_TCTAACTCACTACCGG	Tumour	+
GX16_TCTAACTGTAGTTAGA	Tumour	+
GX16_TCTAACTGTGAGCAGT	Tumour	+
GX16_TCTACATCATATTCGG	Tumour	+
GX16_TCTACATCATCCTTCG	Tumour	+
GX16_TCTACCGAGCCTCCAG	Tumour	+
GX16_TCTACCGTCTTTGCTA	Tumour	+
GX16_TCTATACAGCGCTTCG	Tumour	+
GX16_TCTATACTCGGCCAAC	Tumour	+
GX16_TCTATCAGTCCTCATC	Tumour	+
GX16_TCTATCAGTCCTTTGC	Tumour	+
GX16_TCTCAGCAGTGATTCC	Tumour	+
GX16_TCTCAGCCATCGCTGG	Tumour	+
GX16_TCTCCGAAGTGAGTTA	Tumour	+
GX16_TCTCCGAGTCCACACG	Tumour	+
GX16_TCTCCGAGTCCATCTC	Tumour	+
GX16_TCTCTGGAGAAATCCA	Tumour	+
GX16_TCTCTGGGTTCAGGTT	Tumour	+
GX16_TCTGGCTCAGTCGTTA	Tumour	+
GX16_TCTGGCTGTAGCGTCC	Tumour	+
GX16_TCTGGCTGTGTGAGCA	Tumour	+
GX16_TCTGGCTTCGTTGTAG	Tumour	+
GX16_TCTGTCGCAGCAATTC	Tumour	+
GX16_TCTGTCGCAGCATCTA	Tumour	+
GX16_TCTGTCGGTACCTAGT	Tumour	+
GX16_TCTGTCGGTGCCTTTC	Tumour	+
GX16_TCTGTCGGTTATGTGC	Tumour	+
GX16_TCTTCCTAGGACCCAA	Tumour	+
GX16_TCTTCCTCAATGTTGC	Tumour	+
GX16_TCTTCCTGTGCTGTCG	Tumour	+
GX16_TCTTTGACACGCAAAG	Tumour	+
GX16_TCTTTGAGTCGTCGGT	Tumour	+
GX16_TCTTTGAGTTTACACG	Tumour	+
GX16_TGAACGTAGGAACGCT	Tumour	+
GX16_TGAACGTCAGTTAGGG	Tumour	+
GX16_TGAACGTGTCTGCAAT	Tumour	+
GX16_TGAACGTGTGACATCT	Tumour	+
GX16_TGAACGTGTGAGAGGG	Tumour	+
GX16_TGAACGTTCATTGCTT	Tumour	+
GX16_TGAACGTTCTGTTCAT	Tumour	+
GX16_TGAATCGAGGATATGT	Tumour	+
GX16_TGAATCGCAGCTGCCA	Tumour	+
GX16_TGAATGCAGCCGATTT	Tumour	+
GX16_TGAATGCAGTCTGTAC	Tumour	+
GX16_TGAATGCCAAGTACCT	Tumour	+
GX16_TGAATGCGTGGACAGT	Tumour	+
GX16_TGAATGCGTTGAATCC	Tumour	+
GX16_TGAATGCTCTCCTGCA	Tumour	+
GX16_TGACAGTAGGTCGAGT	Tumour	+
GX16_TGACCCTAGGGCAATC	Tumour	+
GX16_TGACCCTCACTCCTTG	Tumour	+
GX16_TGACCCTGTCGAAGCA	Tumour	+
GX16_TGACCCTTCTCCGAAA	Tumour	+
GX16_TGACTCCAGTCATCGT	Tumour	+
GX16_TGACTCCCACAAGCTT	Tumour	+
GX16_TGACTCCCAGTTGCGC	Tumour	+
GX16_TGAGACTAGATCCCAT	Tumour	+
GX16_TGAGACTAGGTAAAGG	Tumour	+
GX16_TGAGACTTCGCATAGT	Tumour	+
GX16_TGAGCATCAACCGTAT	Tumour	+
GX16_TGAGCATCAAGAGGTC	Tumour	+
GX16_TGAGCATCACAGGATG	Tumour	+
GX16_TGAGCATCATCGTGGC	Tumour	+
GX16_TGAGCGCAGAGCATAT	Tumour	+
GX16_TGAGCGCAGAGTCAGC	Tumour	+
GX16_TGAGCGCGTTCTTGCC	Tumour	+
GX16_TGAGGAGCACGTGTGC	Tumour	+
GX16_TGAGGAGGTGGCTCTG	Tumour	+
GX16_TGAGGGAAGTCAGAGC	Tumour	+
GX16_TGAGGGAGTAGACGGT	Tumour	+
GX16_TGAGGTTAGTCGAAAT	Tumour	+
GX16_TGAGGTTCACAGCTTA	Tumour	+
GX16_TGAGGTTCATCCTGTC	Tumour	+
GX16_TGAGTCACAAGTATAG	Tumour	+
GX16_TGATCAGAGGTATAGT	Tumour	+
GX16_TGATCAGAGTTAGAAC	Tumour	+
GX16_TGATCAGTCCAAATGC	Tumour	+
GX16_TGATCAGTCCCGATCT	Tumour	+
GX16_TGATCAGTCTATGTGG	Tumour	+
GX16_TGATCTTTCTCATAGG	Tumour	+
GX16_TGATCTTTCTGTCCGT	Tumour	+
GX16_TGATCTTTCTTGGGCG	Tumour	+
GX16_TGATGCAAGGTAATCA	Tumour	+
GX16_TGATGGTAGGTTGCCC	Tumour	+
GX16_TGATGGTCAAGACCGA	Tumour	+
GX16_TGATGGTGTGTTCCTC	Tumour	+
GX16_TGATTCTGTACGGATG	Tumour	+
GX16_TGATTCTTCTCGGTCT	Tumour	+
GX16_TGATTTCCAGTCCGTG	Tumour	+
GX16_TGATTTCGTCTCAGAT	Tumour	+
GX16_TGATTTCTCAACACCA	Tumour	+
GX16_TGCACGGCAATTTCGG	Tumour	+
GX16_TGCACGGGTGCTGTCG	Tumour	+
GX16_TGCACGGTCCCGAACG	Tumour	+
GX16_TGCAGATCAGGTGACA	Tumour	+
GX16_TGCAGATCAGTCTACA	Tumour	+
GX16_TGCAGATGTCGAGCAA	Tumour	+
GX16_TGCAGATGTTAGAAAC	Tumour	+
GX16_TGCAGATTCAATGTCG	Tumour	+
GX16_TGCAGGCAGACCAGAC	Tumour	+
GX16_TGCAGGCCACAGCGCT	Tumour	+
GX16_TGCAGGCCAGAAATCA	Tumour	+
GX16_TGCAGTAAGATGCAGC	Tumour	+
GX16_TGCAGTAAGCTATCTG	Tumour	+
GX16_TGCAGTAGTCAGCGTC	Tumour	+
GX16_TGCATCCCACAAGTGG	Tumour	+
GX16_TGCATCCCACCTGCTT	Tumour	+
GX16_TGCATCCTCGCCTTGT	Tumour	+
GX16_TGCATGAAGGGATCTG	Tumour	+
GX16_TGCATGAGTGAGAACC	Tumour	+
GX16_TGCATGATCGTAGTCA	Tumour	+
GX16_TGCCGAGAGCCGGAAT	Tumour	+
GX16_TGCCGAGAGTCTAACC	Tumour	+
GX16_TGCCGAGGTATTCCTT	Tumour	+
GX16_TGCCGAGTCTTCCCGA	Tumour	+
GX16_TGCGACGAGATCGACG	Tumour	+
GX16_TGCGACGAGCCTAACT	Tumour	+
GX16_TGCGACGAGGGCGAGA	Tumour	+
GX16_TGCGACGGTATTAAGG	Tumour	+
GX16_TGCGACGTCCACGGGT	Tumour	+
GX16_TGCGATATCACCTGTC	Tumour	+
GX16_TGCGGCAAGTAACCGG	Tumour	+
GX16_TGCGGCACAATTCGTG	Tumour	+
GX16_TGCGGCACACAAGCCC	Tumour	+
GX16_TGCGGCACACACCAGC	Tumour	+
GX16_TGCGGCACACATATCG	Tumour	+
GX16_TGCGGCACACTCCGGA	Tumour	+
GX16_TGCGGCAGTAAGATTG	Tumour	+
GX16_TGCGGCAGTATCCCAA	Tumour	+
GX16_TGCGGCAGTATGCTTG	Tumour	+
GX16_TGCGGCAGTCTTTCTA	Tumour	+
GX16_TGCGGCATCGAGTCTA	Tumour	+
GX16_TGCGGGTGTCCTACAA	Tumour	+
GX16_TGCGGGTTCGACGAGA	Tumour	+
GX16_TGCGGGTTCGTCCATC	Tumour	+
GX16_TGCTCCAGTGCCCGTA	Tumour	+
GX16_TGCTCCAGTGCCTGCA	Tumour	+
GX16_TGCTCCAGTTAAACAG	Tumour	+
GX16_TGCTCCATCGGAATTC	Tumour	+
GX16_TGCTCGTCATAGGTTC	Tumour	+
GX16_TGCTGAACAATTTCTC	Tumour	+
GX16_TGCTGAAGTATTTCGG	Tumour	+
GX16_TGCTGAAGTCCAATCA	Tumour	+
GX16_TGCTGAATCCTGTAGA	Tumour	+
GX16_TGCTTCGCACCGTACG	Tumour	+
GX16_TGCTTCGGTAATTAGG	Tumour	+
GX16_TGCTTCGGTTAGAGTA	Tumour	+
GX16_TGCTTGCGTGTGCCTG	Tumour	+
GX16_TGCTTGCGTTTAAGGA	Tumour	+
GX16_TGGAACTAGTTTGCTG	Tumour	+
GX16_TGGAACTCACCATTCC	Tumour	+
GX16_TGGAACTCAGAGGACT	Tumour	+
GX16_TGGAACTCAGGCTCTG	Tumour	+
GX16_TGGAACTGTATCTCGA	Tumour	+
GX16_TGGAACTGTGGCTACC	Tumour	+
GX16_TGGAACTTCTCCAAGA	Tumour	+
GX16_TGGAGAGAGACTCGAG	Tumour	+
GX16_TGGAGAGCAGCGTGCT	Tumour	+
GX16_TGGAGAGGTTCTCTAT	Tumour	+
GX16_TGGAGGAAGACATCAA	Tumour	+
GX16_TGGAGGAAGCACTAGG	Tumour	+
GX16_TGGAGGAAGGCACTAG	Tumour	+
GX16_TGGAGGAAGGTTGGAC	Tumour	+
GX16_TGGAGGACACACCTAA	Tumour	+
GX16_TGGAGGAGTAACCAGG	Tumour	+
GX16_TGGAGGAGTGATTGGG	Tumour	+
GX16_TGGATCAAGCATGATA	Tumour	+
GX16_TGGATCAAGGTGCTAG	Tumour	+
GX16_TGGATCACAAGCGCAA	Tumour	+
GX16_TGGATCACATGTAACC	Tumour	+
GX16_TGGATCAGTAGACAGC	Tumour	+
GX16_TGGATCATCCTAGCGG	Tumour	+
GX16_TGGATGTAGCAGTAAT	Tumour	+
GX16_TGGATGTAGTGGTGGT	Tumour	+
GX16_TGGATGTGTGGCCTCA	Tumour	+
GX16_TGGATGTTCGCGAAGA	Tumour	+
GX16_TGGCGTGCATCCGGTG	Tumour	+
GX16_TGGCGTGGTCCACATA	Tumour	+
GX16_TGGCGTGTCGACCAAT	Tumour	+
GX16_TGGGAAGCACAAATGA	Tumour	+
GX16_TGGGAAGCACTAGGCC	Tumour	+
GX16_TGGGAAGTCTACCTTA	Tumour	+
GX16_TGGGAGAAGACCAACG	Tumour	+
GX16_TGGGATTCATAACTCG	Tumour	+
GX16_TGGGATTGTAAGTCAA	Tumour	+
GX16_TGGGATTGTACTCCGG	Tumour	+
GX16_TGGGCGTGTCTTGAGT	Tumour	+
GX16_TGGGCTGAGGTGCTTT	Tumour	+
GX16_TGGGCTGGTACGACAG	Tumour	+
GX16_TGGGTTAAGAGAGTTT	Tumour	+
GX16_TGGGTTAGTTCGAAGG	Tumour	+
GX16_TGGTACACATAGAATG	Tumour	+
GX16_TGGTACACATGGAACG	Tumour	+
GX16_TGGTACATCCTACCAC	Tumour	+
GX16_TGGTAGTCAAATTGGA	Tumour	+
GX16_TGGTAGTCATGGAATA	Tumour	+
GX16_TGGTAGTTCACTTCTA	Tumour	+
GX16_TGGTGATAGACGAAGA	Tumour	+
GX16_TGGTGATGTATTGAGA	Tumour	+
GX16_TGGTGATGTGTCTAAC	Tumour	+
GX16_TGGTTAGAGACCCTTA	Tumour	+
GX16_TGGTTAGTCGTGGCGT	Tumour	+
GX16_TGTAACGCAACCGCTG	Tumour	+
GX16_TGTAACGCACCTCGTT	Tumour	+
GX16_TGTAACGCAGATCACT	Tumour	+
GX16_TGTAACGTCCATTTAC	Tumour	+
GX16_TGTAAGCAGGAGAATG	Tumour	+
GX16_TGTAAGCGTCCACTTC	Tumour	+
GX16_TGTAAGCTCAACTACG	Tumour	+
GX16_TGTACAGAGGCAGGGA	Tumour	+
GX16_TGTACAGAGGCGAACT	Tumour	+
GX16_TGTACAGCAAGGTCTT	Tumour	+
GX16_TGTACAGTCAAGCTGT	Tumour	+
GX16_TGTACAGTCCTATTGT	Tumour	+
GX16_TGTAGACAGTCACTAC	Tumour	+
GX16_TGTAGACTCGAGTGAG	Tumour	+
GX16_TGTCAGAAGTAGGGTC	Tumour	+
GX16_TGTCAGACAATTCGTG	Tumour	+
GX16_TGTCAGACAGGTGACA	Tumour	+
GX16_TGTCCACAGATGTAGT	Tumour	+
GX16_TGTCCACCACGACTAT	Tumour	+
GX16_TGTCCACTCAGCGCGT	Tumour	+
GX16_TGTCCACTCTCATGCC	Tumour	+
GX16_TGTCCCAAGCGCCTCA	Tumour	+
GX16_TGTCCCACAATAGTCC	Tumour	+
GX16_TGTCCCACATGCAGCC	Tumour	+
GX16_TGTCCCAGTTACTCAG	Tumour	+
GX16_TGTCCCATCGACATCA	Tumour	+
GX16_TGTCCTGAGGAGGCAG	Tumour	+
GX16_TGTCCTGCAGACTCTA	Tumour	+
GX16_TGTCCTGCATGCCGGT	Tumour	+
GX16_TGTCCTGTCGACATCA	Tumour	+
GX16_TGTCCTGTCGGCTGAC	Tumour	+
GX16_TGTCCTGTCGTTCGCT	Tumour	+
GX16_TGTGAGTAGCCTAACT	Tumour	+
GX16_TGTGAGTCACAACGAG	Tumour	+
GX16_TGTGATGAGAACAGGA	Tumour	+
GX16_TGTGATGTCACCTGGG	Tumour	+
GX16_TGTGCGGAGGCTATCT	Tumour	+
GX16_TGTGCGGCAAAGCTCT	Tumour	+
GX16_TGTGCGGGTGCGAGTA	Tumour	+
GX16_TGTGGCGAGAGATGCC	Tumour	+
GX16_TGTGGCGAGAGCACTG	Tumour	+
GX16_TGTGGCGCAATGAGCG	Tumour	+
GX16_TGTGGCGCACAGTACT	Tumour	+
GX16_TGTGGCGGTCGGTGAA	Tumour	+
GX16_TGTGGCGTCGGAACTT	Tumour	+
GX16_TGTGTGAAGCTAAGTA	Tumour	+
GX16_TGTGTGAGTCTTGAAC	Tumour	+
GX16_TGTGTGATCGCAGTCG	Tumour	+
GX16_TGTTACTAGCAACAAT	Tumour	+
GX16_TGTTACTCAGGTGTGA	Tumour	+
GX16_TGTTACTTCCATAAGC	Tumour	+
GX16_TGTTCATAGCAACTCT	Tumour	+
GX16_TGTTCATGTGATTGGG	Tumour	+
GX16_TGTTCCGCACCAGCGT	Tumour	+
GX16_TGTTCCGGTCGATGCC	Tumour	+
GX16_TGTTCCGGTTCAATCG	Tumour	+
GX16_TGTTCTAAGTCTTCGA	Tumour	+
GX16_TGTTCTAAGTCTTGGT	Tumour	+
GX16_TGTTCTATCATTGCCC	Tumour	+
GX16_TGTTCTATCCGATAAC	Tumour	+
GX16_TGTTGAGAGAGCTGCA	Tumour	+
GX16_TGTTGAGAGAGGGTGG	Tumour	+
GX16_TGTTGAGAGCCGATAG	Tumour	+
GX16_TGTTGAGCAACCAGAG	Tumour	+
GX16_TGTTGAGTCCTTATCA	Tumour	+
GX16_TGTTGAGTCGGAATTC	Tumour	+
GX16_TGTTGGAAGGTAGGCT	Tumour	+
GX16_TGTTGGACAACTTCTT	Tumour	+
GX16_TGTTGGAGTTAGCTAC	Tumour	+
GX16_TGTTTGTTCCAGTGTA	Tumour	+
GX16_TTAATCCAGGCCATAG	Tumour	+
GX16_TTAATCCGTCGCAGTC	Tumour	+
GX16_TTAATCCGTCGTCAGC	Tumour	+
GX16_TTAATCCGTTAAAGTG	Tumour	+
GX16_TTAATCCTCCCTTCCC	Tumour	+
GX16_TTACAGGCATGGGAAC	Tumour	+
GX16_TTACCATAGGAGTATT	Tumour	+
GX16_TTACCATCACGTCATA	Tumour	+
GX16_TTACCATGTCATAACC	Tumour	+
GX16_TTACCATGTCATCACA	Tumour	+
GX16_TTACCATGTTAGAAGT	Tumour	+
GX16_TTACCGCCAGAGGGTT	Tumour	+
GX16_TTACGCCGTACAGGTG	Tumour	+
GX16_TTACGCCGTGCCGAAA	Tumour	+
GX16_TTACGCCGTGGGTCAA	Tumour	+
GX16_TTACGCCTCTCTCTAA	Tumour	+
GX16_TTACGTTAGCGAAACC	Tumour	+
GX16_TTACTGTTCATGAAAG	Tumour	+
GX16_TTACTGTTCCGTCAAA	Tumour	+
GX16_TTACTGTTCTGCGATA	Tumour	+
GX16_TTACTGTTCTTGGCTC	Tumour	+
GX16_TTAGGCACACTCAAGT	Tumour	+
GX16_TTAGGCAGTGTTGAGG	Tumour	+
GX16_TTAGGCAGTTCAACGT	Tumour	+
GX16_TTAGGCATCGATTCCC	Tumour	+
GX16_TTAGGCATCTCCTGTG	Tumour	+
GX16_TTAGGGTGTCGCATTA	Tumour	+
GX16_TTAGTCTAGTCCGCCA	Tumour	+
GX16_TTAGTCTGTCTTGCTC	Tumour	+
GX16_TTAGTCTGTGGTCTAT	Tumour	+
GX16_TTATTGCAGGGCTAAC	Tumour	+
GX16_TTATTGCCAATAGAGT	Tumour	+
GX16_TTCAATCCACTCCGGA	Tumour	+
GX16_TTCAATCGTGTCTTCC	Tumour	+
GX16_TTCAATCGTTTACCAG	Tumour	+
GX16_TTCAATCTCGGCACTG	Tumour	+
GX16_TTCAATCTCGGCCAAC	Tumour	+
GX16_TTCACCGGTCTTTCTA	Tumour	+
GX16_TTCACCGTCTCTATAC	Tumour	+
GX16_TTCACGCAGTTTGGCT	Tumour	+
GX16_TTCACGCCAAAGCTCT	Tumour	+
GX16_TTCACGCCACCAATTG	Tumour	+
GX16_TTCACGCTCAAGTGGG	Tumour	+
GX16_TTCAGGATCATCAGTG	Tumour	+
GX16_TTCATGTCAGACTCTA	Tumour	+
GX16_TTCATGTGTAAGTAGT	Tumour	+
GX16_TTCATTGAGATCGACG	Tumour	+
GX16_TTCATTGTCCGTTGGG	Tumour	+
GX16_TTCCAATAGCTCCATA	Tumour	+
GX16_TTCCAATCACACTGGC	Tumour	+
GX16_TTCCAATGTCTGTAAC	Tumour	+
GX16_TTCCAATTCACGGAGA	Tumour	+
GX16_TTCCACGAGCTTTGTG	Tumour	+
GX16_TTCCACGTCTGATTCT	Tumour	+
GX16_TTCCGGTAGGTTCTAC	Tumour	+
GX16_TTCCGGTAGTGGACGT	Tumour	+
GX16_TTCCGGTGTAGATTGA	Tumour	+
GX16_TTCCGTGAGGTCGAGT	Tumour	+
GX16_TTCCGTGAGTATGAAC	Tumour	+
GX16_TTCCGTGCACTGCACG	Tumour	+
GX16_TTCCGTGCATAGATGA	Tumour	+
GX16_TTCCGTGTCTCGTGGG	Tumour	+
GX16_TTCCTAACAAAGCTAA	Tumour	+
GX16_TTCCTAACACTTGGCG	Tumour	+
GX16_TTCCTAATCCCTGTTG	Tumour	+
GX16_TTCCTAATCTGCTCTG	Tumour	+
GX16_TTCCTCTAGGCCTGAA	Tumour	+
GX16_TTCCTCTCAATAAGGT	Tumour	+
GX16_TTCCTCTCATTGGCAT	Tumour	+
GX16_TTCCTCTTCAATGTCG	Tumour	+
GX16_TTCCTCTTCCATTCGC	Tumour	+
GX16_TTCCTCTTCGTTGCCT	Tumour	+
GX16_TTCCTTCAGGCTATCT	Tumour	+
GX16_TTCCTTCCAGCAGACA	Tumour	+
GX16_TTCCTTCGTCCAAATC	Tumour	+
GX16_TTCCTTCGTGGCCCAT	Tumour	+
GX16_TTCCTTCTCGCAGATT	Tumour	+
GX16_TTCGATTAGTTGCTCA	Tumour	+
GX16_TTCGATTGTTCGAAGG	Tumour	+
GX16_TTCGATTTCGACATCA	Tumour	+
GX16_TTCGATTTCGAGAAAT	Tumour	+
GX16_TTCGCTGGTACGAAAT	Tumour	+
GX16_TTCGCTGGTACTGTTG	Tumour	+
GX16_TTCGCTGGTGATAGAT	Tumour	+
GX16_TTCGCTGTCCAGTACA	Tumour	+
GX16_TTCGCTGTCCATAGAC	Tumour	+
GX16_TTCGCTGTCCGCTAGG	Tumour	+
GX16_TTCGGTCAGAGCTGAC	Tumour	+
GX16_TTCGGTCAGTGACACG	Tumour	+
GX16_TTCGGTCTCGATTTCT	Tumour	+
GX16_TTCTAACAGACTCTAC	Tumour	+
GX16_TTCTAACAGTCTAGAA	Tumour	+
GX16_TTCTAACCAAGCCCAC	Tumour	+
GX16_TTCTAACCACGATAGG	Tumour	+
GX16_TTCTAACCAGGCCCTA	Tumour	+
GX16_TTCTAACTCCACTTCG	Tumour	+
GX16_TTCTAACTCCTGATAG	Tumour	+
GX16_TTCTAACTCGAGTACT	Tumour	+
GX16_TTCTAGTAGAGAAGGT	Tumour	+
GX16_TTCTAGTGTGCGTTTA	Tumour	+
GX16_TTCTAGTTCTCTGACC	Tumour	+
GX16_TTCTCTCGTCTACAAC	Tumour	+
GX16_TTCTCTCGTGTCTTAG	Tumour	+
GX16_TTCTCTCGTTACGCCG	Tumour	+
GX16_TTCTCTCTCGTAACTG	Tumour	+
GX16_TTCTCTCTCTGCGGAC	Tumour	+
GX16_TTCTGTATCAAGCCCG	Tumour	+
GX16_TTCTTCCAGTGATCGG	Tumour	+
GX16_TTCTTCCTCTGGTGCG	Tumour	+
GX16_TTGAACGAGATGCAGC	Tumour	+
GX16_TTGAACGCAGGCCCTA	Tumour	+
GX16_TTGAACGTCACTGTCC	Tumour	+
GX16_TTGACCCCAACCAGAG	Tumour	+
GX16_TTGACCCGTAGCTTTG	Tumour	+
GX16_TTGACCCTCGAACCAT	Tumour	+
GX16_TTGATGGAGAGGTATT	Tumour	+
GX16_TTGATGGAGTCCCAAT	Tumour	+
GX16_TTGATGGTCTTACTGT	Tumour	+
GX16_TTGCATTCATCGAAGG	Tumour	+
GX16_TTGCATTGTCCGAAGA	Tumour	+
GX16_TTGCATTTCTTACGTT	Tumour	+
GX16_TTGCCTGAGAACTGAT	Tumour	+
GX16_TTGCCTGAGCGCTGCT	Tumour	+
GX16_TTGCCTGCACATAACC	Tumour	+
GX16_TTGCCTGGTATTGCCA	Tumour	+
GX16_TTGCGTCCAAACGTGG	Tumour	+
GX16_TTGCGTCTCACCGGTG	Tumour	+
GX16_TTGCTGCAGGCCTAAG	Tumour	+
GX16_TTGCTGCCACCACATA	Tumour	+
GX16_TTGCTGCCAGCAGGAT	Tumour	+
GX16_TTGCTGCCATGCTGCG	Tumour	+
GX16_TTGCTGCGTGATTCTG	Tumour	+
GX16_TTGCTGCTCGTTAGAC	Tumour	+
GX16_TTGGATGCAGTTAAAG	Tumour	+
GX16_TTGGATGGTAGCGTAG	Tumour	+
GX16_TTGGATGGTTCGGACC	Tumour	+
GX16_TTGGGATAGAAACCAT	Tumour	+
GX16_TTGGGATGTACTGAGG	Tumour	+
GX16_TTGGGATGTTCGGCCA	Tumour	+
GX16_TTGGGATTCCAACTGA	Tumour	+
GX16_TTGGGATTCGGAGCAA	Tumour	+
GX16_TTGGGATTCTATTTCG	Tumour	+
GX16_TTGGGATTCTTCGTAT	Tumour	+
GX16_TTGGGCGAGGTAAAGG	Tumour	+
GX16_TTGGGCGTCATCCTAT	Tumour	+
GX16_TTGGGCGTCGCTAGCG	Tumour	+
GX16_TTGGGTACAGCTGAAG	Tumour	+
GX16_TTGGGTAGTATAGGGC	Tumour	+
GX16_TTGGGTAGTTGGGCCT	Tumour	+
GX16_TTGGTTTCAGATACTC	Tumour	+
GX16_TTGGTTTTCGACGACC	Tumour	+
GX16_TTGTGGACATGACGGA	Tumour	+
GX16_TTGTGGAGTCGGTGAA	Tumour	+
GX16_TTGTGTTAGGACTTCT	Tumour	+
GX16_TTGTGTTCATCGGCCA	Tumour	+
GX16_TTGTGTTTCTTGCAAG	Tumour	+
GX16_TTGTTCAGTACCATAC	Tumour	+
GX16_TTGTTCATCACACCCT	Tumour	+
GX16_TTGTTGTCAAACGGCA	Tumour	+
GX16_TTGTTGTCACGCGCAT	Tumour	+
GX16_TTGTTGTCAGTGCCTG	Tumour	+
GX16_TTGTTGTCATCGTGGC	Tumour	+
GX16_TTGTTGTGTACAAACA	Tumour	+
GX16_TTGTTGTGTTGCCTAA	Tumour	+
GX16_TTGTTTGAGACAGCTG	Tumour	+
GX16_TTGTTTGCACTCCGGA	Tumour	+
GX16_TTGTTTGCAGGGTCTC	Tumour	+
GX16_TTGTTTGCATTGCTGA	Tumour	+
GX16_TTTACCAAGCAACAAT	Tumour	+
GX16_TTTACCATCCTGATAG	Tumour	+
GX16_TTTACGTAGGATGCGT	Tumour	+
GX16_TTTACGTCACTGAATC	Tumour	+
GX16_TTTACGTTCCGACAGC	Tumour	+
GX16_TTTACTGCACATCCCT	Tumour	+
GX16_TTTACTGGTGGACTGA	Tumour	+
GX16_TTTAGTCAGAATTGTG	Tumour	+
GX16_TTTAGTCAGGGAGGAC	Tumour	+
GX16_TTTAGTCGTGTTCGTA	Tumour	+
GX16_TTTATGCCAACACTAC	Tumour	+
GX16_TTTATGCGTAGTGGCA	Tumour	+
GX16_TTTATGCTCTGTAAGC	Tumour	+
GX16_TTTCACACAAGCGAAC	Tumour	+
GX16_TTTCACACAGAACGCA	Tumour	+
GX16_TTTCACACAGATCATC	Tumour	+
GX16_TTTCACACAGGTCTCG	Tumour	+
GX16_TTTCACACATCGATGT	Tumour	+
GX16_TTTCACATCGCATTAG	Tumour	+
GX16_TTTCAGTAGTACTCGT	Tumour	+
GX16_TTTCAGTTCCATATGG	Tumour	+
GX16_TTTCATGCACAGTCCG	Tumour	+
GX16_TTTCATGTCGAGTCCG	Tumour	+
GX16_TTTCCTCAGCTTCATG	Tumour	+
GX16_TTTCCTCGTTGGACCC	Tumour	+
GX16_TTTCCTCTCAAGGCTT	Tumour	+
GX16_TTTCCTCTCCTACGAA	Tumour	+
GX16_TTTCGATCAAATCAAG	Tumour	+
GX16_TTTCGATGTCCAGCAC	Tumour	+
GX16_TTTCGATGTTGCGGAA	Tumour	+
GX16_TTTCGATTCGCCAGTG	Tumour	+
GX16_TTTCGATTCGGTTGTA	Tumour	+
GX16_TTTGACTAGATAACAC	Tumour	+
GX16_TTTGACTCACGTACAT	Tumour	+
GX16_TTTGACTCAGACTGCC	Tumour	+
GX16_TTTGACTTCTAGGCAT	Tumour	+
GX16_TTTGATCAGCCGAATG	Tumour	+
GX16_TTTGATCCAGAGTCAG	Tumour	+
GX16_TTTGGAGCAGTAGATA	Tumour	+
GX16_TTTGGAGGTACGGATG	Tumour	+
GX16_TTTGGAGGTCAACCAT	Tumour	+
GX16_TTTGGAGGTCCATAGT	Tumour	+
GX16_TTTGGAGTCTTTCTAG	Tumour	+
GX16_TTTGGTTAGTAGGTTA	Tumour	+
GX16_TTTGGTTCACTGTTCC	Tumour	+
GX16_TTTGTTGAGGATAATC	Tumour	+
GX16_TTTGTTGAGGGAGTTC	Tumour	+
GX20_AAACCCACAAACACGG	Normal	+
GX20_AAACCCATCAAATGCC	Normal	+
GX20_AAACGAACATTATGCG	Normal	+
GX20_AAACGAACATTCCTAT	Normal	+
GX20_AAACGAAGTAGTTACC	Normal	+
GX20_AAACGAAGTGCCTGCA	Normal	+
GX20_AAACGAATCATCGACA	Normal	+
GX20_AAACGCTCACAAGCTT	Normal	+
GX20_AAACGCTGTAACACCT	Normal	+
GX20_AAACGCTGTGGACTAG	Normal	+
GX20_AAACGCTTCGAGAACG	Normal	+
GX20_AAAGAACAGAGTCTTC	Normal	+
GX20_AAAGAACGTTCGCGTG	Normal	+
GX20_AAAGGATAGTCCTACA	Normal	+
GX20_AAAGGATCACTAGAGG	Normal	+
GX20_AAAGGATGTTAAACAG	Normal	+
GX20_AAAGGGCAGAGGTGCT	Normal	+
GX20_AAAGGGCAGAGGTTTA	Normal	+
GX20_AAAGGGCAGCTTCGTA	Normal	+
GX20_AAAGGGCGTAATGCTC	Normal	+
GX20_AAAGGGCTCCAAACCA	Normal	+
GX20_AAAGGTATCGCCTAGG	Normal	+
GX20_AAAGTCCAGCGTCAAG	Normal	+
GX20_AAAGTCCAGGATGAGA	Normal	+
GX20_AAAGTCCAGGTTCAGG	Normal	+
GX20_AAAGTCCTCACGAACT	Normal	+
GX20_AAAGTGAAGGAGAATG	Normal	+
GX20_AAAGTGACAGAAGTGC	Normal	+
GX20_AAAGTGAGTCTACATG	Normal	+
GX20_AAATGGAGTCTACAAC	Normal	+
GX20_AAATGGAGTTACGGAG	Normal	+
GX20_AAATGGATCCGTTGGG	Normal	+
GX20_AACAAAGGTAAGGTCG	Normal	+
GX20_AACAAAGGTCCTTGTC	Normal	+
GX20_AACAACCGTCCTCAGG	Normal	+
GX20_AACAACCTCATGTCAG	Normal	+
GX20_AACAACCTCCCGTTCA	Normal	+
GX20_AACAACCTCGTGCATA	Normal	+
GX20_AACAAGAAGTCTGGTT	Normal	+
GX20_AACAAGACAATTTCCT	Normal	+
GX20_AACAAGATCCTGTTGC	Normal	+
GX20_AACAAGATCTAACGCA	Normal	+
GX20_AACACACCAGTTAAAG	Normal	+
GX20_AACACACGTCTTCATT	Normal	+
GX20_AACAGGGTCACAGTGT	Normal	+
GX20_AACCAACAGGCAGGTT	Normal	+
GX20_AACCAACCAGTTTCGA	Normal	+
GX20_AACCAACTCTAGTGAC	Normal	+
GX20_AACCACAAGCAGATAT	Normal	+
GX20_AACCACACAAGCTACT	Normal	+
GX20_AACCACACAGACGGAT	Normal	+
GX20_AACCATGAGCTCGACC	Normal	+
GX20_AACCATGAGGTAATCA	Normal	+
GX20_AACCATGGTCCTGGGT	Normal	+
GX20_AACCATGGTTGTGTTG	Normal	+
GX20_AACCCAAGTCACAATC	Normal	+
GX20_AACCCAATCCACCCTA	Normal	+
GX20_AACCCAATCCGCGATG	Normal	+
GX20_AACCTGACACTGAATC	Normal	+
GX20_AACCTGACATGGCGCT	Normal	+
GX20_AACCTGAGTATCGGTT	Normal	+
GX20_AACCTGAGTTTCACAG	Normal	+
GX20_AACCTGATCCATTTCA	Normal	+
GX20_AACCTTTAGCTGTGCC	Normal	+
GX20_AACCTTTAGTTGCCCG	Normal	+
GX20_AACGAAACACAAATAG	Normal	+
GX20_AACGAAACACTCAAGT	Normal	+
GX20_AACGAAAGTATCTTCT	Normal	+
GX20_AACGGGAAGATTGTGA	Normal	+
GX20_AACGGGAAGGAAGTCC	Normal	+
GX20_AACGGGACACGCCACA	Normal	+
GX20_AACGGGACACTTGGCG	Normal	+
GX20_AACGGGAGTGGGTTGA	Normal	+
GX20_AACGGGAGTTCCGCAG	Normal	+
GX20_AACGGGATCCGGTTCT	Normal	+
GX20_AACTTCTCACAGCGCT	Normal	+
GX20_AACTTCTTCTTCCTAA	Normal	+
GX20_AAGACAAAGAACAGGA	Normal	+
GX20_AAGACAAGTCGAAGCA	Normal	+
GX20_AAGACAAGTGGCTACC	Normal	+
GX20_AAGACTCAGATCGCCC	Normal	+
GX20_AAGACTCAGCGCTTCG	Normal	+
GX20_AAGACTCGTCGATTAC	Normal	+
GX20_AAGACTCGTTCTCCTG	Normal	+
GX20_AAGATAGAGTTTCTTC	Normal	+
GX20_AAGATAGTCCGTCCTA	Normal	+
GX20_AAGCATCCAGTACTAC	Normal	+
GX20_AAGCATCGTAGCTAAA	Normal	+
GX20_AAGCATCGTTCTTAGG	Normal	+
GX20_AAGCATCTCAGTGGGA	Normal	+
GX20_AAGCCATCATTGTCGA	Normal	+
GX20_AAGCGAGGTGGTAATA	Normal	+
GX20_AAGCGTTGTACCGTGC	Normal	+
GX20_AAGGAATCAAACTCTG	Normal	+
GX20_AAGGAATCAGCGGTTC	Normal	+
GX20_AAGGAATCAGTATTCG	Normal	+
GX20_AAGTCGTCAGGATCTT	Normal	+
GX20_AAGTCGTCATTGCTTT	Normal	+
GX20_AAGTGAACATACCATG	Normal	+
GX20_AAGTGAAGTTCTTAGG	Normal	+
GX20_AAGTGAATCACCATAG	Normal	+
GX20_AAGTTCGAGTGCAGGT	Normal	+
GX20_AAGTTCGAGTGGTGAC	Normal	+
GX20_AAGTTCGCATAATGAG	Normal	+
GX20_AATAGAGCACTACTTT	Normal	+
GX20_AATAGAGCATATAGCC	Normal	+
GX20_AATCACGGTGTAACGG	Normal	+
GX20_AATCGACAGGGCAATC	Normal	+
GX20_AATCGACCACGACGAA	Normal	+
GX20_AATCGACTCAGCGGAA	Normal	+
GX20_AATCGTGAGGACCCAA	Normal	+
GX20_AATCGTGAGTTTGAGA	Normal	+
GX20_AATCGTGGTCACGACC	Normal	+
GX20_AATCGTGGTCTTCATT	Normal	+
GX20_AATCGTGGTTCGGTAT	Normal	+
GX20_AATCGTGTCACGACTA	Normal	+
GX20_AATGAAGAGGAGACCT	Normal	+
GX20_AATGAAGTCGTCTCAC	Normal	+
GX20_AATGACCGTCTCAGGC	Normal	+
GX20_AATGCCAAGTCCCAAT	Normal	+
GX20_AATGCCATCAAAGCCT	Normal	+
GX20_AATGCCATCACCCTTG	Normal	+
GX20_AATGGAACAAGGCGTA	Normal	+
GX20_AATGGAACAGCCTATA	Normal	+
GX20_AATGGAAGTGGAGGTT	Normal	+
GX20_AATGGAAGTGTTGAGG	Normal	+
GX20_AATGGCTAGAAATTGC	Normal	+
GX20_AATGGCTAGATACGAT	Normal	+
GX20_AATTCCTAGCTGTGCC	Normal	+
GX20_AATTCCTTCACCGGTG	Normal	+
GX20_AATTTCCAGCACAAAT	Normal	+
GX20_AATTTCCCATGTTCGA	Normal	+
GX20_AATTTCCGTAGACTGG	Normal	+
GX20_AATTTCCGTCTCTCCA	Normal	+
GX20_AATTTCCGTTGCATCA	Normal	+
GX20_ACAAAGACAGATAAAC	Normal	+
GX20_ACAAAGACATGCCATA	Normal	+
GX20_ACAAAGAGTTCTAAGC	Normal	+
GX20_ACAAAGATCATTTCCA	Normal	+
GX20_ACAAAGATCTGAGTCA	Normal	+
GX20_ACAACCAAGACCTGGA	Normal	+
GX20_ACAACCAAGTCACGCC	Normal	+
GX20_ACAACCATCATGTCAG	Normal	+
GX20_ACAAGCTGTGATTAGA	Normal	+
GX20_ACAAGCTTCCATTCAT	Normal	+
GX20_ACAAGCTTCTTAGCTT	Normal	+
GX20_ACACAGTAGGTGGCTA	Normal	+
GX20_ACACAGTCACCCTAGG	Normal	+
GX20_ACACAGTCACTGTTCC	Normal	+
GX20_ACACAGTCAGCGTATT	Normal	+
GX20_ACACAGTGTAGCTGTT	Normal	+
GX20_ACACAGTTCTTTGATC	Normal	+
GX20_ACACCAAAGGTATCTC	Normal	+
GX20_ACACCAAGTAGGTAGC	Normal	+
GX20_ACACGCGGTCACCACG	Normal	+
GX20_ACACGCGTCCGAGAAG	Normal	+
GX20_ACACTGACATACATCG	Normal	+
GX20_ACAGAAACACTGGCCA	Normal	+
GX20_ACAGCCGAGTTTGCTG	Normal	+
GX20_ACAGCCGCACGACGCT	Normal	+
GX20_ACAGCCGGTGACTCGC	Normal	+
GX20_ACAGCCGGTGGAACCA	Normal	+
GX20_ACAGGGACACCCATAA	Normal	+
GX20_ACAGGGATCAGACATC	Normal	+
GX20_ACAGGGATCGCTAAAC	Normal	+
GX20_ACATCGACAGCGTAGA	Normal	+
GX20_ACATCGAGTCATTGCA	Normal	+
GX20_ACATCGATCGGTCTAA	Normal	+
GX20_ACATGCACACACACTA	Normal	+
GX20_ACATGCATCTCTCTAA	Normal	+
GX20_ACATGCATCTGCTGAA	Normal	+
GX20_ACATTTCAGCTAATGA	Normal	+
GX20_ACATTTCAGTTACGGG	Normal	+
GX20_ACATTTCCAAGTAGTA	Normal	+
GX20_ACATTTCCACGGTGAA	Normal	+
GX20_ACATTTCGTTCACCGG	Normal	+
GX20_ACCAAACAGAGCAGCT	Normal	+
GX20_ACCAAACCAGTCCCGA	Normal	+
GX20_ACCAAACCATCTGCGG	Normal	+
GX20_ACCAAACGTATGGAGC	Normal	+
GX20_ACCAAACGTCCAGGTC	Normal	+
GX20_ACCACAAAGGGACACT	Normal	+
GX20_ACCACAAAGTAACAGT	Normal	+
GX20_ACCACAACAACTCCAA	Normal	+
GX20_ACCACAACATCCGAAT	Normal	+
GX20_ACCACAATCGAACTCA	Normal	+
GX20_ACCACAATCGTGAGAG	Normal	+
GX20_ACCATTTAGGTCGAGT	Normal	+
GX20_ACCATTTCAGCATCTA	Normal	+
GX20_ACCATTTTCGAGATAA	Normal	+
GX20_ACCCAAACACTTCCTG	Normal	+
GX20_ACCCAAATCCCTGGTT	Normal	+
GX20_ACCCTCAAGTTCATCG	Normal	+
GX20_ACCCTCACACGTAGAG	Normal	+
GX20_ACCCTCAGTCCACGCA	Normal	+
GX20_ACCCTCATCGTGCATA	Normal	+
GX20_ACCCTTGAGATGTAGT	Normal	+
GX20_ACCCTTGTCCTGTAAG	Normal	+
GX20_ACCGTTCAGTCTCGTA	Normal	+
GX20_ACCGTTCCAGGCATTT	Normal	+
GX20_ACCGTTCGTACGACAG	Normal	+
GX20_ACCTACCAGATGACCG	Normal	+
GX20_ACCTGAAAGGGATCGT	Normal	+
GX20_ACCTGAAGTGAGACGT	Normal	+
GX20_ACCTGAATCAACGTGT	Normal	+
GX20_ACCTGAATCACAAGAA	Normal	+
GX20_ACCTGAATCCATACAG	Normal	+
GX20_ACCTGAATCTCGTCAC	Normal	+
GX20_ACCTGTCCAGCATTGT	Normal	+
GX20_ACGATCACACACGGAA	Normal	+
GX20_ACGATCAGTTATGTGC	Normal	+
GX20_ACGATCAGTTTACGTG	Normal	+
GX20_ACGATCATCACTTATC	Normal	+
GX20_ACGATGTCAGAGATTA	Normal	+
GX20_ACGATGTCATCAGCTA	Normal	+
GX20_ACGATGTCATGACTTG	Normal	+
GX20_ACGATGTGTAACATGA	Normal	+
GX20_ACGCACGGTAGATCGG	Normal	+
GX20_ACGGAAGGTATCAGCT	Normal	+
GX20_ACGGGTCTCATTCATC	Normal	+
GX20_ACGGTCGCAACTCATG	Normal	+
GX20_ACGGTCGTCACGAGGA	Normal	+
GX20_ACGGTCGTCGGCTCTT	Normal	+
GX20_ACGGTTACACACGGTC	Normal	+
GX20_ACGGTTATCGTGAGAG	Normal	+
GX20_ACGGTTATCTACGCGG	Normal	+
GX20_ACGGTTATCTCATGGA	Normal	+
GX20_ACGGTTATCTTGCAAG	Normal	+
GX20_ACGTAACCACCATAAC	Normal	+
GX20_ACGTACAAGATAGCTA	Normal	+
GX20_ACGTACAAGGCACGAT	Normal	+
GX20_ACGTACAAGGTACTGG	Normal	+
GX20_ACGTACAGTCTCGACG	Normal	+
GX20_ACGTACATCAATGCAC	Normal	+
GX20_ACGTACATCATCGGGC	Normal	+
GX20_ACGTACATCCCGAGGT	Normal	+
GX20_ACGTCCTAGATCGCCC	Normal	+
GX20_ACGTCCTCAGCATCTA	Normal	+
GX20_ACGTTCCAGTCCCAAT	Normal	+
GX20_ACGTTCCGTCGCTGCA	Normal	+
GX20_ACGTTCCTCCGCTTAC	Normal	+
GX20_ACTACGAAGAAACACT	Normal	+
GX20_ACTACGACATGTGACT	Normal	+
GX20_ACTACGAGTTGCACGC	Normal	+
GX20_ACTATCTCAAGAATGT	Normal	+
GX20_ACTATCTCACCGGTCA	Normal	+
GX20_ACTATCTCAGCCCACA	Normal	+
GX20_ACTATCTCATCAGCAT	Normal	+
GX20_ACTATCTGTCAACCTA	Normal	+
GX20_ACTATCTTCACTAGCA	Normal	+
GX20_ACTATCTTCAGTGTCA	Normal	+
GX20_ACTATCTTCGAACGGA	Normal	+
GX20_ACTATGGAGCCTAGGA	Normal	+
GX20_ACTATGGCATCGATGT	Normal	+
GX20_ACTATTCCACCTGTCT	Normal	+
GX20_ACTATTCGTACTCCGG	Normal	+
GX20_ACTATTCTCACTGATG	Normal	+
GX20_ACTATTCTCCTGTACC	Normal	+
GX20_ACTATTCTCTAGTGTG	Normal	+
GX20_ACTCCCACACCGTGCA	Normal	+
GX20_ACTCCCACATACACCA	Normal	+
GX20_ACTCTCGAGATCGGTG	Normal	+
GX20_ACTCTCGGTGTCCGGT	Normal	+
GX20_ACTGATGAGACATAAC	Normal	+
GX20_ACTGCAAGTACGATCT	Normal	+
GX20_ACTGCAAGTCATAACC	Normal	+
GX20_ACTGTCCCAGGTAGTG	Normal	+
GX20_ACTGTCCTCAGCTTCC	Normal	+
GX20_ACTGTCCTCCAGTACA	Normal	+
GX20_ACTGTGATCCCGAAAT	Normal	+
GX20_ACTTAGGAGATGAACT	Normal	+
GX20_ACTTAGGCAAATTGCC	Normal	+
GX20_ACTTAGGCATTCAGCA	Normal	+
GX20_ACTTAGGGTATCGATC	Normal	+
GX20_ACTTAGGTCACCTCTG	Normal	+
GX20_ACTTATCAGGGAGTGG	Normal	+
GX20_ACTTATCCAGGAATAT	Normal	+
GX20_ACTTATCGTCGTTGCG	Normal	+
GX20_ACTTATCGTTGCTCCT	Normal	+
GX20_ACTTATCTCTAACGCA	Normal	+
GX20_ACTTCCGAGGGCGAGA	Normal	+
GX20_ACTTCCGCACATGACT	Normal	+
GX20_ACTTCCGCAGGAATAT	Normal	+
GX20_ACTTCCGTCCAATCCC	Normal	+
GX20_ACTTCGCAGTCGAAGC	Normal	+
GX20_ACTTCGCGTAGCTAAA	Normal	+
GX20_ACTTTCAGTTGGCTAT	Normal	+
GX20_ACTTTGTAGTAACCGG	Normal	+
GX20_ACTTTGTCACGCTGAC	Normal	+
GX20_ACTTTGTCACTTCAAG	Normal	+
GX20_ACTTTGTGTTATGGTC	Normal	+
GX20_AGAAATGCAATAGTAG	Normal	+
GX20_AGAAATGGTAGAAACT	Normal	+
GX20_AGAAATGGTCTTGAAC	Normal	+
GX20_AGAAATGGTTCGGTCG	Normal	+
GX20_AGAAATGTCCTTCACG	Normal	+
GX20_AGAACAAAGCCGCACT	Normal	+
GX20_AGAACAAAGTACTGTC	Normal	+
GX20_AGAACAACAAGTCGTT	Normal	+
GX20_AGAACAAGTACTGCCG	Normal	+
GX20_AGAACAATCTTTGCGC	Normal	+
GX20_AGAAGCGAGGAACTAT	Normal	+
GX20_AGAAGCGTCCGTATGA	Normal	+
GX20_AGAAGTACAAGCAGGT	Normal	+
GX20_AGAAGTACATATCGGT	Normal	+
GX20_AGACAAAAGATTAGCA	Normal	+
GX20_AGACAAACATTGACAC	Normal	+
GX20_AGACAAAGTGTCGATT	Normal	+
GX20_AGACAGGCAACTTGCA	Normal	+
GX20_AGACAGGCACTGTCCT	Normal	+
GX20_AGACCATAGAAGGTAG	Normal	+
GX20_AGACCATCACGTCTCT	Normal	+
GX20_AGACCATCATCTGGGC	Normal	+
GX20_AGACCATGTGCATCTA	Normal	+
GX20_AGACCATTCACTCTTA	Normal	+
GX20_AGACCATTCTGGTGGC	Normal	+
GX20_AGACCCGTCCTCGATC	Normal	+
GX20_AGACCCGTCGCTGCGA	Normal	+
GX20_AGACTCACAGCTATTG	Normal	+
GX20_AGACTCACAGGTTTAC	Normal	+
GX20_AGACTCAGTAACACGG	Normal	+
GX20_AGACTCATCGACGAGA	Normal	+
GX20_AGACTCATCTGGGCGT	Normal	+
GX20_AGAGAATGTCGCTTGG	Normal	+
GX20_AGAGCAGAGAGCAAGA	Normal	+
GX20_AGAGCAGCAACTGATC	Normal	+
GX20_AGAGCCCCAAGCTCTA	Normal	+
GX20_AGAGCCCCATGCCGGT	Normal	+
GX20_AGAGCCCGTAGTAAGT	Normal	+
GX20_AGAGCCCGTTGGGAAC	Normal	+
GX20_AGAGCCCTCTCTGCTG	Normal	+
GX20_AGATAGAAGGCACTAG	Normal	+
GX20_AGATAGAAGGGACCAT	Normal	+
GX20_AGATAGACAAGGCGTA	Normal	+
GX20_AGATAGACATAGATGA	Normal	+
GX20_AGATAGACATGGGAAC	Normal	+
GX20_AGATAGAGTGTGAGCA	Normal	+
GX20_AGATAGATCTATCGTT	Normal	+
GX20_AGATAGATCTATGTGG	Normal	+
GX20_AGATAGATCTCGGGAC	Normal	+
GX20_AGATAGATCTGGCCGA	Normal	+
GX20_AGATCCAAGATGCTTC	Normal	+
GX20_AGATCCAGTCATCAGT	Normal	+
GX20_AGATCCAGTGAGAGGG	Normal	+
GX20_AGATCGTCAAGCGATG	Normal	+
GX20_AGATCGTCACATAGCT	Normal	+
GX20_AGATCGTGTGACACGA	Normal	+
GX20_AGATCGTTCGGTCGAC	Normal	+
GX20_AGATCGTTCGTAGCCG	Normal	+
GX20_AGATGAATCAGACAAA	Normal	+
GX20_AGATGAATCGCTCCTA	Normal	+
GX20_AGATGCTCAAGTCATC	Normal	+
GX20_AGATGCTCATGACTTG	Normal	+
GX20_AGATGCTGTGTTTGCA	Normal	+
GX20_AGATGCTGTTGTTGAC	Normal	+
GX20_AGATGCTTCCCTCTCC	Normal	+
GX20_AGATGCTTCGGCTTGG	Normal	+
GX20_AGATGCTTCTACTCAT	Normal	+
GX20_AGCATCAAGCTAATCC	Normal	+
GX20_AGCCAATGTCTATGAC	Normal	+
GX20_AGCCACGAGCTAGCCC	Normal	+
GX20_AGCCACGCAGCATACT	Normal	+
GX20_AGCCAGCCAATCGCAT	Normal	+
GX20_AGCCAGCTCTCGAACA	Normal	+
GX20_AGCGATTAGACTCATC	Normal	+
GX20_AGCGATTAGTAGGCCA	Normal	+
GX20_AGCGATTGTGATACCT	Normal	+
GX20_AGCGCCACAAAGCAAT	Normal	+
GX20_AGCGCCACACACGGTC	Normal	+
GX20_AGCGCCAGTATCCCTC	Normal	+
GX20_AGCGCCATCAACCGAT	Normal	+
GX20_AGCGCCATCGGCATCG	Normal	+
GX20_AGCGCTGTCACGGAGA	Normal	+
GX20_AGCGTATAGAATTGTG	Normal	+
GX20_AGCGTATTCCACACAA	Normal	+
GX20_AGCGTCGGTAACTAAG	Normal	+
GX20_AGCTACATCATCACTT	Normal	+
GX20_AGCTCAATCCATAGAC	Normal	+
GX20_AGCTTCCCAAGCGCAA	Normal	+
GX20_AGCTTCCCATTGAAGA	Normal	+
GX20_AGCTTCCGTTGCATAC	Normal	+
GX20_AGCTTCCTCTATCCAT	Normal	+
GX20_AGGAAATTCAAGAATG	Normal	+
GX20_AGGAAATTCGCAGATT	Normal	+
GX20_AGGAATAAGGCGATAC	Normal	+
GX20_AGGAATACACTGCGAC	Normal	+
GX20_AGGAATACATAGGTAA	Normal	+
GX20_AGGAATAGTCCTGTCT	Normal	+
GX20_AGGAATATCGGCATTA	Normal	+
GX20_AGGACGAAGAGTTGTA	Normal	+
GX20_AGGACGAAGCTGGAGT	Normal	+
GX20_AGGACGAAGGTGCAGT	Normal	+
GX20_AGGACTTAGAGGACTC	Normal	+
GX20_AGGAGGTAGTACAACA	Normal	+
GX20_AGGAGGTGTGACTGTT	Normal	+
GX20_AGGAGGTGTTGGATCT	Normal	+
GX20_AGGAGGTTCGCATAGT	Normal	+
GX20_AGGATAAAGTCGCCAC	Normal	+
GX20_AGGATAATCAACTGGT	Normal	+
GX20_AGGATCTAGTACGAGC	Normal	+
GX20_AGGATCTCAACCGCCA	Normal	+
GX20_AGGATCTGTATCAGGG	Normal	+
GX20_AGGATCTGTTCGGTAT	Normal	+
GX20_AGGATCTTCTGTCGTC	Normal	+
GX20_AGGCATTAGCACCGTC	Normal	+
GX20_AGGCATTGTGCCCTTT	Normal	+
GX20_AGGCCACAGATGGTCG	Normal	+
GX20_AGGCTGCAGACGGTTG	Normal	+
GX20_AGGCTGCAGTTGAAAC	Normal	+
GX20_AGGCTGCCAACATCGT	Normal	+
GX20_AGGCTGCCATTGCAAC	Normal	+
GX20_AGGCTGCGTCCAGCCA	Normal	+
GX20_AGGCTGCGTGGGCTCT	Normal	+
GX20_AGGCTGCGTTCTCGCT	Normal	+
GX20_AGGCTGCTCGGTGAAG	Normal	+
GX20_AGGGAGTCAACCACAT	Normal	+
GX20_AGGGAGTGTTAAGAAC	Normal	+
GX20_AGGGAGTGTTTAAGGA	Normal	+
GX20_AGGGCCTGTGGGTATG	Normal	+
GX20_AGGGCCTTCTCCTGAC	Normal	+
GX20_AGGGCTCAGTAACGTA	Normal	+
GX20_AGGGCTCAGTACAACA	Normal	+
GX20_AGGGTCCAGTACGTCT	Normal	+
GX20_AGGGTCCGTCCCTAAA	Normal	+
GX20_AGGGTGAAGACTCTTG	Normal	+
GX20_AGGGTGAAGGTTATAG	Normal	+
GX20_AGGGTGATCCGTATAG	Normal	+
GX20_AGGGTTTCAGGGACTA	Normal	+
GX20_AGGGTTTTCATGGCCG	Normal	+
GX20_AGGTAGGAGGGTCTTT	Normal	+
GX20_AGGTAGGCACCCTAAA	Normal	+
GX20_AGGTCATAGCGGATCA	Normal	+
GX20_AGGTCATCAGTTTCAG	Normal	+
GX20_AGGTCATGTAATCAGA	Normal	+
GX20_AGGTCATTCACTGTTT	Normal	+
GX20_AGGTCTACACGAAAGC	Normal	+
GX20_AGGTCTAGTTAGAAGT	Normal	+
GX20_AGGTGTTAGAGGTTAT	Normal	+
GX20_AGGTGTTAGCAGGGAG	Normal	+
GX20_AGGTGTTCAGAGTCAG	Normal	+
GX20_AGGTGTTGTACTAAGA	Normal	+
GX20_AGGTTGTAGCCGAATG	Normal	+
GX20_AGGTTGTTCGTCGATA	Normal	+
GX20_AGTAACCAGATTTGCC	Normal	+
GX20_AGTAACCAGTTCCATG	Normal	+
GX20_AGTAACCCACCGAATT	Normal	+
GX20_AGTAACCTCCAAGCAT	Normal	+
GX20_AGTACCACAGTAGAGC	Normal	+
GX20_AGTACTGAGGATAATC	Normal	+
GX20_AGTACTGGTGGTGATG	Normal	+
GX20_AGTACTGTCCTGTAAG	Normal	+
GX20_AGTACTGTCTGGTCAA	Normal	+
GX20_AGTAGCTAGGGTTTCT	Normal	+
GX20_AGTAGCTTCTCTTCAA	Normal	+
GX20_AGTAGTCAGCATTTCG	Normal	+
GX20_AGTAGTCCACAGACGA	Normal	+
GX20_AGTAGTCCAGATCCTA	Normal	+
GX20_AGTAGTCGTAGCGCTC	Normal	+
GX20_AGTAGTCGTAGCTGAG	Normal	+
GX20_AGTAGTCGTGGTGATG	Normal	+
GX20_AGTCAACGTCGCAGTC	Normal	+
GX20_AGTCACAAGCCAAGCA	Normal	+
GX20_AGTCACAGTCCAGCGT	Normal	+
GX20_AGTCACATCATAGCAC	Normal	+
GX20_AGTCATGAGATCGACG	Normal	+
GX20_AGTCTCCAGCACTCAT	Normal	+
GX20_AGTCTCCCAATGCTCA	Normal	+
GX20_AGTCTCCGTGCTGCAC	Normal	+
GX20_AGTCTCCTCCTCTTTC	Normal	+
GX20_AGTCTCCTCTATTTCG	Normal	+
GX20_AGTGACTAGCAATTCC	Normal	+
GX20_AGTGACTAGCTACGTT	Normal	+
GX20_AGTGACTCACGTGTGC	Normal	+
GX20_AGTGACTTCCTTCAGC	Normal	+
GX20_AGTGATCCAGTTGGTT	Normal	+
GX20_AGTGATCCATGGGAAC	Normal	+
GX20_AGTGCCGAGGTATAGT	Normal	+
GX20_AGTGCCGGTACAGTAA	Normal	+
GX20_AGTGCCGTCAAGCCAT	Normal	+
GX20_AGTGTTGTCCACCCTA	Normal	+
GX20_AGTTAGCCACCAGTAT	Normal	+
GX20_AGTTAGCGTATCGAGG	Normal	+
GX20_AGTTCCCCACGCGCAT	Normal	+
GX20_AGTTCCCGTGCGAACA	Normal	+
GX20_AGTTCCCTCTGGGCGT	Normal	+
GX20_AGTTCCCTCTTCGGTC	Normal	+
GX20_AGTTCGAAGAGAGCGG	Normal	+
GX20_AGTTCGAAGCGAACTG	Normal	+
GX20_AGTTCGAGTCATTCCC	Normal	+
GX20_AGTTCGAGTGAGAGGG	Normal	+
GX20_AGTTCGATCTAGATCG	Normal	+
GX20_ATACCGATCCGCGGAT	Normal	+
GX20_ATACTTCAGTAAGGGA	Normal	+
GX20_ATACTTCCAGTCTACA	Normal	+
GX20_ATAGACCCAACCTAAC	Normal	+
GX20_ATAGGCTAGGACAACC	Normal	+
GX20_ATAGGCTCAGCCTACG	Normal	+
GX20_ATAGGCTTCAAAGGAT	Normal	+
GX20_ATAGGCTTCGCCAACG	Normal	+
GX20_ATAGGCTTCTAAGGAA	Normal	+
GX20_ATATCCTAGCCTTCTC	Normal	+
GX20_ATATCCTGTAACTAAG	Normal	+
GX20_ATCACAGAGCAAGCCA	Normal	+
GX20_ATCACAGCATACTGTG	Normal	+
GX20_ATCACGAAGCAGCACA	Normal	+
GX20_ATCACGAAGTAGCTCT	Normal	+
GX20_ATCACGACAACAAAGT	Normal	+
GX20_ATCACGACAACACAAA	Normal	+
GX20_ATCACGACAGGTCCGT	Normal	+
GX20_ATCACTTCACAAATCC	Normal	+
GX20_ATCACTTGTCTGTGGC	Normal	+
GX20_ATCACTTGTTGGGTAG	Normal	+
GX20_ATCAGGTAGGAAGTGA	Normal	+
GX20_ATCATTCAGTATCTGC	Normal	+
GX20_ATCATTCAGTTGTACC	Normal	+
GX20_ATCATTCTCGATCCAA	Normal	+
GX20_ATCATTCTCGCCTATC	Normal	+
GX20_ATCATTCTCGTGCTCT	Normal	+
GX20_ATCATTCTCTCGGTCT	Normal	+
GX20_ATCCACCAGTTTGTCG	Normal	+
GX20_ATCCACCCATGGATCT	Normal	+
GX20_ATCCACCGTACAAGTA	Normal	+
GX20_ATCCATTAGGCCTTCG	Normal	+
GX20_ATCCCTGAGCTATCCA	Normal	+
GX20_ATCCCTGAGTCGTCTA	Normal	+
GX20_ATCCCTGCAAGGTACG	Normal	+
GX20_ATCCCTGCACGACCTG	Normal	+
GX20_ATCCCTGGTCACCACG	Normal	+
GX20_ATCCGTCAGAAGAACG	Normal	+
GX20_ATCCGTCGTAGCTGAG	Normal	+
GX20_ATCCGTCTCTAGGCCG	Normal	+
GX20_ATCCTATCAGCGTGCT	Normal	+
GX20_ATCGATGAGACTGTTC	Normal	+
GX20_ATCGATGGTTGCCGCA	Normal	+
GX20_ATCGCCTGTCTGCAAT	Normal	+
GX20_ATCGCCTTCCGACATA	Normal	+
GX20_ATCGCCTTCGCTAGCG	Normal	+
GX20_ATCGGATAGCTAAATG	Normal	+
GX20_ATCGGATAGTATAGAC	Normal	+
GX20_ATCGGATCAGAGTGTG	Normal	+
GX20_ATCGGATTCATAGCAC	Normal	+
GX20_ATCGGATTCTAGGCAT	Normal	+
GX20_ATCGGCGCATCGGAAG	Normal	+
GX20_ATCGGCGGTGGATGAC	Normal	+
GX20_ATCGGCGGTGTAAATG	Normal	+
GX20_ATCGGCGGTTCAATCG	Normal	+
GX20_ATCGGCGTCATTGAGC	Normal	+
GX20_ATCGTAGCAATAGAGT	Normal	+
GX20_ATCGTAGCACGTAGAG	Normal	+
GX20_ATCGTAGCATGACACT	Normal	+
GX20_ATCGTAGGTAGATGTA	Normal	+
GX20_ATCGTAGGTTGCATCA	Normal	+
GX20_ATCGTAGTCTTAATCC	Normal	+
GX20_ATCGTCCTCGAAACAA	Normal	+
GX20_ATCGTGAGTACTTCCC	Normal	+
GX20_ATCGTGAGTAGATCGG	Normal	+
GX20_ATCGTGATCGGAGTAG	Normal	+
GX20_ATCTCTACAGACCTGC	Normal	+
GX20_ATCTCTATCACTCTTA	Normal	+
GX20_ATCTCTATCCGTGGTG	Normal	+
GX20_ATCTTCATCACCTACC	Normal	+
GX20_ATCTTCATCGTACCTC	Normal	+
GX20_ATGAAAGAGATCACCT	Normal	+
GX20_ATGAAAGGTAACGCGA	Normal	+
GX20_ATGACCAAGCTCGGCT	Normal	+
GX20_ATGACCAAGGCATGGT	Normal	+
GX20_ATGAGGGAGCGTGCTC	Normal	+
GX20_ATGAGTCAGAACAGGA	Normal	+
GX20_ATGAGTCGTCGGATTT	Normal	+
GX20_ATGAGTCGTGGGCTTC	Normal	+
GX20_ATGATCGCATCTGGGC	Normal	+
GX20_ATGATCGTCCAACCAA	Normal	+
GX20_ATGATCGTCGGCTGGT	Normal	+
GX20_ATGATCGTCGGTCTGG	Normal	+
GX20_ATGCATGAGGTCATCT	Normal	+
GX20_ATGCATGCAACAGATA	Normal	+
GX20_ATGCATGGTGAAAGTT	Normal	+
GX20_ATGCCTCCATACCACA	Normal	+
GX20_ATGCCTCGTACAGAGC	Normal	+
GX20_ATGCCTCTCGAACGGA	Normal	+
GX20_ATGCGATAGATCGACG	Normal	+
GX20_ATGCGATCACTGCATA	Normal	+
GX20_ATGCGATTCCATACAG	Normal	+
GX20_ATGCGATTCTCCATAT	Normal	+
GX20_ATGGAGGAGTAGAGTT	Normal	+
GX20_ATGGAGGCAAGCTACT	Normal	+
GX20_ATGGAGGGTAGTCTTG	Normal	+
GX20_ATGGAGGGTCGTAATC	Normal	+
GX20_ATGGAGGGTGATTAGA	Normal	+
GX20_ATGGAGGTCACTGGGC	Normal	+
GX20_ATGGATCGTGAATGAT	Normal	+
GX20_ATGGGAGAGACTCTAC	Normal	+
GX20_ATGGGAGGTCGACTGC	Normal	+
GX20_ATGGGAGTCCGTACGG	Normal	+
GX20_ATGGGAGTCGGTAACT	Normal	+
GX20_ATGGGTTCAACCCTAA	Normal	+
GX20_ATGGGTTCATGACACT	Normal	+
GX20_ATGGTTGAGCCTCAAT	Normal	+
GX20_ATGGTTGAGCGAATGC	Normal	+
GX20_ATGGTTGGTAACAAGT	Normal	+
GX20_ATGTCCCAGCGCACAA	Normal	+
GX20_ATGTCCCCAAGGTCGA	Normal	+
GX20_ATGTCCCTCCTACGGG	Normal	+
GX20_ATGTCTTGTGCTCGTG	Normal	+
GX20_ATGTCTTGTTCGGCTG	Normal	+
GX20_ATTACCTCACTATCCC	Normal	+
GX20_ATTACCTCATACCACA	Normal	+
GX20_ATTACCTGTAAGATTG	Normal	+
GX20_ATTACCTTCGGCCTTT	Normal	+
GX20_ATTACCTTCTACGCAA	Normal	+
GX20_ATTATCCGTGCCTATA	Normal	+
GX20_ATTATCCTCTAGGCCG	Normal	+
GX20_ATTCACTCAACAGATA	Normal	+
GX20_ATTCACTGTAGAGTTA	Normal	+
GX20_ATTCACTGTCCACATA	Normal	+
GX20_ATTCACTTCGGAAACG	Normal	+
GX20_ATTCACTTCGTGGACC	Normal	+
GX20_ATTCAGGAGGTTGTTC	Normal	+
GX20_ATTCAGGCATACAGCT	Normal	+
GX20_ATTCATCAGTTGCATC	Normal	+
GX20_ATTCCATAGGCACAAC	Normal	+
GX20_ATTCCATCACCATAAC	Normal	+
GX20_ATTCCATTCCTTACCG	Normal	+
GX20_ATTCCCGCAAGATTGA	Normal	+
GX20_ATTCCCGTCTTTCAGT	Normal	+
GX20_ATTCCTATCAGCTGAT	Normal	+
GX20_ATTCCTATCTTGGCTC	Normal	+
GX20_ATTCGTTCAACACAGG	Normal	+
GX20_ATTCGTTCATACTGTG	Normal	+
GX20_ATTCGTTGTGCAATAA	Normal	+
GX20_ATTCGTTGTGGAATGC	Normal	+
GX20_ATTCGTTGTTCGATTG	Normal	+
GX20_ATTCTTGCACTTTAGG	Normal	+
GX20_ATTCTTGCATGACTAC	Normal	+
GX20_ATTCTTGTCGGTCGAC	Normal	+
GX20_ATTGGGTAGGGTTGCA	Normal	+
GX20_ATTGGGTCAGACGATG	Normal	+
GX20_ATTGGGTTCTACCTTA	Normal	+
GX20_ATTGTTCCAGCCGTTG	Normal	+
GX20_ATTGTTCGTCGGATTT	Normal	+
GX20_ATTTACCTCCAACCGG	Normal	+
GX20_ATTTACCTCCTTATCA	Normal	+
GX20_ATTTCACAGACTTAAG	Normal	+
GX20_ATTTCACGTGCGAACA	Normal	+
GX20_ATTTCTGCACAAGCTT	Normal	+
GX20_ATTTCTGGTTCCGTTC	Normal	+
GX20_CAAAGAACAAGAATGT	Normal	+
GX20_CAAAGAAGTTTAAGGA	Normal	+
GX20_CAACAGTAGCCTTCTC	Normal	+
GX20_CAACAGTAGGCCACTC	Normal	+
GX20_CAACAGTGTATCACCA	Normal	+
GX20_CAACAGTTCTGAACGT	Normal	+
GX20_CAACCAAAGGTCTACT	Normal	+
GX20_CAACCAAAGGTTCCAT	Normal	+
GX20_CAACCAATCCACGGGT	Normal	+
GX20_CAACCAATCGCAACAT	Normal	+
GX20_CAACCTCAGGCGAACT	Normal	+
GX20_CAACCTCCAGAGTGAC	Normal	+
GX20_CAACCTCGTATGAGGC	Normal	+
GX20_CAACCTCGTCTGTCCT	Normal	+
GX20_CAACCTCTCCTTCGAC	Normal	+
GX20_CAACCTCTCGCCACTT	Normal	+
GX20_CAACCTCTCTGTGCTC	Normal	+
GX20_CAACGATCACCGGAAA	Normal	+
GX20_CAACGATCACCGTCGA	Normal	+
GX20_CAACGATGTAATACCC	Normal	+
GX20_CAACGATTCATTGCGA	Normal	+
GX20_CAACGATTCCGCGAGT	Normal	+
GX20_CAACGGCAGAGGATCC	Normal	+
GX20_CAACGGCCATAATCGC	Normal	+
GX20_CAACGGCTCCATACAG	Normal	+
GX20_CAAGACTAGATGCTAA	Normal	+
GX20_CAAGACTAGCCTTTGA	Normal	+
GX20_CAAGACTAGCGTATGG	Normal	+
GX20_CAAGACTAGTACGAGC	Normal	+
GX20_CAAGACTGTCTAGTGT	Normal	+
GX20_CAAGAGGAGAATTGCA	Normal	+
GX20_CAAGAGGAGCCGATCC	Normal	+
GX20_CAAGAGGCAGCATACT	Normal	+
GX20_CAAGAGGTCGCCGTGA	Normal	+
GX20_CAAGCTAAGGCGATAC	Normal	+
GX20_CAAGCTAAGTGATCGG	Normal	+
GX20_CAAGCTATCGTAGAGG	Normal	+
GX20_CAATACGAGATCCCAT	Normal	+
GX20_CAATACGCATGGCTAT	Normal	+
GX20_CAATCGACACAGCTGC	Normal	+
GX20_CAATCGATCCCGGTAG	Normal	+
GX20_CAATCGATCCTGCCAT	Normal	+
GX20_CAATTTCAGCCAGACA	Normal	+
GX20_CAATTTCAGGGAGGGT	Normal	+
GX20_CAATTTCGTGCTAGCC	Normal	+
GX20_CAATTTCTCAAGCTTG	Normal	+
GX20_CAATTTCTCATCGGGC	Normal	+
GX20_CACAACAAGACTCTAC	Normal	+
GX20_CACAACAAGGTGTGAC	Normal	+
GX20_CACAACACAGACACAG	Normal	+
GX20_CACAACACATGTTCAG	Normal	+
GX20_CACAACAGTGCAATAA	Normal	+
GX20_CACAACATCACTCACC	Normal	+
GX20_CACACAAAGCTGAGCA	Normal	+
GX20_CACACAAAGGAGAATG	Normal	+
GX20_CACAGATAGGTGTGAC	Normal	+
GX20_CACAGATTCCTCTCTT	Normal	+
GX20_CACAGGCGTAGCGTCC	Normal	+
GX20_CACAGGCTCGCCTATC	Normal	+
GX20_CACAGGCTCTAGACAC	Normal	+
GX20_CACATGAAGCCAAGTG	Normal	+
GX20_CACATGACAAATACGA	Normal	+
GX20_CACATGACAGCACGAA	Normal	+
GX20_CACATGAGTGGACAGT	Normal	+
GX20_CACATGATCCCTTCCC	Normal	+
GX20_CACCAAAAGCGCTGCT	Normal	+
GX20_CACCAAAAGGATTCAA	Normal	+
GX20_CACCAAACAAGGATGC	Normal	+
GX20_CACCAAAGTTATAGAG	Normal	+
GX20_CACCAAATCTCCTGAC	Normal	+
GX20_CACCGTTAGGTCGTGA	Normal	+
GX20_CACCGTTGTGCCGAAA	Normal	+
GX20_CACCGTTTCCGCAAAT	Normal	+
GX20_CACGAATAGGAACATT	Normal	+
GX20_CACGAATCATAAGATG	Normal	+
GX20_CACGGGTGTGACCGTC	Normal	+
GX20_CACGGGTGTGACTGAG	Normal	+
GX20_CACGGGTGTTATGACC	Normal	+
GX20_CACGTGGGTTTCGGCG	Normal	+
GX20_CACGTTCCAGAGAGGG	Normal	+
GX20_CACGTTCGTACTGCGC	Normal	+
GX20_CACGTTCTCAATCCAG	Normal	+
GX20_CACTGAAGTCATTGCA	Normal	+
GX20_CACTGAATCGACCTAA	Normal	+
GX20_CACTGGGAGAGCCGTA	Normal	+
GX20_CACTGGGCAGTCGCTG	Normal	+
GX20_CACTGGGGTAACGCGA	Normal	+
GX20_CACTGGGGTCTGTCCT	Normal	+
GX20_CACTGGGTCATGGAGG	Normal	+
GX20_CACTGTCAGAGCCTGA	Normal	+
GX20_CACTGTCAGCTAAACA	Normal	+
GX20_CACTTCGCATCCCACT	Normal	+
GX20_CACTTCGTCAGGAAGC	Normal	+
GX20_CACTTCGTCCTGTAAG	Normal	+
GX20_CACTTCGTCTAACGGT	Normal	+
GX20_CACTTCGTCTCAACGA	Normal	+
GX20_CAGAGCCCACCAGGTC	Normal	+
GX20_CAGAGCCGTAGCACGA	Normal	+
GX20_CAGATACAGGGATCGT	Normal	+
GX20_CAGATACAGGTAAACT	Normal	+
GX20_CAGATACAGTGGGAAA	Normal	+
GX20_CAGATACTCATCCCGT	Normal	+
GX20_CAGATCAAGACAAGCC	Normal	+
GX20_CAGATCAAGGTGCGAT	Normal	+
GX20_CAGATCATCTACGCAA	Normal	+
GX20_CAGATTGAGAAGCGGG	Normal	+
GX20_CAGATTGTCGGCCTTT	Normal	+
GX20_CAGCAATAGGCCTGAA	Normal	+
GX20_CAGCAATCACTTGGCG	Normal	+
GX20_CAGCACGAGTGCTCGC	Normal	+
GX20_CAGCACGCAATAGTCC	Normal	+
GX20_CAGCACGCAATTCTTC	Normal	+
GX20_CAGCACGCACTCCGGA	Normal	+
GX20_CAGCACGTCAGCACCG	Normal	+
GX20_CAGCACGTCGCTGCGA	Normal	+
GX20_CAGCAGCAGGCTAACG	Normal	+
GX20_CAGCAGCAGTGAGTTA	Normal	+
GX20_CAGCAGCAGTGCCTCG	Normal	+
GX20_CAGCAGCCAACCGATT	Normal	+
GX20_CAGCCAGAGCATCCCG	Normal	+
GX20_CAGCGTGAGCCGTCGT	Normal	+
GX20_CAGCGTGAGCTCCACG	Normal	+
GX20_CAGCGTGAGGCACTAG	Normal	+
GX20_CAGCGTGCAGGACATG	Normal	+
GX20_CAGCGTGCAGTTGCGC	Normal	+
GX20_CAGCGTGGTATTCTCT	Normal	+
GX20_CAGGCCACAAAGGCGT	Normal	+
GX20_CAGGCCACAGAACCGA	Normal	+
GX20_CAGGCCATCCAAACCA	Normal	+
GX20_CAGGCCATCTCAGGCG	Normal	+
GX20_CAGGGCTAGGAGCAAA	Normal	+
GX20_CAGGGCTCAAGGTCTT	Normal	+
GX20_CAGGGCTCAGAGTAAT	Normal	+
GX20_CAGGGCTGTGAGCTCC	Normal	+
GX20_CAGGGCTGTGCATTTG	Normal	+
GX20_CAGGGCTTCATCGTAG	Normal	+
GX20_CAGGTATAGCTCCATA	Normal	+
GX20_CAGGTATAGTCCTGTA	Normal	+
GX20_CAGTGCGAGGAACGAA	Normal	+
GX20_CAGTGCGAGGTCCCTG	Normal	+
GX20_CAGTTAGTCGTGCATA	Normal	+
GX20_CAGTTCCTCGCTCTAC	Normal	+
GX20_CATAAGCGTGTTGCCG	Normal	+
GX20_CATACAGGTCCGGTGT	Normal	+
GX20_CATACAGTCCACAGCG	Normal	+
GX20_CATACAGTCCACGGAC	Normal	+
GX20_CATACCCAGGACAGTC	Normal	+
GX20_CATACCCAGGTCGTCC	Normal	+
GX20_CATACCCCAGTCCCGA	Normal	+
GX20_CATACCCGTGCGACAA	Normal	+
GX20_CATACCCTCGTGCGAC	Normal	+
GX20_CATACTTAGTTTGAGA	Normal	+
GX20_CATAGACCAGTCGAGA	Normal	+
GX20_CATAGACGTAGCGAGT	Normal	+
GX20_CATCAAGAGCAGCGAT	Normal	+
GX20_CATCAAGCAAATGAGT	Normal	+
GX20_CATCAAGCACCCAATA	Normal	+
GX20_CATCCACGTACTTCCC	Normal	+
GX20_CATCCACGTCGTATGT	Normal	+
GX20_CATCCCACATGGGATG	Normal	+
GX20_CATCCCAGTTTAGTCG	Normal	+
GX20_CATCCCATCGTTTACT	Normal	+
GX20_CATCCGTAGGCTAAAT	Normal	+
GX20_CATCCGTAGTGCGCTC	Normal	+
GX20_CATCCGTGTAACACGG	Normal	+
GX20_CATCCGTTCCCTAGGG	Normal	+
GX20_CATCGCTGTTGACTGT	Normal	+
GX20_CATCGGGAGTGAATAC	Normal	+
GX20_CATCGGGGTGAATTGA	Normal	+
GX20_CATCGTCAGACCAGAC	Normal	+
GX20_CATCGTCCACTACAGT	Normal	+
GX20_CATGAGTGTGTTAGCT	Normal	+
GX20_CATGAGTTCATTGTTC	Normal	+
GX20_CATGCAAAGTCTCCTC	Normal	+
GX20_CATGCAAGTAGCTTGT	Normal	+
GX20_CATGCAATCCTAACAG	Normal	+
GX20_CATGCCTGTGTTCCTC	Normal	+
GX20_CATGCCTTCTTACTGT	Normal	+
GX20_CATGCGGCAAATCCCA	Normal	+
GX20_CATGCGGCATATCGGT	Normal	+
GX20_CATGCTCCATCGTGCG	Normal	+
GX20_CATGCTCCATGAGATA	Normal	+
GX20_CATGCTCGTACGAGTG	Normal	+
GX20_CATGGATCAAGTGGCA	Normal	+
GX20_CATGGATCAGGCATTT	Normal	+
GX20_CATGGATGTATCATGC	Normal	+
GX20_CATGGATGTATCGAGG	Normal	+
GX20_CATGGATTCGGACTTA	Normal	+
GX20_CATTCATCACGCACCA	Normal	+
GX20_CATTCATGTATTCCGA	Normal	+
GX20_CATTCATTCCGGCAGT	Normal	+
GX20_CATTCCGCAGCTTCGG	Normal	+
GX20_CATTCTAAGGTCACAG	Normal	+
GX20_CATTCTAGTACTCCGG	Normal	+
GX20_CATTCTAGTGTAACGG	Normal	+
GX20_CATTGAGCAGCGTGAA	Normal	+
GX20_CATTGCCGTAGCGTCC	Normal	+
GX20_CATTGCCGTCTTTATC	Normal	+
GX20_CATTGCCTCCCGTAAA	Normal	+
GX20_CATTGCCTCGAACTCA	Normal	+
GX20_CATTGCCTCTGTGCTC	Normal	+
GX20_CATTGTTAGGCATGGT	Normal	+
GX20_CATTGTTCACGGTAGA	Normal	+
GX20_CATTTCAAGTAGTGCG	Normal	+
GX20_CATTTCAAGTTGAAAC	Normal	+
GX20_CATTTCACATTGCTTT	Normal	+
GX20_CCAAGCGCACAGCCTG	Normal	+
GX20_CCAAGCGCACGTAACT	Normal	+
GX20_CCAAGCGCACTGCTTC	Normal	+
GX20_CCAAGCGGTTAGAAAC	Normal	+
GX20_CCAATGACAACCAATC	Normal	+
GX20_CCAATGACAGGTTACT	Normal	+
GX20_CCAATGATCAGCTGTA	Normal	+
GX20_CCAATTTAGGTCGAGT	Normal	+
GX20_CCAATTTCAGAGTCAG	Normal	+
GX20_CCACAAACAATAAGGT	Normal	+
GX20_CCACAAATCACTGAAC	Normal	+
GX20_CCACACTCAGTAGGAC	Normal	+
GX20_CCACACTCAGTTGTCA	Normal	+
GX20_CCACACTGTAATGATG	Normal	+
GX20_CCACACTTCACCTCTG	Normal	+
GX20_CCACACTTCGTCCTCA	Normal	+
GX20_CCACCATAGCTCCACG	Normal	+
GX20_CCACCATCACGGTGAA	Normal	+
GX20_CCACGAGCAGCTCTGG	Normal	+
GX20_CCACGTTAGACGTCCC	Normal	+
GX20_CCACGTTCACACCTAA	Normal	+
GX20_CCACTTGAGCGGTATG	Normal	+
GX20_CCATAAGCATTCTCTA	Normal	+
GX20_CCATAAGGTCGCAACC	Normal	+
GX20_CCATAAGGTCGTCATA	Normal	+
GX20_CCATCACAGCATAGGC	Normal	+
GX20_CCATCACCAGCGTACC	Normal	+
GX20_CCATCACCAGTGTATC	Normal	+
GX20_CCATCACGTATGTCCA	Normal	+
GX20_CCATCACTCCCGTGTT	Normal	+
GX20_CCCAACTGTTATGACC	Normal	+
GX20_CCCAACTTCGCCTAGG	Normal	+
GX20_CCCATTGAGCCAACCC	Normal	+
GX20_CCCATTGTCTACGCGG	Normal	+
GX20_CCCGAAGCAGTGTGGA	Normal	+
GX20_CCCGAAGGTATTGGCT	Normal	+
GX20_CCCGAAGGTCATCTAG	Normal	+
GX20_CCCGAAGGTCGTGGTC	Normal	+
GX20_CCCGAAGTCCTACAAG	Normal	+
GX20_CCCGAAGTCTGTCAGA	Normal	+
GX20_CCCGGAAGTAGCTTTG	Normal	+
GX20_CCCGGAAGTTGTGGCC	Normal	+
GX20_CCCTAACAGTATAACG	Normal	+
GX20_CCCTAACCAACGAGGT	Normal	+
GX20_CCCTAACGTGACACAG	Normal	+
GX20_CCCTAACGTTATAGAG	Normal	+
GX20_CCCTCAAAGGATTTCC	Normal	+
GX20_CCCTCAAAGTGAACAT	Normal	+
GX20_CCCTCAAGTGGATTTC	Normal	+
GX20_CCCTCAATCTCCGCAT	Normal	+
GX20_CCCTCAATCTGTAACG	Normal	+
GX20_CCCTCTCAGGCTAGCA	Normal	+
GX20_CCCTCTCCAGTAGTTC	Normal	+
GX20_CCCTCTCGTCCTTGTC	Normal	+
GX20_CCCTCTCTCCCGTAAA	Normal	+
GX20_CCCTGATCACGCGTGT	Normal	+
GX20_CCCTGATTCGGCTGAC	Normal	+
GX20_CCCTTAGAGATTGGGC	Normal	+
GX20_CCCTTAGAGGATTTGA	Normal	+
GX20_CCCTTAGTCCGCGGAT	Normal	+
GX20_CCGAACGAGGGCAACT	Normal	+
GX20_CCGATCTCAACCACAT	Normal	+
GX20_CCGATCTCAGATGCGA	Normal	+
GX20_CCGATCTCAGGCATTT	Normal	+
GX20_CCGATCTGTCCTTAAG	Normal	+
GX20_CCGATCTTCACAAGGG	Normal	+
GX20_CCGATGGAGAGGATCC	Normal	+
GX20_CCGATGGAGTAGTGCG	Normal	+
GX20_CCGATGGGTACGATCT	Normal	+
GX20_CCGATGGTCGGTAGGA	Normal	+
GX20_CCGCAAGGTTGCCGCA	Normal	+
GX20_CCGCAAGTCTCTATGT	Normal	+
GX20_CCGGACAGTCCGGATC	Normal	+
GX20_CCGGGTAAGTGCACAG	Normal	+
GX20_CCGGGTACAAGAGTGC	Normal	+
GX20_CCGGGTACAATACGCT	Normal	+
GX20_CCGGGTATCAGCTCTC	Normal	+
GX20_CCGGGTATCCTGTAGA	Normal	+
GX20_CCGGGTATCTAACGGT	Normal	+
GX20_CCGGTAGAGTGGCGAT	Normal	+
GX20_CCGGTAGCAATGTCTG	Normal	+
GX20_CCGGTAGCAGTCAGCC	Normal	+
GX20_CCGGTAGCATAGTCGT	Normal	+
GX20_CCGGTAGGTAGGTGCA	Normal	+
GX20_CCGGTAGTCTCATAGG	Normal	+
GX20_CCGGTGAAGACGCTCC	Normal	+
GX20_CCGGTGAAGATAGCTA	Normal	+
GX20_CCGGTGAGTCAGGCAA	Normal	+
GX20_CCGGTGAGTGCTATTG	Normal	+
GX20_CCGTAGGAGCGAAACC	Normal	+
GX20_CCGTAGGGTAATCAGA	Normal	+
GX20_CCGTTCACAAGGGTCA	Normal	+
GX20_CCTAACCGTACGACTT	Normal	+
GX20_CCTAACCGTGACATCT	Normal	+
GX20_CCTAACCTCTACCTTA	Normal	+
GX20_CCTAAGATCTGGGATT	Normal	+
GX20_CCTACGTAGAGCAGAA	Normal	+
GX20_CCTACGTGTGCAACGA	Normal	+
GX20_CCTACGTGTTCGGTCG	Normal	+
GX20_CCTATCGAGCACTCTA	Normal	+
GX20_CCTATCGCACTACCCT	Normal	+
GX20_CCTATCGCAGACTGCC	Normal	+
GX20_CCTATCGTCTCGTGGG	Normal	+
GX20_CCTCAACGTCGGAACA	Normal	+
GX20_CCTCACAAGCGTGTTT	Normal	+
GX20_CCTCACAGTTTCCCAC	Normal	+
GX20_CCTCAGTAGCCGTTGC	Normal	+
GX20_CCTCAGTGTTCGGCGT	Normal	+
GX20_CCTCATGCACCAAATC	Normal	+
GX20_CCTCATGGTACGTAGG	Normal	+
GX20_CCTCCAAAGCAGTAAT	Normal	+
GX20_CCTCCAAGTAGAATGT	Normal	+
GX20_CCTCCAATCGCTGATA	Normal	+
GX20_CCTCCTCCACCGCTGA	Normal	+
GX20_CCTCCTCTCATTACGG	Normal	+
GX20_CCTCTAGAGATGTTAG	Normal	+
GX20_CCTCTAGGTGCCGAAA	Normal	+
GX20_CCTCTCCGTTGCACGC	Normal	+
GX20_CCTCTCCTCCGAGATT	Normal	+
GX20_CCTCTCCTCTCGACCT	Normal	+
GX20_CCTGCATCAGTGGGTA	Normal	+
GX20_CCTGCATGTACTGGGA	Normal	+
GX20_CCTGTTGAGACAGCTG	Normal	+
GX20_CCTGTTGAGCCAAGGT	Normal	+
GX20_CCTGTTGCACTTACAG	Normal	+
GX20_CCTGTTGCATGATGCT	Normal	+
GX20_CCTGTTGTCCATAAGC	Normal	+
GX20_CCTGTTGTCTCTATAC	Normal	+
GX20_CCTTCAGCAGGTACGA	Normal	+
GX20_CCTTGTGCATGCAGCC	Normal	+
GX20_CCTTTGGCACGGTCTG	Normal	+
GX20_CCTTTGGTCGAGATAA	Normal	+
GX20_CGAAGGACACATCATG	Normal	+
GX20_CGAAGGAGTTGGGTAG	Normal	+
GX20_CGAAGTTCACGAGAAC	Normal	+
GX20_CGAAGTTCATGACCCG	Normal	+
GX20_CGAATTGTCACGAACT	Normal	+
GX20_CGAATTGTCGGAACTT	Normal	+
GX20_CGACAGCCAGCAAGAC	Normal	+
GX20_CGACAGCGTAGTATAG	Normal	+
GX20_CGACAGCGTTACCTGA	Normal	+
GX20_CGACAGCTCAGTGGGA	Normal	+
GX20_CGACAGCTCTAGTCAG	Normal	+
GX20_CGAGAAGTCCTCTCTT	Normal	+
GX20_CGAGGAAGTCTACACA	Normal	+
GX20_CGAGGCTAGGCAATGC	Normal	+
GX20_CGAGGCTGTGACTGTT	Normal	+
GX20_CGAGTGCCATAATCGC	Normal	+
GX20_CGAGTTAAGGCCTTCG	Normal	+
GX20_CGAGTTAAGGGAGTTC	Normal	+
GX20_CGATCGGAGAACCGCA	Normal	+
GX20_CGATCGGGTAGGCAAC	Normal	+
GX20_CGATCGGGTATGAAAC	Normal	+
GX20_CGATCGGGTTCTCAGA	Normal	+
GX20_CGATCGGTCCCGAAAT	Normal	+
GX20_CGATGCGAGATGAACT	Normal	+
GX20_CGATGCGCATCTATCT	Normal	+
GX20_CGATGCGGTCGCGGTT	Normal	+
GX20_CGATGCGTCCCTCTAG	Normal	+
GX20_CGATGCGTCTATACTC	Normal	+
GX20_CGCAGGTAGTAGGGTC	Normal	+
GX20_CGCAGGTCAGATAAAC	Normal	+
GX20_CGCATAAAGGAGAGTA	Normal	+
GX20_CGCATAACATAGAGGC	Normal	+
GX20_CGCATGGCAAATCGTC	Normal	+
GX20_CGCATGGTCATTTGCT	Normal	+
GX20_CGCCAGAAGACTCCGC	Normal	+
GX20_CGCCAGAAGACTTAAG	Normal	+
GX20_CGCCAGAAGCGAGTAC	Normal	+
GX20_CGCCAGACAAGCGATG	Normal	+
GX20_CGCCAGACATCGGAAG	Normal	+
GX20_CGCCAGACATCTAGAC	Normal	+
GX20_CGCGTGATCAGCTTCC	Normal	+
GX20_CGGAACCAGGACGGAG	Normal	+
GX20_CGGAATTAGGCATGCA	Normal	+
GX20_CGGAATTAGGTACATA	Normal	+
GX20_CGGAATTCACGCTGCA	Normal	+
GX20_CGGAATTCATGCACTA	Normal	+
GX20_CGGACACGTTCCATTT	Normal	+
GX20_CGGACACTCACTTTGT	Normal	+
GX20_CGGAGAAAGGCAGCTA	Normal	+
GX20_CGGAGAACACTGTGTA	Normal	+
GX20_CGGAGAAGTATCGCAT	Normal	+
GX20_CGGAGAAGTCTAACTG	Normal	+
GX20_CGGAGAAGTGAGACGT	Normal	+
GX20_CGGCAGTAGTCATGGG	Normal	+
GX20_CGGCAGTTCACCCTCA	Normal	+
GX20_CGGGACTAGATTCGAA	Normal	+
GX20_CGGGACTGTTTCGTAG	Normal	+
GX20_CGGGACTTCTGCGAGC	Normal	+
GX20_CGGGCATGTACATACC	Normal	+
GX20_CGGGCATGTGAAAGTT	Normal	+
GX20_CGGGCATTCTCGGGAC	Normal	+
GX20_CGGGCATTCTTAAGGC	Normal	+
GX20_CGGGCATTCTTTCAGT	Normal	+
GX20_CGGGTCAAGATCCTAC	Normal	+
GX20_CGGGTCACATAGCTGT	Normal	+
GX20_CGGGTCATCTAGTACG	Normal	+
GX20_CGGGTGTAGCACTCGC	Normal	+
GX20_CGGGTGTGTGACGCCT	Normal	+
GX20_CGGTCAGAGACTGGGT	Normal	+
GX20_CGGTCAGAGATGACAT	Normal	+
GX20_CGGTCAGAGGAAGTGA	Normal	+
GX20_CGTAAGTCACTGCACG	Normal	+
GX20_CGTAAGTGTTAGCGGA	Normal	+
GX20_CGTAATGAGTCAAGCG	Normal	+
GX20_CGTAATGCAGAATTCC	Normal	+
GX20_CGTAATGGTGTGTCGC	Normal	+
GX20_CGTAGTAGTGCCGTTG	Normal	+
GX20_CGTCAAAAGCACTCAT	Normal	+
GX20_CGTCAAATCGCATTGA	Normal	+
GX20_CGTCCATAGTGTTGTC	Normal	+
GX20_CGTGAATAGATTTGCC	Normal	+
GX20_CGTGAATAGGTGATCG	Normal	+
GX20_CGTGATAAGATTGATG	Normal	+
GX20_CGTGCTTCATTGCCTC	Normal	+
GX20_CGTGCTTGTAGTCACT	Normal	+
GX20_CGTTAGACAGTGGCTC	Normal	+
GX20_CGTTAGATCCAGCACG	Normal	+
GX20_CGTTCTGAGATAGTGT	Normal	+
GX20_CGTTCTGCAAAGGATT	Normal	+
GX20_CGTTGGGAGGGATCAC	Normal	+
GX20_CGTTGGGCAGCATCTA	Normal	+
GX20_CGTTGGGGTCCTACAA	Normal	+
GX20_CGTTGGGTCATTTACC	Normal	+
GX20_CTAACCCAGGTAAAGG	Normal	+
GX20_CTAACCCAGTCACAGG	Normal	+
GX20_CTAACCCTCAATCAGC	Normal	+
GX20_CTAACCCTCGATTCCC	Normal	+
GX20_CTAACTTAGAATACAC	Normal	+
GX20_CTAACTTAGCGACTAG	Normal	+
GX20_CTAACTTCAAAGACTA	Normal	+
GX20_CTAACTTTCAAGTGGG	Normal	+
GX20_CTAACTTTCGTTCCTG	Normal	+
GX20_CTAAGTGAGGTCGTGA	Normal	+
GX20_CTAAGTGCAGGTTCAT	Normal	+
GX20_CTAAGTGCATCTCAAG	Normal	+
GX20_CTAAGTGGTAGTGGCA	Normal	+
GX20_CTAAGTGGTTGCGTAT	Normal	+
GX20_CTAAGTGTCTTCTCAA	Normal	+
GX20_CTACAGACAACAGATA	Normal	+
GX20_CTACAGACACGTAGAG	Normal	+
GX20_CTACAGAGTTTCCATT	Normal	+
GX20_CTACAGATCACAGTGT	Normal	+
GX20_CTACAGATCCCTTTGG	Normal	+
GX20_CTACAGATCGAGTGGA	Normal	+
GX20_CTACAGATCTTTCGAT	Normal	+
GX20_CTACATTGTGCAACAG	Normal	+
GX20_CTACATTGTTTACTTC	Normal	+
GX20_CTACATTTCCACACCT	Normal	+
GX20_CTACATTTCTGCGTCT	Normal	+
GX20_CTACATTTCTGTCGCT	Normal	+
GX20_CTACCCAAGGATGAGA	Normal	+
GX20_CTACCCAAGGATTCAA	Normal	+
GX20_CTACCCAAGTTCAACC	Normal	+
GX20_CTACCTGAGATTACCC	Normal	+
GX20_CTACCTGCACTGCTTC	Normal	+
GX20_CTACCTGCAGTGTACT	Normal	+
GX20_CTACGGGAGCGTGTCC	Normal	+
GX20_CTACGGGGTACCTAGT	Normal	+
GX20_CTACGGGGTTAGGGTG	Normal	+
GX20_CTACTATAGAAGTATC	Normal	+
GX20_CTACTATAGTGAGGTC	Normal	+
GX20_CTACTATCAAAGCAAT	Normal	+
GX20_CTACTATCAGTCAACT	Normal	+
GX20_CTACTATGTATTTCCT	Normal	+
GX20_CTACTATGTTCCAGGC	Normal	+
GX20_CTAGACACACTCCTGT	Normal	+
GX20_CTAGACACAGAGAGGG	Normal	+
GX20_CTAGGTAAGGGCAACT	Normal	+
GX20_CTAGGTAAGTATAGAC	Normal	+
GX20_CTAGGTAGTGGTGATG	Normal	+
GX20_CTAGGTAGTTGGTGTT	Normal	+
GX20_CTAGGTATCGCTGATA	Normal	+
GX20_CTAGGTATCTCCTACG	Normal	+
GX20_CTATAGGAGCCACCGT	Normal	+
GX20_CTATCCGCAGTTACCA	Normal	+
GX20_CTATCCGGTTTCCATT	Normal	+
GX20_CTATCTATCGTCACCT	Normal	+
GX20_CTCAACCGTGATGGCA	Normal	+
GX20_CTCAAGATCGCCGAAC	Normal	+
GX20_CTCAATTGTCGGCACT	Normal	+
GX20_CTCAATTGTTACGCCG	Normal	+
GX20_CTCAATTTCCACCCTA	Normal	+
GX20_CTCAATTTCTGGGTCG	Normal	+
GX20_CTCACTGAGAGGATGA	Normal	+
GX20_CTCACTGCACGCTGCA	Normal	+
GX20_CTCACTGTCGGAATTC	Normal	+
GX20_CTCAGAAAGGTGCTGA	Normal	+
GX20_CTCAGAAGTATGCGTT	Normal	+
GX20_CTCAGAATCTCTCAAT	Normal	+
GX20_CTCAGGGGTGCACAAG	Normal	+
GX20_CTCAGGGTCAGACCGC	Normal	+
GX20_CTCAGGGTCATACGAC	Normal	+
GX20_CTCAGGGTCGAAGCCC	Normal	+
GX20_CTCAGGGTCTCCAATT	Normal	+
GX20_CTCAGTCCAGAGGACT	Normal	+
GX20_CTCAGTCGTGATACTC	Normal	+
GX20_CTCATCGAGGGTCAAC	Normal	+
GX20_CTCATCGCAAATGATG	Normal	+
GX20_CTCATCGGTCAAAGAT	Normal	+
GX20_CTCATCGTCCGCACTT	Normal	+
GX20_CTCATGCAGCAATAGT	Normal	+
GX20_CTCATGCAGGCCTTGC	Normal	+
GX20_CTCATGCCAGATACTC	Normal	+
GX20_CTCATGCGTCCGGTGT	Normal	+
GX20_CTCATTAAGCATCAAA	Normal	+
GX20_CTCATTAGTGACGCCT	Normal	+
GX20_CTCCAACAGCTGAAAT	Normal	+
GX20_CTCCAACAGGAACGAA	Normal	+
GX20_CTCCAACAGGGTGAGG	Normal	+
GX20_CTCCAACCAGCATTGT	Normal	+
GX20_CTCCAACGTGATAGTA	Normal	+
GX20_CTCCACACAAGTTCGT	Normal	+
GX20_CTCCATGTCATGCGGC	Normal	+
GX20_CTCCATGTCATTTGGG	Normal	+
GX20_CTCCATGTCCACCTCA	Normal	+
GX20_CTCCATGTCGCCATAA	Normal	+
GX20_CTCCCAAAGATAGTGT	Normal	+
GX20_CTCCCAAAGCGTGCTC	Normal	+
GX20_CTCCCAAAGTGTACCT	Normal	+
GX20_CTCCCAACAGCATGCC	Normal	+
GX20_CTCCCAAGTGACGTCC	Normal	+
GX20_CTCCCAAGTGAGTGAC	Normal	+
GX20_CTCCCTCCACATAGCT	Normal	+
GX20_CTCCCTCGTCCACAGC	Normal	+
GX20_CTCCCTCTCAATGCAC	Normal	+
GX20_CTCCGATCAATGAGCG	Normal	+
GX20_CTCCGATGTTAGGCCC	Normal	+
GX20_CTCCTCCCAGGCTCTG	Normal	+
GX20_CTCCTCCTCGTAGGGA	Normal	+
GX20_CTCCTTTCAATTTCGG	Normal	+
GX20_CTCGAGGAGTAACCTC	Normal	+
GX20_CTCGAGGAGTCTCGTA	Normal	+
GX20_CTCGAGGCATGATCTG	Normal	+
GX20_CTCTCAGGTGGCTAGA	Normal	+
GX20_CTCTCAGGTGTATTCG	Normal	+
GX20_CTCTCAGGTGTTTACG	Normal	+
GX20_CTCTCAGTCCTTGACC	Normal	+
GX20_CTCTCAGTCGAAGAAT	Normal	+
GX20_CTCTCGAAGCCTCATA	Normal	+
GX20_CTCTCGAAGCTGGCTC	Normal	+
GX20_CTCTCGACACTCCGGA	Normal	+
GX20_CTCTGGTAGAGAGCCT	Normal	+
GX20_CTCTGGTAGCGACTGA	Normal	+
GX20_CTGAATGAGGCGTTAG	Normal	+
GX20_CTGAATGAGGTTACCT	Normal	+
GX20_CTGAATGCAGGAACCA	Normal	+
GX20_CTGAATGGTGATACAA	Normal	+
GX20_CTGAGCGCACGTATAC	Normal	+
GX20_CTGAGCGCATTGCCTC	Normal	+
GX20_CTGAGGCGTGCAGTGA	Normal	+
GX20_CTGAGGCGTGGTCTGC	Normal	+
GX20_CTGATCCAGATCGGTG	Normal	+
GX20_CTGATCCCAATTTCGG	Normal	+
GX20_CTGATCCGTCCTGTTC	Normal	+
GX20_CTGCAGGAGGGAGTTC	Normal	+
GX20_CTGCAGGGTCCCTCAT	Normal	+
GX20_CTGCATCAGTTGGCGA	Normal	+
GX20_CTGCATCTCTTTCGAT	Normal	+
GX20_CTGCCATGTACAACGG	Normal	+
GX20_CTGCCTAAGACCAGCA	Normal	+
GX20_CTGCCTATCTGCGATA	Normal	+
GX20_CTGCGAGCACCCTCTA	Normal	+
GX20_CTGCGAGGTCATCACA	Normal	+
GX20_CTGCGAGTCGTAGCTA	Normal	+
GX20_CTGCTCAAGCCATTGT	Normal	+
GX20_CTGCTCAAGGCATCAG	Normal	+
GX20_CTGGACGAGAAGAACG	Normal	+
GX20_CTGGACGCAGCAGTTT	Normal	+
GX20_CTGGACGCAGGCGATA	Normal	+
GX20_CTGGACGTCCCGAACG	Normal	+
GX20_CTGGACGTCTCCTGTG	Normal	+
GX20_CTGGCAGCATTGAGCT	Normal	+
GX20_CTGTACCAGATGTAGT	Normal	+
GX20_CTGTACCCAGGTCAAG	Normal	+
GX20_CTGTACCGTGTGCTTA	Normal	+
GX20_CTGTACCTCCCGTTCA	Normal	+
GX20_CTGTAGAGTAGGTACG	Normal	+
GX20_CTGTAGAGTGACTATC	Normal	+
GX20_CTGTAGATCATCTGTT	Normal	+
GX20_CTGTATTAGACATCCT	Normal	+
GX20_CTGTATTGTGGGATTG	Normal	+
GX20_CTGTATTTCATTCATC	Normal	+
GX20_CTGTCGTAGTCACGAG	Normal	+
GX20_CTGTCGTCAAGCGAGT	Normal	+
GX20_CTGTCGTCAGGCCTGT	Normal	+
GX20_CTGTCGTTCAATCAGC	Normal	+
GX20_CTGTGAACAATTGAAG	Normal	+
GX20_CTTACCGAGGCACTCC	Normal	+
GX20_CTTACCGGTCACATTG	Normal	+
GX20_CTTACCGGTTCCCACT	Normal	+
GX20_CTTACCGGTTCGTACA	Normal	+
GX20_CTTACCGTCAGATGCT	Normal	+
GX20_CTTAGGAGTATGATCC	Normal	+
GX20_CTTAGGATCCACACAA	Normal	+
GX20_CTTCAATAGGCGCTCT	Normal	+
GX20_CTTCCGAAGAAGCCTG	Normal	+
GX20_CTTCCGAAGAGGATGA	Normal	+
GX20_CTTCCTTAGGTTAGTA	Normal	+
GX20_CTTCCTTCAATCGCAT	Normal	+
GX20_CTTCTAAAGCAATAAC	Normal	+
GX20_CTTCTAAAGTACTGGG	Normal	+
GX20_CTTCTAACAAAGCTCT	Normal	+
GX20_CTTCTAACAAGATGTA	Normal	+
GX20_CTTCTAATCTGTTGGA	Normal	+
GX20_CTTCTCTCAAGTGACG	Normal	+
GX20_CTTCTCTCACTGGCCA	Normal	+
GX20_CTTCTCTCAGTTCACA	Normal	+
GX20_CTTCTCTGTATCCTCC	Normal	+
GX20_CTTCTCTTCATTTCGT	Normal	+
GX20_CTTCTCTTCCTACACC	Normal	+
GX20_CTTGAGAGTCCAATCA	Normal	+
GX20_CTTGAGAGTGATACCT	Normal	+
GX20_CTTGAGAGTTGCAAGG	Normal	+
GX20_CTTGATTAGAACGCGT	Normal	+
GX20_CTTGATTAGACGAAGA	Normal	+
GX20_CTTGATTAGAGGTATT	Normal	+
GX20_CTTGATTCAGGCTTGC	Normal	+
GX20_CTTGATTCATGACTGT	Normal	+
GX20_CTTGATTCATTGTAGC	Normal	+
GX20_CTTGATTGTAACTAAG	Normal	+
GX20_CTTTCAACAGACAATA	Normal	+
GX20_CTTTCAACATCACGGC	Normal	+
GX20_CTTTCAAGTAGACTGG	Normal	+
GX20_CTTTCGGCAACTGCCG	Normal	+
GX20_CTTTCGGTCGCCACTT	Normal	+
GX20_GAAACCTCAACCCTAA	Normal	+
GX20_GAAACCTGTGACAACG	Normal	+
GX20_GAAATGAAGTCACTCA	Normal	+
GX20_GAAATGAGTGTGGACA	Normal	+
GX20_GAAATGAGTTCGCGTG	Normal	+
GX20_GAACGTTAGAGTCTTC	Normal	+
GX20_GAACGTTGTACAGCGA	Normal	+
GX20_GAACGTTGTGGCTGAA	Normal	+
GX20_GAACGTTTCAGGACAG	Normal	+
GX20_GAACTGTAGCGACTTT	Normal	+
GX20_GAACTGTAGCTAAATG	Normal	+
GX20_GAACTGTGTGCATTAC	Normal	+
GX20_GAACTGTGTGGTAATA	Normal	+
GX20_GAACTGTTCGCGGACT	Normal	+
GX20_GAACTGTTCTGTACAG	Normal	+
GX20_GAAGAATCACGCTATA	Normal	+
GX20_GAAGAATCAGGGATAC	Normal	+
GX20_GAAGAATGTAGCACGA	Normal	+
GX20_GAAGCCCCATCGAACT	Normal	+
GX20_GAAGCCCGTAGTGATA	Normal	+
GX20_GAAGCCCGTCTAACGT	Normal	+
GX20_GAAGCCCGTTCGAAGG	Normal	+
GX20_GAAGCGACATCTTCGC	Normal	+
GX20_GAAGCGAGTAGTCTGT	Normal	+
GX20_GAAGCGAGTCTGTAGT	Normal	+
GX20_GAAGCGATCCCAGGAC	Normal	+
GX20_GAAGGACAGGAACTAT	Normal	+
GX20_GAAGGACCAGGAAGTC	Normal	+
GX20_GAAGGACCATTCTTCA	Normal	+
GX20_GAAGGACGTCATATGC	Normal	+
GX20_GAAGGACGTTCACGAT	Normal	+
GX20_GAAGGACTCACCTACC	Normal	+
GX20_GAAGGGTTCCAGTGTA	Normal	+
GX20_GAAGGGTTCCATTTCA	Normal	+
GX20_GAAGTAAAGGCATGGT	Normal	+
GX20_GAAGTAAAGGGTACGT	Normal	+
GX20_GAAGTAAAGGTAAAGG	Normal	+
GX20_GAAGTAACAACGTTAC	Normal	+
GX20_GAAGTAACACCGAATT	Normal	+
GX20_GAAGTAAGTTCGTGCG	Normal	+
GX20_GAAGTAATCATCCTAT	Normal	+
GX20_GAATAGACATGTAACC	Normal	+
GX20_GAATCACAGAACTTCC	Normal	+
GX20_GAATCACAGGCTAACG	Normal	+
GX20_GAATCACTCGGAGTAG	Normal	+
GX20_GAATCGTAGCCTTCTC	Normal	+
GX20_GAATCGTGTGTTGCCG	Normal	+
GX20_GAATCGTGTTGGGTAG	Normal	+
GX20_GAATCGTTCTACTGAG	Normal	+
GX20_GACACGCCATCATGAC	Normal	+
GX20_GACAGCCAGTCCGCGT	Normal	+
GX20_GACAGCCAGTGTACCT	Normal	+
GX20_GACAGCCCAGAGATGC	Normal	+
GX20_GACAGCCGTCGTTCAA	Normal	+
GX20_GACATCAAGTCGAAGC	Normal	+
GX20_GACCAATAGAGTCCGA	Normal	+
GX20_GACCAATCACTAGTAC	Normal	+
GX20_GACCCAGAGCTCATAC	Normal	+
GX20_GACCCAGCAACGCCCA	Normal	+
GX20_GACCCTTAGACATGCG	Normal	+
GX20_GACCCTTCAAAGACTA	Normal	+
GX20_GACCCTTCAGAGGAAA	Normal	+
GX20_GACCCTTTCCCATAGA	Normal	+
GX20_GACCCTTTCGACGACC	Normal	+
GX20_GACCCTTTCTTGTGCC	Normal	+
GX20_GACCGTGAGCCAGAGT	Normal	+
GX20_GACGCTGAGGCTGGAT	Normal	+
GX20_GACGCTGCAGCAGATG	Normal	+
GX20_GACGTTAAGCGGCTCT	Normal	+
GX20_GACGTTAAGGTGCTTT	Normal	+
GX20_GACGTTAGTATTGACC	Normal	+
GX20_GACTATGAGACGAGCT	Normal	+
GX20_GACTATGTCGTTCTGC	Normal	+
GX20_GACTCAATCGGTAACT	Normal	+
GX20_GACTCTCCAGGCTCTG	Normal	+
GX20_GACTCTCGTCTACATG	Normal	+
GX20_GACTCTCGTGATCGTT	Normal	+
GX20_GACTGATAGCGTTACT	Normal	+
GX20_GACTGATAGTTCCGTA	Normal	+
GX20_GACTGATCACTCACTC	Normal	+
GX20_GACTGATTCCGATGTA	Normal	+
GX20_GACTTCCCACTGAGGA	Normal	+
GX20_GACTTCCTCCGAACGC	Normal	+
GX20_GAGAAATAGCGTGCTC	Normal	+
GX20_GAGAAATGTCTAGTGT	Normal	+
GX20_GAGACCCAGAGGTCAC	Normal	+
GX20_GAGACCCAGATGAACT	Normal	+
GX20_GAGACCCTCTCCGTGT	Normal	+
GX20_GAGACTTAGGGCTAAC	Normal	+
GX20_GAGACTTCAGACGATG	Normal	+
GX20_GAGACTTCAGCGTAGA	Normal	+
GX20_GAGAGGTCATTAAGCC	Normal	+
GX20_GAGAGGTGTATGGGAC	Normal	+
GX20_GAGAGGTGTTCAGGTT	Normal	+
GX20_GAGATGGAGACCCTTA	Normal	+
GX20_GAGATGGCACCAGCGT	Normal	+
GX20_GAGATGGCAGTCACGC	Normal	+
GX20_GAGATGGTCCTGCTAC	Normal	+
GX20_GAGATGGTCGCGAAGA	Normal	+
GX20_GAGATGGTCTCTCCGA	Normal	+
GX20_GAGCTGCGTCGCATCG	Normal	+
GX20_GAGCTGCTCGACGAGA	Normal	+
GX20_GAGGCAAAGAAACCCG	Normal	+
GX20_GAGGCAAAGAGGCTGT	Normal	+
GX20_GAGGCAAAGGTAACTA	Normal	+
GX20_GAGGCAATCTTTGCTA	Normal	+
GX20_GAGGCCTAGTTAACAG	Normal	+
GX20_GAGGCCTCAGCAGGAT	Normal	+
GX20_GAGGCCTCATTCAGGT	Normal	+
GX20_GAGGCCTGTCAGCTTA	Normal	+
GX20_GAGGCCTTCTAAGGAA	Normal	+
GX20_GAGGGATGTACAGGTG	Normal	+
GX20_GAGGGATGTGCAGTGA	Normal	+
GX20_GAGGGATTCGACATAC	Normal	+
GX20_GAGGGATTCTAGCCAA	Normal	+
GX20_GAGGGTACAGCTTTCC	Normal	+
GX20_GAGGGTAGTCCTTAAG	Normal	+
GX20_GAGTCTAAGGGAGGCA	Normal	+
GX20_GAGTCTAGTCGCGTTG	Normal	+
GX20_GAGTCTAGTTCATCTT	Normal	+
GX20_GAGTGAGAGGGTACGT	Normal	+
GX20_GAGTGAGAGTATGACA	Normal	+
GX20_GAGTGAGGTGGTTTGT	Normal	+
GX20_GAGTGAGGTTAGGGTG	Normal	+
GX20_GAGTGTTGTCTAACTG	Normal	+
GX20_GAGTTACAGAAGGCTC	Normal	+
GX20_GAGTTACAGTTGCCCG	Normal	+
GX20_GAGTTACCATTCACCC	Normal	+
GX20_GAGTTGTAGGTAAGAG	Normal	+
GX20_GAGTTGTCATCTCGTC	Normal	+
GX20_GAGTTGTGTAAGCGGT	Normal	+
GX20_GAGTTGTTCACCCTGT	Normal	+
GX20_GAGTTGTTCCGGTAAT	Normal	+
GX20_GAGTTGTTCGTTGCCT	Normal	+
GX20_GAGTTTGAGCATGAAT	Normal	+
GX20_GAGTTTGCAACAGAGC	Normal	+
GX20_GAGTTTGGTATTGACC	Normal	+
GX20_GATAGAAAGGTAGGCT	Normal	+
GX20_GATAGAACATCAGCGC	Normal	+
GX20_GATAGAAGTGACAGCA	Normal	+
GX20_GATAGAAGTTGGCCTG	Normal	+
GX20_GATAGAATCGGCATCG	Normal	+
GX20_GATAGCTAGCGATGGT	Normal	+
GX20_GATAGCTAGCGCTTCG	Normal	+
GX20_GATAGCTTCCCTTGTG	Normal	+
GX20_GATCACAGTCTCACAA	Normal	+
GX20_GATCAGTAGCCTCTTC	Normal	+
GX20_GATCAGTAGGTCCCGT	Normal	+
GX20_GATCAGTAGTATAGGT	Normal	+
GX20_GATCAGTCACGATAGG	Normal	+
GX20_GATCAGTGTGACTGTT	Normal	+
GX20_GATCCCTGTATGATCC	Normal	+
GX20_GATCCCTTCCAAGAGG	Normal	+
GX20_GATGACTAGCGGACAT	Normal	+
GX20_GATGACTAGGATGGCT	Normal	+
GX20_GATGACTAGGCTTAAA	Normal	+
GX20_GATGACTGTACCTGTA	Normal	+
GX20_GATGACTTCGTGGCTG	Normal	+
GX20_GATGAGGGTGCGCTCA	Normal	+
GX20_GATGAGGTCACCTCAC	Normal	+
GX20_GATGAGGTCGAACGCC	Normal	+
GX20_GATGATCAGCGTCAAG	Normal	+
GX20_GATGATCAGGGTCACA	Normal	+
GX20_GATGATCCAGCAGTAG	Normal	+
GX20_GATGATCGTGGCTACC	Normal	+
GX20_GATGCTAAGGAAGTGA	Normal	+
GX20_GATGCTACAGGCAATG	Normal	+
GX20_GATGCTATCACGATCA	Normal	+
GX20_GATGCTATCCTTGACC	Normal	+
GX20_GATGCTATCTAGGCAT	Normal	+
GX20_GATGGAGTCACCTCTG	Normal	+
GX20_GATTCGACAGCGTAGA	Normal	+
GX20_GATTCGAGTGCCCTTT	Normal	+
GX20_GATTCTTAGCAAGTCG	Normal	+
GX20_GATTCTTAGGAGACCT	Normal	+
GX20_GATTCTTTCTCGTCAC	Normal	+
GX20_GATTGGTCAGAGAAAG	Normal	+
GX20_GATTGGTGTTTGGAGG	Normal	+
GX20_GATTGGTGTTTGTTGG	Normal	+
GX20_GATTTCTCATCATTGG	Normal	+
GX20_GATTTCTCATCTCCCA	Normal	+
GX20_GATTTCTGTGCTGTCG	Normal	+
GX20_GATTTCTGTTCCGCTT	Normal	+
GX20_GATTTCTGTTGTTGAC	Normal	+
GX20_GCAACATCACTGCGAC	Normal	+
GX20_GCAACATCATATCGGT	Normal	+
GX20_GCAACATGTATCAGGG	Normal	+
GX20_GCAACATGTTCAGCTA	Normal	+
GX20_GCAACATGTTGCGTAT	Normal	+
GX20_GCAACCGCAATTGCTG	Normal	+
GX20_GCAACCGCACTTGACA	Normal	+
GX20_GCAACCGTCGACGTCG	Normal	+
GX20_GCAACCGTCTCAAAGC	Normal	+
GX20_GCAACCGTCTGAGTCA	Normal	+
GX20_GCACATATCCATCTCG	Normal	+
GX20_GCACGGTAGTAATACG	Normal	+
GX20_GCACGGTCACATATGC	Normal	+
GX20_GCACGGTGTAGGTGCA	Normal	+
GX20_GCACGTGAGAAACTAC	Normal	+
GX20_GCACGTGAGCTCGCAC	Normal	+
GX20_GCAGCCAAGCACTCAT	Normal	+
GX20_GCAGCCAAGTATTAGG	Normal	+
GX20_GCAGCCACATCATTTC	Normal	+
GX20_GCAGCCAGTTCTCAGA	Normal	+
GX20_GCAGCTGGTAGAGGAA	Normal	+
GX20_GCAGCTGGTTTGTTCT	Normal	+
GX20_GCAGGCTAGCTCTATG	Normal	+
GX20_GCAGGCTGTTCTCCAC	Normal	+
GX20_GCAGTTACATCAGTGT	Normal	+
GX20_GCAGTTATCGCTAGCG	Normal	+
GX20_GCAGTTATCTCCGAAA	Normal	+
GX20_GCATCGGCATACCGTA	Normal	+
GX20_GCATCGGGTTAGGCTT	Normal	+
GX20_GCATCGGGTTCGAAGG	Normal	+
GX20_GCATCTCAGTGTTGTC	Normal	+
GX20_GCATGATAGGATACAT	Normal	+
GX20_GCATGATAGGATACCG	Normal	+
GX20_GCATGATGTCGTAATC	Normal	+
GX20_GCATGATGTTTGAAAG	Normal	+
GX20_GCATGATTCCACAGCG	Normal	+
GX20_GCATGATTCGCAAGAG	Normal	+
GX20_GCATTAGAGGCGAAGG	Normal	+
GX20_GCATTAGGTCGTTATG	Normal	+
GX20_GCCAACGGTAGTGCGA	Normal	+
GX20_GCCAACGTCCATTGTT	Normal	+
GX20_GCCAGCAGTGCATGAG	Normal	+
GX20_GCCAGGTCAAGATCCT	Normal	+
GX20_GCCAGGTGTTTAGAGA	Normal	+
GX20_GCCAGGTTCAATCTCT	Normal	+
GX20_GCCAGTGAGAGGCTGT	Normal	+
GX20_GCCAGTGAGCCGTTGC	Normal	+
GX20_GCCAGTGCATGTGTCA	Normal	+
GX20_GCCAGTGTCCAGTTCC	Normal	+
GX20_GCCCGAACACATTGTG	Normal	+
GX20_GCCCGAAGTGAAAGTT	Normal	+
GX20_GCCGATGAGATTGCGG	Normal	+
GX20_GCCGATGCATTCACAG	Normal	+
GX20_GCCGATGTCTGAGAAA	Normal	+
GX20_GCCGTGACAATGCAAA	Normal	+
GX20_GCCGTGAGTGGTCTAT	Normal	+
GX20_GCCTGTTAGTTTCGAC	Normal	+
GX20_GCCTGTTTCGTAGGAG	Normal	+
GX20_GCGAGAAAGAGGACTC	Normal	+
GX20_GCGAGAACATATACCG	Normal	+
GX20_GCGAGAAGTGAGCAGT	Normal	+
GX20_GCGAGAATCACCTCTG	Normal	+
GX20_GCGATCGAGAAGGTAG	Normal	+
GX20_GCGATCGAGTGTACCT	Normal	+
GX20_GCGATCGTCTGTCAGA	Normal	+
GX20_GCGGAAACAATCTCTT	Normal	+
GX20_GCGGAAACATCTTAGG	Normal	+
GX20_GCGGAAACATGGAACG	Normal	+
GX20_GCGGAAAGTTGCCAAT	Normal	+
GX20_GCGGATCTCTCCACTG	Normal	+
GX20_GCGTGCAAGCGCCATC	Normal	+
GX20_GCGTGCACATATCGGT	Normal	+
GX20_GCGTGCACATTGGATC	Normal	+
GX20_GCGTGCATCACTACTT	Normal	+
GX20_GCGTGCATCCGAAGGA	Normal	+
GX20_GCGTGCATCGTTCCCA	Normal	+
GX20_GCGTTTCAGACGACTG	Normal	+
GX20_GCGTTTCAGTCTAACC	Normal	+
GX20_GCGTTTCGTTGAGGAC	Normal	+
GX20_GCGTTTCTCCAGTACA	Normal	+
GX20_GCGTTTCTCGGTGAAG	Normal	+
GX20_GCTACAATCGTGCTCT	Normal	+
GX20_GCTACCTTCCCATAGA	Normal	+
GX20_GCTCAAAAGATGTTAG	Normal	+
GX20_GCTGAATAGGGACACT	Normal	+
GX20_GCTGCAGAGGCATCTT	Normal	+
GX20_GCTGCAGCAAACCGGA	Normal	+
GX20_GCTGGGTGTGAGTCAG	Normal	+
GX20_GCTGGGTTCTATGTGG	Normal	+
GX20_GCTTCACGTACAGAAT	Normal	+
GX20_GCTTCACGTAGATTAG	Normal	+
GX20_GCTTGGGAGCCGCTTG	Normal	+
GX20_GCTTGGGCAATGACCT	Normal	+
GX20_GCTTGGGCACAGCATT	Normal	+
GX20_GCTTGGGGTAACATAG	Normal	+
GX20_GCTTTCGAGGACACTG	Normal	+
GX20_GGAACCCAGGGTACAC	Normal	+
GX20_GGAAGTGCATGTGTCA	Normal	+
GX20_GGAAGTGGTCCTTGTC	Normal	+
GX20_GGAAGTGTCAAAGAAC	Normal	+
GX20_GGAAGTGTCTCTTCAA	Normal	+
GX20_GGAATCTAGCAGATAT	Normal	+
GX20_GGAATCTCAACTCGAT	Normal	+
GX20_GGAATGGCACCCTGTT	Normal	+
GX20_GGACGTCCAACACGAG	Normal	+
GX20_GGACGTCGTAGCTTAC	Normal	+
GX20_GGAGAACAGAGGTGCT	Normal	+
GX20_GGAGAACGTGAATTAG	Normal	+
GX20_GGAGAACGTGCATCTA	Normal	+
GX20_GGAGAACGTGGCCACT	Normal	+
GX20_GGAGAACTCGATTTCT	Normal	+
GX20_GGAGAACTCGTAGTGT	Normal	+
GX20_GGAGATGAGATGTTAG	Normal	+
GX20_GGAGATGAGGAGGGTG	Normal	+
GX20_GGAGATGCACAGTCAT	Normal	+
GX20_GGAGATGCATACTGAC	Normal	+
GX20_GGAGCAAAGTTGCGCC	Normal	+
GX20_GGAGCAACAAAGAACT	Normal	+
GX20_GGAGCAACATTGAAAG	Normal	+
GX20_GGAGCAAGTCTTCATT	Normal	+
GX20_GGAGGATAGGGAGGTG	Normal	+
GX20_GGAGGATCACCAGTAT	Normal	+
GX20_GGAGGATCATCATTTC	Normal	+
GX20_GGAGGATGTGCTCCGA	Normal	+
GX20_GGAGGATGTGTGATGG	Normal	+
GX20_GGAGGTAAGTCGCGAA	Normal	+
GX20_GGAGGTAGTCTACTGA	Normal	+
GX20_GGAGGTATCCTGGCTT	Normal	+
GX20_GGATCTAAGTCACACT	Normal	+
GX20_GGATCTACATCATGAC	Normal	+
GX20_GGATCTAGTAGCGAGT	Normal	+
GX20_GGATCTATCACCGGGT	Normal	+
GX20_GGATGTTCATCTAACG	Normal	+
GX20_GGATGTTTCAGTGCGC	Normal	+
GX20_GGATGTTTCCGGTAGC	Normal	+
GX20_GGCACGTAGCCGGAAT	Normal	+
GX20_GGCACGTCAGCGTTTA	Normal	+
GX20_GGCACGTTCAACTTTC	Normal	+
GX20_GGCACGTTCCCGAACG	Normal	+
GX20_GGCGTCAGTTAGAAGT	Normal	+
GX20_GGCGTCATCTCTGACC	Normal	+
GX20_GGCTGTGCACAGCCAC	Normal	+
GX20_GGCTTGGCAACCTATG	Normal	+
GX20_GGCTTGGGTCGTTTCC	Normal	+
GX20_GGCTTGGGTGCACGCT	Normal	+
GX20_GGCTTGGTCCATTGTT	Normal	+
GX20_GGCTTTCAGGCGACAT	Normal	+
GX20_GGCTTTCGTGGTCTTA	Normal	+
GX20_GGCTTTCTCGTTCCTG	Normal	+
GX20_GGGAAGTCAGACACCC	Normal	+
GX20_GGGAAGTCAGGTCAGA	Normal	+
GX20_GGGAAGTCATCCGATA	Normal	+
GX20_GGGAAGTGTCCGAAAG	Normal	+
GX20_GGGAAGTGTCTAGGTT	Normal	+
GX20_GGGAAGTTCTGGCCTT	Normal	+
GX20_GGGACAAAGGGAGGGT	Normal	+
GX20_GGGACAAAGTATAACG	Normal	+
GX20_GGGACAAGTGTTACTG	Normal	+
GX20_GGGACCTCAATCTCGA	Normal	+
GX20_GGGACCTCACTCACTC	Normal	+
GX20_GGGACCTGTAACAGTA	Normal	+
GX20_GGGACCTGTACCTTCC	Normal	+
GX20_GGGACCTGTGGACCTC	Normal	+
GX20_GGGACCTTCGTACACA	Normal	+
GX20_GGGACTCAGGCACAAC	Normal	+
GX20_GGGACTCAGGCCTAAG	Normal	+
GX20_GGGACTCAGGTATTGA	Normal	+
GX20_GGGAGATGTCACAGTT	Normal	+
GX20_GGGAGTAAGAGCAGTC	Normal	+
GX20_GGGAGTACACGATAGG	Normal	+
GX20_GGGAGTAGTAGCACGA	Normal	+
GX20_GGGAGTAGTCACTCGG	Normal	+
GX20_GGGAGTATCCCAAGCG	Normal	+
GX20_GGGAGTATCCCAGGAC	Normal	+
GX20_GGGAGTATCCCTTCCC	Normal	+
GX20_GGGATCCGTTTCGCTC	Normal	+
GX20_GGGATCCTCACTGATG	Normal	+
GX20_GGGATGAAGCGGTATG	Normal	+
GX20_GGGATGACAGGGTTGA	Normal	+
GX20_GGGATGATCGGAAACG	Normal	+
GX20_GGGCCATTCCAACCAA	Normal	+
GX20_GGGCGTTAGTCTCGTA	Normal	+
GX20_GGGCGTTGTCCGACGT	Normal	+
GX20_GGGCGTTTCCTGTTGC	Normal	+
GX20_GGGCGTTTCTGCGTCT	Normal	+
GX20_GGGCTACCACAGTCGC	Normal	+
GX20_GGGCTACGTAACGGTG	Normal	+
GX20_GGGCTACGTATGAAGT	Normal	+
GX20_GGGCTACTCTGGTTGA	Normal	+
GX20_GGGCTCAAGTCACAGG	Normal	+
GX20_GGGCTCAAGTGTCATC	Normal	+
GX20_GGGTAGACAAGCACAG	Normal	+
GX20_GGGTAGAGTGACCGTC	Normal	+
GX20_GGGTATTGTTATGTGC	Normal	+
GX20_GGGTATTTCTCCAAGA	Normal	+
GX20_GGGTCACAGTCGCTAT	Normal	+
GX20_GGGTCACAGTTCCGGC	Normal	+
GX20_GGGTCACCAGAGTGTG	Normal	+
GX20_GGGTCACTCGCCGTGA	Normal	+
GX20_GGGTCACTCGCTTAAG	Normal	+
GX20_GGGTGAAAGTTGGGAC	Normal	+
GX20_GGGTGAACAGCACAAG	Normal	+
GX20_GGGTGAACAGCTCCTT	Normal	+
GX20_GGGTGAAGTTCCACAA	Normal	+
GX20_GGGTGTCCATAATGAG	Normal	+
GX20_GGGTTATAGCTGCCAC	Normal	+
GX20_GGGTTATAGTAACAGT	Normal	+
GX20_GGGTTATCAACCCTAA	Normal	+
GX20_GGGTTATCAATAGGGC	Normal	+
GX20_GGGTTATCACAGCTGC	Normal	+
GX20_GGGTTATGTCTGTCCT	Normal	+
GX20_GGGTTTACAGAGTGAC	Normal	+
GX20_GGGTTTATCGAGCACC	Normal	+
GX20_GGTAACTAGATGCCGA	Normal	+
GX20_GGTAACTAGCCTTTGA	Normal	+
GX20_GGTAACTTCATGCATG	Normal	+
GX20_GGTAATCAGATGTAGT	Normal	+
GX20_GGTAGAGTCGGAGATG	Normal	+
GX20_GGTCACGCATGTCGTA	Normal	+
GX20_GGTGATTAGGATACCG	Normal	+
GX20_GGTGATTCAATACGCT	Normal	+
GX20_GGTGATTCATAATGAG	Normal	+
GX20_GGTGATTTCGCCTTGT	Normal	+
GX20_GGTGATTTCTCCGTGT	Normal	+
GX20_GGTGGCTCACACGCCA	Normal	+
GX20_GGTGGCTTCCGAAATC	Normal	+
GX20_GGTGTCGGTAGGCTGA	Normal	+
GX20_GGTGTTAAGAGTACCG	Normal	+
GX20_GGTGTTAAGCGAATGC	Normal	+
GX20_GGTGTTACAAGAGCTG	Normal	+
GX20_GGTGTTAGTCACTGAT	Normal	+
GX20_GGTGTTATCGCAATGT	Normal	+
GX20_GGTTAACGTACAGAGC	Normal	+
GX20_GGTTCTCCAAGAGGCT	Normal	+
GX20_GGTTCTCGTGTCTTGA	Normal	+
GX20_GGTTCTCGTTACAGCT	Normal	+
GX20_GTAACACAGGTATAGT	Normal	+
GX20_GTAACACCACGCTGTG	Normal	+
GX20_GTAACACCAGCGTGAA	Normal	+
GX20_GTAACCAGTTGCAAGG	Normal	+
GX20_GTAACCATCCCAGTGG	Normal	+
GX20_GTAAGTCGTGGACTGA	Normal	+
GX20_GTAATCGCAGTCACGC	Normal	+
GX20_GTAATCGTCTTTCAGT	Normal	+
GX20_GTAATGCAGCTAAGTA	Normal	+
GX20_GTAATGCTCTAAGGAA	Normal	+
GX20_GTAATGCTCTTTCCAA	Normal	+
GX20_GTACAACCATTGACTG	Normal	+
GX20_GTACAACGTCAGGTAG	Normal	+
GX20_GTACAGTAGACCTCAT	Normal	+
GX20_GTACAGTCAAACTGCT	Normal	+
GX20_GTACAGTCAAAGACTA	Normal	+
GX20_GTACAGTTCCCAGCGA	Normal	+
GX20_GTAGAGGGTAGACAGC	Normal	+
GX20_GTAGATCCAAGTCGTT	Normal	+
GX20_GTAGATCCAGCAGTTT	Normal	+
GX20_GTAGATCCAGTCGGTC	Normal	+
GX20_GTAGATCCATCAGCAT	Normal	+
GX20_GTAGATCGTGACATCT	Normal	+
GX20_GTAGCTAGTAGGTACG	Normal	+
GX20_GTAGGAGCACATGTTG	Normal	+
GX20_GTAGGAGCATCCCGTT	Normal	+
GX20_GTAGGAGGTCAGGTAG	Normal	+
GX20_GTAGGAGGTGATTCTG	Normal	+
GX20_GTAGGAGTCTTTCGAT	Normal	+
GX20_GTAGGTTAGCGAGTAC	Normal	+
GX20_GTAGGTTAGTTAGTAG	Normal	+
GX20_GTAGGTTCAGTTGTTG	Normal	+
GX20_GTAGGTTGTTGGAGAC	Normal	+
GX20_GTAGGTTTCCTTATGT	Normal	+
GX20_GTAGGTTTCGGTTGTA	Normal	+
GX20_GTAGTACTCTGGCCTT	Normal	+
GX20_GTATTGGCAAGGACAC	Normal	+
GX20_GTATTGGGTCCACATA	Normal	+
GX20_GTATTGGGTCCGGATC	Normal	+
GX20_GTATTGGGTGTAACGG	Normal	+
GX20_GTATTGGTCACATCAG	Normal	+
GX20_GTATTGGTCGGAGTGA	Normal	+
GX20_GTATTTCAGTCCCGAC	Normal	+
GX20_GTATTTCCACCAGCGT	Normal	+
GX20_GTATTTCCACGCAGTC	Normal	+
GX20_GTATTTCCAGACGCTC	Normal	+
GX20_GTATTTCTCGTGCATA	Normal	+
GX20_GTCAAACAGTTGAATG	Normal	+
GX20_GTCAAGTAGTAGATCA	Normal	+
GX20_GTCAAGTGTTGGACTT	Normal	+
GX20_GTCAAGTTCACTGGTA	Normal	+
GX20_GTCAAGTTCGGCATAT	Normal	+
GX20_GTCACGGTCAACACCA	Normal	+
GX20_GTCACGGTCGGCATTA	Normal	+
GX20_GTCACTCAGAGGACTC	Normal	+
GX20_GTCACTCGTACTGACT	Normal	+
GX20_GTCACTCTCCTTCGAC	Normal	+
GX20_GTCAGCGAGTTCATGC	Normal	+
GX20_GTCAGCGCATCTGTTT	Normal	+
GX20_GTCAGCGGTAGACAAT	Normal	+
GX20_GTCAGCGTCATGAAAG	Normal	+
GX20_GTCATCCGTGATTAGA	Normal	+
GX20_GTCATCCTCTTAGTTC	Normal	+
GX20_GTCATGAAGATGTTCC	Normal	+
GX20_GTCATGAAGGGCAGTT	Normal	+
GX20_GTCATGAAGTCTGCAT	Normal	+
GX20_GTCATTTTCTCGAACA	Normal	+
GX20_GTCCACTAGTAGACCG	Normal	+
GX20_GTCCACTCAAATACAG	Normal	+
GX20_GTCCACTCAAGTATCC	Normal	+
GX20_GTCCACTCACATCCCT	Normal	+
GX20_GTCCACTTCGCTTTAT	Normal	+
GX20_GTCCACTTCTATACTC	Normal	+
GX20_GTCCACTTCTGCTGAA	Normal	+
GX20_GTCCCATCAATAGGAT	Normal	+
GX20_GTCCTCACATTCCTAT	Normal	+
GX20_GTCCTCATCCCATAGA	Normal	+
GX20_GTCGAATAGACAGTCG	Normal	+
GX20_GTCGAATAGCCTCTCT	Normal	+
GX20_GTCGAATCATATTCGG	Normal	+
GX20_GTCGCGACATTGACCA	Normal	+
GX20_GTCGTAAAGCTGACCC	Normal	+
GX20_GTCGTAAGTGGTACAG	Normal	+
GX20_GTCGTTCGTACTAGCT	Normal	+
GX20_GTCGTTCGTAGCGTTT	Normal	+
GX20_GTCTACCAGTCGGGAT	Normal	+
GX20_GTCTACCCAATCAAGA	Normal	+
GX20_GTCTAGAAGCATCCCG	Normal	+
GX20_GTCTAGAAGTTGAAGT	Normal	+
GX20_GTCTAGAGTCCACAGC	Normal	+
GX20_GTCTAGAGTTGCTGAT	Normal	+
GX20_GTCTCACAGGAGTCTG	Normal	+
GX20_GTCTCACAGTCGAGGT	Normal	+
GX20_GTCTCACCACAAATAG	Normal	+
GX20_GTCTCACCATGGCACC	Normal	+
GX20_GTCTGTCTCCTATTGT	Normal	+
GX20_GTCTGTCTCTCGCTTG	Normal	+
GX20_GTCTTTAAGCCAAGGT	Normal	+
GX20_GTGACGCAGGACGCTA	Normal	+
GX20_GTGACGCCAGCATTGT	Normal	+
GX20_GTGACGCGTACTCGAT	Normal	+
GX20_GTGACGCTCCCTTGGT	Normal	+
GX20_GTGAGGAAGACATATG	Normal	+
GX20_GTGAGGAAGATGACCG	Normal	+
GX20_GTGAGGAGTCGCGTTG	Normal	+
GX20_GTGAGGAGTCTAGGTT	Normal	+
GX20_GTGAGTTCAGAGAATT	Normal	+
GX20_GTGAGTTCATAGATCC	Normal	+
GX20_GTGATGTTCACCGGTG	Normal	+
GX20_GTGATGTTCTACAGGT	Normal	+
GX20_GTGCACGCACACCGCA	Normal	+
GX20_GTGCACGTCACTTTGT	Normal	+
GX20_GTGCAGCAGATGCTTC	Normal	+
GX20_GTGCGTGCACAGCATT	Normal	+
GX20_GTGCGTGTCCTACCGT	Normal	+
GX20_GTGCTGGCATATCTCT	Normal	+
GX20_GTGCTGGGTAACTTCG	Normal	+
GX20_GTGCTGGGTGTCTTAG	Normal	+
GX20_GTGCTTCTCCCATTTA	Normal	+
GX20_GTGGAAGAGGTGCGAT	Normal	+
GX20_GTGGAAGGTGCTGTCG	Normal	+
GX20_GTGGAAGTCGCTTTAT	Normal	+
GX20_GTGGAGACATGGCGCT	Normal	+
GX20_GTGGAGAGTAAGACCG	Normal	+
GX20_GTGGAGAGTTCCAAAC	Normal	+
GX20_GTGGAGATCCAGTTCC	Normal	+
GX20_GTGGCGTAGTTCCAGT	Normal	+
GX20_GTGGCGTCAACGCCCA	Normal	+
GX20_GTGGGAAGTCTGTCCT	Normal	+
GX20_GTGGTTAAGGCTTAGG	Normal	+
GX20_GTGGTTACATTCGATG	Normal	+
GX20_GTGGTTAGTTTAGTCG	Normal	+
GX20_GTGTAACAGTTGGCTT	Normal	+
GX20_GTGTCCTGTCGTTGCG	Normal	+
GX20_GTGTCCTTCGATTGAC	Normal	+
GX20_GTGTGATGTCACAGAG	Normal	+
GX20_GTGTGATGTGATCATC	Normal	+
GX20_GTGTGATTCGCTTAAG	Normal	+
GX20_GTGTGGCTCGAGTTGT	Normal	+
GX20_GTGTTAGAGTGGTTAA	Normal	+
GX20_GTGTTAGCATCGAAGG	Normal	+
GX20_GTGTTAGCATTGTCGA	Normal	+
GX20_GTGTTAGGTGTGTACT	Normal	+
GX20_GTGTTCCCAGAACTAA	Normal	+
GX20_GTGTTCCGTTGCATCA	Normal	+
GX20_GTTACAGCACGAGGTA	Normal	+
GX20_GTTACAGTCTTAGTTC	Normal	+
GX20_GTTACCCAGAATACAC	Normal	+
GX20_GTTACCCAGCTGTGCC	Normal	+
GX20_GTTACGACACGACAGA	Normal	+
GX20_GTTACGACATTCAGGT	Normal	+
GX20_GTTACGAGTCGAAGCA	Normal	+
GX20_GTTAGACAGCCACCGT	Normal	+
GX20_GTTAGACCAAACTCTG	Normal	+
GX20_GTTAGACCAGCAGTAG	Normal	+
GX20_GTTAGACTCCGCAACG	Normal	+
GX20_GTTAGTGAGACAAGCC	Normal	+
GX20_GTTAGTGAGCGAATGC	Normal	+
GX20_GTTAGTGCACCAAATC	Normal	+
GX20_GTTCATTCAACAAGTA	Normal	+
GX20_GTTCATTCATCGATGT	Normal	+
GX20_GTTCATTTCGCCAACG	Normal	+
GX20_GTTCATTTCTGCCTCA	Normal	+
GX20_GTTCCGTCAAATCAAG	Normal	+
GX20_GTTCCGTCATATGGCT	Normal	+
GX20_GTTCCGTTCACGAACT	Normal	+
GX20_GTTCGCTAGCTCCCTT	Normal	+
GX20_GTTCGCTCAATTAGGA	Normal	+
GX20_GTTCGCTTCGTCCATC	Normal	+
GX20_GTTCTATGTTAAAGTG	Normal	+
GX20_GTTCTATTCGGAACTT	Normal	+
GX20_GTTCTATTCGGCAGTC	Normal	+
GX20_GTTGAACTCATCGTAG	Normal	+
GX20_GTTGAACTCCGTGGGT	Normal	+
GX20_GTTGAACTCCTCACCA	Normal	+
GX20_GTTGAACTCGCGTGAC	Normal	+
GX20_GTTGCGGTCTACTGAG	Normal	+
GX20_GTTGCTCAGTAAACGT	Normal	+
GX20_GTTGCTCCAGTGAGCA	Normal	+
GX20_GTTGCTCGTACGGATG	Normal	+
GX20_GTTGTAGAGCATACTC	Normal	+
GX20_GTTGTAGTCGAGAGCA	Normal	+
GX20_GTTGTAGTCGGTCTGG	Normal	+
GX20_GTTGTCCAGCGTCAAG	Normal	+
GX20_GTTGTCCCAGACCGCT	Normal	+
GX20_GTTGTGAAGGTTCCAT	Normal	+
GX20_GTTGTGAAGTTGCTCA	Normal	+
GX20_GTTGTGACACGAAGAC	Normal	+
GX20_GTTGTGAGTTTCGACA	Normal	+
GX20_GTTTACTTCGCTGATA	Normal	+
GX20_GTTTACTTCTCAACGA	Normal	+
GX20_GTTTGGAGTGGATTTC	Normal	+
GX20_TAACACGCAAACCATC	Normal	+
GX20_TAACCAGAGCTGCCAC	Normal	+
GX20_TAACCAGGTGAACCGA	Normal	+
GX20_TAACGACAGAGATGCC	Normal	+
GX20_TAACGACGTCTGTTAG	Normal	+
GX20_TAACGACGTTCTAACG	Normal	+
GX20_TAACTTCTCGTGAGAG	Normal	+
GX20_TAAGCACAGCATGTTC	Normal	+
GX20_TAAGCACCAGACCGCT	Normal	+
GX20_TAAGCACCATTCTCCG	Normal	+
GX20_TAAGCACGTAGACTGG	Normal	+
GX20_TAAGCACGTCGATTAC	Normal	+
GX20_TAAGCCAAGCGAGTCA	Normal	+
GX20_TAAGCCAAGGGATCAC	Normal	+
GX20_TAAGCCAGTTGGGTTT	Normal	+
GX20_TAAGCCATCGTGGGTC	Normal	+
GX20_TAAGCGTAGAGGATCC	Normal	+
GX20_TAAGCGTCACGACAAG	Normal	+
GX20_TAAGTCGTCTGCTTTA	Normal	+
GX20_TAATCTCGTTGGTAGG	Normal	+
GX20_TAATTCCAGCTCCATA	Normal	+
GX20_TAATTCCCACTAACGT	Normal	+
GX20_TAATTCCCAGAACGCA	Normal	+
GX20_TAATTCCCAGCGAACA	Normal	+
GX20_TAATTCCTCACCGGTG	Normal	+
GX20_TACAACGAGGTTAAAC	Normal	+
GX20_TACAACGCAAGAAATC	Normal	+
GX20_TACACCCAGTGGATAT	Normal	+
GX20_TACACCCCAACCTAAC	Normal	+
GX20_TACAGGTCACATATGC	Normal	+
GX20_TACAGGTTCACGGGCT	Normal	+
GX20_TACAGGTTCGACTCCT	Normal	+
GX20_TACATTCAGCTCCCTT	Normal	+
GX20_TACATTCCAGGCTACC	Normal	+
GX20_TACATTCTCAGGTGTT	Normal	+
GX20_TACCCACCACGCCAGT	Normal	+
GX20_TACCCACCATACCATG	Normal	+
GX20_TACCCGTCACCCTGAG	Normal	+
GX20_TACCCGTTCAGCGTCG	Normal	+
GX20_TACCGAAAGTTCCTGA	Normal	+
GX20_TACCGAACAAAGTATG	Normal	+
GX20_TACCGAAGTTGCTCCT	Normal	+
GX20_TACCGAATCACTGGGC	Normal	+
GX20_TACCGAATCCGCAAAT	Normal	+
GX20_TACCGAATCCTCTCGA	Normal	+
GX20_TACCGAATCGTTCTCG	Normal	+
GX20_TACCGGGAGGGACACT	Normal	+
GX20_TACCGGGCATATCGGT	Normal	+
GX20_TACCTGCAGCAGTAAT	Normal	+
GX20_TACCTGCCAATGTCAC	Normal	+
GX20_TACGCTCAGCCATTCA	Normal	+
GX20_TACGCTCCATCAACCA	Normal	+
GX20_TACGCTCGTAAGTTAG	Normal	+
GX20_TACGGGCCATCCAACA	Normal	+
GX20_TACGGGCGTAGTATAG	Normal	+
GX20_TACGGGCGTTGGGACA	Normal	+
GX20_TACGGGCTCTATCGTT	Normal	+
GX20_TACGGTACAAACACCT	Normal	+
GX20_TACGGTACACGCTGCA	Normal	+
GX20_TACGGTACAGCTACTA	Normal	+
GX20_TACGGTATCCTAAACG	Normal	+
GX20_TACGTCCTCATGGATC	Normal	+
GX20_TACTGCCAGTTGGAAT	Normal	+
GX20_TACTGCCCAGGCGAAT	Normal	+
GX20_TACTGCCTCCCAGGCA	Normal	+
GX20_TACTTACAGGATATAC	Normal	+
GX20_TACTTACCAATGGCCC	Normal	+
GX20_TACTTCAAGCCATTCA	Normal	+
GX20_TACTTCACAGTCTGGC	Normal	+
GX20_TACTTCATCCAATGCA	Normal	+
GX20_TACTTGTAGTGGCCTC	Normal	+
GX20_TACTTGTTCGAGAACG	Normal	+
GX20_TAGACTGCAAAGCTCT	Normal	+
GX20_TAGAGTCAGCACTAAA	Normal	+
GX20_TAGAGTCCACAGAGAC	Normal	+
GX20_TAGATCGAGACATAAC	Normal	+
GX20_TAGATCGAGCTATCCA	Normal	+
GX20_TAGATCGTCACAGTGT	Normal	+
GX20_TAGCACAAGGGCAACT	Normal	+
GX20_TAGCACAGTCATAAAG	Normal	+
GX20_TAGCACATCTAGTGAC	Normal	+
GX20_TAGGAGGAGTAATCCC	Normal	+
GX20_TAGGGTTGTAGAGATT	Normal	+
GX20_TAGGTACCATGGGTTT	Normal	+
GX20_TAGGTACTCTGGTTGA	Normal	+
GX20_TAGGTTGCAAAGTATG	Normal	+
GX20_TAGTGCAAGTAGATCA	Normal	+
GX20_TAGTGCAGTCTCACGG	Normal	+
GX20_TAGTGCAGTTTGGGTT	Normal	+
GX20_TATACCTCAAGCGGAT	Normal	+
GX20_TATACCTTCGTACACA	Normal	+
GX20_TATATCCAGGCATGGT	Normal	+
GX20_TATATCCTCCCATGGG	Normal	+
GX20_TATCCTACAGTCACGC	Normal	+
GX20_TATCCTAGTGTAACGG	Normal	+
GX20_TATCGCCCATTCTGTT	Normal	+
GX20_TATCTGTGTGATACCT	Normal	+
GX20_TATCTTGAGCACACCC	Normal	+
GX20_TATCTTGAGCTCTTCC	Normal	+
GX20_TATCTTGCACCCTTGT	Normal	+
GX20_TATGTTCAGCACTTTG	Normal	+
GX20_TATGTTCAGTGTTCCA	Normal	+
GX20_TATGTTCTCCTGCCAT	Normal	+
GX20_TATGTTCTCGCAGTCG	Normal	+
GX20_TATTCCAAGGGAGGGT	Normal	+
GX20_TATTCCAAGGTTCACT	Normal	+
GX20_TATTCCACAGAACTCT	Normal	+
GX20_TATTCCACATGCTGCG	Normal	+
GX20_TATTGCTAGTCCGCCA	Normal	+
GX20_TATTGCTGTGAGATCG	Normal	+
GX20_TATTGCTTCTGGTGCG	Normal	+
GX20_TATTGGGCAGAGGTTG	Normal	+
GX20_TATTGGGCAGGGCTTC	Normal	+
GX20_TATTGGGCATCTGCGG	Normal	+
GX20_TATTTCGAGAAATTGC	Normal	+
GX20_TATTTCGGTGGCTGCT	Normal	+
GX20_TATTTCGTCGACATCA	Normal	+
GX20_TATTTCGTCTCTAAGG	Normal	+
GX20_TATTTCGTCTGCGTCT	Normal	+
GX20_TCAAGACAGCTGACAG	Normal	+
GX20_TCAAGACAGTCTAGCT	Normal	+
GX20_TCAAGACAGTGGCCTC	Normal	+
GX20_TCAAGACCAATACCCA	Normal	+
GX20_TCAAGACCACTGCATA	Normal	+
GX20_TCAAGACGTCGCGGTT	Normal	+
GX20_TCAAGACTCAGGCGAA	Normal	+
GX20_TCAAGCAAGCTCGACC	Normal	+
GX20_TCAAGCACAACGGCCT	Normal	+
GX20_TCAAGCACATATCTGG	Normal	+
GX20_TCAAGCACATGGGTCC	Normal	+
GX20_TCAATCTGTGACCTGC	Normal	+
GX20_TCAATCTGTGCGTTTA	Normal	+
GX20_TCAATCTTCCACCTGT	Normal	+
GX20_TCAATCTTCCATGCAA	Normal	+
GX20_TCAATTCCAAGACCGA	Normal	+
GX20_TCAATTCGTCAAGCGA	Normal	+
GX20_TCAATTCGTCGGTAAG	Normal	+
GX20_TCAATTCGTGGTCAAG	Normal	+
GX20_TCAATTCTCACAACCA	Normal	+
GX20_TCACAAGGTACATTGC	Normal	+
GX20_TCACAAGGTCATAGTC	Normal	+
GX20_TCACACCAGCTGGCCT	Normal	+
GX20_TCACACCTCAGACTGT	Normal	+
GX20_TCACACCTCAGGAAGC	Normal	+
GX20_TCACACCTCCGATGCG	Normal	+
GX20_TCACATTCACCTCTAC	Normal	+
GX20_TCACATTCATCGATAC	Normal	+
GX20_TCACATTTCATGCCAA	Normal	+
GX20_TCACATTTCGCCCAGA	Normal	+
GX20_TCACGGGAGACCAAAT	Normal	+
GX20_TCACTATAGATGACCG	Normal	+
GX20_TCACTATGTACATACC	Normal	+
GX20_TCACTCGAGGTAAGGA	Normal	+
GX20_TCACTCGGTCCGGTCA	Normal	+
GX20_TCAGCAACACTCACTC	Normal	+
GX20_TCAGCAACAGTGGGTA	Normal	+
GX20_TCAGCAAGTACCTGTA	Normal	+
GX20_TCAGCAATCACCCTTG	Normal	+
GX20_TCAGCAATCGAGAGAC	Normal	+
GX20_TCAGCCTTCGAAGCCC	Normal	+
GX20_TCAGGGCTCTCCTACG	Normal	+
GX20_TCAGGTAAGAAGGCTC	Normal	+
GX20_TCAGGTACACCGGTCA	Normal	+
GX20_TCAGGTATCTGACCCT	Normal	+
GX20_TCAGTGACAAGCAGGT	Normal	+
GX20_TCAGTTTAGGTAGACC	Normal	+
GX20_TCAGTTTAGTATTGCC	Normal	+
GX20_TCAGTTTTCATCGGGC	Normal	+
GX20_TCATACTCATGAGGGT	Normal	+
GX20_TCATACTTCAGACCCG	Normal	+
GX20_TCATACTTCGGTCTGG	Normal	+
GX20_TCATATCAGCTTCTAG	Normal	+
GX20_TCATATCCACACCTGG	Normal	+
GX20_TCATATCGTAGTCGGA	Normal	+
GX20_TCATCATCAGAACTAA	Normal	+
GX20_TCATCCGGTCGCAACC	Normal	+
GX20_TCATCCGGTCTGTGGC	Normal	+
GX20_TCATGCCAGCTCTATG	Normal	+
GX20_TCATGCCGTTGCCGCA	Normal	+
GX20_TCATGGAAGAAGTCTA	Normal	+
GX20_TCATGTTAGTGTAGAT	Normal	+
GX20_TCATGTTCAACTCCCT	Normal	+
GX20_TCATGTTTCGTGGAAG	Normal	+
GX20_TCATGTTTCTGTCAGA	Normal	+
GX20_TCATTACCAACCCTAA	Normal	+
GX20_TCATTACCAGTCACGC	Normal	+
GX20_TCATTACTCATTCATC	Normal	+
GX20_TCATTCAAGACAACAT	Normal	+
GX20_TCATTCACATACTGAC	Normal	+
GX20_TCATTCATCGTGCTCT	Normal	+
GX20_TCATTGTAGGCACTCC	Normal	+
GX20_TCATTGTCAAGTCGTT	Normal	+
GX20_TCATTGTGTGTGGACA	Normal	+
GX20_TCATTGTGTTAGGGTG	Normal	+
GX20_TCATTGTTCCGTGGCA	Normal	+
GX20_TCATTTGCAGCTATTG	Normal	+
GX20_TCATTTGTCTTTGCGC	Normal	+
GX20_TCCACCAAGCCACCGT	Normal	+
GX20_TCCACCAAGTGTCATC	Normal	+
GX20_TCCACCATCCTTCTAA	Normal	+
GX20_TCCACGTAGGCACTCC	Normal	+
GX20_TCCACGTCACTGGCGT	Normal	+
GX20_TCCACGTCATAACAGA	Normal	+
GX20_TCCAGAAGTCATGACT	Normal	+
GX20_TCCAGAAGTGGGCTTC	Normal	+
GX20_TCCAGAATCACTTATC	Normal	+
GX20_TCCAGAATCGCTGACG	Normal	+
GX20_TCCAGAATCGGATTAC	Normal	+
GX20_TCCATGCAGATCCCGC	Normal	+
GX20_TCCATGCCACAGCATT	Normal	+
GX20_TCCATGCGTACGCTTA	Normal	+
GX20_TCCATGCGTGCCTAAT	Normal	+
GX20_TCCATGCTCTGAATGC	Normal	+
GX20_TCCCACAAGCGACTTT	Normal	+
GX20_TCCCAGTAGAGTCTGG	Normal	+
GX20_TCCCAGTCACCAGTTA	Normal	+
GX20_TCCCAGTCACGCTATA	Normal	+
GX20_TCCCAGTTCGTAACAC	Normal	+
GX20_TCCCAGTTCTGTCGTC	Normal	+
GX20_TCCCATGAGGTAGACC	Normal	+
GX20_TCCCATGCACTGGCGT	Normal	+
GX20_TCCGAAAAGCAATAAC	Normal	+
GX20_TCCGAAATCTACGCAA	Normal	+
GX20_TCCGATCCAGGAATAT	Normal	+
GX20_TCCGATCGTCCGGTGT	Normal	+
GX20_TCCGATCTCGCGTGAC	Normal	+
GX20_TCCGGGACAATTGCGT	Normal	+
GX20_TCCGGGACAGTCTACA	Normal	+
GX20_TCCGGGATCCAAACCA	Normal	+
GX20_TCCGGGATCCACAGCG	Normal	+
GX20_TCCGTGTGTACGGGAT	Normal	+
GX20_TCCTAATCAGACAATA	Normal	+
GX20_TCCTAATCATGATGCT	Normal	+
GX20_TCCTAATGTACCAATC	Normal	+
GX20_TCCTAATGTTTGGGTT	Normal	+
GX20_TCCTCCCCAGAGTTGG	Normal	+
GX20_TCCTCCCTCGTCTCAC	Normal	+
GX20_TCCTCCCTCTGAGGCC	Normal	+
GX20_TCCTCGAAGGCTCACC	Normal	+
GX20_TCCTCGAGTTGCATCA	Normal	+
GX20_TCCTCTTTCGGTAAGG	Normal	+
GX20_TCCTGCAAGTTCACTG	Normal	+
GX20_TCCTGCACAACGCCCA	Normal	+
GX20_TCCTGCACATAACCCA	Normal	+
GX20_TCCTGCAGTATCTCTT	Normal	+
GX20_TCCTGCATCCATTTGT	Normal	+
GX20_TCCTTCTAGATTGATG	Normal	+
GX20_TCCTTCTAGCATTGTC	Normal	+
GX20_TCCTTTCAGTAAAGCT	Normal	+
GX20_TCCTTTCGTGAAAGTT	Normal	+
GX20_TCCTTTCTCGCATGAT	Normal	+
GX20_TCGAACACAGAGGACT	Normal	+
GX20_TCGAACACATTCTCCG	Normal	+
GX20_TCGAACAGTGATGAAT	Normal	+
GX20_TCGAACAGTGGGATTG	Normal	+
GX20_TCGAACATCAAGCCCG	Normal	+
GX20_TCGAACATCCGGACGT	Normal	+
GX20_TCGACCTAGGATTTCC	Normal	+
GX20_TCGACCTGTCCGGACT	Normal	+
GX20_TCGACGGAGGTTTACC	Normal	+
GX20_TCGATTTAGTTGTACC	Normal	+
GX20_TCGATTTCACGTAGTT	Normal	+
GX20_TCGATTTCATAATGCC	Normal	+
GX20_TCGATTTGTGCCAAGA	Normal	+
GX20_TCGATTTTCCAGCCTT	Normal	+
GX20_TCGCACTAGAAGCCTG	Normal	+
GX20_TCGCACTAGACCATAA	Normal	+
GX20_TCGCACTGTACGCTAT	Normal	+
GX20_TCGCACTTCTCAGAAC	Normal	+
GX20_TCGCACTTCTTACCGC	Normal	+
GX20_TCGCAGGCAAGTCCAT	Normal	+
GX20_TCGCAGGCATAACAGA	Normal	+
GX20_TCGCTCAAGGAATCGC	Normal	+
GX20_TCGCTCATCCACGTGG	Normal	+
GX20_TCGCTTGCACGATTCA	Normal	+
GX20_TCGCTTGGTCGAACGA	Normal	+
GX20_TCGCTTGGTGAGATAT	Normal	+
GX20_TCGCTTGTCGTTCTAT	Normal	+
GX20_TCGGATATCCACTGGG	Normal	+
GX20_TCGGGACAGATTAGAC	Normal	+
GX20_TCGGGACAGGTCATTC	Normal	+
GX20_TCGGGACTCTTACGTT	Normal	+
GX20_TCGGGCACAAGCAATA	Normal	+
GX20_TCGGGCACAGGTCCCA	Normal	+
GX20_TCGGGCACAGTTGTCA	Normal	+
GX20_TCGGGCATCCTCACCA	Normal	+
GX20_TCGGGCATCGTTCAGA	Normal	+
GX20_TCGGGCATCTTCGGAA	Normal	+
GX20_TCGGGTGAGGCCTGCT	Normal	+
GX20_TCGGGTGAGGGCAGTT	Normal	+
GX20_TCGGGTGCATACTGAC	Normal	+
GX20_TCGGGTGGTCAAGCGA	Normal	+
GX20_TCGGGTGGTGGTCCGT	Normal	+
GX20_TCGGTCTCAGCATGCC	Normal	+
GX20_TCGGTCTGTTAATGAG	Normal	+
GX20_TCGGTCTTCTAGTGAC	Normal	+
GX20_TCGTAGAAGAGGTCAC	Normal	+
GX20_TCGTAGAAGAGTGTTA	Normal	+
GX20_TCGTAGACACGGCCAT	Normal	+
GX20_TCGTCCAAGTCCTGCG	Normal	+
GX20_TCGTCCACAACAGATA	Normal	+
GX20_TCGTCCACAGACTCTA	Normal	+
GX20_TCGTCCATCCAACCGG	Normal	+
GX20_TCGTGCTCACAGAGAC	Normal	+
GX20_TCGTGCTGTCGATTCA	Normal	+
GX20_TCGTGCTTCCCTTGGT	Normal	+
GX20_TCGTGCTTCTACCCAC	Normal	+
GX20_TCGTGGGGTAAGGTCG	Normal	+
GX20_TCGTGGGGTCGATTTG	Normal	+
GX20_TCGTGGGGTTCGCGTG	Normal	+
GX20_TCTAACTTCCCAACTC	Normal	+
GX20_TCTAACTTCTTCACAT	Normal	+
GX20_TCTACATAGGTGCAGT	Normal	+
GX20_TCTACATCAGCGTTGC	Normal	+
GX20_TCTACATCAGGAACCA	Normal	+
GX20_TCTACATGTCACAGTT	Normal	+
GX20_TCTACATTCGGCTATA	Normal	+
GX20_TCTACCGCAACGATCT	Normal	+
GX20_TCTACCGGTACAAAGT	Normal	+
GX20_TCTATACGTCTGTGCG	Normal	+
GX20_TCTATACGTGCAGATG	Normal	+
GX20_TCTATACTCGTAGGGA	Normal	+
GX20_TCTATACTCTTTGGAG	Normal	+
GX20_TCTCACGCAAATGGCG	Normal	+
GX20_TCTCACGCACACAGCC	Normal	+
GX20_TCTCAGCTCAATCTCT	Normal	+
GX20_TCTCAGCTCCGCTGTT	Normal	+
GX20_TCTCAGCTCTGGACTA	Normal	+
GX20_TCTCCGAAGGTTACCT	Normal	+
GX20_TCTCCGACATTCGGGC	Normal	+
GX20_TCTCTGGAGACCTGGA	Normal	+
GX20_TCTCTGGCAGCTTCCT	Normal	+
GX20_TCTGCCAAGGTCATAA	Normal	+
GX20_TCTGCCAAGGTTACCT	Normal	+
GX20_TCTGCCACAATACAGA	Normal	+
GX20_TCTGCCACATCAGTGT	Normal	+
GX20_TCTGCCAGTGGACAGT	Normal	+
GX20_TCTTAGTAGAGTCCGA	Normal	+
GX20_TCTTAGTGTTCGCGTG	Normal	+
GX20_TCTTAGTGTTGTCATG	Normal	+
GX20_TCTTCCTCAGTATTCG	Normal	+
GX20_TCTTGCGAGTCCCAAT	Normal	+
GX20_TCTTGCGAGTTGTCGT	Normal	+
GX20_TCTTGCGCATGACTAC	Normal	+
GX20_TCTTGCGTCGCTACAA	Normal	+
GX20_TCTTTGAAGGTGTGAC	Normal	+
GX20_TCTTTGAGTGTCCGGT	Normal	+
GX20_TCTTTGATCCTGTAGA	Normal	+
GX20_TGAACGTCAATTTCTC	Normal	+
GX20_TGAATCGAGACGCAGT	Normal	+
GX20_TGAATCGCACAGACGA	Normal	+
GX20_TGAATCGCAGAAGCGT	Normal	+
GX20_TGAATCGGTTGTGCCG	Normal	+
GX20_TGAATCGTCTTTCTAG	Normal	+
GX20_TGAATGCAGATACATG	Normal	+
GX20_TGAATGCCATGACGAG	Normal	+
GX20_TGAATGCGTAGTCTGT	Normal	+
GX20_TGACAGTCAACCCTCT	Normal	+
GX20_TGACCCTAGTTCCAGT	Normal	+
GX20_TGACCCTCACAAACGG	Normal	+
GX20_TGACCCTCACGTCATA	Normal	+
GX20_TGACCCTTCCGCCTAT	Normal	+
GX20_TGACGCGCAAGATGTA	Normal	+
GX20_TGACGCGGTGCAGATG	Normal	+
GX20_TGACGCGTCATCTATC	Normal	+
GX20_TGACTCCAGGGTGAAA	Normal	+
GX20_TGACTCCTCGCATTGA	Normal	+
GX20_TGAGACTGTAGGAGTC	Normal	+
GX20_TGAGACTGTGGTTTGT	Normal	+
GX20_TGAGCATAGTAGGAAG	Normal	+
GX20_TGAGCATCAACAAGAT	Normal	+
GX20_TGAGCATCACTAGAGG	Normal	+
GX20_TGAGCATGTGCACAAG	Normal	+
GX20_TGAGCGCAGCACCTGC	Normal	+
GX20_TGAGCGCAGCGATGCA	Normal	+
GX20_TGAGCGCTCCAGCTCT	Normal	+
GX20_TGAGGAGCAATGAAAC	Normal	+
GX20_TGAGGAGCATGCCGAC	Normal	+
GX20_TGAGGAGGTCGAGATG	Normal	+
GX20_TGAGGAGGTTGTATGC	Normal	+
GX20_TGAGGAGTCTAAGGAA	Normal	+
GX20_TGAGGGACAAAGCGTG	Normal	+
GX20_TGAGGGACAACCAACT	Normal	+
GX20_TGAGGGACAGTTGTTG	Normal	+
GX20_TGAGGGATCGCCGAGT	Normal	+
GX20_TGAGGGATCGCGCTGA	Normal	+
GX20_TGAGGGATCTGGGATT	Normal	+
GX20_TGAGGTTAGTGACACG	Normal	+
GX20_TGAGTCATCCACGTGG	Normal	+
GX20_TGATCAGCACGCCAGT	Normal	+
GX20_TGATCAGCAGCGGTCT	Normal	+
GX20_TGATCAGGTAGGTGCA	Normal	+
GX20_TGATCAGGTGATACTC	Normal	+
GX20_TGATCAGTCCTCATAT	Normal	+
GX20_TGATCTTAGGCAATGC	Normal	+
GX20_TGATCTTCAAATGCGG	Normal	+
GX20_TGATGCAAGAAGAGCA	Normal	+
GX20_TGATGCAAGCCTTCTC	Normal	+
GX20_TGATGCAGTAACTAAG	Normal	+
GX20_TGATGGTCAGAGAAAG	Normal	+
GX20_TGATGGTGTGTCCATA	Normal	+
GX20_TGATTCTAGAGCAACC	Normal	+
GX20_TGATTCTGTATCCTCC	Normal	+
GX20_TGATTCTTCGACGAGA	Normal	+
GX20_TGATTTCCATCCGAAT	Normal	+
GX20_TGATTTCGTGATGTAA	Normal	+
GX20_TGCACGGCAACCGGAA	Normal	+
GX20_TGCACGGCAGAACATA	Normal	+
GX20_TGCACGGCAGACCGCT	Normal	+
GX20_TGCACGGTCGGACAAG	Normal	+
GX20_TGCAGATAGTGTACAA	Normal	+
GX20_TGCAGGCGTTTCACAG	Normal	+
GX20_TGCAGGCTCATAGGCT	Normal	+
GX20_TGCAGTACACACGGAA	Normal	+
GX20_TGCAGTAGTCATCACA	Normal	+
GX20_TGCAGTATCCGAACGC	Normal	+
GX20_TGCAGTATCTGGGCGT	Normal	+
GX20_TGCATCCCATCCCACT	Normal	+
GX20_TGCATCCGTATGCAAA	Normal	+
GX20_TGCATCCTCATGCCCT	Normal	+
GX20_TGCATGATCACCATAG	Normal	+
GX20_TGCCGAGCAATCTCTT	Normal	+
GX20_TGCCGAGGTGGCGCTT	Normal	+
GX20_TGCGACGTCAAAGACA	Normal	+
GX20_TGCGATAAGCCGGATA	Normal	+
GX20_TGCGATAAGGTTTGAA	Normal	+
GX20_TGCGATATCGAATCCA	Normal	+
GX20_TGCGGCAAGAATTGTG	Normal	+
GX20_TGCGGCAAGACAGCTG	Normal	+
GX20_TGCGGCACAGGCGAAT	Normal	+
GX20_TGCGGGTCAGATCCTA	Normal	+
GX20_TGCGGGTGTACAGAGC	Normal	+
GX20_TGCGGGTTCCTAGAGT	Normal	+
GX20_TGCTCCATCCGTAATG	Normal	+
GX20_TGCTCCATCTATTGTC	Normal	+
GX20_TGCTCGTAGGTCCAGA	Normal	+
GX20_TGCTCGTCAACTGTGT	Normal	+
GX20_TGCTCGTGTCGTTCAA	Normal	+
GX20_TGCTCGTTCGGCTATA	Normal	+
GX20_TGCTGAAAGCACTGGA	Normal	+
GX20_TGCTGAACATAGTCAC	Normal	+
GX20_TGCTGAAGTCCCGTGA	Normal	+
GX20_TGCTGAAGTGCGAACA	Normal	+
GX20_TGCTGAATCCCGTTGT	Normal	+
GX20_TGCTGAATCTCTAAGG	Normal	+
GX20_TGCTTCGAGCACTTTG	Normal	+
GX20_TGCTTCGAGCTAAATG	Normal	+
GX20_TGCTTGCCAACTACGT	Normal	+
GX20_TGCTTGCCACTTGGCG	Normal	+
GX20_TGCTTGCGTCATTGCA	Normal	+
GX20_TGCTTGCTCCTACAAG	Normal	+
GX20_TGGAACTGTAATACCC	Normal	+
GX20_TGGAACTGTGCTGATT	Normal	+
GX20_TGGAACTGTTAGCTAC	Normal	+
GX20_TGGAACTTCGCTCCTA	Normal	+
GX20_TGGAGAGGTAGCGCTC	Normal	+
GX20_TGGAGGACACAGAAGC	Normal	+
GX20_TGGATCAAGGAAAGTG	Normal	+
GX20_TGGATCACACTTGGCG	Normal	+
GX20_TGGATGTAGTCCCAAT	Normal	+
GX20_TGGATGTAGTGTTGAA	Normal	+
GX20_TGGATGTGTGACTCGC	Normal	+
GX20_TGGCGTGAGGGATCAC	Normal	+
GX20_TGGCGTGGTCGCAGTC	Normal	+
GX20_TGGCGTGTCAAGCTGT	Normal	+
GX20_TGGCGTGTCGTGCACG	Normal	+
GX20_TGGCGTGTCTCCACTG	Normal	+
GX20_TGGGAAGCACCTCGTT	Normal	+
GX20_TGGGAAGCAGCTTCCT	Normal	+
GX20_TGGGAAGGTCGTGATT	Normal	+
GX20_TGGGAAGTCTTTGATC	Normal	+
GX20_TGGGAGACAAGGCCTC	Normal	+
GX20_TGGGAGAGTTACCGTA	Normal	+
GX20_TGGGATTGTAATGTGA	Normal	+
GX20_TGGGCGTAGCCAGAGT	Normal	+
GX20_TGGGCGTCAATGTCAC	Normal	+
GX20_TGGGCGTTCATGAGAA	Normal	+
GX20_TGGGCGTTCTTTGCAT	Normal	+
GX20_TGGGCTGTCCCATAAG	Normal	+
GX20_TGGGCTGTCCGGTAAT	Normal	+
GX20_TGGGCTGTCCTGTACC	Normal	+
GX20_TGGGTTACATAAGATG	Normal	+
GX20_TGGGTTAGTCCAGCAC	Normal	+
GX20_TGGGTTAGTGAGACGT	Normal	+
GX20_TGGTACAAGGTACTGG	Normal	+
GX20_TGGTACACATTCTGTT	Normal	+
GX20_TGGTACAGTCCGATCG	Normal	+
GX20_TGGTAGTAGTAGACAT	Normal	+
GX20_TGGTAGTCAGACAAGC	Normal	+
GX20_TGGTGATAGCTGAAGC	Normal	+
GX20_TGGTGATAGGAGAATG	Normal	+
GX20_TGGTGATCAGCAATTC	Normal	+
GX20_TGGTGATCAGGCCTGT	Normal	+
GX20_TGGTGATTCCCAAGCG	Normal	+
GX20_TGTAACGAGTCGGCCT	Normal	+
GX20_TGTAAGCAGGTTGTTC	Normal	+
GX20_TGTAAGCCACAGCGCT	Normal	+
GX20_TGTAAGCTCCGGACGT	Normal	+
GX20_TGTAAGCTCGAAGCAG	Normal	+
GX20_TGTAAGCTCTCCCAAC	Normal	+
GX20_TGTACAGCATTGAGCT	Normal	+
GX20_TGTACAGTCCAGCCTT	Normal	+
GX20_TGTAGACAGATAGCAT	Normal	+
GX20_TGTAGACAGGTGGCTA	Normal	+
GX20_TGTAGACGTAGTGATA	Normal	+
GX20_TGTCAGAAGAATTGTG	Normal	+
GX20_TGTCAGAAGCATCCCG	Normal	+
GX20_TGTCAGAAGGGCCTCT	Normal	+
GX20_TGTCAGATCACAACCA	Normal	+
GX20_TGTCAGATCGCTACGG	Normal	+
GX20_TGTCCACAGGGAGGTG	Normal	+
GX20_TGTCCACGTTTCGATG	Normal	+
GX20_TGTCCACTCATTACTC	Normal	+
GX20_TGTCCACTCTGTGTGA	Normal	+
GX20_TGTCCCACAGCAGGAT	Normal	+
GX20_TGTCCCAGTGGCTTAT	Normal	+
GX20_TGTCCCATCAGGGATG	Normal	+
GX20_TGTCCTGAGGCACCAA	Normal	+
GX20_TGTCCTGAGTATGATG	Normal	+
GX20_TGTCCTGCATTCCTCG	Normal	+
GX20_TGTGAGTAGCTAATGA	Normal	+
GX20_TGTGAGTAGGATCACG	Normal	+
GX20_TGTGAGTCAAGTGACG	Normal	+
GX20_TGTGATGCAGCAAGAC	Normal	+
GX20_TGTGATGGTGTGATGG	Normal	+
GX20_TGTGATGTCAGGTAAA	Normal	+
GX20_TGTGATGTCGGCATTA	Normal	+
GX20_TGTGGCGGTCATCCGG	Normal	+
GX20_TGTGGCGGTTGTCAGT	Normal	+
GX20_TGTGTGAAGGTGGGTT	Normal	+
GX20_TGTGTGAAGTACAGAT	Normal	+
GX20_TGTGTGAAGTTTCGGT	Normal	+
GX20_TGTGTGACATCCGAGC	Normal	+
GX20_TGTGTGATCAATCAGC	Normal	+
GX20_TGTGTGATCATCAGTG	Normal	+
GX20_TGTTACTCATAGCACT	Normal	+
GX20_TGTTCATAGAATCCCT	Normal	+
GX20_TGTTCATCAATAGTAG	Normal	+
GX20_TGTTCATCACCGGCTA	Normal	+
GX20_TGTTCATGTGTAGCAG	Normal	+
GX20_TGTTCCGAGGTAGGCT	Normal	+
GX20_TGTTCCGTCGACCATA	Normal	+
GX20_TGTTCCGTCTTTCCGG	Normal	+
GX20_TGTTCTACAATGAAAC	Normal	+
GX20_TGTTCTAGTGTAGTGG	Normal	+
GX20_TGTTCTATCTTCCTAA	Normal	+
GX20_TGTTGAGCACGTGAGA	Normal	+
GX20_TGTTGAGGTCGTGCCA	Normal	+
GX20_TGTTGAGGTGATGAAT	Normal	+
GX20_TGTTGAGTCCATTCAT	Normal	+
GX20_TGTTGAGTCCTCTAGC	Normal	+
GX20_TGTTGGAAGACGTCGA	Normal	+
GX20_TGTTTGTCACACTGGC	Normal	+
GX20_TGTTTGTCAGCATTGT	Normal	+
GX20_TGTTTGTGTGGCCCAT	Normal	+
GX20_TGTTTGTGTTACAGCT	Normal	+
GX20_TGTTTGTTCTCTCGCA	Normal	+
GX20_TTACAGGCATCTGTTT	Normal	+
GX20_TTACAGGGTCTGTCAA	Normal	+
GX20_TTACAGGGTGCCAAGA	Normal	+
GX20_TTACAGGTCCCTTGGT	Normal	+
GX20_TTACAGGTCTTCTAAC	Normal	+
GX20_TTACCATCAGAATTCC	Normal	+
GX20_TTACCATGTTCCTAGA	Normal	+
GX20_TTACCATTCTATCGGA	Normal	+
GX20_TTACCGCCATGAAAGT	Normal	+
GX20_TTACCGCTCACGGTCG	Normal	+
GX20_TTACGCCAGGAAAGTG	Normal	+
GX20_TTACGCCGTAACCCTA	Normal	+
GX20_TTACGCCGTCGGCCTA	Normal	+
GX20_TTACGTTAGCGTTCCG	Normal	+
GX20_TTACGTTCAAATGGCG	Normal	+
GX20_TTACGTTCAAGACCTT	Normal	+
GX20_TTACGTTCACAGTCAT	Normal	+
GX20_TTACGTTGTCGCACGT	Normal	+
GX20_TTAGGCAAGCGTGCCT	Normal	+
GX20_TTAGGCAAGTACGAGC	Normal	+
GX20_TTAGGCAAGTCACTAC	Normal	+
GX20_TTAGGCAAGTTGCATC	Normal	+
GX20_TTAGGCAGTTCAACGT	Normal	+
GX20_TTAGGCATCGGAACTT	Normal	+
GX20_TTAGGGTAGCAACAGC	Normal	+
GX20_TTAGTCTCACTGCGAC	Normal	+
GX20_TTAGTCTGTACTCGAT	Normal	+
GX20_TTAGTCTGTATTGACC	Normal	+
GX20_TTAGTCTTCGCGTTTC	Normal	+
GX20_TTATTGCTCACCGGTG	Normal	+
GX20_TTCAATCAGACGGAAA	Normal	+
GX20_TTCAATCAGCACAAAT	Normal	+
GX20_TTCAATCAGCAGCACA	Normal	+
GX20_TTCACCGAGGATTTAG	Normal	+
GX20_TTCACCGGTCTGTTAG	Normal	+
GX20_TTCACCGTCAGGGTAG	Normal	+
GX20_TTCACCGTCGTTGCCT	Normal	+
GX20_TTCACGCCAGCATCTA	Normal	+
GX20_TTCACGCTCCCGAGAC	Normal	+
GX20_TTCATGTCAGGTTCGC	Normal	+
GX20_TTCATGTGTGATTCTG	Normal	+
GX20_TTCATGTTCCATCCGT	Normal	+
GX20_TTCATTGAGTCATTGC	Normal	+
GX20_TTCATTGGTGGATCAG	Normal	+
GX20_TTCCAATAGCCGAACA	Normal	+
GX20_TTCCAATTCCGTCCTA	Normal	+
GX20_TTCCAATTCGGACGTC	Normal	+
GX20_TTCCACGAGCTCCATA	Normal	+
GX20_TTCCACGAGCTCGGCT	Normal	+
GX20_TTCCACGCAGATTTCG	Normal	+
GX20_TTCCACGTCAACCGAT	Normal	+
GX20_TTCCGGTAGCTTCTAG	Normal	+
GX20_TTCCGGTCAACAGATA	Normal	+
GX20_TTCCGGTGTACTCGCG	Normal	+
GX20_TTCCGGTGTGGATCGA	Normal	+
GX20_TTCCGGTTCAGCGGAA	Normal	+
GX20_TTCCGTGAGACGATAT	Normal	+
GX20_TTCCGTGAGAGTCTGG	Normal	+
GX20_TTCCTAAAGTTGTAAG	Normal	+
GX20_TTCCTAACACTTGTCC	Normal	+
GX20_TTCCTAAGTGGTCCCA	Normal	+
GX20_TTCCTAATCTGAGGTT	Normal	+
GX20_TTCCTCTAGAGACAAG	Normal	+
GX20_TTCCTCTAGCTTGTGT	Normal	+
GX20_TTCCTCTAGGGACCAT	Normal	+
GX20_TTCCTCTCAGAACGCA	Normal	+
GX20_TTCCTCTCAGGTGTTT	Normal	+
GX20_TTCCTCTTCCGAGATT	Normal	+
GX20_TTCCTCTTCGGAGCAA	Normal	+
GX20_TTCCTCTTCTAGTGTG	Normal	+
GX20_TTCCTTCAGAAGAACG	Normal	+
GX20_TTCCTTCAGCACTGGA	Normal	+
GX20_TTCCTTCGTCAAGCGA	Normal	+
GX20_TTCCTTCGTCTAGGTT	Normal	+
GX20_TTCGATTAGGTAAGGA	Normal	+
GX20_TTCGCTGCATTGAGCT	Normal	+
GX20_TTCGCTGGTACACTCA	Normal	+
GX20_TTCGGTCCAACTGATC	Normal	+
GX20_TTCTAACAGAGTCGAC	Normal	+
GX20_TTCTAACAGCTCGAAG	Normal	+
GX20_TTCTAACGTGCAACAG	Normal	+
GX20_TTCTAACTCGCAGTGC	Normal	+
GX20_TTCTAACTCTGGGTCG	Normal	+
GX20_TTCTAGTGTACAAGTA	Normal	+
GX20_TTCTCTCCACTTTATC	Normal	+
GX20_TTCTCTCGTAAGACCG	Normal	+
GX20_TTCTCTCGTCATAACC	Normal	+
GX20_TTCTGTAGTCGCTTAA	Normal	+
GX20_TTCTGTATCGAGAACG	Normal	+
GX20_TTCTTCCCAGCAGACA	Normal	+
GX20_TTCTTCCTCGGAATGG	Normal	+
GX20_TTCTTGATCTCGTGGG	Normal	+
GX20_TTCTTGATCTTCCCGA	Normal	+
GX20_TTGAACGAGTGCTCGC	Normal	+
GX20_TTGACCCAGCCACCGT	Normal	+
GX20_TTGACCCAGCCTGAAG	Normal	+
GX20_TTGACCCAGGTACAAT	Normal	+
GX20_TTGACCCTCGAGCCTG	Normal	+
GX20_TTGAGTGAGTGCGTCC	Normal	+
GX20_TTGAGTGCACAGCCTG	Normal	+
GX20_TTGAGTGTCATTGGTG	Normal	+
GX20_TTGATGGGTACCCGAC	Normal	+
GX20_TTGCATTAGCAAGTCG	Normal	+
GX20_TTGCATTAGCAAGTGC	Normal	+
GX20_TTGCATTTCCGCTTAC	Normal	+
GX20_TTGCATTTCTGAGAGG	Normal	+
GX20_TTGCCTGCAGATAAAC	Normal	+
GX20_TTGCCTGGTACGGGAT	Normal	+
GX20_TTGCCTGGTAGTCCTA	Normal	+
GX20_TTGCGTCAGGCGATAC	Normal	+
GX20_TTGCGTCAGTACTGGG	Normal	+
GX20_TTGCGTCCAAGAATGT	Normal	+
GX20_TTGCGTCCAATTGAGA	Normal	+
GX20_TTGCGTCTCATACGAC	Normal	+
GX20_TTGCGTCTCGATGCTA	Normal	+
GX20_TTGCGTCTCTACAGGT	Normal	+
GX20_TTGGATGAGTCATGGG	Normal	+
GX20_TTGGATGGTTGGGTTT	Normal	+
GX20_TTGGATGTCTCGTGAA	Normal	+
GX20_TTGGGATAGGAATCGC	Normal	+
GX20_TTGGGATCAAGTGGAC	Normal	+
GX20_TTGGGCGCACTCAGAT	Normal	+
GX20_TTGGGCGTCGAGATAA	Normal	+
GX20_TTGGGTAAGGACAGCT	Normal	+
GX20_TTGGGTAGTCCGAAAG	Normal	+
GX20_TTGGTTTAGCTAGAGC	Normal	+
GX20_TTGGTTTAGCTAGATA	Normal	+
GX20_TTGGTTTGTACGTTCA	Normal	+
GX20_TTGGTTTTCACGTAGT	Normal	+
GX20_TTGGTTTTCCATTCGC	Normal	+
GX20_TTGGTTTTCGGAAACG	Normal	+
GX20_TTGTGGAGTATGAAGT	Normal	+
GX20_TTGTGGAGTTCGGACC	Normal	+
GX20_TTGTGGATCAAGTGTC	Normal	+
GX20_TTGTGGATCCTCGCAT	Normal	+
GX20_TTGTGTTTCGCACGAC	Normal	+
GX20_TTGTTGTAGTACTCGT	Normal	+
GX20_TTGTTGTCACTACCCT	Normal	+
GX20_TTGTTGTGTGAAAGTT	Normal	+
GX20_TTGTTTGAGATGGCAC	Normal	+
GX20_TTGTTTGAGGCTCCCA	Normal	+
GX20_TTGTTTGCAGCTCATA	Normal	+
GX20_TTTACCAAGGTGCTGA	Normal	+
GX20_TTTACCAAGTGACCTT	Normal	+
GX20_TTTACCAAGTTGTAAG	Normal	+
GX20_TTTACCACAACTGAAA	Normal	+
GX20_TTTACCACACAGAAGC	Normal	+
GX20_TTTACGTAGAACTCCT	Normal	+
GX20_TTTACGTGTCAATGGG	Normal	+
GX20_TTTACTGAGCTTACGT	Normal	+
GX20_TTTACTGAGGAGAATG	Normal	+
GX20_TTTACTGAGGTGCGAT	Normal	+
GX20_TTTACTGCAGACCGCT	Normal	+
GX20_TTTACTGCATGAGATA	Normal	+
GX20_TTTACTGCATTGCCGG	Normal	+
GX20_TTTACTGGTCGGTACC	Normal	+
GX20_TTTAGTCAGCCATTTG	Normal	+
GX20_TTTAGTCCAACAAGTA	Normal	+
GX20_TTTAGTCCAGATCACT	Normal	+
GX20_TTTATGCAGCCGAACA	Normal	+
GX20_TTTATGCTCACGAACT	Normal	+
GX20_TTTCACAAGATGCTTC	Normal	+
GX20_TTTCACAAGGAACTCG	Normal	+
GX20_TTTCACAAGTGCTCGC	Normal	+
GX20_TTTCACAGTAATACCC	Normal	+
GX20_TTTCACATCCTCTAAT	Normal	+
GX20_TTTCATGAGGTGCTAG	Normal	+
GX20_TTTCATGCATTGTGCA	Normal	+
GX20_TTTCCTCAGGACAACC	Normal	+
GX20_TTTCCTCAGGGCTGAT	Normal	+
GX20_TTTCCTCAGTATGTAG	Normal	+
GX20_TTTCCTCCATCGTCCT	Normal	+
GX20_TTTCCTCGTAGGAGTC	Normal	+
GX20_TTTCCTCTCCTCTCTT	Normal	+
GX20_TTTCGATAGGGATCTG	Normal	+
GX20_TTTCGATCACATTCGA	Normal	+
GX20_TTTCGATCAGCGTACC	Normal	+
GX20_TTTCGATGTTTCGCTC	Normal	+
GX20_TTTGACTCAACGTTAC	Normal	+
GX20_TTTGACTCAAGAGTTA	Normal	+
GX20_TTTGACTCAAGCGAGT	Normal	+
GX20_TTTGACTGTGGCGCTT	Normal	+
GX20_TTTGATCCATCGTCCT	Normal	+
GX20_TTTGATCGTCTGTCAA	Normal	+
GX20_TTTGGAGAGGATTTAG	Normal	+
GX20_TTTGGAGAGTTGCCCG	Normal	+
GX20_TTTGGAGTCGCCAACG	Normal	+
GX20_TTTGGTTGTCTTTCTA	Normal	+
GX20_TTTGGTTGTGCAATAA	Normal	+
GX20_TTTGGTTTCGATACAC	Normal	+
GX20_TTTGTTGCATCGTGGC	Normal	+
GX20_TTTGTTGGTTCAGTAC	Normal	+
GX20_TTTGTTGGTTTACACG	Normal	+
GX07_AAACCCAGTAGTTACC	Normal	+
GX07_AAACGCTAGTTGCCCG	Normal	+
GX07_AAACGCTGTATTGGCT	Normal	+
GX07_AAAGGGCGTCGACGCT	Normal	+
GX07_AAAGGTAAGGACGCTA	Normal	+
GX07_AAAGGTACAGCTCGGT	Normal	+
GX07_AACAACCGTAGCTGTT	Normal	+
GX07_AACAACCTCGTGAGAG	Normal	+
GX07_AACAAGACACTGGACC	Normal	+
GX07_AACAAGATCTGTCCCA	Normal	+
GX07_AACACACGTACGTAGG	Normal	+
GX07_AACCACACAAGAGTTA	Normal	+
GX07_AACCACACATTGGCAT	Normal	+
GX07_AACCTGAAGTTGTCAC	Normal	+
GX07_AACCTGACATAACAGA	Normal	+
GX07_AACCTGACATAGGTTC	Normal	+
GX07_AACCTTTAGTTTGAGA	Normal	+
GX07_AACGAAACAAGTTCGT	Normal	+
GX07_AACTTCTAGGCCCAAA	Normal	+
GX07_AAGAACAAGCGGACAT	Normal	+
GX07_AAGACAACACAGCTTA	Normal	+
GX07_AAGACTCTCGGTCATA	Normal	+
GX07_AAGCCATAGCACTAAA	Normal	+
GX07_AAGCGTTAGTCACTCA	Normal	+
GX07_AAGGTAACATCCTCAC	Normal	+
GX07_AAGTACCTCTAGACAC	Normal	+
GX07_AAGTCGTTCAGAATAG	Normal	+
GX07_AAGTCGTTCTACGGTA	Normal	+
GX07_AAGTGAAAGGTTGTTC	Normal	+
GX07_AAGTGAAAGTCCCGGT	Normal	+
GX07_AAGTGAAGTAGTCGTT	Normal	+
GX07_AATAGAGGTTCATCTT	Normal	+
GX07_AATCACGAGCCTATTG	Normal	+
GX07_AATCACGAGTCTGGTT	Normal	+
GX07_AATCGTGTCTGAATCG	Normal	+
GX07_AATCGTGTCTTTCGAT	Normal	+
GX07_AATGACCAGGGAGGTG	Normal	+
GX07_AATGACCTCCTACCAC	Normal	+
GX07_AATGGCTGTAGAGGAA	Normal	+
GX07_AATTTCCAGTAGTCAA	Normal	+
GX07_ACAACCAAGGTTTGAA	Normal	+
GX07_ACAAGCTCACTTCAGA	Normal	+
GX07_ACACAGTCAGCGTTTA	Normal	+
GX07_ACACAGTCATCTAGAC	Normal	+
GX07_ACACGCGCACAGCTGC	Normal	+
GX07_ACACGCGCAGTCTTCC	Normal	+
GX07_ACAGAAAGTTCCGCAG	Normal	+
GX07_ACAGCCGTCATCCTGC	Normal	+
GX07_ACAGGGACACTAGGTT	Normal	+
GX07_ACATCCCCAGGAACCA	Normal	+
GX07_ACATCCCTCAAAGAAC	Normal	+
GX07_ACATCGAAGATCGGTG	Normal	+
GX07_ACATGCAAGACGATAT	Normal	+
GX07_ACATGCACATAACAGA	Normal	+
GX07_ACCCTCATCATTCCTA	Normal	+
GX07_ACCGTTCCATCTGCGG	Normal	+
GX07_ACCTACCAGGCAGCTA	Normal	+
GX07_ACCTACCTCACCATGA	Normal	+
GX07_ACCTGAATCTGTAAGC	Normal	+
GX07_ACCTGTCAGAAATCCA	Normal	+
GX07_ACGATGTAGGATCACG	Normal	+
GX07_ACGATGTCATGAGGGT	Normal	+
GX07_ACGGGTCCAAATTAGG	Normal	+
GX07_ACGGTCGCACTACACA	Normal	+
GX07_ACGGTTACATGACTCA	Normal	+
GX07_ACGTACAGTGTCACAT	Normal	+
GX07_ACGTAGTGTGATTCAC	Normal	+
GX07_ACGTCCTAGACAGCTG	Normal	+
GX07_ACGTTCCGTTCGGGTC	Normal	+
GX07_ACTATTCCAAGTGTCT	Normal	+
GX07_ACTGATGGTTACACTG	Normal	+
GX07_ACTGCAAAGATACATG	Normal	+
GX07_ACTTAGGGTGAGAACC	Normal	+
GX07_ACTTCCGGTATCAAGA	Normal	+
GX07_ACTTTGTCAGGTAGTG	Normal	+
GX07_AGAAATGAGCGTTACT	Normal	+
GX07_AGAAATGAGTTGGCGA	Normal	+
GX07_AGAACAAAGAATCGCG	Normal	+
GX07_AGAACCTCAATACCTG	Normal	+
GX07_AGAACCTGTAGCCCTG	Normal	+
GX07_AGACAAACAACTCCAA	Normal	+
GX07_AGACAAATCAGCCTCT	Normal	+
GX07_AGACACTCAGAAATTG	Normal	+
GX07_AGACACTTCATCTCTA	Normal	+
GX07_AGACAGGCAAGTGTCT	Normal	+
GX07_AGACAGGTCACTTGTT	Normal	+
GX07_AGAGAATCACAGGATG	Normal	+
GX07_AGATAGAAGGTAAGTT	Normal	+
GX07_AGATAGACATTGAAGA	Normal	+
GX07_AGATCCACAGAACCGA	Normal	+
GX07_AGATCCAGTGACCGTC	Normal	+
GX07_AGATCGTCACTCAAGT	Normal	+
GX07_AGATGAACAATTGGTC	Normal	+
GX07_AGATGCTGTGAGCTCC	Normal	+
GX07_AGATGCTTCTCATGCC	Normal	+
GX07_AGCATCACACTAGAGG	Normal	+
GX07_AGCATCACAGCAATTC	Normal	+
GX07_AGCATCAGTTGCGGAA	Normal	+
GX07_AGCCAGCAGAGCACTG	Normal	+
GX07_AGCGATTCACGACAAG	Normal	+
GX07_AGCGATTTCTTCCGTG	Normal	+
GX07_AGCTACAAGTCACGCC	Normal	+
GX07_AGCTACACAGTCGAGA	Normal	+
GX07_AGCTCAACAGCACAAG	Normal	+
GX07_AGCTCAAGTCATAACC	Normal	+
GX07_AGGAAATGTCTGTGCG	Normal	+
GX07_AGGACGATCCCTATTA	Normal	+
GX07_AGGACTTGTAAGTAGT	Normal	+
GX07_AGGAGGTCACAGGATG	Normal	+
GX07_AGGATAATCGGTGTTA	Normal	+
GX07_AGGATCTTCATTGTGG	Normal	+
GX07_AGGCCACAGCTGCCTG	Normal	+
GX07_AGGCTGCCACGTCATA	Normal	+
GX07_AGGGAGTTCCGACAGC	Normal	+
GX07_AGGGCTCCAAGCGCTC	Normal	+
GX07_AGGGTCCCACTGTTCC	Normal	+
GX07_AGGTGTTTCCATCTCG	Normal	+
GX07_AGGTTACAGAGCATAT	Normal	+
GX07_AGTACCAAGTAGGGTC	Normal	+
GX07_AGTACCAGTACAGGTG	Normal	+
GX07_AGTACCATCTTACACT	Normal	+
GX07_AGTAGTCAGAATCGAT	Normal	+
GX07_AGTCAACGTCATCTAG	Normal	+
GX07_AGTCACAGTATGTGTC	Normal	+
GX07_AGTCATGAGATAGGGA	Normal	+
GX07_AGTCATGGTAGATCCT	Normal	+
GX07_AGTCATGTCCAAGGGA	Normal	+
GX07_AGTGACTCACAAGCAG	Normal	+
GX07_AGTGATCCAAGGATGC	Normal	+
GX07_AGTGTTGGTAAGGCCA	Normal	+
GX07_ATACTTCTCTCGTGAA	Normal	+
GX07_ATAGACCTCACCCTTG	Normal	+
GX07_ATAGAGACATAGATCC	Normal	+
GX07_ATAGGCTCACAGACGA	Normal	+
GX07_ATAGGCTGTACCTATG	Normal	+
GX07_ATCACAGTCTGTCCCA	Normal	+
GX07_ATCACGAAGCCGTTGC	Normal	+
GX07_ATCACGACACAATGAA	Normal	+
GX07_ATCAGGTGTAGTTAGA	Normal	+
GX07_ATCAGGTGTCCCAAAT	Normal	+
GX07_ATCAGGTGTGATGAAT	Normal	+
GX07_ATCATTCAGTCACTGT	Normal	+
GX07_ATCCACCAGACCAAGC	Normal	+
GX07_ATCCACCGTCGTACAT	Normal	+
GX07_ATCCACCTCTATACGG	Normal	+
GX07_ATCCATTGTCAACGCC	Normal	+
GX07_ATCCCTGTCATTCCTA	Normal	+
GX07_ATCCCTGTCTGTAAGC	Normal	+
GX07_ATCGCCTCATACAGGG	Normal	+
GX07_ATCGCCTGTAACTGCT	Normal	+
GX07_ATCGGATCACAAGCTT	Normal	+
GX07_ATCGGCGAGGCCTGCT	Normal	+
GX07_ATCGGCGAGGGAGATA	Normal	+
GX07_ATCGGCGGTCGTGATT	Normal	+
GX07_ATCGGCGGTGTTCCTC	Normal	+
GX07_ATCGTCCGTGTCTCCT	Normal	+
GX07_ATCGTGAGTACTCGAT	Normal	+
GX07_ATCTTCAGTACGCTTA	Normal	+
GX07_ATGAAAGAGACCCGCT	Normal	+
GX07_ATGACCATCTTGTGCC	Normal	+
GX07_ATGAGGGGTCTTCAAG	Normal	+
GX07_ATGATCGCACTCACTC	Normal	+
GX07_ATGATCGTCCCTCTAG	Normal	+
GX07_ATGCATGAGTCTGGTT	Normal	+
GX07_ATGCATGTCTACAGGT	Normal	+
GX07_ATGGGAGTCTACCAGA	Normal	+
GX07_ATGTCCCAGGTCCAGA	Normal	+
GX07_ATTACCTAGGTGGGTT	Normal	+
GX07_ATTACCTGTTGTGGCC	Normal	+
GX07_ATTACTCAGACTTAAG	Normal	+
GX07_ATTCACTCAACTTGCA	Normal	+
GX07_ATTCACTCAGAAGTTA	Normal	+
GX07_ATTCACTGTGAATGAT	Normal	+
GX07_ATTCATCGTGAGTGAC	Normal	+
GX07_ATTCCCGAGTGATCGG	Normal	+
GX07_ATTCCCGTCTGAACGT	Normal	+
GX07_ATTCCTACAGGCACAA	Normal	+
GX07_ATTCCTATCGCTGTCT	Normal	+
GX07_ATTCGTTTCGCCGTGA	Normal	+
GX07_ATTGGGTCATATCTCT	Normal	+
GX07_ATTTACCAGCCATGCC	Normal	+
GX07_ATTTACCCACGGTGTC	Normal	+
GX07_ATTTACCGTGTCTTGA	Normal	+
GX07_CAACAACAGACGCCAA	Normal	+
GX07_CAACAACCACGCGGTT	Normal	+
GX07_CAACAGTTCGGCATCG	Normal	+
GX07_CAACCAATCTGCTGAA	Normal	+
GX07_CAACCTCCACACAGCC	Normal	+
GX07_CAACGGCCAATGGGTG	Normal	+
GX07_CAAGACTAGAAGAACG	Normal	+
GX07_CAAGAGGCACACCTAA	Normal	+
GX07_CAATACGCAACCGTGC	Normal	+
GX07_CAATCGAAGCTTCATG	Normal	+
GX07_CAATCGATCACCCATC	Normal	+
GX07_CAATGACAGCGACTGA	Normal	+
GX07_CAATTTCTCACCTCTG	Normal	+
GX07_CAATTTCTCCGCGAGT	Normal	+
GX07_CACAACAGTCCACACG	Normal	+
GX07_CACACAACATGGGCAA	Normal	+
GX07_CACATGATCTAGACAC	Normal	+
GX07_CACGGGTTCAGGTGTT	Normal	+
GX07_CACGTGGGTCCTGGGT	Normal	+
GX07_CACTGTCAGGTGGGTT	Normal	+
GX07_CACTGTCCAGCTTTGA	Normal	+
GX07_CACTGTCGTAGACAAT	Normal	+
GX07_CACTTCGAGTATGGAT	Normal	+
GX07_CAGATACCACAGTCAT	Normal	+
GX07_CAGATCACATACACCA	Normal	+
GX07_CAGCAATTCACTGGGC	Normal	+
GX07_CAGCAGCAGGAATTAC	Normal	+
GX07_CAGCGTGGTTAAGGAT	Normal	+
GX07_CAGCGTGTCAAGAATG	Normal	+
GX07_CAGCGTGTCAGGAGAC	Normal	+
GX07_CAGGTATCACCATATG	Normal	+
GX07_CAGGTATCATGCACTA	Normal	+
GX07_CAGTGCGCAAGAGATT	Normal	+
GX07_CAGTTAGTCACTAGCA	Normal	+
GX07_CAGTTCCCATCGTGCG	Normal	+
GX07_CAGTTCCGTCAAAGAT	Normal	+
GX07_CATACAGTCAGACCGC	Normal	+
GX07_CATACTTTCTGCGGAC	Normal	+
GX07_CATAGACAGTAGTCCT	Normal	+
GX07_CATCAAGAGCGAGAAA	Normal	+
GX07_CATCGGGAGTTGGACG	Normal	+
GX07_CATCGTCAGTCACAGG	Normal	+
GX07_CATGAGTCAGATTAAG	Normal	+
GX07_CATGAGTCAGCCTTCT	Normal	+
GX07_CATGCCTTCTCGCAGG	Normal	+
GX07_CATGCGGCACCTCTAC	Normal	+
GX07_CATGGATGTCCCGGTA	Normal	+
GX07_CATGGTAAGTAGGGTC	Normal	+
GX07_CATTCCGGTCGAATTC	Normal	+
GX07_CATTGAGTCCTACCAC	Normal	+
GX07_CATTGTTAGGAAAGAC	Normal	+
GX07_CATTGTTCAGCGACAA	Normal	+
GX07_CATTGTTTCAACTGAC	Normal	+
GX07_CATTGTTTCCGACGGT	Normal	+
GX07_CCAAGCGCATTGACAC	Normal	+
GX07_CCAAGCGGTACGTGAG	Normal	+
GX07_CCACACTGTCGGCCTA	Normal	+
GX07_CCCAACTAGGCCTAGA	Normal	+
GX07_CCCATTGGTTTCACAG	Normal	+
GX07_CCCTAACAGTTCTACG	Normal	+
GX07_CCCTAACCATTAAAGG	Normal	+
GX07_CCCTCTCCAGGTATGG	Normal	+
GX07_CCCTCTCTCCTATTGT	Normal	+
GX07_CCCTGATAGACGTCCC	Normal	+
GX07_CCCTTAGCAATAACCC	Normal	+
GX07_CCGATCTGTGGTAACG	Normal	+
GX07_CCGGACACACGACGCT	Normal	+
GX07_CCGTTCAAGGATGGCT	Normal	+
GX07_CCTAAGACAGCTACAT	Normal	+
GX07_CCTCAACGTCCGGACT	Normal	+
GX07_CCTCCAAGTTCGGCCA	Normal	+
GX07_CCTCCAAGTTGACGGA	Normal	+
GX07_CCTGTTGGTGTGTGGA	Normal	+
GX07_CCTTCAGTCAGGTGTT	Normal	+
GX07_CCTTGTGAGCTTACGT	Normal	+
GX07_CCTTGTGTCTTGAGCA	Normal	+
GX07_CGAAGTTCAAAGACTA	Normal	+
GX07_CGATCGGTCCGGTAAT	Normal	+
GX07_CGATGCGGTGACTATC	Normal	+
GX07_CGATGCGTCGAAACAA	Normal	+
GX07_CGATGGCCATTAAAGG	Normal	+
GX07_CGGAACCCATACTGAC	Normal	+
GX07_CGGAACCGTACCGGAA	Normal	+
GX07_CGGAATTTCATTCCTA	Normal	+
GX07_CGGAATTTCTTGCGCT	Normal	+
GX07_CGGAGAATCCTCGCAT	Normal	+
GX07_CGGGTGTCAATTGCGT	Normal	+
GX07_CGGGTGTGTACAACGG	Normal	+
GX07_CGGTCAGTCTTCCACG	Normal	+
GX07_CGTAAGTTCGACGTCG	Normal	+
GX07_CGTAATGAGTTAACAG	Normal	+
GX07_CGTAATGTCGTGGGAA	Normal	+
GX07_CGTGCTTCAAAGGCAC	Normal	+
GX07_CGTGCTTGTCGTTATG	Normal	+
GX07_CGTGCTTTCCCGTTCA	Normal	+
GX07_CGTTAGAAGCTGTCCG	Normal	+
GX07_CGTTAGAGTTCGAAGG	Normal	+
GX07_CGTTGGGGTGCCTTTC	Normal	+
GX07_CGTTGGGTCATATGGC	Normal	+
GX07_CTAACTTCATTCACAG	Normal	+
GX07_CTAACTTTCCGGTAGC	Normal	+
GX07_CTACCCATCTTTCAGT	Normal	+
GX07_CTACCTGCAACGAGGT	Normal	+
GX07_CTACCTGTCTACACTT	Normal	+
GX07_CTAGACATCTCGCAGG	Normal	+
GX07_CTATCTAAGGAGGGTG	Normal	+
GX07_CTCAACCAGCTAGCCC	Normal	+
GX07_CTCAAGATCAGTGATC	Normal	+
GX07_CTCAATTGTATCCCTC	Normal	+
GX07_CTCACTGGTATCTCGA	Normal	+
GX07_CTCACTGGTTATTCTC	Normal	+
GX07_CTCAGAAGTTCCTAAG	Normal	+
GX07_CTCAGGGCATCACAGT	Normal	+
GX07_CTCATGCTCGCGAAGA	Normal	+
GX07_CTCCAACAGATGCCGA	Normal	+
GX07_CTCCAACCATGGCCAC	Normal	+
GX07_CTCCACAAGGTAAACT	Normal	+
GX07_CTCCATGCAACCTAAC	Normal	+
GX07_CTCCTCCAGGCTGTAG	Normal	+
GX07_CTCGAGGTCACCGCTT	Normal	+
GX07_CTCGAGGTCCCTCATG	Normal	+
GX07_CTCGAGGTCGACCATA	Normal	+
GX07_CTCTCGACACTGTCCT	Normal	+
GX07_CTCTGGTAGCCAAGGT	Normal	+
GX07_CTCTGGTTCGTTCTGC	Normal	+
GX07_CTGAGCGCATACAGGG	Normal	+
GX07_CTGATCCAGCCTCTCT	Normal	+
GX07_CTGCAGGAGGTAAGTT	Normal	+
GX07_CTGCAGGTCAAAGGAT	Normal	+
GX07_CTGCAGGTCCATTTCA	Normal	+
GX07_CTGCAGGTCTGCATAG	Normal	+
GX07_CTGCATCAGCATCCTA	Normal	+
GX07_CTGCATCTCGCAGTGC	Normal	+
GX07_CTGCCTAGTATGATCC	Normal	+
GX07_CTGCGAGGTCGCGTTG	Normal	+
GX07_CTGCGAGTCTGAGATC	Normal	+
GX07_CTGGACGAGCCTCACG	Normal	+
GX07_CTGGACGGTCACAGAG	Normal	+
GX07_CTGGACGTCGCTACAA	Normal	+
GX07_CTGGCAGGTCCACAGC	Normal	+
GX07_CTGTGGGAGTGTACAA	Normal	+
GX07_CTGTGGGGTTAACAGA	Normal	+
GX07_CTTACCGAGGGAGTTC	Normal	+
GX07_CTTACCGCATGGGAAC	Normal	+
GX07_CTTAGGAGTAAGACCG	Normal	+
GX07_CTTCAATCAACCAGAG	Normal	+
GX07_CTTCCGACAATTGCGT	Normal	+
GX07_CTTCGGTCAGGTGACA	Normal	+
GX07_CTTCGGTCAGTTGCGC	Normal	+
GX07_CTTCTAATCGTAGTCA	Normal	+
GX07_CTTGAGAGTCACGACC	Normal	+
GX07_CTTGATTCAGATAAAC	Normal	+
GX07_CTTTCAAGTGATTCTG	Normal	+
GX07_CTTTCGGCAAAGAACT	Normal	+
GX07_GAAACCTTCAAGGTGG	Normal	+
GX07_GAAATGAAGCCAGAGT	Normal	+
GX07_GAACGTTTCCACTGGG	Normal	+
GX07_GAAGAATTCTATCGGA	Normal	+
GX07_GAAGTAAAGCGTGCCT	Normal	+
GX07_GAATAGAGTGCCGTAC	Normal	+
GX07_GACACGCGTGCTGATT	Normal	+
GX07_GACAGCCAGGACGCTA	Normal	+
GX07_GACATCACAACGGTAG	Normal	+
GX07_GACATCAGTCGCGGTT	Normal	+
GX07_GACCAATCATAACCCA	Normal	+
GX07_GACCAATTCGTAACCA	Normal	+
GX07_GACCGTGAGTAGTGCG	Normal	+
GX07_GACCTTCAGAAATCCA	Normal	+
GX07_GACCTTCGTCCATCTC	Normal	+
GX07_GACTATGGTTGTGTAC	Normal	+
GX07_GACTCTCCATGTAACC	Normal	+
GX07_GAGACTTCATCCGAGC	Normal	+
GX07_GAGACTTGTGTCATCA	Normal	+
GX07_GAGAGGTAGATCACTC	Normal	+
GX07_GAGAGGTGTCATTCCC	Normal	+
GX07_GAGAGGTTCATTCACT	Normal	+
GX07_GAGATGGAGTGGCGAT	Normal	+
GX07_GAGCTGCCACTGTGAT	Normal	+
GX07_GAGGGATAGAGTCAGC	Normal	+
GX07_GAGGGTAAGCCAACCC	Normal	+
GX07_GAGTCTAAGCGCGTTC	Normal	+
GX07_GAGTGAGGTCTGCCTT	Normal	+
GX07_GAGTGTTTCCATAGGT	Normal	+
GX07_GAGTTACAGCGTTGTT	Normal	+
GX07_GAGTTACCAGCCGTTG	Normal	+
GX07_GAGTTACCAGCTGTAT	Normal	+
GX07_GAGTTACTCACCGCTT	Normal	+
GX07_GAGTTGTGTGTTCAGT	Normal	+
GX07_GATAGAAGTTAGAAAC	Normal	+
GX07_GATAGCTGTGACCTGC	Normal	+
GX07_GATCACAAGTCTTCGA	Normal	+
GX07_GATCACATCTTGGAAC	Normal	+
GX07_GATCGTAAGGTTACCT	Normal	+
GX07_GATGATCGTGATACCT	Normal	+
GX07_GATGGAGGTGGACCAA	Normal	+
GX07_GATTCGAAGGCTAGCA	Normal	+
GX07_GATTCGATCGAGTGGA	Normal	+
GX07_GATTGGTCAACTACGT	Normal	+
GX07_GATTGGTGTAGTAAGT	Normal	+
GX07_GATTGGTTCGTCACCT	Normal	+
GX07_GCAACATAGAGGTTTA	Normal	+
GX07_GCAACATCACTTTATC	Normal	+
GX07_GCAACCGTCGCAGTCG	Normal	+
GX07_GCACATACATAGAATG	Normal	+
GX07_GCACATAGTACTGCCG	Normal	+
GX07_GCACGGTAGACCAGAC	Normal	+
GX07_GCAGGCTTCACCGCTT	Normal	+
GX07_GCAGGCTTCATTTGGG	Normal	+
GX07_GCATCGGAGGGCATGT	Normal	+
GX07_GCATCGGGTCTCCCTA	Normal	+
GX07_GCATCTCTCTTCGACC	Normal	+
GX07_GCCAACGGTAGTACGG	Normal	+
GX07_GCCAACGTCACGGTCG	Normal	+
GX07_GCCATGGTCGATCCCT	Normal	+
GX07_GCCCAGATCACTAGCA	Normal	+
GX07_GCCCGAAAGTCCCAAT	Normal	+
GX07_GCCTGTTCATACCGTA	Normal	+
GX07_GCGTGCAAGAAGAGCA	Normal	+
GX07_GCTCAAAGTACAAGCG	Normal	+
GX07_GCTGGGTCAAAGGATT	Normal	+
GX07_GCTGGGTCACCTATCC	Normal	+
GX07_GCTTCACCATCGCTGG	Normal	+
GX07_GGAATCTGTTGGACCC	Normal	+
GX07_GGAGAACAGTTTGTCG	Normal	+
GX07_GGATCTAAGATAGTCA	Normal	+
GX07_GGATGTTTCCCAGGAC	Normal	+
GX07_GGATGTTTCTTGAGCA	Normal	+
GX07_GGCTTGGTCTCCGCAT	Normal	+
GX07_GGGACAAAGACCAGCA	Normal	+
GX07_GGGACCTAGCTCCACG	Normal	+
GX07_GGGACCTGTTAGGGTG	Normal	+
GX07_GGGACTCTCGGCCAAC	Normal	+
GX07_GGGAGATCATGGAATA	Normal	+
GX07_GGGATGAAGGACAGCT	Normal	+
GX07_GGGATGATCGTCTCAC	Normal	+
GX07_GGGCCATGTGACTGAG	Normal	+
GX07_GGGCCATGTTCCGGTG	Normal	+
GX07_GGGCGTTCACGAAGAC	Normal	+
GX07_GGGCTACTCCGTAGGC	Normal	+
GX07_GGGTCACCAGAAGCGT	Normal	+
GX07_GGGTCACTCTGTAAGC	Normal	+
GX07_GGGTCTGAGCTCGGCT	Normal	+
GX07_GGGTTATCACGTACTA	Normal	+
GX07_GGTAATCTCTAGTGAC	Normal	+
GX07_GGTAATCTCTGACCCT	Normal	+
GX07_GGTAGAGAGCAGCCTC	Normal	+
GX07_GGTAGAGTCTATGTGG	Normal	+
GX07_GGTCTGGCATATGGCT	Normal	+
GX07_GGTGAAGAGTGGTTCT	Normal	+
GX07_GGTGAAGGTCAAGCCC	Normal	+
GX07_GGTGGCTAGGGTTTCT	Normal	+
GX07_GGTTCTCAGATTGAGT	Normal	+
GX07_GTAACCAAGGTAGTAT	Normal	+
GX07_GTAAGTCAGACTTCAC	Normal	+
GX07_GTAATGCTCGTCACCT	Normal	+
GX07_GTACAGTCAATATCCG	Normal	+
GX07_GTAGGTTCAATTTCCT	Normal	+
GX07_GTAGGTTTCAATGCAC	Normal	+
GX07_GTAGGTTTCTCATTGT	Normal	+
GX07_GTATTTCAGACATAGT	Normal	+
GX07_GTCAAACTCCGCCTAT	Normal	+
GX07_GTCAAGTCAAGTGCTT	Normal	+
GX07_GTCACGGCAGTGGCTC	Normal	+
GX07_GTCACTCGTGTCATGT	Normal	+
GX07_GTCAGCGGTCTGTGGC	Normal	+
GX07_GTCATGAGTCACTCAA	Normal	+
GX07_GTCATGATCCGCACTT	Normal	+
GX07_GTCGAATCATCGGCCA	Normal	+
GX07_GTCGTAAAGCTAAATG	Normal	+
GX07_GTCGTTCAGAACGCGT	Normal	+
GX07_GTCTCACCAAGATTGA	Normal	+
GX07_GTCTCACTCCGTGGCA	Normal	+
GX07_GTGAGCCAGCCATCCG	Normal	+
GX07_GTGAGTTTCCTCACGT	Normal	+
GX07_GTGATGTGTTGCTTGA	Normal	+
GX07_GTGCAGCGTAGGCTGA	Normal	+
GX07_GTGCAGCGTATCGTTG	Normal	+
GX07_GTGCAGCGTGCAAGAC	Normal	+
GX07_GTGCTGGTCCACGGGT	Normal	+
GX07_GTGCTTCAGGTTCCGC	Normal	+
GX07_GTGGCGTGTCCTACGG	Normal	+
GX07_GTGGGAAGTCAAATCC	Normal	+
GX07_GTGTCCTGTATCGATC	Normal	+
GX07_GTGTCCTGTCTACTGA	Normal	+
GX07_GTGTGATAGCGACAGT	Normal	+
GX07_GTGTGGCCAATTGCGT	Normal	+
GX07_GTGTTCCCATGTGTCA	Normal	+
GX07_GTTACCCAGGTACCTT	Normal	+
GX07_GTTACGAAGTCACTAC	Normal	+
GX07_GTTACGACACTTGAGT	Normal	+
GX07_GTTAGACAGGACACTG	Normal	+
GX07_GTTAGTGAGATTGCGG	Normal	+
GX07_GTTAGTGAGGTTCACT	Normal	+
GX07_GTTAGTGTCACAACCA	Normal	+
GX07_GTTCTATTCAAGTTGC	Normal	+
GX07_GTTGCGGTCGCACTCT	Normal	+
GX07_GTTGCTCCATGAAGGC	Normal	+
GX07_GTTGTCCGTAGCGATG	Normal	+
GX07_TAACCAGGTACGTACT	Normal	+
GX07_TAACGACGTCATAAAG	Normal	+
GX07_TAAGCACGTATGGGAC	Normal	+
GX07_TAAGCACTCATGAGTC	Normal	+
GX07_TAAGCACTCGTTCCCA	Normal	+
GX07_TAAGCGTTCCTATTTG	Normal	+
GX07_TAATCTCAGCATCAAA	Normal	+
GX07_TACATTCGTCTGCGCA	Normal	+
GX07_TACCCACGTAGTATAG	Normal	+
GX07_TACCGAATCTCTGACC	Normal	+
GX07_TACCTCGCAGAAATTG	Normal	+
GX07_TACCTGCAGCTACTAC	Normal	+
GX07_TACCTGCGTTCGGCCA	Normal	+
GX07_TACGCTCAGCCTCTGG	Normal	+
GX07_TACGCTCGTAGTCGTT	Normal	+
GX07_TACGCTCGTCCCTAAA	Normal	+
GX07_TACTGCCTCAGCAATC	Normal	+
GX07_TACTGCCTCGTCGGGT	Normal	+
GX07_TAGACCACAAGAAATC	Normal	+
GX07_TAGACCACACTATGTG	Normal	+
GX07_TAGATCGAGGATCACG	Normal	+
GX07_TAGCACAAGAGTTCGG	Normal	+
GX07_TAGGGTTGTTGGAGGT	Normal	+
GX07_TAGGTTGTCTGTACAG	Normal	+
GX07_TATATCCGTCTAGGTT	Normal	+
GX07_TATCGCCCAACAAAGT	Normal	+
GX07_TATCTGTTCGCTAAAC	Normal	+
GX07_TATCTTGTCCGGTAAT	Normal	+
GX07_TCAAGTGAGACTCAAA	Normal	+
GX07_TCAAGTGCACGCCACA	Normal	+
GX07_TCAATCTCAGGACAGT	Normal	+
GX07_TCAATTCCAAGAAACT	Normal	+
GX07_TCACACCAGAATTTGG	Normal	+
GX07_TCACGGGAGTAAGCAT	Normal	+
GX07_TCACGGGTCAAGGACG	Normal	+
GX07_TCACTATAGACCAGAC	Normal	+
GX07_TCACTATAGCCTTCTC	Normal	+
GX07_TCACTCGAGCACCAGA	Normal	+
GX07_TCAGCAACATGTAACC	Normal	+
GX07_TCAGGTACACTTCCTG	Normal	+
GX07_TCAGGTATCTTCCACG	Normal	+
GX07_TCAGTTTCACCACATA	Normal	+
GX07_TCAGTTTTCTCCGATC	Normal	+
GX07_TCATATCCACACACGC	Normal	+
GX07_TCATATCTCCTACTGC	Normal	+
GX07_TCATCATAGATCCGAG	Normal	+
GX07_TCATCATGTATCGATC	Normal	+
GX07_TCATCCGCACGACGTC	Normal	+
GX07_TCATGCCAGAGTCACG	Normal	+
GX07_TCATGTTCAGGTGACA	Normal	+
GX07_TCATTACCATATCTCT	Normal	+
GX07_TCATTGTCATACGCAT	Normal	+
GX07_TCATTTGCATATGGCT	Normal	+
GX07_TCCACCAAGTGCGTCC	Normal	+
GX07_TCCACCAGTTCTCTAT	Normal	+
GX07_TCCACCATCACACCCT	Normal	+
GX07_TCCACGTAGCCTTCTC	Normal	+
GX07_TCCACGTCAAGTATCC	Normal	+
GX07_TCCAGAAAGATGCTAA	Normal	+
GX07_TCCAGAAGTCGGTACC	Normal	+
GX07_TCCATGCGTTTAGACC	Normal	+
GX07_TCCATGCTCATTCCTA	Normal	+
GX07_TCCCATGGTAGCTGCC	Normal	+
GX07_TCCGAAAGTGTCGATT	Normal	+
GX07_TCCGAAAGTTACAGCT	Normal	+
GX07_TCCGGGAGTCGATTTG	Normal	+
GX07_TCCGTGTCAAAGACTA	Normal	+
GX07_TCCTAATCAGGCAATG	Normal	+
GX07_TCCTCCCAGTCATTGC	Normal	+
GX07_TCCTCGAAGGCTGTAG	Normal	+
GX07_TCCTCTTCAAGTATCC	Normal	+
GX07_TCGAACAAGGTCGTGA	Normal	+
GX07_TCGAAGTTCCGTAGTA	Normal	+
GX07_TCGACGGTCCCGATCT	Normal	+
GX07_TCGATTTCAGGGACTA	Normal	+
GX07_TCGATTTTCATTTCCA	Normal	+
GX07_TCGCTCACATGAGAAT	Normal	+
GX07_TCGCTCACATTGCCTC	Normal	+
GX07_TCGCTCAGTCACGACC	Normal	+
GX07_TCGCTCAGTTTGGGAG	Normal	+
GX07_TCGCTCATCCGACGGT	Normal	+
GX07_TCGGGACTCGCAACAT	Normal	+
GX07_TCGGGACTCGTTACCC	Normal	+
GX07_TCGTCCATCAGTCAGT	Normal	+
GX07_TCGTGCTGTCCTTGTC	Normal	+
GX07_TCTAACTAGTTAACAG	Normal	+
GX07_TCTAACTCAGAAGTGC	Normal	+
GX07_TCTAACTTCGGCTGAC	Normal	+
GX07_TCTACCGTCATGTCAG	Normal	+
GX07_TCTATCACATCATCCC	Normal	+
GX07_TCTATCATCCACAGGC	Normal	+
GX07_TCTCACGAGGATTTCC	Normal	+
GX07_TCTCAGCGTCTACGAT	Normal	+
GX07_TCTGCCAAGGGTCAAC	Normal	+
GX07_TCTTTGATCACTCTTA	Normal	+
GX07_TGAACGTAGGTAGTCG	Normal	+
GX07_TGAACGTGTTTCGATG	Normal	+
GX07_TGAATGCCAGTTCCAA	Normal	+
GX07_TGACAGTCACGATTCA	Normal	+
GX07_TGACCCTAGTCCCGAC	Normal	+
GX07_TGACCCTAGTGACACG	Normal	+
GX07_TGACGCGTCATTACTC	Normal	+
GX07_TGAGACTGTAAGGCTG	Normal	+
GX07_TGAGCGCAGCATCCTA	Normal	+
GX07_TGAGGTTCAGACGGAT	Normal	+
GX07_TGAGTCATCTTACGGA	Normal	+
GX07_TGATCAGAGCACTGGA	Normal	+
GX07_TGATGGTAGCTTAAGA	Normal	+
GX07_TGATGGTAGTTGCTGT	Normal	+
GX07_TGATGGTGTAACATGA	Normal	+
GX07_TGATTCTGTTCCTAAG	Normal	+
GX07_TGATTTCCAAGCAATA	Normal	+
GX07_TGATTTCTCATCGCAA	Normal	+
GX07_TGCACGGAGGGACCAT	Normal	+
GX07_TGCACGGGTGCGAACA	Normal	+
GX07_TGCAGATTCACCATGA	Normal	+
GX07_TGCAGGCCAATACCTG	Normal	+
GX07_TGCAGTATCGGTCGAC	Normal	+
GX07_TGCATCCTCCTGGTCT	Normal	+
GX07_TGCATGATCGCAGAGA	Normal	+
GX07_TGCCGAGCAGAGTTCT	Normal	+
GX07_TGCGATACACAGAGAC	Normal	+
GX07_TGCGATAGTGTAAATG	Normal	+
GX07_TGCTCCATCCCGAGGT	Normal	+
GX07_TGCTCGTCAGGCTTGC	Normal	+
GX07_TGCTCGTGTGCATACT	Normal	+
GX07_TGCTCGTGTTCCCACT	Normal	+
GX07_TGGAACTTCCTAAGTG	Normal	+
GX07_TGGAACTTCTAGTTCT	Normal	+
GX07_TGGAGGAAGGTTAGTA	Normal	+
GX07_TGGAGGATCGGCCTTT	Normal	+
GX07_TGGATCAAGTAATTGG	Normal	+
GX07_TGGATCACATGGAGAC	Normal	+
GX07_TGGATCAGTCACTGAT	Normal	+
GX07_TGGATCATCTCGACCT	Normal	+
GX07_TGGGAGAAGTAGGTTA	Normal	+
GX07_TGGGAGACAACGAGGT	Normal	+
GX07_TGGGATTTCAGCCTTC	Normal	+
GX07_TGGGTTATCAAAGAAC	Normal	+
GX07_TGGTACAGTTCGGACC	Normal	+
GX07_TGGTTAGCAGGCGTTC	Normal	+
GX07_TGTAACGCATGCCGAC	Normal	+
GX07_TGTCAGAAGTGGCCTC	Normal	+
GX07_TGTCCACAGCGTGTCC	Normal	+
GX07_TGTCCCACACTACAGT	Normal	+
GX07_TGTGGCGAGCAGCAGT	Normal	+
GX07_TGTGTGAGTCACCACG	Normal	+
GX07_TGTTCATCACCCATAA	Normal	+
GX07_TGTTCCGCACCCGTAG	Normal	+
GX07_TGTTCTAGTTTCCCAC	Normal	+
GX07_TGTTGAGTCAGCTTGA	Normal	+
GX07_TGTTGGACATCCGAAT	Normal	+
GX07_TGTTGGATCAACACCA	Normal	+
GX07_TTACCATCAGTTGTCA	Normal	+
GX07_TTACCATGTAAGTTGA	Normal	+
GX07_TTACCATTCAATGCAC	Normal	+
GX07_TTACCGCTCCCTTGTG	Normal	+
GX07_TTACGTTGTAGGTCAG	Normal	+
GX07_TTACGTTTCTAAGCGT	Normal	+
GX07_TTAGGCAAGACCCGCT	Normal	+
GX07_TTAGGCATCCAGGACC	Normal	+
GX07_TTAGTCTTCCATTCGC	Normal	+
GX07_TTATTGCGTGAAGCTG	Normal	+
GX07_TTCAGGAAGACTGTTC	Normal	+
GX07_TTCAGGACACAACCGC	Normal	+
GX07_TTCATGTGTCGATGCC	Normal	+
GX07_TTCATTGCACATTACG	Normal	+
GX07_TTCCACGAGGCTTAAA	Normal	+
GX07_TTCCGTGCATCTGGGC	Normal	+
GX07_TTCCGTGGTGTAGCAG	Normal	+
GX07_TTCCTCTAGCTATCCA	Normal	+
GX07_TTCCTCTCAACGACAG	Normal	+
GX07_TTCTCTCCAGGACATG	Normal	+
GX07_TTCTGTAAGTTGGAAT	Normal	+
GX07_TTCTTCCCAATAGGGC	Normal	+
GX07_TTGACCCAGACATACA	Normal	+
GX07_TTGACCCGTCTGTGAT	Normal	+
GX07_TTGACCCTCTCCTGAC	Normal	+
GX07_TTGCATTCAAGTAGTA	Normal	+
GX07_TTGCCTGGTTGAAGTA	Normal	+
GX07_TTGCGTCCACGCTTAA	Normal	+
GX07_TTGCGTCCAGAGACTG	Normal	+
GX07_TTGCTGCGTATCGAGG	Normal	+
GX07_TTGCTGCTCGCGAAGA	Normal	+
GX07_TTGGTTTCAAATGCGG	Normal	+
GX07_TTGTGGATCCTCAGAA	Normal	+
GX07_TTGTGTTAGCCTAACT	Normal	+
GX07_TTGTGTTAGCGTACAG	Normal	+
GX07_TTGTGTTCAATGCAGG	Normal	+
GX07_TTGTTCAGTATATGGA	Normal	+
GX07_TTGTTGTTCGGAGATG	Normal	+
GX07_TTGTTTGAGGTAGCCA	Normal	+
GX07_TTTAGTCAGTCCCAGC	Normal	+
GX07_TTTAGTCTCTCGTGAA	Normal	+
GX07_TTTATGCCAAGGTTGG	Normal	+
GX07_TTTCGATGTCACTCAA	Normal	+
GX07_TTTCGATGTGGGTATG	Normal	+
GX27_AAACCCACAGCGTGCT	Tumour	-
GX27_AAACCCACATGTGCTA	Tumour	-
GX27_AAACCCATCAAGGACG	Tumour	-
GX27_AAACGAAAGGGCAAGG	Tumour	-
GX27_AAACGAACAAGGTTGG	Tumour	-
GX27_AAACGAATCAAGCCTA	Tumour	-
GX27_AAACGCTTCGGAGTAG	Tumour	-
GX27_AAAGAACAGGTAAGAG	Tumour	-
GX27_AAAGGATTCCACTAGA	Tumour	-
GX27_AAAGGATTCTTCCCAG	Tumour	-
GX27_AAAGGGCGTAGAGATT	Tumour	-
GX27_AAAGGGCTCAAGGACG	Tumour	-
GX27_AAAGTGATCAGTCTTT	Tumour	-
GX27_AAATGGAAGGTCGAGT	Tumour	-
GX27_AACAAAGAGAAACTGT	Tumour	-
GX27_AACAAAGCAGTATTCG	Tumour	-
GX27_AACAAGAGTAATGATG	Tumour	-
GX27_AACACACCAACGGGTA	Tumour	-
GX27_AACACACCAGTATTCG	Tumour	-
GX27_AACACACGTATCTTCT	Tumour	-
GX27_AACACACGTCAAGGCA	Tumour	-
GX27_AACACACGTGCAAGAC	Tumour	-
GX27_AACAGGGCACATTCTT	Tumour	-
GX27_AACAGGGGTGGCCTCA	Tumour	-
GX27_AACAGGGTCGAGAAAT	Tumour	-
GX27_AACAGGGTCTGGCTGG	Tumour	-
GX27_AACAGGGTCTGGGCCA	Tumour	-
GX27_AACCAACAGGAATCGC	Tumour	-
GX27_AACCAACCAGCCTATA	Tumour	-
GX27_AACCAACGTCATTGCA	Tumour	-
GX27_AACCAACTCATTTGGG	Tumour	-
GX27_AACCAACTCCAGCAAT	Tumour	-
GX27_AACCATGTCGCCAGAC	Tumour	-
GX27_AACCCAAAGGTCTTTG	Tumour	-
GX27_AACCCAAAGTAGAGTT	Tumour	-
GX27_AACCCAAAGTTGCTCA	Tumour	-
GX27_AACCTGACATTGTCGA	Tumour	-
GX27_AACCTTTAGGTCCCTG	Tumour	-
GX27_AACCTTTTCCATAGGT	Tumour	-
GX27_AACCTTTTCGGAATTC	Tumour	-
GX27_AACGGGACACTACCGG	Tumour	-
GX27_AACGGGAGTAACAAGT	Tumour	-
GX27_AACGTCACACGGAAGT	Tumour	-
GX27_AACGTCACATCCCACT	Tumour	-
GX27_AACTTCTAGTTAGAAC	Tumour	-
GX27_AAGAACATCCAGCCTT	Tumour	-
GX27_AAGACTCAGTATCCTG	Tumour	-
GX27_AAGACTCGTTGTGCCG	Tumour	-
GX27_AAGACTCTCGTTCCTG	Tumour	-
GX27_AAGATAGTCAACGTGT	Tumour	-
GX27_AAGCATCGTCCGGACT	Tumour	-
GX27_AAGCGAGAGTCCCAAT	Tumour	-
GX27_AAGCGAGGTCCACTTC	Tumour	-
GX27_AAGCGTTAGGCTCTAT	Tumour	-
GX27_AAGCGTTCAGAAGTGC	Tumour	-
GX27_AAGGAATTCTACTTCA	Tumour	-
GX27_AAGGTAATCGGACTTA	Tumour	-
GX27_AAGTACCTCGCTGTCT	Tumour	-
GX27_AAGTCGTGTTTACCTT	Tumour	-
GX27_AAGTGAATCTGGTTGA	Tumour	-
GX27_AAGTTCGCATGGAGAC	Tumour	-
GX27_AAGTTCGGTTCATCTT	Tumour	-
GX27_AATAGAGAGCGTTCAT	Tumour	-
GX27_AATAGAGCAAACTGCT	Tumour	-
GX27_AATAGAGCAATTGTGC	Tumour	-
GX27_AATAGAGCATCAGCTA	Tumour	-
GX27_AATCACGCATCGTGGC	Tumour	-
GX27_AATCGTGGTTTCACAG	Tumour	-
GX27_AATCGTGTCACCCTTG	Tumour	-
GX27_AATGACCAGTGCACAG	Tumour	-
GX27_AATGACCCAACGGCCT	Tumour	-
GX27_AATGCCAAGGTGCCTC	Tumour	-
GX27_AATGCCACACTGTTCC	Tumour	-
GX27_AATGCCATCCTGTAAG	Tumour	-
GX27_AATGCCATCGGAAGGT	Tumour	-
GX27_AATGGAAAGGACTGGT	Tumour	-
GX27_AATGGAACAAGTTTGC	Tumour	-
GX27_AATGGAAGTAGCGTAG	Tumour	-
GX27_AATTTCCGTCCAGCAC	Tumour	-
GX27_AATTTCCTCAACGCTA	Tumour	-
GX27_ACAAAGAAGCATTTCG	Tumour	-
GX27_ACAACCACAGTTCTAG	Tumour	-
GX27_ACAAGCTTCGGAATGG	Tumour	-
GX27_ACACAGTCAATTGCCA	Tumour	-
GX27_ACACAGTTCCCGAGTG	Tumour	-
GX27_ACAGAAAAGGCTCAAG	Tumour	-
GX27_ACAGAAAGTAGACAGC	Tumour	-
GX27_ACAGCCGAGATTCGCT	Tumour	-
GX27_ACAGCCGAGCCAAGCA	Tumour	-
GX27_ACAGCCGCATATCGGT	Tumour	-
GX27_ACAGGGATCATCACCC	Tumour	-
GX27_ACATCCCAGCCTCAAT	Tumour	-
GX27_ACATCCCGTGCCTATA	Tumour	-
GX27_ACATCGAAGCATCCTA	Tumour	-
GX27_ACATCGAAGCGTGAAC	Tumour	-
GX27_ACATCGACAAGTGGTG	Tumour	-
GX27_ACATCGACATCCGTGG	Tumour	-
GX27_ACATGCACACAGAGCA	Tumour	-
GX27_ACATGCACAGCGACCT	Tumour	-
GX27_ACATGCATCATGCCCT	Tumour	-
GX27_ACATGCATCGCGTGCA	Tumour	-
GX27_ACATTTCTCATACGGT	Tumour	-
GX27_ACATTTCTCGGTTGTA	Tumour	-
GX27_ACATTTCTCGTCTCAC	Tumour	-
GX27_ACCAAACCATGCCGGT	Tumour	-
GX27_ACCAAACTCAGCACCG	Tumour	-
GX27_ACCAAACTCCATTTGT	Tumour	-
GX27_ACCAACAAGGCGCTCT	Tumour	-
GX27_ACCAACAGTCGTCAGC	Tumour	-
GX27_ACCACAAAGTCCCTAA	Tumour	-
GX27_ACCACAACAACAAAGT	Tumour	-
GX27_ACCATTTAGGACGCTA	Tumour	-
GX27_ACCATTTCAAGTGGAC	Tumour	-
GX27_ACCATTTCACGGCACT	Tumour	-
GX27_ACCCAAACATCCGCGA	Tumour	-
GX27_ACCCTCAGTACCGTCG	Tumour	-
GX27_ACCCTTGGTTCAAAGA	Tumour	-
GX27_ACCTACCGTTTGTTGG	Tumour	-
GX27_ACCTGAAAGCATGAAT	Tumour	-
GX27_ACCTGAAAGTAACAGT	Tumour	-
GX27_ACCTGAACATCGATCA	Tumour	-
GX27_ACCTGTCAGCACCGAA	Tumour	-
GX27_ACCTGTCAGGCTCTCG	Tumour	-
GX27_ACCTGTCCATTGTGCA	Tumour	-
GX27_ACCTGTCTCCGAGTGC	Tumour	-
GX27_ACGGGTCAGGAAGTCC	Tumour	-
GX27_ACGGTCGAGGCGATAC	Tumour	-
GX27_ACGGTCGCAATCTAGC	Tumour	-
GX27_ACGGTTAGTACCAATC	Tumour	-
GX27_ACGTAACTCTATGCCC	Tumour	-
GX27_ACGTACAAGCCTGTGC	Tumour	-
GX27_ACGTACATCGGTTAGT	Tumour	-
GX27_ACGTAGTTCACCGGTG	Tumour	-
GX27_ACGTAGTTCTCATTGT	Tumour	-
GX27_ACGTCCTCAAGAGTAT	Tumour	-
GX27_ACGTTCCGTGCAACAG	Tumour	-
GX27_ACTACGAGTCACTTCC	Tumour	-
GX27_ACTATCTAGTCTGTAC	Tumour	-
GX27_ACTATCTAGTTTCTTC	Tumour	-
GX27_ACTATGGAGTCGTTAC	Tumour	-
GX27_ACTATTCCAAGATCCT	Tumour	-
GX27_ACTATTCGTGTCCGTG	Tumour	-
GX27_ACTATTCTCTTCGTGC	Tumour	-
GX27_ACTCCCACACAACGAG	Tumour	-
GX27_ACTCCCACACGAGGAT	Tumour	-
GX27_ACTCTCGGTGAGCGAT	Tumour	-
GX27_ACTGATGAGACCAGCA	Tumour	-
GX27_ACTGATGGTCTCAGAT	Tumour	-
GX27_ACTGATGGTTCGAACT	Tumour	-
GX27_ACTGCAAAGACATACA	Tumour	-
GX27_ACTGTCCAGGTTCTTG	Tumour	-
GX27_ACTGTGAAGATTCGCT	Tumour	-
GX27_ACTGTGAAGGGCGAGA	Tumour	-
GX27_ACTGTGATCTACAGGT	Tumour	-
GX27_ACTTAGGCACACGGAA	Tumour	-
GX27_ACTTAGGTCTCTATGT	Tumour	-
GX27_ACTTATCAGCTTCGTA	Tumour	-
GX27_ACTTCCGAGTAGATCA	Tumour	-
GX27_ACTTCCGAGTTCGGTT	Tumour	-
GX27_ACTTCCGCAACATCGT	Tumour	-
GX27_ACTTCCGTCGCGCCAA	Tumour	-
GX27_ACTTCGCAGATGTAGT	Tumour	-
GX27_ACTTCGCTCCCGATCT	Tumour	-
GX27_ACTTTGTAGAAGGGAT	Tumour	-
GX27_ACTTTGTAGGAATGTT	Tumour	-
GX27_ACTTTGTGTCGTCTCT	Tumour	-
GX27_AGAAATGAGTTATGGA	Tumour	-
GX27_AGAACAACACCGTACG	Tumour	-
GX27_AGAAGCGCACAGCATT	Tumour	-
GX27_AGAAGTAAGAACTCCT	Tumour	-
GX27_AGAAGTAGTGCGAACA	Tumour	-
GX27_AGAAGTAGTTACGCCG	Tumour	-
GX27_AGACAAAAGTAGCCAG	Tumour	-
GX27_AGACAAATCGAAGAAT	Tumour	-
GX27_AGACACTAGACCAAGC	Tumour	-
GX27_AGACACTAGTAGGGTC	Tumour	-
GX27_AGACACTGTCACCCTT	Tumour	-
GX27_AGACACTGTTAGGCTT	Tumour	-
GX27_AGACACTGTTTCGCTC	Tumour	-
GX27_AGACAGGCAGTTTCAG	Tumour	-
GX27_AGACAGGGTCAGGCAA	Tumour	-
GX27_AGACCATTCTCACCCA	Tumour	-
GX27_AGACCCGGTCGAATTC	Tumour	-
GX27_AGACTCAAGGGCAATC	Tumour	-
GX27_AGACTCACACGGGCTT	Tumour	-
GX27_AGAGAATCAAGTGCAG	Tumour	-
GX27_AGAGAGCGTAAGTAGT	Tumour	-
GX27_AGAGCCCGTGGTTCTA	Tumour	-
GX27_AGAGCCCTCAGTCATG	Tumour	-
GX27_AGATAGAAGCGTGAAC	Tumour	-
GX27_AGATAGAAGGGATCGT	Tumour	-
GX27_AGATAGACAATATCCG	Tumour	-
GX27_AGATCCAAGCTCAGAG	Tumour	-
GX27_AGATCCAAGGAACGCT	Tumour	-
GX27_AGATCCAGTAACAGTA	Tumour	-
GX27_AGATCGTGTGCGTTTA	Tumour	-
GX27_AGATCGTTCCTGATAG	Tumour	-
GX27_AGATGAACATAAGCGG	Tumour	-
GX27_AGATGAAGTTAGGGTG	Tumour	-
GX27_AGATGCTCATAGACTC	Tumour	-
GX27_AGATGCTGTCCCACGA	Tumour	-
GX27_AGCATCAAGTCGAGGT	Tumour	-
GX27_AGCATCACAGTAACGG	Tumour	-
GX27_AGCATCAGTACCGTGC	Tumour	-
GX27_AGCATCAGTCGCTCGA	Tumour	-
GX27_AGCATCATCAAGCTGT	Tumour	-
GX27_AGCCACGGTAACTGCT	Tumour	-
GX27_AGCCACGTCATAGAGA	Tumour	-
GX27_AGCCAGCGTGGATCGA	Tumour	-
GX27_AGCGATTAGTGCGCTC	Tumour	-
GX27_AGCGATTTCAACTTTC	Tumour	-
GX27_AGCGCCAAGCAATAGT	Tumour	-
GX27_AGCGCCACACTTCTCG	Tumour	-
GX27_AGCGCCACAGTAGGAC	Tumour	-
GX27_AGCGCTGCAGGAGGAG	Tumour	-
GX27_AGCGCTGCATATGGCT	Tumour	-
GX27_AGCGCTGCATGAGTAA	Tumour	-
GX27_AGCGTATGTAGGCAAC	Tumour	-
GX27_AGCGTCGGTCGAATGG	Tumour	-
GX27_AGCTACACACAGTGAG	Tumour	-
GX27_AGCTACAGTTCCTTGC	Tumour	-
GX27_AGCTCAAGTCGGAACA	Tumour	-
GX27_AGCTTCCTCGGAGATG	Tumour	-
GX27_AGGAAATCATAACCCA	Tumour	-
GX27_AGGAAATGTATGGAAT	Tumour	-
GX27_AGGACGAAGTGCACTT	Tumour	-
GX27_AGGACGACATAATCCG	Tumour	-
GX27_AGGACGACATCGCTAA	Tumour	-
GX27_AGGACTTAGGACTATA	Tumour	-
GX27_AGGACTTGTTGCGTAT	Tumour	-
GX27_AGGAGGTAGCGTTAGG	Tumour	-
GX27_AGGAGGTGTGGCTCTG	Tumour	-
GX27_AGGAGGTTCGCGTGAC	Tumour	-
GX27_AGGATAACACCAGTTA	Tumour	-
GX27_AGGATCTCATAGCACT	Tumour	-
GX27_AGGATCTTCCCAAGCG	Tumour	-
GX27_AGGCATTAGAGGCGGA	Tumour	-
GX27_AGGCATTTCCTCTGCA	Tumour	-
GX27_AGGCCACAGTTAACGA	Tumour	-
GX27_AGGCCACTCCACGTAA	Tumour	-
GX27_AGGCCACTCGCTGACG	Tumour	-
GX27_AGGCTGCCAACACGTT	Tumour	-
GX27_AGGCTGCGTCCGCAGT	Tumour	-
GX27_AGGCTGCTCTGAGTCA	Tumour	-
GX27_AGGGAGTTCATGCCAA	Tumour	-
GX27_AGGGCCTAGACCAAGC	Tumour	-
GX27_AGGGCCTGTCCAGGTC	Tumour	-
GX27_AGGGCTCCACCAACAT	Tumour	-
GX27_AGGGCTCCATTGGGAG	Tumour	-
GX27_AGGGCTCTCAACCTTT	Tumour	-
GX27_AGGGCTCTCCTAACAG	Tumour	-
GX27_AGGGTCCCAAGTATCC	Tumour	-
GX27_AGGGTCCGTCGATTAC	Tumour	-
GX27_AGGGTGAGTTACCTTT	Tumour	-
GX27_AGGTAGGTCTCCTGAC	Tumour	-
GX27_AGGTCATAGCGCACAA	Tumour	-
GX27_AGGTCATTCTTTGGAG	Tumour	-
GX27_AGGTCTACAGCTCATA	Tumour	-
GX27_AGGTCTATCAATCCGA	Tumour	-
GX27_AGGTGTTGTATCGCTA	Tumour	-
GX27_AGGTGTTGTCCAGGTC	Tumour	-
GX27_AGGTTACTCGCCATAA	Tumour	-
GX27_AGGTTGTAGCTAAGTA	Tumour	-
GX27_AGGTTGTGTGTCACAT	Tumour	-
GX27_AGTAACCAGCCGAACA	Tumour	-
GX27_AGTACTGAGCCTCATA	Tumour	-
GX27_AGTACTGGTGATTCTG	Tumour	-
GX27_AGTAGCTCACTGTCGG	Tumour	-
GX27_AGTAGCTGTCCAGCAC	Tumour	-
GX27_AGTAGCTTCGCTATTT	Tumour	-
GX27_AGTAGTCCACTACCCT	Tumour	-
GX27_AGTAGTCGTTCCTAGA	Tumour	-
GX27_AGTCACAGTTGTTGCA	Tumour	-
GX27_AGTCACATCGTCTAAG	Tumour	-
GX27_AGTCATGAGTCGGCCT	Tumour	-
GX27_AGTCATGAGTTGTAAG	Tumour	-
GX27_AGTCATGCACGACAAG	Tumour	-
GX27_AGTCATGGTATCCTTT	Tumour	-
GX27_AGTCTCCTCGTGTTCC	Tumour	-
GX27_AGTGACTCAAACTCTG	Tumour	-
GX27_AGTGATCAGAATCTAG	Tumour	-
GX27_AGTGATCAGACAACAT	Tumour	-
GX27_AGTGATCCACAGGATG	Tumour	-
GX27_AGTGCCGCAGTAGGAC	Tumour	-
GX27_AGTGCCGTCTGTCCGT	Tumour	-
GX27_AGTGTTGAGGATACGC	Tumour	-
GX27_AGTGTTGCAGACCAAG	Tumour	-
GX27_AGTGTTGGTGAGTTTC	Tumour	-
GX27_AGTGTTGTCCAGCAAT	Tumour	-
GX27_AGTTAGCCAGGAGACT	Tumour	-
GX27_AGTTCCCAGAGCTGAC	Tumour	-
GX27_AGTTCCCGTTGTAAAG	Tumour	-
GX27_AGTTCCCTCAGAGCAG	Tumour	-
GX27_AGTTCCCTCTCATGGA	Tumour	-
GX27_AGTTCGAAGGATACAT	Tumour	-
GX27_AGTTCGAAGTTGGGAC	Tumour	-
GX27_AGTTCGAGTCCACGCA	Tumour	-
GX27_AGTTCGATCCTGTACC	Tumour	-
GX27_ATACCGAAGTGCACTT	Tumour	-
GX27_ATACCTTCATCGTTCC	Tumour	-
GX27_ATACTTCCACGACGAA	Tumour	-
GX27_ATACTTCTCCACGGAC	Tumour	-
GX27_ATAGACCCAATGTCTG	Tumour	-
GX27_ATAGACCTCCGTCAAA	Tumour	-
GX27_ATAGAGAAGATTAGTG	Tumour	-
GX27_ATAGGCTCAATGAGCG	Tumour	-
GX27_ATAGGCTCAGTGTATC	Tumour	-
GX27_ATCACAGCAAGACGAC	Tumour	-
GX27_ATCACAGGTCGTATGT	Tumour	-
GX27_ATCACAGGTGAGATCG	Tumour	-
GX27_ATCACAGTCTCCAAGA	Tumour	-
GX27_ATCACTTGTGCGAGTA	Tumour	-
GX27_ATCAGGTAGATGCTTC	Tumour	-
GX27_ATCAGGTGTTATAGCC	Tumour	-
GX27_ATCATTCCAAACCACT	Tumour	-
GX27_ATCATTCCACACAGCC	Tumour	-
GX27_ATCATTCGTAAGTCAA	Tumour	-
GX27_ATCATTCTCTGATGGT	Tumour	-
GX27_ATCCACCAGTAGCTCT	Tumour	-
GX27_ATCCACCGTCCTGTTC	Tumour	-
GX27_ATCCATTAGCACGTCC	Tumour	-
GX27_ATCCATTAGCCGGATA	Tumour	-
GX27_ATCCATTAGGCCTGCT	Tumour	-
GX27_ATCCATTGTCCGTTTC	Tumour	-
GX27_ATCCATTGTGAGATAT	Tumour	-
GX27_ATCCCTGAGATCCCGC	Tumour	-
GX27_ATCCCTGGTCAGGAGT	Tumour	-
GX27_ATCCCTGTCTATCCAT	Tumour	-
GX27_ATCCCTGTCTGCGTCT	Tumour	-
GX27_ATCCGTCGTTTCGTGA	Tumour	-
GX27_ATCCTATAGCTCATAC	Tumour	-
GX27_ATCCTATCAATGTTGC	Tumour	-
GX27_ATCCTATCAGTCTCTC	Tumour	-
GX27_ATCCTATTCAAGCTGT	Tumour	-
GX27_ATCGATGTCTCGCGTT	Tumour	-
GX27_ATCGCCTCAGCCATTA	Tumour	-
GX27_ATCGCCTGTTAACCTG	Tumour	-
GX27_ATCGGATAGCCTGCCA	Tumour	-
GX27_ATCGTAGGTTCACGAT	Tumour	-
GX27_ATCGTCCCAATCAGCT	Tumour	-
GX27_ATCGTCCCATAGACTC	Tumour	-
GX27_ATCGTCCTCCTGTACC	Tumour	-
GX27_ATCGTGAGTTCGGCTG	Tumour	-
GX27_ATCTCTACAACAAGAT	Tumour	-
GX27_ATCTCTAGTATCCCAA	Tumour	-
GX27_ATCTCTAGTTGCATTG	Tumour	-
GX27_ATCTTCAGTGGATACG	Tumour	-
GX27_ATGAAAGAGGTTCACT	Tumour	-
GX27_ATGAAAGCAAAGGAGA	Tumour	-
GX27_ATGACCACAGCCCACA	Tumour	-
GX27_ATGAGGGTCGAACGCC	Tumour	-
GX27_ATGAGTCCAACCGCCA	Tumour	-
GX27_ATGAGTCGTTCCGGTG	Tumour	-
GX27_ATGATCGAGACCTCAT	Tumour	-
GX27_ATGATCGAGGACATCG	Tumour	-
GX27_ATGATCGCATCCGGTG	Tumour	-
GX27_ATGCATGTCCACACAA	Tumour	-
GX27_ATGCCTCTCACGACTA	Tumour	-
GX27_ATGCCTCTCCACATAG	Tumour	-
GX27_ATGCGATAGTGCCTCG	Tumour	-
GX27_ATGCGATCACCTGATA	Tumour	-
GX27_ATGGAGGTCAGTGATC	Tumour	-
GX27_ATGGATCTCCCTTCCC	Tumour	-
GX27_ATGGATCTCTTCGATT	Tumour	-
GX27_ATGGGTTAGGGCCAAT	Tumour	-
GX27_ATGGTTGGTGACCTGC	Tumour	-
GX27_ATGTCCCGTCCGGACT	Tumour	-
GX27_ATGTCTTAGCATACTC	Tumour	-
GX27_ATGTCTTGTATCAGGG	Tumour	-
GX27_ATTACCTCAGGGAATC	Tumour	-
GX27_ATTACTCTCGCTCTCA	Tumour	-
GX27_ATTACTCTCGTGAGAG	Tumour	-
GX27_ATTATCCTCTATCGTT	Tumour	-
GX27_ATTCACTGTACTTCCC	Tumour	-
GX27_ATTCACTGTCCGTTTC	Tumour	-
GX27_ATTCATCAGGTTGAGC	Tumour	-
GX27_ATTCATCAGTGGTTCT	Tumour	-
GX27_ATTCCCGAGATGTTCC	Tumour	-
GX27_ATTCCCGAGTGCTCAT	Tumour	-
GX27_ATTCCCGCAATCCAGT	Tumour	-
GX27_ATTCCCGTCTGGACCG	Tumour	-
GX27_ATTCCTACAGAGGTTG	Tumour	-
GX27_ATTCCTAGTAACAGGC	Tumour	-
GX27_ATTCCTAGTGTCCCTT	Tumour	-
GX27_ATTCCTAGTTGCCATA	Tumour	-
GX27_ATTCCTATCTCAATCT	Tumour	-
GX27_ATTCGTTCAATAGAGT	Tumour	-
GX27_ATTCGTTGTTCCATTT	Tumour	-
GX27_ATTCTACAGCGGTAAC	Tumour	-
GX27_ATTCTACCACTACGGC	Tumour	-
GX27_ATTCTACCATAGGTAA	Tumour	-
GX27_ATTCTACGTGGCTACC	Tumour	-
GX27_ATTCTTGAGGATTTAG	Tumour	-
GX27_ATTCTTGCACCAGTTA	Tumour	-
GX27_ATTCTTGTCGTAGAGG	Tumour	-
GX27_ATTGGGTGTTCCGCGA	Tumour	-
GX27_ATTGTTCGTCTGTAAC	Tumour	-
GX27_ATTTACCCAGCAGTGA	Tumour	-
GX27_ATTTACCCAGCGACAA	Tumour	-
GX27_ATTTACCGTACCTAAC	Tumour	-
GX27_ATTTACCGTCGAGCTC	Tumour	-
GX27_ATTTACCGTTGAGTCT	Tumour	-
GX27_ATTTACCTCAGCGCAC	Tumour	-
GX27_ATTTCACCACGAAGAC	Tumour	-
GX27_ATTTCACCACGACAAG	Tumour	-
GX27_ATTTCACGTGAGATCG	Tumour	-
GX27_ATTTCACGTGGCCACT	Tumour	-
GX27_ATTTCTGGTTGGGCCT	Tumour	-
GX27_CAAAGAACATGTGACT	Tumour	-
GX27_CAACAACCACAATGCT	Tumour	-
GX27_CAACAACCATAGATGA	Tumour	-
GX27_CAACAGTAGGTGCCAA	Tumour	-
GX27_CAACAGTTCTCCATAT	Tumour	-
GX27_CAACCAACAGATACCT	Tumour	-
GX27_CAACCTCCAGGTGTTT	Tumour	-
GX27_CAACGATCAAGAGGCT	Tumour	-
GX27_CAACGATCATGTGTCA	Tumour	-
GX27_CAACGATGTGGATACG	Tumour	-
GX27_CAACGGCCAGAGTAAT	Tumour	-
GX27_CAACGGCGTAGTGATA	Tumour	-
GX27_CAACGGCGTATCGTAC	Tumour	-
GX27_CAACGGCGTCGTCGGT	Tumour	-
GX27_CAACGGCTCGACCATA	Tumour	-
GX27_CAAGACTAGGTAGTAT	Tumour	-
GX27_CAAGACTAGTATGGCG	Tumour	-
GX27_CAAGACTCAATCGAAA	Tumour	-
GX27_CAAGACTGTTTCACTT	Tumour	-
GX27_CAAGAGGCACATGACT	Tumour	-
GX27_CAAGCTACATCGTCCT	Tumour	-
GX27_CAAGCTAGTAGGCTGA	Tumour	-
GX27_CAAGCTAGTGACCTGC	Tumour	-
GX27_CAAGCTATCCCATAAG	Tumour	-
GX27_CAAGGGAAGCTGTACT	Tumour	-
GX27_CAAGGGACATTCCTAT	Tumour	-
GX27_CAAGGGAGTCGAGTTT	Tumour	-
GX27_CAAGGGATCCGTGTAA	Tumour	-
GX27_CAATACGAGGCTGAAC	Tumour	-
GX27_CAATCGATCTGCATGA	Tumour	-
GX27_CAATGACCATGGTACT	Tumour	-
GX27_CAATGACGTCTAGGCC	Tumour	-
GX27_CAATTTCAGAGGTCAC	Tumour	-
GX27_CAATTTCGTTTAGAGA	Tumour	-
GX27_CACACAACACCGAATT	Tumour	-
GX27_CACACAATCCTGATAG	Tumour	-
GX27_CACAGATAGACGACGT	Tumour	-
GX27_CACAGATAGGGAGATA	Tumour	-
GX27_CACAGATGTAGCGCTC	Tumour	-
GX27_CACAGATGTAGGCAGT	Tumour	-
GX27_CACAGATTCCAACCGG	Tumour	-
GX27_CACAGATTCGCCATAA	Tumour	-
GX27_CACAGGCTCGTTAGAC	Tumour	-
GX27_CACATGAAGGCACGAT	Tumour	-
GX27_CACATGACATCGCTAA	Tumour	-
GX27_CACATGAGTAACAAGT	Tumour	-
GX27_CACCAAAAGCGGTAGT	Tumour	-
GX27_CACCAAAGTCCGTTTC	Tumour	-
GX27_CACCGTTAGGGTAGCT	Tumour	-
GX27_CACCGTTGTAGCGCCT	Tumour	-
GX27_CACGAATAGTATTGCC	Tumour	-
GX27_CACGAATGTTGCAACT	Tumour	-
GX27_CACGGGTAGTCTGTAC	Tumour	-
GX27_CACGGGTTCTAGTCAG	Tumour	-
GX27_CACGTGGAGGTTGGAC	Tumour	-
GX27_CACGTTCAGGACAGTC	Tumour	-
GX27_CACTGGGAGGTCGTGA	Tumour	-
GX27_CACTGTCAGCGTCTCG	Tumour	-
GX27_CACTGTCCATTACTCT	Tumour	-
GX27_CACTTCGCAAATCGTC	Tumour	-
GX27_CAGAGCCGTAGTCACT	Tumour	-
GX27_CAGATACAGAAGCGGG	Tumour	-
GX27_CAGATACAGGTAGGCT	Tumour	-
GX27_CAGATCAAGGGTACAC	Tumour	-
GX27_CAGATCACATTCTCCG	Tumour	-
GX27_CAGATCAGTCTGCATA	Tumour	-
GX27_CAGATCATCTCTTAAC	Tumour	-
GX27_CAGATCATCTTCCCGA	Tumour	-
GX27_CAGCAATGTTCGGGTC	Tumour	-
GX27_CAGCACGCAAGTGATA	Tumour	-
GX27_CAGCACGTCCAAGGGA	Tumour	-
GX27_CAGCAGCAGAATACAC	Tumour	-
GX27_CAGCAGCCAACTTGCA	Tumour	-
GX27_CAGGCCACAGTTAGGG	Tumour	-
GX27_CAGGGCTAGTCCCTAA	Tumour	-
GX27_CAGGGCTTCGCCAACG	Tumour	-
GX27_CAGGGCTTCTAGTACG	Tumour	-
GX27_CAGGGCTTCTCGACGG	Tumour	-
GX27_CAGGTATAGGATTCCT	Tumour	-
GX27_CAGTGCGAGCAAATCA	Tumour	-
GX27_CAGTTAGCACCAACAT	Tumour	-
GX27_CAGTTAGCATAACCCA	Tumour	-
GX27_CATAAGCAGGCACGAT	Tumour	-
GX27_CATAAGCCAATGCTCA	Tumour	-
GX27_CATACAGAGTGGAAGA	Tumour	-
GX27_CATACAGGTTGATCGT	Tumour	-
GX27_CATACCCAGAGTCAAT	Tumour	-
GX27_CATACCCTCGATTGGT	Tumour	-
GX27_CATACTTAGTAGTCCT	Tumour	-
GX27_CATACTTGTCAAAGCG	Tumour	-
GX27_CATACTTTCTCAATCT	Tumour	-
GX27_CATAGACTCCTCGCAT	Tumour	-
GX27_CATCAAGAGCAACAGC	Tumour	-
GX27_CATCCACAGACTCGAG	Tumour	-
GX27_CATCCACGTAAGCTCT	Tumour	-
GX27_CATCCCAAGACATCCT	Tumour	-
GX27_CATCCCAAGAGTTGCG	Tumour	-
GX27_CATCCCACAGAGTCTT	Tumour	-
GX27_CATCCCATCGTAGCTA	Tumour	-
GX27_CATCCGTAGAGAATCT	Tumour	-
GX27_CATCGCTGTGCAATGG	Tumour	-
GX27_CATCGGGAGGCGTCCT	Tumour	-
GX27_CATCGGGGTCCTCCTA	Tumour	-
GX27_CATCGTCCAATTGCAC	Tumour	-
GX27_CATCGTCTCTTAGCTT	Tumour	-
GX27_CATGAGTTCGGACTGC	Tumour	-
GX27_CATGCAAGTCATACCA	Tumour	-
GX27_CATGCCTCAAGCAATA	Tumour	-
GX27_CATGCGGAGAACAAGG	Tumour	-
GX27_CATGCGGAGCCTTTCC	Tumour	-
GX27_CATGCGGAGCTGTTAC	Tumour	-
GX27_CATGCGGCATACAGGG	Tumour	-
GX27_CATGCGGGTACTCCCT	Tumour	-
GX27_CATGCGGGTCGAGCAA	Tumour	-
GX27_CATGCTCGTTGTGCCG	Tumour	-
GX27_CATGGATAGCCATATC	Tumour	-
GX27_CATGGATAGCTGGAGT	Tumour	-
GX27_CATGGATCAGACACCC	Tumour	-
GX27_CATGGATTCATGAGGG	Tumour	-
GX27_CATGGTAAGGTTAAAC	Tumour	-
GX27_CATGGTAGTGCGGTAA	Tumour	-
GX27_CATGGTATCGCTAGCG	Tumour	-
GX27_CATTCATAGGTCCAGA	Tumour	-
GX27_CATTCATGTCGTCAGC	Tumour	-
GX27_CATTCCGTCTGCATGA	Tumour	-
GX27_CATTCTAAGCCTGACC	Tumour	-
GX27_CATTCTACAACACAAA	Tumour	-
GX27_CATTGAGAGATTCGCT	Tumour	-
GX27_CATTGAGAGCTTTCTT	Tumour	-
GX27_CATTGAGCACACGGTC	Tumour	-
GX27_CATTGAGTCGGAGTGA	Tumour	-
GX27_CATTGCCCACGAGAAC	Tumour	-
GX27_CATTGCCGTCGAGATG	Tumour	-
GX27_CATTGTTAGAGGGTAA	Tumour	-
GX27_CATTGTTCAGTAGAGC	Tumour	-
GX27_CATTTCACAGTTGGTT	Tumour	-
GX27_CATTTCAGTTGGAGAC	Tumour	-
GX27_CCAATGAAGATACAGT	Tumour	-
GX27_CCAATGACAAGCGCTC	Tumour	-
GX27_CCAATGAGTCCCAAAT	Tumour	-
GX27_CCAATGATCAGCAGAG	Tumour	-
GX27_CCAATGATCGAGTGGA	Tumour	-
GX27_CCAATGATCTCCGCAT	Tumour	-
GX27_CCAATGATCTGCTTAT	Tumour	-
GX27_CCAATTTAGGACCCAA	Tumour	-
GX27_CCAATTTTCAGGTAAA	Tumour	-
GX27_CCACAAAAGCACCAGA	Tumour	-
GX27_CCACAAAAGTCGAAAT	Tumour	-
GX27_CCACAAAGTCCAATCA	Tumour	-
GX27_CCACACTAGGGAACAA	Tumour	-
GX27_CCACACTAGTCGGCAA	Tumour	-
GX27_CCACCATTCAAACCTG	Tumour	-
GX27_CCACGAGAGATGACCG	Tumour	-
GX27_CCACGAGCATCCGAAT	Tumour	-
GX27_CCACGAGGTATACCTG	Tumour	-
GX27_CCACGTTAGGGTCACA	Tumour	-
GX27_CCACGTTCAGACTCTA	Tumour	-
GX27_CCACGTTCATAAGCAA	Tumour	-
GX27_CCACGTTGTCAACACT	Tumour	-
GX27_CCACGTTGTCGTGATT	Tumour	-
GX27_CCACTTGTCTCATGCC	Tumour	-
GX27_CCATAAGAGGAAAGGT	Tumour	-
GX27_CCATAAGGTGGGAGAG	Tumour	-
GX27_CCATCACCAATGTGGG	Tumour	-
GX27_CCATCACGTACGGTTT	Tumour	-
GX27_CCATCACGTGGTCAAG	Tumour	-
GX27_CCATCACGTTTGAAAG	Tumour	-
GX27_CCATCACTCTGCGGCA	Tumour	-
GX27_CCCAACTAGAGCCGTA	Tumour	-
GX27_CCCAACTTCGTAACAC	Tumour	-
GX27_CCCAACTTCTTCGGTC	Tumour	-
GX27_CCCATTGCAGATGCGA	Tumour	-
GX27_CCCGAAGCAACGGTAG	Tumour	-
GX27_CCCTCTCCAATGGCAG	Tumour	-
GX27_CCCTCTCTCCTCTAGC	Tumour	-
GX27_CCCTGATGTTCACCGG	Tumour	-
GX27_CCCTGATTCACAAGGG	Tumour	-
GX27_CCCTTAGGTGTCCGTG	Tumour	-
GX27_CCGAACGAGAAATCCA	Tumour	-
GX27_CCGAACGCATAGGCGA	Tumour	-
GX27_CCGATCTAGCGAAACC	Tumour	-
GX27_CCGATCTCATACTGTG	Tumour	-
GX27_CCGATCTGTGTTGCCG	Tumour	-
GX27_CCGCAAGTCGCGCTGA	Tumour	-
GX27_CCGGACATCTCGGTCT	Tumour	-
GX27_CCGGGTAAGTCACTCA	Tumour	-
GX27_CCGGGTAGTACAAGTA	Tumour	-
GX27_CCGGTAGCAGCAGTTT	Tumour	-
GX27_CCGGTAGGTTATTCTC	Tumour	-
GX27_CCGGTGAAGCAGCACA	Tumour	-
GX27_CCGTGAGGTGGCAACA	Tumour	-
GX27_CCGTGAGGTTCCATTT	Tumour	-
GX27_CCGTGAGTCCACGTAA	Tumour	-
GX27_CCGTTCAAGAGGGCGA	Tumour	-
GX27_CCGTTCACAGCAGATG	Tumour	-
GX27_CCTAACCAGCCTCATA	Tumour	-
GX27_CCTAACCGTGAGATCG	Tumour	-
GX27_CCTAACCTCAGCGTCG	Tumour	-
GX27_CCTACGTTCATGGCCG	Tumour	-
GX27_CCTACGTTCTGAGCAT	Tumour	-
GX27_CCTATCGCACGAGAAC	Tumour	-
GX27_CCTATCGGTTGCATGT	Tumour	-
GX27_CCTCACAAGGTCATAA	Tumour	-
GX27_CCTCAGTTCTGTCAGA	Tumour	-
GX27_CCTCATGAGGTTTGAA	Tumour	-
GX27_CCTCCAATCAGCAGAG	Tumour	-
GX27_CCTCCTCCACCAACAT	Tumour	-
GX27_CCTCCTCGTGAGAACC	Tumour	-
GX27_CCTGCATAGTTCCGTA	Tumour	-
GX27_CCTGCATCAGGTTCGC	Tumour	-
GX27_CCTGTTGCAGTACTAC	Tumour	-
GX27_CCTTCAGCATCCAACA	Tumour	-
GX27_CCTTGTGAGCACTGGA	Tumour	-
GX27_CCTTGTGCAGGTTACT	Tumour	-
GX27_CCTTTGGCACAGGATG	Tumour	-
GX27_CCTTTGGTCAAGAGGC	Tumour	-
GX27_CGAAGGACATCGAGCC	Tumour	-
GX27_CGAAGGAGTACCGTCG	Tumour	-
GX27_CGAAGGATCTAGACCA	Tumour	-
GX27_CGAAGTTGTTACCCAA	Tumour	-
GX27_CGACAGCAGAAGTGTT	Tumour	-
GX27_CGACAGCAGCCATCCG	Tumour	-
GX27_CGACAGCCACAGCGCT	Tumour	-
GX27_CGACAGCGTTCTGAGT	Tumour	-
GX27_CGACAGCTCATGCGGC	Tumour	-
GX27_CGAGGAACACAGACGA	Tumour	-
GX27_CGAGGAACACTTGACA	Tumour	-
GX27_CGAGGCTAGAAGTCTA	Tumour	-
GX27_CGAGGCTGTTCAACGT	Tumour	-
GX27_CGAGGCTTCGTGGAAG	Tumour	-
GX27_CGAGTGCAGATCCCGC	Tumour	-
GX27_CGAGTGCTCCTCTGCA	Tumour	-
GX27_CGAGTTAAGTCCCAGC	Tumour	-
GX27_CGAGTTACAAGACGAC	Tumour	-
GX27_CGAGTTATCTTGCAGA	Tumour	-
GX27_CGATCGGAGACATCAA	Tumour	-
GX27_CGATCGGGTAACCCTA	Tumour	-
GX27_CGATGGCAGACCATTC	Tumour	-
GX27_CGATGGCTCCAATCTT	Tumour	-
GX27_CGCAGGTCAACAAGTA	Tumour	-
GX27_CGCATGGAGTTTCAGC	Tumour	-
GX27_CGCATGGTCGTCCATC	Tumour	-
GX27_CGCATGGTCTATTCGT	Tumour	-
GX27_CGCCAGAAGATAGTCA	Tumour	-
GX27_CGCCAGAGTTCTCAGA	Tumour	-
GX27_CGCCAGATCGCAGTGC	Tumour	-
GX27_CGCCATTGTGGGTATG	Tumour	-
GX27_CGCGTGACATTGAGGG	Tumour	-
GX27_CGCGTGAGTACCTAGT	Tumour	-
GX27_CGCGTGAGTCCTCCTA	Tumour	-
GX27_CGGAACCCAGTAACCT	Tumour	-
GX27_CGGAACCGTTCTCAGA	Tumour	-
GX27_CGGAACCTCGCGGACT	Tumour	-
GX27_CGGACACCATTGTGCA	Tumour	-
GX27_CGGACACTCATAGACC	Tumour	-
GX27_CGGAGAAAGAGTCAGC	Tumour	-
GX27_CGGAGAAAGGGATGTC	Tumour	-
GX27_CGGAGAACAACCACGC	Tumour	-
GX27_CGGAGAATCATTACGG	Tumour	-
GX27_CGGCAGTTCACGACTA	Tumour	-
GX27_CGGCAGTTCTGTCTCG	Tumour	-
GX27_CGGGACTAGAGCTGAC	Tumour	-
GX27_CGGGACTTCTGGGATT	Tumour	-
GX27_CGGGCATGTTGTTGCA	Tumour	-
GX27_CGGGTCACATCAGCAT	Tumour	-
GX27_CGGGTCAGTCGAACAG	Tumour	-
GX27_CGGGTCAGTTTGAACC	Tumour	-
GX27_CGGGTGTAGATCACCT	Tumour	-
GX27_CGGGTGTAGGCTGGAT	Tumour	-
GX27_CGGGTGTGTTATAGCC	Tumour	-
GX27_CGTAAGTTCGTGTCAA	Tumour	-
GX27_CGTAAGTTCTGACGCG	Tumour	-
GX27_CGTAATGTCATTCCTA	Tumour	-
GX27_CGTAATGTCGTGAGAG	Tumour	-
GX27_CGTAGTAAGTAACCTC	Tumour	-
GX27_CGTAGTACAGCCGTCA	Tumour	-
GX27_CGTAGTACAGGCGTTC	Tumour	-
GX27_CGTCAAACACCCTCTA	Tumour	-
GX27_CGTCAAATCGCGGTAC	Tumour	-
GX27_CGTCCATCACACGGTC	Tumour	-
GX27_CGTCCATCACTCATAG	Tumour	-
GX27_CGTGCTTAGGGATGTC	Tumour	-
GX27_CGTGCTTTCGAAGCAG	Tumour	-
GX27_CGTGTCTCATTGACAC	Tumour	-
GX27_CGTTAGACACGATTCA	Tumour	-
GX27_CGTTCTGCAGACGATG	Tumour	-
GX27_CGTTCTGGTCTCGGAC	Tumour	-
GX27_CGTTGGGCAGGGAATC	Tumour	-
GX27_CGTTGGGTCAGCTTGA	Tumour	-
GX27_CTAACCCAGTCGCCCA	Tumour	-
GX27_CTAACCCCAAATAGCA	Tumour	-
GX27_CTAACTTCAGACTCTA	Tumour	-
GX27_CTAACTTTCCAGTGCG	Tumour	-
GX27_CTACAGACAACCTAAC	Tumour	-
GX27_CTACAGACAACTTGGT	Tumour	-
GX27_CTACAGACACATATGC	Tumour	-
GX27_CTACATTAGGCTCACC	Tumour	-
GX27_CTACATTAGTACGAGC	Tumour	-
GX27_CTACATTCAGGACAGT	Tumour	-
GX27_CTACCCATCTCTGGTC	Tumour	-
GX27_CTACCTGAGAATAGTC	Tumour	-
GX27_CTACCTGAGCATCCCG	Tumour	-
GX27_CTACCTGCATCTGGGC	Tumour	-
GX27_CTACGGGGTGTTAACC	Tumour	-
GX27_CTACTATGTACACGCC	Tumour	-
GX27_CTACTATGTACGAGCA	Tumour	-
GX27_CTACTATTCATTGTGG	Tumour	-
GX27_CTAGACACAACAGCTT	Tumour	-
GX27_CTAGACAGTCATCAGT	Tumour	-
GX27_CTAGACAGTCCTCCTA	Tumour	-
GX27_CTAGACATCCACAGGC	Tumour	-
GX27_CTAGACATCGGCAGTC	Tumour	-
GX27_CTAGGTAGTTTGGGAG	Tumour	-
GX27_CTATAGGAGTTGTAAG	Tumour	-
GX27_CTATCCGAGTGCTAGG	Tumour	-
GX27_CTATCCGGTAGACACG	Tumour	-
GX27_CTATCCGGTAGTATAG	Tumour	-
GX27_CTATCCGTCAAGCGTT	Tumour	-
GX27_CTCAACCGTTCTCCTG	Tumour	-
GX27_CTCAACCTCTACGCGG	Tumour	-
GX27_CTCAACCTCTTCGATT	Tumour	-
GX27_CTCAAGAAGCTGTTAC	Tumour	-
GX27_CTCAAGACAGTTCCAA	Tumour	-
GX27_CTCAATTAGTCCCTAA	Tumour	-
GX27_CTCACTGCAGTAGTTC	Tumour	-
GX27_CTCACTGCATACGCAT	Tumour	-
GX27_CTCAGAAAGAGCAAGA	Tumour	-
GX27_CTCAGAAGTCGTGGTC	Tumour	-
GX27_CTCAGAATCATTGTTC	Tumour	-
GX27_CTCAGTCGTTACAGCT	Tumour	-
GX27_CTCATCGAGTGAGGCT	Tumour	-
GX27_CTCCAACAGACCACGA	Tumour	-
GX27_CTCCAACAGCCACAAG	Tumour	-
GX27_CTCCAACCAGTATACC	Tumour	-
GX27_CTCCATGGTTACCCTC	Tumour	-
GX27_CTCCATGTCCATCCGT	Tumour	-
GX27_CTCCCAAAGAGCACTG	Tumour	-
GX27_CTCCCAAAGTAAGGGA	Tumour	-
GX27_CTCCCAAGTACCTAAC	Tumour	-
GX27_CTCCCAAGTTCCCACT	Tumour	-
GX27_CTCCCAAGTTGTAGCT	Tumour	-
GX27_CTCCCAATCAATCGGT	Tumour	-
GX27_CTCCCAATCTCTAGGA	Tumour	-
GX27_CTCCCTCGTTGTCAGT	Tumour	-
GX27_CTCCGATCAACGAGGT	Tumour	-
GX27_CTCCGATGTGAGCAGT	Tumour	-
GX27_CTCCTCCAGGCAGTCA	Tumour	-
GX27_CTCCTTTAGGTACCTT	Tumour	-
GX27_CTCCTTTGTCCCAAAT	Tumour	-
GX27_CTCGAGGAGTTGGAAT	Tumour	-
GX27_CTCGAGGGTGAGGAAA	Tumour	-
GX27_CTCTCAGGTAGACGGT	Tumour	-
GX27_CTCTCGAAGGGCAGGA	Tumour	-
GX27_CTCTCGATCTGGGAGA	Tumour	-
GX27_CTCTGGTCACATAACC	Tumour	-
GX27_CTCTGGTCACTTCAAG	Tumour	-
GX27_CTGAATGTCAAACGAA	Tumour	-
GX27_CTGAGCGCACTATCGA	Tumour	-
GX27_CTGAGCGGTCCCTAAA	Tumour	-
GX27_CTGAGCGTCAAGAAAC	Tumour	-
GX27_CTGAGGCTCAACGCTA	Tumour	-
GX27_CTGAGGCTCAAGCTTG	Tumour	-
GX27_CTGCAGGTCCATTGCC	Tumour	-
GX27_CTGCATCCAGTTTCGA	Tumour	-
GX27_CTGCCTAGTGGATCGA	Tumour	-
GX27_CTGCTCAAGTAGATCA	Tumour	-
GX27_CTGCTCATCTATGTGG	Tumour	-
GX27_CTGGCAGCAACCTATG	Tumour	-
GX27_CTGGTCTCATCTATCT	Tumour	-
GX27_CTGGTCTGTGCTCTCT	Tumour	-
GX27_CTGTACCAGAACAAGG	Tumour	-
GX27_CTGTACCCAACACGAG	Tumour	-
GX27_CTGTAGAGTACCCAGC	Tumour	-
GX27_CTGTAGAGTTTCGTGA	Tumour	-
GX27_CTGTAGATCGCTAAAC	Tumour	-
GX27_CTGTCGTTCTAACGGT	Tumour	-
GX27_CTGTCGTTCTCGTTTA	Tumour	-
GX27_CTGTGAAAGGTTGCCC	Tumour	-
GX27_CTGTGAACAGTTAAAG	Tumour	-
GX27_CTGTGAAGTCGGCTAC	Tumour	-
GX27_CTGTGGGCAGCCCAGT	Tumour	-
GX27_CTTAGGACAGTCCGTG	Tumour	-
GX27_CTTAGGATCCGAGGCT	Tumour	-
GX27_CTTCAATTCGAGCACC	Tumour	-
GX27_CTTCCGACACGTACTA	Tumour	-
GX27_CTTCCGACATCGGCCA	Tumour	-
GX27_CTTCCGAGTTCGTACA	Tumour	-
GX27_CTTCCGAGTTGGGAAC	Tumour	-
GX27_CTTCCTTCATCCTATT	Tumour	-
GX27_CTTCGGTTCATACAGC	Tumour	-
GX27_CTTCTAAAGGAGCAAA	Tumour	-
GX27_CTTCTAACAGCATTGT	Tumour	-
GX27_CTTCTCTCAAGGTTGG	Tumour	-
GX27_CTTCTCTTCCGGACGT	Tumour	-
GX27_CTTGAGAAGTGATAGT	Tumour	-
GX27_CTTGAGACACATTACG	Tumour	-
GX27_CTTGAGACACCGGCTA	Tumour	-
GX27_CTTGAGAGTGATCATC	Tumour	-
GX27_CTTGATTAGAGGCCAT	Tumour	-
GX27_CTTGATTCACTACGGC	Tumour	-
GX27_CTTTCAATCGGCTGAC	Tumour	-
GX27_CTTTCGGAGGTTCAGG	Tumour	-
GX27_CTTTCGGCACAACCGC	Tumour	-
GX27_CTTTCGGCACCCTCTA	Tumour	-
GX27_GAAACCTAGAACTCCT	Tumour	-
GX27_GAAACCTAGACCAGAC	Tumour	-
GX27_GAAATGACAGACGGAT	Tumour	-
GX27_GAACACTGTATCCTCC	Tumour	-
GX27_GAACTGTCATGGAGAC	Tumour	-
GX27_GAACTGTTCCGTGTCT	Tumour	-
GX27_GAAGAATGTATCAGGG	Tumour	-
GX27_GAAGAATTCGTGCATA	Tumour	-
GX27_GAAGCCCGTAAGGAGA	Tumour	-
GX27_GAAGCCCTCTGCGTCT	Tumour	-
GX27_GAAGCGAAGGTTTACC	Tumour	-
GX27_GAAGCGACACTATCCC	Tumour	-
GX27_GAAGGACTCCACTAGA	Tumour	-
GX27_GAAGGGTGTGCGTGCT	Tumour	-
GX27_GAAGGGTTCACCTCTG	Tumour	-
GX27_GAAGTAACAACTACGT	Tumour	-
GX27_GAAGTAAGTTCTAAGC	Tumour	-
GX27_GAATAGAAGCCGTCGT	Tumour	-
GX27_GAATAGAGTTGGCCGT	Tumour	-
GX27_GAATCACGTGTAAATG	Tumour	-
GX27_GAATCACTCACGTAGT	Tumour	-
GX27_GAATCACTCCTCACGT	Tumour	-
GX27_GAATCGTAGCTCGAAG	Tumour	-
GX27_GACACGCAGGAAAGGT	Tumour	-
GX27_GACAGCCAGCGAGTCA	Tumour	-
GX27_GACAGCCTCCTATGGA	Tumour	-
GX27_GACCCAGAGCACTGGA	Tumour	-
GX27_GACCCAGCAGGACAGT	Tumour	-
GX27_GACCCAGGTTCTAACG	Tumour	-
GX27_GACCGTGGTATCCTCC	Tumour	-
GX27_GACCGTGTCTTGCAGA	Tumour	-
GX27_GACCTTCCAGTAGAAT	Tumour	-
GX27_GACGCTGCAGACAATA	Tumour	-
GX27_GACGTTAAGAGTGTTA	Tumour	-
GX27_GACGTTAAGGTTACCT	Tumour	-
GX27_GACGTTAAGTTGGGAC	Tumour	-
GX27_GACGTTAGTGCTCCGA	Tumour	-
GX27_GACGTTATCCGTGTAA	Tumour	-
GX27_GACTATGGTTCTTGTT	Tumour	-
GX27_GACTCAACATGTGCCG	Tumour	-
GX27_GACTCAAGTCAACCTA	Tumour	-
GX27_GACTCAAGTCCTGGGT	Tumour	-
GX27_GACTCTCAGGCTGAAC	Tumour	-
GX27_GACTCTCAGTGACCTT	Tumour	-
GX27_GACTCTCGTCCAAAGG	Tumour	-
GX27_GACTGATCAAAGGAGA	Tumour	-
GX27_GACTGATCAAATCGGG	Tumour	-
GX27_GACTGATCAGATACTC	Tumour	-
GX27_GACTTCCCACGACTAT	Tumour	-
GX27_GACTTCCTCCATCCGT	Tumour	-
GX27_GAGAAATCATGGCGCT	Tumour	-
GX27_GAGAAATTCACTGGGC	Tumour	-
GX27_GAGACCCCAGATCCAT	Tumour	-
GX27_GAGACCCGTAGTGGCA	Tumour	-
GX27_GAGACCCGTCACCTTC	Tumour	-
GX27_GAGAGGTAGTAAAGCT	Tumour	-
GX27_GAGAGGTCACAGCGCT	Tumour	-
GX27_GAGAGGTCATCAGTCA	Tumour	-
GX27_GAGAGGTGTCCCACGA	Tumour	-
GX27_GAGAGGTGTGGTTTAC	Tumour	-
GX27_GAGATGGCAAAGACTA	Tumour	-
GX27_GAGATGGCAGACAAGC	Tumour	-
GX27_GAGCTGCAGATTCGCT	Tumour	-
GX27_GAGCTGCGTTTCACAG	Tumour	-
GX27_GAGCTGCTCTCATAGG	Tumour	-
GX27_GAGGCAAAGTAAGCAT	Tumour	-
GX27_GAGGCAACAACCGCCA	Tumour	-
GX27_GAGGGATGTCATCAGT	Tumour	-
GX27_GAGGGATGTCGTCTCT	Tumour	-
GX27_GAGGGATTCCCATAGA	Tumour	-
GX27_GAGGGTACAACAGCCC	Tumour	-
GX27_GAGGGTAGTGTGCTTA	Tumour	-
GX27_GAGTCATAGCATTTGC	Tumour	-
GX27_GAGTCATTCTGTAACG	Tumour	-
GX27_GAGTCTACAGAACTTC	Tumour	-
GX27_GAGTCTATCAATGTCG	Tumour	-
GX27_GAGTCTATCATGCCAA	Tumour	-
GX27_GAGTGAGAGTCCTGTA	Tumour	-
GX27_GAGTGTTTCACGACTA	Tumour	-
GX27_GAGTTACGTCTAGGTT	Tumour	-
GX27_GAGTTGTGTCAAATCC	Tumour	-
GX27_GAGTTTGGTAAGACCG	Tumour	-
GX27_GATAGAAAGGGCATGT	Tumour	-
GX27_GATAGAAGTGGACTGA	Tumour	-
GX27_GATAGCTGTCGATTAC	Tumour	-
GX27_GATCAGTAGCCACCGT	Tumour	-
GX27_GATCAGTTCCGCGAGT	Tumour	-
GX27_GATCAGTTCGGCAGTC	Tumour	-
GX27_GATCATGGTTGGGTAG	Tumour	-
GX27_GATCCCTAGTCTACCA	Tumour	-
GX27_GATCCCTCACGTCTCT	Tumour	-
GX27_GATCCCTGTGTCACAT	Tumour	-
GX27_GATCCCTGTGTGATGG	Tumour	-
GX27_GATCCCTTCAGTGCGC	Tumour	-
GX27_GATGACTCACTCACTC	Tumour	-
GX27_GATGACTCACTGCTTC	Tumour	-
GX27_GATGACTGTCGCGTCA	Tumour	-
GX27_GATGAGGGTCAAAGAT	Tumour	-
GX27_GATGATCTCATTCTTG	Tumour	-
GX27_GATGCTAAGTGATTCC	Tumour	-
GX27_GATGCTAGTAGCGTTT	Tumour	-
GX27_GATGCTAGTCCTTGTC	Tumour	-
GX27_GATGCTAGTGCAACAG	Tumour	-
GX27_GATGGAGAGGTACCTT	Tumour	-
GX27_GATGGAGCACCTGAAT	Tumour	-
GX27_GATGGAGGTAAGTTAG	Tumour	-
GX27_GATGTTGAGATCGCCC	Tumour	-
GX27_GATGTTGTCGTTATCT	Tumour	-
GX27_GATTCTTAGGCTTCCG	Tumour	-
GX27_GATTCTTCAAACTCGT	Tumour	-
GX27_GATTCTTTCCATAGGT	Tumour	-
GX27_GATTCTTTCTGGGAGA	Tumour	-
GX27_GATTGGTCATTGTAGC	Tumour	-
GX27_GATTGGTGTCATCACA	Tumour	-
GX27_GATTTCTGTTGCAACT	Tumour	-
GX27_GATTTCTTCGAGAATA	Tumour	-
GX27_GCAACATCACTGCACG	Tumour	-
GX27_GCAACATTCTGGCCAG	Tumour	-
GX27_GCACATAGTCGAGCAA	Tumour	-
GX27_GCACATATCTTGTTAC	Tumour	-
GX27_GCACGGTTCACACCGG	Tumour	-
GX27_GCACGTGAGTCCTACA	Tumour	-
GX27_GCACTAAAGCGTTCCG	Tumour	-
GX27_GCACTAATCCCGAACG	Tumour	-
GX27_GCAGCCAAGGGACACT	Tumour	-
GX27_GCAGGCTAGGTGCATG	Tumour	-
GX27_GCAGGCTTCGGACCAC	Tumour	-
GX27_GCAGTTAAGATGCTTC	Tumour	-
GX27_GCATCGGCAAGTGGGT	Tumour	-
GX27_GCATGATGTAGGTGCA	Tumour	-
GX27_GCCAGCAAGCTACAAA	Tumour	-
GX27_GCCAGGTAGAGGACTC	Tumour	-
GX27_GCCAGGTCAAATAGCA	Tumour	-
GX27_GCCAGGTCAACGACTT	Tumour	-
GX27_GCCAGTGAGGACAGCT	Tumour	-
GX27_GCCATGGAGATGCTAA	Tumour	-
GX27_GCCATGGGTGCGCTCA	Tumour	-
GX27_GCCATGGTCACTACTT	Tumour	-
GX27_GCCCAGATCACTCCGT	Tumour	-
GX27_GCCCGAAGTGTATACC	Tumour	-
GX27_GCCGATGAGGGCGAAG	Tumour	-
GX27_GCCTGTTCACGTAGAG	Tumour	-
GX27_GCCTGTTCATGGATCT	Tumour	-
GX27_GCGGAAAAGAAACCCG	Tumour	-
GX27_GCGGAAAAGCGTGCCT	Tumour	-
GX27_GCGGAAACACGTCTCT	Tumour	-
GX27_GCGGAAATCTAGTACG	Tumour	-
GX27_GCGGATCGTCAATGGG	Tumour	-
GX27_GCGGATCGTGCACGCT	Tumour	-
GX27_GCGTGCATCCATCCGT	Tumour	-
GX27_GCGTTTCCACTAGAGG	Tumour	-
GX27_GCGTTTCCAGAATGTA	Tumour	-
GX27_GCGTTTCGTTGTCCCT	Tumour	-
GX27_GCTACAAGTAGCTTGT	Tumour	-
GX27_GCTACAATCTGTAAGC	Tumour	-
GX27_GCTACCTGTCTAGTGT	Tumour	-
GX27_GCTCAAACACATTCTT	Tumour	-
GX27_GCTCAAACATCACAGT	Tumour	-
GX27_GCTCAAATCACGATAC	Tumour	-
GX27_GCTCAAATCCCTTCCC	Tumour	-
GX27_GCTCAAATCTGTAAGC	Tumour	-
GX27_GCTGAATCAAGCGAAC	Tumour	-
GX27_GCTGAATTCTATGTGG	Tumour	-
GX27_GCTGGGTCAAGGCGTA	Tumour	-
GX27_GCTGGGTGTGCACAAG	Tumour	-
GX27_GCTTCACGTTTCGATG	Tumour	-
GX27_GCTTGGGAGCACTCTA	Tumour	-
GX27_GCTTGGGCACAGACGA	Tumour	-
GX27_GCTTGGGCAGTTCACA	Tumour	-
GX27_GCTTGGGGTCAAAGAT	Tumour	-
GX27_GGAATCTTCTGAACGT	Tumour	-
GX27_GGAATGGAGCACCGTC	Tumour	-
GX27_GGAATGGGTCAGATTC	Tumour	-
GX27_GGAATGGTCATTGAGC	Tumour	-
GX27_GGAATGGTCTACCTTA	Tumour	-
GX27_GGACGTCAGATTTGCC	Tumour	-
GX27_GGACGTCTCTAGGAAA	Tumour	-
GX27_GGACGTCTCTTCGCTG	Tumour	-
GX27_GGAGAACAGGTAGTAT	Tumour	-
GX27_GGAGAACTCGATACTG	Tumour	-
GX27_GGAGATGTCCGCTGTT	Tumour	-
GX27_GGAGCAAAGAGCATTA	Tumour	-
GX27_GGAGCAATCGCTATTT	Tumour	-
GX27_GGAGGATGTCACTTAG	Tumour	-
GX27_GGAGGTAAGTCACTAC	Tumour	-
GX27_GGATCTAAGGCAGCTA	Tumour	-
GX27_GGATCTAAGTCTGGTT	Tumour	-
GX27_GGATCTACAGATCCAT	Tumour	-
GX27_GGATCTATCGGCATCG	Tumour	-
GX27_GGATCTATCTGCTAGA	Tumour	-
GX27_GGATGTTAGCACGGAT	Tumour	-
GX27_GGATGTTAGTATGAAC	Tumour	-
GX27_GGATGTTCAAGACAAT	Tumour	-
GX27_GGATGTTCATCATTGG	Tumour	-
GX27_GGATGTTGTCCTGGGT	Tumour	-
GX27_GGCACGTAGCTGACAG	Tumour	-
GX27_GGCACGTAGTTGTAAG	Tumour	-
GX27_GGCACGTGTCGAACAG	Tumour	-
GX27_GGCACGTTCGAACCAT	Tumour	-
GX27_GGCAGTCCAATGTGGG	Tumour	-
GX27_GGCAGTCTCGGTAAGG	Tumour	-
GX27_GGCTGTGAGATGTTAG	Tumour	-
GX27_GGCTGTGAGCAGCAGT	Tumour	-
GX27_GGCTGTGAGCTCCGAC	Tumour	-
GX27_GGCTGTGAGTATGGCG	Tumour	-
GX27_GGCTGTGGTGCCGAAA	Tumour	-
GX27_GGCTGTGTCCCGAGTG	Tumour	-
GX27_GGCTTGGGTACGTTCA	Tumour	-
GX27_GGCTTGGGTAGATGTA	Tumour	-
GX27_GGCTTGGGTTCCATTT	Tumour	-
GX27_GGCTTTCGTCCAGCGT	Tumour	-
GX27_GGGAAGTGTATTCCGA	Tumour	-
GX27_GGGAAGTTCTCTCGCA	Tumour	-
GX27_GGGACAAGTCTGTCCT	Tumour	-
GX27_GGGACCTCATAACAGA	Tumour	-
GX27_GGGACCTTCCAACCAA	Tumour	-
GX27_GGGACTCCATGTGCCG	Tumour	-
GX27_GGGACTCGTATGAAGT	Tumour	-
GX27_GGGACTCTCCCGAAAT	Tumour	-
GX27_GGGACTCTCGTCCTTG	Tumour	-
GX27_GGGAGATTCTCTGAGA	Tumour	-
GX27_GGGCCATAGCTTACGT	Tumour	-
GX27_GGGCCATTCGCTACGG	Tumour	-
GX27_GGGCTCAAGCACCTGC	Tumour	-
GX27_GGGCTCAAGGCTGAAC	Tumour	-
GX27_GGGCTCACAATGTGGG	Tumour	-
GX27_GGGCTCAGTCAATGGG	Tumour	-
GX27_GGGTAGAAGCCTGGAA	Tumour	-
GX27_GGGTATTAGAGAATCT	Tumour	-
GX27_GGGTCACCACAAACGG	Tumour	-
GX27_GGGTCACCAGTGTATC	Tumour	-
GX27_GGGTCACGTTCCACAA	Tumour	-
GX27_GGGTCTGCATGAAAGT	Tumour	-
GX27_GGGTGAAAGCACTGGA	Tumour	-
GX27_GGGTGAACACAATGCT	Tumour	-
GX27_GGGTGAACACCTGAAT	Tumour	-
GX27_GGGTGTCAGGCTGGAT	Tumour	-
GX27_GGGTGTCTCCCATAGA	Tumour	-
GX27_GGGTTTAAGTCCGCGT	Tumour	-
GX27_GGGTTTAGTGTGGTCC	Tumour	-
GX27_GGTAACTAGAATCGCG	Tumour	-
GX27_GGTAATCGTGTGTGGA	Tumour	-
GX27_GGTAATCTCCAAGCTA	Tumour	-
GX27_GGTAATCTCCGGTAGC	Tumour	-
GX27_GGTAGAGCAGAACGCA	Tumour	-
GX27_GGTCTGGCATACCACA	Tumour	-
GX27_GGTCTGGGTACGCTTA	Tumour	-
GX27_GGTCTGGGTCACTCGG	Tumour	-
GX27_GGTCTGGGTTCGAAGG	Tumour	-
GX27_GGTCTGGGTTGATGTC	Tumour	-
GX27_GGTGATTCACGGATCC	Tumour	-
GX27_GGTGATTTCTATCGGA	Tumour	-
GX27_GGTGGCTGTACTAAGA	Tumour	-
GX27_GGTGTCGTCGATCCCT	Tumour	-
GX27_GGTTAACGTATTGCCA	Tumour	-
GX27_GGTTCTCAGCCTCCAG	Tumour	-
GX27_GGTTCTCCACTGCACG	Tumour	-
GX27_GGTTGTAGTCACAGAG	Tumour	-
GX27_GGTTGTAGTTCTTGTT	Tumour	-
GX27_GTAACACAGCAGTAAT	Tumour	-
GX27_GTAACACGTAGTTAGA	Tumour	-
GX27_GTAACCACACTATCGA	Tumour	-
GX27_GTAACCATCGGCTTGG	Tumour	-
GX27_GTAAGTCCATTCACAG	Tumour	-
GX27_GTAAGTCTCCTTTAGT	Tumour	-
GX27_GTAATCGAGATGATTG	Tumour	-
GX27_GTAATCGAGCTACTAC	Tumour	-
GX27_GTAATGCAGTACAGAT	Tumour	-
GX27_GTAATGCCAACAAGTA	Tumour	-
GX27_GTACAGTCACGGGTAA	Tumour	-
GX27_GTACAGTGTCTTGGTA	Tumour	-
GX27_GTAGAAATCCCATTCG	Tumour	-
GX27_GTAGATCAGGTACCTT	Tumour	-
GX27_GTAGATCGTAGCGCCT	Tumour	-
GX27_GTAGATCTCCCGAACG	Tumour	-
GX27_GTAGCTAAGCGGTATG	Tumour	-
GX27_GTAGCTAAGGAGAGGC	Tumour	-
GX27_GTAGCTACACAGTCCG	Tumour	-
GX27_GTAGGAGAGTATAACG	Tumour	-
GX27_GTAGGTTGTCTGCCTT	Tumour	-
GX27_GTAGTACCACGGCACT	Tumour	-
GX27_GTAGTACCATCCCACT	Tumour	-
GX27_GTATTGGCACCATTCC	Tumour	-
GX27_GTATTGGCATACTGTG	Tumour	-
GX27_GTATTTCCAATAGTAG	Tumour	-
GX27_GTCAAACCACAACGTT	Tumour	-
GX27_GTCAAACCACTGGACC	Tumour	-
GX27_GTCAAACCATACAGGG	Tumour	-
GX27_GTCAAGTAGCTAGAGC	Tumour	-
GX27_GTCAAGTAGTCAGCCC	Tumour	-
GX27_GTCACTCAGGCTCCCA	Tumour	-
GX27_GTCACTCAGGGTCAAC	Tumour	-
GX27_GTCAGCGAGACATATG	Tumour	-
GX27_GTCATCCAGCGTCAAG	Tumour	-
GX27_GTCATCCGTGTTCGAT	Tumour	-
GX27_GTCATGAGTTAAGACA	Tumour	-
GX27_GTCATGAGTTTGGAGG	Tumour	-
GX27_GTCATGATCTCACCCA	Tumour	-
GX27_GTCATTTCAGAGTTGG	Tumour	-
GX27_GTCATTTTCTCTGGTC	Tumour	-
GX27_GTCCACTCACTCTAGA	Tumour	-
GX27_GTCCACTCACTTGTCC	Tumour	-
GX27_GTCCCATTCTCATGCC	Tumour	-
GX27_GTCCCATTCTTACACT	Tumour	-
GX27_GTCCTCAAGAATCTAG	Tumour	-
GX27_GTCCTCATCGTGACTA	Tumour	-
GX27_GTCCTCATCTGGCCTT	Tumour	-
GX27_GTCGTAAAGACGTCGA	Tumour	-
GX27_GTCGTAAGTGACTGTT	Tumour	-
GX27_GTCGTAATCCGGACTG	Tumour	-
GX27_GTCGTTCAGGTGGTTG	Tumour	-
GX27_GTCGTTCAGTTGGACG	Tumour	-
GX27_GTCTACCAGTAACGAT	Tumour	-
GX27_GTCTACCGTAACAGTA	Tumour	-
GX27_GTCTACCGTCAAAGCG	Tumour	-
GX27_GTCTAGAGTGACACGA	Tumour	-
GX27_GTCTAGAGTGGAAGTC	Tumour	-
GX27_GTCTAGATCGCTGATA	Tumour	-
GX27_GTCTCACAGCCTCTTC	Tumour	-
GX27_GTCTCACGTGATACAA	Tumour	-
GX27_GTCTCACGTTGGGCCT	Tumour	-
GX27_GTCTGTCAGACGTCGA	Tumour	-
GX27_GTCTGTCAGCCTCTGG	Tumour	-
GX27_GTCTGTCCATTAGGCT	Tumour	-
GX27_GTCTGTCTCAGCTTCC	Tumour	-
GX27_GTCTGTCTCAGGACGA	Tumour	-
GX27_GTCTTTACATGAAGCG	Tumour	-
GX27_GTGACGCAGCTGTGCC	Tumour	-
GX27_GTGACGCCAACGACTT	Tumour	-
GX27_GTGACGCCATCGCTAA	Tumour	-
GX27_GTGAGGAGTGGCCTCA	Tumour	-
GX27_GTGAGGAGTTACGATC	Tumour	-
GX27_GTGAGTTCAAACAGGC	Tumour	-
GX27_GTGAGTTCATGGGATG	Tumour	-
GX27_GTGAGTTTCCGATCTC	Tumour	-
GX27_GTGAGTTTCCGCCTAT	Tumour	-
GX27_GTGATGTAGCTATCCA	Tumour	-
GX27_GTGATGTGTGTGTGGA	Tumour	-
GX27_GTGCAGCCATTCTCTA	Tumour	-
GX27_GTGCAGCGTACGATGG	Tumour	-
GX27_GTGCAGCTCGCAGTTA	Tumour	-
GX27_GTGCGTGGTAGTTAGA	Tumour	-
GX27_GTGCGTGTCAAACTGC	Tumour	-
GX27_GTGCGTGTCATTTGTC	Tumour	-
GX27_GTGCTTCTCCAAGAGG	Tumour	-
GX27_GTGGAAGAGAGAATCT	Tumour	-
GX27_GTGGAAGCATGAATAG	Tumour	-
GX27_GTGGAAGTCGAGTGAG	Tumour	-
GX27_GTGGAGACAGAAGTGC	Tumour	-
GX27_GTGGAGATCCAGTACA	Tumour	-
GX27_GTGGGAAAGTGCTAGG	Tumour	-
GX27_GTGGGAACACAACCGC	Tumour	-
GX27_GTGGGAAGTACGACTT	Tumour	-
GX27_GTGGGAATCATCGTAG	Tumour	-
GX27_GTGGTTATCACGGAGA	Tumour	-
GX27_GTGTCCTAGTTCCAGT	Tumour	-
GX27_GTGTCCTTCGCCGAAC	Tumour	-
GX27_GTGTGATGTTTCGACA	Tumour	-
GX27_GTGTGGCAGGCTCCCA	Tumour	-
GX27_GTGTGGCTCGAACCAT	Tumour	-
GX27_GTGTGGCTCGCCTATC	Tumour	-
GX27_GTGTTAGAGCCATTTG	Tumour	-
GX27_GTGTTAGCATGCCGAC	Tumour	-
GX27_GTGTTCCAGATGTTCC	Tumour	-
GX27_GTGTTCCCATAGATGA	Tumour	-
GX27_GTGTTCCGTCGCTTGG	Tumour	-
GX27_GTTACAGTCTTTGGAG	Tumour	-
GX27_GTTAGACGTCCGAAGA	Tumour	-
GX27_GTTAGTGCATCCGGCA	Tumour	-
GX27_GTTAGTGTCGCATTGA	Tumour	-
GX27_GTTATGGAGAAACCAT	Tumour	-
GX27_GTTCATTTCTCTAGGA	Tumour	-
GX27_GTTCCGTAGAGTTCGG	Tumour	-
GX27_GTTCGCTCAGTTAGAA	Tumour	-
GX27_GTTCGCTTCGTTAGTG	Tumour	-
GX27_GTTCGCTTCTCATTAC	Tumour	-
GX27_GTTCTATTCCGCAGTG	Tumour	-
GX27_GTTCTATTCTAGCATG	Tumour	-
GX27_GTTGAACAGGTGTGAC	Tumour	-
GX27_GTTGCTCCAATAGTAG	Tumour	-
GX27_GTTGCTCTCTGCGGGT	Tumour	-
GX27_GTTGTAGAGTATTAGG	Tumour	-
GX27_GTTGTCCCACCAAAGG	Tumour	-
GX27_GTTGTCCCATTCTGTT	Tumour	-
GX27_GTTGTGAAGCGGATCA	Tumour	-
GX27_GTTTACTAGGTGTGAC	Tumour	-
GX27_GTTTACTCAATAAGGT	Tumour	-
GX27_GTTTACTCACAATCTG	Tumour	-
GX27_GTTTACTGTTGCTAGT	Tumour	-
GX27_GTTTGGACAACACAGG	Tumour	-
GX27_GTTTGGAGTACTCGAT	Tumour	-
GX27_GTTTGGAGTGTCCGGT	Tumour	-
GX27_TAACACGGTCCTATAG	Tumour	-
GX27_TAACCAGGTGTTTACG	Tumour	-
GX27_TAACGACCACACGTGC	Tumour	-
GX27_TAACGACGTGTTCGTA	Tumour	-
GX27_TAACTTCTCGGTAACT	Tumour	-
GX27_TAACTTCTCTGGACTA	Tumour	-
GX27_TAAGCACCACAAATAG	Tumour	-
GX27_TAAGCACTCGAAGCCC	Tumour	-
GX27_TAAGCCACACCGGTCA	Tumour	-
GX27_TAAGTCGGTTAGGGAC	Tumour	-
GX27_TAAGTCGGTTTAGTCG	Tumour	-
GX27_TAATCTCAGGTCGTAG	Tumour	-
GX27_TAATCTCCAAGCGGAT	Tumour	-
GX27_TACAACGAGCTGGCCT	Tumour	-
GX27_TACAACGCAATCTAGC	Tumour	-
GX27_TACACCCAGTAGGTTA	Tumour	-
GX27_TACACCCTCAGTGTGT	Tumour	-
GX27_TACATTCAGCGAGGAG	Tumour	-
GX27_TACATTCTCGAAGGAC	Tumour	-
GX27_TACCCACAGAATTGCA	Tumour	-
GX27_TACCCACAGATCGGTG	Tumour	-
GX27_TACCCACTCTTGCAAG	Tumour	-
GX27_TACCCGTAGGTATTGA	Tumour	-
GX27_TACCGAAAGCAATTAG	Tumour	-
GX27_TACCGAAAGTATAGAC	Tumour	-
GX27_TACCGAATCTCCCAAC	Tumour	-
GX27_TACCGGGGTAGAGATT	Tumour	-
GX27_TACCGGGGTCCACTCT	Tumour	-
GX27_TACCTCGTCATCACAG	Tumour	-
GX27_TACCTGCCAAATACGA	Tumour	-
GX27_TACCTGCCAACCGTGC	Tumour	-
GX27_TACGCTCAGACTGAGC	Tumour	-
GX27_TACGCTCAGCCGAATG	Tumour	-
GX27_TACGCTCTCAAGCCTA	Tumour	-
GX27_TACGCTCTCCGACAGC	Tumour	-
GX27_TACGGGCAGGTACAAT	Tumour	-
GX27_TACGGGCCATATCTCT	Tumour	-
GX27_TACGGGCGTCGCATTA	Tumour	-
GX27_TACGGGCTCTGGGAGA	Tumour	-
GX27_TACGTCCGTGGGAGAG	Tumour	-
GX27_TACGTCCTCACGATCA	Tumour	-
GX27_TACGTCCTCTCATTTG	Tumour	-
GX27_TACTGCCAGCATATGA	Tumour	-
GX27_TACTGCCCAATAGGAT	Tumour	-
GX27_TACTGCCCACTTTAGG	Tumour	-
GX27_TACTTACGTCGACGCT	Tumour	-
GX27_TACTTCAAGAGTCACG	Tumour	-
GX27_TACTTCACACAAAGTA	Tumour	-
GX27_TACTTCAGTACAGTTC	Tumour	-
GX27_TACTTCATCTGTCCGT	Tumour	-
GX27_TACTTGTTCTTACACT	Tumour	-
GX27_TAGACCACAAACCGGA	Tumour	-
GX27_TAGACCAGTACGTACT	Tumour	-
GX27_TAGACTGAGGGACTGT	Tumour	-
GX27_TAGAGTCTCAGAGCAG	Tumour	-
GX27_TAGATCGGTGGTCTCG	Tumour	-
GX27_TAGATCGTCAACTACG	Tumour	-
GX27_TAGCACAAGCCTGAAG	Tumour	-
GX27_TAGGAGGCAACTTGGT	Tumour	-
GX27_TAGGAGGCACAATCTG	Tumour	-
GX27_TAGGGTTTCAGCGTCG	Tumour	-
GX27_TAGGTACCAATAACCC	Tumour	-
GX27_TAGGTACGTGTTAAAG	Tumour	-
GX27_TAGTGCAAGCTGGCCT	Tumour	-
GX27_TAGTGCATCCTTCTGG	Tumour	-
GX27_TATACCTCAACTGTGT	Tumour	-
GX27_TATACCTGTGGTTTAC	Tumour	-
GX27_TATATCCGTCGCTTAA	Tumour	-
GX27_TATATCCTCCTTCTGG	Tumour	-
GX27_TATCAGGAGATGGGCT	Tumour	-
GX27_TATCAGGCAGCTGTAT	Tumour	-
GX27_TATCAGGTCTTCCCAG	Tumour	-
GX27_TATCCTAAGACCATGG	Tumour	-
GX27_TATCCTAAGCTGTTAC	Tumour	-
GX27_TATCCTAGTTCAACGT	Tumour	-
GX27_TATCTGTCACACCAGC	Tumour	-
GX27_TATCTGTTCTTAGTTC	Tumour	-
GX27_TATCTTGCACGGATCC	Tumour	-
GX27_TATTCCACACAGTACT	Tumour	-
GX27_TATTCCACAGGTGGAT	Tumour	-
GX27_TATTCCAGTCCTTTGC	Tumour	-
GX27_TATTCCAGTGGCGTAA	Tumour	-
GX27_TATTGCTCAGAACTAA	Tumour	-
GX27_TATTGGGTCAATCCAG	Tumour	-
GX27_TATTTCGAGGGCCAAT	Tumour	-
GX27_TATTTCGCACTTTATC	Tumour	-
GX27_TATTTCGCAGTCTTCC	Tumour	-
GX27_TCAAGACAGTCTGCGC	Tumour	-
GX27_TCAAGCAGTCTTCATT	Tumour	-
GX27_TCAAGTGCAGGTACGA	Tumour	-
GX27_TCAATCTAGTTCCAGT	Tumour	-
GX27_TCAATTCGTCCATACA	Tumour	-
GX27_TCAATTCTCGCTCTAC	Tumour	-
GX27_TCAATTCTCGTCCATC	Tumour	-
GX27_TCACACCAGAATACAC	Tumour	-
GX27_TCACACCCACTTTATC	Tumour	-
GX27_TCACACCGTAAGAACT	Tumour	-
GX27_TCACATTAGGACGCAT	Tumour	-
GX27_TCACATTCAGGTGACA	Tumour	-
GX27_TCACGCTAGACCCGCT	Tumour	-
GX27_TCACGCTCACCAAAGG	Tumour	-
GX27_TCACGCTTCCGAGCTG	Tumour	-
GX27_TCACGGGGTTACCTTT	Tumour	-
GX27_TCACTCGCAGTGACCC	Tumour	-
GX27_TCACTCGGTTCGTACA	Tumour	-
GX27_TCACTCGTCCGTCCTA	Tumour	-
GX27_TCAGCCTCAAGTATAG	Tumour	-
GX27_TCAGCCTCATACCAGT	Tumour	-
GX27_TCAGCCTGTGAGTTGG	Tumour	-
GX27_TCAGGGCAGCCAGAGT	Tumour	-
GX27_TCAGGGCCATGAAGGC	Tumour	-
GX27_TCAGGGCGTGATACTC	Tumour	-
GX27_TCAGGGCTCAGGTAAA	Tumour	-
GX27_TCAGGGCTCCACGTAA	Tumour	-
GX27_TCAGGTAAGAGAGTTT	Tumour	-
GX27_TCAGTTTAGATGACCG	Tumour	-
GX27_TCATATCGTCTACAAC	Tumour	-
GX27_TCATATCGTGTTGAGG	Tumour	-
GX27_TCATCATCAGCTGTCG	Tumour	-
GX27_TCATCATGTACAAACA	Tumour	-
GX27_TCATCATTCGACGCGT	Tumour	-
GX27_TCATCCGTCGCTACGG	Tumour	-
GX27_TCATGAGAGTCCCAGC	Tumour	-
GX27_TCATGGATCATAGCAC	Tumour	-
GX27_TCATTACAGCACCGTC	Tumour	-
GX27_TCATTACAGGACTTCT	Tumour	-
GX27_TCATTACCAAAGGAGA	Tumour	-
GX27_TCATTACCAACGGCTC	Tumour	-
GX27_TCATTACCAGTTAAAG	Tumour	-
GX27_TCATTCAAGGCCACTC	Tumour	-
GX27_TCATTCAGTACTGACT	Tumour	-
GX27_TCATTGTAGAGGTCGT	Tumour	-
GX27_TCATTGTCAGCAGTTT	Tumour	-
GX27_TCATTGTGTACAAAGT	Tumour	-
GX27_TCATTTGGTGCCTTTC	Tumour	-
GX27_TCATTTGTCTTGGATG	Tumour	-
GX27_TCCACCAGTGCTCCGA	Tumour	-
GX27_TCCACGTGTACGTGTT	Tumour	-
GX27_TCCACGTGTGAGGAAA	Tumour	-
GX27_TCCACGTTCACCCTTG	Tumour	-
GX27_TCCAGAACAGCACAAG	Tumour	-
GX27_TCCAGAAGTCAAACGG	Tumour	-
GX27_TCCCACAAGTTTCGAC	Tumour	-
GX27_TCCCAGTAGCATTGTC	Tumour	-
GX27_TCCCAGTAGCCATTCA	Tumour	-
GX27_TCCCAGTCAGTCGGTC	Tumour	-
GX27_TCCCATGGTCGTCATA	Tumour	-
GX27_TCCGAAACAACGACTT	Tumour	-
GX27_TCCGAAATCTGCGGGT	Tumour	-
GX27_TCCGATCAGGCTTAGG	Tumour	-
GX27_TCCGATCCAGTAACAA	Tumour	-
GX27_TCCGATCGTTGTCTAG	Tumour	-
GX27_TCCGGGATCATCGCTC	Tumour	-
GX27_TCCTCCCCAAGCAATA	Tumour	-
GX27_TCCTCCCCACGCTGTG	Tumour	-
GX27_TCCTCGAGTCGGTACC	Tumour	-
GX27_TCCTCGATCTGAGTCA	Tumour	-
GX27_TCCTTCTGTGATTCTG	Tumour	-
GX27_TCCTTTCAGGAGAATG	Tumour	-
GX27_TCCTTTCGTAAGCTCT	Tumour	-
GX27_TCCTTTCTCGTGCGAC	Tumour	-
GX27_TCCTTTCTCTCCGCAT	Tumour	-
GX27_TCGAACAAGTCCGCGT	Tumour	-
GX27_TCGAACAAGTTACGTC	Tumour	-
GX27_TCGAAGTAGGTGCATG	Tumour	-
GX27_TCGAAGTGTGGATTTC	Tumour	-
GX27_TCGAAGTTCCAGGACC	Tumour	-
GX27_TCGACCTGTGGTTTGT	Tumour	-
GX27_TCGACGGGTAGCTGAG	Tumour	-
GX27_TCGATTTGTACAGTCT	Tumour	-
GX27_TCGATTTTCACCACAA	Tumour	-
GX27_TCGCACTTCATCGCCT	Tumour	-
GX27_TCGCACTTCATTTGTC	Tumour	-
GX27_TCGCACTTCTTTGGAG	Tumour	-
GX27_TCGCAGGAGATGCGAC	Tumour	-
GX27_TCGCAGGTCTCGCTTG	Tumour	-
GX27_TCGCTCAAGGGCGAAG	Tumour	-
GX27_TCGCTCAAGGTTTACC	Tumour	-
GX27_TCGGATAGTGATTAGA	Tumour	-
GX27_TCGGATATCGCTTGAA	Tumour	-
GX27_TCGGGACAGAGTCTGG	Tumour	-
GX27_TCGGGACGTCGATTCA	Tumour	-
GX27_TCGGGTGAGTAGCATA	Tumour	-
GX27_TCGGGTGCAACCCTAA	Tumour	-
GX27_TCGGGTGGTGTGTTTG	Tumour	-
GX27_TCGGTCTTCCGACAGC	Tumour	-
GX27_TCGTCCATCCATACTT	Tumour	-
GX27_TCGTGCTCATAGGTTC	Tumour	-
GX27_TCGTGGGAGGCTATCT	Tumour	-
GX27_TCTAACTGTGAGCTCC	Tumour	-
GX27_TCTACATCAATCAGCT	Tumour	-
GX27_TCTACATGTGCTGATT	Tumour	-
GX27_TCTACCGCAACGTATC	Tumour	-
GX27_TCTACCGCACGTACTA	Tumour	-
GX27_TCTACCGCAGACACCC	Tumour	-
GX27_TCTATACTCGGCATAT	Tumour	-
GX27_TCTATACTCTCATGGA	Tumour	-
GX27_TCTATCAAGCAGTAAT	Tumour	-
GX27_TCTCACGCACAATGCT	Tumour	-
GX27_TCTCACGGTATTCCGA	Tumour	-
GX27_TCTCACGTCCTTCTGG	Tumour	-
GX27_TCTCAGCCACTTCATT	Tumour	-
GX27_TCTCAGCTCACTGCTC	Tumour	-
GX27_TCTCCGAGTGACGTCC	Tumour	-
GX27_TCTCCGATCTATTCGT	Tumour	-
GX27_TCTCTGGAGCGATTCT	Tumour	-
GX27_TCTCTGGGTCGCTGCA	Tumour	-
GX27_TCTGCCAAGGACGGAG	Tumour	-
GX27_TCTGGCTCACGGCCAT	Tumour	-
GX27_TCTGGCTCAGTATTCG	Tumour	-
GX27_TCTGTCGCACCTCTAC	Tumour	-
GX27_TCTGTCGTCCCGATCT	Tumour	-
GX27_TCTTAGTTCAACCTCC	Tumour	-
GX27_TCTTCCTGTATAATGG	Tumour	-
GX27_TCTTGCGAGACTGGGT	Tumour	-
GX27_TCTTGCGGTCGGATTT	Tumour	-
GX27_TCTTGCGGTGAGAGGG	Tumour	-
GX27_TGAACGTCAACTGATC	Tumour	-
GX27_TGAACGTCAGTTAGGG	Tumour	-
GX27_TGAACGTTCCTGGTCT	Tumour	-
GX27_TGAATCGAGGACGGAG	Tumour	-
GX27_TGAATCGCAGCTACAT	Tumour	-
GX27_TGAATCGCATCAGCAT	Tumour	-
GX27_TGAATCGGTGGTAATA	Tumour	-
GX27_TGACAGTGTAGACGGT	Tumour	-
GX27_TGACCCTAGCTCGCAC	Tumour	-
GX27_TGACCCTTCGTCAACA	Tumour	-
GX27_TGACGCGCATTCGATG	Tumour	-
GX27_TGACTCCCAAGGTTGG	Tumour	-
GX27_TGACTCCGTCGGCACT	Tumour	-
GX27_TGACTCCGTTCCTACC	Tumour	-
GX27_TGAGACTCAGCTGAGA	Tumour	-
GX27_TGAGACTCAGGTCAGA	Tumour	-
GX27_TGAGACTGTATCCTTT	Tumour	-
GX27_TGAGACTGTGATTCAC	Tumour	-
GX27_TGAGCATAGCTGAAGC	Tumour	-
GX27_TGAGCATCAGGTTCAT	Tumour	-
GX27_TGAGCATTCGATTGAC	Tumour	-
GX27_TGAGCGCCATAGGTAA	Tumour	-
GX27_TGAGGAGAGTACCGGA	Tumour	-
GX27_TGAGGAGTCTCCGAAA	Tumour	-
GX27_TGAGGGACACATGTTG	Tumour	-
GX27_TGAGGTTGTGTGATGG	Tumour	-
GX27_TGAGGTTGTTACCCTC	Tumour	-
GX27_TGAGTCAAGGTTGGTG	Tumour	-
GX27_TGATCAGAGATAACAC	Tumour	-
GX27_TGATCAGGTTGTCAGT	Tumour	-
GX27_TGATCTTCAACTGAAA	Tumour	-
GX27_TGATGCATCATATGGC	Tumour	-
GX27_TGATGGTCATCTCCCA	Tumour	-
GX27_TGATTTCAGGTTCTTG	Tumour	-
GX27_TGATTTCCAAGATCCT	Tumour	-
GX27_TGATTTCGTAGCGTTT	Tumour	-
GX27_TGATTTCGTCCAGCCA	Tumour	-
GX27_TGCACGGAGGGAGTGG	Tumour	-
GX27_TGCACGGGTGTTCAGT	Tumour	-
GX27_TGCAGATAGGCATGCA	Tumour	-
GX27_TGCAGATGTGGAGAAA	Tumour	-
GX27_TGCAGGCAGACTCAAA	Tumour	-
GX27_TGCAGTAAGGCTCTAT	Tumour	-
GX27_TGCATCCTCCACATAG	Tumour	-
GX27_TGCATCCTCGTGTGAT	Tumour	-
GX27_TGCATGATCAGACCCG	Tumour	-
GX27_TGCATGATCTGTCCCA	Tumour	-
GX27_TGCCGAGAGCACACCC	Tumour	-
GX27_TGCCGAGCAACCGCTG	Tumour	-
GX27_TGCCGAGCAATGACCT	Tumour	-
GX27_TGCCGAGCATTGAGCT	Tumour	-
GX27_TGCCGAGGTCACCCTT	Tumour	-
GX27_TGCGACGAGCAGCACA	Tumour	-
GX27_TGCGACGAGTGCCTCG	Tumour	-
GX27_TGCGGCAGTGAGCGAT	Tumour	-
GX27_TGCGGGTGTGTACAGG	Tumour	-
GX27_TGCTCCAGTACTCGTA	Tumour	-
GX27_TGCTCCATCGGCTATA	Tumour	-
GX27_TGCTCGTAGCGATGGT	Tumour	-
GX27_TGCTCGTCACGGTGTC	Tumour	-
GX27_TGCTGAAAGGGAACAA	Tumour	-
GX27_TGCTTCGAGCGACATG	Tumour	-
GX27_TGCTTCGCAACCACAT	Tumour	-
GX27_TGCTTCGGTAGACGTG	Tumour	-
GX27_TGCTTGCAGCGCCTCA	Tumour	-
GX27_TGCTTGCCAGATACCT	Tumour	-
GX27_TGGAACTTCATTTGCT	Tumour	-
GX27_TGGAACTTCCAGCAAT	Tumour	-
GX27_TGGAACTTCCCGGTAG	Tumour	-
GX27_TGGAGAGGTGTCATCA	Tumour	-
GX27_TGGAGAGGTTCCGTTC	Tumour	-
GX27_TGGAGGACACGCTGTG	Tumour	-
GX27_TGGAGGAGTGAAGCTG	Tumour	-
GX27_TGGAGGATCTAGTGTG	Tumour	-
GX27_TGGCGTGCACAATGAA	Tumour	-
GX27_TGGGAGAAGACCTCAT	Tumour	-
GX27_TGGGAGATCGGTAAGG	Tumour	-
GX27_TGGGATTAGCTAGTTC	Tumour	-
GX27_TGGGATTTCTAGGCAT	Tumour	-
GX27_TGGGCGTAGGTTTGAA	Tumour	-
GX27_TGGGCGTCACGTTCGG	Tumour	-
GX27_TGGGCGTGTGACCTGC	Tumour	-
GX27_TGGGCTGAGCAATTAG	Tumour	-
GX27_TGGGCTGGTGTACGCC	Tumour	-
GX27_TGGTACATCGCGATCG	Tumour	-
GX27_TGGTAGTTCTTAGTTC	Tumour	-
GX27_TGGTGATAGTGAATAC	Tumour	-
GX27_TGGTGATCACTACCGG	Tumour	-
GX27_TGGTGATGTAGTGCGA	Tumour	-
GX27_TGGTGATTCCGGACGT	Tumour	-
GX27_TGGTTAGAGGTTCCGC	Tumour	-
GX27_TGGTTAGAGTGTACAA	Tumour	-
GX27_TGGTTAGGTTGTCAGT	Tumour	-
GX27_TGTAACGAGTAAACGT	Tumour	-
GX27_TGTAACGTCTAGGAAA	Tumour	-
GX27_TGTAAGCCACCTATCC	Tumour	-
GX27_TGTAAGCGTGCGGCTT	Tumour	-
GX27_TGTAAGCTCGACATTG	Tumour	-
GX27_TGTCCACAGCCTTTCC	Tumour	-
GX27_TGTCCACAGTTCCGTA	Tumour	-
GX27_TGTCCACCAGCAATTC	Tumour	-
GX27_TGTCCACGTATACGGG	Tumour	-
GX27_TGTCCACTCATAGACC	Tumour	-
GX27_TGTCCCACACATAGCT	Tumour	-
GX27_TGTCCTGAGGTTATAG	Tumour	-
GX27_TGTCCTGCATGATGCT	Tumour	-
GX27_TGTCCTGGTACTAACC	Tumour	-
GX27_TGTCCTGTCATAGACC	Tumour	-
GX27_TGTGAGTAGGATGCGT	Tumour	-
GX27_TGTGAGTGTTTGTTGG	Tumour	-
GX27_TGTGCGGCAGCACACC	Tumour	-
GX27_TGTGCGGGTAACGGTG	Tumour	-
GX27_TGTTACTCAACCGACC	Tumour	-
GX27_TGTTCATTCCAACACA	Tumour	-
GX27_TGTTCCGAGCCGATCC	Tumour	-
GX27_TGTTCTACAGCTCCTT	Tumour	-
GX27_TGTTGAGCACATAGCT	Tumour	-
GX27_TGTTGAGGTGCAGTGA	Tumour	-
GX27_TGTTGGAAGCTATCTG	Tumour	-
GX27_TGTTGGAGTCTGTTAG	Tumour	-
GX27_TGTTTGTCAAGCGGAT	Tumour	-
GX27_TTAATCCCACACGGAA	Tumour	-
GX27_TTAATCCTCCTAAGTG	Tumour	-
GX27_TTACAGGTCAATGCAC	Tumour	-
GX27_TTACCATTCAATCTCT	Tumour	-
GX27_TTACCGCAGATAGGGA	Tumour	-
GX27_TTACGCCGTGTTTACG	Tumour	-
GX27_TTACGTTAGCGTGAGT	Tumour	-
GX27_TTACTGTTCGTCCTCA	Tumour	-
GX27_TTAGTCTCAGGAACCA	Tumour	-
GX27_TTAGTCTGTGATTGGG	Tumour	-
GX27_TTATTGCAGATGGGCT	Tumour	-
GX27_TTATTGCCACAATGAA	Tumour	-
GX27_TTATTGCTCGTCGGGT	Tumour	-
GX27_TTCAATCCAAACTGCT	Tumour	-
GX27_TTCACCGTCAGTCCGG	Tumour	-
GX27_TTCAGGACACGTACAT	Tumour	-
GX27_TTCATGTTCAGTGGGA	Tumour	-
GX27_TTCATGTTCATTTCCA	Tumour	-
GX27_TTCATTGCAACCACGC	Tumour	-
GX27_TTCATTGCACATATGC	Tumour	-
GX27_TTCATTGGTAACTAAG	Tumour	-
GX27_TTCATTGTCCTACCGT	Tumour	-
GX27_TTCCAATAGCTATCTG	Tumour	-
GX27_TTCCAATAGGGAGTTC	Tumour	-
GX27_TTCCAATCATTGACCA	Tumour	-
GX27_TTCCAATTCCGAGTGC	Tumour	-
GX27_TTCCGGTAGTCTAGAA	Tumour	-
GX27_TTCCGGTCACAAATCC	Tumour	-
GX27_TTCCGTGAGCAGCGAT	Tumour	-
GX27_TTCCGTGAGGGTACGT	Tumour	-
GX27_TTCCGTGAGGTTCTTG	Tumour	-
GX27_TTCCTCTCAGTGCGCT	Tumour	-
GX27_TTCCTTCAGCCGTTAT	Tumour	-
GX27_TTCCTTCTCTCTGCTG	Tumour	-
GX27_TTCGATTCACACGCCA	Tumour	-
GX27_TTCGATTCATGTGACT	Tumour	-
GX27_TTCGCTGGTTATCCAG	Tumour	-
GX27_TTCGGTCCACATTCGA	Tumour	-
GX27_TTCGGTCTCCTCACCA	Tumour	-
GX27_TTCTAACCAAGGTCAG	Tumour	-
GX27_TTCTAACGTACAAAGT	Tumour	-
GX27_TTCTAACTCGTAGTCA	Tumour	-
GX27_TTCTAGTTCTACCCAC	Tumour	-
GX27_TTCTCTCAGGGCCTCT	Tumour	-
GX27_TTCTCTCCAGAGGTTG	Tumour	-
GX27_TTCTCTCCAGCTTCCT	Tumour	-
GX27_TTCTCTCGTATCGCAT	Tumour	-
GX27_TTCTGTAAGCACCGAA	Tumour	-
GX27_TTCTGTAAGGAACATT	Tumour	-
GX27_TTCTGTAAGTCCCTAA	Tumour	-
GX27_TTCTGTAGTCCGGACT	Tumour	-
GX27_TTCTTGACAAGCGATG	Tumour	-
GX27_TTGAACGGTCGCATCG	Tumour	-
GX27_TTGAACGTCCGGTTCT	Tumour	-
GX27_TTGACCCAGTATTAGG	Tumour	-
GX27_TTGACCCGTAGCGAGT	Tumour	-
GX27_TTGACCCGTGGCCTCA	Tumour	-
GX27_TTGATGGCAATTTCCT	Tumour	-
GX27_TTGATGGGTACTCGCG	Tumour	-
GX27_TTGCATTTCATCGCTC	Tumour	-
GX27_TTGCCTGAGCCACAAG	Tumour	-
GX27_TTGCCTGAGCTACTGT	Tumour	-
GX27_TTGCCTGGTCTCAAGT	Tumour	-
GX27_TTGCCTGGTTTCTTAC	Tumour	-
GX27_TTGCTGCAGAACCCGA	Tumour	-
GX27_TTGCTGCAGCATAGGC	Tumour	-
GX27_TTGCTGCGTTCGGCGT	Tumour	-
GX27_TTGCTGCTCAACCTCC	Tumour	-
GX27_TTGCTGCTCCTTATAC	Tumour	-
GX27_TTGGATGAGTCCGTCG	Tumour	-
GX27_TTGGATGGTAACAGTA	Tumour	-
GX27_TTGGATGGTGTATCCA	Tumour	-
GX27_TTGGGATGTCGTTGCG	Tumour	-
GX27_TTGGGCGAGCAACCAG	Tumour	-
GX27_TTGGGCGGTGCGTCGT	Tumour	-
GX27_TTGGGTACACTAGTAC	Tumour	-
GX27_TTGGGTATCGAACGGA	Tumour	-
GX27_TTGGGTATCGAAGTGG	Tumour	-
GX27_TTGGTTTTCGATACGT	Tumour	-
GX27_TTGTGGATCCTAGCTC	Tumour	-
GX27_TTGTGGATCGAGAGCA	Tumour	-
GX27_TTGTGTTCAGTCTACA	Tumour	-
GX27_TTGTTCAAGGCAGGGA	Tumour	-
GX27_TTGTTCAGTTATGACC	Tumour	-
GX27_TTGTTCATCGCGCTGA	Tumour	-
GX27_TTTACCAAGCAGCCCT	Tumour	-
GX27_TTTACGTCAGTCGCAC	Tumour	-
GX27_TTTACGTGTCTAATCG	Tumour	-
GX27_TTTACGTTCGAGGCAA	Tumour	-
GX27_TTTACTGTCAGACAAA	Tumour	-
GX27_TTTACTGTCCATGATG	Tumour	-
GX27_TTTACTGTCTACCAGA	Tumour	-
GX27_TTTAGTCCAGTAGATA	Tumour	-
GX27_TTTATGCTCTTAAGGC	Tumour	-
GX27_TTTCACACAAATGGCG	Tumour	-
GX27_TTTCACACACGGCTAC	Tumour	-
GX27_TTTCAGTCATCATTTC	Tumour	-
GX27_TTTCATGAGCGCATCC	Tumour	-
GX27_TTTCATGCATGTAACC	Tumour	-
GX27_TTTCGATAGCTCATAC	Tumour	-
GX27_TTTCGATCATCAGCGC	Tumour	-
GX27_TTTGATCAGGATCACG	Tumour	-
GX27_TTTGATCGTTGCTCGG	Tumour	-
GX27_TTTGGAGGTGACTAAA	Tumour	-
GX27_TTTGGTTGTCGTACTA	Tumour	-
GX27_TTTGGTTTCACTCCGT	Tumour	-
GX27_TTTGTTGAGTGGACTG	Tumour	-
GX27_TTTGTTGCAAGTTCGT	Tumour	-
GX28_AAACGCTTCACGATAC	Normal	+
GX28_AAAGGGCCATTAGGAA	Normal	+
GX28_AAAGGGCTCGAGAAAT	Normal	+
GX28_AAAGGTAAGCGTGTTT	Normal	+
GX28_AAAGGTACAATGGCAG	Normal	+
GX28_AAAGGTATCAAGCCGC	Normal	+
GX28_AAAGTCCGTTTCGTTT	Normal	+
GX28_AAAGTCCTCTATCCAT	Normal	+
GX28_AAAGTGATCACCTTGC	Normal	+
GX28_AACAACCAGTAGAATC	Normal	+
GX28_AACAACCGTGGCCTCA	Normal	+
GX28_AACAAGAGTAAGTTAG	Normal	+
GX28_AACACACTCAATCAGC	Normal	+
GX28_AACCACAGTCGAGCTC	Normal	+
GX28_AACGAAACATGATGCT	Normal	+
GX28_AACGGGATCCCTCTTT	Normal	+
GX28_AACGTCACAGGCTATT	Normal	+
GX28_AACTTCTTCTGAGATC	Normal	+
GX28_AAGAACAAGTGATTCC	Normal	+
GX28_AAGAACAGTGGGTTGA	Normal	+
GX28_AAGACAAAGGTCCCGT	Normal	+
GX28_AAGATAGAGTTAACGA	Normal	+
GX28_AAGCCATCAATTCGTG	Normal	+
GX28_AAGCGTTAGTTCCATG	Normal	+
GX28_AAGCGTTTCCGATGTA	Normal	+
GX28_AAGGAATAGCACCGAA	Normal	+
GX28_AAGTGAAAGAGAGGTA	Normal	+
GX28_AAGTGAAGTCCTACAA	Normal	+
GX28_AAGTGAATCCACCCTA	Normal	+
GX28_AATAGAGCAACCACAT	Normal	+
GX28_AATCACGAGGATACAT	Normal	+
GX28_AATGACCAGCTATCTG	Normal	+
GX28_AATGACCTCTCTCGAC	Normal	+
GX28_AATGCCATCTCTCGAC	Normal	+
GX28_AATGGCTCACCTCTAC	Normal	+
GX28_AATTTCCAGTTCACTG	Normal	+
GX28_AATTTCCGTATGGAAT	Normal	+
GX28_ACAAAGAGTACGGTTT	Normal	+
GX28_ACACAGTCAACGATCT	Normal	+
GX28_ACACAGTCATGATAGA	Normal	+
GX28_ACACGCGGTGAAGCTG	Normal	+
GX28_ACAGAAAGTACTGAGG	Normal	+
GX28_ACATCCCGTGTGCCTG	Normal	+
GX28_ACATGCAGTGTTCAGT	Normal	+
GX28_ACCAACAGTGATGAAT	Normal	+
GX28_ACCACAAGTGGGACAT	Normal	+
GX28_ACCCAAAGTAACATAG	Normal	+
GX28_ACCTACCAGCATCAGG	Normal	+
GX28_ACCTACCGTCATCGCG	Normal	+
GX28_ACCTACCGTCTCGACG	Normal	+
GX28_ACGATGTTCGAGATAA	Normal	+
GX28_ACGATGTTCTCGTGGG	Normal	+
GX28_ACGCACGTCGTCAGAT	Normal	+
GX28_ACGGGTCGTCGTCATA	Normal	+
GX28_ACGGTCGTCTGTGCGG	Normal	+
GX28_ACGTAACTCTCCTGAC	Normal	+
GX28_ACGTACACATTCATCT	Normal	+
GX28_ACGTAGTTCCGATAAC	Normal	+
GX28_ACTACGAAGACATAAC	Normal	+
GX28_ACTATGGGTATGCGTT	Normal	+
GX28_ACTATGGTCACCTCTG	Normal	+
GX28_ACTATTCCACTCTAGA	Normal	+
GX28_ACTCCCATCTTCTTCC	Normal	+
GX28_ACTGATGAGGTAAGGA	Normal	+
GX28_ACTGTGAGTCGTATTG	Normal	+
GX28_ACTGTGAGTGACTGTT	Normal	+
GX28_ACTTAGGAGAGTCTTC	Normal	+
GX28_ACTTAGGTCGAGTTGT	Normal	+
GX28_ACTTATCTCGAACTCA	Normal	+
GX28_ACTTCGCTCGCCTTTG	Normal	+
GX28_ACTTTCAAGAGTTGCG	Normal	+
GX28_AGAAATGCAGGCTCTG	Normal	+
GX28_AGAACAAGTCAAAGCG	Normal	+
GX28_AGAACAATCTGCTCTG	Normal	+
GX28_AGAACCTCAACACACT	Normal	+
GX28_AGAAGCGGTACGTGAG	Normal	+
GX28_AGAAGCGGTGGACCTC	Normal	+
GX28_AGACACTCAGTCACGC	Normal	+
GX28_AGACAGGAGGCCATAG	Normal	+
GX28_AGACCATGTGGCTGCT	Normal	+
GX28_AGACCCGCACTGAGTT	Normal	+
GX28_AGACCCGCATTGCAAC	Normal	+
GX28_AGACTCAAGTTGGCGA	Normal	+
GX28_AGAGAGCCAGGTCCGT	Normal	+
GX28_AGAGAGCTCAAAGAAC	Normal	+
GX28_AGATAGAGTAACCAGG	Normal	+
GX28_AGATAGATCTGTACAG	Normal	+
GX28_AGATCCAAGACTACGG	Normal	+
GX28_AGATCCAGTGCCCGTA	Normal	+
GX28_AGATGCTGTGTGTCGC	Normal	+
GX28_AGCCACGAGAAACACT	Normal	+
GX28_AGCCAGCGTGCCGGTT	Normal	+
GX28_AGCCAGCTCGTGGAAG	Normal	+
GX28_AGCGATTTCACCTCTG	Normal	+
GX28_AGCGATTTCTGTCCCA	Normal	+
GX28_AGCGCCAGTAGAATGT	Normal	+
GX28_AGCGCTGTCAGCGTCG	Normal	+
GX28_AGCGTATAGTGCCGAA	Normal	+
GX28_AGCGTATGTGAGATAT	Normal	+
GX28_AGCTACACAAACTAGA	Normal	+
GX28_AGCTACATCCAACCAA	Normal	+
GX28_AGCTCAATCTTACTGT	Normal	+
GX28_AGGAAATAGTATGCAA	Normal	+
GX28_AGGACGATCGTCACCT	Normal	+
GX28_AGGAGGTGTCCCGTGA	Normal	+
GX28_AGGATAATCGTGTCAA	Normal	+
GX28_AGGCATTGTACAAACA	Normal	+
GX28_AGGCCACTCACTGCTC	Normal	+
GX28_AGGCTGCGTCGAGATG	Normal	+
GX28_AGGCTGCTCAGTGATC	Normal	+
GX28_AGGGAGTGTTCAGCTA	Normal	+
GX28_AGGGTCCAGCGTGTCC	Normal	+
GX28_AGGGTCCCATCATTTC	Normal	+
GX28_AGGGTGAAGTCGAAGC	Normal	+
GX28_AGGTAGGCAACTACGT	Normal	+
GX28_AGGTCATGTGAACTAA	Normal	+
GX28_AGGTCTAAGTTCAACC	Normal	+
GX28_AGGTGTTCATTGAGGG	Normal	+
GX28_AGGTTACGTCCATAGT	Normal	+
GX28_AGGTTACTCACTTGGA	Normal	+
GX28_AGGTTGTAGAAATTGC	Normal	+
GX28_AGTCACATCTGCCCTA	Normal	+
GX28_AGTCATGTCGGACAAG	Normal	+
GX28_AGTCATGTCTATACTC	Normal	+
GX28_AGTCTCCCATCAGTGT	Normal	+
GX28_AGTGATCAGCCTTTGA	Normal	+
GX28_AGTGTTGAGCGCCTAC	Normal	+
GX28_AGTTCCCGTATTGGCT	Normal	+
GX28_ATACCGAGTATGTCTG	Normal	+
GX28_ATACCTTAGGTGGGTT	Normal	+
GX28_ATACTTCGTAGCGCTC	Normal	+
GX28_ATAGAGAAGAAGAGCA	Normal	+
GX28_ATAGAGACAAGCTACT	Normal	+
GX28_ATATCCTCATCAACCA	Normal	+
GX28_ATCACAGCAAATCAAG	Normal	+
GX28_ATCACGAAGGCTCTAT	Normal	+
GX28_ATCATTCCAGCAGTTT	Normal	+
GX28_ATCCATTGTTCGTACA	Normal	+
GX28_ATCCCTGCAGTTGAAA	Normal	+
GX28_ATCCGTCGTATCTCGA	Normal	+
GX28_ATCCTATGTTGGTGTT	Normal	+
GX28_ATCGATGCACTCATAG	Normal	+
GX28_ATCGGATAGCACTCCG	Normal	+
GX28_ATCGGATCACTATCGA	Normal	+
GX28_ATCGGATGTGGACCAA	Normal	+
GX28_ATCGGCGAGGAACGCT	Normal	+
GX28_ATCGTAGCACTTGAGT	Normal	+
GX28_ATCGTAGGTACGTAGG	Normal	+
GX28_ATCGTAGGTCATATGC	Normal	+
GX28_ATCGTCCAGACAACAT	Normal	+
GX28_ATCGTCCAGGAGAGGC	Normal	+
GX28_ATCGTGACACAAGCAG	Normal	+
GX28_ATGACCAGTCAACACT	Normal	+
GX28_ATGACCATCGAAATCC	Normal	+
GX28_ATGAGGGGTGAATGTA	Normal	+
GX28_ATGAGTCCAGGTGAGT	Normal	+
GX28_ATGATCGAGTCTCGTA	Normal	+
GX28_ATGCATGAGCTAAACA	Normal	+
GX28_ATGCATGCACAATCTG	Normal	+
GX28_ATGCATGTCTTCACGC	Normal	+
GX28_ATGGAGGGTGGCGTAA	Normal	+
GX28_ATGGATCCACTATCCC	Normal	+
GX28_ATGGTTGCATGTAACC	Normal	+
GX28_ATGTCTTAGTATGCAA	Normal	+
GX28_ATTCACTAGCAATTAG	Normal	+
GX28_ATTCACTTCCGACAGC	Normal	+
GX28_ATTCATCAGACCTTTG	Normal	+
GX28_ATTCCCGCACACCGAC	Normal	+
GX28_ATTCTTGAGGATGAGA	Normal	+
GX28_ATTGGGTAGATCGGTG	Normal	+
GX28_ATTGTTCAGACGCTCC	Normal	+
GX28_ATTTACCTCACATCAG	Normal	+
GX28_ATTTACCTCTTGAACG	Normal	+
GX28_ATTTCTGTCTCGTTTA	Normal	+
GX28_CAAAGAAAGACTTCAC	Normal	+
GX28_CAACAGTAGTCAATCC	Normal	+
GX28_CAACCTCCATCGTGGC	Normal	+
GX28_CAACGATAGCGGACAT	Normal	+
GX28_CAACGATCATGTGTCA	Normal	+
GX28_CAACGATGTACACGTT	Normal	+
GX28_CAAGACTCAAAGCTAA	Normal	+
GX28_CAAGCTAAGAAGGTAG	Normal	+
GX28_CAAGCTAAGAGTCAAT	Normal	+
GX28_CAAGGGAAGTGTCATC	Normal	+
GX28_CAAGGGATCCCAACTC	Normal	+
GX28_CAATCGACACTGAATC	Normal	+
GX28_CAATCGACAGACCAGA	Normal	+
GX28_CAATGACAGTCCCGGT	Normal	+
GX28_CACAACATCTTAGTTC	Normal	+
GX28_CACACAAAGACATCAA	Normal	+
GX28_CACACAAAGAGGCTGT	Normal	+
GX28_CACAGGCTCGCGCTGA	Normal	+
GX28_CACAGGCTCGGCTATA	Normal	+
GX28_CACCAAACAGCTACAT	Normal	+
GX28_CACCAAATCTCAACGA	Normal	+
GX28_CACGAATAGATACTGA	Normal	+
GX28_CACGAATCAGCATACT	Normal	+
GX28_CACGGGTAGAGAACCC	Normal	+
GX28_CACGTTCAGTGTTGAA	Normal	+
GX28_CACGTTCCACAAAGCG	Normal	+
GX28_CACGTTCGTGATGGCA	Normal	+
GX28_CACTGGGAGGTAAGGA	Normal	+
GX28_CACTGTCAGCATGCGA	Normal	+
GX28_CACTTCGCAGTGCCTG	Normal	+
GX28_CACTTCGTCGCTACAA	Normal	+
GX28_CACTTCGTCTACTCAT	Normal	+
GX28_CAGATTGAGCGATGAC	Normal	+
GX28_CAGCAGCGTCAACACT	Normal	+
GX28_CAGCGTGAGATGGCAC	Normal	+
GX28_CAGCGTGCACGGATCC	Normal	+
GX28_CAGCGTGGTATCTTCT	Normal	+
GX28_CAGCGTGGTTCCGGTG	Normal	+
GX28_CAGGTATCAAGAGGCT	Normal	+
GX28_CAGGTATTCTTCGACC	Normal	+
GX28_CAGTGCGCAGACTGCC	Normal	+
GX28_CAGTGCGCAGTAGAGC	Normal	+
GX28_CAGTTCCGTTCCTAGA	Normal	+
GX28_CAGTTCCTCTTGCAAG	Normal	+
GX28_CATAAGCAGGTCACTT	Normal	+
GX28_CATACAGGTCGAGATG	Normal	+
GX28_CATACCCTCAATCTCT	Normal	+
GX28_CATACTTAGCCTCCAG	Normal	+
GX28_CATACTTAGTCAGCGA	Normal	+
GX28_CATAGACAGCAGATAT	Normal	+
GX28_CATAGACTCGTAACTG	Normal	+
GX28_CATCCACAGTTCCTGA	Normal	+
GX28_CATCCGTTCGCTCCTA	Normal	+
GX28_CATCGCTTCGAGAAGC	Normal	+
GX28_CATCGGGCATTGAAAG	Normal	+
GX28_CATCGGGTCCACTGGG	Normal	+
GX28_CATGAGTGTGATGGCA	Normal	+
GX28_CATGCCTAGCGTCTCG	Normal	+
GX28_CATGCGGGTGATGGCA	Normal	+
GX28_CATGCTCGTGGAGGTT	Normal	+
GX28_CATGGATCACGCTGCA	Normal	+
GX28_CATTCATCACTTCTCG	Normal	+
GX28_CATTCATCAGGAATAT	Normal	+
GX28_CATTCATTCTCCGAAA	Normal	+
GX28_CATTCTACAGAACCGA	Normal	+
GX28_CATTGCCGTCATAACC	Normal	+
GX28_CATTGCCGTTTGTGGT	Normal	+
GX28_CATTGTTAGAAACTGT	Normal	+
GX28_CATTGTTTCGCAACAT	Normal	+
GX28_CCACAAAGTACACGTT	Normal	+
GX28_CCACAAATCCGTATGA	Normal	+
GX28_CCACACTCAAAGGCGT	Normal	+
GX28_CCACACTTCCTACCGT	Normal	+
GX28_CCACCATCAGCAGTTT	Normal	+
GX28_CCCAACTCACAAAGCG	Normal	+
GX28_CCCAACTGTATGAGGC	Normal	+
GX28_CCCGAAGTCCTCTCGA	Normal	+
GX28_CCCTCAAAGGTCATTC	Normal	+
GX28_CCCTCTCGTCAAATCC	Normal	+
GX28_CCCTCTCTCGCATGAT	Normal	+
GX28_CCGAACGAGGCTGTAG	Normal	+
GX28_CCGAACGCAGGAGGTT	Normal	+
GX28_CCGGACATCCGGTAGC	Normal	+
GX28_CCGGTGATCCCGATCT	Normal	+
GX28_CCTAACCGTTCGGCGT	Normal	+
GX28_CCTAAGAAGTTGTCAC	Normal	+
GX28_CCTATCGCAGAACTCT	Normal	+
GX28_CCTATCGTCAACCTTT	Normal	+
GX28_CCTCAACCACAGTCCG	Normal	+
GX28_CCTCAACTCGAGGCAA	Normal	+
GX28_CCTCATGCAAGTGATA	Normal	+
GX28_CCTCATGTCTGGTTGA	Normal	+
GX28_CCTGCATCAGGTTTAC	Normal	+
GX28_CCTTTGGAGACTTCAC	Normal	+
GX28_CCTTTGGGTTGTGGCC	Normal	+
GX28_CGAAGGATCGGTAACT	Normal	+
GX28_CGAAGTTAGCACACCC	Normal	+
GX28_CGAGAAGGTTATAGCC	Normal	+
GX28_CGAGTGCAGAGTCTGG	Normal	+
GX28_CGATGGCCATCAGTGT	Normal	+
GX28_CGCAGGTCATGCAGGA	Normal	+
GX28_CGCCAGAGTTCCAGGC	Normal	+
GX28_CGCCATTTCCAGCCTT	Normal	+
GX28_CGCGTGATCCAGTTCC	Normal	+
GX28_CGGAATTAGTGCTAGG	Normal	+
GX28_CGGAATTAGTGTACCT	Normal	+
GX28_CGGAGAAGTATCAAGA	Normal	+
GX28_CGGCAGTCAGTCTGGC	Normal	+
GX28_CGGGACTTCCCGGTAG	Normal	+
GX28_CGGTCAGCAGAGTAAT	Normal	+
GX28_CGTCAAAAGTAGATCA	Normal	+
GX28_CGTGAATAGAACAAGG	Normal	+
GX28_CGTGAATAGAACGCGT	Normal	+
GX28_CGTTCTGCATAACCCA	Normal	+
GX28_CTACAGACAGTTTCAG	Normal	+
GX28_CTACATTAGCTCTATG	Normal	+
GX28_CTACCCATCAGTGCGC	Normal	+
GX28_CTACGGGCATGACAGG	Normal	+
GX28_CTACTATGTGGAACCA	Normal	+
GX28_CTAGGTACAGCTGAGA	Normal	+
GX28_CTATCCGCATCCTTCG	Normal	+
GX28_CTATCTAGTACACGCC	Normal	+
GX28_CTCAAGATCGTAACCA	Normal	+
GX28_CTCAGAAAGGAATGTT	Normal	+
GX28_CTCAGAAAGTTGCGCC	Normal	+
GX28_CTCAGAAGTTTGTTCT	Normal	+
GX28_CTCATCGCAACGTAAA	Normal	+
GX28_CTCATGCAGTCAACAA	Normal	+
GX28_CTCCAACCAATCTCGA	Normal	+
GX28_CTCCACAGTGATCATC	Normal	+
GX28_CTCCCTCAGCACTTTG	Normal	+
GX28_CTCCCTCAGCGGATCA	Normal	+
GX28_CTCCGATCAATCGCAT	Normal	+
GX28_CTCTCAGTCGCATGAT	Normal	+
GX28_CTCTCGACAGCGAGTA	Normal	+
GX28_CTCTGGTCAATAGTCC	Normal	+
GX28_CTGAGGCCACCCATAA	Normal	+
GX28_CTGCAGGGTAGGACTG	Normal	+
GX28_CTGCAGGGTATAGGGC	Normal	+
GX28_CTGCATCGTAACGGTG	Normal	+
GX28_CTGCCATCAATGGCAG	Normal	+
GX28_CTGCCATTCTACTGAG	Normal	+
GX28_CTGCTCACAGCGAACA	Normal	+
GX28_CTGGCAGAGTGGACTG	Normal	+
GX28_CTGGTCTTCAAGTGGG	Normal	+
GX28_CTGGTCTTCCTGTAGA	Normal	+
GX28_CTGTATTCACCGTCGA	Normal	+
GX28_CTTACCGAGACAACAT	Normal	+
GX28_CTTACCGGTCGAATTC	Normal	+
GX28_CTTACCGTCCGTGACG	Normal	+
GX28_CTTCCTTCATTCACCC	Normal	+
GX28_CTTCGGTCACATACTG	Normal	+
GX28_CTTCTCTGTCACAGTT	Normal	+
GX28_CTTGATTCATGTAACC	Normal	+
GX28_CTTGATTGTCCTACAA	Normal	+
GX28_CTTTCAACACGTCGTG	Normal	+
GX28_GAAACCTAGCTCGCAC	Normal	+
GX28_GAAATGAAGTTCCATG	Normal	+
GX28_GAAATGACAGCGTGCT	Normal	+
GX28_GAACTGTAGCCATTGT	Normal	+
GX28_GAAGAATCAAAGCGTG	Normal	+
GX28_GAAGCCCCACTCATAG	Normal	+
GX28_GAAGGACTCTCACGAA	Normal	+
GX28_GAAGGGTTCGGAGTAG	Normal	+
GX28_GAAGTAACACAGAGAC	Normal	+
GX28_GAAGTAACACGCGCAT	Normal	+
GX28_GAATCGTTCAGGTAAA	Normal	+
GX28_GACACGCGTTGTAAAG	Normal	+
GX28_GACCAATAGCTTTGTG	Normal	+
GX28_GACCAATGTGGACTGA	Normal	+
GX28_GACCCAGGTAACCCTA	Normal	+
GX28_GACCTTCCAAATTGCC	Normal	+
GX28_GACCTTCTCGTGTGGC	Normal	+
GX28_GACGCTGCATGTGGTT	Normal	+
GX28_GACTATGGTCCTACAA	Normal	+
GX28_GACTATGGTCGCATGC	Normal	+
GX28_GACTCAATCTTCACGC	Normal	+
GX28_GACTCTCCATTCGGGC	Normal	+
GX28_GACTGATAGATTAGCA	Normal	+
GX28_GAGAGGTCAGGAATAT	Normal	+
GX28_GAGATGGAGAGCCGTA	Normal	+
GX28_GAGATGGGTTGAAGTA	Normal	+
GX28_GAGATGGTCCCGAGTG	Normal	+
GX28_GAGCCTGCAATCTAGC	Normal	+
GX28_GAGCCTGCATGGCTAT	Normal	+
GX28_GAGGGATTCTGCTTAT	Normal	+
GX28_GAGTCATAGATGTTCC	Normal	+
GX28_GAGTCATTCGTTAGTG	Normal	+
GX28_GAGTCTAAGCATCTTG	Normal	+
GX28_GAGTCTAGTGCAAGAC	Normal	+
GX28_GAGTCTAGTTTGAACC	Normal	+
GX28_GAGTCTATCGGTCGAC	Normal	+
GX28_GAGTGAGGTCCAGCGT	Normal	+
GX28_GAGTTACCAAACGAGC	Normal	+
GX28_GAGTTGTCAAGAATAC	Normal	+
GX28_GAGTTGTCAGAACTAA	Normal	+
GX28_GAGTTTGCAGCTCGGT	Normal	+
GX28_GATCAGTTCCATTCGC	Normal	+
GX28_GATCCCTAGCCTAGGA	Normal	+
GX28_GATCGTAGTGGGTCAA	Normal	+
GX28_GATCGTATCCCGTAAA	Normal	+
GX28_GATCGTATCTGGTTGA	Normal	+
GX28_GATGAGGTCCCGTTCA	Normal	+
GX28_GATGCTAGTCGTGGTC	Normal	+
GX28_GATGGAGGTCCTACAA	Normal	+
GX28_GATGGAGGTCGGTGAA	Normal	+
GX28_GATTTCTCAACAAGAT	Normal	+
GX28_GATTTCTCAATTGTGC	Normal	+
GX28_GCACATACACTGATTG	Normal	+
GX28_GCACATATCTGCACCT	Normal	+
GX28_GCACGGTGTGGCTTGC	Normal	+
GX28_GCACGTGAGGGCAACT	Normal	+
GX28_GCACTAAAGAGTACCG	Normal	+
GX28_GCAGCCATCATGGCCG	Normal	+
GX28_GCAGCTGAGATCCAAA	Normal	+
GX28_GCAGCTGCAGTTAGGG	Normal	+
GX28_GCAGGCTGTACGATCT	Normal	+
GX28_GCAGGCTGTCACGCTG	Normal	+
GX28_GCAGGCTTCCCAGTGG	Normal	+
GX28_GCATCGGTCCTACACC	Normal	+
GX28_GCATCTCGTACAATAG	Normal	+
GX28_GCATCTCTCCAAGGGA	Normal	+
GX28_GCATCTCTCGAGTCCG	Normal	+
GX28_GCATTAGAGAAGTCCG	Normal	+
GX28_GCATTAGAGATAGTGT	Normal	+
GX28_GCATTAGCACACAGAG	Normal	+
GX28_GCATTAGCACTCCTGT	Normal	+
GX28_GCCAACGTCCTAGCTC	Normal	+
GX28_GCCAGCACAGCATACT	Normal	+
GX28_GCCAGGTCAGGCTCTG	Normal	+
GX28_GCCAGTGCATCTTAGG	Normal	+
GX28_GCCATGGTCCCTGTTG	Normal	+
GX28_GCCATTCAGCCTTTCC	Normal	+
GX28_GCCCAGAGTCTGTGTA	Normal	+
GX28_GCCCGAAAGTTAGTAG	Normal	+
GX28_GCCGATGCACAAGCTT	Normal	+
GX28_GCCGTGAGTGGTTTAC	Normal	+
GX28_GCCTGTTCAAATGAGT	Normal	+
GX28_GCGAGAAAGAGTGTGC	Normal	+
GX28_GCGAGAATCTTAATCC	Normal	+
GX28_GCGATCGAGAGAGTGA	Normal	+
GX28_GCGGAAATCGTCGGGT	Normal	+
GX28_GCGTTTCTCCTGGTCT	Normal	+
GX28_GCTACAAGTATCGCTA	Normal	+
GX28_GCTACAAGTCAGATTC	Normal	+
GX28_GCTACCTTCCACGTCT	Normal	+
GX28_GCTCAAATCAATCTTC	Normal	+
GX28_GCTCAAATCGGTGTTA	Normal	+
GX28_GCTGAATAGCATGCGA	Normal	+
GX28_GCTTCACGTCACTGAT	Normal	+
GX28_GCTTGGGCACCTCAGG	Normal	+
GX28_GCTTGGGTCCGACAGC	Normal	+
GX28_GCTTTCGGTAATGCTC	Normal	+
GX28_GGAAGTGAGTTGTCAC	Normal	+
GX28_GGAAGTGGTATAGGAT	Normal	+
GX28_GGAAGTGTCAGTGTTG	Normal	+
GX28_GGAATGGCAAGACCGA	Normal	+
GX28_GGACGTCTCAGGACAG	Normal	+
GX28_GGAGATGCAAACTAGA	Normal	+
GX28_GGAGCAAAGCTGAGTG	Normal	+
GX28_GGAGCAATCGTTAGAC	Normal	+
GX28_GGCACGTCATTGTAGC	Normal	+
GX28_GGCGTCAAGCTAAACA	Normal	+
GX28_GGCTTTCCACCTCTAC	Normal	+
GX28_GGGAAGTAGTCTGGTT	Normal	+
GX28_GGGAAGTCACTTACAG	Normal	+
GX28_GGGACCTAGTTTCGGT	Normal	+
GX28_GGGACTCAGATGATTG	Normal	+
GX28_GGGAGTAGTCGAGCAA	Normal	+
GX28_GGGCCATCAACTACGT	Normal	+
GX28_GGGCGTTGTACAATAG	Normal	+
GX28_GGGTAGAGTACGAGTG	Normal	+
GX28_GGGTCTGTCTCCAAGA	Normal	+
GX28_GGGTTATGTCATCCGG	Normal	+
GX28_GGGTTTACATGCTGCG	Normal	+
GX28_GGTAATCCAAGCGCTC	Normal	+
GX28_GGTCACGCATTGTAGC	Normal	+
GX28_GGTCTGGAGATTGACA	Normal	+
GX28_GGTCTGGAGCCATTCA	Normal	+
GX28_GGTGTTAAGGCATCTT	Normal	+
GX28_GGTGTTAGTTAAACCC	Normal	+
GX28_GGTTGTAAGCTCCGAC	Normal	+
GX28_GTAACCAAGATCCCGC	Normal	+
GX28_GTAACCACATTCCTAT	Normal	+
GX28_GTACAACCAGCGTATT	Normal	+
GX28_GTACAGTCAGAGAAAG	Normal	+
GX28_GTACAGTGTTATAGCC	Normal	+
GX28_GTAGATCGTGATGTAA	Normal	+
GX28_GTAGATCTCCGAAGGA	Normal	+
GX28_GTAGCTAAGAGTGAAG	Normal	+
GX28_GTAGCTATCCCTCAAC	Normal	+
GX28_GTAGGAGCAGCTGTGC	Normal	+
GX28_GTAGGAGTCACTCACC	Normal	+
GX28_GTAGGAGTCCATGAGT	Normal	+
GX28_GTAGGTTCATCATCTT	Normal	+
GX28_GTATTGGCAACCGACC	Normal	+
GX28_GTATTTCGTGGTCAAG	Normal	+
GX28_GTCAAGTCAACGGTAG	Normal	+
GX28_GTCAAGTTCCTAGCGG	Normal	+
GX28_GTCACGGCACTGATTG	Normal	+
GX28_GTCACGGCAGGCACAA	Normal	+
GX28_GTCACTCCAACCACGC	Normal	+
GX28_GTCAGCGCATCACAGT	Normal	+
GX28_GTCAGCGGTTCAAGGG	Normal	+
GX28_GTCATGAGTAATGATG	Normal	+
GX28_GTCATTTCATGGCTGC	Normal	+
GX28_GTCGCGAAGCACCAGA	Normal	+
GX28_GTCGTAATCATTGCCC	Normal	+
GX28_GTCGTTCCAGCTGGTC	Normal	+
GX28_GTCTACCAGTCCTACA	Normal	+
GX28_GTCTAGATCCCGTGAG	Normal	+
GX28_GTCTTTACAGAGTGTG	Normal	+
GX28_GTGACGCGTAGACGTG	Normal	+
GX28_GTGACGCGTTCCCAAA	Normal	+
GX28_GTGAGTTGTGCCTAAT	Normal	+
GX28_GTGAGTTTCATATGGC	Normal	+
GX28_GTGATGTCAGACAAGC	Normal	+
GX28_GTGCACGAGGCATCGA	Normal	+
GX28_GTGCAGCCAGACGCTC	Normal	+
GX28_GTGCGTGAGGAATCGC	Normal	+
GX28_GTGGAGAAGTCTACCA	Normal	+
GX28_GTGGCGTAGGCACTCC	Normal	+
GX28_GTGGCGTTCTGTCCGT	Normal	+
GX28_GTGGTTATCACAAGAA	Normal	+
GX28_GTGTGGCGTAGATTGA	Normal	+
GX28_GTGTGGCTCACTGTCC	Normal	+
GX28_GTGTTCCCAAGCACCC	Normal	+
GX28_GTTAGTGAGTTCACTG	Normal	+
GX28_GTTATGGAGCTGACAG	Normal	+
GX28_GTTCCGTCACTACTTT	Normal	+
GX28_GTTCTATCATTGCTGA	Normal	+
GX28_GTTGCGGAGAGGATCC	Normal	+
GX28_GTTGCGGGTTAAGTCC	Normal	+
GX28_GTTGTCCAGCATGCGA	Normal	+
GX28_GTTGTCCCACCATAAC	Normal	+
GX28_GTTGTCCGTTCCGGTG	Normal	+
GX28_GTTTGGAAGTCGAAGC	Normal	+
GX28_TAACACGGTGACAGCA	Normal	+
GX28_TAACGACCAGTTTCGA	Normal	+
GX28_TAAGCACAGGCTAACG	Normal	+
GX28_TAAGCACGTGGTCTGC	Normal	+
GX28_TAAGCCAGTGTCATGT	Normal	+
GX28_TAAGCCATCCGCAACG	Normal	+
GX28_TAAGCGTAGCGAAACC	Normal	+
GX28_TAATCTCGTTTGGCTA	Normal	+
GX28_TAATTCCAGGCCTTCG	Normal	+
GX28_TAATTCCCAGTCACGC	Normal	+
GX28_TACAACGAGTATTAGG	Normal	+
GX28_TACAACGGTTGTGGAG	Normal	+
GX28_TACAGGTAGCTCACTA	Normal	+
GX28_TACAGGTAGTCTTCGA	Normal	+
GX28_TACATTCAGATACCAA	Normal	+
GX28_TACATTCAGTAAATGC	Normal	+
GX28_TACCCACTCCTTTGAT	Normal	+
GX28_TACCGAACAGAAGCGT	Normal	+
GX28_TACCGGGCAACAGCCC	Normal	+
GX28_TACCGGGCATAGGTTC	Normal	+
GX28_TACCTGCCAACTGATC	Normal	+
GX28_TACCTGCGTGCTGCAC	Normal	+
GX28_TACGGGCAGCCGAACA	Normal	+
GX28_TACGTCCAGGTACTGG	Normal	+
GX28_TACTTACCATCTGGGC	Normal	+
GX28_TACTTACGTGGCCACT	Normal	+
GX28_TAGATCGCAGTAACCT	Normal	+
GX28_TAGGAGGCAGCTTCCT	Normal	+
GX28_TAGGGTTGTAACCCTA	Normal	+
GX28_TAGGTACAGGCGACAT	Normal	+
GX28_TAGGTACGTAGCGCCT	Normal	+
GX28_TAGGTTGCATCCAATG	Normal	+
GX28_TAGTGCAAGTGGATTA	Normal	+
GX28_TAGTGCAGTTGTGGAG	Normal	+
GX28_TATCCTACAGGACTTT	Normal	+
GX28_TATCGCCAGCTAGCCC	Normal	+
GX28_TATCTGTCAATTGAAG	Normal	+
GX28_TATCTTGAGAGCACTG	Normal	+
GX28_TATGTTCGTAGGTGCA	Normal	+
GX28_TATGTTCTCGACGCTG	Normal	+
GX28_TATTCCACAAATGGTA	Normal	+
GX28_TATTCCACACCGAATT	Normal	+
GX28_TATTCCACATCGTCCT	Normal	+
GX28_TATTGGGCATACCACA	Normal	+
GX28_TATTTCGTCGGTCGAC	Normal	+
GX28_TCAAGACGTCTCTCCA	Normal	+
GX28_TCAAGCAGTCCACAGC	Normal	+
GX28_TCAAGCATCAGAACCT	Normal	+
GX28_TCAATCTGTACTTGTG	Normal	+
GX28_TCACACCAGTTCCAGT	Normal	+
GX28_TCACACCCAATTGAAG	Normal	+
GX28_TCACTATGTTGCTCGG	Normal	+
GX28_TCACTCGAGGGTCACA	Normal	+
GX28_TCAGCAATCAAAGCCT	Normal	+
GX28_TCAGCCTAGTTGGAGC	Normal	+
GX28_TCAGGTACACCGGCTA	Normal	+
GX28_TCATATCTCACACGAT	Normal	+
GX28_TCATATCTCTCGCCTA	Normal	+
GX28_TCATCATGTAACACCT	Normal	+
GX28_TCATCATTCCGCACTT	Normal	+
GX28_TCATCCGAGGTACAGC	Normal	+
GX28_TCATCCGAGTCTCGTA	Normal	+
GX28_TCATGCCGTGGACCTC	Normal	+
GX28_TCATGCCTCATGCCCT	Normal	+
GX28_TCATGGAGTGACGCCT	Normal	+
GX28_TCATTCAGTGCAACGA	Normal	+
GX28_TCATTCATCTCGGCTT	Normal	+
GX28_TCATTGTAGATTAGAC	Normal	+
GX28_TCATTTGAGTCATAGA	Normal	+
GX28_TCATTTGCAAGCACCC	Normal	+
GX28_TCCACGTAGAGTTGTA	Normal	+
GX28_TCCACGTTCACGATCA	Normal	+
GX28_TCCATCGCATGCCATA	Normal	+
GX28_TCCATGCGTGAGTGAC	Normal	+
GX28_TCCCACACAAGCAGGT	Normal	+
GX28_TCCCATGGTATCGCGC	Normal	+
GX28_TCCGAAAGTCGGTAAG	Normal	+
GX28_TCCGATCGTCGTATGT	Normal	+
GX28_TCCGGGAAGCAACTCT	Normal	+
GX28_TCCGTGTTCCACGTAA	Normal	+
GX28_TCCTAATGTCATCCGG	Normal	+
GX28_TCCTAATGTCCTGAAT	Normal	+
GX28_TCCTAATGTCGGTACC	Normal	+
GX28_TCCTAATTCCGAAGGA	Normal	+
GX28_TCCTCGAAGGTGCAGT	Normal	+
GX28_TCCTTTCTCCATAGAC	Normal	+
GX28_TCGAAGTAGCATTGAA	Normal	+
GX28_TCGACGGCATGTGGCC	Normal	+
GX28_TCGATTTAGACGAAGA	Normal	+
GX28_TCGATTTAGGCCTGAA	Normal	+
GX28_TCGCTCAAGCAGTCTT	Normal	+
GX28_TCGGATAAGTTGAAGT	Normal	+
GX28_TCGGATAGTTCAAGTC	Normal	+
GX28_TCGGGACCAACAGCTT	Normal	+
GX28_TCGGGACCATGGAATA	Normal	+
GX28_TCGGGCAGTAGCGCTC	Normal	+
GX28_TCGGGCAGTGCCCGTA	Normal	+
GX28_TCGGGCATCATTTGCT	Normal	+
GX28_TCGGGTGGTGAGTAGC	Normal	+
GX28_TCGTCCATCTGAGAGG	Normal	+
GX28_TCTACATGTGTCTTCC	Normal	+
GX28_TCTATACAGGGAGTTC	Normal	+
GX28_TCTATCAAGCCGAATG	Normal	+
GX28_TCTCTGGAGTGATCGG	Normal	+
GX28_TCTCTGGGTAGTGATA	Normal	+
GX28_TCTGCCAGTAAGTTGA	Normal	+
GX28_TCTGGCTAGAGGTTTA	Normal	+
GX28_TCTGGCTTCCCAGGAC	Normal	+
GX28_TCTGGCTTCGCTCTCA	Normal	+
GX28_TCTTCCTGTCCTATAG	Normal	+
GX28_TCTTGCGAGCCTCAAT	Normal	+
GX28_TCTTGCGAGCCTGTGC	Normal	+
GX28_TGAATGCAGCTAGCCC	Normal	+
GX28_TGACAGTGTCGGTACC	Normal	+
GX28_TGACAGTTCCTCTAGC	Normal	+
GX28_TGACAGTTCTGTCCCA	Normal	+
GX28_TGACTCCGTGGTTCTA	Normal	+
GX28_TGACTCCTCAGACCTA	Normal	+
GX28_TGAGACTGTTGTCATG	Normal	+
GX28_TGAGCATAGTTGCATC	Normal	+
GX28_TGAGCGCCAACAGAGC	Normal	+
GX28_TGAGGAGCACAAATCC	Normal	+
GX28_TGAGGGAAGTCACACT	Normal	+
GX28_TGATGGTAGCGTGCCT	Normal	+
GX28_TGCAGATAGAATTCAG	Normal	+
GX28_TGCAGATAGATTCGCT	Normal	+
GX28_TGCAGGCGTAGATCCT	Normal	+
GX28_TGCATCCCACTCAGAT	Normal	+
GX28_TGCCGAGGTTCGGACC	Normal	+
GX28_TGCGACGAGTACGTCT	Normal	+
GX28_TGCGACGAGTGATAGT	Normal	+
GX28_TGCGATAGTATCGTTG	Normal	+
GX28_TGCGGGTTCACTCTTA	Normal	+
GX28_TGCTCGTCACGAGGTA	Normal	+
GX28_TGCTCGTTCCCATTCG	Normal	+
GX28_TGCTCGTTCGCCGAAC	Normal	+
GX28_TGGAGAGAGAGCAGAA	Normal	+
GX28_TGGAGAGCACTACGGC	Normal	+
GX28_TGGATCAAGGTCCCTG	Normal	+
GX28_TGGATCAGTCTCTCTG	Normal	+
GX28_TGGATGTGTTGGGCCT	Normal	+
GX28_TGGCGTGGTTCCACGG	Normal	+
GX28_TGGGAAGCACGCACCA	Normal	+
GX28_TGGGAGACACCATAAC	Normal	+
GX28_TGGGATTAGGTTCATC	Normal	+
GX28_TGGGATTGTCATCGGC	Normal	+
GX28_TGGGATTTCGCTACAA	Normal	+
GX28_TGGGCGTCAAAGGAGA	Normal	+
GX28_TGGGCTGTCGTTCGCT	Normal	+
GX28_TGGTGATTCGCTCCTA	Normal	+
GX28_TGGTTAGAGCCACTCG	Normal	+
GX28_TGTACAGGTTGTTGCA	Normal	+
GX28_TGTACAGTCCATTCGC	Normal	+
GX28_TGTACAGTCGCAACAT	Normal	+
GX28_TGTCAGACATTGGGAG	Normal	+
GX28_TGTCCCACAGCTATAC	Normal	+
GX28_TGTCCTGCACGCGGTT	Normal	+
GX28_TGTCCTGGTATCGTTG	Normal	+
GX28_TGTCCTGTCCAAGCAT	Normal	+
GX28_TGTGAGTAGGTTGACG	Normal	+
GX28_TGTGAGTGTGTCTTGA	Normal	+
GX28_TGTGGCGCAGACCAGA	Normal	+
GX28_TGTGTGACATAGACTC	Normal	+
GX28_TGTTCATCATCATGAC	Normal	+
GX28_TGTTGAGAGCTTCGTA	Normal	+
GX28_TGTTTGTAGGAAGAAC	Normal	+
GX28_TTACAGGTCGCCTTTG	Normal	+
GX28_TTACCATAGGACATCG	Normal	+
GX28_TTACCATCAGATTCGT	Normal	+
GX28_TTACCGCAGACGTCCC	Normal	+
GX28_TTACGCCCAATTCTTC	Normal	+
GX28_TTACGCCTCTTAGGAC	Normal	+
GX28_TTACGTTTCGCAGAGA	Normal	+
GX28_TTACTGTCAGAGGAAA	Normal	+
GX28_TTAGGGTCATTGGGAG	Normal	+
GX28_TTAGGGTTCAAACTGC	Normal	+
GX28_TTAGTCTAGGTCTACT	Normal	+
GX28_TTCACCGGTGATGGCA	Normal	+
GX28_TTCACGCAGTACTGGG	Normal	+
GX28_TTCACGCAGTGCAGGT	Normal	+
GX28_TTCAGGAAGTCTAACC	Normal	+
GX28_TTCATTGTCCAATGCA	Normal	+
GX28_TTCATTGTCGCCCAGA	Normal	+
GX28_TTCCTTCAGTCGGCAA	Normal	+
GX28_TTCGATTGTTAACAGA	Normal	+
GX28_TTCGCTGGTCGCGTTG	Normal	+
GX28_TTCGGTCTCAGCTAGT	Normal	+
GX28_TTCTAACAGTTGTCGT	Normal	+
GX28_TTCTAACGTTTCGACA	Normal	+
GX28_TTCTAACTCACTACTT	Normal	+
GX28_TTCTAGTGTCACCACG	Normal	+
GX28_TTCTAGTTCAGAGCAG	Normal	+
GX28_TTCTCTCAGGGCCTCT	Normal	+
GX28_TTCTCTCTCCTCACCA	Normal	+
GX28_TTCTGTATCAGGACAG	Normal	+
GX28_TTCTTCCTCTACACAG	Normal	+
GX28_TTGACCCAGCTAAACA	Normal	+
GX28_TTGATGGAGAGAGGTA	Normal	+
GX28_TTGCATTAGCAACAAT	Normal	+
GX28_TTGCCTGCAGGCTATT	Normal	+
GX28_TTGCCTGTCTTTCTAG	Normal	+
GX28_TTGCTGCCACAAAGTA	Normal	+
GX28_TTGGATGGTGGGCTCT	Normal	+
GX28_TTGGGCGGTTAAACAG	Normal	+
GX28_TTGGGTACAGCTCTGG	Normal	+
GX28_TTGTGGATCGTTCTGC	Normal	+
GX28_TTGTTCAAGGGTACAC	Normal	+
GX28_TTGTTGTAGTAGCAAT	Normal	+
GX28_TTGTTGTCATATCTGG	Normal	+
GX28_TTGTTTGAGGTCGTCC	Normal	+
GX28_TTTACCACATGAATAG	Normal	+
GX28_TTTACTGCAAAGTATG	Normal	+
GX28_TTTAGTCCAACTGATC	Normal	+
GX28_TTTAGTCCAATTGAAG	Normal	+
GX28_TTTATGCGTGCTTCAA	Normal	+
GX28_TTTCACAGTCGAGCAA	Normal	+
GX28_TTTCCTCGTACAATAG	Normal	+
GX28_TTTCGATGTATCGTGT	Normal	+
GX28_TTTCGATTCGAACGGA	Normal	+
GX28_TTTGATCCATGACTGT	Normal	+
GX28_TTTGGTTCATGGCACC	Normal	+
GX28_TTTGTTGGTTTGTTGG	Normal	+
GX29_AAACGAAGTCGCCTAG	Tumour	+
GX29_AAACGAATCCCTTCCC	Tumour	+
GX29_AAAGAACAGAGAACCC	Tumour	+
GX29_AAAGAACTCACCTGGG	Tumour	+
GX29_AAAGTCCGTAAGTCAA	Tumour	+
GX29_AACAAGAGTAGGCTGA	Tumour	+
GX29_AACACACTCTATCGGA	Tumour	+
GX29_AACCCAAAGTTTCGGT	Tumour	+
GX29_AACCTGAAGCCATTGT	Tumour	+
GX29_AACGGGATCGTCCTTG	Tumour	+
GX29_AACGTCAAGTTAGAAC	Tumour	+
GX29_AACGTCATCTTCGTAT	Tumour	+
GX29_AACTTCTCAGCGTAGA	Tumour	+
GX29_AAGCATCGTTCTCTCG	Tumour	+
GX29_AAGCGAGTCGCATAGT	Tumour	+
GX29_AAGGAATAGCACTCAT	Tumour	+
GX29_AAGGTAAAGATCGCTT	Tumour	+
GX29_AAGTACCAGGACTGGT	Tumour	+
GX29_AAGTCGTAGACTACGG	Tumour	+
GX29_AAGTTCGAGCGACTTT	Tumour	+
GX29_AATAGAGCAGCCGTTG	Tumour	+
GX29_AATGCCATCTTTCTAG	Tumour	+
GX29_ACAAGCTCAAACAGGC	Tumour	+
GX29_ACAAGCTTCTTACGTT	Tumour	+
GX29_ACACTGAGTATACCCA	Tumour	+
GX29_ACAGCCGGTTACTCAG	Tumour	+
GX29_ACAGGGAAGAAGTCAT	Tumour	+
GX29_ACAGGGAAGCTAAATG	Tumour	+
GX29_ACATCCCAGTATGACA	Tumour	+
GX29_ACCATTTGTATGAAGT	Tumour	+
GX29_ACCATTTTCCACTGGG	Tumour	+
GX29_ACCTACCAGGCCATAG	Tumour	+
GX29_ACCTGTCGTCGCACGT	Tumour	+
GX29_ACCTGTCGTCTTGTCC	Tumour	+
GX29_ACGATCACAGGTGTTT	Tumour	+
GX29_ACGATGTTCCGTGCGA	Tumour	+
GX29_ACGCACGCAAGAATGT	Tumour	+
GX29_ACGGAAGCACACGGAA	Tumour	+
GX29_ACGGTCGTCCAACACA	Tumour	+
GX29_ACGGTTATCCCGAGTG	Tumour	+
GX29_ACGTAGTAGGGAGGTG	Tumour	+
GX29_ACGTTCCGTGCCTGCA	Tumour	+
GX29_ACTATGGCAAACTCGT	Tumour	+
GX29_ACTCCCAGTGTGAGCA	Tumour	+
GX29_ACTGCAAAGGCCTGAA	Tumour	+
GX29_ACTGCAATCAAGTGGG	Tumour	+
GX29_ACTGTGAAGGCGCTCT	Tumour	+
GX29_ACTGTGATCGCGCTGA	Tumour	+
GX29_ACTTAGGTCCGCAAAT	Tumour	+
GX29_ACTTATCCACACGTGC	Tumour	+
GX29_AGAAGTAAGAGTACCG	Tumour	+
GX29_AGACCCGTCAAGAAAC	Tumour	+
GX29_AGACCCGTCAGCATTG	Tumour	+
GX29_AGAGCAGCAACTGTGT	Tumour	+
GX29_AGATCCACACCATATG	Tumour	+
GX29_AGATGCTTCTCGCAGG	Tumour	+
GX29_AGCCAATGTTGCAAGG	Tumour	+
GX29_AGCGATTTCGTAGCCG	Tumour	+
GX29_AGCGCCAGTCCCTCAT	Tumour	+
GX29_AGCTCAAGTTCGTACA	Tumour	+
GX29_AGCTTCCGTCCTCCTA	Tumour	+
GX29_AGGAATAGTACATACC	Tumour	+
GX29_AGGAATAGTGAGATCG	Tumour	+
GX29_AGGACGATCTCCGATC	Tumour	+
GX29_AGGACTTCAGCTGTGC	Tumour	+
GX29_AGGAGGTCACGAGGTA	Tumour	+
GX29_AGGCTGCTCCTGTACC	Tumour	+
GX29_AGGGAGTAGTGATGGC	Tumour	+
GX29_AGGGCCTTCTCAGTCC	Tumour	+
GX29_AGGGCTCGTGGTACAG	Tumour	+
GX29_AGGGTTTCAGTGCCTG	Tumour	+
GX29_AGGTTACAGTTTCGAC	Tumour	+
GX29_AGGTTACTCATGCATG	Tumour	+
GX29_AGGTTGTAGGTAAAGG	Tumour	+
GX29_AGTAACCAGGAGTATT	Tumour	+
GX29_AGTAACCTCAGCGCGT	Tumour	+
GX29_AGTAACCTCCCTCTTT	Tumour	+
GX29_AGTACCACAAAGGTTA	Tumour	+
GX29_AGTACCACAGCCTTCT	Tumour	+
GX29_AGTAGCTAGTTACTCG	Tumour	+
GX29_AGTAGCTTCCCTCAAC	Tumour	+
GX29_AGTCATGCAACTCATG	Tumour	+
GX29_AGTCATGGTTTCCAAG	Tumour	+
GX29_AGTTAGCCACTGGATT	Tumour	+
GX29_ATACCTTCAATTGCAC	Tumour	+
GX29_ATACTTCCACGTTGGC	Tumour	+
GX29_ATAGGCTAGGGCTAAC	Tumour	+
GX29_ATAGGCTTCCATTGTT	Tumour	+
GX29_ATCACAGGTGGGCTTC	Tumour	+
GX29_ATCAGGTAGGGTGAAA	Tumour	+
GX29_ATCCACCTCCGACATA	Tumour	+
GX29_ATCCGTCGTCACAATC	Tumour	+
GX29_ATCGCCTTCCACCTGT	Tumour	+
GX29_ATCGGATCACACTGGC	Tumour	+
GX29_ATCGGATCATCGTGCG	Tumour	+
GX29_ATCTTCAGTTGGAGAC	Tumour	+
GX29_ATGACCACACAGACGA	Tumour	+
GX29_ATGATCGCACCATAAC	Tumour	+
GX29_ATGCATGCAAACTGCT	Tumour	+
GX29_ATGGAGGGTTGACTGT	Tumour	+
GX29_ATGGATCTCCTACGAA	Tumour	+
GX29_ATGGGTTGTGTGGACA	Tumour	+
GX29_ATGGTTGGTATACCCA	Tumour	+
GX29_ATTATCCCACGACCTG	Tumour	+
GX29_ATTCACTGTCTTACTT	Tumour	+
GX29_ATTCATCTCTCCACTG	Tumour	+
GX29_ATTCGTTAGGGCTTCC	Tumour	+
GX29_ATTCTTGGTACCTAAC	Tumour	+
GX29_ATTGTTCCACTTACAG	Tumour	+
GX29_ATTTACCCAGAGACTG	Tumour	+
GX29_ATTTCACTCCGGACGT	Tumour	+
GX29_ATTTCTGCAGATTAAG	Tumour	+
GX29_CAAAGAATCTTAGCTT	Tumour	+
GX29_CAACCAAGTGGATCGA	Tumour	+
GX29_CAACGATTCGAACGGA	Tumour	+
GX29_CAAGAGGCACACAGAG	Tumour	+
GX29_CAAGGGACAACAGCTT	Tumour	+
GX29_CAAGGGATCTACGCAA	Tumour	+
GX29_CAATACGCAGTTCTAG	Tumour	+
GX29_CAATCGAAGCCGAATG	Tumour	+
GX29_CACAGGCCATTGAAAG	Tumour	+
GX29_CACCGTTTCAAACGAA	Tumour	+
GX29_CACGGGTCAAGAGTAT	Tumour	+
GX29_CAGATACGTCACTCAA	Tumour	+
GX29_CAGATACGTCCTGTCT	Tumour	+
GX29_CAGATCAGTATGCGTT	Tumour	+
GX29_CAGCAATTCCAATCTT	Tumour	+
GX29_CAGCACGGTTCCTAGA	Tumour	+
GX29_CAGCCAGCATGGGAAC	Tumour	+
GX29_CAGCGTGGTGCCCAGT	Tumour	+
GX29_CAGCGTGTCATTCCTA	Tumour	+
GX29_CAGGCCAGTCTAGATC	Tumour	+
GX29_CAGGTATAGATAACAC	Tumour	+
GX29_CATACCCGTGGTAATA	Tumour	+
GX29_CATCCACAGGCAGTCA	Tumour	+
GX29_CATCCGTTCACGGAGA	Tumour	+
GX29_CATCGGGAGCACACCC	Tumour	+
GX29_CATCGGGCAGTCAGCC	Tumour	+
GX29_CATCGTCCAACGGCCT	Tumour	+
GX29_CATGCGGTCAGTGTCA	Tumour	+
GX29_CATGGTACAAGGGCAT	Tumour	+
GX29_CATGGTATCCAGCCTT	Tumour	+
GX29_CATTGAGTCCTGGGAC	Tumour	+
GX29_CATTGCCGTGCTTCAA	Tumour	+
GX29_CATTTCAAGTTCCGGC	Tumour	+
GX29_CATTTCACACAGTCAT	Tumour	+
GX29_CATTTCATCATCCTAT	Tumour	+
GX29_CCAATGACAAGAGATT	Tumour	+
GX29_CCACAAAGTCATTCCC	Tumour	+
GX29_CCACCATCAAGCCATT	Tumour	+
GX29_CCATCACTCGACCCAG	Tumour	+
GX29_CCCAACTGTTGCGGCT	Tumour	+
GX29_CCGATCTCACGTAGTT	Tumour	+
GX29_CCGGACAGTACTCAAC	Tumour	+
GX29_CCGTAGGGTAGGACCA	Tumour	+
GX29_CCGTAGGGTGGCTCTG	Tumour	+
GX29_CCGTAGGTCTAGACCA	Tumour	+
GX29_CCGTGAGCAATGTCAC	Tumour	+
GX29_CCTACGTAGACCACGA	Tumour	+
GX29_CCTACGTTCATTTGTC	Tumour	+
GX29_CCTCAACCAGTTTCGA	Tumour	+
GX29_CCTCACACAGCTAACT	Tumour	+
GX29_CCTCACATCAACTACG	Tumour	+
GX29_CCTCAGTAGTCTGCAT	Tumour	+
GX29_CCTCATGAGTACAGAT	Tumour	+
GX29_CCTCATGTCGAAGGAC	Tumour	+
GX29_CCTCCTCGTCTCTCTG	Tumour	+
GX29_CCTCCTCGTGACTGTT	Tumour	+
GX29_CCTCCTCTCACTGCTC	Tumour	+
GX29_CCTCTAGGTTGGATCT	Tumour	+
GX29_CCTCTCCAGCAAACAT	Tumour	+
GX29_CCTCTCCAGGCCTGCT	Tumour	+
GX29_CCTTGTGTCCCGGTAG	Tumour	+
GX29_CGAAGTTAGATCCTAC	Tumour	+
GX29_CGAAGTTGTCAGTTTG	Tumour	+
GX29_CGAGAAGAGGTGAGAA	Tumour	+
GX29_CGAGGAATCCACACCT	Tumour	+
GX29_CGAGGAATCGAACTCA	Tumour	+
GX29_CGAGTGCAGTAGTCAA	Tumour	+
GX29_CGAGTTACACACCTGG	Tumour	+
GX29_CGATCGGTCCCGTTCA	Tumour	+
GX29_CGATGCGAGACGATAT	Tumour	+
GX29_CGCAGGTAGGTAAACT	Tumour	+
GX29_CGCAGGTGTTGGAGAC	Tumour	+
GX29_CGCAGGTTCTCGTGGG	Tumour	+
GX29_CGCATAAGTCCATAGT	Tumour	+
GX29_CGGAACCCAAATCCCA	Tumour	+
GX29_CGGACACTCGCTGCGA	Tumour	+
GX29_CGGAGAAAGAGTGACC	Tumour	+
GX29_CGGGACTGTGTCATTG	Tumour	+
GX29_CGGGCATAGCGGGTAT	Tumour	+
GX29_CGTAATGAGCGACAGT	Tumour	+
GX29_CGTCCATAGTTACGGG	Tumour	+
GX29_CGTCCATGTCAGACTT	Tumour	+
GX29_CGTGAATCATCGAGCC	Tumour	+
GX29_CGTGCTTCATTCACCC	Tumour	+
GX29_CGTTGGGAGAAGCCTG	Tumour	+
GX29_CGTTGGGGTATGCTAC	Tumour	+
GX29_CTAACCCTCCCGTTCA	Tumour	+
GX29_CTAACTTTCTCGACCT	Tumour	+
GX29_CTAAGTGGTCAGGAGT	Tumour	+
GX29_CTACATTGTTACCCTC	Tumour	+
GX29_CTAGACACATAACTCG	Tumour	+
GX29_CTATCTAGTAAGTTAG	Tumour	+
GX29_CTCAATTTCCCAAGCG	Tumour	+
GX29_CTCACTGAGATACATG	Tumour	+
GX29_CTCAGGGCAATCAAGA	Tumour	+
GX29_CTCAGGGTCGCCTAGG	Tumour	+
GX29_CTCATGCCAGACGATG	Tumour	+
GX29_CTCATTAAGATTCGAA	Tumour	+
GX29_CTCCATGTCCCATAGA	Tumour	+
GX29_CTCCGATTCAAGAATG	Tumour	+
GX29_CTCCGATTCGTAACAC	Tumour	+
GX29_CTCCTCCAGGTCGTCC	Tumour	+
GX29_CTCCTCCTCAAGTGTC	Tumour	+
GX29_CTCCTTTAGTAATACG	Tumour	+
GX29_CTGAATGTCACACGAT	Tumour	+
GX29_CTGAGGCTCTGGAGAG	Tumour	+
GX29_CTGCATCGTCATCTAG	Tumour	+
GX29_CTGCCATAGGTTTACC	Tumour	+
GX29_CTGGACGGTATTCCTT	Tumour	+
GX29_CTGTGAAAGTCGCTAT	Tumour	+
GX29_CTTCCGAGTAGTTCCA	Tumour	+
GX29_CTTCGGTTCTATGTGG	Tumour	+
GX29_CTTCTAAGTACCAGAG	Tumour	+
GX29_CTTTCGGAGATACATG	Tumour	+
GX29_GAAACCTAGGTCATTC	Tumour	+
GX29_GAAATGAAGCTCGCAC	Tumour	+
GX29_GAAATGACAGCATCTA	Tumour	+
GX29_GAAGAATGTGACAGGT	Tumour	+
GX29_GACACGCTCGGCATTA	Tumour	+
GX29_GACAGCCTCCTATTTG	Tumour	+
GX29_GACATCACACGGCCAT	Tumour	+
GX29_GACCCTTCAGTTGAAA	Tumour	+
GX29_GACCGTGGTCATGCAT	Tumour	+
GX29_GACCGTGTCTTGGATG	Tumour	+
GX29_GACTCAACACGACGAA	Tumour	+
GX29_GACTCAATCGAAGAAT	Tumour	+
GX29_GACTTCCCAACGATCT	Tumour	+
GX29_GACTTCCTCAGCAATC	Tumour	+
GX29_GAGACTTGTCTAACTG	Tumour	+
GX29_GAGAGGTGTCCATACA	Tumour	+
GX29_GAGCCTGTCAGACCGC	Tumour	+
GX29_GAGCTGCCACGTTCGG	Tumour	+
GX29_GAGGCAACAACCTATG	Tumour	+
GX29_GAGGCCTCACGGCACT	Tumour	+
GX29_GAGGGATAGTCGGCCT	Tumour	+
GX29_GAGGGATGTATCAGCT	Tumour	+
GX29_GAGTCATTCCACCTGT	Tumour	+
GX29_GAGTTGTCAGTTGAAA	Tumour	+
GX29_GAGTTGTTCGTCACCT	Tumour	+
GX29_GAGTTTGGTAGGTCAG	Tumour	+
GX29_GATAGAATCATGAGTC	Tumour	+
GX29_GATCACAAGGCGTTGA	Tumour	+
GX29_GATCACATCATGAGAA	Tumour	+
GX29_GATCATGCACTCCGAG	Tumour	+
GX29_GATCGTAGTAAGCAAT	Tumour	+
GX29_GATCGTAGTTGAGGAC	Tumour	+
GX29_GATGATCTCAAACTGC	Tumour	+
GX29_GATGGAGCATCACGGC	Tumour	+
GX29_GATTCGACACCTGCAG	Tumour	+
GX29_GATTCGAGTAAGATTG	Tumour	+
GX29_GCAACCGTCCAGGACC	Tumour	+
GX29_GCACGTGCACTGCTTC	Tumour	+
GX29_GCACGTGCACTGTGTA	Tumour	+
GX29_GCACTAAGTTAAGGAT	Tumour	+
GX29_GCACTAATCGCGCTGA	Tumour	+
GX29_GCAGCTGTCCTTGAAG	Tumour	+
GX29_GCAGTTACAGCGTGAA	Tumour	+
GX29_GCATCGGAGACATAAC	Tumour	+
GX29_GCATCTCCAGCGACCT	Tumour	+
GX29_GCATCTCGTACCCGCA	Tumour	+
GX29_GCATTAGTCACGGGAA	Tumour	+
GX29_GCCAACGGTGTTGATC	Tumour	+
GX29_GCCATGGCAGAGGTTG	Tumour	+
GX29_GCCGATGGTATCGGTT	Tumour	+
GX29_GCGTGCACAAGTAGTA	Tumour	+
GX29_GCTACAACAGACCTGC	Tumour	+
GX29_GCTCAAATCGTTCTAT	Tumour	+
GX29_GCTTGGGAGTCATACC	Tumour	+
GX29_GCTTTCGCAACTCCCT	Tumour	+
GX29_GGAAGTGTCCGCATAA	Tumour	+
GX29_GGACGTCTCACCTCGT	Tumour	+
GX29_GGAGGTAGTACAGTCT	Tumour	+
GX29_GGATCTACACCTGCAG	Tumour	+
GX29_GGCTGTGTCAACCTCC	Tumour	+
GX29_GGCTTGGTCGGAATTC	Tumour	+
GX29_GGGAAGTTCTGCATAG	Tumour	+
GX29_GGGACCTAGGTGATAT	Tumour	+
GX29_GGGAGATCACGAAGAC	Tumour	+
GX29_GGGAGTAAGCTGGAGT	Tumour	+
GX29_GGGCCATCAATCGCCG	Tumour	+
GX29_GGGCTACTCGTTAGAC	Tumour	+
GX29_GGGTATTAGTACTGTC	Tumour	+
GX29_GGGTATTCAGTCAGCC	Tumour	+
GX29_GGGTCTGAGCTAGCCC	Tumour	+
GX29_GGGTCTGGTGTAACGG	Tumour	+
GX29_GGGTCTGTCACCATCC	Tumour	+
GX29_GGGTTATTCAGCGTCG	Tumour	+
GX29_GGGTTTAAGATGGTAT	Tumour	+
GX29_GGTAACTCAGGACTTT	Tumour	+
GX29_GGTAACTGTACCGCGT	Tumour	+
GX29_GGTCTGGCAAAGCAAT	Tumour	+
GX29_GGTGTCGTCGAGTGAG	Tumour	+
GX29_GGTGTTAAGTCTCGTA	Tumour	+
GX29_GGTGTTATCTATCACT	Tumour	+
GX29_GTAAGTCTCAGCGCAC	Tumour	+
GX29_GTAATCGGTAGCCAGA	Tumour	+
GX29_GTACAACTCCATAGAC	Tumour	+
GX29_GTAGAAATCAAAGACA	Tumour	+
GX29_GTAGGAGTCTTTGCGC	Tumour	+
GX29_GTCACTCCATAGAGGC	Tumour	+
GX29_GTCACTCGTCCCGCAA	Tumour	+
GX29_GTCATTTGTACGAGCA	Tumour	+
GX29_GTCGTAAAGAATTCAG	Tumour	+
GX29_GTCTACCAGAAAGTCT	Tumour	+
GX29_GTCTGTCGTGCAACGA	Tumour	+
GX29_GTGACGCAGCCTCAAT	Tumour	+
GX29_GTGAGGAAGCCTATTG	Tumour	+
GX29_GTGGAGAGTATCTCTT	Tumour	+
GX29_GTGGCGTAGCACCCAC	Tumour	+
GX29_GTGTGGCAGAGCAGTC	Tumour	+
GX29_GTTAGTGCAGTAGAAT	Tumour	+
GX29_GTTAGTGTCATGAGTC	Tumour	+
GX29_GTTCCGTTCCTCGCAT	Tumour	+
GX29_GTTCTATTCAGAGTGG	Tumour	+
GX29_GTTGAACTCTGAATGC	Tumour	+
GX29_GTTGCGGTCTTACACT	Tumour	+
GX29_GTTGCTCCACCCTCTA	Tumour	+
GX29_GTTTACTGTGTAGGAC	Tumour	+
GX29_TAACACGAGGGATCAC	Tumour	+
GX29_TAACCAGAGAGCATAT	Tumour	+
GX29_TAAGCACAGTTGCCCG	Tumour	+
GX29_TAAGCCATCCTCTCGA	Tumour	+
GX29_TAATTCCCACCGGTCA	Tumour	+
GX29_TACCCACCACTGGAAG	Tumour	+
GX29_TACCCACGTTCATCTT	Tumour	+
GX29_TACCCGTGTCCTATAG	Tumour	+
GX29_TACCGAATCGGTGCAC	Tumour	+
GX29_TACGGGCAGCAACAAT	Tumour	+
GX29_TACGGTAGTCTTCATT	Tumour	+
GX29_TACGTCCAGAGGGTGG	Tumour	+
GX29_TACTTCATCGAGTGGA	Tumour	+
GX29_TAGACTGGTCTGTGAT	Tumour	+
GX29_TAGGGTTCACTGGACC	Tumour	+
GX29_TAGGTACCACCTCTAC	Tumour	+
GX29_TAGTGCATCACCATCC	Tumour	+
GX29_TATCCTACAGACGCTC	Tumour	+
GX29_TATCTTGAGGACGCAT	Tumour	+
GX29_TATTGCTAGCCTCACG	Tumour	+
GX29_TATTGCTCAGGACTTT	Tumour	+
GX29_TATTTCGGTATGTCTG	Tumour	+
GX29_TCAATCTGTAAGCGGT	Tumour	+
GX29_TCAATCTGTTCATCTT	Tumour	+
GX29_TCAATTCGTCGTTGGC	Tumour	+
GX29_TCACTATGTGATAGTA	Tumour	+
GX29_TCACTATGTGCAGTGA	Tumour	+
GX29_TCAGTCCAGCTTTCTT	Tumour	+
GX29_TCAGTCCGTTTCGCTC	Tumour	+
GX29_TCAGTGACACATACGT	Tumour	+
GX29_TCAGTGATCCGTTGAA	Tumour	+
GX29_TCATGCCCAACCGTAT	Tumour	+
GX29_TCATGCCCAAGCACAG	Tumour	+
GX29_TCATGGACATGCACTA	Tumour	+
GX29_TCATTCATCGACGTCG	Tumour	+
GX29_TCATTGTTCTTACCGC	Tumour	+
GX29_TCCATCGGTTATTCTC	Tumour	+
GX29_TCCCACACAAATCCCA	Tumour	+
GX29_TCCCAGTGTCCCTGAG	Tumour	+
GX29_TCCCAGTTCAGCAATC	Tumour	+
GX29_TCCGAAATCGTTGTAG	Tumour	+
GX29_TCCGATCCAACTTGGT	Tumour	+
GX29_TCCTCGACAGCGACCT	Tumour	+
GX29_TCCTGCACAGACTGCC	Tumour	+
GX29_TCGCTTGAGCGACTAG	Tumour	+
GX29_TCGGGCAGTTTCACTT	Tumour	+
GX29_TCGTCCACAGGTTCCG	Tumour	+
GX29_TCTACATAGGAAGAAC	Tumour	+
GX29_TCTCCGAGTCAGGAGT	Tumour	+
GX29_TCTGGCTTCGTGCTCT	Tumour	+
GX29_TCTGTCGTCTCTCCGA	Tumour	+
GX29_TCTTAGTTCAAGCCTA	Tumour	+
GX29_TGACGCGTCTTTGCAT	Tumour	+
GX29_TGAGCATGTTGTCATG	Tumour	+
GX29_TGAGGGATCGTAGAGG	Tumour	+
GX29_TGAGGTTGTAATGATG	Tumour	+
GX29_TGAGTCACAAGACTGG	Tumour	+
GX29_TGATCTTTCCCACAGG	Tumour	+
GX29_TGATCTTTCGGTCAGC	Tumour	+
GX29_TGATGCATCCGATCGG	Tumour	+
GX29_TGATGGTTCTCCTGCA	Tumour	+
GX29_TGCACGGTCTGCGTCT	Tumour	+
GX29_TGCAGGCCAGCACGAA	Tumour	+
GX29_TGCATCCAGTCTAGCT	Tumour	+
GX29_TGCCGAGGTGCGACAA	Tumour	+
GX29_TGCGACGGTGCAAGAC	Tumour	+
GX29_TGCTCGTAGAGTCTGG	Tumour	+
GX29_TGCTCGTTCCGGCTTT	Tumour	+
GX29_TGCTTGCCACACGTGC	Tumour	+
GX29_TGCTTGCTCTACTGAG	Tumour	+
GX29_TGGAGGAAGTTCATGC	Tumour	+
GX29_TGGCGTGTCCTTATGT	Tumour	+
GX29_TGGGATTCAAAGTATG	Tumour	+
GX29_TGGGATTTCGTGACTA	Tumour	+
GX29_TGGTTAGGTATCAGCT	Tumour	+
GX29_TGTAACGAGAGAGTTT	Tumour	+
GX29_TGTAACGAGCAATTAG	Tumour	+
GX29_TGTCCACCACGGCCAT	Tumour	+
GX29_TGTCCCACAGATTTCG	Tumour	+
GX29_TGTGATGTCCTACAAG	Tumour	+
GX29_TGTGGCGCATCAGCGC	Tumour	+
GX29_TGTGTGAAGGGACACT	Tumour	+
GX29_TGTTCCGTCCCGAACG	Tumour	+
GX29_TTAATCCCAGGTTCCG	Tumour	+
GX29_TTACCATGTACAACGG	Tumour	+
GX29_TTACGCCGTAGAGGAA	Tumour	+
GX29_TTACGTTAGCGACTTT	Tumour	+
GX29_TTAGGCATCCGGACGT	Tumour	+
GX29_TTAGGGTTCTAAGCGT	Tumour	+
GX29_TTCACCGTCAGACCGC	Tumour	+
GX29_TTCATGTTCACTGTCC	Tumour	+
GX29_TTCATTGTCCCTTTGG	Tumour	+
GX29_TTCCTAACAGTTTCAG	Tumour	+
GX29_TTCCTCTTCGAACACT	Tumour	+
GX29_TTCGATTGTGAGGATC	Tumour	+
GX29_TTCTAACGTAGGTGCA	Tumour	+
GX29_TTCTAGTAGCGTTACT	Tumour	+
GX29_TTCTGTACAGGATGAC	Tumour	+
GX29_TTCTTCCCAGAACATA	Tumour	+
GX29_TTCTTGAAGTAGGCCA	Tumour	+
GX29_TTGAGTGGTCGTACAT	Tumour	+
GX29_TTGCGTCGTACGAGTG	Tumour	+
GX29_TTGGATGAGACTCAAA	Tumour	+
GX29_TTGGGTACAGTCTTCC	Tumour	+
GX29_TTGGGTATCGACATAC	Tumour	+
GX29_TTGTGTTTCCCTGGTT	Tumour	+
GX29_TTGTTTGTCACTCGAA	Tumour	+
GX29_TTTACCACACTAGTAC	Tumour	+
GX29_TTTACTGTCGAGTCCG	Tumour	+
GX29_TTTATGCTCCTCTTTC	Tumour	+
GX29_TTTATGCTCTTTACAC	Tumour	+
GX29_TTTCACAAGATAGCAT	Tumour	+
GX29_TTTGTTGCACCTTCGT	Tumour	+
GX30_AAACCCAGTAGGATAT	Normal	+
GX30_AAAGGTAGTGGCACTC	Normal	+
GX30_AACAACCTCAAGTGGG	Normal	+
GX30_AACCACAGTATTTCCT	Normal	+
GX30_AACGAAAGTGCTCTCT	Normal	+
GX30_AACGGGATCGCAGATT	Normal	+
GX30_AATGCCATCATAAGGA	Normal	+
GX30_AATTCCTAGAATCGTA	Normal	+
GX30_ACAAGCTGTAGACGTG	Normal	+
GX30_ACACGCGCACCCTGAG	Normal	+
GX30_ACCAAACTCTTCACGC	Normal	+
GX30_ACCCTCAGTCCTCCAT	Normal	+
GX30_ACGCACGCAACCACGC	Normal	+
GX30_ACGTCCTAGTGTACCT	Normal	+
GX30_ACTATCTGTCTGCCTT	Normal	+
GX30_ACTATTCCAAATGCTC	Normal	+
GX30_ACTGTGACACCTAAAC	Normal	+
GX30_AGACAGGAGAGAGCAA	Normal	+
GX30_AGACCCGCACCAGTTA	Normal	+
GX30_AGATGCTAGCATCAGG	Normal	+
GX30_AGCCAGCCACGTACAT	Normal	+
GX30_AGCGATTCACATATGC	Normal	+
GX30_AGCGATTTCATTGTTC	Normal	+
GX30_AGCGATTTCGACTCCT	Normal	+
GX30_AGCGCCAAGCCAAGGT	Normal	+
GX30_AGGAGGTAGTACAACA	Normal	+
GX30_AGGATAAGTGAGTAGC	Normal	+
GX30_AGTCACACATGGAAGC	Normal	+
GX30_AGTTCCCAGCCTCACG	Normal	+
GX30_ATCACAGAGATAACGT	Normal	+
GX30_ATGATCGCACAGACGA	Normal	+
GX30_ATTATCCCACCCTGAG	Normal	+
GX30_ATTATCCGTACGAGCA	Normal	+
GX30_ATTATCCGTTGTCTAG	Normal	+
GX30_ATTCCTACAACGCCCA	Normal	+
GX30_ATTTCACCATCTATCT	Normal	+
GX30_ATTTCACGTTGAGGAC	Normal	+
GX30_CAACCTCTCCCTAGGG	Normal	+
GX30_CAAGGGATCATTTACC	Normal	+
GX30_CAATCGAGTGTGACCC	Normal	+
GX30_CACAACATCATGACAC	Normal	+
GX30_CACATGAGTTTCACAG	Normal	+
GX30_CACGTGGTCGTCAAAC	Normal	+
GX30_CAGAGCCTCCGGTTCT	Normal	+
GX30_CATACTTCACATCCCT	Normal	+
GX30_CATCGCTAGAGGACTC	Normal	+
GX30_CCAATGAAGGAGGCAG	Normal	+
GX30_CCAATTTCATCAGCTA	Normal	+
GX30_CCACACTCATGGTACT	Normal	+
GX30_CCATCACTCATCTACT	Normal	+
GX30_CCCTCTCTCCTAGCGG	Normal	+
GX30_CCGTTCAAGGAACGAA	Normal	+
GX30_CCTTCAGGTTCGTTCC	Normal	+
GX30_CCTTCAGTCTCGTGGG	Normal	+
GX30_CGATGCGCACTTCATT	Normal	+
GX30_CGGGTCATCCTAGCCT	Normal	+
GX30_CTACATTTCGCTGTCT	Normal	+
GX30_CTACCCAGTCAAACGG	Normal	+
GX30_CTCAAGAAGAGTTGTA	Normal	+
GX30_CTCAAGATCTCATGCC	Normal	+
GX30_CTCAATTCATTGCAAC	Normal	+
GX30_CTCAGAAGTAGGAAAG	Normal	+
GX30_CTCTCAGGTGATACCT	Normal	+
GX30_CTGGACGCACGCTGCA	Normal	+
GX30_CTGTAGACACATGAAA	Normal	+
GX30_CTGTATTCAAACCATC	Normal	+
GX30_CTGTGAACAAATGGAT	Normal	+
GX30_CTTTCGGGTCGTAATC	Normal	+
GX30_GAACTGTCACGCTGAC	Normal	+
GX30_GACACGCAGGAATGTT	Normal	+
GX30_GACATCAGTGTGCCTG	Normal	+
GX30_GACTATGCACTCTAGA	Normal	+
GX30_GAGTCATTCGTACACA	Normal	+
GX30_GATGGAGCACCAGCCA	Normal	+
GX30_GATTCTTAGTGCTAGG	Normal	+
GX30_GCAGTTACATGGTGGA	Normal	+
GX30_GCCAACGAGAAACCCG	Normal	+
GX30_GCGATCGCAGAGAAAG	Normal	+
GX30_GCTGCAGCAGTCACGC	Normal	+
GX30_GGTAACTGTACAGAGC	Normal	+
GX30_GGTGGCTAGTTAACAG	Normal	+
GX30_GGTTAACTCACGGACC	Normal	+
GX30_GTACAACCAGGTCCCA	Normal	+
GX30_GTAGGTTTCAGCTTGA	Normal	+
GX30_GTATTTCTCGAATCCA	Normal	+
GX30_GTCAAGTTCAATCCAG	Normal	+
GX30_GTCATCCTCACCTGTC	Normal	+
GX30_GTGGTTATCAATCTCT	Normal	+
GX30_GTGTGGCTCGTAATGC	Normal	+
GX30_GTTCATTAGGTAATCA	Normal	+
GX30_TAAGCACGTAACCCGC	Normal	+
GX30_TAAGCCATCACCTGGG	Normal	+
GX30_TACAACGAGTCTTGGT	Normal	+
GX30_TACACCCTCCGAAATC	Normal	+
GX30_TACCGAAAGTGACACG	Normal	+
GX30_TACGCTCGTGTTATCG	Normal	+
GX30_TAGCACAGTGGATGAC	Normal	+
GX30_TATCAGGCAACTTGCA	Normal	+
GX30_TATTCCAGTGTCTTCC	Normal	+
GX30_TATTTCGGTTGTCAGT	Normal	+
GX30_TCACACCGTAGCTTAC	Normal	+
GX30_TCACGCTAGTAAAGCT	Normal	+
GX30_TCAGCAATCCATACTT	Normal	+
GX30_TCAGGGCGTGTTGACT	Normal	+
GX30_TCAGGTATCTACACTT	Normal	+
GX30_TCATATCGTCACTGAT	Normal	+
GX30_TCATCCGCAGCAAGAC	Normal	+
GX30_TCATGCCTCAAATGCC	Normal	+
GX30_TCATTGTCAAATAGCA	Normal	+
GX30_TCATTTGCAATAGTAG	Normal	+
GX30_TCCGGGACATAGACTC	Normal	+
GX30_TCGAAGTAGACATAGT	Normal	+
GX30_TCGCAGGTCTTCTCAA	Normal	+
GX30_TCGCTTGCAGGACGAT	Normal	+
GX30_TCTACATTCGAGTTGT	Normal	+
GX30_TCTCACGCAGAGGAAA	Normal	+
GX30_TGACTCCCAACTGATC	Normal	+
GX30_TGATGCACATCACAGT	Normal	+
GX30_TGATGCACATTCGATG	Normal	+
GX30_TGCACGGAGTTCCGGC	Normal	+
GX30_TGCACGGGTTTGGCTA	Normal	+
GX30_TGCTCGTAGACAAGCC	Normal	+
GX30_TGGAGAGGTCAGGCAA	Normal	+
GX30_TGGTAGTAGACCCTTA	Normal	+
GX30_TGTAAGCAGAGTCAGC	Normal	+
GX30_TGTACAGGTTGATGTC	Normal	+
GX30_TTAGGGTCAAGGAGTC	Normal	+
GX30_TTCACCGCATGTGGTT	Normal	+
GX30_TTCACGCTCACCCATC	Normal	+
GX30_TTCACGCTCCTGTACC	Normal	+
GX30_TTCTCTCCAGTTTGGT	Normal	+
GX30_TTGGGATGTGGCTTAT	Normal	+
GX30_TTTACGTTCGCTGCGA	Normal	+
GX30_TTTCACAGTGGAATGC	Normal	+
GX30_TTTCGATGTTAGAAGT	Normal	+
GX31_AAACCCACACGAAGAC	Tumour	+
GX31_AAACCCACATCTCGTC	Tumour	+
GX31_AAACCCATCACGTCCT	Tumour	+
GX31_AAACGAAAGTCGCCCA	Tumour	+
GX31_AAACGAACATCTAACG	Tumour	+
GX31_AAACGAAGTTGTACGT	Tumour	+
GX31_AAACGCTCATCTGCGG	Tumour	+
GX31_AAACGCTGTCCTCCTA	Tumour	+
GX31_AAAGAACAGGCAGTCA	Tumour	+
GX31_AAAGAACCAACCACGC	Tumour	+
GX31_AAAGAACCATCGTGCG	Tumour	+
GX31_AAAGAACTCCGTCAAA	Tumour	+
GX31_AAAGGATAGATCGGTG	Tumour	+
GX31_AAAGGATAGCCGGAAT	Tumour	+
GX31_AAAGGATGTTAGGGAC	Tumour	+
GX31_AAAGGGCCAGGACTTT	Tumour	+
GX31_AAAGGGCTCCGTATAG	Tumour	+
GX31_AAAGGTAAGAGCCATG	Tumour	+
GX31_AAAGGTAGTCCATAGT	Tumour	+
GX31_AAAGTCCAGCAGCCCT	Tumour	+
GX31_AAAGTGACAAATCGTC	Tumour	+
GX31_AAATGGAAGGCCCAAA	Tumour	+
GX31_AAATGGACAGATCATC	Tumour	+
GX31_AAATGGAGTCAAGTTC	Tumour	+
GX31_AACAAAGAGCTCTTCC	Tumour	+
GX31_AACAAAGTCGTGCGAC	Tumour	+
GX31_AACAACCAGGGCTTCC	Tumour	+
GX31_AACAACCTCAAAGGAT	Tumour	+
GX31_AACAACCTCTAGCATG	Tumour	+
GX31_AACAAGAAGCGTCTCG	Tumour	+
GX31_AACAAGACAAGTGACG	Tumour	+
GX31_AACAAGAGTAGAAACT	Tumour	+
GX31_AACACACAGCGATGCA	Tumour	+
GX31_AACACACAGGGCAGAG	Tumour	+
GX31_AACAGGGCAAATCAAG	Tumour	+
GX31_AACAGGGTCTCTCGAC	Tumour	+
GX31_AACAGGGTCTTCCTAA	Tumour	+
GX31_AACCAACAGATAACAC	Tumour	+
GX31_AACCAACAGTCTCCTC	Tumour	+
GX31_AACCAACCAAGCCCAC	Tumour	+
GX31_AACCAACCATACACCA	Tumour	+
GX31_AACCAACGTTCTATCT	Tumour	+
GX31_AACCAACTCGATACAC	Tumour	+
GX31_AACCACAAGAAGGATG	Tumour	+
GX31_AACCACATCTGCACCT	Tumour	+
GX31_AACCATGCAACGACTT	Tumour	+
GX31_AACCCAAAGAGGATGA	Tumour	+
GX31_AACCCAAAGCGCCTTG	Tumour	+
GX31_AACCCAAGTATCGTGT	Tumour	+
GX31_AACCCAAGTTCCACAA	Tumour	+
GX31_AACCCAATCAGTGATC	Tumour	+
GX31_AACCCAATCATTGAGC	Tumour	+
GX31_AACCTGAAGGGCCAAT	Tumour	+
GX31_AACCTGACAGCCTATA	Tumour	+
GX31_AACCTGATCTAGAACC	Tumour	+
GX31_AACCTTTAGGGTCACA	Tumour	+
GX31_AACCTTTCATGATCTG	Tumour	+
GX31_AACCTTTTCGGCCTTT	Tumour	+
GX31_AACGAAAAGATTAGCA	Tumour	+
GX31_AACGAAACAAATAGCA	Tumour	+
GX31_AACGAAATCCACACAA	Tumour	+
GX31_AACGAAATCCGGTAGC	Tumour	+
GX31_AACGAAATCTTCGTAT	Tumour	+
GX31_AACGGGAAGTACGAGC	Tumour	+
GX31_AACGGGACAAAGCACG	Tumour	+
GX31_AACGGGAGTAATACCC	Tumour	+
GX31_AACGTCAGTCACCGCA	Tumour	+
GX31_AACGTCAGTGTTGCCG	Tumour	+
GX31_AACTTCTCACAGCGCT	Tumour	+
GX31_AACTTCTGTCGAACAG	Tumour	+
GX31_AACTTCTGTGGCTTAT	Tumour	+
GX31_AAGAACACAACGACTT	Tumour	+
GX31_AAGAACACACAAGGTG	Tumour	+
GX31_AAGAACATCACCCTCA	Tumour	+
GX31_AAGAACATCCGGCAAC	Tumour	+
GX31_AAGACAAAGCCTCGTG	Tumour	+
GX31_AAGACAACATGCCGCA	Tumour	+
GX31_AAGACAAGTACGATTC	Tumour	+
GX31_AAGACAATCAGCCCAG	Tumour	+
GX31_AAGACAATCCGCTGTT	Tumour	+
GX31_AAGACTCAGCAGCAGT	Tumour	+
GX31_AAGACTCCAACTGCTA	Tumour	+
GX31_AAGACTCCACAGTCAT	Tumour	+
GX31_AAGACTCCAGGTCAGA	Tumour	+
GX31_AAGACTCGTATGTCTG	Tumour	+
GX31_AAGACTCTCAAGTAAG	Tumour	+
GX31_AAGACTCTCCTTATCA	Tumour	+
GX31_AAGACTCTCGGAGCAA	Tumour	+
GX31_AAGATAGAGGAACATT	Tumour	+
GX31_AAGATAGGTTGTCAGT	Tumour	+
GX31_AAGATAGTCTCTTCAA	Tumour	+
GX31_AAGATAGTCTTAGCTT	Tumour	+
GX31_AAGCATCAGAGGCGGA	Tumour	+
GX31_AAGCATCAGCGATTCT	Tumour	+
GX31_AAGCATCCAAGAATGT	Tumour	+
GX31_AAGCATCTCAAGATAG	Tumour	+
GX31_AAGCCATAGCACTCTA	Tumour	+
GX31_AAGCCATCACGGTAGA	Tumour	+
GX31_AAGCCATGTTGACGGA	Tumour	+
GX31_AAGCGAGAGTGGACTG	Tumour	+
GX31_AAGCGTTAGGCACTCC	Tumour	+
GX31_AAGCGTTCATCCTTCG	Tumour	+
GX31_AAGCGTTTCAACCGAT	Tumour	+
GX31_AAGCGTTTCGGACCAC	Tumour	+
GX31_AAGGAATTCCTCACGT	Tumour	+
GX31_AAGGAATTCTCGTGAA	Tumour	+
GX31_AAGGTAACAAGACGAC	Tumour	+
GX31_AAGGTAAGTTGTACGT	Tumour	+
GX31_AAGTACCCAAGCTGTT	Tumour	+
GX31_AAGTACCCAATATCCG	Tumour	+
GX31_AAGTACCCAGACCTGC	Tumour	+
GX31_AAGTACCTCGAAACAA	Tumour	+
GX31_AAGTCGTGTGGCAACA	Tumour	+
GX31_AAGTCGTGTTTATGCG	Tumour	+
GX31_AAGTGAAAGTGTTCAC	Tumour	+
GX31_AAGTGAAGTAATGTGA	Tumour	+
GX31_AAGTTCGCATGAGGGT	Tumour	+
GX31_AAGTTCGGTCCGTTTC	Tumour	+
GX31_AATAGAGCAGAGGACT	Tumour	+
GX31_AATAGAGCATTGGCAT	Tumour	+
GX31_AATAGAGGTCACTTCC	Tumour	+
GX31_AATAGAGGTCTTCGAA	Tumour	+
GX31_AATCACGAGAGGTCAC	Tumour	+
GX31_AATCACGAGCCTTGAT	Tumour	+
GX31_AATCACGGTCTCTCAC	Tumour	+
GX31_AATCACGTCTGCTAGA	Tumour	+
GX31_AATCGTGAGAGCCATG	Tumour	+
GX31_AATCGTGAGCAAGTGC	Tumour	+
GX31_AATCGTGTCTCAACGA	Tumour	+
GX31_AATGACCAGCCACAAG	Tumour	+
GX31_AATGACCCACACACGC	Tumour	+
GX31_AATGACCGTACGTGAG	Tumour	+
GX31_AATGACCGTTTGATCG	Tumour	+
GX31_AATGCCAAGGTACCTT	Tumour	+
GX31_AATGCCAAGTGGAAAG	Tumour	+
GX31_AATGCCACAAGCGCAA	Tumour	+
GX31_AATGCCATCAAAGCCT	Tumour	+
GX31_AATGGAATCCCGGTAG	Tumour	+
GX31_AATGGAATCTGGAGAG	Tumour	+
GX31_AATGGCTAGCTAGATA	Tumour	+
GX31_AATGGCTGTTCTGACA	Tumour	+
GX31_AATGGCTTCCAAGCAT	Tumour	+
GX31_AATGGCTTCGGTGAAG	Tumour	+
GX31_AATTCCTAGCATCCTA	Tumour	+
GX31_AATTCCTAGGGTTGCA	Tumour	+
GX31_AATTCCTTCCATTCAT	Tumour	+
GX31_AATTTCCAGTAACCGG	Tumour	+
GX31_AATTTCCTCGATACGT	Tumour	+
GX31_ACAAAGACACAAATGA	Tumour	+
GX31_ACAAAGAGTTCAGCGC	Tumour	+
GX31_ACAACCAAGAGTTCGG	Tumour	+
GX31_ACAACCAAGATAGTCA	Tumour	+
GX31_ACAACCAAGCGCCTCA	Tumour	+
GX31_ACAACCATCGAGAATA	Tumour	+
GX31_ACAACCATCGTCCTCA	Tumour	+
GX31_ACAAGCTAGGGTTAAT	Tumour	+
GX31_ACAAGCTCAGTTTCAG	Tumour	+
GX31_ACAAGCTCATTCAGCA	Tumour	+
GX31_ACAAGCTGTTGCTAGT	Tumour	+
GX31_ACACAGTAGGACGGAG	Tumour	+
GX31_ACACAGTAGGCACGAT	Tumour	+
GX31_ACACAGTCACCAGTTA	Tumour	+
GX31_ACACAGTGTCTTCATT	Tumour	+
GX31_ACACCAAAGACAGCGT	Tumour	+
GX31_ACACCAAAGTCATTGC	Tumour	+
GX31_ACACCAACAATAAGGT	Tumour	+
GX31_ACACCAACACAACATC	Tumour	+
GX31_ACACCAACAGCTGAAG	Tumour	+
GX31_ACACGCGGTGAGACGT	Tumour	+
GX31_ACACGCGGTGGAGGTT	Tumour	+
GX31_ACACGCGGTTAGCTAC	Tumour	+
GX31_ACACTGATCACGAGGA	Tumour	+
GX31_ACACTGATCTTCCCAG	Tumour	+
GX31_ACAGCCGAGAGTATAC	Tumour	+
GX31_ACAGCCGCAGGTATGG	Tumour	+
GX31_ACAGCCGGTGAAAGTT	Tumour	+
GX31_ACAGCCGTCGAGCTGC	Tumour	+
GX31_ACAGCCGTCGAGTGGA	Tumour	+
GX31_ACAGGGAGTGATCGTT	Tumour	+
GX31_ACATCCCAGGATGCGT	Tumour	+
GX31_ACATCCCCAATACCCA	Tumour	+
GX31_ACATCCCCATAACGGG	Tumour	+
GX31_ACATCCCGTGTCCGGT	Tumour	+
GX31_ACATCCCTCCGGTTCT	Tumour	+
GX31_ACATCCCTCGACCCAG	Tumour	+
GX31_ACATCGAGTACTCCGG	Tumour	+
GX31_ACATGCAGTACTCCCT	Tumour	+
GX31_ACATGCAGTGTAGGAC	Tumour	+
GX31_ACATTTCAGGGACCAT	Tumour	+
GX31_ACATTTCGTAGAATAC	Tumour	+
GX31_ACATTTCTCAGAGTTC	Tumour	+
GX31_ACCAAACAGATCACCT	Tumour	+
GX31_ACCAAACAGGCCGCTT	Tumour	+
GX31_ACCAAACCACACACTA	Tumour	+
GX31_ACCAACAAGGTATAGT	Tumour	+
GX31_ACCACAAAGGCTCTCG	Tumour	+
GX31_ACCACAAGTAAGTAGT	Tumour	+
GX31_ACCACAAGTGTTGCCG	Tumour	+
GX31_ACCACAATCTCCCTAG	Tumour	+
GX31_ACCATTTAGAATGTTG	Tumour	+
GX31_ACCATTTCACCACATA	Tumour	+
GX31_ACCATTTCAGCTGTTA	Tumour	+
GX31_ACCATTTGTCGTGATT	Tumour	+
GX31_ACCCAAACAAGTAGTA	Tumour	+
GX31_ACCCAAACAGCTGTCG	Tumour	+
GX31_ACCCAAAGTAGACAGC	Tumour	+
GX31_ACCCTCATCCTATTGT	Tumour	+
GX31_ACCCTTGAGGCTTCCG	Tumour	+
GX31_ACCCTTGCAGAAATTG	Tumour	+
GX31_ACCGTTCGTAGCGATG	Tumour	+
GX31_ACCGTTCTCGAAGCAG	Tumour	+
GX31_ACCTACCAGGTTGGTG	Tumour	+
GX31_ACCTACCTCAGCCTCT	Tumour	+
GX31_ACCTACCTCGAGGCAA	Tumour	+
GX31_ACCTGAAAGGCTCACC	Tumour	+
GX31_ACCTGAAGTCGAATGG	Tumour	+
GX31_ACCTGAATCATTACGG	Tumour	+
GX31_ACCTGTCAGATGGCGT	Tumour	+
GX31_ACCTGTCAGCTTGTGT	Tumour	+
GX31_ACCTGTCAGGTACCTT	Tumour	+
GX31_ACGATCATCCTTCTTC	Tumour	+
GX31_ACGATCATCGGAGATG	Tumour	+
GX31_ACGATGTTCCTCGATC	Tumour	+
GX31_ACGCACGCAATACCCA	Tumour	+
GX31_ACGCACGGTCCTTGTC	Tumour	+
GX31_ACGGAAGCAATTGAAG	Tumour	+
GX31_ACGGAAGGTTCGTACA	Tumour	+
GX31_ACGGAAGGTTTGAAAG	Tumour	+
GX31_ACGGGTCAGACATCCT	Tumour	+
GX31_ACGGGTCAGGCTCAAG	Tumour	+
GX31_ACGGGTCGTATCGTGT	Tumour	+
GX31_ACGGGTCGTCGCACAC	Tumour	+
GX31_ACGGTTAAGAGCTTTC	Tumour	+
GX31_ACGGTTAAGCCAAGTG	Tumour	+
GX31_ACGGTTACACTGCATA	Tumour	+
GX31_ACGGTTAGTCAGGCAA	Tumour	+
GX31_ACGTAACCACACAGCC	Tumour	+
GX31_ACGTAACCATGACTCA	Tumour	+
GX31_ACGTAACTCACCCTTG	Tumour	+
GX31_ACGTACAAGCACTCAT	Tumour	+
GX31_ACGTAGTAGACTTCAC	Tumour	+
GX31_ACGTAGTCAGCGGTCT	Tumour	+
GX31_ACGTAGTGTCTGTGTA	Tumour	+
GX31_ACGTAGTTCTATGCCC	Tumour	+
GX31_ACGTCCTAGAGGACTC	Tumour	+
GX31_ACGTCCTGTGGACTGA	Tumour	+
GX31_ACGTTCCCAAATGAAC	Tumour	+
GX31_ACGTTCCCATAGCACT	Tumour	+
GX31_ACGTTCCTCACTACGA	Tumour	+
GX31_ACGTTCCTCGTTCTCG	Tumour	+
GX31_ACGTTCCTCTCGGGAC	Tumour	+
GX31_ACTACGAAGCCTGGAA	Tumour	+
GX31_ACTACGAGTACTCAAC	Tumour	+
GX31_ACTATCTAGAGTTGAT	Tumour	+
GX31_ACTATCTCACATGTTG	Tumour	+
GX31_ACTATCTCACGTAGTT	Tumour	+
GX31_ACTATGGCACGTGTGC	Tumour	+
GX31_ACTATGGCATCAGTCA	Tumour	+
GX31_ACTATGGGTACCAGAG	Tumour	+
GX31_ACTATGGTCACACCGG	Tumour	+
GX31_ACTATTCCAGACTGCC	Tumour	+
GX31_ACTATTCGTTTCGTGA	Tumour	+
GX31_ACTATTCTCGCAATTG	Tumour	+
GX31_ACTCCCAGTCACGACC	Tumour	+
GX31_ACTCCCATCCCTTCCC	Tumour	+
GX31_ACTGATGCACAAGCCC	Tumour	+
GX31_ACTGATGCAGCAGTGA	Tumour	+
GX31_ACTGCAAAGGGATCAC	Tumour	+
GX31_ACTGCAATCTACTGAG	Tumour	+
GX31_ACTGTCCAGGCATTTC	Tumour	+
GX31_ACTGTCCCAACGATTC	Tumour	+
GX31_ACTGTCCGTACACGCC	Tumour	+
GX31_ACTGTGAAGCATGTTC	Tumour	+
GX31_ACTGTGAAGGCTATCT	Tumour	+
GX31_ACTGTGACACAGGATG	Tumour	+
GX31_ACTGTGATCCCTCTTT	Tumour	+
GX31_ACTTAGGAGTAAATGC	Tumour	+
GX31_ACTTAGGGTTAGGCTT	Tumour	+
GX31_ACTTAGGTCCTGTAAG	Tumour	+
GX31_ACTTAGGTCTCCTGAC	Tumour	+
GX31_ACTTCCGCACGATAGG	Tumour	+
GX31_ACTTCCGGTACGCTTA	Tumour	+
GX31_ACTTCCGTCATTTCGT	Tumour	+
GX31_ACTTCCGTCGCGGACT	Tumour	+
GX31_ACTTCGCAGTAGCATA	Tumour	+
GX31_ACTTCGCCACACACTA	Tumour	+
GX31_ACTTCGCGTCCTTTGC	Tumour	+
GX31_ACTTCGCGTGCTCTTC	Tumour	+
GX31_ACTTCGCGTTAATCGC	Tumour	+
GX31_ACTTTCAAGAGGGTAA	Tumour	+
GX31_ACTTTGTAGCTTGTGT	Tumour	+
GX31_ACTTTGTCATACTGTG	Tumour	+
GX31_AGAAATGAGACTCTAC	Tumour	+
GX31_AGAAATGAGCACCGTC	Tumour	+
GX31_AGAAATGAGTCTGGTT	Tumour	+
GX31_AGAAATGCACCGTCGA	Tumour	+
GX31_AGAAATGCAGTCTTCC	Tumour	+
GX31_AGAAATGCATAGGAGC	Tumour	+
GX31_AGAACAAGTCTTCTAT	Tumour	+
GX31_AGAACCTCACAGCCTG	Tumour	+
GX31_AGAACCTGTACCTTCC	Tumour	+
GX31_AGAACCTGTCGCATCG	Tumour	+
GX31_AGAACCTTCAGCATTG	Tumour	+
GX31_AGAACCTTCGGTAGAG	Tumour	+
GX31_AGAAGCGAGCCATGCC	Tumour	+
GX31_AGAAGCGCACCACTGG	Tumour	+
GX31_AGAAGCGGTTGCCGAC	Tumour	+
GX31_AGAAGCGTCGAAATCC	Tumour	+
GX31_AGAAGTAAGGAAGAAC	Tumour	+
GX31_AGAAGTACATTGAGGG	Tumour	+
GX31_AGAAGTAGTAACTTCG	Tumour	+
GX31_AGAAGTATCGAGAATA	Tumour	+
GX31_AGACAAATCTCGCCTA	Tumour	+
GX31_AGACACTGTGTGTCCG	Tumour	+
GX31_AGACAGGGTAGCGCTC	Tumour	+
GX31_AGACAGGGTTCACCGG	Tumour	+
GX31_AGACAGGTCCGTGTGG	Tumour	+
GX31_AGACAGGTCTGCACCT	Tumour	+
GX31_AGACCATGTCGAGCAA	Tumour	+
GX31_AGACCCGAGCCACAAG	Tumour	+
GX31_AGACCCGTCTAACGCA	Tumour	+
GX31_AGAGAATGTCACAGTT	Tumour	+
GX31_AGAGAATTCTTCGATT	Tumour	+
GX31_AGAGAGCAGCATCAGG	Tumour	+
GX31_AGAGAGCAGCATGATA	Tumour	+
GX31_AGAGAGCCATGAAAGT	Tumour	+
GX31_AGAGAGCTCATTCATC	Tumour	+
GX31_AGAGAGCTCCGGTAGC	Tumour	+
GX31_AGAGAGCTCCTGTTAT	Tumour	+
GX31_AGAGCCCCACTACCCT	Tumour	+
GX31_AGAGCCCTCGAATCCA	Tumour	+
GX31_AGATAGACAGATACTC	Tumour	+
GX31_AGATAGAGTGGTCAAG	Tumour	+
GX31_AGATAGATCTTACCGC	Tumour	+
GX31_AGATCCACAGAGTAAT	Tumour	+
GX31_AGATCCATCATTGCGA	Tumour	+
GX31_AGATCCATCGGCTGAC	Tumour	+
GX31_AGATCCATCGTTCTCG	Tumour	+
GX31_AGATCGTAGACGGATC	Tumour	+
GX31_AGATGAAAGGGTTAGC	Tumour	+
GX31_AGATGAACAGGCATTT	Tumour	+
GX31_AGATGAAGTGTCGCTG	Tumour	+
GX31_AGATGAATCTAGAGCT	Tumour	+
GX31_AGATGCTAGGATAATC	Tumour	+
GX31_AGATGCTCAGAAATTG	Tumour	+
GX31_AGATGCTTCCCGGTAG	Tumour	+
GX31_AGCATCAAGTCTGGAG	Tumour	+
GX31_AGCATCAAGTTTCAGC	Tumour	+
GX31_AGCATCATCGAGTACT	Tumour	+
GX31_AGCATCATCGTTAGAC	Tumour	+
GX31_AGCCAATAGCCTGAGA	Tumour	+
GX31_AGCCAATAGTGAGTGC	Tumour	+
GX31_AGCCAATTCATCCTGC	Tumour	+
GX31_AGCCAATTCCATTGCC	Tumour	+
GX31_AGCCACGCAAATGGCG	Tumour	+
GX31_AGCCACGCAGTCTGGC	Tumour	+
GX31_AGCCACGCATGACAGG	Tumour	+
GX31_AGCCACGTCGGCATCG	Tumour	+
GX31_AGCCACGTCTATGCCC	Tumour	+
GX31_AGCCACGTCTTGTGCC	Tumour	+
GX31_AGCCAGCAGCTCCCTT	Tumour	+
GX31_AGCCAGCAGGTAGGCT	Tumour	+
GX31_AGCCAGCAGTGCACAG	Tumour	+
GX31_AGCGATTAGCTTTCTT	Tumour	+
GX31_AGCGATTAGGATTCAA	Tumour	+
GX31_AGCGATTGTCATCACA	Tumour	+
GX31_AGCGATTTCAAGGACG	Tumour	+
GX31_AGCGCTGCAGGTGTGA	Tumour	+
GX31_AGCGCTGGTGCGGTAA	Tumour	+
GX31_AGCGCTGTCGATTGGT	Tumour	+
GX31_AGCGTATAGTAGTCTC	Tumour	+
GX31_AGCGTATGTCTGGTTA	Tumour	+
GX31_AGCGTATGTTTGCAGT	Tumour	+
GX31_AGCGTATTCACGACTA	Tumour	+
GX31_AGCTACAAGGAAGTAG	Tumour	+
GX31_AGCTACACAGCTATTG	Tumour	+
GX31_AGCTACACATATGGCT	Tumour	+
GX31_AGCTACATCATTACGG	Tumour	+
GX31_AGCTCAAAGCGTCTGC	Tumour	+
GX31_AGCTCAAAGGACAGCT	Tumour	+
GX31_AGCTCAACAAGTGGAC	Tumour	+
GX31_AGCTCAACAGTAACCT	Tumour	+
GX31_AGCTCAAGTAATCAGA	Tumour	+
GX31_AGCTCAATCAAGAATG	Tumour	+
GX31_AGCTCAATCCCATGGG	Tumour	+
GX31_AGCTTCCAGACTTAAG	Tumour	+
GX31_AGCTTCCAGGAGTCTG	Tumour	+
GX31_AGGAAATGTTGTGCAT	Tumour	+
GX31_AGGAAATTCTTAAGGC	Tumour	+
GX31_AGGAATAAGCGGATCA	Tumour	+
GX31_AGGACGACACAACCGC	Tumour	+
GX31_AGGACGACAGGTCCGT	Tumour	+
GX31_AGGACGATCTAACGGT	Tumour	+
GX31_AGGACTTAGACTGGGT	Tumour	+
GX31_AGGACTTCATCCAACA	Tumour	+
GX31_AGGACTTGTCCGGTGT	Tumour	+
GX31_AGGACTTGTCTGTGAT	Tumour	+
GX31_AGGACTTTCTCCCTAG	Tumour	+
GX31_AGGAGGTAGAATACAC	Tumour	+
GX31_AGGAGGTGTGCCTACG	Tumour	+
GX31_AGGATAAAGCACGGAT	Tumour	+
GX31_AGGATAAAGTCAGCGA	Tumour	+
GX31_AGGATAACAGCAGAAC	Tumour	+
GX31_AGGATAAGTTCATCTT	Tumour	+
GX31_AGGATCTCATGGACAG	Tumour	+
GX31_AGGATCTGTGACTATC	Tumour	+
GX31_AGGCATTTCTGAGGCC	Tumour	+
GX31_AGGCCACAGGATTTGA	Tumour	+
GX31_AGGCTGCAGCAGAAAG	Tumour	+
GX31_AGGCTGCCACTACACA	Tumour	+
GX31_AGGCTGCGTGAACCGA	Tumour	+
GX31_AGGCTGCTCGCTACGG	Tumour	+
GX31_AGGCTGCTCGTGACTA	Tumour	+
GX31_AGGCTGCTCTGGGCAC	Tumour	+
GX31_AGGGAGTCAAAGGGTC	Tumour	+
GX31_AGGGAGTCACAGAAGC	Tumour	+
GX31_AGGGAGTTCGCTGACG	Tumour	+
GX31_AGGGCCTAGCGTTGTT	Tumour	+
GX31_AGGGCCTGTATGACAA	Tumour	+
GX31_AGGGCCTGTGGCGTAA	Tumour	+
GX31_AGGGCCTTCCACCTGT	Tumour	+
GX31_AGGGCTCAGTAACAGT	Tumour	+
GX31_AGGGCTCAGTGTCATC	Tumour	+
GX31_AGGGTCCAGAAACTGT	Tumour	+
GX31_AGGGTCCGTATGGGAC	Tumour	+
GX31_AGGGTGAAGCGATCGA	Tumour	+
GX31_AGGGTGAAGCTGGAGT	Tumour	+
GX31_AGGGTGATCACAGTGT	Tumour	+
GX31_AGGGTTTAGAATTTGG	Tumour	+
GX31_AGGGTTTTCCTAGAGT	Tumour	+
GX31_AGGGTTTTCCTCCACA	Tumour	+
GX31_AGGGTTTTCGTGGGTC	Tumour	+
GX31_AGGTCATAGAGGATCC	Tumour	+
GX31_AGGTCATCAGATCCTA	Tumour	+
GX31_AGGTCATCATGACTCA	Tumour	+
GX31_AGGTCTAGTAATGCTC	Tumour	+
GX31_AGGTGTTCAGTACTAC	Tumour	+
GX31_AGGTGTTGTAGAATGT	Tumour	+
GX31_AGGTTACAGAGCCCAA	Tumour	+
GX31_AGGTTACAGGACACTG	Tumour	+
GX31_AGGTTACCAGCCGTTG	Tumour	+
GX31_AGGTTACGTTTCGCTC	Tumour	+
GX31_AGGTTGTCAAATCGTC	Tumour	+
GX31_AGGTTGTGTTCCGCTT	Tumour	+
GX31_AGTAACCTCACCTGTC	Tumour	+
GX31_AGTAACCTCGCGCCAA	Tumour	+
GX31_AGTACCACAATTTCCT	Tumour	+
GX31_AGTACCAGTATCGTTG	Tumour	+
GX31_AGTACTGGTACTCGAT	Tumour	+
GX31_AGTACTGTCAGCTGTA	Tumour	+
GX31_AGTAGCTCACTGTTCC	Tumour	+
GX31_AGTAGTCCACATTACG	Tumour	+
GX31_AGTAGTCCACCACTGG	Tumour	+
GX31_AGTAGTCCACTATCGA	Tumour	+
GX31_AGTAGTCGTAATGCGG	Tumour	+
GX31_AGTAGTCGTACCTAGT	Tumour	+
GX31_AGTAGTCTCCTATTGT	Tumour	+
GX31_AGTAGTCTCGTAGTCA	Tumour	+
GX31_AGTCAACGTCCCTCAT	Tumour	+
GX31_AGTCAACTCAACCCGG	Tumour	+
GX31_AGTCACAAGATGCTAA	Tumour	+
GX31_AGTCACAAGGACGCAT	Tumour	+
GX31_AGTCACATCAGCTAGT	Tumour	+
GX31_AGTCATGGTCATCCGG	Tumour	+
GX31_AGTCATGTCTCTTAAC	Tumour	+
GX31_AGTCTCCAGCACGGAT	Tumour	+
GX31_AGTCTCCGTCTCTCAC	Tumour	+
GX31_AGTCTCCTCGCTTGAA	Tumour	+
GX31_AGTGACTCACTTGAGT	Tumour	+
GX31_AGTGACTGTTTCCCAC	Tumour	+
GX31_AGTGATCCACGTTGGC	Tumour	+
GX31_AGTGATCTCCACGTCT	Tumour	+
GX31_AGTGCCGAGCGTTACT	Tumour	+
GX31_AGTGCCGGTAGTAAGT	Tumour	+
GX31_AGTGTTGAGGCGTCCT	Tumour	+
GX31_AGTTAGCCATGAATAG	Tumour	+
GX31_AGTTCGACAGCATTGT	Tumour	+
GX31_ATACCTTAGTAACCGG	Tumour	+
GX31_ATACCTTCACGCCACA	Tumour	+
GX31_ATACCTTTCCCATACC	Tumour	+
GX31_ATACTTCCAGGCAATG	Tumour	+
GX31_ATACTTCGTGAATTAG	Tumour	+
GX31_ATACTTCGTTGGTAGG	Tumour	+
GX31_ATAGACCTCCTAGCTC	Tumour	+
GX31_ATAGAGACAGGCCTGT	Tumour	+
GX31_ATAGGCTCAAATACAG	Tumour	+
GX31_ATAGGCTGTAGGCTCC	Tumour	+
GX31_ATAGGCTTCATTCGTT	Tumour	+
GX31_ATATCCTGTCGTCATA	Tumour	+
GX31_ATATCCTGTGGACTAG	Tumour	+
GX31_ATCACAGAGTGTGTTC	Tumour	+
GX31_ATCACAGGTGCCTACG	Tumour	+
GX31_ATCACGAGTGCCCAGT	Tumour	+
GX31_ATCACTTAGACGACTG	Tumour	+
GX31_ATCACTTTCTGGACCG	Tumour	+
GX31_ATCAGGTAGAGCAACC	Tumour	+
GX31_ATCAGGTCACGGTGAA	Tumour	+
GX31_ATCAGGTTCCTACGGG	Tumour	+
GX31_ATCATTCTCGAGTTGT	Tumour	+
GX31_ATCCACCAGCCGCACT	Tumour	+
GX31_ATCCACCTCCAGGACC	Tumour	+
GX31_ATCCACCTCCCTCATG	Tumour	+
GX31_ATCCACCTCGCGCTGA	Tumour	+
GX31_ATCCACCTCTACTGCC	Tumour	+
GX31_ATCCCTGCACGGGCTT	Tumour	+
GX31_ATCCCTGCAGACACCC	Tumour	+
GX31_ATCCGTCAGCTTGTGT	Tumour	+
GX31_ATCCGTCGTGATTGGG	Tumour	+
GX31_ATCCGTCGTGCGTGCT	Tumour	+
GX31_ATCCGTCTCTTACCAT	Tumour	+
GX31_ATCCTATCATAGGCGA	Tumour	+
GX31_ATCCTATGTCATCGCG	Tumour	+
GX31_ATCCTATTCAGTAGGG	Tumour	+
GX31_ATCGATGAGGCTGAAC	Tumour	+
GX31_ATCGATGAGTGCAAAT	Tumour	+
GX31_ATCGATGCAGGTCTCG	Tumour	+
GX31_ATCGCCTAGCGCCATC	Tumour	+
GX31_ATCGCCTCATATGGCT	Tumour	+
GX31_ATCGCCTTCACATTGG	Tumour	+
GX31_ATCGGATCAATTGCTG	Tumour	+
GX31_ATCGGATTCTACGCGG	Tumour	+
GX31_ATCGGCGAGAGTCAAT	Tumour	+
GX31_ATCGGCGCAAATAAGC	Tumour	+
GX31_ATCGTAGAGAGCCGAT	Tumour	+
GX31_ATCGTAGCAAGCGCTC	Tumour	+
GX31_ATCGTAGCATGGGCAA	Tumour	+
GX31_ATCGTAGGTACTCGAT	Tumour	+
GX31_ATCGTCCAGGTCCAGA	Tumour	+
GX31_ATCGTGACACCATTCC	Tumour	+
GX31_ATCGTGATCGCTATTT	Tumour	+
GX31_ATGAAAGAGGCAGCTA	Tumour	+
GX31_ATGAAAGCATCGAAGG	Tumour	+
GX31_ATGAAAGTCGACGAGA	Tumour	+
GX31_ATGAAAGTCTAAGAAG	Tumour	+
GX31_ATGACCAGTGAGACCA	Tumour	+
GX31_ATGAGGGAGAGAATCT	Tumour	+
GX31_ATGAGGGAGATGCAGC	Tumour	+
GX31_ATGAGGGTCGACCAAT	Tumour	+
GX31_ATGAGTCCACGTATAC	Tumour	+
GX31_ATGAGTCTCGATTGGT	Tumour	+
GX31_ATGATCGCAGGTAGTG	Tumour	+
GX31_ATGATCGGTACCCACG	Tumour	+
GX31_ATGATCGGTACTCGAT	Tumour	+
GX31_ATGATCGTCACGGAGA	Tumour	+
GX31_ATGCATGAGTGAGTTA	Tumour	+
GX31_ATGCATGTCTCCAAGA	Tumour	+
GX31_ATGCGATCACTACCCT	Tumour	+
GX31_ATGCGATGTCGTATTG	Tumour	+
GX31_ATGCGATGTCTCTCTG	Tumour	+
GX31_ATGCGATGTGTATTGC	Tumour	+
GX31_ATGCGATTCGTTCAGA	Tumour	+
GX31_ATGGATCAGGTTGTTC	Tumour	+
GX31_ATGGATCCAATTTCCT	Tumour	+
GX31_ATGGATCGTGTCATCA	Tumour	+
GX31_ATGGATCTCGTCTAAG	Tumour	+
GX31_ATGGGAGGTAGGTACG	Tumour	+
GX31_ATGGGAGGTGTTTGCA	Tumour	+
GX31_ATGGGAGTCGCGCCAA	Tumour	+
GX31_ATGGGTTAGTGCAGCA	Tumour	+
GX31_ATGGGTTTCGTTCCTG	Tumour	+
GX31_ATGGTTGAGAAGCTGC	Tumour	+
GX31_ATGGTTGGTATTGACC	Tumour	+
GX31_ATGTCCCCATCCGAGC	Tumour	+
GX31_ATGTCCCGTACGTTCA	Tumour	+
GX31_ATGTCCCTCAACCGAT	Tumour	+
GX31_ATGTCCCTCGGTTAGT	Tumour	+
GX31_ATGTCTTCAACTGAAA	Tumour	+
GX31_ATGTCTTCAGAAGTTA	Tumour	+
GX31_ATGTCTTCATGCGTGC	Tumour	+
GX31_ATGTCTTTCAGCAGAG	Tumour	+
GX31_ATGTCTTTCTTGCAAG	Tumour	+
GX31_ATTACCTAGCACTAGG	Tumour	+
GX31_ATTACCTGTAACAAGT	Tumour	+
GX31_ATTACCTTCAAAGAAC	Tumour	+
GX31_ATTACCTTCAAGCGTT	Tumour	+
GX31_ATTACCTTCAGAGCGA	Tumour	+
GX31_ATTACTCGTCACTCGG	Tumour	+
GX31_ATTACTCGTCTTGGTA	Tumour	+
GX31_ATTATCCCAATTGCCA	Tumour	+
GX31_ATTATCCCAGAGACTG	Tumour	+
GX31_ATTATCCGTCACTGAT	Tumour	+
GX31_ATTATCCGTCAGTCTA	Tumour	+
GX31_ATTATCCTCATTCATC	Tumour	+
GX31_ATTCACTAGTCTGCAT	Tumour	+
GX31_ATTCACTTCGGTCAGC	Tumour	+
GX31_ATTCAGGCACAAATAG	Tumour	+
GX31_ATTCAGGGTTTCGGCG	Tumour	+
GX31_ATTCAGGTCACATACG	Tumour	+
GX31_ATTCAGGTCTGGGCAC	Tumour	+
GX31_ATTCATCAGGCGTCCT	Tumour	+
GX31_ATTCATCCAGCGGTTC	Tumour	+
GX31_ATTCATCGTGCCTTCT	Tumour	+
GX31_ATTCATCTCCCGATCT	Tumour	+
GX31_ATTCCATAGCAGGTCA	Tumour	+
GX31_ATTCCATAGTACAGAT	Tumour	+
GX31_ATTCCATCACAAGCCC	Tumour	+
GX31_ATTCCATTCCAAGCTA	Tumour	+
GX31_ATTCCCGAGGGAGTTC	Tumour	+
GX31_ATTCCCGCAAGACGAC	Tumour	+
GX31_ATTCCCGCAGCTGTAT	Tumour	+
GX31_ATTCCTAGTAGGCTGA	Tumour	+
GX31_ATTCCTAGTGACTATC	Tumour	+
GX31_ATTCCTATCATGCTAG	Tumour	+
GX31_ATTCTACAGGCGCTCT	Tumour	+
GX31_ATTCTACCAAGGGCAT	Tumour	+
GX31_ATTCTACTCGTGCGAC	Tumour	+
GX31_ATTCTTGAGGCCCGTT	Tumour	+
GX31_ATTCTTGAGGTCCTGC	Tumour	+
GX31_ATTCTTGAGTGATGGC	Tumour	+
GX31_ATTCTTGGTCGCATGC	Tumour	+
GX31_ATTGGGTAGCGCCTAC	Tumour	+
GX31_ATTGGGTCAAACTAGA	Tumour	+
GX31_ATTGGGTCAAAGCACG	Tumour	+
GX31_ATTGGGTGTACCGTGC	Tumour	+
GX31_ATTGGGTGTATTAAGG	Tumour	+
GX31_ATTGTTCAGGCGAAGG	Tumour	+
GX31_ATTGTTCCAACACGTT	Tumour	+
GX31_ATTGTTCTCTTGAACG	Tumour	+
GX31_ATTTACCCAGAATCGG	Tumour	+
GX31_ATTTACCCAGATCACT	Tumour	+
GX31_ATTTACCCATTGCTTT	Tumour	+
GX31_ATTTACCGTGTCCTAA	Tumour	+
GX31_ATTTACCTCATAGCAC	Tumour	+
GX31_ATTTCACTCTGCCTCA	Tumour	+
GX31_ATTTCTGAGAACAGGA	Tumour	+
GX31_ATTTCTGCAAAGCTCT	Tumour	+
GX31_CAAAGAACAGAGCTAG	Tumour	+
GX31_CAAAGAATCCGAAGGA	Tumour	+
GX31_CAAAGAATCCTTCTTC	Tumour	+
GX31_CAAAGAATCGTACCTC	Tumour	+
GX31_CAACAACCACGAGGAT	Tumour	+
GX31_CAACAACCAGCTATAC	Tumour	+
GX31_CAACAACTCAGCGCAC	Tumour	+
GX31_CAACAGTAGCCTTCTC	Tumour	+
GX31_CAACAGTGTGACTCTA	Tumour	+
GX31_CAACCAATCATCGGGC	Tumour	+
GX31_CAACCAATCGCATTAG	Tumour	+
GX31_CAACCAATCTGGACTA	Tumour	+
GX31_CAACCTCTCGTGACTA	Tumour	+
GX31_CAACGATAGTCACACT	Tumour	+
GX31_CAACGATTCAACTTTC	Tumour	+
GX31_CAACGATTCAGGTGTT	Tumour	+
GX31_CAACGATTCTTTCGAT	Tumour	+
GX31_CAACGGCAGAATCGAT	Tumour	+
GX31_CAACGGCTCTCCGAGG	Tumour	+
GX31_CAAGACTAGAATCGCG	Tumour	+
GX31_CAAGACTGTTAAGAAC	Tumour	+
GX31_CAAGAGGAGCCAAGGT	Tumour	+
GX31_CAAGAGGGTTCGTTCC	Tumour	+
GX31_CAAGCTAAGGATTACA	Tumour	+
GX31_CAAGCTAAGTAGGCCA	Tumour	+
GX31_CAAGCTACACCAAAGG	Tumour	+
GX31_CAAGCTATCCTTATAC	Tumour	+
GX31_CAAGGGAGTCTTCCGT	Tumour	+
GX31_CAATACGGTACACGTT	Tumour	+
GX31_CAATCGAAGTGTAGAT	Tumour	+
GX31_CAATCGAGTATCCCAA	Tumour	+
GX31_CAATCGATCGTTGCCT	Tumour	+
GX31_CAATGACCACGGTCTG	Tumour	+
GX31_CAATGACGTATGTGTC	Tumour	+
GX31_CAATTTCCAGACCAAG	Tumour	+
GX31_CAATTTCCAGATCACT	Tumour	+
GX31_CAATTTCGTGTTAGCT	Tumour	+
GX31_CACAACACAGAGGGTT	Tumour	+
GX31_CACAACAGTCGTTGGC	Tumour	+
GX31_CACAACATCGCCTATC	Tumour	+
GX31_CACAACATCGCCTTTG	Tumour	+
GX31_CACACAAAGGTCCCGT	Tumour	+
GX31_CACACAAGTAGCACGA	Tumour	+
GX31_CACACAAGTTGAGAGC	Tumour	+
GX31_CACAGATGTCTTCAAG	Tumour	+
GX31_CACATGAGTGCACGCT	Tumour	+
GX31_CACATGATCTGCTTTA	Tumour	+
GX31_CACCAAAAGCTGTGCC	Tumour	+
GX31_CACCAAACATAACAGA	Tumour	+
GX31_CACCAAAGTGCTCTTC	Tumour	+
GX31_CACCAAATCCGTATGA	Tumour	+
GX31_CACCAAATCGCTGCGA	Tumour	+
GX31_CACCAAATCGGAGTGA	Tumour	+
GX31_CACCGTTGTCATAGTC	Tumour	+
GX31_CACGAATAGGTTCACT	Tumour	+
GX31_CACGAATGTGAGCAGT	Tumour	+
GX31_CACGGGTCACCAGCGT	Tumour	+
GX31_CACGTGGAGCATGCGA	Tumour	+
GX31_CACGTTCAGGTACAAT	Tumour	+
GX31_CACGTTCAGTATTGCC	Tumour	+
GX31_CACGTTCCAGCACCCA	Tumour	+
GX31_CACGTTCCATGTGGCC	Tumour	+
GX31_CACGTTCGTATGAGCG	Tumour	+
GX31_CACGTTCTCACCGCTT	Tumour	+
GX31_CACGTTCTCTCCTACG	Tumour	+
GX31_CACTGAAAGGTAACTA	Tumour	+
GX31_CACTGAAGTTTCTTAC	Tumour	+
GX31_CACTGGGAGTAAACAC	Tumour	+
GX31_CACTGGGGTTAGAAAC	Tumour	+
GX31_CACTGGGGTTCGGCTG	Tumour	+
GX31_CACTGTCAGCTCCACG	Tumour	+
GX31_CACTGTCCACACCGCA	Tumour	+
GX31_CACTGTCGTATGCGTT	Tumour	+
GX31_CACTTCGCAGCAATTC	Tumour	+
GX31_CAGAGCCCAGCTGGTC	Tumour	+
GX31_CAGAGCCCAGCTTCCT	Tumour	+
GX31_CAGAGCCGTTCTCCCA	Tumour	+
GX31_CAGATACCAAGCTGCC	Tumour	+
GX31_CAGATACTCAATGTCG	Tumour	+
GX31_CAGATACTCCCGAACG	Tumour	+
GX31_CAGATACTCCGGACGT	Tumour	+
GX31_CAGATACTCGTGTTCC	Tumour	+
GX31_CAGATCAAGGGCGAGA	Tumour	+
GX31_CAGATCAAGTAATTGG	Tumour	+
GX31_CAGATCACATAGGCGA	Tumour	+
GX31_CAGATCAGTTCCGCGA	Tumour	+
GX31_CAGATCAGTTGGCCTG	Tumour	+
GX31_CAGATCATCGGTCATA	Tumour	+
GX31_CAGATTGAGATGCCGA	Tumour	+
GX31_CAGATTGTCCTGGGAC	Tumour	+
GX31_CAGCAATAGACAGCTG	Tumour	+
GX31_CAGCAATGTGTCCGTG	Tumour	+
GX31_CAGCAATGTTGGACTT	Tumour	+
GX31_CAGCAATGTTTCGACA	Tumour	+
GX31_CAGCAGCAGCAGCCCT	Tumour	+
GX31_CAGCAGCTCATCAGTG	Tumour	+
GX31_CAGCCAGGTTCCGTTC	Tumour	+
GX31_CAGCGTGAGGTACAAT	Tumour	+
GX31_CAGCGTGCATCGTTCC	Tumour	+
GX31_CAGGCCAAGGTGCTTT	Tumour	+
GX31_CAGGCCAAGTCACTAC	Tumour	+
GX31_CAGGCCAAGTTCCAGT	Tumour	+
GX31_CAGGCCACATCGCCTT	Tumour	+
GX31_CAGGCCAGTCTATGAC	Tumour	+
GX31_CAGGGCTAGGGACCAT	Tumour	+
GX31_CAGGGCTGTCGACTTA	Tumour	+
GX31_CAGGGCTGTGTTTCTT	Tumour	+
GX31_CAGGGCTTCCCGGTAG	Tumour	+
GX31_CAGGGCTTCCGTGGTG	Tumour	+
GX31_CAGGGCTTCTTCTTCC	Tumour	+
GX31_CAGGTATAGCACGTCC	Tumour	+
GX31_CAGGTATCAGGTGAGT	Tumour	+
GX31_CAGGTATCAGTCTTCC	Tumour	+
GX31_CAGGTATGTCCAGCCA	Tumour	+
GX31_CAGGTATTCTTCACAT	Tumour	+
GX31_CAGTTAGAGTCAACAA	Tumour	+
GX31_CAGTTAGTCACAATGC	Tumour	+
GX31_CAGTTCCAGACATGCG	Tumour	+
GX31_CAGTTCCCAGGACTAG	Tumour	+
GX31_CAGTTCCTCACGTAGT	Tumour	+
GX31_CATAAGCAGTATTGCC	Tumour	+
GX31_CATAAGCCAAAGAGTT	Tumour	+
GX31_CATAAGCGTGCTCTTC	Tumour	+
GX31_CATAAGCTCCCATAGA	Tumour	+
GX31_CATACAGCATACCAGT	Tumour	+
GX31_CATACAGCATTGCTGA	Tumour	+
GX31_CATACAGGTCAGCGTC	Tumour	+
GX31_CATACAGTCGCATGAT	Tumour	+
GX31_CATACAGTCGGTAACT	Tumour	+
GX31_CATACAGTCTTGCGCT	Tumour	+
GX31_CATACCCCAGCCCAGT	Tumour	+
GX31_CATACCCGTGTGCTTA	Tumour	+
GX31_CATACTTAGAGAAGGT	Tumour	+
GX31_CATACTTGTTATGTGC	Tumour	+
GX31_CATAGACCAACACTAC	Tumour	+
GX31_CATAGACCAGTCGGAA	Tumour	+
GX31_CATCCACAGAAATTGC	Tumour	+
GX31_CATCCACCAATTCTTC	Tumour	+
GX31_CATCCACCACGGAAGT	Tumour	+
GX31_CATCCACCACTATCCC	Tumour	+
GX31_CATCCACCATACTGAC	Tumour	+
GX31_CATCCACTCCGTGGGT	Tumour	+
GX31_CATCCACTCTATTTCG	Tumour	+
GX31_CATCCCAAGGGAGGGT	Tumour	+
GX31_CATCCCAAGGGTCACA	Tumour	+
GX31_CATCCCACACAATCTG	Tumour	+
GX31_CATCCCACACCTGATA	Tumour	+
GX31_CATCCCATCCTATGGA	Tumour	+
GX31_CATCCGTAGCTCTTCC	Tumour	+
GX31_CATCCGTTCCTTCGAC	Tumour	+
GX31_CATCCGTTCTAGATCG	Tumour	+
GX31_CATCGCTCAGCTTTCC	Tumour	+
GX31_CATCGCTGTATGGAGC	Tumour	+
GX31_CATCGGGGTATGAAAC	Tumour	+
GX31_CATCGGGGTGAATATG	Tumour	+
GX31_CATCGGGGTTAATGAG	Tumour	+
GX31_CATCGGGTCACACGAT	Tumour	+
GX31_CATCGTCAGCTGTCCG	Tumour	+
GX31_CATCGTCCACACACTA	Tumour	+
GX31_CATCGTCCATAATCCG	Tumour	+
GX31_CATCGTCTCTCAGGCG	Tumour	+
GX31_CATGAGTAGCAGGCAT	Tumour	+
GX31_CATGAGTGTTGATGTC	Tumour	+
GX31_CATGCAAAGAACGCGT	Tumour	+
GX31_CATGCAACATGGGATG	Tumour	+
GX31_CATGCAAGTACATACC	Tumour	+
GX31_CATGCAAGTACTTGTG	Tumour	+
GX31_CATGCAATCCATAGGT	Tumour	+
GX31_CATGCCTAGCTACGTT	Tumour	+
GX31_CATGCCTAGCTGTCCG	Tumour	+
GX31_CATGCCTAGTGACACG	Tumour	+
GX31_CATGCCTCACTCTGCT	Tumour	+
GX31_CATGCCTCAGATTAAG	Tumour	+
GX31_CATGCCTGTCAAAGTA	Tumour	+
GX31_CATGCGGCAGGCTTGC	Tumour	+
GX31_CATGCGGTCACCATCC	Tumour	+
GX31_CATGCGGTCTCCCATG	Tumour	+
GX31_CATGGATCAGCAGTTT	Tumour	+
GX31_CATGGATGTCTCACAA	Tumour	+
GX31_CATGGATTCGTCACCT	Tumour	+
GX31_CATGGTAAGTTGGCGA	Tumour	+
GX31_CATGGTACATGGCACC	Tumour	+
GX31_CATGGTAGTAAGGCTG	Tumour	+
GX31_CATGGTATCAGCAGAG	Tumour	+
GX31_CATTCATCACCGTGCA	Tumour	+
GX31_CATTCATGTCAGACGA	Tumour	+
GX31_CATTCATTCTCGGTCT	Tumour	+
GX31_CATTCTAAGCGTTGTT	Tumour	+
GX31_CATTGAGAGCACCCAC	Tumour	+
GX31_CATTGAGCAGGTAGTG	Tumour	+
GX31_CATTGAGCAGTGAGCA	Tumour	+
GX31_CATTGAGGTGCTCCGA	Tumour	+
GX31_CATTGAGGTGTTACAC	Tumour	+
GX31_CATTGAGTCCGGTTCT	Tumour	+
GX31_CATTGAGTCCTACACC	Tumour	+
GX31_CATTGAGTCGAACCTA	Tumour	+
GX31_CATTGCCCAGGCTTGC	Tumour	+
GX31_CATTGTTCACCGGAAA	Tumour	+
GX31_CATTGTTGTAACATGA	Tumour	+
GX31_CATTGTTTCGGAGTGA	Tumour	+
GX31_CATTTCAAGCGCCTTG	Tumour	+
GX31_CATTTCACATCAGTCA	Tumour	+
GX31_CATTTCATCAAGTTGC	Tumour	+
GX31_CCAAGCGAGCACTCAT	Tumour	+
GX31_CCAAGCGGTCTTGAGT	Tumour	+
GX31_CCAATGATCCCGAGAC	Tumour	+
GX31_CCAATTTGTACCGCGT	Tumour	+
GX31_CCACAAAAGCGTGAGT	Tumour	+
GX31_CCACAAATCAAAGGAT	Tumour	+
GX31_CCACACTAGATTGAGT	Tumour	+
GX31_CCACACTAGTAACCTC	Tumour	+
GX31_CCACACTCAGCTGTTA	Tumour	+
GX31_CCACCATAGAAGGCTC	Tumour	+
GX31_CCACCATAGACCTGGA	Tumour	+
GX31_CCACCATAGATGCCGA	Tumour	+
GX31_CCACCATGTGTTTACG	Tumour	+
GX31_CCACCATTCCCGAGAC	Tumour	+
GX31_CCACCATTCCTACGGG	Tumour	+
GX31_CCACCATTCGGTAGAG	Tumour	+
GX31_CCACGAGCATGCAGGA	Tumour	+
GX31_CCACGAGGTTACAGCT	Tumour	+
GX31_CCACGAGTCGGCTGGT	Tumour	+
GX31_CCACGTTAGAATACAC	Tumour	+
GX31_CCACGTTAGCAGGCAT	Tumour	+
GX31_CCACGTTAGGGACTGT	Tumour	+
GX31_CCACGTTCAACGGCCT	Tumour	+
GX31_CCACGTTCATCTCATT	Tumour	+
GX31_CCACTTGCAACTAGAA	Tumour	+
GX31_CCACTTGCATTGAGGG	Tumour	+
GX31_CCACTTGGTTCGGCCA	Tumour	+
GX31_CCACTTGTCGAAGGAC	Tumour	+
GX31_CCACTTGTCGGACTGC	Tumour	+
GX31_CCATAAGAGTTGGGAC	Tumour	+
GX31_CCATAAGGTAACACCT	Tumour	+
GX31_CCATCACAGCACCGTC	Tumour	+
GX31_CCATCACCACGTCTCT	Tumour	+
GX31_CCATCACCAGAGATTA	Tumour	+
GX31_CCATCACGTAGCACGA	Tumour	+
GX31_CCATCACTCCTGTTAT	Tumour	+
GX31_CCATCACTCTCTCTTC	Tumour	+
GX31_CCCAACTGTTGGACCC	Tumour	+
GX31_CCCAACTTCAAGATAG	Tumour	+
GX31_CCCATTGTCCTACTGC	Tumour	+
GX31_CCCGAAGAGATACGAT	Tumour	+
GX31_CCCGAAGCAGAACTTC	Tumour	+
GX31_CCCGAAGTCCGTAGGC	Tumour	+
GX31_CCCGAAGTCGAGTCCG	Tumour	+
GX31_CCCGGAACACTGAATC	Tumour	+
GX31_CCCTAACGTTGGACTT	Tumour	+
GX31_CCCTAACTCAACCTCC	Tumour	+
GX31_CCCTCAAAGCGTTCAT	Tumour	+
GX31_CCCTCAAAGTCTACCA	Tumour	+
GX31_CCCTCAACAGTAGTTC	Tumour	+
GX31_CCCTCAATCACAACCA	Tumour	+
GX31_CCCTCAATCTACGGGC	Tumour	+
GX31_CCCTCTCAGGAATTAC	Tumour	+
GX31_CCCTCTCAGGGCCTCT	Tumour	+
GX31_CCCTCTCTCCACTTTA	Tumour	+
GX31_CCCTCTCTCTACACAG	Tumour	+
GX31_CCCTGATCACCTGCGA	Tumour	+
GX31_CCCTGATGTACTGGGA	Tumour	+
GX31_CCCTTAGCAGTTAAAG	Tumour	+
GX31_CCCTTAGGTAAGCTCT	Tumour	+
GX31_CCCTTAGGTGTGTACT	Tumour	+
GX31_CCCTTAGTCAACACGT	Tumour	+
GX31_CCGAACGAGGATATAC	Tumour	+
GX31_CCGAACGCACAAGTTC	Tumour	+
GX31_CCGATCTGTGTTATCG	Tumour	+
GX31_CCGATGGAGACAACAT	Tumour	+
GX31_CCGATGGTCCTACAAG	Tumour	+
GX31_CCGCAAGAGGTTGGAC	Tumour	+
GX31_CCGCAAGCATCGAACT	Tumour	+
GX31_CCGCAAGGTGTGTTTG	Tumour	+
GX31_CCGGGTATCCATCTCG	Tumour	+
GX31_CCGGGTATCTATTTCG	Tumour	+
GX31_CCGGTAGCATAGGTAA	Tumour	+
GX31_CCGGTAGGTCTCAAGT	Tumour	+
GX31_CCGGTGAAGGAGAGTA	Tumour	+
GX31_CCGGTGAGTGTCCACG	Tumour	+
GX31_CCGTAGGAGGATACAT	Tumour	+
GX31_CCGTAGGAGTCCCTAA	Tumour	+
GX31_CCGTAGGGTCTAACGT	Tumour	+
GX31_CCGTGAGCAAATACGA	Tumour	+
GX31_CCGTGAGGTGATCATC	Tumour	+
GX31_CCGTGAGTCTGGTCAA	Tumour	+
GX31_CCGTTCAAGCATGATA	Tumour	+
GX31_CCGTTCACAACGGCCT	Tumour	+
GX31_CCGTTCAGTCTCTCTG	Tumour	+
GX31_CCGTTCATCGTGTTCC	Tumour	+
GX31_CCTAACCAGCAGCGAT	Tumour	+
GX31_CCTAACCAGCCAACCC	Tumour	+
GX31_CCTAACCCAACAAGTA	Tumour	+
GX31_CCTAACCCAGAACCGA	Tumour	+
GX31_CCTAACCTCAGGGATG	Tumour	+
GX31_CCTAAGAAGAGTGAAG	Tumour	+
GX31_CCTAAGAGTCGTACAT	Tumour	+
GX31_CCTACGTCAACAGAGC	Tumour	+
GX31_CCTACGTCACTTCAGA	Tumour	+
GX31_CCTACGTTCAAGCCTA	Tumour	+
GX31_CCTATCGCACGGCCAT	Tumour	+
GX31_CCTATCGGTCTGCCTT	Tumour	+
GX31_CCTATCGTCCGCAGTG	Tumour	+
GX31_CCTCAACCACCTGCTT	Tumour	+
GX31_CCTCAACCACTTCATT	Tumour	+
GX31_CCTCACAAGGGTCTTT	Tumour	+
GX31_CCTCAGTAGCTGCCAC	Tumour	+
GX31_CCTCAGTCAAAGTGTA	Tumour	+
GX31_CCTCAGTCAATTGAAG	Tumour	+
GX31_CCTCATGAGATGGCGT	Tumour	+
GX31_CCTCATGAGTCAGAGC	Tumour	+
GX31_CCTCATGCACTCGATA	Tumour	+
GX31_CCTCATGCAGGTCCGT	Tumour	+
GX31_CCTCATGGTGACGTCC	Tumour	+
GX31_CCTCATGGTTCTCTAT	Tumour	+
GX31_CCTCCAAGTTCAGCTA	Tumour	+
GX31_CCTCCAATCGAGTCTA	Tumour	+
GX31_CCTCCTCCATGACTTG	Tumour	+
GX31_CCTCCTCGTAGACACG	Tumour	+
GX31_CCTCCTCGTCATCCGG	Tumour	+
GX31_CCTCCTCTCGTAGAGG	Tumour	+
GX31_CCTCCTCTCTTTCCAA	Tumour	+
GX31_CCTCTAGAGGGTAATT	Tumour	+
GX31_CCTCTAGCAAGCTCTA	Tumour	+
GX31_CCTCTAGCACCTCAGG	Tumour	+
GX31_CCTCTAGCATGGATCT	Tumour	+
GX31_CCTCTAGGTCATCCCT	Tumour	+
GX31_CCTCTAGGTTAGAAGT	Tumour	+
GX31_CCTCTAGGTTCGTAAC	Tumour	+
GX31_CCTCTCCAGACGGTCA	Tumour	+
GX31_CCTCTCCAGCTGCCAC	Tumour	+
GX31_CCTCTCCCATCCTGTC	Tumour	+
GX31_CCTCTCCGTGTTCCTC	Tumour	+
GX31_CCTCTCCTCAACGTGT	Tumour	+
GX31_CCTCTCCTCACAGTGT	Tumour	+
GX31_CCTGCATTCGGCATCG	Tumour	+
GX31_CCTGTTGAGGTTACAA	Tumour	+
GX31_CCTGTTGGTTAATGAG	Tumour	+
GX31_CCTGTTGGTTTCTATC	Tumour	+
GX31_CCTTCAGAGTCAATCC	Tumour	+
GX31_CCTTCAGTCCTGCTAC	Tumour	+
GX31_CCTTGTGAGTGGTTAA	Tumour	+
GX31_CCTTTGGAGCTGTCCG	Tumour	+
GX31_CCTTTGGGTTCCACAA	Tumour	+
GX31_CGAAGGAGTTGCTTGA	Tumour	+
GX31_CGAAGTTAGACCAGAC	Tumour	+
GX31_CGAAGTTAGCAACAGC	Tumour	+
GX31_CGAAGTTCAGACCATT	Tumour	+
GX31_CGAAGTTGTGTTCGTA	Tumour	+
GX31_CGAAGTTGTTGAATCC	Tumour	+
GX31_CGAATTGCAAGAGATT	Tumour	+
GX31_CGAATTGTCAGCAATC	Tumour	+
GX31_CGACAGCCACACCTTC	Tumour	+
GX31_CGAGGCTTCCGACAGC	Tumour	+
GX31_CGAGTGCAGATCACCT	Tumour	+
GX31_CGAGTGCTCAGTGGGA	Tumour	+
GX31_CGAGTTAAGGTCGAGT	Tumour	+
GX31_CGAGTTACAATCGCCG	Tumour	+
GX31_CGATCGGCAGGTTACT	Tumour	+
GX31_CGATGCGAGCAATAGT	Tumour	+
GX31_CGATGCGAGGCATGGT	Tumour	+
GX31_CGATGGCGTATACCTG	Tumour	+
GX31_CGCATAAGTGGCGCTT	Tumour	+
GX31_CGCATAATCGCAATGT	Tumour	+
GX31_CGCATAATCGGTCAGC	Tumour	+
GX31_CGCATGGAGAACAAGG	Tumour	+
GX31_CGCATGGTCAAGGACG	Tumour	+
GX31_CGCCAGACACGTCGGT	Tumour	+
GX31_CGCCAGAGTCCGGCAT	Tumour	+
GX31_CGCCAGATCCTGGTCT	Tumour	+
GX31_CGCCATTAGCGGTAAC	Tumour	+
GX31_CGCCATTCAATTGCAC	Tumour	+
GX31_CGCCATTCACCTTCCA	Tumour	+
GX31_CGCCATTTCATCGCTC	Tumour	+
GX31_CGCCATTTCGAGCTGC	Tumour	+
GX31_CGCCATTTCTAGTACG	Tumour	+
GX31_CGCGTGATCCATAGAC	Tumour	+
GX31_CGGAATTCAAGGTCTT	Tumour	+
GX31_CGGACACAGATAGTGT	Tumour	+
GX31_CGGACACTCCAGTACA	Tumour	+
GX31_CGGACACTCCGCACTT	Tumour	+
GX31_CGGAGAAGTACGAGTG	Tumour	+
GX31_CGGCAGTAGAGCAGTC	Tumour	+
GX31_CGGCAGTCAGTCGTTA	Tumour	+
GX31_CGGGCATCAGTTAGGG	Tumour	+
GX31_CGGGCATTCATAGACC	Tumour	+
GX31_CGGGTGTCATCCTCAC	Tumour	+
GX31_CGGGTGTCATTGGCAT	Tumour	+
GX31_CGGGTGTGTAGTTACC	Tumour	+
GX31_CGGGTGTTCACGATAC	Tumour	+
GX31_CGGGTGTTCGAAGCCC	Tumour	+
GX31_CGGTCAGAGGATTTGA	Tumour	+
GX31_CGGTCAGAGGCAGGGA	Tumour	+
GX31_CGTAAGTAGTCCTGCG	Tumour	+
GX31_CGTAAGTCACTGCGAC	Tumour	+
GX31_CGTAGTAAGAGGATCC	Tumour	+
GX31_CGTAGTAAGGTTAAAC	Tumour	+
GX31_CGTAGTACACGTGAGA	Tumour	+
GX31_CGTAGTATCGTAATGC	Tumour	+
GX31_CGTCAAAAGGAACGAA	Tumour	+
GX31_CGTCAAACAAACACCT	Tumour	+
GX31_CGTCCATCATCCTGTC	Tumour	+
GX31_CGTGAATAGCTCCACG	Tumour	+
GX31_CGTGAATGTCGGCTAC	Tumour	+
GX31_CGTGCTTTCTCGCCTA	Tumour	+
GX31_CGTGCTTTCTTTACAC	Tumour	+
GX31_CGTGTCTCAAATGCTC	Tumour	+
GX31_CGTTAGATCTCCATAT	Tumour	+
GX31_CGTTAGATCTCTGCTG	Tumour	+
GX31_CGTTCTGAGGTTCAGG	Tumour	+
GX31_CGTTCTGGTCCAGTTA	Tumour	+
GX31_CGTTCTGTCACCCTGT	Tumour	+
GX31_CGTTGGGAGCTGCCAC	Tumour	+
GX31_CTAACCCCATCCGAAT	Tumour	+
GX31_CTAACCCTCAGCATTG	Tumour	+
GX31_CTAACTTGTATTGAGA	Tumour	+
GX31_CTAACTTTCGAGATGG	Tumour	+
GX31_CTAACTTTCTCAACGA	Tumour	+
GX31_CTAACTTTCTTTCAGT	Tumour	+
GX31_CTAAGTGAGTGCGACA	Tumour	+
GX31_CTACAGACAGCCGTCA	Tumour	+
GX31_CTACATTAGATTCGAA	Tumour	+
GX31_CTACATTCAAGACGGT	Tumour	+
GX31_CTACCCAAGGGACCAT	Tumour	+
GX31_CTACCCACAACGTATC	Tumour	+
GX31_CTACCTGGTTGGGTTT	Tumour	+
GX31_CTACCTGTCAGGGATG	Tumour	+
GX31_CTACGGGCACAACGCC	Tumour	+
GX31_CTACGGGCATGGGTTT	Tumour	+
GX31_CTACGGGTCAAATGAG	Tumour	+
GX31_CTACTATAGCCTGTGC	Tumour	+
GX31_CTACTATAGGCACCAA	Tumour	+
GX31_CTAGACAAGCTCCGAC	Tumour	+
GX31_CTAGACAAGTTTGGCT	Tumour	+
GX31_CTAGACACACGTACAT	Tumour	+
GX31_CTAGACAGTTGTATGC	Tumour	+
GX31_CTAGGTAAGACTCAAA	Tumour	+
GX31_CTAGGTAGTAGGTACG	Tumour	+
GX31_CTATAGGCACACCTTC	Tumour	+
GX31_CTATCCGCAGCTACAT	Tumour	+
GX31_CTATCCGGTATGCGTT	Tumour	+
GX31_CTATCCGGTTTGCCGG	Tumour	+
GX31_CTATCCGTCAAACGAA	Tumour	+
GX31_CTATCTAAGGCCATAG	Tumour	+
GX31_CTATCTACAAAGACGC	Tumour	+
GX31_CTATCTACATGGCTGC	Tumour	+
GX31_CTATCTATCAACTGGT	Tumour	+
GX31_CTCAACCAGGATCATA	Tumour	+
GX31_CTCAACCCAAGCTCTA	Tumour	+
GX31_CTCAAGAAGCTGACTT	Tumour	+
GX31_CTCAAGACAACCGATT	Tumour	+
GX31_CTCAAGACATACCGTA	Tumour	+
GX31_CTCAAGAGTCAACCTA	Tumour	+
GX31_CTCAATTAGCAACCAG	Tumour	+
GX31_CTCAATTAGGATTTCC	Tumour	+
GX31_CTCAATTCAAATTGGA	Tumour	+
GX31_CTCAATTTCATGCCCT	Tumour	+
GX31_CTCACTGAGGGTAGCT	Tumour	+
GX31_CTCAGAAGTTTACACG	Tumour	+
GX31_CTCAGAATCACTCGAA	Tumour	+
GX31_CTCAGAATCTACTATC	Tumour	+
GX31_CTCAGGGGTCAAGTTC	Tumour	+
GX31_CTCAGGGTCAAGTCGT	Tumour	+
GX31_CTCAGGGTCACCGGTG	Tumour	+
GX31_CTCAGTCTCTGAATCG	Tumour	+
GX31_CTCATGCAGGGTTAGC	Tumour	+
GX31_CTCATTATCACTTTGT	Tumour	+
GX31_CTCATTATCCGAGTGC	Tumour	+
GX31_CTCATTATCTTAGGAC	Tumour	+
GX31_CTCCAACAGTTCCAGT	Tumour	+
GX31_CTCCAACCAGGGTTGA	Tumour	+
GX31_CTCCAACTCCATTGGA	Tumour	+
GX31_CTCCACACAGTAGTTC	Tumour	+
GX31_CTCCACAGTCGAGATG	Tumour	+
GX31_CTCCACAGTGATACAA	Tumour	+
GX31_CTCCACATCCATCTCG	Tumour	+
GX31_CTCCACATCTATCCAT	Tumour	+
GX31_CTCCACATCTCCCAAC	Tumour	+
GX31_CTCCATGAGAGGGTCT	Tumour	+
GX31_CTCCATGCACCACTGG	Tumour	+
GX31_CTCCATGCATAACCCA	Tumour	+
GX31_CTCCATGGTCTTCAAG	Tumour	+
GX31_CTCCCAAAGCGTACAG	Tumour	+
GX31_CTCCCAACAGGACAGT	Tumour	+
GX31_CTCCCAACATCTATCT	Tumour	+
GX31_CTCCCAATCTAGCCTC	Tumour	+
GX31_CTCCCAATCTCGCTCA	Tumour	+
GX31_CTCCCTCGTACAAGTA	Tumour	+
GX31_CTCCGATAGACGCTCC	Tumour	+
GX31_CTCCGATGTCGATTCA	Tumour	+
GX31_CTCCTCCAGTAGTGCG	Tumour	+
GX31_CTCCTCCAGTTCGCAT	Tumour	+
GX31_CTCCTCCCAACTGAAA	Tumour	+
GX31_CTCCTCCCACAAACGG	Tumour	+
GX31_CTCCTCCTCCCAGTGG	Tumour	+
GX31_CTCCTTTAGGTACATA	Tumour	+
GX31_CTCCTTTGTAGCTTAC	Tumour	+
GX31_CTCGAGGCACACCGCA	Tumour	+
GX31_CTCGAGGCACGTAACT	Tumour	+
GX31_CTCGAGGGTGCTGATT	Tumour	+
GX31_CTCGAGGTCAGAATAG	Tumour	+
GX31_CTCTCAGGTACCGTCG	Tumour	+
GX31_CTCTCAGTCGACCAAT	Tumour	+
GX31_CTCTCGAAGCACTCGC	Tumour	+
GX31_CTCTCGACAAACGGCA	Tumour	+
GX31_CTCTCGACAGTCAGAG	Tumour	+
GX31_CTCTCGACATCATCTT	Tumour	+
GX31_CTCTCGATCGCGAAGA	Tumour	+
GX31_CTCTGGTCATCCAACA	Tumour	+
GX31_CTGAATGAGGTGAGAA	Tumour	+
GX31_CTGAATGCAAAGTATG	Tumour	+
GX31_CTGAATGCAGGCTCTG	Tumour	+
GX31_CTGAATGTCCGTATGA	Tumour	+
GX31_CTGAGCGAGGCAATGC	Tumour	+
GX31_CTGAGCGAGGTCGTGA	Tumour	+
GX31_CTGAGCGCACCAGGTC	Tumour	+
GX31_CTGAGCGCACCATTCC	Tumour	+
GX31_CTGAGCGGTTCTCACC	Tumour	+
GX31_CTGAGGCAGGGTTGCA	Tumour	+
GX31_CTGAGGCCACTTCCTG	Tumour	+
GX31_CTGAGGCTCTGGTGGC	Tumour	+
GX31_CTGATCCAGATGTAGT	Tumour	+
GX31_CTGATCCCAAAGCAAT	Tumour	+
GX31_CTGATCCGTCCAAAGG	Tumour	+
GX31_CTGCAGGCAGAAGCTG	Tumour	+
GX31_CTGCAGGGTATGAGAT	Tumour	+
GX31_CTGCAGGGTTGAGTCT	Tumour	+
GX31_CTGCATCAGTAGGTTA	Tumour	+
GX31_CTGCATCTCAAGTGGG	Tumour	+
GX31_CTGCCATAGAGAACCC	Tumour	+
GX31_CTGCCATCAACAAAGT	Tumour	+
GX31_CTGCCATCAGACGGAT	Tumour	+
GX31_CTGCCATTCCGGTTCT	Tumour	+
GX31_CTGCCTAAGAGGTGCT	Tumour	+
GX31_CTGCCTACATGTCAGT	Tumour	+
GX31_CTGCCTAGTCGCAACC	Tumour	+
GX31_CTGCCTAGTGCCTATA	Tumour	+
GX31_CTGCGAGAGGGCAATC	Tumour	+
GX31_CTGCGAGGTAACGTTC	Tumour	+
GX31_CTGCGAGGTAGGAGTC	Tumour	+
GX31_CTGCGAGTCCTGGCTT	Tumour	+
GX31_CTGGACGAGTCTTGGT	Tumour	+
GX31_CTGGACGCAGTGGCTC	Tumour	+
GX31_CTGGCAGAGACTCGAG	Tumour	+
GX31_CTGGCAGCAAAGGAGA	Tumour	+
GX31_CTGGCAGTCACAACCA	Tumour	+
GX31_CTGGTCTAGAGCGACT	Tumour	+
GX31_CTGGTCTAGGTCCAGA	Tumour	+
GX31_CTGGTCTAGTCGTTAC	Tumour	+
GX31_CTGGTCTGTCTAGGTT	Tumour	+
GX31_CTGGTCTGTTCGAAGG	Tumour	+
GX31_CTGTACCAGTGCCAGA	Tumour	+
GX31_CTGTACCTCACTTATC	Tumour	+
GX31_CTGTACCTCAGGCGAA	Tumour	+
GX31_CTGTAGAAGGTAAGTT	Tumour	+
GX31_CTGTATTAGGTTAGTA	Tumour	+
GX31_CTGTATTAGTCTAGAA	Tumour	+
GX31_CTGTATTCAAGTATCC	Tumour	+
GX31_CTGTATTCAGTATTCG	Tumour	+
GX31_CTGTATTGTACCCGCA	Tumour	+
GX31_CTGTATTTCCATCTGC	Tumour	+
GX31_CTGTGAATCCTGGGAC	Tumour	+
GX31_CTGTGAATCGTTTACT	Tumour	+
GX31_CTGTGGGGTTAACCTG	Tumour	+
GX31_CTGTGGGTCGGCTGAC	Tumour	+
GX31_CTGTGGGTCTTTCGAT	Tumour	+
GX31_CTTAGGAAGCACCAGA	Tumour	+
GX31_CTTCAATCAACACGAG	Tumour	+
GX31_CTTCAATGTGGGACAT	Tumour	+
GX31_CTTCAATTCGCCAGAC	Tumour	+
GX31_CTTCAATTCTGGCTGG	Tumour	+
GX31_CTTCCGAAGACATACA	Tumour	+
GX31_CTTCCGAAGTGGTGAC	Tumour	+
GX31_CTTCCGACACGCTTAA	Tumour	+
GX31_CTTCCGACACTGGAAG	Tumour	+
GX31_CTTCCGAGTGGCAACA	Tumour	+
GX31_CTTCCGATCATGCTAG	Tumour	+
GX31_CTTCCTTCAGCCTACG	Tumour	+
GX31_CTTCCTTCATTGACTG	Tumour	+
GX31_CTTCCTTGTTGCGGCT	Tumour	+
GX31_CTTCTAAAGACCTCCG	Tumour	+
GX31_CTTCTAACACCTCTAC	Tumour	+
GX31_CTTCTAACAGGATTCT	Tumour	+
GX31_CTTGAGACATCAGCAT	Tumour	+
GX31_CTTGAGACATCGAGCC	Tumour	+
GX31_CTTGAGATCGCAGAGA	Tumour	+
GX31_CTTGATTGTCGCACAC	Tumour	+
GX31_CTTGATTGTCTTCTAT	Tumour	+
GX31_CTTTCAACAAGCGAAC	Tumour	+
GX31_CTTTCAACAGGTTACT	Tumour	+
GX31_CTTTCAAGTAACATCC	Tumour	+
GX31_CTTTCAAGTATACGGG	Tumour	+
GX31_CTTTCGGAGAGACAAG	Tumour	+
GX31_CTTTCGGAGTCGGCCT	Tumour	+
GX31_CTTTCGGGTTGGGTAG	Tumour	+
GX31_GAAACCTAGTACAACA	Tumour	+
GX31_GAAACCTAGTTTCGGT	Tumour	+
GX31_GAAATGACACGTCGTG	Tumour	+
GX31_GAAATGATCAGCTGAT	Tumour	+
GX31_GAACACTTCCCATAAG	Tumour	+
GX31_GAACACTTCCGCTTAC	Tumour	+
GX31_GAACACTTCGAGAAAT	Tumour	+
GX31_GAACACTTCTCTCGAC	Tumour	+
GX31_GAACGTTTCTACCACC	Tumour	+
GX31_GAACTGTAGAGTCAAT	Tumour	+
GX31_GAACTGTCACGCGGTT	Tumour	+
GX31_GAACTGTTCGTTATCT	Tumour	+
GX31_GAAGAATGTGTCCACG	Tumour	+
GX31_GAAGAATGTTACCCAA	Tumour	+
GX31_GAAGCCCAGAATTTGG	Tumour	+
GX31_GAAGCCCAGTAACGTA	Tumour	+
GX31_GAAGCCCAGTCGAGGT	Tumour	+
GX31_GAAGCCCCAGAACTCT	Tumour	+
GX31_GAAGCCCTCCCACAGG	Tumour	+
GX31_GAAGCGAGTAGTTACC	Tumour	+
GX31_GAAGCGATCCGCAACG	Tumour	+
GX31_GAAGGACGTAAGATAC	Tumour	+
GX31_GAAGGGTAGACATCAA	Tumour	+
GX31_GAAGTAAAGCATAGGC	Tumour	+
GX31_GAAGTAAAGGTCACAG	Tumour	+
GX31_GAAGTAACAACTGCTA	Tumour	+
GX31_GAAGTAACATTCACCC	Tumour	+
GX31_GAAGTAAGTACACGCC	Tumour	+
GX31_GAAGTAAGTAGCTGAG	Tumour	+
GX31_GAAGTAAGTCAAGTTC	Tumour	+
GX31_GAATAGAAGCCAAGCA	Tumour	+
GX31_GAATAGAAGGTCACAG	Tumour	+
GX31_GAATAGATCATCGTAG	Tumour	+
GX31_GAATCACAGAGGTTTA	Tumour	+
GX31_GAATCACAGTGACACG	Tumour	+
GX31_GAATCACCAGCCTTCT	Tumour	+
GX31_GAATCACTCAAGAAAC	Tumour	+
GX31_GAATCACTCGTCCTTG	Tumour	+
GX31_GAATCACTCTACACTT	Tumour	+
GX31_GAATCGTCATGACTGT	Tumour	+
GX31_GAATCGTGTGCGGCTT	Tumour	+
GX31_GAATCGTTCAGCCTCT	Tumour	+
GX31_GAATCGTTCGGAATGG	Tumour	+
GX31_GAATCGTTCTCCCTAG	Tumour	+
GX31_GACACGCTCTCAGTCC	Tumour	+
GX31_GACATCAAGCTCTATG	Tumour	+
GX31_GACATCACATGACAGG	Tumour	+
GX31_GACCAATAGATCACCT	Tumour	+
GX31_GACCAATAGATGCGAC	Tumour	+
GX31_GACCCAGAGAAGCCAC	Tumour	+
GX31_GACCCAGCACTTCAAG	Tumour	+
GX31_GACCCAGGTCTTGCTC	Tumour	+
GX31_GACCCTTCATGACTGT	Tumour	+
GX31_GACCCTTTCAAACGAA	Tumour	+
GX31_GACCGTGAGACGCTCC	Tumour	+
GX31_GACCGTGCATTGTGCA	Tumour	+
GX31_GACCGTGGTGATGGCA	Tumour	+
GX31_GACCTTCAGTAGAATC	Tumour	+
GX31_GACCTTCAGTTGTACC	Tumour	+
GX31_GACGCTGGTGGAGGTT	Tumour	+
GX31_GACGCTGTCGAACGCC	Tumour	+
GX31_GACGTTAAGCGACAGT	Tumour	+
GX31_GACGTTACACTAAACC	Tumour	+
GX31_GACGTTACAGCGAGTA	Tumour	+
GX31_GACGTTACAGGGATAC	Tumour	+
GX31_GACTATGAGTAGCCAG	Tumour	+
GX31_GACTATGGTAGAGTTA	Tumour	+
GX31_GACTCAAGTATGTCAC	Tumour	+
GX31_GACTCAATCTACGCGG	Tumour	+
GX31_GACTCAATCTGAATGC	Tumour	+
GX31_GACTCTCGTGAATGTA	Tumour	+
GX31_GACTGATCATAATGCC	Tumour	+
GX31_GACTGATGTGTATTCG	Tumour	+
GX31_GACTGATGTGTTGACT	Tumour	+
GX31_GACTGATTCGGTAGAG	Tumour	+
GX31_GACTTCCTCTGTACAG	Tumour	+
GX31_GAGAAATAGTTTGGCT	Tumour	+
GX31_GAGAAATCAGGTCCCA	Tumour	+
GX31_GAGACCCAGATTGCGG	Tumour	+
GX31_GAGACCCCACTCCGGA	Tumour	+
GX31_GAGACTTGTCAACATC	Tumour	+
GX31_GAGAGGTCACAATTCG	Tumour	+
GX31_GAGAGGTGTCCTATAG	Tumour	+
GX31_GAGAGGTGTCTGCGCA	Tumour	+
GX31_GAGAGGTTCCCTTGGT	Tumour	+
GX31_GAGATGGCACGGGTAA	Tumour	+
GX31_GAGATGGCAGACGATG	Tumour	+
GX31_GAGATGGCATAGGAGC	Tumour	+
GX31_GAGCCTGTCTAGCCTC	Tumour	+
GX31_GAGCTGCCAGCCGGTT	Tumour	+
GX31_GAGCTGCGTGAGGATC	Tumour	+
GX31_GAGGCCTAGTAACCTC	Tumour	+
GX31_GAGGCCTCACTTTATC	Tumour	+
GX31_GAGGCCTTCCTCCACA	Tumour	+
GX31_GAGGGATAGAGTCTGG	Tumour	+
GX31_GAGGGATGTCGAGATG	Tumour	+
GX31_GAGGGATGTGTATTCG	Tumour	+
GX31_GAGTCTAAGTGGTTGG	Tumour	+
GX31_GAGTCTACAAACCACT	Tumour	+
GX31_GAGTCTACAATAGAGT	Tumour	+
GX31_GAGTGTTAGATCACCT	Tumour	+
GX31_GAGTGTTAGATTCGCT	Tumour	+
GX31_GAGTGTTAGTCCTGTA	Tumour	+
GX31_GAGTGTTCAGAATTCC	Tumour	+
GX31_GAGTGTTCAGGTTCCG	Tumour	+
GX31_GAGTGTTGTGTATTGC	Tumour	+
GX31_GAGTGTTTCACTGGGC	Tumour	+
GX31_GAGTTACCAAACACCT	Tumour	+
GX31_GAGTTACCACGCCACA	Tumour	+
GX31_GAGTTACCACGGCTAC	Tumour	+
GX31_GAGTTACGTGCCCTTT	Tumour	+
GX31_GAGTTGTCAGCATTGT	Tumour	+
GX31_GAGTTGTCAGTGTACT	Tumour	+
GX31_GAGTTTGAGCCGCTTG	Tumour	+
GX31_GAGTTTGCATTGTGCA	Tumour	+
GX31_GAGTTTGTCTTCGGTC	Tumour	+
GX31_GATAGAAAGTCTGCAT	Tumour	+
GX31_GATAGAAGTCCTCCTA	Tumour	+
GX31_GATAGCTAGAGTCTGG	Tumour	+
GX31_GATAGCTGTAGCTGAG	Tumour	+
GX31_GATAGCTTCGCTAATG	Tumour	+
GX31_GATCACAAGTCAATCC	Tumour	+
GX31_GATCACACACGGTGAA	Tumour	+
GX31_GATCACAGTACGTACT	Tumour	+
GX31_GATCACATCGACGCGT	Tumour	+
GX31_GATCAGTTCGTGGGAA	Tumour	+
GX31_GATCCCTAGATGTTGA	Tumour	+
GX31_GATCCCTAGCGTGCTC	Tumour	+
GX31_GATCCCTCATTATGCG	Tumour	+
GX31_GATCCCTGTCATCCGG	Tumour	+
GX31_GATCCCTTCGGTAACT	Tumour	+
GX31_GATCGTAAGGGACCAT	Tumour	+
GX31_GATCGTACAGGAGGTT	Tumour	+
GX31_GATCGTATCAGTGTTG	Tumour	+
GX31_GATCGTATCCGTGACG	Tumour	+
GX31_GATCGTATCGCCTATC	Tumour	+
GX31_GATGACTAGTTTGTCG	Tumour	+
GX31_GATGACTGTCGGAAAC	Tumour	+
GX31_GATGAGGAGTCAGAGC	Tumour	+
GX31_GATGATCAGCATGTTC	Tumour	+
GX31_GATGATCAGCTACAAA	Tumour	+
GX31_GATGATCAGGAAGTGA	Tumour	+
GX31_GATGATCAGGTAAAGG	Tumour	+
GX31_GATGATCAGGTACCTT	Tumour	+
GX31_GATGATCAGTGGATTA	Tumour	+
GX31_GATGATCGTCCCTAAA	Tumour	+
GX31_GATGATCTCAAGAGGC	Tumour	+
GX31_GATGATCTCAAGGCTT	Tumour	+
GX31_GATGATCTCGGCATCG	Tumour	+
GX31_GATGCTAAGCCATTTG	Tumour	+
GX31_GATGCTACAAGAAATC	Tumour	+
GX31_GATGCTACAGTAGTGG	Tumour	+
GX31_GATGGAGGTACAGCGA	Tumour	+
GX31_GATGGAGGTACAGGTG	Tumour	+
GX31_GATGTTGAGGCTTAAA	Tumour	+
GX31_GATGTTGAGTGATTCC	Tumour	+
GX31_GATGTTGGTTGGGCCT	Tumour	+
GX31_GATTCGAGTTGATCGT	Tumour	+
GX31_GATTCGATCACCGCTT	Tumour	+
GX31_GATTCTTAGACACACG	Tumour	+
GX31_GATTCTTCAGAGTTCT	Tumour	+
GX31_GATTGGTAGCATAGGC	Tumour	+
GX31_GATTGGTAGCTCGACC	Tumour	+
GX31_GATTGGTCACGTACTA	Tumour	+
GX31_GATTGGTCACTACAGT	Tumour	+
GX31_GATTTCTTCGACGTCG	Tumour	+
GX31_GATTTCTTCTCGTGAA	Tumour	+
GX31_GATTTCTTCTGGACTA	Tumour	+
GX31_GCAACATGTGGACCAA	Tumour	+
GX31_GCAACCGAGGATGTTA	Tumour	+
GX31_GCAACCGGTTCTAACG	Tumour	+
GX31_GCAACCGTCTTGGTCC	Tumour	+
GX31_GCACATAAGCCTAACT	Tumour	+
GX31_GCACATATCGTAGGGA	Tumour	+
GX31_GCACGGTAGAGCAGAA	Tumour	+
GX31_GCACGGTGTGGCTACC	Tumour	+
GX31_GCACGTGAGACTGTTC	Tumour	+
GX31_GCACGTGAGGGTAGCT	Tumour	+
GX31_GCACGTGGTACTAGCT	Tumour	+
GX31_GCACGTGGTCCTTTGC	Tumour	+
GX31_GCACGTGTCATTCATC	Tumour	+
GX31_GCACTAAAGAGAGTTT	Tumour	+
GX31_GCACTAAAGTGGCGAT	Tumour	+
GX31_GCACTAACAATTGTGC	Tumour	+
GX31_GCACTAAGTGGATCAG	Tumour	+
GX31_GCACTAATCGAGATGG	Tumour	+
GX31_GCAGCCATCGGTCATA	Tumour	+
GX31_GCAGCTGAGGGCCAAT	Tumour	+
GX31_GCAGCTGCACCAGCGT	Tumour	+
GX31_GCAGCTGCACTACTTT	Tumour	+
GX31_GCAGCTGGTAATGCGG	Tumour	+
GX31_GCAGCTGTCCTACACC	Tumour	+
GX31_GCAGGCTAGGTCCTGC	Tumour	+
GX31_GCAGGCTAGTTCATGC	Tumour	+
GX31_GCAGGCTGTCACCTTC	Tumour	+
GX31_GCAGTTAAGTGAATAC	Tumour	+
GX31_GCATCGGAGCACCAGA	Tumour	+
GX31_GCATCGGTCTTCCTAA	Tumour	+
GX31_GCATCTCAGACGACTG	Tumour	+
GX31_GCATCTCAGGGTACAC	Tumour	+
GX31_GCATCTCCAAGATGGC	Tumour	+
GX31_GCATCTCTCACCCTCA	Tumour	+
GX31_GCATGATAGTAGACAT	Tumour	+
GX31_GCATTAGAGTGCACCC	Tumour	+
GX31_GCATTAGCAAGACGAC	Tumour	+
GX31_GCATTAGGTCGTACAT	Tumour	+
GX31_GCATTAGGTTCGATTG	Tumour	+
GX31_GCATTAGTCTCGTCGT	Tumour	+
GX31_GCCAACGAGGATCATA	Tumour	+
GX31_GCCAACGCACAAATAG	Tumour	+
GX31_GCCAGCACAATAGGAT	Tumour	+
GX31_GCCAGCAGTCCTCCAT	Tumour	+
GX31_GCCAGGTAGTGTTCAC	Tumour	+
GX31_GCCAGGTCACTGTGAT	Tumour	+
GX31_GCCAGGTCATAGTCGT	Tumour	+
GX31_GCCAGGTGTGACCGTC	Tumour	+
GX31_GCCAGGTTCCAAGCTA	Tumour	+
GX31_GCCAGTGAGAAGATCT	Tumour	+
GX31_GCCATGGCACCCATAA	Tumour	+
GX31_GCCATGGGTGGATCAG	Tumour	+
GX31_GCCATGGGTTGTGGCC	Tumour	+
GX31_GCCATTCAGGATTCAA	Tumour	+
GX31_GCCATTCGTCAAAGAT	Tumour	+
GX31_GCCATTCGTTGCAAGG	Tumour	+
GX31_GCCATTCTCGTGGGAA	Tumour	+
GX31_GCCCAGAGTACCGTCG	Tumour	+
GX31_GCCCGAAAGCTACTAC	Tumour	+
GX31_GCCCGAAGTGGTCTAT	Tumour	+
GX31_GCCCGAATCCGACATA	Tumour	+
GX31_GCCGATGAGATGTTCC	Tumour	+
GX31_GCCGATGCAACTGCCG	Tumour	+
GX31_GCCGATGCATGGCGCT	Tumour	+
GX31_GCCGATGTCCTTCACG	Tumour	+
GX31_GCCGATGTCTTCTCAA	Tumour	+
GX31_GCCTGTTCAGATCACT	Tumour	+
GX31_GCCTGTTCAGGACTAG	Tumour	+
GX31_GCCTGTTGTTGTGCCG	Tumour	+
GX31_GCCTGTTTCCTCCACA	Tumour	+
GX31_GCGAGAACAAAGAGTT	Tumour	+
GX31_GCGAGAACACTTACAG	Tumour	+
GX31_GCGAGAACAGACTCTA	Tumour	+
GX31_GCGAGAACAGGTGGAT	Tumour	+
GX31_GCGGAAACAACCAATC	Tumour	+
GX31_GCGGAAAGTCGTTGCG	Tumour	+
GX31_GCGGAAAGTCTACATG	Tumour	+
GX31_GCGGAAATCAATCCAG	Tumour	+
GX31_GCGGAAATCATCACCC	Tumour	+
GX31_GCGGATCCAACAGTGG	Tumour	+
GX31_GCGTGCACATTGCTGA	Tumour	+
GX31_GCGTGCATCATTTACC	Tumour	+
GX31_GCGTTTCAGTCTAACC	Tumour	+
GX31_GCTACAAGTCATGGCC	Tumour	+
GX31_GCTACAATCCTACTGC	Tumour	+
GX31_GCTACAATCTAACGGT	Tumour	+
GX31_GCTACCTGTCTCGGGT	Tumour	+
GX31_GCTACCTTCGGCATCG	Tumour	+
GX31_GCTCAAAAGACTGAGC	Tumour	+
GX31_GCTGAATCACAGAGAC	Tumour	+
GX31_GCTGAATCACGCCAGT	Tumour	+
GX31_GCTGAATTCGCTGACG	Tumour	+
GX31_GCTGCAGAGATTACCC	Tumour	+
GX31_GCTGCAGCACGTGAGA	Tumour	+
GX31_GCTGCAGGTCGAGTGA	Tumour	+
GX31_GCTGGGTAGGCTAAAT	Tumour	+
GX31_GCTTGGGCACGACCTG	Tumour	+
GX31_GCTTGGGTCATGCCGG	Tumour	+
GX31_GCTTGGGTCATGGATC	Tumour	+
GX31_GCTTGGGTCCCGAGTG	Tumour	+
GX31_GCTTTCGAGTTGGCGA	Tumour	+
GX31_GCTTTCGCAAGGCAAC	Tumour	+
GX31_GCTTTCGTCGTCGATA	Tumour	+
GX31_GCTTTCGTCTGTGCGG	Tumour	+
GX31_GGAACCCAGAGGCGTT	Tumour	+
GX31_GGAACCCAGATGGTCG	Tumour	+
GX31_GGAACCCAGCGCCATC	Tumour	+
GX31_GGAACCCCAATGTGGG	Tumour	+
GX31_GGAACCCTCGCTATTT	Tumour	+
GX31_GGAAGTGCAGTAACGG	Tumour	+
GX31_GGAATCTAGTTAGTAG	Tumour	+
GX31_GGAATGGAGCTATCCA	Tumour	+
GX31_GGAATGGCAGGGATAC	Tumour	+
GX31_GGAATGGGTGTCCATA	Tumour	+
GX31_GGAATGGTCCGCGATG	Tumour	+
GX31_GGAATGGTCCGTAGGC	Tumour	+
GX31_GGAATGGTCGGTCGGT	Tumour	+
GX31_GGACGTCCATTGTGCA	Tumour	+
GX31_GGAGAACAGTTACGTC	Tumour	+
GX31_GGAGAACGTCTCAGGC	Tumour	+
GX31_GGAGAACTCGGCACTG	Tumour	+
GX31_GGAGAACTCTGGGCAC	Tumour	+
GX31_GGAGATGCAATTGCTG	Tumour	+
GX31_GGAGATGGTGGCTAGA	Tumour	+
GX31_GGAGCAACAGTCAACT	Tumour	+
GX31_GGAGCAAGTTGCAACT	Tumour	+
GX31_GGAGGATCAAGCGAGT	Tumour	+
GX31_GGAGGATCAGTCCCGA	Tumour	+
GX31_GGAGGTACAGCGTATT	Tumour	+
GX31_GGAGGTATCGTTCATT	Tumour	+
GX31_GGATCTACAGCATGCC	Tumour	+
GX31_GGATGTTCAACGTATC	Tumour	+
GX31_GGATGTTTCCTAGAGT	Tumour	+
GX31_GGCACGTCAAGGTTGG	Tumour	+
GX31_GGCGTCAAGCTCTATG	Tumour	+
GX31_GGCGTCACATCAGTGT	Tumour	+
GX31_GGCTGTGAGAAGTCTA	Tumour	+
GX31_GGCTGTGAGAGTAACT	Tumour	+
GX31_GGCTGTGCACCCTCTA	Tumour	+
GX31_GGCTTGGCAAGGCTTT	Tumour	+
GX31_GGCTTGGGTTGCTTGA	Tumour	+
GX31_GGCTTTCTCCACACAA	Tumour	+
GX31_GGCTTTCTCGATTGAC	Tumour	+
GX31_GGGAAGTCATCTCGTC	Tumour	+
GX31_GGGAAGTGTCGTCTCT	Tumour	+
GX31_GGGAAGTGTGATTCTG	Tumour	+
GX31_GGGACAAAGCGCTGCT	Tumour	+
GX31_GGGACAAAGTAACCTC	Tumour	+
GX31_GGGACAACATACCATG	Tumour	+
GX31_GGGACCTGTATCCCAA	Tumour	+
GX31_GGGACTCAGGTGCCAA	Tumour	+
GX31_GGGACTCGTAGACTGG	Tumour	+
GX31_GGGAGATAGTCGGCCT	Tumour	+
GX31_GGGAGATCAAGTGGCA	Tumour	+
GX31_GGGAGATTCGACCCAG	Tumour	+
GX31_GGGAGTAGTCACCGAC	Tumour	+
GX31_GGGAGTATCAGCGGAA	Tumour	+
GX31_GGGAGTATCGTCCATC	Tumour	+
GX31_GGGATCCAGCAGCCCT	Tumour	+
GX31_GGGATCCAGTGCAAAT	Tumour	+
GX31_GGGATGACACTTGAGT	Tumour	+
GX31_GGGATGATCTGGGAGA	Tumour	+
GX31_GGGCCATAGTATAGAC	Tumour	+
GX31_GGGCCATGTACTAGCT	Tumour	+
GX31_GGGCCATGTAGCCAGA	Tumour	+
GX31_GGGCCATGTTAATGAG	Tumour	+
GX31_GGGCGTTGTACGCGTC	Tumour	+
GX31_GGGCTACCAAATCCCA	Tumour	+
GX31_GGGCTACCAATAACCC	Tumour	+
GX31_GGGCTACCATGTGGTT	Tumour	+
GX31_GGGCTACGTCACCGCA	Tumour	+
GX31_GGGCTACGTGAGACGT	Tumour	+
GX31_GGGCTCAAGACATATG	Tumour	+
GX31_GGGCTCAAGGAGATAG	Tumour	+
GX31_GGGCTCAGTACTCAAC	Tumour	+
GX31_GGGCTCATCACCTGTC	Tumour	+
GX31_GGGCTCATCCAGCCTT	Tumour	+
GX31_GGGTAGAAGGTCCTGC	Tumour	+
GX31_GGGTAGAGTAATCAGA	Tumour	+
GX31_GGGTAGAGTCCAAGAG	Tumour	+
GX31_GGGTAGATCATCCTGC	Tumour	+
GX31_GGGTATTCAACACACT	Tumour	+
GX31_GGGTCTGGTGACACGA	Tumour	+
GX31_GGGTGAACAGGCACAA	Tumour	+
GX31_GGGTGAAGTAACGATA	Tumour	+
GX31_GGGTGTCAGAATCGCG	Tumour	+
GX31_GGGTGTCAGACGCCAA	Tumour	+
GX31_GGGTGTCTCGCATAGT	Tumour	+
GX31_GGGTTATAGGCTAAAT	Tumour	+
GX31_GGGTTATCAATAACCC	Tumour	+
GX31_GGGTTATTCCATTTGT	Tumour	+
GX31_GGGTTATTCTAGAGCT	Tumour	+
GX31_GGGTTTAGTGAAGCTG	Tumour	+
GX31_GGGTTTAGTTCTCTCG	Tumour	+
GX31_GGTAACTAGACGGTTG	Tumour	+
GX31_GGTAACTCACTGCTTC	Tumour	+
GX31_GGTAACTGTGAGTGAC	Tumour	+
GX31_GGTAATCTCTGACGCG	Tumour	+
GX31_GGTAGAGTCCATTTCA	Tumour	+
GX31_GGTCACGAGCTTAGTC	Tumour	+
GX31_GGTCACGCAACAAGAT	Tumour	+
GX31_GGTCACGTCGGCACTG	Tumour	+
GX31_GGTCTGGCACCGTCTT	Tumour	+
GX31_GGTCTGGGTGACTCTA	Tumour	+
GX31_GGTGAAGAGCCTTGAT	Tumour	+
GX31_GGTGAAGAGGCATGCA	Tumour	+
GX31_GGTGAAGAGTTGCGCC	Tumour	+
GX31_GGTGAAGGTCGGTGAA	Tumour	+
GX31_GGTGATTCAACGATTC	Tumour	+
GX31_GGTGATTCACAATGTC	Tumour	+
GX31_GGTGATTGTTGCCGAC	Tumour	+
GX31_GGTGGCTCAGCTATAC	Tumour	+
GX31_GGTGGCTGTTCCTACC	Tumour	+
GX31_GGTGTCGAGGTAACTA	Tumour	+
GX31_GGTGTCGCAGCATTGT	Tumour	+
GX31_GGTGTCGCATCGAAGG	Tumour	+
GX31_GGTGTCGGTACTCGTA	Tumour	+
GX31_GGTGTCGGTGCATTTG	Tumour	+
GX31_GGTGTTATCCCAGCGA	Tumour	+
GX31_GGTTAACAGATGCGAC	Tumour	+
GX31_GGTTAACAGCGTTAGG	Tumour	+
GX31_GGTTAACGTCAACCAT	Tumour	+
GX31_GGTTAACGTCCTGGGT	Tumour	+
GX31_GGTTAACGTGGAGGTT	Tumour	+
GX31_GGTTAACGTTTGGGAG	Tumour	+
GX31_GGTTAACTCGGATACT	Tumour	+
GX31_GGTTAACTCTAGCATG	Tumour	+
GX31_GGTTCTCAGTGGACTG	Tumour	+
GX31_GGTTCTCCAATGTCAC	Tumour	+
GX31_GGTTCTCGTACTAAGA	Tumour	+
GX31_GGTTCTCGTCGCATCG	Tumour	+
GX31_GGTTGTAAGAAGTCAT	Tumour	+
GX31_GGTTGTAAGCTGACCC	Tumour	+
GX31_GGTTGTACAATACCCA	Tumour	+
GX31_GGTTGTACATAGTCGT	Tumour	+
GX31_GTAACACAGGCTGTAG	Tumour	+
GX31_GTAACACCAATGAGCG	Tumour	+
GX31_GTAACACGTAGTGATA	Tumour	+
GX31_GTAACACGTGGATCGA	Tumour	+
GX31_GTAACACTCAAATAGG	Tumour	+
GX31_GTAACCAAGATACGAT	Tumour	+
GX31_GTAAGTCAGTAATCCC	Tumour	+
GX31_GTAAGTCCACACGGAA	Tumour	+
GX31_GTAAGTCCACGCGCTA	Tumour	+
GX31_GTAAGTCGTAGCGCCT	Tumour	+
GX31_GTAAGTCGTCGCTGCA	Tumour	+
GX31_GTAAGTCGTTGGAGAC	Tumour	+
GX31_GTAAGTCTCGACTCCT	Tumour	+
GX31_GTAAGTCTCGAGTCTA	Tumour	+
GX31_GTAATCGAGCACCTGC	Tumour	+
GX31_GTAATCGAGTCTCGTA	Tumour	+
GX31_GTAATCGCACTCCGGA	Tumour	+
GX31_GTAATCGTCCTCTCGA	Tumour	+
GX31_GTAATGCAGTGGAATT	Tumour	+
GX31_GTAATGCCAACCGCTG	Tumour	+
GX31_GTAATGCGTTCGTACA	Tumour	+
GX31_GTACAACGTCGACGCT	Tumour	+
GX31_GTACAACTCCTAGCTC	Tumour	+
GX31_GTACAGTGTACCCGCA	Tumour	+
GX31_GTAGAAAAGAGCCCAA	Tumour	+
GX31_GTAGAAACATCAACCA	Tumour	+
GX31_GTAGAAACATCCTTCG	Tumour	+
GX31_GTAGAAATCCGATCTC	Tumour	+
GX31_GTAGAGGAGTGGTGGT	Tumour	+
GX31_GTAGAGGCACTCACTC	Tumour	+
GX31_GTAGAGGCAGGCGATA	Tumour	+
GX31_GTAGAGGTCCCTCGTA	Tumour	+
GX31_GTAGATCTCCTCGATC	Tumour	+
GX31_GTAGGAGTCAACTGAC	Tumour	+
GX31_GTAGGTTAGACCATGG	Tumour	+
GX31_GTAGTACAGGCACGAT	Tumour	+
GX31_GTAGTACAGGCGCTCT	Tumour	+
GX31_GTAGTACCATCTTTCA	Tumour	+
GX31_GTAGTACGTCAACATC	Tumour	+
GX31_GTATTGGAGAGGTATT	Tumour	+
GX31_GTATTGGAGTAAGAGG	Tumour	+
GX31_GTATTGGCAGATTAAG	Tumour	+
GX31_GTATTTCAGATGAACT	Tumour	+
GX31_GTCAAACCAAACGGCA	Tumour	+
GX31_GTCAAACGTATCCTTT	Tumour	+
GX31_GTCAAGTAGGCATCTT	Tumour	+
GX31_GTCAAGTGTCTAGGCC	Tumour	+
GX31_GTCAAGTGTTAAGGGC	Tumour	+
GX31_GTCAAGTGTTTGCAGT	Tumour	+
GX31_GTCAAGTTCCACGTGG	Tumour	+
GX31_GTCACGGCACCTCAGG	Tumour	+
GX31_GTCACGGCAGTATTCG	Tumour	+
GX31_GTCACTCCACATCCCT	Tumour	+
GX31_GTCAGCGCATCTCCCA	Tumour	+
GX31_GTCAGCGTCAGACCTA	Tumour	+
GX31_GTCATCCAGCGTGAGT	Tumour	+
GX31_GTCATCCTCCATCACC	Tumour	+
GX31_GTCATCCTCGCCTTTG	Tumour	+
GX31_GTCATTTCAAATCGTC	Tumour	+
GX31_GTCATTTGTAGTGGCA	Tumour	+
GX31_GTCATTTGTATATGGA	Tumour	+
GX31_GTCATTTTCATCGCTC	Tumour	+
GX31_GTCATTTTCTCTTCAA	Tumour	+
GX31_GTCCACTAGATACAGT	Tumour	+
GX31_GTCCACTCACCATAAC	Tumour	+
GX31_GTCCCATGTCCGGACT	Tumour	+
GX31_GTCCTCAAGGGTGGGA	Tumour	+
GX31_GTCCTCAGTACGATTC	Tumour	+
GX31_GTCCTCAGTTCTGAGT	Tumour	+
GX31_GTCCTCATCGAAGGAC	Tumour	+
GX31_GTCGAATAGCAGTACG	Tumour	+
GX31_GTCGAATTCACAAGGG	Tumour	+
GX31_GTCGCGAAGCGACTTT	Tumour	+
GX31_GTCGCGAGTACGTGTT	Tumour	+
GX31_GTCGCGATCTCGGTCT	Tumour	+
GX31_GTCGTAACAATTTCTC	Tumour	+
GX31_GTCGTAAGTCGATTAC	Tumour	+
GX31_GTCGTAAGTTCAAACC	Tumour	+
GX31_GTCGTAAGTTGACTGT	Tumour	+
GX31_GTCGTAATCTCCTGAC	Tumour	+
GX31_GTCGTTCTCCACGTAA	Tumour	+
GX31_GTCTACCCAAGAGTGC	Tumour	+
GX31_GTCTACCGTCCTCCAT	Tumour	+
GX31_GTCTACCGTTCCTACC	Tumour	+
GX31_GTCTACCTCCATATGG	Tumour	+
GX31_GTCTAGACATAGAAAC	Tumour	+
GX31_GTCTCACCAAGGCTTT	Tumour	+
GX31_GTCTCACGTCTAACTG	Tumour	+
GX31_GTCTCACTCATTTGGG	Tumour	+
GX31_GTCTGTCAGGCACTAG	Tumour	+
GX31_GTCTGTCCACGTATAC	Tumour	+
GX31_GTCTGTCTCCGTTTCG	Tumour	+
GX31_GTCTTTAAGGTAAGAG	Tumour	+
GX31_GTCTTTAAGTCGCCAC	Tumour	+
GX31_GTCTTTACAGCCGTCA	Tumour	+
GX31_GTCTTTATCACTCCGT	Tumour	+
GX31_GTGACGCAGTCTAGCT	Tumour	+
GX31_GTGACGCGTCCTTGTC	Tumour	+
GX31_GTGACGCGTTTGCCGG	Tumour	+
GX31_GTGAGCCAGAGCAGAA	Tumour	+
GX31_GTGAGCCGTGAATATG	Tumour	+
GX31_GTGAGGAAGCAAACAT	Tumour	+
GX31_GTGAGGAAGTCATAGA	Tumour	+
GX31_GTGAGGACACCGTGAC	Tumour	+
GX31_GTGAGGATCTAGAGCT	Tumour	+
GX31_GTGAGTTGTGACCTGC	Tumour	+
GX31_GTGAGTTGTGGACAGT	Tumour	+
GX31_GTGAGTTTCGGAATTC	Tumour	+
GX31_GTGATGTAGGTCATAA	Tumour	+
GX31_GTGATGTGTACGTACT	Tumour	+
GX31_GTGCACGAGAAGTCAT	Tumour	+
GX31_GTGCAGCAGACAGCGT	Tumour	+
GX31_GTGCAGCAGCCGCACT	Tumour	+
GX31_GTGCAGCAGGCGCTTC	Tumour	+
GX31_GTGCAGCAGTAAGCAT	Tumour	+
GX31_GTGCAGCGTTCTCACC	Tumour	+
GX31_GTGCGTGAGTCACGAG	Tumour	+
GX31_GTGCGTGAGTCTACCA	Tumour	+
GX31_GTGCGTGCAAAGGGTC	Tumour	+
GX31_GTGCGTGGTCTGTTAG	Tumour	+
GX31_GTGCTGGTCCTACAAG	Tumour	+
GX31_GTGCTTCCATTCTCCG	Tumour	+
GX31_GTGCTTCGTCAGTCCG	Tumour	+
GX31_GTGCTTCGTCTTAGTG	Tumour	+
GX31_GTGGAAGCACCCTCTA	Tumour	+
GX31_GTGGAAGCATCACAGT	Tumour	+
GX31_GTGGAAGGTCACAATC	Tumour	+
GX31_GTGGAAGGTCTACAGT	Tumour	+
GX31_GTGGAAGGTGCCTGCA	Tumour	+
GX31_GTGGAGAAGAGCCGTA	Tumour	+
GX31_GTGGAGATCGATTCCC	Tumour	+
GX31_GTGGCGTAGTCATGAA	Tumour	+
GX31_GTGGCGTGTTGGTACT	Tumour	+
GX31_GTGGCGTGTTTGGAGG	Tumour	+
GX31_GTGGCGTTCGCTGCGA	Tumour	+
GX31_GTGGGAAGTCGATTTG	Tumour	+
GX31_GTGGGAAGTGCCGGTT	Tumour	+
GX31_GTGGGAATCACCTCTG	Tumour	+
GX31_GTGGTTAGTGATTAGA	Tumour	+
GX31_GTGGTTAGTTAGCGGA	Tumour	+
GX31_GTGGTTATCAGGCGAA	Tumour	+
GX31_GTGTAACCACAGACGA	Tumour	+
GX31_GTGTGATTCAAGGCTT	Tumour	+
GX31_GTGTTAGAGGGATCAC	Tumour	+
GX31_GTGTTAGCAAAGGCAC	Tumour	+
GX31_GTTACAGAGAATTCAG	Tumour	+
GX31_GTTACAGAGACATATG	Tumour	+
GX31_GTTACAGTCAACCGAT	Tumour	+
GX31_GTTACCCGTACCGGAA	Tumour	+
GX31_GTTACGATCACCGCTT	Tumour	+
GX31_GTTACGATCAGCCTTC	Tumour	+
GX31_GTTACGATCATTGCCC	Tumour	+
GX31_GTTAGACAGATGTTCC	Tumour	+
GX31_GTTAGACGTAACCAGG	Tumour	+
GX31_GTTAGTGAGGGCCCTT	Tumour	+
GX31_GTTAGTGCAAGAAATC	Tumour	+
GX31_GTTAGTGCAGGCGATA	Tumour	+
GX31_GTTAGTGCATAGGCGA	Tumour	+
GX31_GTTAGTGGTGGATGAC	Tumour	+
GX31_GTTAGTGTCAAGTGGG	Tumour	+
GX31_GTTATGGAGTGCAGGT	Tumour	+
GX31_GTTATGGGTTTCGTGA	Tumour	+
GX31_GTTATGGTCTAGTACG	Tumour	+
GX31_GTTCATTGTTAAGCAA	Tumour	+
GX31_GTTCCGTGTCCATCTC	Tumour	+
GX31_GTTCCGTGTTTACCTT	Tumour	+
GX31_GTTCGCTAGGCTCACC	Tumour	+
GX31_GTTCGCTCAATTGCGT	Tumour	+
GX31_GTTCGCTGTTGCATAC	Tumour	+
GX31_GTTCGCTTCACTGATG	Tumour	+
GX31_GTTCTATCAATAGAGT	Tumour	+
GX31_GTTCTATTCAGGACGA	Tumour	+
GX31_GTTGAACAGAGTTGAT	Tumour	+
GX31_GTTGAACGTGAGATAT	Tumour	+
GX31_GTTGAACTCAGTCATG	Tumour	+
GX31_GTTGAACTCCTGTTAT	Tumour	+
GX31_GTTGCGGAGTATCCTG	Tumour	+
GX31_GTTGCGGCACATCCCT	Tumour	+
GX31_GTTGCGGGTTATGTCG	Tumour	+
GX31_GTTGCTCAGTATGTAG	Tumour	+
GX31_GTTGCTCCAGAACCGA	Tumour	+
GX31_GTTGCTCTCTCCGCAT	Tumour	+
GX31_GTTGTAGAGATCGGTG	Tumour	+
GX31_GTTGTCCTCGAGGCAA	Tumour	+
GX31_GTTGTGAAGACTGTTC	Tumour	+
GX31_GTTGTGAGTCGAACAG	Tumour	+
GX31_GTTTACTGTTGCCGCA	Tumour	+
GX31_GTTTGGACAAATACGA	Tumour	+
GX31_GTTTGGACATACTGTG	Tumour	+
GX31_TAACACGAGCACTGGA	Tumour	+
GX31_TAACACGGTGTTCGAT	Tumour	+
GX31_TAACCAGCAAGAGTAT	Tumour	+
GX31_TAACCAGGTTAAGGAT	Tumour	+
GX31_TAACGACTCACCGGTG	Tumour	+
GX31_TAACGACTCTATACTC	Tumour	+
GX31_TAACTTCGTAGTAAGT	Tumour	+
GX31_TAACTTCTCGGCCAAC	Tumour	+
GX31_TAACTTCTCGTGAGAG	Tumour	+
GX31_TAAGCACGTTGGTAGG	Tumour	+
GX31_TAAGCCAAGTCCTGTA	Tumour	+
GX31_TAAGCCAAGTCTTGGT	Tumour	+
GX31_TAAGCCACACCGTCTT	Tumour	+
GX31_TAAGCGTAGCAGGTCA	Tumour	+
GX31_TAAGCGTAGTTGCATC	Tumour	+
GX31_TAAGCGTCAAAGGGCT	Tumour	+
GX31_TAAGCGTGTTACGTAC	Tumour	+
GX31_TAAGCGTTCTTCTGGC	Tumour	+
GX31_TAAGTCGAGGTCTGGA	Tumour	+
GX31_TAAGTCGCACGGAAGT	Tumour	+
GX31_TAATCTCGTCTGTGCG	Tumour	+
GX31_TAATCTCTCTACGCAA	Tumour	+
GX31_TAATCTCTCTGGTTGA	Tumour	+
GX31_TAATTCCTCGGTCTGG	Tumour	+
GX31_TACAACGCAGCATCTA	Tumour	+
GX31_TACAACGGTACCCGAC	Tumour	+
GX31_TACAACGGTGTCGCTG	Tumour	+
GX31_TACAACGTCACAGAGG	Tumour	+
GX31_TACACCCCACTGATTG	Tumour	+
GX31_TACACCCTCCACTTTA	Tumour	+
GX31_TACAGGTCAAAGAGTT	Tumour	+
GX31_TACAGGTGTCACTTAG	Tumour	+
GX31_TACAGGTGTTGTGGAG	Tumour	+
GX31_TACAGGTTCGATTTCT	Tumour	+
GX31_TACATTCCAGCGAACA	Tumour	+
GX31_TACCCACCACTTCCTG	Tumour	+
GX31_TACCCACCAGAGTAAT	Tumour	+
GX31_TACCCACTCGCGTGAC	Tumour	+
GX31_TACCCGTAGCGAACTG	Tumour	+
GX31_TACCCGTCAGCCGTCA	Tumour	+
GX31_TACCCGTGTTTGATCG	Tumour	+
GX31_TACCGAACAAGCACCC	Tumour	+
GX31_TACCGAACAGAATTCC	Tumour	+
GX31_TACCGAATCTTGATTC	Tumour	+
GX31_TACCGGGCATGGAATA	Tumour	+
GX31_TACCGGGTCAATCTCT	Tumour	+
GX31_TACCTCGTCATCAGTG	Tumour	+
GX31_TACGCTCTCACCTCAC	Tumour	+
GX31_TACGCTCTCCAAATGC	Tumour	+
GX31_TACGGGCAGACTCATC	Tumour	+
GX31_TACGGGCAGTGCTACT	Tumour	+
GX31_TACGGGCCAATTCTTC	Tumour	+
GX31_TACGGGCTCCATCCGT	Tumour	+
GX31_TACGGGCTCTGGGCAC	Tumour	+
GX31_TACGGTATCAGCACCG	Tumour	+
GX31_TACGTCCCAAGTGGCA	Tumour	+
GX31_TACGTCCGTCTGTGAT	Tumour	+
GX31_TACGTCCTCGTCAAAC	Tumour	+
GX31_TACTGCCAGGCGAAGG	Tumour	+
GX31_TACTGCCCATCTGGGC	Tumour	+
GX31_TACTTACAGCTACTAC	Tumour	+
GX31_TACTTACAGGCATGCA	Tumour	+
GX31_TACTTACCACCTGAAT	Tumour	+
GX31_TACTTCATCACAGTGT	Tumour	+
GX31_TACTTGTCACCAATTG	Tumour	+
GX31_TACTTGTCACGCTGAC	Tumour	+
GX31_TACTTGTCAGGCATTT	Tumour	+
GX31_TAGACCAAGCGGGTAT	Tumour	+
GX31_TAGACCACAACCGTGC	Tumour	+
GX31_TAGACTGCAAGAATGT	Tumour	+
GX31_TAGACTGCAGCTGAAG	Tumour	+
GX31_TAGACTGTCCTGTACC	Tumour	+
GX31_TAGATCGCAGCTGGTC	Tumour	+
GX31_TAGATCGGTATCTTCT	Tumour	+
GX31_TAGATCGGTTATTCCT	Tumour	+
GX31_TAGATCGTCCGAGAAG	Tumour	+
GX31_TAGCACAGTCATCACA	Tumour	+
GX31_TAGCACAGTCGCCACA	Tumour	+
GX31_TAGGAGGAGTTGGCTT	Tumour	+
GX31_TAGGAGGGTATATGGA	Tumour	+
GX31_TAGGAGGGTGAGCAGT	Tumour	+
GX31_TAGGAGGGTGGCCCAT	Tumour	+
GX31_TAGGAGGGTGTGAGCA	Tumour	+
GX31_TAGGAGGTCTGGGAGA	Tumour	+
GX31_TAGGGTTAGCGACATG	Tumour	+
GX31_TAGGGTTGTCTACTGA	Tumour	+
GX31_TAGGGTTTCTTGCGCT	Tumour	+
GX31_TAGGTACCAGACGGAT	Tumour	+
GX31_TAGGTTGCACGTAGTT	Tumour	+
GX31_TAGGTTGCATCCGTTC	Tumour	+
GX31_TAGGTTGGTGTTAACC	Tumour	+
GX31_TAGGTTGTCCGCGGAT	Tumour	+
GX31_TAGTGCACAGTGTACT	Tumour	+
GX31_TAGTGCACAGTTGGTT	Tumour	+
GX31_TATACCTTCCTTACCG	Tumour	+
GX31_TATATCCCAAAGCACG	Tumour	+
GX31_TATCAGGGTCACAATC	Tumour	+
GX31_TATCAGGTCTGGTCAA	Tumour	+
GX31_TATCCTACAAAGACGC	Tumour	+
GX31_TATCGCCGTGAGATCG	Tumour	+
GX31_TATCGCCTCCGTATGA	Tumour	+
GX31_TATCTGTCATGCCGAC	Tumour	+
GX31_TATCTGTGTAAGTCAA	Tumour	+
GX31_TATCTGTGTGTGTGGA	Tumour	+
GX31_TATCTGTGTTCGAGCC	Tumour	+
GX31_TATCTTGTCCGGCAAC	Tumour	+
GX31_TATCTTGTCTTGCAAG	Tumour	+
GX31_TATGTTCCACTGGCCA	Tumour	+
GX31_TATGTTCGTATGCAAA	Tumour	+
GX31_TATTCCAAGCACTTTG	Tumour	+
GX31_TATTGCTAGTGCTACT	Tumour	+
GX31_TATTGGGGTGACCTGC	Tumour	+
GX31_TATTGGGTCTAGGAAA	Tumour	+
GX31_TATTTCGAGATGAACT	Tumour	+
GX31_TATTTCGCATCGTGGC	Tumour	+
GX31_TCAAGACAGGAAAGTG	Tumour	+
GX31_TCAAGCACAGGTATGG	Tumour	+
GX31_TCAAGCATCCCGAGGT	Tumour	+
GX31_TCAAGTGAGTAAGACT	Tumour	+
GX31_TCAAGTGCAGATCCAT	Tumour	+
GX31_TCAATCTAGCTGGCTC	Tumour	+
GX31_TCAATCTCAGTTGTTG	Tumour	+
GX31_TCAATCTCATAATGAG	Tumour	+
GX31_TCAATCTCATATGGCT	Tumour	+
GX31_TCAATCTGTAATGCTC	Tumour	+
GX31_TCAATTCAGCAGCACA	Tumour	+
GX31_TCACAAGAGGAAGTGA	Tumour	+
GX31_TCACAAGGTTGTTGCA	Tumour	+
GX31_TCACACCAGGTTCATC	Tumour	+
GX31_TCACACCCACAGCTTA	Tumour	+
GX31_TCACACCCATAACAGA	Tumour	+
GX31_TCACACCGTCACGCTG	Tumour	+
GX31_TCACGCTAGCGCTGCT	Tumour	+
GX31_TCACGCTGTTAACAGA	Tumour	+
GX31_TCACGGGAGGTGCGAT	Tumour	+
GX31_TCACGGGCACCCAAGC	Tumour	+
GX31_TCACGGGCACCTTCGT	Tumour	+
GX31_TCACGGGTCCTTCAGC	Tumour	+
GX31_TCACGGGTCTTTCTAG	Tumour	+
GX31_TCACTATAGCAATTCC	Tumour	+
GX31_TCACTATAGCACTAAA	Tumour	+
GX31_TCACTATCACTGTCCT	Tumour	+
GX31_TCACTATGTTGCGAAG	Tumour	+
GX31_TCACTCGGTCATGGCC	Tumour	+
GX31_TCACTCGTCCATTGCC	Tumour	+
GX31_TCACTCGTCGCCATAA	Tumour	+
GX31_TCAGCAAGTGTTGAGG	Tumour	+
GX31_TCAGCAATCGTAACAC	Tumour	+
GX31_TCAGCCTCAGCTGCCA	Tumour	+
GX31_TCAGCCTGTGAAGCTG	Tumour	+
GX31_TCAGCCTTCCCTCGAT	Tumour	+
GX31_TCAGGGCCAAAGCTAA	Tumour	+
GX31_TCAGGGCCATTAGGAA	Tumour	+
GX31_TCAGGGCTCGTTAGAC	Tumour	+
GX31_TCAGGTACAGCTTTCC	Tumour	+
GX31_TCAGGTACATCCGTGG	Tumour	+
GX31_TCAGGTAGTAACAGTA	Tumour	+
GX31_TCAGGTAGTAGGACCA	Tumour	+
GX31_TCAGGTATCCTGTAAG	Tumour	+
GX31_TCAGTCCAGCATGGGT	Tumour	+
GX31_TCAGTCCCAAACACCT	Tumour	+
GX31_TCAGTCCCAATTCGTG	Tumour	+
GX31_TCAGTCCGTTACCCTC	Tumour	+
GX31_TCAGTGAGTATAGCTC	Tumour	+
GX31_TCAGTGATCACCGACG	Tumour	+
GX31_TCAGTGATCGGCTGTG	Tumour	+
GX31_TCAGTTTAGCAATAGT	Tumour	+
GX31_TCAGTTTAGCGCAATG	Tumour	+
GX31_TCAGTTTAGCTGTTAC	Tumour	+
GX31_TCAGTTTTCACCCATC	Tumour	+
GX31_TCATACTCACAATTCG	Tumour	+
GX31_TCATACTGTGTCCCTT	Tumour	+
GX31_TCATACTTCAGAGTGG	Tumour	+
GX31_TCATATCAGTGGACGT	Tumour	+
GX31_TCATATCGTGAATATG	Tumour	+
GX31_TCATATCTCACCTGTC	Tumour	+
GX31_TCATCATCAGCTGAGA	Tumour	+
GX31_TCATCATGTCCAGGTC	Tumour	+
GX31_TCATCATTCCAAATGC	Tumour	+
GX31_TCATCATTCGGCTGAC	Tumour	+
GX31_TCATCCGAGCCTAACT	Tumour	+
GX31_TCATCCGGTGGCGCTT	Tumour	+
GX31_TCATCCGTCATGGCCG	Tumour	+
GX31_TCATGAGCAAATGGCG	Tumour	+
GX31_TCATGAGCACACCGCA	Tumour	+
GX31_TCATGAGTCTGTGCTC	Tumour	+
GX31_TCATGCCAGACGAAGA	Tumour	+
GX31_TCATGCCCAAACCGGA	Tumour	+
GX31_TCATGGAGTAGGTTTC	Tumour	+
GX31_TCATGTTTCGACCTAA	Tumour	+
GX31_TCATGTTTCGCCACTT	Tumour	+
GX31_TCATTACCACTAACGT	Tumour	+
GX31_TCATTACTCGGTAAGG	Tumour	+
GX31_TCATTCAGTAGGGTAC	Tumour	+
GX31_TCATTCATCCACAGCG	Tumour	+
GX31_TCATTCATCCAGTGTA	Tumour	+
GX31_TCATTGTCAGCTCTGG	Tumour	+
GX31_TCATTTGAGCTTGTGT	Tumour	+
GX31_TCCACCACAATTCACG	Tumour	+
GX31_TCCACCACACAGCTGC	Tumour	+
GX31_TCCACCAGTGGGTCAA	Tumour	+
GX31_TCCACCATCAGTCATG	Tumour	+
GX31_TCCACCATCTGCGTCT	Tumour	+
GX31_TCCACGTGTCGGCCTA	Tumour	+
GX31_TCCAGAACACCAGTAT	Tumour	+
GX31_TCCAGAACATACTTTC	Tumour	+
GX31_TCCAGAAGTGAAGCGT	Tumour	+
GX31_TCCAGAATCCTGATAG	Tumour	+
GX31_TCCATCGAGTTCCAGT	Tumour	+
GX31_TCCATCGCATTGCCGG	Tumour	+
GX31_TCCATGCCAGGACTAG	Tumour	+
GX31_TCCATGCTCACCATCC	Tumour	+
GX31_TCCCACAAGCACACAG	Tumour	+
GX31_TCCCACAAGGAGAGGC	Tumour	+
GX31_TCCCACACAAGTGATA	Tumour	+
GX31_TCCCACAGTATTGACC	Tumour	+
GX31_TCCCACATCCATAAGC	Tumour	+
GX31_TCCCACATCCCGGTAG	Tumour	+
GX31_TCCCACATCTTCCAGC	Tumour	+
GX31_TCCCAGTAGTAGTGCG	Tumour	+
GX31_TCCCATGAGGGAGGCA	Tumour	+
GX31_TCCCATGGTGGTGATG	Tumour	+
GX31_TCCCATGGTTGAGGAC	Tumour	+
GX31_TCCCATGTCTCATAGG	Tumour	+
GX31_TCCGAAAAGGATAATC	Tumour	+
GX31_TCCGAAAAGTGCAACG	Tumour	+
GX31_TCCGAAATCTAAACGC	Tumour	+
GX31_TCCGAAATCTAGACAC	Tumour	+
GX31_TCCGAAATCTTCTTCC	Tumour	+
GX31_TCCGATCGTTGTGTAC	Tumour	+
GX31_TCCGATCTCAAACGTC	Tumour	+
GX31_TCCGATCTCTGCAGCG	Tumour	+
GX31_TCCGGGACATGCTGCG	Tumour	+
GX31_TCCGGGATCTCAAAGC	Tumour	+
GX31_TCCGGGATCTTGGTCC	Tumour	+
GX31_TCCGTGTTCACGTAGT	Tumour	+
GX31_TCCGTGTTCGTAGGAG	Tumour	+
GX31_TCCTAATAGGGCCTCT	Tumour	+
GX31_TCCTAATGTGGCATCC	Tumour	+
GX31_TCCTCCCAGATAGCAT	Tumour	+
GX31_TCCTCCCAGATAGTCA	Tumour	+
GX31_TCCTCCCCAATTCTTC	Tumour	+
GX31_TCCTCCCCAGGACAGT	Tumour	+
GX31_TCCTCCCGTAAGCAAT	Tumour	+
GX31_TCCTCCCGTCACGACC	Tumour	+
GX31_TCCTCCCGTGTGTCCG	Tumour	+
GX31_TCCTCCCTCATGCTAG	Tumour	+
GX31_TCCTCCCTCTCTATAC	Tumour	+
GX31_TCCTCTTAGATCGGTG	Tumour	+
GX31_TCCTCTTAGTTCATGC	Tumour	+
GX31_TCCTGCAGTGCTATTG	Tumour	+
GX31_TCCTTCTTCCTGTAGA	Tumour	+
GX31_TCCTTCTTCGGACGTC	Tumour	+
GX31_TCCTTTCAGCTCCACG	Tumour	+
GX31_TCCTTTCCACGGGCTT	Tumour	+
GX31_TCGAACATCGGAAACG	Tumour	+
GX31_TCGAACATCGTTCGCT	Tumour	+
GX31_TCGAACATCTCAACGA	Tumour	+
GX31_TCGAAGTGTTCAGTAC	Tumour	+
GX31_TCGACCTAGACCCTTA	Tumour	+
GX31_TCGACCTCACACACGC	Tumour	+
GX31_TCGACCTTCTACTCAT	Tumour	+
GX31_TCGACCTTCTGAGATC	Tumour	+
GX31_TCGATTTAGTCCCAGC	Tumour	+
GX31_TCGATTTCATAGGTTC	Tumour	+
GX31_TCGATTTGTCGGTAAG	Tumour	+
GX31_TCGATTTTCGGCGATC	Tumour	+
GX31_TCGCACTAGTGATAAC	Tumour	+
GX31_TCGCACTGTGCATACT	Tumour	+
GX31_TCGCAGGAGAGTAACT	Tumour	+
GX31_TCGCAGGCAGCTGAGA	Tumour	+
GX31_TCGCTCAAGCTCGACC	Tumour	+
GX31_TCGCTCAAGGTCACAG	Tumour	+
GX31_TCGCTCAAGTTCCTGA	Tumour	+
GX31_TCGCTCACAATTCTCT	Tumour	+
GX31_TCGCTCACACATTGTG	Tumour	+
GX31_TCGCTCATCTTACCGC	Tumour	+
GX31_TCGCTTGTCTCCGCAT	Tumour	+
GX31_TCGGATAAGAGTCTTC	Tumour	+
GX31_TCGGATAAGCCTTTGA	Tumour	+
GX31_TCGGATAAGCGAACTG	Tumour	+
GX31_TCGGGACCAAGTTCGT	Tumour	+
GX31_TCGGGACCAGGAATAT	Tumour	+
GX31_TCGGGACGTTGACTGT	Tumour	+
GX31_TCGGGCACAACATCGT	Tumour	+
GX31_TCGGGCACATCTGGGC	Tumour	+
GX31_TCGGGCACATGTGCCG	Tumour	+
GX31_TCGGGCAGTACTGCCG	Tumour	+
GX31_TCGGGCAGTCCGTTTC	Tumour	+
GX31_TCGGGCATCCTCGATC	Tumour	+
GX31_TCGGGTGCAATCACGT	Tumour	+
GX31_TCGGGTGCAGTGGTGA	Tumour	+
GX31_TCGGGTGGTCGTGCCA	Tumour	+
GX31_TCGGGTGGTGGCACTC	Tumour	+
GX31_TCGGGTGTCAGGAAAT	Tumour	+
GX31_TCGGGTGTCGCCAGAC	Tumour	+
GX31_TCGGTCTCACCTGATA	Tumour	+
GX31_TCGGTCTGTCGTTCAA	Tumour	+
GX31_TCGGTCTTCTAATTCC	Tumour	+
GX31_TCGTAGAAGCGGTATG	Tumour	+
GX31_TCGTAGAGTTCTCTCG	Tumour	+
GX31_TCGTAGATCATAGCAC	Tumour	+
GX31_TCGTCCAAGTACAGCG	Tumour	+
GX31_TCGTCCATCAAGCTGT	Tumour	+
GX31_TCGTCCATCTCCCAAC	Tumour	+
GX31_TCGTCCATCTTCTCAA	Tumour	+
GX31_TCGTGCTGTCGTCGGT	Tumour	+
GX31_TCGTGCTGTGCCGTTG	Tumour	+
GX31_TCGTGGGGTATCCCTC	Tumour	+
GX31_TCGTGGGGTCTTCATT	Tumour	+
GX31_TCTAACTAGCACTTTG	Tumour	+
GX31_TCTAACTCATGTCAGT	Tumour	+
GX31_TCTAACTGTGAGATCG	Tumour	+
GX31_TCTAACTGTTCTAAGC	Tumour	+
GX31_TCTAACTGTTTCACAG	Tumour	+
GX31_TCTAACTTCTATACTC	Tumour	+
GX31_TCTAACTTCTGAGCAT	Tumour	+
GX31_TCTACATAGTACAGCG	Tumour	+
GX31_TCTACATCAAGTGCAG	Tumour	+
GX31_TCTACATGTAATGCGG	Tumour	+
GX31_TCTACATGTTCCGCAG	Tumour	+
GX31_TCTACCGCAACAGAGC	Tumour	+
GX31_TCTATACGTCCTTGTC	Tumour	+
GX31_TCTATACGTCTACGTA	Tumour	+
GX31_TCTATCAAGTCCCAAT	Tumour	+
GX31_TCTATCAAGTTTGGCT	Tumour	+
GX31_TCTATCAGTGACACAG	Tumour	+
GX31_TCTATCATCGCTCATC	Tumour	+
GX31_TCTATCATCTAGTCAG	Tumour	+
GX31_TCTCACGCACTAGAGG	Tumour	+
GX31_TCTCACGTCCTACGAA	Tumour	+
GX31_TCTCAGCAGACAGTCG	Tumour	+
GX31_TCTCAGCAGGGCCCTT	Tumour	+
GX31_TCTCAGCTCCCGTGAG	Tumour	+
GX31_TCTCCGATCCAGTACA	Tumour	+
GX31_TCTCTGGGTCATCGCG	Tumour	+
GX31_TCTGCCAAGAAACCAT	Tumour	+
GX31_TCTGCCAAGTTACGAA	Tumour	+
GX31_TCTGCCACACTGCATA	Tumour	+
GX31_TCTGCCAGTGCCTGCA	Tumour	+
GX31_TCTGCCAGTGTCCGTG	Tumour	+
GX31_TCTGCCATCTAGTTCT	Tumour	+
GX31_TCTGGCTAGATGTAGT	Tumour	+
GX31_TCTGGCTCACATTACG	Tumour	+
GX31_TCTGGCTCATCTGCGG	Tumour	+
GX31_TCTGGCTTCCGATAGT	Tumour	+
GX31_TCTGGCTTCGTGCTCT	Tumour	+
GX31_TCTTAGTAGCTTAAGA	Tumour	+
GX31_TCTTAGTGTCGCATCG	Tumour	+
GX31_TCTTAGTGTGCATGAG	Tumour	+
GX31_TCTTAGTGTGCCTGAC	Tumour	+
GX31_TCTTCCTAGGCGCTCT	Tumour	+
GX31_TCTTCCTCATAGATGA	Tumour	+
GX31_TCTTGCGCACAGGATG	Tumour	+
GX31_TCTTGCGCATAGAGGC	Tumour	+
GX31_TCTTTGAAGGACAGCT	Tumour	+
GX31_TCTTTGAAGTCCCGGT	Tumour	+
GX31_TCTTTGACACTTGACA	Tumour	+
GX31_TGAACGTCAACCCTAA	Tumour	+
GX31_TGAACGTCATGAATAG	Tumour	+
GX31_TGAATCGAGGTCGTAG	Tumour	+
GX31_TGAATCGGTGACGTCC	Tumour	+
GX31_TGAATCGTCTTGGATG	Tumour	+
GX31_TGAATGCAGAGCAGCT	Tumour	+
GX31_TGAATGCCAGCTATTG	Tumour	+
GX31_TGACAGTCACTGCATA	Tumour	+
GX31_TGACCCTTCAAACCTG	Tumour	+
GX31_TGACGCGAGATGCTTC	Tumour	+
GX31_TGACTCCAGGAACTAT	Tumour	+
GX31_TGACTCCCAAACACCT	Tumour	+
GX31_TGACTCCCAACCTATG	Tumour	+
GX31_TGACTCCCACGACCTG	Tumour	+
GX31_TGACTCCGTAGTCTGT	Tumour	+
GX31_TGACTCCGTATTCCGA	Tumour	+
GX31_TGACTCCTCGCTAAAC	Tumour	+
GX31_TGACTCCTCGTGCGAC	Tumour	+
GX31_TGAGACTAGTTCGCAT	Tumour	+
GX31_TGAGACTCAATCCAGT	Tumour	+
GX31_TGAGACTGTACTCGAT	Tumour	+
GX31_TGAGACTGTGGTCTCG	Tumour	+
GX31_TGAGACTTCAATCAGC	Tumour	+
GX31_TGAGACTTCCTTTAGT	Tumour	+
GX31_TGAGCATAGTCTTCGA	Tumour	+
GX31_TGAGCGCGTAACTTCG	Tumour	+
GX31_TGAGGGACACAAGCTT	Tumour	+
GX31_TGAGGTTCACAGAAGC	Tumour	+
GX31_TGAGGTTCATATCTGG	Tumour	+
GX31_TGAGGTTGTGATAGAT	Tumour	+
GX31_TGAGGTTTCTGTGCTC	Tumour	+
GX31_TGAGTCACATAGTCAC	Tumour	+
GX31_TGAGTCATCAGAACCT	Tumour	+
GX31_TGATCAGAGCGTCTCG	Tumour	+
GX31_TGATCAGCACGCGCTA	Tumour	+
GX31_TGATCAGCAGAAGCTG	Tumour	+
GX31_TGATCAGCAGATTAAG	Tumour	+
GX31_TGATCTTAGAGGATGA	Tumour	+
GX31_TGATCTTAGAGGTTAT	Tumour	+
GX31_TGATCTTAGCCGTAAG	Tumour	+
GX31_TGATGCATCCCGTGAG	Tumour	+
GX31_TGATGGTAGGAATTAC	Tumour	+
GX31_TGATGGTCACACAGCC	Tumour	+
GX31_TGATGGTTCTCCTACG	Tumour	+
GX31_TGATTCTCACTTGAGT	Tumour	+
GX31_TGATTCTGTATGAAGT	Tumour	+
GX31_TGATTCTTCCCATGGG	Tumour	+
GX31_TGCACGGAGTAGCTCT	Tumour	+
GX31_TGCACGGCAAGGACAC	Tumour	+
GX31_TGCACGGCACTGTCGG	Tumour	+
GX31_TGCACGGGTATGAGAT	Tumour	+
GX31_TGCAGATAGCTGAAAT	Tumour	+
GX31_TGCAGATCAGCGACAA	Tumour	+
GX31_TGCAGATGTACGATCT	Tumour	+
GX31_TGCAGATTCCACAGGC	Tumour	+
GX31_TGCAGATTCTTCGTAT	Tumour	+
GX31_TGCAGGCGTGCAGATG	Tumour	+
GX31_TGCAGTACAATTTCCT	Tumour	+
GX31_TGCAGTATCTGAGTCA	Tumour	+
GX31_TGCATCCAGAAACACT	Tumour	+
GX31_TGCATCCAGCCGTTAT	Tumour	+
GX31_TGCATCCCACAGTGAG	Tumour	+
GX31_TGCATCCGTAGACAGC	Tumour	+
GX31_TGCATCCGTGCCTATA	Tumour	+
GX31_TGCATCCTCAACACGT	Tumour	+
GX31_TGCATCCTCGCTCTAC	Tumour	+
GX31_TGCATCCTCTGAATCG	Tumour	+
GX31_TGCATGAGTTCTCGTC	Tumour	+
GX31_TGCCGAGCATAGAAAC	Tumour	+
GX31_TGCGACGTCAATCTTC	Tumour	+
GX31_TGCGACGTCCAATGCA	Tumour	+
GX31_TGCGATAAGAGTCCGA	Tumour	+
GX31_TGCGATATCCGACAGC	Tumour	+
GX31_TGCGGCAAGGTACCTT	Tumour	+
GX31_TGCGGCAAGGTTTACC	Tumour	+
GX31_TGCGGCACAATCTGCA	Tumour	+
GX31_TGCGGGTAGGCCTGAA	Tumour	+
GX31_TGCGGGTCATGATCTG	Tumour	+
GX31_TGCGGGTGTCATCCCT	Tumour	+
GX31_TGCGGGTTCGCTTACC	Tumour	+
GX31_TGCTCCAAGAGGCGTT	Tumour	+
GX31_TGCTCCAGTTGCCAAT	Tumour	+
GX31_TGCTCCATCGCTACGG	Tumour	+
GX31_TGCTCCATCGTCCTCA	Tumour	+
GX31_TGCTCGTAGGCGTTGA	Tumour	+
GX31_TGCTCGTAGGTTCATC	Tumour	+
GX31_TGCTCGTGTTCCTAGA	Tumour	+
GX31_TGCTCGTTCCCTTCCC	Tumour	+
GX31_TGCTCGTTCTTGGGCG	Tumour	+
GX31_TGCTGAAAGCAAATGT	Tumour	+
GX31_TGCTGAACAACCAATC	Tumour	+
GX31_TGCTGAACACCGTGAC	Tumour	+
GX31_TGCTGAAGTACTCCGG	Tumour	+
GX31_TGCTGAATCTAGCAAC	Tumour	+
GX31_TGCTTCGAGTTGAAGT	Tumour	+
GX31_TGCTTCGCAGGAAGTC	Tumour	+
GX31_TGCTTCGGTTCGTACA	Tumour	+
GX31_TGCTTGCGTACTGCGC	Tumour	+
GX31_TGGAACTCAATGCAAA	Tumour	+
GX31_TGGAACTGTTCAGCGC	Tumour	+
GX31_TGGAGAGCACCCTGTT	Tumour	+
GX31_TGGAGAGGTTACGATC	Tumour	+
GX31_TGGAGGACAAATGGAT	Tumour	+
GX31_TGGAGGACACTCACTC	Tumour	+
GX31_TGGAGGAGTCTACTGA	Tumour	+
GX31_TGGAGGATCGAAACAA	Tumour	+
GX31_TGGATCAAGGGCCCTT	Tumour	+
GX31_TGGATCACATGTACGT	Tumour	+
GX31_TGGATCATCGCACGGT	Tumour	+
GX31_TGGATGTAGAACTCCT	Tumour	+
GX31_TGGATGTAGAAGTCCG	Tumour	+
GX31_TGGATGTAGATACTGA	Tumour	+
GX31_TGGATGTAGCAGGTCA	Tumour	+
GX31_TGGATGTTCCAGCCTT	Tumour	+
GX31_TGGGAAGCAAGTGTCT	Tumour	+
GX31_TGGGAAGTCTCTAAGG	Tumour	+
GX31_TGGGATTAGGGAGGCA	Tumour	+
GX31_TGGGATTCAATCTAGC	Tumour	+
GX31_TGGGATTGTCCCTGTT	Tumour	+
GX31_TGGGCGTAGATACATG	Tumour	+
GX31_TGGGCGTCAGCTCCTT	Tumour	+
GX31_TGGGCTGCACGCTGTG	Tumour	+
GX31_TGGGCTGTCGACGTCG	Tumour	+
GX31_TGGGTTACAGGGTTGA	Tumour	+
GX31_TGGGTTACATGACCCG	Tumour	+
GX31_TGGGTTAGTGTCTTCC	Tumour	+
GX31_TGGGTTATCAACGAGG	Tumour	+
GX31_TGGGTTATCAACTCTT	Tumour	+
GX31_TGGTACAGTCAGGTGA	Tumour	+
GX31_TGGTACAGTGGTCCCA	Tumour	+
GX31_TGGTGATAGCTATCTG	Tumour	+
GX31_TGGTGATCACCGTACG	Tumour	+
GX31_TGGTGATCATGGCACC	Tumour	+
GX31_TGGTGATGTATGATCC	Tumour	+
GX31_TGGTGATTCTTGGGCG	Tumour	+
GX31_TGGTTAGAGCACTTTG	Tumour	+
GX31_TGGTTAGTCAAGGCTT	Tumour	+
GX31_TGGTTAGTCAGGGTAG	Tumour	+
GX31_TGGTTAGTCATGCGGC	Tumour	+
GX31_TGGTTAGTCTCGTTTA	Tumour	+
GX31_TGTAACGAGACAACAT	Tumour	+
GX31_TGTAACGGTTAATCGC	Tumour	+
GX31_TGTAAGCAGTTCATCG	Tumour	+
GX31_TGTAAGCGTATAGCTC	Tumour	+
GX31_TGTAAGCGTGTTGATC	Tumour	+
GX31_TGTAAGCTCGCTAGCG	Tumour	+
GX31_TGTACAGAGTCAACAA	Tumour	+
GX31_TGTACAGCAGCTCATA	Tumour	+
GX31_TGTACAGTCTCCTGAC	Tumour	+
GX31_TGTAGACCAGTTTGGT	Tumour	+
GX31_TGTAGACCATAGGTTC	Tumour	+
GX31_TGTCAGAAGTACGAGC	Tumour	+
GX31_TGTCAGATCATCTACT	Tumour	+
GX31_TGTCCACAGGACTATA	Tumour	+
GX31_TGTCCACCAATGAACA	Tumour	+
GX31_TGTCCACCATCGTGGC	Tumour	+
GX31_TGTCCACGTGTCATGT	Tumour	+
GX31_TGTCCCACACAAATGA	Tumour	+
GX31_TGTCCCAGTAACTAAG	Tumour	+
GX31_TGTCCTGAGCAGCAGT	Tumour	+
GX31_TGTCCTGAGCTAGAAT	Tumour	+
GX31_TGTCCTGCAGAGGCAT	Tumour	+
GX31_TGTCCTGCAGTTCTAG	Tumour	+
GX31_TGTCCTGGTCCAACGC	Tumour	+
GX31_TGTCCTGTCTTCCACG	Tumour	+
GX31_TGTGAGTAGGTTCCAT	Tumour	+
GX31_TGTGAGTCACACCGCA	Tumour	+
GX31_TGTGATGGTTAGCGGA	Tumour	+
GX31_TGTGATGGTTCACCGG	Tumour	+
GX31_TGTGCGGAGTAGCATA	Tumour	+
GX31_TGTGGCGAGAAGGGAT	Tumour	+
GX31_TGTGGCGAGCCGTTAT	Tumour	+
GX31_TGTGGCGCAGTACTAC	Tumour	+
GX31_TGTGGCGCATTCTTCA	Tumour	+
GX31_TGTGGCGGTGTTCAGT	Tumour	+
GX31_TGTGTGAGTCTCGACG	Tumour	+
GX31_TGTGTGATCACTCTTA	Tumour	+
GX31_TGTTACTCACATAGCT	Tumour	+
GX31_TGTTACTGTGTGTGTT	Tumour	+
GX31_TGTTCATCATGACACT	Tumour	+
GX31_TGTTCATGTCTATGAC	Tumour	+
GX31_TGTTCATTCTATCACT	Tumour	+
GX31_TGTTCATTCTGGGAGA	Tumour	+
GX31_TGTTCCGAGAGGTTTA	Tumour	+
GX31_TGTTCTAGTCAAGCGA	Tumour	+
GX31_TGTTCTATCATATGGC	Tumour	+
GX31_TGTTGAGAGCAACTTC	Tumour	+
GX31_TGTTGAGGTCATAGTC	Tumour	+
GX31_TGTTGAGGTTCCAAAC	Tumour	+
GX31_TGTTGAGTCAAGTCTG	Tumour	+
GX31_TGTTGAGTCAGTCCGG	Tumour	+
GX31_TGTTGGAAGATAACGT	Tumour	+
GX31_TGTTGGACAAGGCGTA	Tumour	+
GX31_TGTTGGAGTTCTCCTG	Tumour	+
GX31_TGTTGGATCACCTCTG	Tumour	+
GX31_TGTTTGTAGCCGATCC	Tumour	+
GX31_TGTTTGTTCGAGATAA	Tumour	+
GX31_TTAATCCCAGGAATAT	Tumour	+
GX31_TTACAGGAGCTCGGCT	Tumour	+
GX31_TTACAGGCAGAAGCTG	Tumour	+
GX31_TTACCATAGAAGTCAT	Tumour	+
GX31_TTACCATGTGGACCAA	Tumour	+
GX31_TTACCATGTTCCGCAG	Tumour	+
GX31_TTACCATTCAAACCCA	Tumour	+
GX31_TTACCATTCACGTAGT	Tumour	+
GX31_TTACCGCAGAGGTATT	Tumour	+
GX31_TTACCGCCATTGTGCA	Tumour	+
GX31_TTACCGCGTCATCACA	Tumour	+
GX31_TTACGCCAGCCTCATA	Tumour	+
GX31_TTACGCCAGGGACAGG	Tumour	+
GX31_TTACGCCAGTGGCCTC	Tumour	+
GX31_TTACGCCCAATTCGTG	Tumour	+
GX31_TTACGCCCATAGAATG	Tumour	+
GX31_TTACGTTAGCGACTTT	Tumour	+
GX31_TTACTGTAGGCTAGCA	Tumour	+
GX31_TTACTGTCAACTGTGT	Tumour	+
GX31_TTAGGCAAGGTGCTTT	Tumour	+
GX31_TTAGGCACAACTGCCG	Tumour	+
GX31_TTAGGCAGTCGCGGTT	Tumour	+
GX31_TTAGGGTCAAGCACCC	Tumour	+
GX31_TTAGGGTGTCCAGTTA	Tumour	+
GX31_TTAGTCTAGTGATAGT	Tumour	+
GX31_TTAGTCTTCTTCTGGC	Tumour	+
GX31_TTATTGCCACAACGTT	Tumour	+
GX31_TTATTGCGTGACGTCC	Tumour	+
GX31_TTCAATCCATATACCG	Tumour	+
GX31_TTCACCGCACTCTGCT	Tumour	+
GX31_TTCACCGGTCAAATCC	Tumour	+
GX31_TTCACCGGTTGTGGAG	Tumour	+
GX31_TTCACGCCAGAGTCTT	Tumour	+
GX31_TTCAGGACAGGCTCTG	Tumour	+
GX31_TTCATGTGTCGCATCG	Tumour	+
GX31_TTCATGTTCATGCCGG	Tumour	+
GX31_TTCATTGAGCGGACAT	Tumour	+
GX31_TTCATTGAGTGCCGAA	Tumour	+
GX31_TTCATTGCATTCTTCA	Tumour	+
GX31_TTCATTGGTACTGGGA	Tumour	+
GX31_TTCCAATCACAGCATT	Tumour	+
GX31_TTCCAATTCATGGGAG	Tumour	+
GX31_TTCCACGAGAGGTCGT	Tumour	+
GX31_TTCCACGCACACCGCA	Tumour	+
GX31_TTCCACGGTCACCGCA	Tumour	+
GX31_TTCCACGTCTCGTCGT	Tumour	+
GX31_TTCCGGTCATTCACCC	Tumour	+
GX31_TTCCGGTGTTAGGAGC	Tumour	+
GX31_TTCCGTGAGGGCTAAC	Tumour	+
GX31_TTCCGTGTCCTAAGTG	Tumour	+
GX31_TTCCTAAAGGTAGGCT	Tumour	+
GX31_TTCCTAATCCTACGAA	Tumour	+
GX31_TTCCTAATCGCTCATC	Tumour	+
GX31_TTCCTCTGTCACTCTC	Tumour	+
GX31_TTCCTCTTCTGACCCT	Tumour	+
GX31_TTCCTTCAGGTTGAGC	Tumour	+
GX31_TTCCTTCCACAGCCAC	Tumour	+
GX31_TTCGATTTCTCGTCAC	Tumour	+
GX31_TTCGCTGAGTCATACC	Tumour	+
GX31_TTCGCTGGTTAGGCTT	Tumour	+
GX31_TTCTAACAGGCTAAAT	Tumour	+
GX31_TTCTAACCATATCTCT	Tumour	+
GX31_TTCTAACGTCCATACA	Tumour	+
GX31_TTCTAACTCATCGCCT	Tumour	+
GX31_TTCTCTCCAAATTAGG	Tumour	+
GX31_TTCTCTCCACCTGCAG	Tumour	+
GX31_TTCTCTCCATCGCTCT	Tumour	+
GX31_TTCTCTCGTCGAACAG	Tumour	+
GX31_TTCTCTCTCCACCTCA	Tumour	+
GX31_TTCTGTACATCGCTGG	Tumour	+
GX31_TTCTTCCAGACGTCCC	Tumour	+
GX31_TTCTTCCAGATGGCAC	Tumour	+
GX31_TTCTTCCCATATAGCC	Tumour	+
GX31_TTCTTCCGTCTAATCG	Tumour	+
GX31_TTCTTGAAGAAGTATC	Tumour	+
GX31_TTCTTGACAACTCGAT	Tumour	+
GX31_TTGAACGCAAGCCCAC	Tumour	+
GX31_TTGAACGTCACGTCCT	Tumour	+
GX31_TTGAACGTCGCAATGT	Tumour	+
GX31_TTGACCCTCATGTCTT	Tumour	+
GX31_TTGACCCTCTCGAGTA	Tumour	+
GX31_TTGAGTGAGGAAACGA	Tumour	+
GX31_TTGAGTGAGGTGTGAC	Tumour	+
GX31_TTGATGGCAACAGATA	Tumour	+
GX31_TTGATGGCAACTGAAA	Tumour	+
GX31_TTGATGGCACTTCCTG	Tumour	+
GX31_TTGATGGCAGGACTTT	Tumour	+
GX31_TTGATGGTCATCGCCT	Tumour	+
GX31_TTGATGGTCTGTGTGA	Tumour	+
GX31_TTGCATTAGACGGAAA	Tumour	+
GX31_TTGCATTAGGACACTG	Tumour	+
GX31_TTGCCTGGTCCTCAGG	Tumour	+
GX31_TTGCCTGGTGAGTGAC	Tumour	+
GX31_TTGCCTGTCGTTCTGC	Tumour	+
GX31_TTGCGTCAGAGCAACC	Tumour	+
GX31_TTGCGTCTCGGTCAGC	Tumour	+
GX31_TTGGATGAGAGAGTTT	Tumour	+
GX31_TTGGATGGTGCGTTTA	Tumour	+
GX31_TTGGATGTCGCTATTT	Tumour	+
GX31_TTGGGATAGCTAGAAT	Tumour	+
GX31_TTGGGATCATCGAACT	Tumour	+
GX31_TTGGGATCATGCACTA	Tumour	+
GX31_TTGGGATCATTGAAGA	Tumour	+
GX31_TTGGGATGTGGCCACT	Tumour	+
GX31_TTGGGTAGTCATAACC	Tumour	+
GX31_TTGGGTAGTTTCGTGA	Tumour	+
GX31_TTGGGTATCTTCTGTA	Tumour	+
GX31_TTGGTTTCAGCCATTA	Tumour	+
GX31_TTGGTTTTCTCCGAAA	Tumour	+
GX31_TTGGTTTTCTTCGACC	Tumour	+
GX31_TTGTTCAAGAGCAGTC	Tumour	+
GX31_TTGTTCAGTAGTCTTG	Tumour	+
GX31_TTGTTGTGTCGCTTAA	Tumour	+
GX31_TTGTTGTTCATTGGTG	Tumour	+
GX31_TTGTTTGCACAAAGTA	Tumour	+
GX31_TTGTTTGGTCCGAAGA	Tumour	+
GX31_TTGTTTGGTCTTGCTC	Tumour	+
GX31_TTTACGTCAGGTCCCA	Tumour	+
GX31_TTTACGTGTTGGGAAC	Tumour	+
GX31_TTTACGTTCGCAGTTA	Tumour	+
GX31_TTTACTGAGAAGATCT	Tumour	+
GX31_TTTACTGCAAACGGCA	Tumour	+
GX31_TTTACTGCACAACGAG	Tumour	+
GX31_TTTACTGCACAATTCG	Tumour	+
GX31_TTTACTGCACTTGAAC	Tumour	+
GX31_TTTACTGTCCTGCTAC	Tumour	+
GX31_TTTAGTCAGCCATATC	Tumour	+
GX31_TTTAGTCAGCCGCACT	Tumour	+
GX31_TTTAGTCGTTTCGACA	Tumour	+
GX31_TTTATGCGTACCATAC	Tumour	+
GX31_TTTATGCTCTACTGCC	Tumour	+
GX31_TTTCACACATCCTATT	Tumour	+
GX31_TTTCACATCATCGCAA	Tumour	+
GX31_TTTCACATCGGTAGAG	Tumour	+
GX31_TTTCAGTAGACGGATC	Tumour	+
GX31_TTTCAGTCATAGGCGA	Tumour	+
GX31_TTTCAGTTCACAATGC	Tumour	+
GX31_TTTCATGAGAGTCTTC	Tumour	+
GX31_TTTCATGAGGATATAC	Tumour	+
GX31_TTTCATGGTATCTTCT	Tumour	+
GX31_TTTCATGGTCATATGC	Tumour	+
GX31_TTTCGATCACAAGGTG	Tumour	+
GX31_TTTCGATTCACTACGA	Tumour	+
GX31_TTTGACTAGCCGAACA	Tumour	+
GX31_TTTGACTAGGGAGGCA	Tumour	+
GX31_TTTGACTAGGTCGAGT	Tumour	+
GX31_TTTGATCAGGCGAAGG	Tumour	+
GX31_TTTGATCCATGAGGGT	Tumour	+
GX31_TTTGATCGTATCGCAT	Tumour	+
GX31_TTTGGAGAGGATACCG	Tumour	+
GX31_TTTGGAGTCTATACGG	Tumour	+
GX31_TTTGGTTCACGCGTCA	Tumour	+
GX31_TTTGTTGAGATAACGT	Tumour	+
GX31_TTTGTTGGTCAACATC	Tumour	+
GX31_TTTGTTGGTCACTTAG	Tumour	+
GX31_TTTGTTGGTCGCACGT	Tumour	+
GX31_TTTGTTGTCGTCAGAT	Tumour	+
GX31_TTTGTTGTCTCTCAAT	Tumour	+
