sample_name	geo_loc_name	Host	isolate	LibrarySelection	LibrarySource	isolation_source	serotype	genotype	strain	majority_hosts
SRR24839058	USA: Massachusetts	Branta canadensis	A/Canada Goose/Massachusetts/22-005893-001/2022	RT-PCR	VIRAL RNA	Swab\, Tracheal	H5N1			NA
SRR24839059	USA: Kentucky	Mareca strepera	A/Gadwall/Kentucky/22-005154-004/2022	RT-PCR	VIRAL RNA	Swab Pool\, Cloacal/Oropharyngeal	H5N1			NA
SRR24839060	USA: Maine	Gallus gallus	A/Backyard bird/Maine/22-005158-001/2022	RT-PCR	VIRAL RNA	Tissue	H5N1			Gallus gallus
SRR24839061	USA: Delaware	Gallus gallus	A/Chicken/Delaware/22-005260-001/2022	RT-PCR	VIRAL RNA	Swab\, Oropharyngeal	H5N1			Gallus gallus
SRR24839062	USA: Indiana	Meleagris gallopavo	A/Turkey/Indiana/22-005289-001/2022	RT-PCR	VIRAL RNA	Swab\, Tracheal	H5N1			Meleagris gallopavo
SRR24839063	USA: Connecticut	Anas rubripes	A/American Black Duck/Connecticut/22-005313-006/2022	RT-PCR	VIRAL RNA	Swab Pool\, Cloacal/Oropharyngeal	H5N1			NA
SRR24839064	USA: North Carolina	Mareca americana	A/American Wigeon/North Carolina/22-001330-015/2022	RT-PCR	VIRAL RNA	Swab Pool\, Cloacal/Oropharyngeal	H5N1			NA
SRR24839065	USA: Connecticut	Anas rubripes	A/American Black Duck/Connecticut/22-005313-007/2022	RT-PCR	VIRAL RNA	Swab Pool\, Cloacal/Oropharyngeal	H5N1			NA
SRR24839066	USA: Kentucky	Anas platyrhynchos	A/Mallard/Kentucky/22-005153-004/2022	RT-PCR	VIRAL RNA	Swab Pool\, Cloacal/Oropharyngeal	H5N1			NA
SRR24839067	USA: New Jersey	Anas platyrhynchos	A/Mallard/New Jersey/22-005110-014/2022	RT-PCR	VIRAL RNA	Swab Pool\, Cloacal/Oropharyngeal	H5N1			NA
SRR24839068	USA: New Jersey	Anas platyrhynchos	A/Mallard/New Jersey/22-005110-004/2022	RT-PCR	VIRAL RNA	Swab Pool\, Cloacal/Oropharyngeal	H5N1			NA
SRR24839069	USA: New Jersey	Anas platyrhynchos	A/Mallard/New Jersey/22-005110-003/2022	RT-PCR	VIRAL RNA	Swab Pool\, Cloacal/Oropharyngeal	H5N1			NA
SRR24839070	USA: South Dakota	Meleagris gallopavo	A/Turkey/South Dakota/22-010346-001/2022	RT-PCR	VIRAL RNA	swab	H5N1			Meleagris gallopavo
SRR24839071	USA: Virginia	Mareca strepera	A/Gadwall/Virginia/22-003923-001/2022	RT-PCR	VIRAL RNA	Swab Pool\, Cloacal/Oropharyngeal	H5N1			NA
SRR24839072	USA: North Carolina	Meleagris gallopavo	A/Turkey/North Carolina/22-010448-001/2022	RT-PCR	VIRAL RNA	swab	H5N1			Meleagris gallopavo
SRR24839073	USA: Montana	Gallus gallus	A/Backyard bird/Montana/22-010445-003/2022	RT-PCR	VIRAL RNA	Swab\, Cloacal	H5N1			Gallus gallus
SRR24839074	USA: Montana	Gallus gallus	A/Backyard bird/Montana/22-010445-001/2022	RT-PCR	VIRAL RNA	Swab\, Cloacal	H5N1			Gallus gallus
SRR24839075	USA: Nebraska	Pelecanidae sp.	A/Pelican/Nebraska/22-010426-001/2022	RT-PCR	VIRAL RNA	Swab\, Cloacal	H5N1			NA
SRR24839076	USA: Vermont	Haliaeetus leucocephalus	A/Bald Eagle/Vermont/22-010414-001/2022	RT-PCR	VIRAL RNA	Swab Pool\, Cloacal/Oropharyngeal	H5N1			NA
SRR24839077	USA: Wyoming	Gallus gallus	A/Backyard bird/Wyoming/22-010378-001/2022	RT-PCR	VIRAL RNA	Swab\, Oropharyngeal	H5N1			Gallus gallus
SRR24839078	USA: Colorado	Branta canadensis	A/Canada Goose/Colorado/22-010377-001/2022	RT-PCR	VIRAL RNA	Swab Pool\, Cloacal/Oropharyngeal	H5N1			NA
SRR24839079	USA: South Dakota	Anser caerulescens	A/Snow Goose/South Dakota/22-010375-007/2022	RT-PCR	VIRAL RNA	Swab Pool\, Cloacal/Oropharyngeal	H5N1			Anser caerulescens
SRR24839080	USA: Delaware	Spatula clypeata	A/Northern Shoveler/Delaware/22-003933-001/2022	RT-PCR	VIRAL RNA	Swab Pool\, Cloacal/Oropharyngeal	H5N1			NA
SRR24839081	USA: North Carolina	Mareca americana	A/American Wigeon/North Carolina/22-001330-009/2022	RT-PCR	VIRAL RNA	Swab Pool\, Cloacal/Oropharyngeal	H5N1			NA
SRR24839082	USA: South Dakota	Anser caerulescens	A/Snow Goose/South Dakota/22-010375-005/2022	RT-PCR	VIRAL RNA	Swab Pool\, Cloacal/Oropharyngeal	H5N1			Anser caerulescens
SRR24839083	USA: Wyoming	Branta canadensis	A/Canada Goose/Wyoming/22-010373-001/2022	RT-PCR	VIRAL RNA	Swab Pool\, Cloacal/Oropharyngeal	H5N1			NA
SRR24839084	USA: North Carolina	Anas platyrhynchos	A/Mallard/North Carolina/22-004008-006/2022	RT-PCR	VIRAL RNA	Swab Pool\, Cloacal/Oropharyngeal	H5N1			NA
SRR24839085	USA: Florida	Coragyps atratus	A/Black Vulture/Florida/22-010358-004/2022	RT-PCR	VIRAL RNA	Swab Pool\, Cloacal/Oropharyngeal	H5N1			NA
SRR24839086	USA: Florida	Coragyps atratus	A/Black Vulture/Florida/22-010358-003/2022	RT-PCR	VIRAL RNA	Swab Pool\, Cloacal/Oropharyngeal	H5N1			NA
SRR24839087	USA: Florida	Coragyps atratus	A/Black Vulture/Florida/22-010358-002/2022	RT-PCR	VIRAL RNA	Swab Pool\, Cloacal/Oropharyngeal	H5N1			NA
SRR24839088	USA: Florida	Coragyps atratus	A/Black Vulture/Florida/22-010358-001/2022	RT-PCR	VIRAL RNA	Swab Pool\, Cloacal/Oropharyngeal	H5N1			NA
SRR24839089	USA: Florida	Coragyps atratus	A/Black Vulture/Florida/22-010357-001/2022	RT-PCR	VIRAL RNA	Swab Pool\, Cloacal/Oropharyngeal	H5N1			NA
SRR24839090	USA: New York	Gallus gallus	A/Backyard bird/New York/22-010200-002/2022	RT-PCR	VIRAL RNA	Swab\, Oropharyngeal	H5N1			Gallus gallus
SRR24839091	USA: Wisconsin	Anas sp.	A/Backyard bird/Wisconsin/22-010325-003/2022	RT-PCR	VIRAL RNA	Tissue Homogenate	H5N1			NA
SRR24839092	USA: New York	Anas sp.	A/Backyard bird/New York/22-010321-003/2022	RT-PCR	VIRAL RNA	Swab\, Cloacal	H5N1			NA
SRR24839093	USA: New York	Gallus gallus	A/Backyard bird/New York/22-010321-002/2022	RT-PCR	VIRAL RNA	Swab\, Oropharyngeal	H5N1			Gallus gallus
SRR24839094	USA: New York	Gallus gallus	A/Backyard bird/New York/22-010321-001/2022	RT-PCR	VIRAL RNA	Swab\, Oropharyngeal	H5N1			Gallus gallus
SRR24839095	USA: Minnesota	Meleagris gallopavo	A/Turkey/Minnesota/22-010312-001/2022	RT-PCR	VIRAL RNA	swab	H5N1			Meleagris gallopavo
SRR24839096	USA: North Carolina	Gallus gallus	A/Chicken/North Carolina/22-010299-002/2022	RT-PCR	VIRAL RNA	swab	H5N1			Gallus gallus
SRR24839097	USA: North Carolina	Gallus gallus	A/Chicken/North Carolina/22-010298-002/2022	RT-PCR	VIRAL RNA	swab	H5N1			Gallus gallus
SRR24839098	USA: North Carolina	Gallus gallus	A/Chicken/North Carolina/22-010298-001/2022	RT-PCR	VIRAL RNA	swab	H5N1			Gallus gallus
SRR24839099	USA: North Carolina	Spatula clypeata	A/Northern Shoveler/North Carolina/22-003831-019/2022	RT-PCR	VIRAL RNA	Swab Pool\, Cloacal/Oropharyngeal	H5N1			NA
SRR24839100	USA: Missouri	Meleagris gallopavo	A/Turkey/Missouri/22-010296-001/2022	RT-PCR	VIRAL RNA	swab	H5N1			Meleagris gallopavo
SRR24839101	USA: North Dakota	Bubo scandiacus	A/Snowy Owl/North Dakota/22-010240-001/2022	RT-PCR	VIRAL RNA	Swab\, Cloacal	H5N1			NA
SRR24839102	USA: South Dakota	Meleagris gallopavo	A/Turkey/South Dakota/22-010136-002/2022	RT-PCR	VIRAL RNA	swab	H5N1			Meleagris gallopavo
SRR24839103	USA: South Dakota	Meleagris gallopavo	A/Turkey/South Dakota/22-010136-001/2022	RT-PCR	VIRAL RNA	swab	H5N1			Meleagris gallopavo
SRR24839104	USA: South Dakota	Meleagris gallopavo	A/Turkey/South Dakota/22-010135-001/2022	RT-PCR	VIRAL RNA	swab	H5N1			Meleagris gallopavo
SRR24839105	USA: Maine	Anser sp.	A/Backyard bird/Maine/22-010181-002/2022	RT-PCR	VIRAL RNA	swab	H5N1			NA
SRR24839106	USA: Minnesota	Meleagris gallopavo	A/Turkey/Minnesota/22-010085-001/2022	RT-PCR	VIRAL RNA	swab	H5N1			Meleagris gallopavo
SRR24839107	USA: North Dakota	Anser caerulescens	A/Snow Goose/North Dakota/22-010037-005/2022	RT-PCR	VIRAL RNA	Swab Pool\, Cloacal/Oropharyngeal	H5N1			Anser caerulescens
SRR24839108	USA: North Dakota	Anser caerulescens	A/Snow Goose/North Dakota/22-010037-002/2022	RT-PCR	VIRAL RNA	Swab Pool\, Cloacal/Oropharyngeal	H5N1			Anser caerulescens
SRR24839109	USA: North Dakota	Anser caerulescens	A/Snow Goose/North Dakota/22-010037-001/2022	RT-PCR	VIRAL RNA	Swab Pool\, Cloacal/Oropharyngeal	H5N1			Anser caerulescens
SRR24839110	USA: Wyoming	Gallus gallus	A/Backyard bird/Wyoming/22-010157-002/2022	RT-PCR	VIRAL RNA	Swab\, Oropharyngeal	H5N1			Gallus gallus
SRR24839111	USA: North Dakota	Anser caerulescens	A/Snow Goose/North Dakota/22-010036-007/2022	RT-PCR	VIRAL RNA	Swab Pool\, Cloacal/Oropharyngeal	H5N1			Anser caerulescens
SRR24839112	USA: North Dakota	Anser rossii	A/Ross's Goose/North Dakota/22-010036-006/2022	RT-PCR	VIRAL RNA	Swab Pool\, Cloacal/Oropharyngeal	H5N1			NA
SRR24839113	USA: Iowa	Haliaeetus leucocephalus	A/Bald Eagle/Iowa/22-010129-001/2022	RT-PCR	VIRAL RNA	Swab\, Tracheal	H5N1			NA
SRR24839114	USA: Minnesota	Meleagris gallopavo	A/Turkey/Minnesota/22-010127-001/2022	RT-PCR	VIRAL RNA	swab	H5N1			Meleagris gallopavo
SRR24839115	USA: Minnesota	Meleagris gallopavo	A/Turkey/Minnesota/22-010126-002/2022	RT-PCR	VIRAL RNA	swab	H5N1			Meleagris gallopavo
SRR24839116	USA: North Carolina	Meleagris gallopavo	A/Turkey/North Carolina/22-010145-001/2022	RT-PCR	VIRAL RNA	swab	H5N1			Meleagris gallopavo
SRR24839117	USA: Minnesota	Meleagris gallopavo	A/Turkey/Minnesota/22-010126-001/2022	RT-PCR	VIRAL RNA	swab	H5N1			Meleagris gallopavo
SRR24839118	USA: North Carolina	Aix sponsa	A/Wood Duck/North Carolina/22-003829-001/2022	RT-PCR	VIRAL RNA	Swab Pool\, Cloacal/Oropharyngeal	H5N1			NA
SRR24839119	USA: Minnesota	Meleagris gallopavo	A/Turkey/Minnesota/22-010125-002/2022	RT-PCR	VIRAL RNA	swab	H5N1			Meleagris gallopavo
SRR24839120	USA: Minnesota	Meleagris gallopavo	A/Turkey/Minnesota/22-010124-002/2022	RT-PCR	VIRAL RNA	swab	H5N1			Meleagris gallopavo
SRR24839121	USA: Minnesota	Meleagris gallopavo	A/Turkey/Minnesota/22-010124-001/2022	RT-PCR	VIRAL RNA	swab	H5N1			Meleagris gallopavo
SRR24839122	USA: Minnesota	Meleagris gallopavo	A/Turkey/Minnesota/22-010123-004/2022	RT-PCR	VIRAL RNA	swab	H5N1			Meleagris gallopavo
SRR24839123	USA: Minnesota	Meleagris gallopavo	A/Turkey/Minnesota/22-010123-001/2022	RT-PCR	VIRAL RNA	swab	H5N1			Meleagris gallopavo
SRR24839124	USA: Minnesota	Meleagris gallopavo	A/Turkey/Minnesota/22-010122-001/2022	RT-PCR	VIRAL RNA	swab	H5N1			Meleagris gallopavo
SRR24839125	USA: Iowa	Meleagris gallopavo	A/Turkey/Iowa/22-010094-001/2022	RT-PCR	VIRAL RNA	Swab\, Tracheal	H5N1			Meleagris gallopavo
SRR24839126	USA: Minnesota	Meleagris gallopavo	A/Turkey/Minnesota/22-010092-003/2022	RT-PCR	VIRAL RNA	swab	H5N1			Meleagris gallopavo
SRR24839127	USA: North Carolina	Anas crecca	A/Green-winged Teal/North Carolina/22-003827-001/2022	RT-PCR	VIRAL RNA	Swab Pool\, Cloacal/Oropharyngeal	H5N1			NA
SRR24839128	USA: Minnesota	Meleagris gallopavo	A/Turkey/Minnesota/22-010092-002/2022	RT-PCR	VIRAL RNA	swab	H5N1			Meleagris gallopavo
SRR24839129	USA: Minnesota	Meleagris gallopavo	A/Turkey/Minnesota/22-010085-003/2022	RT-PCR	VIRAL RNA	swab	H5N1			Meleagris gallopavo
SRR24839130	USA: Minnesota	Meleagris gallopavo	A/Turkey/Minnesota/22-010085-002/2022	RT-PCR	VIRAL RNA	swab	H5N1			Meleagris gallopavo
SRR24839131	USA: North Dakota	Meleagris gallopavo	A/Turkey/North Dakota/22-010015-001/2022	RT-PCR	VIRAL RNA	swab	H5N1			Meleagris gallopavo
SRR24839132	USA: North Dakota	Anser rossii	A/Ross's Goose/North Dakota/22-010036-005/2022	RT-PCR	VIRAL RNA	Swab Pool\, Cloacal/Oropharyngeal	H5N1			NA
SRR24839133	USA: Indiana	Meleagris gallopavo	A/Turkey/Indiana/22-003707-003/2022	RT-PCR	VIRAL RNA	swab	H5N1			Meleagris gallopavo
SRR24839134	USA: North Carolina	Meleagris gallopavo	A/Backyard bird/North Carolina/22-009583-001/2022	RT-PCR	VIRAL RNA	swab	H5N1			Meleagris gallopavo
SRR24839135	USA: Vermont	Haliaeetus leucocephalus	A/Bald Eagle/Vermont/22-009551-002/2022	RT-PCR	VIRAL RNA	Swab Pool\, Cloacal/Oropharyngeal	H5N1			NA
SRR24839136	USA: Vermont	Haliaeetus leucocephalus	A/Bald Eagle/Vermont/22-009551-001/2022	RT-PCR	VIRAL RNA	Swab Pool\, Cloacal/Oropharyngeal	H5N1			NA
SRR24839137	USA: Iowa	Meleagris gallopavo	A/Turkey/Iowa/22-009550-001/2022	RT-PCR	VIRAL RNA	Swab\, Tracheal	H5N1			Meleagris gallopavo
SRR24839138	USA: South Dakota	Meleagris gallopavo	A/Turkey/South Dakota/22-009534-001/2022	RT-PCR	VIRAL RNA	swab	H5N1			Meleagris gallopavo
SRR24839139	USA: North Dakota	Anser caerulescens	A/Snow Goose/North Dakota/22-009483-002/2022	RT-PCR	VIRAL RNA	Swab Pool\, Cloacal/Oropharyngeal	H5N1			Anser caerulescens
SRR24839140	USA: North Dakota	Anser caerulescens	A/Snow Goose/North Dakota/22-009483-001/2022	RT-PCR	VIRAL RNA	Swab Pool\, Cloacal/Tracheal	H5N1			Anser caerulescens
SRR24839141	USA: New Hampshire	Anas platyrhynchos	A/Mallard/New Hampshire/22-003417-047/2022	RT-PCR	VIRAL RNA	Swab Pool\, Cloacal/Oropharyngeal	H5N1			NA
SRR24839142	USA: North Dakota	Anser rossii	A/Ross's Goose/North Dakota/22-009482-001/2022	RT-PCR	VIRAL RNA	Swab Pool\, Cloacal/Oropharyngeal	H5N1			NA
SRR24839143	USA: North Dakota	Anser rossii	A/Ross's Goose/North Dakota/22-009481-021/2022	RT-PCR	VIRAL RNA	Swab Pool\, Cloacal/Tracheal	H5N1			NA
SRR24839144	USA: North Dakota	Anser rossii	A/Ross's Goose/North Dakota/22-009481-019/2022	RT-PCR	VIRAL RNA	Swab Pool\, Cloacal/Tracheal	H5N1			NA
SRR24839145	USA: North Dakota	Anser caerulescens	A/Snow Goose/North Dakota/22-009481-015/2022	RT-PCR	VIRAL RNA	Swab Pool\, Cloacal/Tracheal	H5N1			Anser caerulescens
SRR24839146	USA: South Dakota	Anser caerulescens	A/Snow Goose/South Dakota/22-009478-016/2022	RT-PCR	VIRAL RNA	Swab Pool\, Cloacal/Oropharyngeal	H5N1			Anser caerulescens
SRR24839147	USA: South Dakota	Anser caerulescens	A/Snow Goose/South Dakota/22-009478-015/2022	RT-PCR	VIRAL RNA	Swab Pool\, Cloacal/Oropharyngeal	H5N1			Anser caerulescens
SRR24839148	USA: South Dakota	Anser caerulescens	A/Snow Goose/South Dakota/22-009478-014/2022	RT-PCR	VIRAL RNA	Swab Pool\, Cloacal/Oropharyngeal	H5N1			Anser caerulescens
SRR24839149	USA: South Dakota	Anser caerulescens	A/Snow Goose/South Dakota/22-009478-012/2022	RT-PCR	VIRAL RNA	Swab Pool\, Cloacal/Oropharyngeal	H5N1			Anser caerulescens
SRR24839150	USA: North Dakota	Anser caerulescens	A/Snow Goose/North Dakota/22-009481-014/2022	RT-PCR	VIRAL RNA	Swab Pool\, Cloacal/Tracheal	H5N1			Anser caerulescens
SRR24839151	USA: North Dakota	Anser caerulescens	A/Snow Goose/North Dakota/22-009481-013/2022	RT-PCR	VIRAL RNA	Swab Pool\, Cloacal/Tracheal	H5N1			Anser caerulescens
SRR24839152	USA: North Dakota	Anser caerulescens	A/Snow Goose/North Dakota/22-009481-012/2022	RT-PCR	VIRAL RNA	Swab Pool\, Cloacal/Tracheal	H5N1			Anser caerulescens
SRR24839153	USA: New Hampshire	Anas platyrhynchos	A/Mallard/New Hampshire/22-003417-043/2022	RT-PCR	VIRAL RNA	Swab Pool\, Cloacal/Oropharyngeal	H5N1			NA
SRR24839154	USA: North Dakota	Anser caerulescens	A/Snow Goose/North Dakota/22-009481-011/2022	RT-PCR	VIRAL RNA	Swab Pool\, Cloacal/Tracheal	H5N1			Anser caerulescens
SRR24839155	USA: North Dakota	Anser caerulescens	A/Snow Goose/North Dakota/22-009481-010/2022	RT-PCR	VIRAL RNA	Swab Pool\, Cloacal/Tracheal	H5N1			Anser caerulescens
SRR24839156	USA: North Dakota	Anser caerulescens	A/Snow Goose/North Dakota/22-009481-008/2022	RT-PCR	VIRAL RNA	Swab Pool\, Cloacal/Tracheal	H5N1			Anser caerulescens
SRR24839157	USA: North Dakota	Anser caerulescens	A/Snow Goose/North Dakota/22-009481-007/2022	RT-PCR	VIRAL RNA	Swab Pool\, Cloacal/Tracheal	H5N1			Anser caerulescens
SRR24839158	USA: North Dakota	Anser caerulescens	A/Snow Goose/North Dakota/22-009481-006/2022	RT-PCR	VIRAL RNA	Swab Pool\, Cloacal/Tracheal	H5N1			Anser caerulescens
SRR24839159	USA: North Dakota	Anser caerulescens	A/Snow Goose/North Dakota/22-009481-005/2022	RT-PCR	VIRAL RNA	Swab Pool\, Cloacal/Tracheal	H5N1			Anser caerulescens
SRR24839160	USA: North Dakota	Anser caerulescens	A/Snow Goose/North Dakota/22-009481-003/2022	RT-PCR	VIRAL RNA	Swab Pool\, Cloacal/Tracheal	H5N1			Anser caerulescens
SRR24839161	USA: North Dakota	Anser caerulescens	A/Snow Goose/North Dakota/22-009481-002/2022	RT-PCR	VIRAL RNA	Swab Pool\, Cloacal/Tracheal	H5N1			Anser caerulescens
SRR24839162	USA: North Dakota	Anser rossii	A/Ross's Goose/North Dakota/22-009481-001/2022	RT-PCR	VIRAL RNA	Swab Pool\, Cloacal/Tracheal	H5N1			NA
SRR24839163	USA: South Dakota	Anser caerulescens	A/Snow Goose/South Dakota/22-009478-020/2022	RT-PCR	VIRAL RNA	Swab Pool\, Cloacal/Oropharyngeal	H5N1			Anser caerulescens
SRR24839164	USA: New Hampshire	Anas platyrhynchos	A/Mallard/New Hampshire/22-003417-039/2022	RT-PCR	VIRAL RNA	Swab Pool\, Cloacal/Oropharyngeal	H5N1			NA
SRR24839165	USA: South Dakota	Anser caerulescens	A/Snow Goose/South Dakota/22-009478-019/2022	RT-PCR	VIRAL RNA	Swab Pool\, Cloacal/Oropharyngeal	H5N1			Anser caerulescens
SRR24839166	USA: New York	Branta canadensis	A/Canada Goose/New York/22-009396-001/2022	RT-PCR	VIRAL RNA	Swab\, Cloacal	H5N1			NA
SRR24839167	USA: Minnesota	Branta canadensis	A/Canada Goose/Minnesota/22-009383-001/2022	RT-PCR	VIRAL RNA	swab	H5N1			NA
SRR24839168	USA: Minnesota	Aix sponsa	A/Wood Duck/Minnesota/22-009381-001/2022	RT-PCR	VIRAL RNA	swab	H5N1			NA
SRR24839169	USA: Florida	Coragyps atratus	A/Black Vulture/Florida/22-009379-001/2022	RT-PCR	VIRAL RNA	Swab Pool\, Cloacal/Oropharyngeal	H5N1			NA
SRR24839170	USA: Florida	Coragyps atratus	A/Black Vulture/Florida/22-009376-003/2022	RT-PCR	VIRAL RNA	Swab Pool\, Cloacal/Oropharyngeal	H5N1			NA
SRR24839171	USA: Massachusetts	Anser sp.	A/Backyard bird/Massachusetts/22-009371-001/2022	RT-PCR	VIRAL RNA	Swab\, Cloacal	H5N1			NA
SRR24839172	USA: New Hampshire	Anas platyrhynchos	A/Mallard/New Hampshire/22-003359-006/2022	RT-PCR	VIRAL RNA	Swab Pool\, Cloacal/Oropharyngeal	H5N1			NA
SRR24839173	USA: Michigan	Mergus merganser	A/Merganser/Michigan/22-009361-017/2022	RT-PCR	VIRAL RNA	Swab Pool\, Cloacal/Tracheal	H5N1			NA
SRR24839174	USA: Michigan	Aix sponsa	A/Wood Duck/Michigan/22-009361-015/2022	RT-PCR	VIRAL RNA	Swab Pool\, Cloacal/Tracheal	H5N1			NA
SRR24839175	USA: Michigan	Aix sponsa	A/Wood Duck/Michigan/22-009361-014/2022	RT-PCR	VIRAL RNA	Swab Pool\, Cloacal/Tracheal	H5N1			NA
SRR24839176	USA: Michigan	Aythya collaris	A/Ring-necked Duck/Michigan/22-009361-012/2022	RT-PCR	VIRAL RNA	Swab Pool\, Cloacal/Tracheal	H5N1			NA
SRR24839177	USA: Michigan	Aythya collaris	A/Ring-necked Duck/Michigan/22-009361-011/2022	RT-PCR	VIRAL RNA	Swab Pool\, Cloacal/Tracheal	H5N1			NA
SRR24839178	USA: Michigan	Aythya americana	A/Redhead/Michigan/22-009361-009/2022	RT-PCR	VIRAL RNA	Swab Pool\, Cloacal/Tracheal	H5N1			NA
SRR24839179	USA: Iowa	Meleagris gallopavo	A/Turkey/Iowa/22-009286-002/2022	RT-PCR	VIRAL RNA	Swab\, Oropharyngeal	H5N1			Meleagris gallopavo
SRR24839180	USA: North Carolina	Mareca americana	A/American Wigeon/North Carolina/22-003150-006/2022	RT-PCR	VIRAL RNA	Swab Pool\, Cloacal/Oropharyngeal	H5N1			NA
SRR24839181	USA: Michigan	Aythya americana	A/Redhead/Michigan/22-009361-007/2022	RT-PCR	VIRAL RNA	Swab Pool\, Cloacal/Tracheal	H5N1			NA
SRR24839182	USA: Michigan	Aythya collaris	A/Ring-necked Duck/Michigan/22-009361-006/2022	RT-PCR	VIRAL RNA	Swab Pool\, Cloacal/Tracheal	H5N1			NA
SRR24839183	USA: Michigan	Mareca americana	A/American Wigeon/Michigan/22-009361-005/2022	RT-PCR	VIRAL RNA	Swab Pool\, Cloacal/Tracheal	H5N1			NA
SRR24839184	USA: Iowa	Meleagris gallopavo	A/Turkey/Iowa/22-009286-001/2022	RT-PCR	VIRAL RNA	Swab\, Oropharyngeal	H5N1			Meleagris gallopavo
SRR24839185	USA: Delaware	Mareca americana	A/American Wigeon/Delaware/22-003358-008/2022	RT-PCR	VIRAL RNA	Swab Pool\, Cloacal/Oropharyngeal	H5N1			NA
SRR24839186	USA: Michigan	Aythya americana	A/Redhead/Michigan/22-009361-004/2022	RT-PCR	VIRAL RNA	Swab Pool\, Cloacal/Tracheal	H5N1			NA
SRR24839187	USA: North Dakota	Anser sp.	A/Chicken/North Dakota/22-009337-001/2022	RT-PCR	VIRAL RNA	Swab\, Cloacal	H5N1			NA
SRR24839188	USA: North Dakota	Anser caerulescens	A/Snow Goose/North Dakota/22-009399-002/2022	RT-PCR	VIRAL RNA	Swab\, Tracheal	H5N1			Anser caerulescens
SRR24839189	USA: North Carolina	Meleagris gallopavo	A/Turkey/North Carolina/22-009332-001/2022	RT-PCR	VIRAL RNA	swab	H5N1			Meleagris gallopavo
SRR24839190	USA: South Dakota	Meleagris gallopavo	A/Turkey/South Dakota/22-009330-004/2022	RT-PCR	VIRAL RNA	swab	H5N1			Meleagris gallopavo
SRR24839191	USA: South Dakota	Meleagris gallopavo	A/Turkey/South Dakota/22-009330-002/2022	RT-PCR	VIRAL RNA	swab	H5N1			Meleagris gallopavo
SRR24839192	USA: South Dakota	Meleagris gallopavo	A/Turkey/South Dakota/22-009330-001/2022	RT-PCR	VIRAL RNA	swab	H5N1			Meleagris gallopavo
SRR24839193	USA: South Dakota	Meleagris gallopavo	A/Turkey/South Dakota/22-009329-002/2022	RT-PCR	VIRAL RNA	swab	H5N1			Meleagris gallopavo
SRR24839194	USA: South Dakota	Meleagris gallopavo	A/Turkey/South Dakota/22-009329-001/2022	RT-PCR	VIRAL RNA	swab	H5N1			Meleagris gallopavo
SRR24839195	USA: South Dakota	Meleagris gallopavo	A/Turkey/South Dakota/22-009327-002/2022	RT-PCR	VIRAL RNA	swab	H5N1			Meleagris gallopavo
SRR24839196	USA: North Carolina	Mareca strepera	A/Gadwall/North Carolina/22-003150-010/2022	RT-PCR	VIRAL RNA	Swab Pool\, Cloacal/Oropharyngeal	H5N1			NA
SRR24839197	USA: South Dakota	Meleagris gallopavo	A/Turkey/South Dakota/22-009327-001/2022	RT-PCR	VIRAL RNA	swab	H5N1			Meleagris gallopavo
SRR24839198	USA: New Hampshire	Anas platyrhynchos	A/Mallard/New Hampshire/22-003417-053/2022	RT-PCR	VIRAL RNA	Swab Pool\, Cloacal/Oropharyngeal	H5N1			NA
SRR24839199	USA: North Dakota	Meleagris gallopavo	A/Turkey/North Dakota/22-009840-001/2022	RT-PCR	VIRAL RNA	Swab\, Oropharyngeal	H5N1			Meleagris gallopavo
SRR24839200	USA: South Dakota	Meleagris gallopavo	A/Turkey/South Dakota/22-009839-001/2022	RT-PCR	VIRAL RNA	swab	H5N1			Meleagris gallopavo
SRR24839201	USA: Iowa	Meleagris gallopavo	A/Turkey/Iowa/22-009825-005/2022	RT-PCR	VIRAL RNA	Swab\, Oropharyngeal	H5N1			Meleagris gallopavo
SRR24839202	USA: Michigan	Cygnus buccinator	A/Trumpeter Swan/Michigan/22-009684-001/2022	RT-PCR	VIRAL RNA	Swab Pool\, Cloacal/Tracheal	H5N1			NA
SRR24839203	USA: North Dakota	Gallus gallus	A/Chicken/North Dakota/22-009677-001/2022	RT-PCR	VIRAL RNA	swab	H5N1			Gallus gallus
SRR24839204	USA: Minnesota	Corvus sp.	A/American Crow/Minnesota/22-009668-001/2022	RT-PCR	VIRAL RNA	Swab\, Tracheal	H5N1			NA
SRR24839205	USA: Maine	Gallus gallus	A/Backyard bird/Maine/22-009605-002/2022	RT-PCR	VIRAL RNA	Swab\, Oropharyngeal	H5N1			Gallus gallus
SRR24839206	USA: Maine	Melegris gallopavo	A/Backyard bird/Maine/22-009605-001/2022	RT-PCR	VIRAL RNA	Swab\, Oropharyngeal	H5N1			NA
SRR24839207	USA: Wyoming	Cairina moschata	A/Backyard bird/Wyoming/22-009599-006/2022	RT-PCR	VIRAL RNA	Swab\, Cloacal	H5N1			NA
SRR24839208	USA: North Carolina	Haliaeetus leucocephalus	A/Bald Eagle/North Carolina/22-009805-004/2022	RT-PCR	VIRAL RNA	Swab Pool\, Cloacal/Oropharyngeal	H5N1			NA
SRR24839209	USA: New Hampshire	Anas platyrhynchos	A/Mallard/New Hampshire/22-003417-054/2022	RT-PCR	VIRAL RNA	Swab Pool\, Cloacal/Oropharyngeal	H5N1			NA
SRR24839210	USA: North Carolina	Haliaeetus leucocephalus	A/Bald Eagle/North Carolina/22-009805-002/2022	RT-PCR	VIRAL RNA	Swab Pool\, Cloacal/Oropharyngeal	H5N1			NA
SRR24839211	USA: Kansas	Anser rossii	A/Ross's Goose/Kansas/22-009804-001/2022	RT-PCR	VIRAL RNA	Swab Pool\, Cloacal/Oropharyngeal	H5N1			NA
SRR24839212	USA: South Carolina	Haliaeetus leucocephalus	A/Bald Eagle/South Carolina/22-009803-001/2022	RT-PCR	VIRAL RNA	Swab Pool\, Cloacal/Oropharyngeal	H5N1			NA
SRR24839213	USA: Florida	Laridae sp.	A/Gull/Florida/22-009801-002/2022	RT-PCR	VIRAL RNA	Swab Pool\, Cloacal/Oropharyngeal	H5N1			NA
SRR24839214	USA: Florida	Gavia immer	A/Common Loon/Florida/22-009801-001/2022	RT-PCR	VIRAL RNA	Swab Pool\, Cloacal/Oropharyngeal	H5N1			NA
SRR24839215	USA: Colorado	Anser caerulescens	A/Snow Goose/Colorado/22-009742-001/2022	RT-PCR	VIRAL RNA	Swab Pool\, Cloacal/Oropharyngeal	H5N1			Anser caerulescens
SRR24839216	USA: Minnesota	Anser sp.	A/Backyard bird/Minnesota/22-009735-003/2022	RT-PCR	VIRAL RNA	Swab\, Cloacal	H5N1			NA
SRR24839217	USA: Minnesota	Gallus gallus	A/Backyard bird/Minnesota/22-009735-001/2022	RT-PCR	VIRAL RNA	Swab\, Tracheal	H5N1			Gallus gallus
SRR24839218	USA: Nebraska	Anser caerulescens	A/Snow Goose/Nebraska/22-009724-002/2022	RT-PCR	VIRAL RNA	Swab\, Cloacal	H5N1			Anser caerulescens
SRR24839219	USA: Illinois	Gallus gallus	A/Backyard bird/Illinois/22-009720-001/2022	RT-PCR	VIRAL RNA	Swab\, Oropharyngeal	H5N1			Gallus gallus
SRR24839220	USA: South Dakota	Meleagris gallopavo	A/Turkey/South Dakota/22-009688-001/2022	RT-PCR	VIRAL RNA	swab	H5N1			Meleagris gallopavo
SRR24839221	USA: South Dakota	Haliaeetus leucocephalus	A/Bald Eagle/South Dakota/22-009685-001/2022	RT-PCR	VIRAL RNA	Swab\, Cloacal	H5N1			NA
SRR24839222	USA: North Dakota	Anser rossii	A/Ross's Goose/North Dakota/22-009481-018/2022	RT-PCR	VIRAL RNA	Swab Pool\, Cloacal/Tracheal	H5N1			NA
SRR24839223	USA: North Dakota	Anser rossii	A/Ross's Goose/North Dakota/22-009481-017/2022	RT-PCR	VIRAL RNA	Swab Pool\, Cloacal/Tracheal	H5N1			NA
SRR24839224	USA: North Dakota	Anser caerulescens	A/Snow Goose/North Dakota/22-009481-016/2022	RT-PCR	VIRAL RNA	Swab Pool\, Cloacal/Tracheal	H5N1			Anser caerulescens
SRR24839225	USA: Wyoming	Gallus gallus	A/Backyard bird/Wyoming/22-009599-002/2022	RT-PCR	VIRAL RNA	Swab\, Oropharyngeal	H5N1			Gallus gallus
SRR24839226	USA: New Hampshire	Anas platyrhynchos	A/Mallard/New Hampshire/22-003417-048/2022	RT-PCR	VIRAL RNA	Swab Pool\, Cloacal/Oropharyngeal	H5N1			NA
SRR24839227	USA: Wyoming	Gallus gallus	A/Backyard bird/Wyoming/22-009599-001/2022	RT-PCR	VIRAL RNA	Swab\, Oropharyngeal	H5N1			Gallus gallus
SRR24839228	USA: North Dakota	Anser caerulescens	A/Snow Goose/North Dakota/22-009593-002/2022	RT-PCR	VIRAL RNA	Swab\, Tracheal	H5N1			Anser caerulescens
SRR24839229	USA: North Dakota	Anser caerulescens	A/Snow Goose/North Dakota/22-009593-001/2022	RT-PCR	VIRAL RNA	Swab\, Tracheal	H5N1			Anser caerulescens
SRR24839230	USA: North Carolina	Anas platyrhynchos	A/Mallard/North Carolina/22-001330-003/2022	RT-PCR	VIRAL RNA	oropharyngeal/cloacal swab pool from individual bird	H5N1			NA
SRR24839231	USA: South Dakota	Haliaeetus leucocephalus	A/Bald Eagle/South Dakota/22-009043-001/2022	RT-PCR	VIRAL RNA	Swab\, Cloacal	H5N1			NA
SRR24839232	USA: Minnesota	Meleagris gallopavo	A/Turkey/Minnesota/22-009182-003/2022	RT-PCR	VIRAL RNA	swab	H5N1			Meleagris gallopavo
SRR24839233	USA: Minnesota	Meleagris gallopavo	A/Turkey/Minnesota/22-009182-002/2022	RT-PCR	VIRAL RNA	swab	H5N1			Meleagris gallopavo
SRR24839234	USA: Minnesota	Meleagris gallopavo	A/Turkey/Minnesota/22-009182-001/2022	RT-PCR	VIRAL RNA	swab	H5N1			Meleagris gallopavo
SRR24839235	USA: Minnesota	Anser anser	A/Backyard bird/Minnesota/22-009181-003/2022	RT-PCR	VIRAL RNA	Swab\, Oropharyngeal	H5N1			NA
SRR24839236	USA: Minnesota	Gallus gallus	A/Backyard bird/Minnesota/22-009181-001/2022	RT-PCR	VIRAL RNA	Swab\, Oropharyngeal	H5N1			Gallus gallus
SRR24839237	USA: Iowa	Gallus gallus	A/Chicken/Iowa/22-009180-002/2022	RT-PCR	VIRAL RNA	Swab\, Oropharyngeal	H5N1			Gallus gallus
SRR24839238	USA: Iowa	Gallus gallus	A/Chicken/Iowa/22-009180-001/2022	RT-PCR	VIRAL RNA	Swab\, Oropharyngeal	H5N1			Gallus gallus
SRR24839239	USA: New York	Sibirionetta formosa	A/Baikal Teal/New York/22-009119-001/2022	RT-PCR	VIRAL RNA	Swab\, Cloacal	H5N1			NA
SRR24839240	USA: Florida	Coragyps atratus	A/Black Vulture/Florida/22-009058-006/2022	RT-PCR	VIRAL RNA	Swab\, Tracheal	H5N1			NA
SRR24839241	USA: Florida	Spatula discors	A/Blue-winged Teal/Florida/22-002578-009/2022	RT-PCR	VIRAL RNA	Swab Pool\, Cloacal/Oropharyngeal	H5N1			NA
SRR24839242	USA: Florida	Coragyps atratus	A/Black Vulture/Florida/22-009058-005/2022	RT-PCR	VIRAL RNA	Swab\, Cloacal	H5N1			NA
SRR24839243	USA: Florida	Coragyps atratus	A/Black Vulture/Florida/22-009058-004/2022	RT-PCR	VIRAL RNA	Swab\, Cloacal	H5N1			NA
SRR24839244	USA: Florida	Coragyps atratus	A/Black Vulture/Florida/22-009058-003/2022	RT-PCR	VIRAL RNA	Swab\, Tracheal	H5N1			NA
SRR24839245	USA: Florida	Coragyps atratus	A/Black Vulture/Florida/22-009058-001/2022	RT-PCR	VIRAL RNA	Swab\, Tracheal	H5N1			NA
SRR24839246	USA: Florida	Aythya affinis	A/Lesser Scaup/Florida/22-009057-002/2022	RT-PCR	VIRAL RNA	Swab Pool\, Cloacal/Tracheal	H5N1			NA
SRR24839247	USA: Florida	Aythya affinis	A/Lesser Scaup/Florida/22-009057-001/2022	RT-PCR	VIRAL RNA	Swab Pool\, Cloacal/Tracheal	H5N1			NA
SRR24839248	USA: Florida	Thalasseus maximus	A/Royal Tern/Florida/22-009056-001/2022	RT-PCR	VIRAL RNA	Swab Pool\, Cloacal/Oropharyngeal	H5N1			NA
SRR24839249	USA: Florida	Coragyps atratus	A/Black Vulture/Florida/22-009054-001/2022	RT-PCR	VIRAL RNA	Swab Pool\, Cloacal/Oropharyngeal	H5N1			NA
SRR24839250	USA: Florida	Aythya affinis	A/Lesser Scaup/Florida/22-009053-001/2022	RT-PCR	VIRAL RNA	Swab Pool\, Cloacal/Tracheal	H5N1			NA
SRR24839251	USA: North Carolina	Mareca strepera	A/Gadwall/North Carolina/22-002491-002/2022	RT-PCR	VIRAL RNA	swab	H5N1			NA
SRR24839252	USA: Kansas	Gallus gallus	A/Backyard bird/Kansas/22-009024-002/2022	RT-PCR	VIRAL RNA	Swab\, Oropharyngeal	H5N1			Gallus gallus
SRR24839253	USA: South Dakota	Meleagris gallopavo	A/Turkey/South Dakota/22-009023-001/2022	RT-PCR	VIRAL RNA	swab	H5N1			Meleagris gallopavo
SRR24839254	USA: Nebraska	Gallus gallus	A/Chicken/Nebraska/22-009006-001/2022	RT-PCR	VIRAL RNA	Swab\, Tracheal	H5N1			Gallus gallus
SRR24839255	USA: Ohio	Branta canadensis	A/Canada Goose/Ohio/22-008995-002/2022	RT-PCR	VIRAL RNA	Swab\, Tracheal	H5N1			NA
SRR24839256	USA: Ohio	Branta canadensis	A/Canada Goose/Ohio/22-008995-001/2022	RT-PCR	VIRAL RNA	Swab\, Tracheal	H5N1			NA
SRR24839257	USA: Florida	Haliaeetus leucocephalus	A/Bald Eagle/Florida/22-008984-003/2022	RT-PCR	VIRAL RNA	Swab Pool\, Cloacal/Oropharyngeal	H5N1			NA
SRR24839258	USA: Florida	Haliaeetus leucocephalus	A/Bald Eagle/Florida/22-008984-001/2022	RT-PCR	VIRAL RNA	Swab Pool\, Cloacal/Oropharyngeal	H5N1			NA
SRR24839259	USA: South Carolina	Haliaeetus leucocephalus	A/Bald Eagle/South Carolina/22-008983-001/2022	RT-PCR	VIRAL RNA	Swab Pool\, Cloacal/Oropharyngeal	H5N1			NA
SRR24839260	USA: North Carolina	Mareca strepera	A/Gadwall/North Carolina/22-001996-001/2022	RT-PCR	VIRAL RNA	Swab Pool\, Cloacal/Oropharyngeal	H5N1			NA
SRR24839261	USA: Georgia	Haliaeetus leucocephalus	A/Bald Eagle/Georgia/22-008982-003/2022	RT-PCR	VIRAL RNA	Swab Pool\, Cloacal/Oropharyngeal	H5N1			NA
SRR24839262	USA: New Jersey	Anas platyrhynchos	A/Mallard/New Jersey/22-005110-001/2022	RT-PCR	VIRAL RNA	Swab Pool\, Cloacal/Oropharyngeal	H5N1			NA
SRR24839263	USA: North Carolina	Mareca americana	A/American Wigeon/North Carolina/22-001330-012/2022	RT-PCR	VIRAL RNA	Swab Pool\, Cloacal/Oropharyngeal	H5N1			NA
SRR24839264	USA: South Carolina	Spatula discors	A/Blue-winged Teal/South Carolina/22-000345-003/2021	RT-PCR	VIRAL RNA	oropharyngeal/cloacal swab pool from individual bird	H5N1			NA
SRR24839265	USA: South Carolina	Mareca americana	A/American Wigeon/South Carolina/22-000345-001/2021	RT-PCR	VIRAL RNA	oropharyngeal/cloacal swab pool from individual bird	H5N1			NA
SRR24839266	USA: Georgia	Haliaeetus leucocephalus	A/Bald Eagle/Georgia/22-008982-001/2022	RT-PCR	VIRAL RNA	Swab Pool\, Cloacal/Oropharyngeal	H5N1			NA
SRR24839267	USA: Kansas	Anser caerulescens	A/Snow Goose/Kansas/22-008980-008/2022	RT-PCR	VIRAL RNA	Swab Pool\, Cloacal/Oropharyngeal	H5N1			Anser caerulescens
SRR24839268	USA: Kansas	Anser caerulescens	A/Snow Goose/Kansas/22-008980-007/2022	RT-PCR	VIRAL RNA	Swab Pool\, Cloacal/Oropharyngeal	H5N1			Anser caerulescens
SRR24839269	USA: Kansas	Anser caerulescens	A/Snow Goose/Kansas/22-008980-006/2022	RT-PCR	VIRAL RNA	Swab Pool\, Cloacal/Oropharyngeal	H5N1			Anser caerulescens
SRR24839270	USA: Kansas	Anser caerulescens	A/Snow Goose/Kansas/22-008980-003/2022	RT-PCR	VIRAL RNA	Swab Pool\, Cloacal/Oropharyngeal	H5N1			Anser caerulescens
SRR24839271	USA: Kansas	Buteo jamaicensis	A/Red-tailed Hawk/Kansas/22-008980-002/2022	RT-PCR	VIRAL RNA	Swab Pool\, Cloacal/Oropharyngeal	H5N1			NA
SRR24839272	USA: Kansas	Haliaeetus leucocephalus	A/Bald Eagle/Kansas/22-008980-001/2022	RT-PCR	VIRAL RNA	Swab Pool\, Cloacal/Oropharyngeal	H5N1			NA
SRR24839273	USA: New York	Bubo scandiacus	A/Snowy Owl/New York/22-008969-001/2022	RT-PCR	VIRAL RNA	Swab\, Oropharyngeal	H5N1			NA
SRR24839274	USA: South Carolina	Spatula discors	A/Blue-winged/Cinnamon Teal/South Carolina/22-001743-033/2022	RT-PCR	VIRAL RNA	Swab\, Oral	H5N1			NA
SRR24839275	USA: Florida	Coragyps atratus	A/Black Vulture/Florida/22-009055-001/2022	RT-PCR	VIRAL RNA	Swab Pool\, Cloacal/Oropharyngeal	H5N1			NA
SRR24839276	USA: Colorado	Anser caerulescens	A/Snow Goose/Colorado/22-008935-006/2022	RT-PCR	VIRAL RNA	Swab Pool\, Cloacal/Oropharyngeal	H5N1			Anser caerulescens
SRR24839277	USA: Colorado	Anser rossii	A/Ross's Goose/Colorado/22-008935-005/2022	RT-PCR	VIRAL RNA	Swab Pool\, Cloacal/Oropharyngeal	H5N1			NA
SRR24839278	USA: Colorado	Anser caerulescens	A/Snow Goose/Colorado/22-008935-004/2022	RT-PCR	VIRAL RNA	Swab Pool\, Cloacal/Oropharyngeal	H5N1			Anser caerulescens
SRR24839279	USA: Colorado	Anser caerulescens	A/Snow Goose/Colorado/22-008935-003/2022	RT-PCR	VIRAL RNA	Swab Pool\, Cloacal/Oropharyngeal	H5N1			Anser caerulescens
SRR24839280	USA: Colorado	Anser caerulescens	A/Snow Goose/Colorado/22-008935-002/2022	RT-PCR	VIRAL RNA	Swab Pool\, Cloacal/Oropharyngeal	H5N1			Anser caerulescens
SRR24839281	USA: South Dakota	Buteo jamaicensis	A/Red-tailed Hawk/South Dakota/22-009041-001/2022	RT-PCR	VIRAL RNA	Swab\, Cloacal	H5N1			NA
SRR24839282	USA: Colorado	Anser rossii	A/Snow Goose/Colorado/22-008935-001/2022	RT-PCR	VIRAL RNA	Swab Pool\, Cloacal/Oropharyngeal	H5N1			NA
SRR24839283	USA: Iowa	Anser caerulescens	A/Snow Goose/Iowa/22-008719-001/2022	RT-PCR	VIRAL RNA	Swab Pool\, Cloacal/Oropharyngeal	H5N1			Anser caerulescens
SRR24839284	USA: Pennsylvania	Mergus merganser	A/Merganser/Pennsylvania/22-008909-005/2022	RT-PCR	VIRAL RNA	Swab\, Cloacal	H5N1			NA
SRR24839285	USA: Pennsylvania	Mergus merganser	A/Merganser/Pennsylvania/22-008909-004/2022	RT-PCR	VIRAL RNA	Swab\, Cloacal	H5N1			NA
SRR24839286	USA: Pennsylvania	Mergus merganser	A/Merganser/Pennsylvania/22-008909-003/2022	RT-PCR	VIRAL RNA	Swab\, Cloacal	H5N1			NA
SRR24839287	USA: Pennsylvania	Mergus merganser	A/Merganser/Pennsylvania/22-008909-001/2022	RT-PCR	VIRAL RNA	Swab\, Cloacal	H5N1			NA
SRR24839288	USA: South Carolina	Mareca americana	A/American Wigeon/South Carolina/22-001743-014/2022	RT-PCR	VIRAL RNA	Swab\, Oral	H5N1			NA
SRR24839289	USA: Michigan	Gallus gallus	A/Backyard bird/Michigan/22-008890-006/2022	RT-PCR	VIRAL RNA	Swab\, Oropharyngeal	H5N1			Gallus gallus
SRR24839290	USA: Michigan	Anser sp.	A/Backyard bird/Michigan/22-008890-004/2022	RT-PCR	VIRAL RNA	Swab\, Cloacal	H5N1			NA
SRR24839291	USA: Michigan	Anas sp.	A/Backyard bird/Michigan/22-008890-001/2022	RT-PCR	VIRAL RNA	Swab\, Cloacal	H5N1			NA
SRR24839292	USA: Georgia	Haliaeetus leucocephalus	A/Bald Eagle/Georgia/22-008982-002/2022	RT-PCR	VIRAL RNA	Swab Pool\, Cloacal/Oropharyngeal	H5N1			NA
SRR24839293	USA: South Dakota	Bubo virginianus	A/Great Horned Owl/South Dakota/22-008877-001/2022	RT-PCR	VIRAL RNA	Swab\, Cloacal	H5N1			NA
SRR24839294	USA: South Dakota	Anser caerulescens	A/Great Horned Owl/South Dakota/22-008876-001/2022	RT-PCR	VIRAL RNA	Swab\, Cloacal	H5N1			Anser caerulescens
SRR24839295	USA: South Dakota	Anser caerulescens	A/Snow Goose/South Dakota/22-008874-001/2022	RT-PCR	VIRAL RNA	Swab\, Cloacal	H5N1			Anser caerulescens
SRR24839296	USA: South Dakota	Meleagris gallopavo	A/Turkey/South Dakota/22-008866-001/2022	RT-PCR	VIRAL RNA	swab	H5N1			Meleagris gallopavo
SRR24839297	USA: Iowa	Meleagris gallopavo	A/Turkey/Iowa/22-008862-002/2022	RT-PCR	VIRAL RNA	Swab\, Tracheal	H5N1			Meleagris gallopavo
SRR24839298	USA: Nebraska	Cygnus sp.	A/Swan/Nebraska/22-008227-001/2022	RT-PCR	VIRAL RNA	Swab\, Cloacal	H5N1			NA
SRR24839299	USA: Florida	Thalasseus maximus	A/Royal Tern/Florida/22-008226-001/2022	RT-PCR	VIRAL RNA	Swab Pool\, Cloacal/Oropharyngeal	H5N1			NA
SRR24839300	USA: Nebraska	Haliaeetus leucocephalus	A/Bald Eagle/Nebraska/22-008225-001/2022	RT-PCR	VIRAL RNA	Swab\, Tracheal	H5N1			NA
SRR24839301	USA: Iowa	Gallus gallus	A/Chicken/Iowa/22-008176-005/2022	RT-PCR	VIRAL RNA	Swab Pool\, Cloacal/Oropharyngeal	H5N1			Gallus gallus
SRR24839302	USA: Iowa	Gallus gallus	A/Chicken/Iowa/22-008176-004/2022	RT-PCR	VIRAL RNA	Swab Pool\, Cloacal/Oropharyngeal	H5N1			Gallus gallus
SRR24839303	USA: Iowa	Gallus gallus	A/Chicken/Iowa/22-008176-003/2022	RT-PCR	VIRAL RNA	Swab Pool\, Cloacal/Oropharyngeal	H5N1			Gallus gallus
SRR24839304	USA: North Carolina	Anas crecca	A/Green-winged Teal/North Carolina/22-001673-001/2022	RT-PCR	VIRAL RNA	Swab Pool\, Cloacal/Oropharyngeal	H5N1			NA
SRR24839305	USA: North Carolina	Mareca americana	A/American Wigeon/North Carolina/22-001330-001/2022	RT-PCR	VIRAL RNA	Swab Pool\, Cloacal/Oropharyngeal	H5N1			NA
SRR24839306	USA: Florida	Coragyps atratus	A/Black Vulture/Florida/22-008154-001/2022	RT-PCR	VIRAL RNA	Swab Pool\, Cloacal/Oropharyngeal	H5N1			NA
SRR24839307	USA: Kansas	Anser caerulescens	A/Snow Goose/Kansas/22-007919-004/2022	RT-PCR	VIRAL RNA	Swab Pool\, Cloacal/Oropharyngeal	H5N1			Anser caerulescens
SRR24839308	USA: North Carolina	Mareca americana	A/American Wigeon/North Carolina/22-001672-005/2022	RT-PCR	VIRAL RNA	Swab Pool\, Cloacal/Oropharyngeal	H5N1			NA
SRR24839309	USA: Florida	Coragyps atratus	A/Black Vulture/Florida/22-008153-001/2022	RT-PCR	VIRAL RNA	Swab Pool\, Cloacal/Oropharyngeal	H5N1			NA
SRR24839310	USA: Florida	Coragyps atratus	A/Black Vulture/Florida/22-008152-005/2022	RT-PCR	VIRAL RNA	Swab Pool\, Cloacal/Oropharyngeal	H5N1			NA
SRR24839311	USA: Florida	Coragyps atratus	A/Black Vulture/Florida/22-008152-004/2022	RT-PCR	VIRAL RNA	Swab Pool\, Cloacal/Oropharyngeal	H5N1			NA
SRR24839312	USA: Florida	Coragyps atratus	A/Black Vulture/Florida/22-008152-003/2022	RT-PCR	VIRAL RNA	Swab Pool\, Cloacal/Oropharyngeal	H5N1			NA
SRR24839313	USA: Florida	Coragyps atratus	A/Black Vulture/Florida/22-008152-002/2022	RT-PCR	VIRAL RNA	Swab Pool\, Cloacal/Oropharyngeal	H5N1			NA
SRR24839314	USA: Florida	Coragyps atratus	A/Black Vulture/Florida/22-008152-001/2022	RT-PCR	VIRAL RNA	Swab Pool\, Cloacal/Oropharyngeal	H5N1			NA
SRR24839315	USA: Kansas	Gallus gallus	A/Backyard bird/Kansas/22-008114-002/2022	RT-PCR	VIRAL RNA	swab	H5N1			Gallus gallus
SRR24839316	USA: Kansas	Anas sp.	A/Backyard bird/Kansas/22-008114-001/2022	RT-PCR	VIRAL RNA	swab	H5N1			NA
SRR24839317	USA: Florida	Coragyps atratus	A/Black Vulture/Florida/22-007915-011/2022	RT-PCR	VIRAL RNA	Swab\, Oral	H5N1			NA
SRR24839318	USA: Florida	Coragyps atratus	A/Black Vulture/Florida/22-007915-010/2022	RT-PCR	VIRAL RNA	Swab\, Oral	H5N1			NA
SRR24839319	USA: North Carolina	Mareca strepera	A/Gadwall/North Carolina/22-001672-002/2022	RT-PCR	VIRAL RNA	Swab Pool\, Cloacal/Oropharyngeal	H5N1			NA
SRR24839320	USA: Delaware	Gallus gallus	A/Chicken/Delaware/22-008054-004/2022	RT-PCR	VIRAL RNA	Swab\, Oropharyngeal	H5N1			Gallus gallus
SRR24839321	USA: Delaware	Gallus gallus	A/Chicken/Delaware/22-008054-003/2022	RT-PCR	VIRAL RNA	Swab\, Oropharyngeal	H5N1			Gallus gallus
SRR24839322	USA: Florida	Haliaeetus leucocephalus	A/Bald Eagle/Florida/22-007915-009/2022	RT-PCR	VIRAL RNA	Swab\, Oral	H5N1			NA
SRR24839323	USA: Delaware	Gallus gallus	A/Chicken/Delaware/22-008054-001/2022	RT-PCR	VIRAL RNA	Swab\, Oropharyngeal	H5N1			Gallus gallus
SRR24839324	USA: Ohio	Branta canadensis	A/Canada Goose/Ohio/22-007948-001/2022	RT-PCR	VIRAL RNA	Swab\, Tracheal	H5N1			NA
SRR24839325	USA: South Dakota	Branta canadensis	A/Canada Goose/South Dakota/22-007946-003/2022	RT-PCR	VIRAL RNA	Swab\, Tracheal	H5N1			NA
SRR24839326	USA: South Dakota	Anser caerulescens	A/Snow Goose/South Dakota/22-007946-002/2022	RT-PCR	VIRAL RNA	Swab\, Tracheal	H5N1			Anser caerulescens
SRR24839327	USA: South Dakota	Anser caerulescens	A/Snow Goose/South Dakota/22-007946-001/2022	RT-PCR	VIRAL RNA	Swab\, Tracheal	H5N1			Anser caerulescens
SRR24839328	USA: Kansas	Haliaeetus leucocephalus	A/Bald Eagle/Kansas/22-007919-005/2022	RT-PCR	VIRAL RNA	Swab\, Oral	H5N1			NA
SRR24839329	USA: Kansas	Anser caerulescens	A/Snow Goose/Kansas/22-007919-003/2022	RT-PCR	VIRAL RNA	Swab Pool\, Cloacal/Oropharyngeal	H5N1			Anser caerulescens
SRR24839330	USA: Nebraska	Branta canadensis	A/Canada Goose/Nebraska/22-007169-001/2022	RT-PCR	VIRAL RNA	Swab\, Tracheal	H5N1			NA
SRR24839331	USA: North Carolina	Mareca americana	A/American Wigeon/North Carolina/22-001330-025/2022	RT-PCR	VIRAL RNA	Swab Pool\, Cloacal/Oropharyngeal	H5N1			NA
SRR24839332	USA: Missouri	Meleagris gallopavo	A/Turkey/Missouri/22-007087-001/2022	RT-PCR	VIRAL RNA	swab	H5N1			Meleagris gallopavo
SRR24839333	USA: Maryland	Gallus gallus	A/Chicken/Maryland/22-007086-001/2022	RT-PCR	VIRAL RNA	Swab\, Oropharyngeal	H5N1			Gallus gallus
SRR24839334	USA: Florida	Bubo virginianus	A/Great Horned Owl/Florida/22-006984-001/2022	RT-PCR	VIRAL RNA	Swab Pool\, Cloacal/Tracheal	H5N1			NA
SRR24839335	USA: Florida	Coragyps atratus	A/Black Vulture/Florida/22-006983-001/2022	RT-PCR	VIRAL RNA	Swab Pool\, Cloacal/Oropharyngeal	H5N1			NA
SRR24839336	USA: Florida	Coragyps atratus	A/Black Vulture/Florida/22-006981-001/2022	RT-PCR	VIRAL RNA	Swab\, Tracheal	H5N1			NA
SRR24839337	USA: Missouri	Pelecanus erythrorhynchos	A/American White Pelican/Missouri/22-006970-001/2022	RT-PCR	VIRAL RNA	Swab\, Tracheal	H5N1			NA
SRR24839338	USA: Maryland	Gallus gallus	A/Chicken/Maryland/22-006948-001/2022	RT-PCR	VIRAL RNA	Swab\, Oropharyngeal	H5N1			Gallus gallus
SRR24839339	USA: Delaware	Gallus gallus	A/Chicken/Delaware/22-006945-004/2022	RT-PCR	VIRAL RNA	Swab\, Oral	H5N1			Gallus gallus
SRR24839340	USA: Delaware	Gallus gallus	A/Chicken/Delaware/22-006945-003/2022	RT-PCR	VIRAL RNA	Swab\, Oral	H5N1			Gallus gallus
SRR24839341	USA: Delaware	Gallus gallus	A/Chicken/Delaware/22-006945-002/2022	RT-PCR	VIRAL RNA	Swab\, Oral	H5N1			Gallus gallus
SRR24839342	USA: North Carolina	Mareca americana	A/American Wigeon/North Carolina/22-001330-024/2022	RT-PCR	VIRAL RNA	Swab Pool\, Cloacal/Oropharyngeal	H5N1			NA
SRR24839343	USA: Delaware	Gallus gallus	A/Chicken/Delaware/22-006945-001/2022	RT-PCR	VIRAL RNA	Swab\, Oral	H5N1			Gallus gallus
SRR24839344	USA: Missouri	Meleagris gallopavo	A/Turkey/Missouri/22-006944-002/2022	RT-PCR	VIRAL RNA	swab	H5N1			Meleagris gallopavo
SRR24839345	USA: Missouri	Anser caerulescens	A/Snow Goose/Missouri/22-006805-001/2022	RT-PCR	VIRAL RNA	Swab Pool\, Cloacal/Oropharyngeal	H5N1			Anser caerulescens
SRR24839346	USA: Kansas	Anser caerulescens	A/Snow Goose/Kansas/22-006804-007/2022	RT-PCR	VIRAL RNA	Swab Pool\, Cloacal/Oropharyngeal	H5N1			Anser caerulescens
SRR24839347	USA: Kansas	Anser caerulescens	A/Snow Goose/Kansas/22-006804-003/2022	RT-PCR	VIRAL RNA	Swab Pool\, Cloacal/Oropharyngeal	H5N1			Anser caerulescens
SRR24839348	USA: Iowa	Meleagris gallopavo	A/Turkey/Iowa/22-006795-001/2022	RT-PCR	VIRAL RNA	Swab\, Oropharyngeal	H5N1			Meleagris gallopavo
SRR24839349	USA: Georgia	Aythya affinis	A/Lesser Scaup/Georgia/22-006543-001/2022	RT-PCR	VIRAL RNA	Swab Pool\, Cloacal/Oropharyngeal	H5N1			NA
SRR24839350	USA: North Carolina	Haliaeetus leucocephalus	A/Bald Eagle/North Carolina/22-006530-002/2022	RT-PCR	VIRAL RNA	Swab Pool\, Cloacal/Oropharyngeal	H5N1			NA
SRR24839351	USA: North Carolina	Buteo lineatus	A/Red-shouldered Hawk/North Carolina/22-006530-001/2022	RT-PCR	VIRAL RNA	Virus Isolate	H5N1			NA
SRR24839352	USA: Kentucky	Anser caerulescens	A/Snow Goose/Kentucky/22-006742-003/2022	RT-PCR	VIRAL RNA	Swab Pool\, Cloacal/Oropharyngeal	H5N1			Anser caerulescens
SRR24839353	USA: North Carolina	Mareca americana	A/American Wigeon/North Carolina/22-001330-023/2022	RT-PCR	VIRAL RNA	Swab Pool\, Cloacal/Oropharyngeal	H5N1			NA
SRR24839354	USA: Missouri	Gallus gallus	A/Backyard bird/Missouri/22-006639-001/2022	RT-PCR	VIRAL RNA	Swab\, Oropharyngeal	H5N1			Gallus gallus
SRR24839355	USA: Maryland	Gallus gallus	A/Chicken/Maryland/22-006578-014/2022	RT-PCR	VIRAL RNA	Swab\, Oral	H5N1			Gallus gallus
SRR24839356	USA: Maryland	Gallus gallus	A/Chicken/Maryland/22-006578-013/2022	RT-PCR	VIRAL RNA	Swab\, Oral	H5N1			Gallus gallus
SRR24839357	USA: Maryland	Gallus gallus	A/Chicken/Maryland/22-006578-005/2022	RT-PCR	VIRAL RNA	Swab\, Oral	H5N1			Gallus gallus
SRR24839358	USA: Maryland	Gallus gallus	A/Chicken/Maryland/22-006578-002/2022	RT-PCR	VIRAL RNA	Swab\, Oral	H5N1			Gallus gallus
SRR24839359	USA: Maryland	Gallus gallus	A/Chicken/Maryland/22-006578-001/2022	RT-PCR	VIRAL RNA	Swab\, Oral	H5N1			Gallus gallus
SRR24839360	USA: Missouri	Gallus gallus	A/Chicken/Missouri/22-006569-007/2022	RT-PCR	VIRAL RNA	Swab\, Tracheal	H5N1			Gallus gallus
SRR24839361	USA: Missouri	Gallus gallus	A/Chicken/Missouri/22-006569-005/2022	RT-PCR	VIRAL RNA	Swab\, Tracheal	H5N1			Gallus gallus
SRR24839362	USA: Missouri	Gallus gallus	A/Chicken/Missouri/22-006569-004/2022	RT-PCR	VIRAL RNA	Swab\, Tracheal	H5N1			Gallus gallus
SRR24839363	USA: Missouri	Gallus gallus	A/Chicken/Missouri/22-006569-001/2022	RT-PCR	VIRAL RNA	Swab\, Tracheal	H5N1			Gallus gallus
SRR24839364	USA: North Carolina	Mareca strepera	A/Gadwall/North Carolina/22-001330-021/2022	RT-PCR	VIRAL RNA	Swab Pool\, Cloacal/Oropharyngeal	H5N1			NA
SRR24839365	USA: Florida	Haliaeetus leucocephalus	A/Bald Eagle/Florida/22-006544-005/2022	RT-PCR	VIRAL RNA	Swab Pool\, Cloacal/Oropharyngeal	H5N1			NA
SRR24839366	USA: Florida	Haliaeetus leucocephalus	A/Bald Eagle/Florida/22-006544-004/2022	RT-PCR	VIRAL RNA	Swab Pool\, Cloacal/Oropharyngeal	H5N1			NA
SRR24839367	USA: Georgia	Aythya affinis	A/Lesser Scaup/Georgia/22-006543-006/2022	RT-PCR	VIRAL RNA	Swab Pool\, Cloacal/Oropharyngeal	H5N1			NA
SRR24839368	USA: Georgia	Aythya affinis	A/Lesser Scaup/Georgia/22-006543-005/2022	RT-PCR	VIRAL RNA	Swab Pool\, Cloacal/Oropharyngeal	H5N1			NA
SRR24839369	USA: Georgia	Aythya affinis	A/Lesser Scaup/Georgia/22-006543-004/2022	RT-PCR	VIRAL RNA	Swab Pool\, Cloacal/Oropharyngeal	H5N1			NA
SRR24839370	USA: Georgia	Aythya affinis	A/Lesser Scaup/Georgia/22-006543-002/2022	RT-PCR	VIRAL RNA	Swab Pool\, Cloacal/Oropharyngeal	H5N1			NA
SRR24839371	USA: Iowa	Gallus gallus	A/Backyard bird/Iowa/22-006114-001/2022	RT-PCR	VIRAL RNA	Swab\, Tracheal	H5N1			Gallus gallus
SRR24839372	USA: Florida	Haliaeetus leucocephalus	A/Bald Eagle/Florida/22-006020-001/2022	RT-PCR	VIRAL RNA	Swab\, Cloacal	H5N1			NA
SRR24839373	USA: Tennessee	Anas platyrhynchos	A/Mallard/Tennessee/22-005910-004/2022	RT-PCR	VIRAL RNA	Swab Pool\, Cloacal/Oropharyngeal	H5N1			NA
SRR24839374	USA: Florida	Anas sp.	A/Duck/Florida/22-006447-001/2022	RT-PCR	VIRAL RNA	Swab Pool\, Cloacal/Tracheal	H5N1			NA
SRR24839375	USA: North Carolina	Mareca americana	A/American Wigeon/North Carolina/22-001330-019/2022	RT-PCR	VIRAL RNA	Swab Pool\, Cloacal/Oropharyngeal	H5N1			NA
SRR24839376	USA: Missouri	Anser caerulescens	A/Snow Goose/Missouri/22-006328-032/2022	RT-PCR	VIRAL RNA	Swab Pool\, Cloacal/Oropharyngeal	H5N1			Anser caerulescens
SRR24839377	USA: Missouri	Anser caerulescens	A/Snow Goose/Missouri/22-006328-022/2022	RT-PCR	VIRAL RNA	Swab Pool\, Cloacal/Oropharyngeal	H5N1			Anser caerulescens
SRR24839378	USA: Missouri	Anser rossii	A/Ross's Goose/Missouri/22-006328-019/2022	RT-PCR	VIRAL RNA	Swab Pool\, Cloacal/Oropharyngeal	H5N1			NA
SRR24839379	USA: Missouri	Anser caerulescens	A/Snow Goose/Missouri/22-006328-015/2022	RT-PCR	VIRAL RNA	Swab Pool\, Cloacal/Oropharyngeal	H5N1			Anser caerulescens
SRR24839380	USA: Missouri	Anser caerulescens	A/Snow Goose/Missouri/22-006328-011/2022	RT-PCR	VIRAL RNA	Swab Pool\, Cloacal/Oropharyngeal	H5N1			Anser caerulescens
SRR24839381	USA: Missouri	Anser caerulescens	A/Snow Goose/Missouri/22-006328-004/2022	RT-PCR	VIRAL RNA	Swab Pool\, Cloacal/Oropharyngeal	H5N1			Anser caerulescens
SRR24839382	USA: Indiana	Meleagris gallopavo	A/Turkey/Indiana/22-006261-002/2022	RT-PCR	VIRAL RNA	Swab\, Oropharyngeal	H5N1			Meleagris gallopavo
SRR24839383	USA: Indiana	Meleagris gallopavo	A/Turkey/Indiana/22-006261-001/2022	RT-PCR	VIRAL RNA	Swab\, Oropharyngeal	H5N1			Meleagris gallopavo
SRR24839384	USA: Indiana	Meleagris gallopavo	A/Turkey/Indiana/22-006259-001/2022	RT-PCR	VIRAL RNA	Swab\, Oropharyngeal	H5N1			Meleagris gallopavo
SRR24839385	USA: South Carolina	Haliaeetus leucocephalus	A/Bald Eagle/South Carolina/22-006218-002/2022	RT-PCR	VIRAL RNA	Swab\, Oral	H5N1			NA
SRR24839386	USA: North Carolina	Mareca americana	A/American Wigeon/North Carolina/22-001330-018/2022	RT-PCR	VIRAL RNA	Swab Pool\, Cloacal/Oropharyngeal	H5N1			NA
SRR24839387	USA: South Carolina	Haliaeetus leucocephalus	A/Bald Eagle/South Carolina/22-006218-001/2022	RT-PCR	VIRAL RNA	Swab\, Oral	H5N1			NA
SRR24839388	USA: New Hampshire	Branta canadensis	A/Canada Goose/New Hampshire/22-006203-003/2022	RT-PCR	VIRAL RNA	Swab\, Tracheal	H5N1			NA
SRR24839389	USA: New Hampshire	Branta canadensis	A/Canada Goose/New Hampshire/22-006203-002/2022	RT-PCR	VIRAL RNA	Swab\, Tracheal	H5N1			NA
SRR24839390	USA: New Hampshire	Branta canadensis	A/Canada Goose/New Hampshire/22-006203-001/2022	RT-PCR	VIRAL RNA	Swab\, Tracheal	H5N1			NA
SRR24839391	USA: Florida	Aythya affinis	A/Lesser Scaup/Florida/22-006133-001/2022	RT-PCR	VIRAL RNA	Swab Pool\, Cloacal/Tracheal	H5N1			NA
SRR24839392	USA: Connecticut	Gallus gallus	A/Backyard bird/Connecticut/22-006118-001/2022	RT-PCR	VIRAL RNA	Swab Pool\, Cloacal/Tracheal	H5N1			Gallus gallus
SRR24839393	USA: Tennessee	Anas crecca	A/American Green-winged Teal/Tennessee/22-005910-002/2022	RT-PCR	VIRAL RNA	Swab Pool\, Cloacal/Oropharyngeal	H5N1			NA
SRR24839394	USA: Minnesota	Meleagris gallopavo	A/Turkey/Minnesota/22-010125-001/2022	RT-PCR	VIRAL RNA	swab	H5N1			Meleagris gallopavo
SRR24839395	USA: Minnesota	Anas platyrhynchos	A/Mallard/Minnesota/22-010035-003/2022	RT-PCR	VIRAL RNA	Swab Pool\, Cloacal/Oropharyngeal	H5N1			NA
SRR24839396	USA: Minnesota	Anas platyrhynchos	A/Mallard/Minnesota/22-010035-001/2022	RT-PCR	VIRAL RNA	Swab Pool\, Cloacal/Oropharyngeal	H5N1			NA
SRR24839397	USA: New York	Cygnus columbianus	A/Tundra Swan/New York/22-010034-001/2022	RT-PCR	VIRAL RNA	Swab\, Cloacal	H5N1			NA
SRR24839398	USA: New York	Accipiter cooperii	A/Cooper's Hawk/New York/22-010033-001/2022	RT-PCR	VIRAL RNA	swab	H5N1			NA
SRR24839399	USA: Minnesota	Meleagris gallopavo	A/Turkey/Minnesota/22-010122-002/2022	RT-PCR	VIRAL RNA	swab	H5N1			Meleagris gallopavo
SRR24839400	USA: Minnesota	Bucephala clangula	A/Common Goldeneye/Minnesota/22-010028-001/2022	RT-PCR	VIRAL RNA	Swab Pool\, Cloacal/Tracheal	H5N1			NA
SRR24839401	USA: Minnesota	Bubo virginianus	A/Great Horned Owl/Minnesota/22-010027-007/2022	RT-PCR	VIRAL RNA	Swab\, Cloacal	H5N1			NA
SRR24839402	USA: Georgia	Mareca strepera	A/Gadwall/Georgia/22-003669-001/2022	RT-PCR	VIRAL RNA	Swab\, Oral	H5N1			NA
SRR24839403	USA: Minnesota	Haliaeetus leucocephalus	A/Bald Eagle/Minnesota/22-010027-006/2022	RT-PCR	VIRAL RNA	Swab\, Cloacal	H5N1			NA
SRR24839404	USA: Minnesota	Haliaeetus leucocephalus	A/Bald Eagle/Minnesota/22-010027-005/2022	RT-PCR	VIRAL RNA	Swab\, Cloacal	H5N1			NA
SRR24839405	USA: Minnesota	Buteo jamaicensis	A/Red-tailed Hawk/Minnesota/22-010027-003/2022	RT-PCR	VIRAL RNA	Swab\, Cloacal	H5N1			NA
SRR24839406	USA: Minnesota	Bubo virginianus	A/Great Horned Owl/Minnesota/22-010027-002/2022	RT-PCR	VIRAL RNA	Swab\, Cloacal	H5N1			NA
SRR24839407	USA: Minnesota	Buteo jamaicensis	A/Red-tailed Hawk/Minnesota/22-010027-001/2022	RT-PCR	VIRAL RNA	Swab\, Cloacal	H5N1			NA
SRR24839408	USA: South Dakota	Meleagris gallopavo	A/Turkey/South Dakota/22-010013-002/2022	RT-PCR	VIRAL RNA	swab	H5N1			Meleagris gallopavo
SRR24839409	USA: South Dakota	Meleagris gallopavo	A/Turkey/South Dakota/22-010013-001/2022	RT-PCR	VIRAL RNA	swab	H5N1			Meleagris gallopavo
SRR24839410	USA: South Dakota	Meleagris gallopavo	A/Turkey/South Dakota/22-009980-001/2022	RT-PCR	VIRAL RNA	swab	H5N1			Meleagris gallopavo
SRR24839411	USA: South Dakota	Meleagris gallopavo	A/Turkey/South Dakota/22-009979-001/2022	RT-PCR	VIRAL RNA	swab	H5N1			Meleagris gallopavo
SRR24839412	USA: North Carolina	Anas platyrhynchos	A/Mallard/North Carolina/22-003441-001/2022	RT-PCR	VIRAL RNA	Swab Pool\, Cloacal/Oropharyngeal	H5N1			NA
SRR24839413	USA: Texas	Phasianidae sp.	A/Pheasant/Texas/22-010008-002/2022	RT-PCR	VIRAL RNA	Swab\, Tracheal	H5N1			NA
SRR24839414	USA: North Carolina	Anser caerulescens	A/Snow Goose/North Carolina/22-003496-007/2022	RT-PCR	VIRAL RNA	trachea	H5N1			Anser caerulescens
SRR24839415	USA: North Carolina	Anas acuta	A/Northern Pintail/North Carolina/22-001330-008/2022	RT-PCR	VIRAL RNA	oropharyngeal/cloacal swab pool from individual bird	H5N1			NA
SRR24839416	USA: Texas	Phasianidae sp.	A/Pheasant/Texas/22-010008-001/2022	RT-PCR	VIRAL RNA	Swab\, Tracheal	H5N1			NA
SRR24839417	USA: Minnesota	Meleagris gallopavo	A/Turkey/Minnesota/22-009999-001/2022	RT-PCR	VIRAL RNA	swab	H5N1			Meleagris gallopavo
SRR24839418	USA: Minnesota	Meleagris gallopavo	A/Turkey/Minnesota/22-009998-001/2022	RT-PCR	VIRAL RNA	swab	H5N1			Meleagris gallopavo
SRR24839419	USA: Minnesota	Meleagris gallopavo	A/Turkey/Minnesota/22-009997-001/2022	RT-PCR	VIRAL RNA	swab	H5N1			Meleagris gallopavo
SRR24839420	USA: Minnesota	Meleagris gallopavo	A/Turkey/Minnesota/22-009996-001/2022	RT-PCR	VIRAL RNA	swab	H5N1			Meleagris gallopavo
SRR24839421	USA: Iowa	Meleagris gallopavo	A/Turkey/Iowa/22-009986-001/2022	RT-PCR	VIRAL RNA	Swab\, Oropharyngeal	H5N1			Meleagris gallopavo
SRR24839422	USA: Iowa	Gallus gallus	A/Chicken/Iowa/22-009985-001/2022	RT-PCR	VIRAL RNA	Swab\, Oropharyngeal	H5N1			Gallus gallus
SRR24839423	USA: Texas	Phasianidae sp.	A/Pheasant/Texas/22-009984-001/2022	RT-PCR	VIRAL RNA	Swab\, Tracheal	H5N1			NA
SRR24839424	USA: North Carolina	Anas crecca	A/Green-winged Teal/North Carolina/22-003444-004/2022	RT-PCR	VIRAL RNA	Swab Pool\, Cloacal/Oropharyngeal	H5N1			NA
SRR24839425	USA: North Carolina	Meleagris gallopavo	A/Turkey/North Carolina/22-009983-008/2022	RT-PCR	VIRAL RNA	swab	H5N1			Meleagris gallopavo
SRR24839426	USA: North Carolina	Meleagris gallopavo	A/Turkey/North Carolina/22-009982-003/2022	RT-PCR	VIRAL RNA	swab	H5N1			Meleagris gallopavo
SRR24839427	USA: North Carolina	Meleagris gallopavo	A/Turkey/North Carolina/22-009982-002/2022	RT-PCR	VIRAL RNA	swab	H5N1			Meleagris gallopavo
SRR24839428	USA: Minnesota	Haliaeetus leucocephalus	A/Bald Eagle/Minnesota/22-010027-004/2022	RT-PCR	VIRAL RNA	Swab\, Cloacal	H5N1			NA
SRR24839429	USA: North Carolina	Meleagris gallopavo	A/Turkey/North Carolina/22-009982-001/2022	RT-PCR	VIRAL RNA	swab	H5N1			Meleagris gallopavo
SRR24839430	USA: North Carolina	Meleagris gallopavo	A/Turkey/North Carolina/22-009981-004/2022	RT-PCR	VIRAL RNA	swab	H5N1			Meleagris gallopavo
SRR24839431	USA: North Carolina	Meleagris gallopavo	A/Turkey/North Carolina/22-009981-003/2022	RT-PCR	VIRAL RNA	swab	H5N1			Meleagris gallopavo
SRR24839432	USA: North Carolina	Meleagris gallopavo	A/Turkey/North Carolina/22-009981-001/2022	RT-PCR	VIRAL RNA	swab	H5N1			Meleagris gallopavo
SRR24839433	USA: Minnesota	Meleagris gallopavo	A/Turkey/Minnesota/22-009820-001/2022	RT-PCR	VIRAL RNA	swab	H5N1			Meleagris gallopavo
SRR24839434	USA: Iowa	Gallus gallus	A/Chicken/Iowa/22-009819-002/2022	RT-PCR	VIRAL RNA	Swab Pool\, Cloacal/Oropharyngeal	H5N1			Gallus gallus
SRR24839435	USA: Iowa	Gallus gallus	A/Chicken/Iowa/22-009819-001/2022	RT-PCR	VIRAL RNA	Swab Pool\, Cloacal/Oropharyngeal	H5N1			Gallus gallus
SRR24839436	USA: North Dakota	Meleagris gallopavo	A/Turkey/North Dakota/22-009978-001/2022	RT-PCR	VIRAL RNA	Swab\, Oropharyngeal	H5N1			Meleagris gallopavo
SRR24839437	USA: Minnesota	Meleagris gallopavo	A/Turkey/Minnesota/22-009976-001/2022	RT-PCR	VIRAL RNA	swab	H5N1			Meleagris gallopavo
SRR24839438	USA: Florida	Coragyps atratus	A/Black Vulture/Florida/22-009941-001/2022	RT-PCR	VIRAL RNA	Swab\, Tracheal	H5N1			NA
SRR24839439	USA: Minnesota	Meleagris gallopavo	A/Turkey/Minnesota/22-010000-001/2022	RT-PCR	VIRAL RNA	swab	H5N1			Meleagris gallopavo
SRR24839440	USA: Florida	Coragyps atratus	A/Black Vulture/Florida/22-009940-001/2022	RT-PCR	VIRAL RNA	Swab Pool\, Cloacal/Oropharyngeal	H5N1			NA
SRR24839441	USA: Florida	Coragyps atratus	A/Black Vulture/Florida/22-009937-001/2022	RT-PCR	VIRAL RNA	Swab Pool\, Cloacal/Oropharyngeal	H5N1			NA
SRR24839442	USA: Florida	Strigiformes sp.	A/Black Vulture/Florida/22-009936-001/2022	RT-PCR	VIRAL RNA	Swab Pool\, Cloacal/Tracheal	H5N1			NA
SRR24839443	USA: Wisconsin	Gallus gallus	A/Backyard bird/Wisconsin/22-009934-002/2022	RT-PCR	VIRAL RNA	swab	H5N1			Gallus gallus
SRR24839444	USA: Iowa	Meleagris gallopavo	A/Turkey/Iowa/22-009986-002/2022	RT-PCR	VIRAL RNA	Swab\, Oropharyngeal	H5N1			Meleagris gallopavo
SRR24839445	USA: Minnesota	Anas platyrhynchos	A/Mallard/Minnesota/22-009930-002/2022	RT-PCR	VIRAL RNA	Swab Pool\, Cloacal/Oropharyngeal	H5N1			NA
SRR24839446	USA: Pennsylvania	Haliaeetus leucocephalus	A/Bald Eagle/Pennsylvania/22-009884-002/2022	RT-PCR	VIRAL RNA	Swab\, Cloacal	H5N1			NA
SRR24839447	USA: Wyoming	Gallus gallus	A/Backyard bird/Wyoming/22-009849-001/2022	RT-PCR	VIRAL RNA	Swab\, Tracheal	H5N1			Gallus gallus
SRR24839448	USA: North Carolina	Mareca americana	A/American Wigeon/North Carolina/22-003439-003/2022	RT-PCR	VIRAL RNA	Swab Pool\, Cloacal/Oropharyngeal	H5N1			NA
SRR24839449	USA: Missouri	Meleagris gallopavo	A/Turkey/Missouri/22-009845-004/2022	RT-PCR	VIRAL RNA	swab	H5N1			Meleagris gallopavo
SRR24839450	USA: North Carolina	Meleagris gallopavo	A/Turkey/North Carolina/22-009983-007/2022	RT-PCR	VIRAL RNA	swab	H5N1			Meleagris gallopavo
SRR24839451	USA: South Dakota	Meleagris gallopavo	A/Turkey/South Dakota/22-009841-002/2022	RT-PCR	VIRAL RNA	swab	H5N1			Meleagris gallopavo
SRR24839452	USA: South Dakota	Meleagris gallopavo	A/Turkey/South Dakota/22-009841-001/2022	RT-PCR	VIRAL RNA	swab	H5N1			Meleagris gallopavo
SRR24839453	USA: Illinois	Anser sp.	A/Backyard bird/Illinois/22-009720-003/2022	RT-PCR	VIRAL RNA	Swab\, Oropharyngeal	H5N1			NA
SRR24839454	USA: South Dakota	Anser caerulescens	A/Snow Goose/South Dakota/22-009478-018/2022	RT-PCR	VIRAL RNA	Swab Pool\, Cloacal/Oropharyngeal	H5N1			Anser caerulescens
SRR24839455	USA: Maine	Gallus gallus	A/Backyard bird/Maine/22-009412-001/2022	RT-PCR	VIRAL RNA	Swab\, Oropharyngeal	H5N1			Gallus gallus
SRR24839456	USA: Wisconsin	Buteo jamaicensis	A/Red-tailed Hawk/Wisconsin/22-009411-001/2022	RT-PCR	VIRAL RNA	Swab\, Cloacal	H5N1			NA
SRR24839457	USA: North Dakota	Anser caerulescens	A/Snow Goose/North Dakota/22-009410-001/2022	RT-PCR	VIRAL RNA	Swab\, Tracheal	H5N1			Anser caerulescens
SRR24839458	USA: Wisconsin	Branta canadensis	A/Canada Goose/Wisconsin/22-009408-001/2022	RT-PCR	VIRAL RNA	Swab\, Tracheal	H5N1			NA
SRR24839459	USA: South Dakota	Anser caerulescens	A/Snow Goose/South Dakota/22-009478-010/2022	RT-PCR	VIRAL RNA	Swab Pool\, Cloacal/Oropharyngeal	H5N1			Anser caerulescens
SRR24839460	USA: South Dakota	Anser caerulescens	A/Snow Goose/South Dakota/22-009478-009/2022	RT-PCR	VIRAL RNA	Swab Pool\, Cloacal/Oropharyngeal	H5N1			Anser caerulescens
SRR24839461	USA: New Hampshire	Anas platyrhynchos	A/Mallard/New Hampshire/22-003417-032/2022	RT-PCR	VIRAL RNA	Swab Pool\, Cloacal/Oropharyngeal	H5N1			NA
SRR24839462	USA: North Carolina	Mareca strepera	A/Gadwall/North Carolina/22-001330-004/2022	RT-PCR	VIRAL RNA	Swab Pool\, Cloacal/Oropharyngeal	H5N1			NA
SRR24839463	USA: South Dakota	Anser caerulescens	A/Snow Goose/South Dakota/22-009478-008/2022	RT-PCR	VIRAL RNA	Swab Pool\, Cloacal/Oropharyngeal	H5N1			Anser caerulescens
SRR24839464	USA: South Dakota	Anser caerulescens	A/Snow Goose/South Dakota/22-009478-007/2022	RT-PCR	VIRAL RNA	Swab Pool\, Cloacal/Oropharyngeal	H5N1			Anser caerulescens
SRR24839465	USA: South Dakota	Anser caerulescens	A/Snow Goose/South Dakota/22-009478-006/2022	RT-PCR	VIRAL RNA	Swab Pool\, Cloacal/Oropharyngeal	H5N1			Anser caerulescens
SRR24839466	USA: South Dakota	Anser caerulescens	A/Snow Goose/South Dakota/22-009478-005/2022	RT-PCR	VIRAL RNA	Swab Pool\, Cloacal/Oropharyngeal	H5N1			Anser caerulescens
SRR24839467	USA: South Dakota	Anser caerulescens	A/Snow Goose/South Dakota/22-009478-004/2022	RT-PCR	VIRAL RNA	Swab Pool\, Cloacal/Oropharyngeal	H5N1			Anser caerulescens
SRR24839468	USA: South Dakota	Anser caerulescens	A/Snow Goose/South Dakota/22-009478-003/2022	RT-PCR	VIRAL RNA	Swab Pool\, Cloacal/Oropharyngeal	H5N1			Anser caerulescens
SRR24839469	USA: South Dakota	Anser caerulescens	A/Snow Goose/South Dakota/22-009478-002/2022	RT-PCR	VIRAL RNA	Swab Pool\, Cloacal/Oropharyngeal	H5N1			Anser caerulescens
SRR24839470	USA: South Dakota	Anser caerulescens	A/Snow Goose/South Dakota/22-009478-001/2022	RT-PCR	VIRAL RNA	Swab Pool\, Cloacal/Oropharyngeal	H5N1			Anser caerulescens
SRR24839471	USA: Minnesota	Haliaeetus leucocephalus	A/Bald Eagle/Minnesota/22-009477-001/2022	RT-PCR	VIRAL RNA	Swab Pool\, Cloacal/Oropharyngeal	H5N1			NA
SRR24839472	USA: Colorado	Anas platyrhynchos	A/Mallard/Colorado/22-009476-001/2022	RT-PCR	VIRAL RNA	Swab Pool\, Cloacal/Oropharyngeal	H5N1			NA
SRR24839473	USA: New Hampshire	Anas platyrhynchos	A/Mallard/New Hampshire/22-003359-036/2022	RT-PCR	VIRAL RNA	Swab Pool\, Cloacal/Oropharyngeal	H5N1			NA
SRR24839474	USA: Ohio	Gallus gallus	A/Backyard bird/Ohio/22-009419-001/2022	RT-PCR	VIRAL RNA	swab	H5N1			Gallus gallus
SRR24839475	USA: South Dakota	Anser caerulescens	A/Snow Goose/South Dakota/22-009478-017/2022	RT-PCR	VIRAL RNA	Swab Pool\, Cloacal/Oropharyngeal	H5N1			Anser caerulescens
SRR24839476	USA: Maine	Numididae sp.	A/Backyard bird/Maine/22-009412-002/2022	RT-PCR	VIRAL RNA	Swab\, Oropharyngeal	H5N1			NA
SRR24839477	USA: Wisconsin	Aythya affinis	A/Lesser Scaup/Wisconsin/22-009407-001/2022	RT-PCR	VIRAL RNA	Swab\, Tracheal	H5N1			NA
SRR24839478	USA: South Dakota	Haliaeetus leucocephalus	A/Bald Eagle/South Dakota/22-009405-001/2022	RT-PCR	VIRAL RNA	Swab\, Tracheal	H5N1			NA
SRR24839479	USA: Wisconsin	Accipiter cooperii	A/Cooper's Hawk/Wisconsin/22-009404-002/2022	RT-PCR	VIRAL RNA	Swab\, Tracheal	H5N1			NA
SRR24839480	USA: South Dakota	Anser caerulescens	A/Snow Goose/South Dakota/22-009478-011/2022	RT-PCR	VIRAL RNA	Swab Pool\, Cloacal/Oropharyngeal	H5N1			Anser caerulescens
SRR24839481	USA: Wisconsin	Haliaeetus leucocephalus	A/Bald Eagle/Wisconsin/22-009404-001/2022	RT-PCR	VIRAL RNA	Swab\, Tracheal	H5N1			NA
SRR24839482	USA: New Hampshire	Anas platyrhynchos	A/Mallard/New Hampshire/22-003359-025/2022	RT-PCR	VIRAL RNA	Swab Pool\, Cloacal/Oropharyngeal	H5N1			NA
SRR24839483	USA: North Dakota	Anser caerulescens	A/Snow Goose/North Dakota/22-009399-003/2022	RT-PCR	VIRAL RNA	Swab\, Tracheal	H5N1			Anser caerulescens
SRR24839484	USA: North Dakota	Anser caerulescens	A/Snow Goose/North Dakota/22-009399-001/2022	RT-PCR	VIRAL RNA	Swab\, Tracheal	H5N1			Anser caerulescens
SRR24839485	USA: New York	Ardea herodias	A/Great Blue Heron/New York/22-009396-002/2022	RT-PCR	VIRAL RNA	Swab Pool\, Cloacal/Oropharyngeal	H5N1			NA
SRR24839486	USA: Iowa	Anser caerulescens	A/Snow Goose/Iowa/22-008719-003/2022	RT-PCR	VIRAL RNA	Swab Pool\, Cloacal/Oropharyngeal	H5N1			Anser caerulescens
SRR24839487	USA: South Dakota	Meleagris gallopavo	A/Turkey/South Dakota/22-008483-002/2022	RT-PCR	VIRAL RNA	Swab\, Oropharyngeal	H5N1			Meleagris gallopavo
SRR24839488	USA: South Dakota	Meleagris gallopavo	A/Turkey/South Dakota/22-008483-001/2022	RT-PCR	VIRAL RNA	Swab\, Oropharyngeal	H5N1			Meleagris gallopavo
SRR24839489	USA: Maryland	Gallus gallus	A/Chicken/Maryland/22-008243-001/2022	RT-PCR	VIRAL RNA	Swab\, Oral	H5N1			Gallus gallus
SRR24839490	USA: Nebraska	Gallus gallus	A/Chicken/Nebraska/22-008467-001/2022	RT-PCR	VIRAL RNA	Swab\, Oropharyngeal	H5N1			Gallus gallus
SRR24839491	USA: South Dakota	Anser rossii	A/Ross's Goose/South Dakota/22-008384-004/2022	RT-PCR	VIRAL RNA	Swab Pool\, Cloacal/Oropharyngeal	H5N1			NA
SRR24839492	USA: South Dakota	Meleagris gallopavo	A/Turkey/South Dakota/22-008702-001/2022	RT-PCR	VIRAL RNA	swab	H5N1			Meleagris gallopavo
SRR24839493	USA: South Dakota	Anser rossii	A/Ross's Goose/South Dakota/22-008384-002/2022	RT-PCR	VIRAL RNA	Swab Pool\, Cloacal/Oropharyngeal	H5N1			NA
SRR24839494	USA: South Dakota	Anser rossii	A/Ross's Goose/South Dakota/22-008384-001/2022	RT-PCR	VIRAL RNA	Swab Pool\, Cloacal/Oropharyngeal	H5N1			NA
SRR24839495	USA: South Dakota	Anser caerulescens	A/Snow Goose/South Dakota/22-008383-004/2022	RT-PCR	VIRAL RNA	Swab Pool\, Cloacal/Oropharyngeal	H5N1			Anser caerulescens
SRR24839496	USA: South Dakota	Anser caerulescens	A/Snow Goose/South Dakota/22-008383-001/2022	RT-PCR	VIRAL RNA	Swab Pool\, Cloacal/Oropharyngeal	H5N1			Anser caerulescens
SRR24839497	USA: South Dakota	Branta canadensis	A/Canada Goose/South Dakota/22-008382-001/2022	RT-PCR	VIRAL RNA	Swab Pool\, Cloacal/Oropharyngeal	H5N1			NA
SRR24839498	USA: Illinois	Branta canadensis	A/Canada Goose/Illinois/22-008379-001/2022	RT-PCR	VIRAL RNA	Swab Pool\, Cloacal/Oropharyngeal	H5N1			NA
SRR24839499	USA: Iowa	Anser rossii	A/Ross's Goose/Iowa/22-008378-001/2022	RT-PCR	VIRAL RNA	Swab Pool\, Cloacal/Oropharyngeal	H5N1			NA
SRR24839500	USA: South Carolina	Mareca strepera	A/Gadwall/South Carolina/22-001743-003/2022	RT-PCR	VIRAL RNA	Swab\, Oral	H5N1			NA
SRR24839501	USA: Illinois	Anser sp.	A/Graylag Goose/Illinois/22-008377-005/2022	RT-PCR	VIRAL RNA	Swab Pool\, Cloacal/Oropharyngeal	H5N1			NA
SRR24839502	USA: Illinois	Anser sp.	A/Graylag Goose/Illinois/22-008377-002/2022	RT-PCR	VIRAL RNA	Swab Pool\, Cloacal/Oropharyngeal	H5N1			NA
SRR24839503	USA: Iowa	Anser rossii	A/Ross's Goose/Iowa/22-008376-002/2022	RT-PCR	VIRAL RNA	Swab Pool\, Cloacal/Oropharyngeal	H5N1			NA
SRR24839504	USA: Iowa	Anser caerulescens	A/Snow Goose/Iowa/22-008376-001/2022	RT-PCR	VIRAL RNA	Swab Pool\, Cloacal/Oropharyngeal	H5N1			Anser caerulescens
SRR24839505	USA: Iowa	Gallus gallus	A/Backyard bird/Iowa/22-008373-001/2022	RT-PCR	VIRAL RNA	Swab\, Tracheal	H5N1			Gallus gallus
SRR24839506	USA: South Dakota	Meleagris gallopavo	A/Turkey/South Dakota/22-008372-001/2022	RT-PCR	VIRAL RNA	Swab\, Oropharyngeal	H5N1			Meleagris gallopavo
SRR24839507	USA: Maine	Melegris gallopavo	A/Backyard bird/Maine/22-008367-002/2022	RT-PCR	VIRAL RNA	Swab\, Oropharyngeal	H5N1			NA
SRR24839508	USA: Maine	Gallus gallus	A/Backyard bird/Maine/22-008367-001/2022	RT-PCR	VIRAL RNA	Swab\, Oropharyngeal	H5N1			Gallus gallus
SRR24839509	USA: Maine	Gallus gallus	A/Backyard bird/Maine/22-008366-001/2022	RT-PCR	VIRAL RNA	Swab\, Oropharyngeal	H5N1			Gallus gallus
SRR24839510	USA: Kansas	Gallus gallus	A/Backyard bird/Kansas/22-008259-002/2022	RT-PCR	VIRAL RNA	Swab\, Oropharyngeal	H5N1			Gallus gallus
SRR24839511	USA: South Carolina	Mareca strepera	A/Gadwall/South Carolina/22-001743-002/2022	RT-PCR	VIRAL RNA	Swab\, Oral	H5N1			NA
SRR24839512	USA: Kansas	Gallus gallus	A/Backyard bird/Kansas/22-008259-001/2022	RT-PCR	VIRAL RNA	Swab\, Oropharyngeal	H5N1			Gallus gallus
SRR24839513	USA: Maine	Gallus gallus	A/Backyard bird/Maine/22-008064-002/2022	RT-PCR	VIRAL RNA	swab	H5N1			Gallus gallus
SRR24839514	USA: North Carolina	Mareca americana	A/American Wigeon/North Carolina/22-001672-009/2022	RT-PCR	VIRAL RNA	Swab Pool\, Cloacal/Oropharyngeal	H5N1			NA
SRR24839515	USA: South Dakota	Meleagris gallopavo	A/Turkey/South Dakota/22-008242-001/2022	RT-PCR	VIRAL RNA	Swab\, Tracheal	H5N1			Meleagris gallopavo
SRR24839516	USA: South Dakota	Meleagris gallopavo	A/Turkey/South Dakota/22-008239-001/2022	RT-PCR	VIRAL RNA	Swab\, Tracheal	H5N1			Meleagris gallopavo
SRR24839517	USA: Maine	Numididae sp.	A/Backyard bird/Maine/22-008064-001/2022	RT-PCR	VIRAL RNA	swab	H5N1			NA
SRR24839518	USA: Missouri	Anser caerulescens	A/Snow Goose/Missouri/22-007698-002/2022	RT-PCR	VIRAL RNA	Swab\, Tracheal	H5N1			Anser caerulescens
SRR24839519	USA: Missouri	Anser caerulescens	A/Snow Goose/Missouri/22-007698-001/2022	RT-PCR	VIRAL RNA	Swab\, Tracheal	H5N1			Anser caerulescens
SRR24839520	USA: Ohio	Haliaeetus leucocephalus	A/Bald Eagle/Ohio/22-007697-001/2022	RT-PCR	VIRAL RNA	Swab\, Tracheal	H5N1			NA
SRR24839521	USA: Massachusetts	Buteo jamaicensis	A/Red-tailed Hawk/Massachusetts/22-007696-009/2022	RT-PCR	VIRAL RNA	Swab\, Tracheal	H5N1			NA
SRR24839522	USA: Massachusetts	Calidris alba	A/Sanderling/Massachusetts/22-007696-008/2022	RT-PCR	VIRAL RNA	Swab\, Tracheal	H5N1			NA
SRR24839523	USA: Massachusetts	Calidris alba	A/Sanderling/Massachusetts/22-007696-007/2022	RT-PCR	VIRAL RNA	Swab\, Tracheal	H5N1			NA
SRR24839524	USA: Massachusetts	Calidris alba	A/Sanderling/Massachusetts/22-007696-005/2022	RT-PCR	VIRAL RNA	Swab\, Cloacal	H5N1			NA
SRR24839525	USA: Massachusetts	Calidris alba	A/Sanderling/Massachusetts/22-007696-004/2022	RT-PCR	VIRAL RNA	Swab\, Tracheal	H5N1			NA
SRR24839526	USA: Massachusetts	Calidris alba	A/Sanderling/Massachusetts/22-007696-003/2022	RT-PCR	VIRAL RNA	Swab\, Tracheal	H5N1			NA
SRR24839527	USA: North Carolina	Mareca americana	A/American Wigeon/North Carolina/22-001330-031/2022	RT-PCR	VIRAL RNA	Swab Pool\, Cloacal/Oropharyngeal	H5N1			NA
SRR24839528	USA: Massachusetts	Calidris alba	A/Sanderling/Massachusetts/22-007696-002/2022	RT-PCR	VIRAL RNA	Swab\, Cloacal	H5N1			NA
SRR24839529	USA: Massachusetts	Calidris alba	A/Sanderling/Massachusetts/22-007696-001/2022	RT-PCR	VIRAL RNA	Swab\, Cloacal	H5N1			NA
SRR24839530	USA: Illinois	Anser rossii	A/Ross's Goose/Illinois/22-007691-001/2022	RT-PCR	VIRAL RNA	Swab\, Tracheal	H5N1			NA
SRR24839531	USA: Iowa	Anser caerulescens	A/Lesser Snow Goose White-morph/Iowa/22-007679-010/2022	RT-PCR	VIRAL RNA	Swab Pool\, Cloacal/Oropharyngeal	H5N1			Anser caerulescens
SRR24839532	USA: Iowa	Anser caerulescens	A/Lesser Snow Goose White-morph/Iowa/22-007679-009/2022	RT-PCR	VIRAL RNA	Swab Pool\, Cloacal/Oropharyngeal	H5N1			Anser caerulescens
SRR24839533	USA: Iowa	Anser caerulescens	A/Lesser Snow Goose White-morph/Iowa/22-007679-008/2022	RT-PCR	VIRAL RNA	Swab Pool\, Cloacal/Oropharyngeal	H5N1			Anser caerulescens
SRR24839534	USA: Maine	Melegris gallopavo	A/Backyard bird/Maine/22-007410-001/2022	RT-PCR	VIRAL RNA	swab	H5N1			NA
SRR24839535	USA: Kansas	Gallus gallus	A/Poultry/Kansas/22-007391-001/2022	RT-PCR	VIRAL RNA	swab	H5N1			Gallus gallus
SRR24839536	USA: Iowa	Anser caerulescens	A/Lesser Snow Goose White-morph/Iowa/22-007679-003/2022	RT-PCR	VIRAL RNA	Swab Pool\, Cloacal/Oropharyngeal	H5N1			Anser caerulescens
SRR24839537	USA: North Carolina	Mareca americana	A/American Wigeon/North Carolina/22-001330-030/2022	RT-PCR	VIRAL RNA	oropharyngeal/cloacal swab pool from individual bird	H5N1			NA
SRR24839538	USA: Iowa	Anser caerulescens	A/Lesser Snow Goose White-morph/Iowa/22-007679-001/2022	RT-PCR	VIRAL RNA	Swab Pool\, Cloacal/Oropharyngeal	H5N1			Anser caerulescens
SRR24839539	USA: Missouri	Gallus gallus	A/Backyard bird/Missouri/22-007677-001/2022	RT-PCR	VIRAL RNA	Swab\, Oropharyngeal	H5N1			Gallus gallus
SRR24839540	USA: Massachusetts	Branta canadensis	A/Canada Goose/Massachusetts/22-007630-001/2022	RT-PCR	VIRAL RNA	Swab Pool\, Cloacal/Oropharyngeal	H5N1			NA
SRR24839541	USA: Maine	Gallus gallus	A/Backyard bird/Maine/22-007582-001/2022	RT-PCR	VIRAL RNA	Swab\, Oropharyngeal	H5N1			Gallus gallus
SRR24839542	USA: Iowa	Anser rossii	A/Ross's Goose/Iowa/22-007551-001/2022	RT-PCR	VIRAL RNA	Swab Pool\, Cloacal/Oropharyngeal	H5N1			NA
SRR24839543	USA: Wisconsin	Gallus gallus	A/Chicken/Wisconsin/22-007545-005/2022	RT-PCR	VIRAL RNA	Swab\, Oropharyngeal	H5N1			Gallus gallus
SRR24839544	USA: Wisconsin	Gallus gallus	A/Chicken/Wisconsin/22-007545-004/2022	RT-PCR	VIRAL RNA	Swab\, Oropharyngeal	H5N1			Gallus gallus
SRR24839545	USA: Wisconsin	Gallus gallus	A/Chicken/Wisconsin/22-007545-001/2022	RT-PCR	VIRAL RNA	Swab\, Oropharyngeal	H5N1			Gallus gallus
SRR24839546	USA: South Dakota	Meleagris gallopavo	A/Turkey/South Dakota/22-007534-001/2022	RT-PCR	VIRAL RNA	Swab\, Oropharyngeal	H5N1			Meleagris gallopavo
SRR24839547	USA: Illinois	Anas platyrhynchos	A/Mallard/Illinois/22-007482-001/2022	RT-PCR	VIRAL RNA	Swab Pool\, Cloacal/Oropharyngeal	H5N1			NA
SRR24839548	USA: North Carolina	Mareca americana	A/American Wigeon/North Carolina/22-001330-029/2022	RT-PCR	VIRAL RNA	Swab Pool\, Cloacal/Oropharyngeal	H5N1			NA
SRR24839549	USA: Missouri	Anser rossii	A/Ross's Goose/Missouri/22-007472-003/2022	RT-PCR	VIRAL RNA	Swab Pool\, Cloacal/Oropharyngeal	H5N1			NA
SRR24839550	USA: Wyoming	Gallus gallus	A/Backyard bird/Wyoming/22-009326-002/2022	RT-PCR	VIRAL RNA	Swab\, Oropharyngeal	H5N1			Gallus gallus
SRR24839551	USA: New York	Callipepla sp.	A/Backyard bird/New York/22-009324-009/2022	RT-PCR	VIRAL RNA	Swab\, Oropharyngeal	H5N1			NA
SRR24839552	USA: New York	Gallus gallus	A/Backyard bird/New York/22-009324-002/2022	RT-PCR	VIRAL RNA	Swab\, Oropharyngeal	H5N1			Gallus gallus
SRR24839553	USA: Minnesota	Meleagris gallopavo	A/Turkey/Minnesota/22-009314-002/2022	RT-PCR	VIRAL RNA	swab	H5N1			Meleagris gallopavo
SRR24839554	USA: Minnesota	Meleagris gallopavo	A/Turkey/Minnesota/22-009314-001/2022	RT-PCR	VIRAL RNA	swab	H5N1			Meleagris gallopavo
SRR24839555	USA: Minnesota	Meleagris gallopavo	A/Turkey/Minnesota/22-009313-001/2022	RT-PCR	VIRAL RNA	swab	H5N1			Meleagris gallopavo
SRR24839556	USA: Michigan	Aythya americana	A/Redhead/Michigan/22-009361-008/2022	RT-PCR	VIRAL RNA	Swab Pool\, Cloacal/Tracheal	H5N1			NA
SRR24839557	USA: Iowa	Gallus gallus	A/Chicken/Iowa/22-009287-001/2022	RT-PCR	VIRAL RNA	Swab\, Oropharyngeal	H5N1			Gallus gallus
SRR24839558	USA: Nebraska	Anas sp.	A/Backyard bird/Nebraska/22-009190-001/2022	RT-PCR	VIRAL RNA	Swab\, Oropharyngeal	H5N1			NA
SRR24839559	USA: Virginia	Anas crecca	A/Green-winged Teal/Virginia/22-002768-003/2022	RT-PCR	VIRAL RNA	Swab Pool\, Cloacal/Oropharyngeal	H5N1			NA
SRR24839560	USA: Minnesota	Meleagris gallopavo	A/Turkey/Minnesota/22-009182-004/2022	RT-PCR	VIRAL RNA	swab	H5N1			Meleagris gallopavo
SRR24839561	USA: Iowa	Meleagris gallopavo	A/Turkey/Iowa/22-009227-001/2022	RT-PCR	VIRAL RNA	Swab\, Tracheal	H5N1			Meleagris gallopavo
SRR24839562	USA: Michigan	Aythya americana	A/Redhead/Michigan/22-009361-003/2022	RT-PCR	VIRAL RNA	Swab Pool\, Cloacal/Tracheal	H5N1			NA
SRR24839563	USA: Ohio	Anas platyrhynchos	A/Mallard/Ohio/22-009209-012/2022	RT-PCR	VIRAL RNA	Swab Pool\, Cloacal/Oropharyngeal	H5N1			NA
SRR24839564	USA: Ohio	Anas platyrhynchos	A/Mallard/Ohio/22-009209-011/2022	RT-PCR	VIRAL RNA	Swab Pool\, Cloacal/Oropharyngeal	H5N1			NA
SRR24839565	USA: Ohio	Anas rubripes	A/American Black Duck/Ohio/22-009209-007/2022	RT-PCR	VIRAL RNA	Swab Pool\, Cloacal/Oropharyngeal	H5N1			NA
SRR24839566	USA: Ohio	Anas platyrhynchos	A/Mallard/Ohio/22-009207-012/2022	RT-PCR	VIRAL RNA	Swab Pool\, Cloacal/Oropharyngeal	H5N1			NA
SRR24839567	USA: Ohio	Anas platyrhynchos	A/Mallard/Ohio/22-009207-003/2022	RT-PCR	VIRAL RNA	Swab Pool\, Cloacal/Oropharyngeal	H5N1			NA
SRR24839568	USA: Ohio	Anas platyrhynchos	A/Mallard/Ohio/22-009207-002/2022	RT-PCR	VIRAL RNA	Swab Pool\, Cloacal/Oropharyngeal	H5N1			NA
SRR24839569	USA: Ohio	Anas rubripes	A/American Black Duck/Ohio/22-009205-010/2022	RT-PCR	VIRAL RNA	Swab Pool\, Cloacal/Oropharyngeal	H5N1			NA
SRR24839570	USA: Ohio	Anas rubripes	A/American Black Duck/Ohio/22-009205-005/2022	RT-PCR	VIRAL RNA	Swab Pool\, Cloacal/Oropharyngeal	H5N1			NA
SRR24839571	USA: Maryland	Aythya affinis	A/Lesser Scaup/Maryland/22-003098-003/2022	RT-PCR	VIRAL RNA	Swab Pool\, Cloacal/Oropharyngeal	H5N1			NA
SRR24839572	USA: Connecticut	Corvus corax	A/Common Raven/Connecticut/22-009204-001/2022	RT-PCR	VIRAL RNA	Swab\, Cloacal	H5N1			NA
SRR24839573	USA: South Dakota	Meleagris gallopavo	A/Turkey/South Dakota/22-009198-001/2022	RT-PCR	VIRAL RNA	swab	H5N1			Meleagris gallopavo
SRR24839574	USA: South Dakota	Meleagris gallopavo	A/Turkey/South Dakota/22-009197-001/2022	RT-PCR	VIRAL RNA	swab	H5N1			Meleagris gallopavo
SRR24839575	USA: South Dakota	Meleagris gallopavo	A/Turkey/South Dakota/22-009196-001/2022	RT-PCR	VIRAL RNA	swab	H5N1			Meleagris gallopavo
SRR24839576	USA: Minnesota	Meleagris gallopavo	A/Turkey/Minnesota/22-009195-003/2022	RT-PCR	VIRAL RNA	swab	H5N1			Meleagris gallopavo
SRR24839577	USA: Minnesota	Meleagris gallopavo	A/Turkey/Minnesota/22-009195-002/2022	RT-PCR	VIRAL RNA	swab	H5N1			Meleagris gallopavo
SRR24839578	USA: Minnesota	Meleagris gallopavo	A/Turkey/Minnesota/22-009313-002/2022	RT-PCR	VIRAL RNA	swab	H5N1			Meleagris gallopavo
SRR24839579	USA: South Dakota	Gallus gallus	A/Backyard bird/South Dakota/22-009194-002/2022	RT-PCR	VIRAL RNA	swab	H5N1			Gallus gallus
SRR24839580	USA: Missouri	Gallus gallus	A/Backyard bird/Missouri/22-009192-002/2022	RT-PCR	VIRAL RNA	swab	H5N1			Gallus gallus
SRR24839581	USA: Nebraska	Gallus gallus	A/Backyard bird/Nebraska/22-009190-002/2022	RT-PCR	VIRAL RNA	Swab\, Oropharyngeal	H5N1			Gallus gallus
SRR24839582	USA: New York	Anas sp.	A/Redhead/New York/22-008835-006/2022	RT-PCR	VIRAL RNA	Swab\, Cloacal	H5N1			NA
SRR24839583	USA: South Carolina	Mareca americana	A/American Wigeon/South Carolina/22-001743-011/2022	RT-PCR	VIRAL RNA	Swab\, Oral	H5N1			NA
SRR24839584	USA: New York	Anser caerulescens	A/Snow Goose/New York/22-008835-004/2022	RT-PCR	VIRAL RNA	Swab\, Cloacal	H5N1			Anser caerulescens
SRR24839585	USA: New York	Anser caerulescens	A/Snow Goose/New York/22-008835-002/2022	RT-PCR	VIRAL RNA	Swab\, Cloacal	H5N1			Anser caerulescens
SRR24839586	USA: New York	Mergus merganser	A/Merganser/New York/22-008834-001/2022	RT-PCR	VIRAL RNA	Swab Pool\, Cloacal/Oropharyngeal	H5N1			NA
SRR24839587	USA: New York	Phasianidae sp.	A/Pheasant/New York/22-008760-010/2022	RT-PCR	VIRAL RNA	Swab\, Oropharyngeal	H5N1			NA
SRR24839588	USA: Pennsylvania	Haliaeetus leucocephalus	A/Bald Eagle/Pennsylvania/22-008745-001/2022	RT-PCR	VIRAL RNA	Swab Pool\, Cloacal/Tracheal	H5N1			NA
SRR24839589	USA: North Dakota	Anser caerulescens	A/Snow Goose/North Dakota/22-008734-001/2022	RT-PCR	VIRAL RNA	Swab\, Cloacal	H5N1			Anser caerulescens
SRR24839590	USA: Iowa	Anser caerulescens	A/Snow Goose/Iowa/22-008719-002/2022	RT-PCR	VIRAL RNA	Swab Pool\, Cloacal/Oropharyngeal	H5N1			Anser caerulescens
SRR24839591	USA: South Carolina	Mareca strepera	A/Gadwall/South Carolina/22-001743-004/2022	RT-PCR	VIRAL RNA	Swab\, Oral	H5N1			NA
SRR24839592	USA: South Dakota	Meleagris gallopavo	A/Turkey/South Dakota/22-008479-001/2022	RT-PCR	VIRAL RNA	swab	H5N1			Meleagris gallopavo
SRR24839593	USA: South Dakota	Meleagris gallopavo	A/Turkey/South Dakota/22-008705-001/2022	RT-PCR	VIRAL RNA	swab	H5N1			Meleagris gallopavo
SRR24839594	USA: South Carolina	Mareca strepera	A/Gadwall/South Carolina/22-001743-008/2022	RT-PCR	VIRAL RNA	Swab\, Oral	H5N1			NA
SRR24839595	USA: South Dakota	Meleagris gallopavo	A/Turkey/South Dakota/22-008704-001/2022	RT-PCR	VIRAL RNA	swab	H5N1			Meleagris gallopavo
SRR24839596	USA: South Dakota	Branta canadensis	A/Canada Goose/South Dakota/22-008571-003/2022	RT-PCR	VIRAL RNA	Swab\, Tracheal	H5N1			NA
SRR24839597	USA: South Dakota	Branta canadensis	A/Canada Goose/South Dakota/22-008571-002/2022	RT-PCR	VIRAL RNA	Swab\, Tracheal	H5N1			NA
SRR24839598	USA: South Dakota	Branta canadensis	A/Canada Goose/South Dakota/22-008571-001/2022	RT-PCR	VIRAL RNA	Swab\, Tracheal	H5N1			NA
SRR24839599	USA: Ohio	Haliaeetus leucocephalus	A/Bald Eagle/Ohio/22-008568-001/2022	RT-PCR	VIRAL RNA	Swab\, Tracheal	H5N1			NA
SRR24839600	USA: Maine	Gallus gallus	A/Backyard bird/Maine/22-008540-001/2022	RT-PCR	VIRAL RNA	Swab\, Oropharyngeal	H5N1			Gallus gallus
SRR24839601	USA: Michigan	Cygnus columbianus	A/Tundra Swan/Michigan/22-008506-009/2022	RT-PCR	VIRAL RNA	Swab Pool\, Cloacal/Tracheal	H5N1			NA
SRR24839602	USA: Michigan	Branta canadensis	A/Canada Goose/Michigan/22-008506-008/2022	RT-PCR	VIRAL RNA	Swab Pool\, Cloacal/Tracheal	H5N1			NA
SRR24839603	USA: South Dakota	Meleagris gallopavo	A/Turkey/South Dakota/22-008866-002/2022	RT-PCR	VIRAL RNA	swab	H5N1			Meleagris gallopavo
SRR24839604	USA: Michigan	Branta canadensis	A/Canada Goose/Michigan/22-008506-007/2022	RT-PCR	VIRAL RNA	Swab Pool\, Cloacal/Tracheal	H5N1			NA
SRR24839605	USA: South Carolina	Mareca strepera	A/Gadwall/South Carolina/22-001743-007/2022	RT-PCR	VIRAL RNA	Swab\, Oral	H5N1			NA
SRR24839606	USA: Michigan	Branta canadensis	A/Canada Goose/Michigan/22-008506-006/2022	RT-PCR	VIRAL RNA	Swab Pool\, Cloacal/Tracheal	H5N1			NA
SRR24839607	USA: Michigan	Branta canadensis	A/Canada Goose/Michigan/22-008506-005/2022	RT-PCR	VIRAL RNA	Swab Pool\, Cloacal/Tracheal	H5N1			NA
SRR24839608	USA: Michigan	Branta canadensis	A/Canada Goose/Michigan/22-008506-004/2022	RT-PCR	VIRAL RNA	Swab Pool\, Cloacal/Tracheal	H5N1			NA
SRR24839609	USA: Michigan	Branta canadensis	A/Canada Goose/Michigan/22-008506-003/2022	RT-PCR	VIRAL RNA	Swab Pool\, Cloacal/Tracheal	H5N1			NA
SRR24839610	USA: Michigan	Bubo scandiacus	A/Snowy Owl/Michigan/22-008506-002/2022	RT-PCR	VIRAL RNA	Swab Pool\, Cloacal/Tracheal	H5N1			NA
SRR24839611	USA: Michigan	Bubo scandiacus	A/Snowy Owl/Michigan/22-008506-001/2022	RT-PCR	VIRAL RNA	Swab Pool\, Cloacal/Tracheal	H5N1			NA
SRR24839612	USA: Florida	Coragyps atratus	A/Black Vulture/Florida/22-008502-002/2022	RT-PCR	VIRAL RNA	Swab Pool\, Cloacal/Oropharyngeal	H5N1			NA
SRR24839613	USA: South Dakota	Meleagris gallopavo	A/Turkey/South Dakota/22-008485-001/2022	RT-PCR	VIRAL RNA	Swab\, Oropharyngeal	H5N1			Meleagris gallopavo
SRR24839614	USA: Kansas	Anser caerulescens	A/Snow Goose/Kansas/22-007919-002/2022	RT-PCR	VIRAL RNA	Swab\, Oral	H5N1			Anser caerulescens
SRR24839615	USA: South Carolina	Haliaeetus leucocephalus	A/Bald Eagle/South Carolina/22-007918-002/2022	RT-PCR	VIRAL RNA	Swab Pool\, Cloacal/Oropharyngeal	H5N1			NA
SRR24839616	USA: South Carolina	Haliaeetus leucocephalus	A/Bald Eagle/South Carolina/22-007918-001/2022	RT-PCR	VIRAL RNA	Swab\, Cloacal	H5N1			NA
SRR24839617	USA: North Carolina	Haliaeetus leucocephalus	A/Bald Eagle/North Carolina/22-007917-004/2022	RT-PCR	VIRAL RNA	Swab Pool\, Cloacal/Oropharyngeal	H5N1			NA
SRR24839618	USA: North Carolina	Haliaeetus leucocephalus	A/Bald Eagle/North Carolina/22-007917-003/2022	RT-PCR	VIRAL RNA	Swab Pool\, Cloacal/Oropharyngeal	H5N1			NA
SRR24839619	USA: North Carolina	Pelecanus occidentalis	A/Brown Pelican/North Carolina/22-007917-001/2022	RT-PCR	VIRAL RNA	Swab\, Oral	H5N1			NA
SRR24839620	USA: Florida	Larus delawarensis	A/Ring-billed Gull/Florida/22-007915-012/2022	RT-PCR	VIRAL RNA	Virus Isolate	H5N1			NA
SRR24839621	USA: Iowa	Anser caerulescens	A/Snow Goose/Iowa/22-007764-001/2022	RT-PCR	VIRAL RNA	Swab Pool\, Cloacal/Oropharyngeal	H5N1			Anser caerulescens
SRR24839622	USA: Missouri	Anser caerulescens	A/Snow Goose/Missouri/22-007700-004/2022	RT-PCR	VIRAL RNA	Swab\, Tracheal	H5N1			Anser caerulescens
SRR24839623	USA: Missouri	Anser caerulescens	A/Snow Goose/Missouri/22-007700-003/2022	RT-PCR	VIRAL RNA	Swab\, Tracheal	H5N1			Anser caerulescens
SRR24839624	USA: Missouri	Anser caerulescens	A/Snow Goose/Missouri/22-007700-001/2022	RT-PCR	VIRAL RNA	Swab\, Tracheal	H5N1			Anser caerulescens
SRR24839625	USA: North Carolina	Mareca strepera	A/Gadwall/North Carolina/22-001330-032/2022	RT-PCR	VIRAL RNA	Swab Pool\, Cloacal/Oropharyngeal	H5N1			NA
SRR24839626	USA: Florida	Bubo virginianus	A/Great Horned Owl/Florida/22-007915-008/2022	RT-PCR	VIRAL RNA	Swab Pool\, Cloacal/Oropharyngeal	H5N1			NA
SRR24839627	USA: Florida	Bubo virginianus	A/Great Horned Owl/Florida/22-007915-007/2022	RT-PCR	VIRAL RNA	Swab\, Cloacal	H5N1			NA
SRR24839628	USA: Florida	Laridae sp.	A/Gull/Florida/22-007915-006/2022	RT-PCR	VIRAL RNA	Swab\, Oral	H5N1			NA
SRR24839629	USA: Florida	Coragyps atratus	A/Black Vulture/Florida/22-007915-005/2022	RT-PCR	VIRAL RNA	Swab\, Cloacal	H5N1			NA
SRR24839630	USA: Florida	Ardea herodias	A/Great Blue Heron/Florida/22-007915-004/2022	RT-PCR	VIRAL RNA	Swab\, Cloacal	H5N1			NA
SRR24839631	USA: Florida	Lophodytes cucullatus	A/Hooded Merganser/Florida/22-007915-003/2022	RT-PCR	VIRAL RNA	Swab\, Oral	H5N1			NA
SRR24839632	USA: Florida	Haliaeetus leucocephalus	A/Bald Eagle/Florida/22-007915-002/2022	RT-PCR	VIRAL RNA	Swab\, Cloacal	H5N1			NA
SRR24839633	USA: Florida	Haliaeetus leucocephalus	A/Bald Eagle/Florida/22-007915-001/2022	RT-PCR	VIRAL RNA	Swab\, Oral	H5N1			NA
SRR24839634	USA: New Hampshire	Melegris gallopavo	A/Backyard bird/New Hampshire/22-007886-001/2022	RT-PCR	VIRAL RNA	swab	H5N1			NA
SRR24839635	USA: North Carolina	Mareca americana	A/American Wigeon/North Carolina/22-001672-001/2022	RT-PCR	VIRAL RNA	Swab Pool\, Cloacal/Oropharyngeal	H5N1			NA
SRR24839636	USA: Florida	Coragyps atratus	A/Black Vulture/Florida/22-007872-001/2022	RT-PCR	VIRAL RNA	Swab Pool\, Cloacal/Oropharyngeal	H5N1			NA
SRR24839637	USA: Florida	Coragyps atratus	A/Black Vulture/Florida/22-007869-001/2022	RT-PCR	VIRAL RNA	Swab Pool\, Cloacal/Oropharyngeal	H5N1			NA
SRR24839638	USA: Nebraska	Anas sp.	A/Backyard bird/Nebraska/22-007805-002/2022	RT-PCR	VIRAL RNA	Swab\, Tracheal	H5N1			NA
SRR24839639	USA: Nebraska	Gallus gallus	A/Backyard bird/Nebraska/22-007805-001/2022	RT-PCR	VIRAL RNA	Swab\, Tracheal	H5N1			Gallus gallus
SRR24839640	USA: Iowa	Anser rossii	A/Ross's Goose/Iowa/22-007766-003/2022	RT-PCR	VIRAL RNA	Swab Pool\, Cloacal/Oropharyngeal	H5N1			NA
SRR24839641	USA: Missouri	Mergus merganser	A/Merganser/Missouri/22-007765-001/2022	RT-PCR	VIRAL RNA	Swab Pool\, Cloacal/Oropharyngeal	H5N1			NA
SRR24839642	USA: Iowa	Anser caerulescens	A/Lesser Snow Goose Blue-morph/Iowa/22-007679-007/2022	RT-PCR	VIRAL RNA	Swab Pool\, Cloacal/Oropharyngeal	H5N1			Anser caerulescens
SRR24839643	USA: Iowa	Anser caerulescens	A/Lesser Snow Goose Blue-morph/Iowa/22-007679-006/2022	RT-PCR	VIRAL RNA	Swab Pool\, Cloacal/Oropharyngeal	H5N1			Anser caerulescens
SRR24839644	USA: Iowa	Anser caerulescens	A/Lesser Snow Goose White-morph/Iowa/22-007679-005/2022	RT-PCR	VIRAL RNA	Swab Pool\, Cloacal/Oropharyngeal	H5N1			Anser caerulescens
SRR24839645	USA: Missouri	Anser caerulescens	A/Snow Goose/Missouri/22-007698-003/2022	RT-PCR	VIRAL RNA	Swab\, Tracheal	H5N1			Anser caerulescens
SRR24839646	USA: Missouri	Haliaeetus leucocephalus	A/Bald Eagle/Missouri/22-007472-001/2022	RT-PCR	VIRAL RNA	Swab Pool\, Cloacal/Oropharyngeal	H5N1			NA
SRR24839647	USA: Ohio	Haliaeetus leucocephalus	A/Bald Eagle/Ohio/22-007469-001/2022	RT-PCR	VIRAL RNA	swab	H5N1			NA
SRR24839648	USA: New Hampshire	Anser caerulescens	A/Snow Goose/New Hampshire/22-007420-001/2022	RT-PCR	VIRAL RNA	Swab Pool\, Cloacal/Oropharyngeal	H5N1			Anser caerulescens
SRR24839649	USA: Michigan	Cygnus atratus	A/Black Swift/Michigan/22-007412-003/2022	RT-PCR	VIRAL RNA	Swab Pool\, Cloacal/Tracheal	H5N1			NA
SRR24839650	USA: Michigan	Cygnus atratus	A/Black Swift/Michigan/22-007412-002/2022	RT-PCR	VIRAL RNA	Swab Pool\, Cloacal/Tracheal	H5N1			NA
SRR24839651	USA: Maine	Gallus gallus	A/Backyard bird/Maine/22-007410-002/2022	RT-PCR	VIRAL RNA	swab	H5N1			Gallus gallus
SRR24839652	USA: Illinois	Numididae sp.	A/Guineafowl/Illinois/22-007382-001/2022	RT-PCR	VIRAL RNA	swab	H5N1			NA
SRR24839653	USA: Ohio	Larus argentatus	A/Herring Gull/Ohio/22-007187-001/2022	RT-PCR	VIRAL RNA	Swab\, Cloacal	H5N1			NA
SRR24839654	USA: Missouri	Lophodytes cucullatus	A/Hooded Merganser/Missouri/22-007184-001/2022	RT-PCR	VIRAL RNA	Swab\, Tracheal	H5N1			NA
SRR24839655	USA: Nebraska	Branta canadensis	A/Canada Goose/Nebraska/22-007179-001/2022	RT-PCR	VIRAL RNA	Swab\, Tracheal	H5N1			NA
SRR24839656	USA: North Carolina	Mareca americana	A/American Wigeon/North Carolina/22-001330-028/2022	RT-PCR	VIRAL RNA	Swab Pool\, Cloacal/Oropharyngeal	H5N1			NA
SRR24839657	USA: Iowa	Gallus gallus	A/Chicken/Iowa/22-007376-012/2022	RT-PCR	VIRAL RNA	Swab\, Oropharyngeal	H5N1			Gallus gallus
SRR24839658	USA: Iowa	Gallus gallus	A/Chicken/Iowa/22-007376-007/2022	RT-PCR	VIRAL RNA	Swab\, Oropharyngeal	H5N1			Gallus gallus
SRR24839659	USA: Iowa	Gallus gallus	A/Chicken/Iowa/22-007376-005/2022	RT-PCR	VIRAL RNA	Swab\, Oropharyngeal	H5N1			Gallus gallus
SRR24839660	USA: Iowa	Gallus gallus	A/Chicken/Iowa/22-007376-003/2022	RT-PCR	VIRAL RNA	Swab\, Oropharyngeal	H5N1			Gallus gallus
SRR24839661	USA: Iowa	Gallus gallus	A/Chicken/Iowa/22-007376-001/2022	RT-PCR	VIRAL RNA	Swab\, Oropharyngeal	H5N1			Gallus gallus
SRR24839662	USA: Florida	Pelecanus occidentalis	A/Brown Pelican/Florida/22-007313-001/2022	RT-PCR	VIRAL RNA	Swab Pool\, Cloacal/Tracheal	H5N1			NA
SRR24839663	USA: Florida	Coragyps atratus	A/Black Vulture/Florida/22-007312-001/2022	RT-PCR	VIRAL RNA	Swab\, Cloacal	H5N1			NA
SRR24839664	USA: Florida	Coragyps atratus	A/Black Vulture/Florida/22-007311-001/2022	RT-PCR	VIRAL RNA	Swab\, Cloacal	H5N1			NA
SRR24839665	USA: Florida	Coragyps atratus	A/Black Vulture/Florida/22-007310-001/2022	RT-PCR	VIRAL RNA	Swab Pool\, Cloacal/Oropharyngeal	H5N1			NA
SRR24839666	USA: Florida	Coragyps atratus	A/Black Vulture/Florida/22-007307-002/2022	RT-PCR	VIRAL RNA	Swab\, Cloacal	H5N1			NA
SRR24839667	USA: North Carolina	Mareca americana	A/American Wigeon/North Carolina/22-001330-027/2022	RT-PCR	VIRAL RNA	Swab Pool\, Cloacal/Oropharyngeal	H5N1			NA
SRR24839668	USA: North Carolina	Mareca americana	A/American Wigeon/North Carolina/22-001329-001/2022	RT-PCR	VIRAL RNA	oropharyngeal/cloacal swab pool from individual bird	H5N1			NA
SRR24839669	USA: Maryland	Gallus gallus	A/Chicken/Maryland/22-007273-005/2022	RT-PCR	VIRAL RNA	Swab\, Tracheal	H5N1			Gallus gallus
SRR24839670	USA: Maryland	Gallus gallus	A/Chicken/Maryland/22-007273-004/2022	RT-PCR	VIRAL RNA	Swab\, Tracheal	H5N1			Gallus gallus
SRR24839671	USA: Maryland	Gallus gallus	A/Chicken/Maryland/22-007273-003/2022	RT-PCR	VIRAL RNA	Swab\, Tracheal	H5N1			Gallus gallus
SRR24839672	USA: Maryland	Gallus gallus	A/Chicken/Maryland/22-007273-002/2022	RT-PCR	VIRAL RNA	Swab\, Tracheal	H5N1			Gallus gallus
SRR24839673	USA: Maryland	Gallus gallus	A/Chicken/Maryland/22-007273-001/2022	RT-PCR	VIRAL RNA	Swab\, Tracheal	H5N1			Gallus gallus
SRR24839674	USA: Iowa	Anas platyrhynchos	A/Mallard/Iowa/22-007265-001/2022	RT-PCR	VIRAL RNA	Swab\, Cloacal	H5N1			NA
SRR24839675	USA: Nebraska	Anser rossii	A/Ross's Goose/Nebraska/22-006793-001/2022	RT-PCR	VIRAL RNA	Swab\, Tracheal	H5N1			NA
SRR24839676	USA: South Dakota	Meleagris gallopavo	A/Turkey/South Dakota/22-006792-002/2022	RT-PCR	VIRAL RNA	Swab\, Tracheal	H5N1			Meleagris gallopavo
SRR24839677	USA: South Dakota	Meleagris gallopavo	A/Turkey/South Dakota/22-006792-001/2022	RT-PCR	VIRAL RNA	Swab\, Tracheal	H5N1			Meleagris gallopavo
SRR24839678	USA: Wisconsin	Bubo scandiacus	A/Snowy Owl/Wisconsin/22-010236-001/2022	RT-PCR	VIRAL RNA	Swab\, Tracheal	H5N1			NA
SRR24839679	USA: North Dakota	Haliaeetus leucocephalus	A/Bald Eagle/North Dakota/22-010234-001/2022	RT-PCR	VIRAL RNA	Swab\, Tracheal	H5N1			NA
SRR24839680	USA: North Dakota	Haliaeetus leucocephalus	A/Bald Eagle/North Dakota/22-010233-002/2022	RT-PCR	VIRAL RNA	Swab\, Tracheal	H5N1			NA
SRR24839681	USA: North Dakota	Bubo virginianus	A/Great Horned Owl/North Dakota/22-010233-001/2022	RT-PCR	VIRAL RNA	Swab\, Tracheal	H5N1			NA
SRR24839682	USA: Minnesota	Branta canadensis	A/Canada Goose/Minnesota/22-010232-001/2022	RT-PCR	VIRAL RNA	Swab\, Tracheal	H5N1			NA
SRR24839683	USA: Maine	Haliaeetus leucocephalus	A/Bald Eagle/Maine/22-010231-001/2022	RT-PCR	VIRAL RNA	Swab\, Tracheal	H5N1			NA
SRR24839684	USA: Minnesota	Mergus merganser	A/Merganser/Minnesota/22-010206-001/2022	RT-PCR	VIRAL RNA	Swab Pool\, Cloacal/Tracheal	H5N1			NA
SRR24839685	USA: New York	Numididae sp.	A/Backyard bird/New York/22-010200-003/2022	RT-PCR	VIRAL RNA	Swab\, Oropharyngeal	H5N1			NA
SRR24839686	USA: North Carolina	Anas crecca	A/Green-winged Teal/North Carolina/22-003830-009/2022	RT-PCR	VIRAL RNA	Swab Pool\, Cloacal/Oropharyngeal	H5N1			NA
SRR24839687	USA: Iowa	Meleagris gallopavo	A/Turkey/Iowa/22-010132-002/2022	RT-PCR	VIRAL RNA	Swab\, Tracheal	H5N1			Meleagris gallopavo
SRR24839688	USA: Maine	Numididae sp.	A/Backyard bird/Maine/22-010181-001/2022	RT-PCR	VIRAL RNA	swab	H5N1			NA
SRR24839689	USA: Wyoming	Anser sp.	A/Goose/Wyoming/22-010159-001/2022	RT-PCR	VIRAL RNA	Swab Pool\, Cloacal/Tracheal	H5N1			NA
SRR24839690	USA: Wyoming	Bubo virginianus	A/Great Horned Owl/Wyoming/22-010158-002/2022	RT-PCR	VIRAL RNA	Swab\, Oral	H5N1			NA
SRR24839691	USA: Wisconsin	Gallus gallus	A/Backyard bird/Wisconsin/22-010325-001/2022	RT-PCR	VIRAL RNA	Tissue Homogenate	H5N1			Gallus gallus
SRR24839692	USA: Wyoming	Bubo virginianus	A/Great Horned Owl/Wyoming/22-010158-001/2022	RT-PCR	VIRAL RNA	Swab\, Oral	H5N1			NA
SRR24839693	USA: Wyoming	Gallus gallus	A/Backyard bird/Wyoming/22-010157-001/2022	RT-PCR	VIRAL RNA	Swab\, Oropharyngeal	H5N1			Gallus gallus
SRR24839694	USA: Iowa	Meleagris gallopavo	A/Turkey/Iowa/22-010132-001/2022	RT-PCR	VIRAL RNA	Swab\, Tracheal	H5N1			Meleagris gallopavo
SRR24839695	USA: Nebraska	Gallus gallus	A/Backyard bird/Nebraska/22-010155-001/2022	RT-PCR	VIRAL RNA	Swab\, Oropharyngeal	H5N1			Gallus gallus
SRR24839696	USA: Minnesota	Anser caerulescens	A/Snow Goose/Minnesota/22-010305-001/2022	RT-PCR	VIRAL RNA	Swab\, Tracheal	H5N1			Anser caerulescens
SRR24839697	USA: North Carolina	Meleagris gallopavo	A/Turkey/North Carolina/22-010146-002/2022	RT-PCR	VIRAL RNA	swab	H5N1			Meleagris gallopavo
SRR24839698	USA: North Carolina	Anas crecca	A/Green-winged Teal/North Carolina/22-003830-004/2022	RT-PCR	VIRAL RNA	Swab Pool\, Cloacal/Oropharyngeal	H5N1			NA
SRR24839699	USA: North Carolina	Meleagris gallopavo	A/Turkey/North Carolina/22-010146-001/2022	RT-PCR	VIRAL RNA	swab	H5N1			Meleagris gallopavo
SRR24839700	USA: North Carolina	Meleagris gallopavo	A/Turkey/North Carolina/22-010144-001/2022	RT-PCR	VIRAL RNA	swab	H5N1			Meleagris gallopavo
SRR24839701	USA: Missouri	Meleagris gallopavo	A/Turkey/Missouri/22-010142-001/2022	RT-PCR	VIRAL RNA	swab	H5N1			Meleagris gallopavo
SRR24839702	USA: North Dakota	Gallus gallus	A/Backyard bird/North Dakota/22-010141-001/2022	RT-PCR	VIRAL RNA	Swab\, Oropharyngeal	H5N1			Gallus gallus
SRR24839703	USA: South Dakota	Meleagris gallopavo	A/Turkey/South Dakota/22-010139-002/2022	RT-PCR	VIRAL RNA	swab	H5N1			Meleagris gallopavo
SRR24839704	USA: South Dakota	Meleagris gallopavo	A/Turkey/South Dakota/22-010139-001/2022	RT-PCR	VIRAL RNA	swab	H5N1			Meleagris gallopavo
SRR24839705	USA: South Dakota	Meleagris gallopavo	A/Turkey/South Dakota/22-010138-002/2022	RT-PCR	VIRAL RNA	swab	H5N1			Meleagris gallopavo
SRR24839706	USA: South Dakota	Meleagris gallopavo	A/Turkey/South Dakota/22-010138-001/2022	RT-PCR	VIRAL RNA	swab	H5N1			Meleagris gallopavo
SRR24839707	USA: South Dakota	Meleagris gallopavo	A/Turkey/South Dakota/22-010137-002/2022	RT-PCR	VIRAL RNA	swab	H5N1			Meleagris gallopavo
SRR24839708	USA: North Carolina	Anas crecca	A/Green-winged Teal/North Carolina/22-003830-003/2022	RT-PCR	VIRAL RNA	Swab Pool\, Cloacal/Oropharyngeal	H5N1			NA
SRR24839709	USA: South Dakota	Meleagris gallopavo	A/Turkey/South Dakota/22-010137-001/2022	RT-PCR	VIRAL RNA	swab	H5N1			Meleagris gallopavo
SRR24839710	USA: North Carolina	Mareca americana	A/American Wigeon/North Carolina/22-001330-017/2022	RT-PCR	VIRAL RNA	Swab Pool\, Cloacal/Oropharyngeal	H5N1			NA
SRR24839711	USA: Tennessee	Aix sponsa	A/Wood Duck/Tennessee/22-005907-002/2022	RT-PCR	VIRAL RNA	Swab Pool\, Cloacal/Oropharyngeal	H5N1			NA
SRR24839712	USA: Massachusetts	Branta canadensis	A/Canada Goose/Massachusetts/22-005893-002/2022	RT-PCR	VIRAL RNA	Swab\, Tracheal	H5N1			NA
SRR24839713	USA: Connecticut	Anas rubripes	A/American Black Duck/Connecticut/22-005313-008/2022	RT-PCR	VIRAL RNA	Swab Pool\, Cloacal/Oropharyngeal	H5N1			NA
SRR24839714	USA: Indiana	Meleagris gallopavo	A/Turkey/Indiana/22-005328-001/2022	RT-PCR	VIRAL RNA	Swab\, Oropharyngeal	H5N1			Meleagris gallopavo
SRR24839715	USA: Michigan	Melegris gallopavo	A/Backyard bird/Michigan/22-005440-001/2022	RT-PCR	VIRAL RNA	Swab\, Oropharyngeal	H5N1			NA
SRR24839716	USA: Michigan	Gallus gallus	A/Backyard bird/Michigan/22-005440-002/2022	RT-PCR	VIRAL RNA	Swab\, Oropharyngeal	H5N1			Gallus gallus
SRR24839717	USA: Maine	Gallus gallus	A/Backyard bird/Maine/22-005443-001/2022	RT-PCR	VIRAL RNA	Swab\, Oropharyngeal	H5N1			Gallus gallus
SRR24839718	USA: Florida	Haliaeetus leucocephalus	A/Bald Eagle/Florida/22-005524-002/2022	RT-PCR	VIRAL RNA	Swab\, Oral	H5N1			NA
SRR24839719	USA: Florida	Thalasseus maximus	A/Royal Tern/Florida/22-005590-001/2022	RT-PCR	VIRAL RNA	Swab Pool\, Cloacal/Tracheal	H5N1			NA
SRR24839720	USA: Florida	Thalasseus maximus	A/Royal Tern/Florida/22-005590-002/2022	RT-PCR	VIRAL RNA	Swab\, Cloacal	H5N1			NA
SRR24839721	USA: Florida	Aythya affinis	A/Lesser Scaup/Florida/22-005590-003/2022	RT-PCR	VIRAL RNA	Swab Pool\, Cloacal/Tracheal	H5N1			NA
SRR24839722	USA: North Carolina	Spatula clypeata	A/Northern Shoveler/North Carolina/22-001330-016/2022	RT-PCR	VIRAL RNA	oropharyngeal/cloacal swab pool from individual bird	H5N1			NA
SRR24839723	USA: New York	Calidris alba	A/Sanderling/New York/22-005646-001/2022	RT-PCR	VIRAL RNA	Swab\, Oropharyngeal	H5N1			NA
SRR24839724	USA: New York	Phasianidae sp.	A/Backyard bird/New York/22-005647-001/2022	RT-PCR	VIRAL RNA	Swab\, Oropharyngeal	H5N1			NA
SRR24839725	USA: New York	Phasianidae sp.	A/Backyard bird/New York/22-005647-002/2022	RT-PCR	VIRAL RNA	Swab\, Oropharyngeal	H5N1			NA
SRR24839726	USA: Indiana	Meleagris gallopavo	A/Turkey/Indiana/22-005696-001/2022	RT-PCR	VIRAL RNA	Swab\, Oropharyngeal	H5N1			Meleagris gallopavo
SRR24839727	USA: Indiana	Meleagris gallopavo	A/Turkey/Indiana/22-005696-002/2022	RT-PCR	VIRAL RNA	Swab\, Oropharyngeal	H5N1			Meleagris gallopavo
SRR24839728	USA: Indiana	Meleagris gallopavo	A/Turkey/Indiana/22-005696-003/2022	RT-PCR	VIRAL RNA	Swab\, Oropharyngeal	H5N1			Meleagris gallopavo
SRR24839729	USA: Florida	Aythya affinis	A/Lesser Scaup/Florida/22-005890-001/2022	RT-PCR	VIRAL RNA	Swab\, Tracheal	H5N1			NA
SRR24839730	USA: Florida	Coragyps atratus	A/Black Vulture/Florida/22-004761-001/2022	RT-PCR	VIRAL RNA	Swab\, Cloacal	H5N1			NA
SRR24839731	USA: Delaware	Branta canadensis	A/Canada Goose/Delaware/22-004745-001/2022	RT-PCR	VIRAL RNA	Swab\, Tracheal	H5N1			NA
SRR24839732	USA: Indiana	Meleagris gallopavo	A/Turkey/Indiana/22-004688-006/2022	RT-PCR	VIRAL RNA	Swab\, Tracheal	H5N1			Meleagris gallopavo
SRR24839733	USA: Indiana	Meleagris gallopavo	A/Turkey/Indiana/22-004688-003/2022	RT-PCR	VIRAL RNA	Swab\, Tracheal	H5N1			Meleagris gallopavo
SRR24839734	USA: North Carolina	Mareca americana	A/American Wigeon/North Carolina/22-001330-011/2022	RT-PCR	VIRAL RNA	Swab Pool\, Cloacal/Oropharyngeal	H5N1			NA
SRR24839735	USA: Florida	Aythya affinis	A/Lesser Scaup/Florida/22-005079-001/2022	RT-PCR	VIRAL RNA	Swab Pool\, Cloacal/Tracheal	H5N1			NA
SRR24839736	USA: Connecticut	Anas rubripes	A/American Black Duck/Connecticut/22-005000-001/2022	RT-PCR	VIRAL RNA	Swab Pool\, Cloacal/Oropharyngeal	H5N1			NA
SRR24839737	USA: Florida	Coragyps atratus	A/Black Vulture/Florida/22-004958-001/2022	RT-PCR	VIRAL RNA	Swab Pool\, Cloacal/Oropharyngeal	H5N1			NA
SRR24839738	USA: Alabama	Mareca americana	A/American Wigeon/Alabama/22-004941-003/2022	RT-PCR	VIRAL RNA	Swab Pool\, Cloacal/Oropharyngeal	H5N1			NA
SRR24839739	USA: Kentucky	Anser caerulescens	A/Snow Goose/Kentucky/22-004809-002/2022	RT-PCR	VIRAL RNA	Swab Pool\, Cloacal/Oropharyngeal	H5N1			Anser caerulescens
SRR24839740	USA: Kentucky	Anser caerulescens	A/Snow Goose/Kentucky/22-004809-001/2022	RT-PCR	VIRAL RNA	Swab Pool\, Cloacal/Oropharyngeal	H5N1			Anser caerulescens
SRR24839741	USA: Connecticut	Anas platyrhynchos	A/Mallard/Connecticut/22-003935-014/2022	RT-PCR	VIRAL RNA	Swab Pool\, Cloacal/Oropharyngeal	H5N1			NA
SRR24839742	USA: Connecticut	Anas platyrhynchos	A/Mallard/Connecticut/22-003935-013/2022	RT-PCR	VIRAL RNA	Swab Pool\, Cloacal/Oropharyngeal	H5N1			NA
SRR24839743	USA: Connecticut	Anas platyrhynchos	A/Mallard/Connecticut/22-003935-001/2022	RT-PCR	VIRAL RNA	Swab Pool\, Cloacal/Oropharyngeal	H5N1			NA
SRR24839744	USA: North Carolina	Meleagris gallopavo	A/Turkey/North Carolina/22-010448-003/2022	RT-PCR	VIRAL RNA	swab	H5N1			Meleagris gallopavo
SRR24839745	USA: Indiana	Meleagris gallopavo	A/Turkey/Indiana/22-004688-002/2022	RT-PCR	VIRAL RNA	Swab\, Tracheal	H5N1			Meleagris gallopavo
SRR24839746	USA: Florida	Aythya affinis	A/Lesser Scaup/Florida/22-004623-002/2022	RT-PCR	VIRAL RNA	Swab\, Tracheal	H5N1			NA
SRR24839747	USA: Delaware	Buteo lineatus	A/Red-shouldered Hawk/Delaware/22-004621-001/2022	RT-PCR	VIRAL RNA	Swab Pool\, Cloacal/Oropharyngeal	H5N1			NA
SRR24839748	USA: Kentucky	Meleagris gallopavo	A/Turkey/Kentucky/22-004546-001/2022	RT-PCR	VIRAL RNA	swab	H5N1			Meleagris gallopavo
SRR24839749	USA: Kentucky	Gallus gallus	A/Chicken/Kentucky/22-004416-003/2022	RT-PCR	VIRAL RNA	swab	H5N1			Gallus gallus
SRR24839750	USA: Kentucky	Gallus gallus	A/Chicken/Kentucky/22-004416-002/2022	RT-PCR	VIRAL RNA	swab	H5N1			Gallus gallus
SRR24839751	USA: Kentucky	Gallus gallus	A/Chicken/Kentucky/22-004416-001/2022	RT-PCR	VIRAL RNA	swab	H5N1			Gallus gallus
SRR24839752	USA: Virginia	Gallus gallus	A/Backyard bird/Virginia/22-004415-001/2022	RT-PCR	VIRAL RNA	Swab\, Tracheal	H5N1			Gallus gallus
SRR24839753	USA: North Carolina	Anas crecca	A/Green-winged Teal/North Carolina/22-004372-001/2022	RT-PCR	VIRAL RNA	Swab Pool\, Cloacal/Oropharyngeal	H5N1			NA
SRR24839754	USA: North Carolina	Anas platyrhynchos	A/Mallard/North Carolina/22-004008-011/2022	RT-PCR	VIRAL RNA	Swab Pool\, Cloacal/Oropharyngeal	H5N1			NA
SRR24839755	USA: North Carolina	Mareca strepera	A/Gadwall/North Carolina/22-001330-010/2022	RT-PCR	VIRAL RNA	oropharyngeal/cloacal swab pool from individual bird	H5N1			NA
SRR24839756	USA: North Carolina	Anas platyrhynchos	A/Mallard/North Carolina/22-004008-010/2022	RT-PCR	VIRAL RNA	Swab Pool\, Cloacal/Oropharyngeal	H5N1			NA
SRR24839757	USA: North Carolina	Anas platyrhynchos	A/Mallard/North Carolina/22-004008-002/2022	RT-PCR	VIRAL RNA	Swab Pool\, Cloacal/Oropharyngeal	H5N1			NA
SRR24839758	USA: North Carolina	Anas crecca	A/Green-winged Teal/North Carolina/22-004007-005/2022	RT-PCR	VIRAL RNA	Swab Pool\, Cloacal/Oropharyngeal	H5N1			NA
SRR24839759	USA: Connecticut	Anas platyrhynchos	A/Mallard/Connecticut/22-003935-024/2022	RT-PCR	VIRAL RNA	Swab Pool\, Cloacal/Oropharyngeal	H5N1			NA
SRR24839760	USA: Connecticut	Anas platyrhynchos	A/Mallard/Connecticut/22-003935-022/2022	RT-PCR	VIRAL RNA	Swab Pool\, Cloacal/Oropharyngeal	H5N1			NA
SRR24839761	USA: Minnesota	Branta canadensis	A/Canada Goose/Minnesota/22-010355-002/2022	RT-PCR	VIRAL RNA	Swab Pool\, Cloacal/Tracheal	H5N1			NA
SRR24839762	USA: Minnesota	Bubo virginianus	A/Great Horned Owl/Minnesota/22-010354-001/2022	RT-PCR	VIRAL RNA	Swab Pool\, Cloacal/Oropharyngeal	H5N1			NA
SRR24839763	USA: North Dakota	Branta canadensis	A/Canada Goose/North Dakota/22-010036-004/2022	RT-PCR	VIRAL RNA	Swab Pool\, Cloacal/Oropharyngeal	H5N1			NA
SRR24839764	USA: North Dakota	Anser rossii	A/Ross's Goose/North Dakota/22-010036-003/2022	RT-PCR	VIRAL RNA	Swab Pool\, Cloacal/Oropharyngeal	H5N1			NA
SRR24839765	USA: North Dakota	Anser rossii	A/Ross's Goose/North Dakota/22-010036-002/2022	RT-PCR	VIRAL RNA	Swab Pool\, Cloacal/Oropharyngeal	H5N1			NA
SRR24839766	USA: North Dakota	Anser caerulescens	A/Snow Goose/North Dakota/22-010036-001/2022	RT-PCR	VIRAL RNA	Swab Pool\, Cloacal/Oropharyngeal	H5N1			Anser caerulescens
SRR24842819	USA: Indiana	Haliaeetus leucocephalus	A/Bald Eagle/Indiana/22-010922-001/2022	RT-PCR	VIRAL RNA	Swab\, Cloacal	H5N1			NA
SRR24842820	USA: New Hampshire	Branta canadensis	A/Canada Goose/New Hampshire/22-010920-002/2022	RT-PCR	VIRAL RNA	Swab Pool\, Cloacal/Tracheal	H5N1			NA
SRR24842821	USA: South Dakota	Meleagris gallopavo	A/Turkey/South Dakota/22-010765-001/2022	RT-PCR	VIRAL RNA	swab	H5N1			Meleagris gallopavo
SRR24842822	USA: Kansas	Anser caerulescens	A/Snow Goose/Kansas/22-010505-001/2022	RT-PCR	VIRAL RNA	Swab Pool\, Cloacal/Oropharyngeal	H5N1			Anser caerulescens
SRR24842823	USA: Michigan	Anas sp.	A/Backyard bird/Michigan/22-010845-003/2022	RT-PCR	VIRAL RNA	Swab\, Cloacal	H5N1			NA
SRR24842824	USA: Minnesota	Anser sp.	A/Backyard bird/Minnesota/22-013222-004/2022	RT-PCR	VIRAL RNA	Swab\, Cloacal	H5N1			NA
SRR24842825	USA: Michigan	Anser sp.	A/Backyard bird/Michigan/22-010845-001/2022	RT-PCR	VIRAL RNA	Swab\, Cloacal	H5N1			NA
SRR24842826	USA: New York	Bubo virginianus	A/Great Horned Owl/New York/22-010806-001/2022	RT-PCR	VIRAL RNA	Swab\, Oropharyngeal	H5N1			NA
SRR24842827	USA: New York	Bubo virginianus	A/Great Horned Owl/New York/22-010804-002/2022	RT-PCR	VIRAL RNA	Swab\, Oropharyngeal	H5N1			NA
SRR24842828	USA: Florida	Thalasseus maximus	A/Royal Tern/Florida/22-010506-001/2022	RT-PCR	VIRAL RNA	Swab Pool\, Cloacal/Oropharyngeal	H5N1			NA
SRR24842829	USA: New York	Haliaeetus leucocephalus	A/Bald Eagle/New York/22-010803-001/2022	RT-PCR	VIRAL RNA	Swab\, Cloacal	H5N1			NA
SRR24842830	USA: Minnesota	Meleagris gallopavo	A/Turkey/Minnesota/22-010773-003/2022	RT-PCR	VIRAL RNA	swab	H5N1			Meleagris gallopavo
SRR24842831	USA: Minnesota	Meleagris gallopavo	A/Turkey/Minnesota/22-010773-002/2022	RT-PCR	VIRAL RNA	swab	H5N1			Meleagris gallopavo
SRR24842832	USA: Minnesota	Meleagris gallopavo	A/Turkey/Minnesota/22-010773-001/2022	RT-PCR	VIRAL RNA	swab	H5N1			Meleagris gallopavo
SRR24842833	USA: Minnesota	Meleagris gallopavo	A/Turkey/Minnesota/22-010772-004/2022	RT-PCR	VIRAL RNA	swab	H5N1			Meleagris gallopavo
SRR24842834	USA: Minnesota	Meleagris gallopavo	A/Turkey/Minnesota/22-010771-005/2022	RT-PCR	VIRAL RNA	swab	H5N1			Meleagris gallopavo
SRR24842835	USA: Minnesota	Meleagris gallopavo	A/Turkey/Minnesota/22-010771-001/2022	RT-PCR	VIRAL RNA	swab	H5N1			Meleagris gallopavo
SRR24842836	USA: South Dakota	Meleagris gallopavo	A/Turkey/South Dakota/22-010770-002/2022	RT-PCR	VIRAL RNA	swab	H5N1			Meleagris gallopavo
SRR24842837	USA: South Dakota	Meleagris gallopavo	A/Turkey/South Dakota/22-010765-002/2022	RT-PCR	VIRAL RNA	swab	H5N1			Meleagris gallopavo
SRR24842838	USA: Alaska	Anser sp.	A/Goose/Alaska/22-013831-003/2022	RT-PCR	VIRAL RNA	Swab Pool\, Cloacal/Oropharyngeal	H5N1			NA
SRR24842839	USA: Alaska	Anser sp.	A/Goose/Alaska/22-013831-002/2022	RT-PCR	VIRAL RNA	Swab Pool\, Cloacal/Oropharyngeal	H5N1			NA
SRR24842840	USA: Alaska	Haliaeetus leucocephalus	A/Bald Eagle/Alaska/22-013831-001/2022	RT-PCR	VIRAL RNA	Swab Pool\, Cloacal/Oropharyngeal	H5N1			NA
SRR24842841	USA: Michigan	Gallus gallus	A/Chicken/Michigan/22-013224-001/2022	RT-PCR	VIRAL RNA	Swab\, Oropharyngeal	H5N1			Gallus gallus
SRR24842842	USA: Minnesota	Gallus gallus	A/Backyard bird/Minnesota/22-013223-003/2022	RT-PCR	VIRAL RNA	Swab\, Oropharyngeal	H5N1			Gallus gallus
SRR24842843	USA: Minnesota	Gallus gallus	A/Backyard bird/Minnesota/22-013223-001/2022	RT-PCR	VIRAL RNA	Swab\, Oropharyngeal	H5N1			Gallus gallus
SRR24842844	USA: North Dakota	Buteo jamaicensis	A/Red-tailed Hawk/North Dakota/22-013147-001/2022	RT-PCR	VIRAL RNA	Swab Pool\, Cloacal/Oropharyngeal	H5N1			NA
SRR24842845	USA: Minnesota	Haliaeetus leucocephalus	A/Bald Eagle/Minnesota/22-010713-004/2022	RT-PCR	VIRAL RNA	Swab Pool\, Cloacal/Oropharyngeal	H5N1			NA
SRR24842846	USA: North Dakota	Buteo jamaicensis	A/Red-tailed Hawk/North Dakota/22-013146-001/2022	RT-PCR	VIRAL RNA	Swab Pool\, Cloacal/Oropharyngeal	H5N1			NA
SRR24842847	USA: Minnesota	Anas sp.	A/Backyard bird/Minnesota/22-013222-002/2022	RT-PCR	VIRAL RNA	Swab\, Cloacal	H5N1			NA
SRR24842848	USA: Minnesota	Gallus gallus	A/Backyard bird/Minnesota/22-013222-001/2022	RT-PCR	VIRAL RNA	Swab\, Oropharyngeal	H5N1			Gallus gallus
SRR24842849	USA: Minnesota	Anas sp.	A/Backyard bird/Minnesota/22-013221-004/2022	RT-PCR	VIRAL RNA	Swab\, Cloacal	H5N1			NA
SRR24842850	USA: Minnesota	Anas sp.	A/Backyard bird/Minnesota/22-013221-003/2022	RT-PCR	VIRAL RNA	Swab\, Cloacal	H5N1			NA
SRR24842851	USA: Wisconsin	Haliaeetus leucocephalus	A/Bald Eagle/Wisconsin/22-012897-001/2022	RT-PCR	VIRAL RNA	Swab\, Cloacal	H5N1			NA
SRR24842852	USA: Michigan	Anas sp.	A/Chicken/Michigan/22-012855-005/2022	RT-PCR	VIRAL RNA	Swab\, Cloacal	H5N1			NA
SRR24842853	USA: Michigan	Anser sp.	A/Chicken/Michigan/22-012855-004/2022	RT-PCR	VIRAL RNA	Swab\, Cloacal	H5N1			NA
SRR24842854	USA: Michigan	Melegris gallopavo	A/Chicken/Michigan/22-012855-003/2022	RT-PCR	VIRAL RNA	Swab\, Oropharyngeal	H5N1			NA
SRR24842855	USA: Michigan	Numididae sp.	A/Chicken/Michigan/22-012855-002/2022	RT-PCR	VIRAL RNA	Swab\, Oropharyngeal	H5N1			NA
SRR24842856	USA: Michigan	Gallus gallus	A/Chicken/Michigan/22-012855-001/2022	RT-PCR	VIRAL RNA	Swab\, Oropharyngeal	H5N1			Gallus gallus
SRR24842857	USA: Michigan	Bubo scandiacus	A/Snowy Owl/Michigan/22-012854-006/2022	RT-PCR	VIRAL RNA	Swab Pool\, Cloacal/Tracheal	H5N1			NA
SRR24842858	USA: Michigan	Haliaeetus leucocephalus	A/Bald Eagle/Michigan/22-012854-003/2022	RT-PCR	VIRAL RNA	Swab Pool\, Cloacal/Tracheal	H5N1			NA
SRR24842859	USA: Minnesota	Haliaeetus leucocephalus	A/Bald Eagle/Minnesota/22-012671-001/2022	RT-PCR	VIRAL RNA	Swab\, Cloacal	H5N1			NA
SRR24842860	USA: Minnesota	Aix sponsa	A/Wood Duck/Minnesota/22-012670-002/2022	RT-PCR	VIRAL RNA	Swab\, Cloacal	H5N1			NA
SRR24842861	USA: Florida	Cairina moschata	A/Muscovy Duck/Florida/22-010679-003/2022	RT-PCR	VIRAL RNA	Swab Pool\, Cloacal/Tracheal	H5N1			NA
SRR24842862	USA: Minnesota	Aix sponsa	A/Wood Duck/Minnesota/22-012670-001/2022	RT-PCR	VIRAL RNA	Swab\, Cloacal	H5N1			NA
SRR24842863	USA: Michigan	Buteo jamaicensis	A/Red-tailed Hawk/Michigan/22-012854-001/2022	RT-PCR	VIRAL RNA	Swab Pool\, Cloacal/Tracheal	H5N1			NA
SRR24842864	USA: Florida	Cairina moschata	A/Muscovy Duck/Florida/22-012787-001/2022	RT-PCR	VIRAL RNA	Swab Pool\, Cloacal/Oropharyngeal	H5N1			NA
SRR24842865	USA: Minnesota	Corvus brachyrhynchos	A/American Crow/Minnesota/22-012775-001/2022	RT-PCR	VIRAL RNA	Swab Pool\, Cloacal/Oropharyngeal	H5N1			NA
SRR24842866	USA: Minnesota	Aix sponsa	A/Wood Duck/Minnesota/22-012773-003/2022	RT-PCR	VIRAL RNA	Swab Pool\, Cloacal/Oropharyngeal	H5N1			NA
SRR24842867	USA: Illinois	Anas platyrhynchos	A/Mallard/Illinois/22-012772-001/2022	RT-PCR	VIRAL RNA	Swab Pool\, Cloacal/Oropharyngeal	H5N1			NA
SRR24842868	USA: Wisconsin	Larus argentatus	A/Herring Gull/Wisconsin/22-012771-004/2022	RT-PCR	VIRAL RNA	Swab Pool\, Cloacal/Oropharyngeal	H5N1			NA
SRR24842869	USA: Wisconsin	Larus argentatus	A/Herring Gull/Wisconsin/22-012771-003/2022	RT-PCR	VIRAL RNA	Swab Pool\, Cloacal/Oropharyngeal	H5N1			NA
SRR24842870	USA: Wisconsin	Larus argentatus	A/Herring Gull/Wisconsin/22-012771-002/2022	RT-PCR	VIRAL RNA	Swab Pool\, Cloacal/Oropharyngeal	H5N1			NA
SRR24842871	USA: Wisconsin	Larus argentatus	A/Herring Gull/Wisconsin/22-012771-001/2022	RT-PCR	VIRAL RNA	Swab Pool\, Cloacal/Oropharyngeal	H5N1			NA
SRR24842872	USA: Florida	Coragyps atratus	A/Black Vulture/Florida/22-010681-001/2022	RT-PCR	VIRAL RNA	Swab Pool\, Cloacal/Oropharyngeal	H5N1			NA
SRR24842873	USA: North Dakota	Anser caerulescens	A/Snow Goose/North Dakota/22-012770-002/2022	RT-PCR	VIRAL RNA	Swab Pool\, Cloacal/Oropharyngeal	H5N1			Anser caerulescens
SRR24842874	USA: Colorado	Buteo jamaicensis	A/Red-tailed Hawk/Colorado/22-012769-001/2022	RT-PCR	VIRAL RNA	Swab\, Oral	H5N1			NA
SRR24842875	USA: Minnesota	Bubo virginianus	A/Great Horned Owl/Minnesota/22-012760-003/2022	RT-PCR	VIRAL RNA	Swab\, Cloacal	H5N1			NA
SRR24842876	USA: Minnesota	Aix sponsa	A/Wood Duck/Minnesota/22-012759-003/2022	RT-PCR	VIRAL RNA	Swab\, Cloacal	H5N1			NA
SRR24842877	USA: Minnesota	Aix sponsa	A/Wood Duck/Minnesota/22-012759-002/2022	RT-PCR	VIRAL RNA	Swab\, Cloacal	H5N1			NA
SRR24842878	USA: Nebraska	Gallus gallus	A/Chicken/Nebraska/22-012756-001/2022	RT-PCR	VIRAL RNA	Swab\, Oropharyngeal	H5N1			Gallus gallus
SRR24842879	USA: Pennsylvania	Gallus gallus	A/Chicken/Pennsylvania/22-012742-001/2022	RT-PCR	VIRAL RNA	Swab\, Tracheal	H5N1			Gallus gallus
SRR24842880	USA: Kansas	Gallus gallus	A/Backyard bird/Kansas/22-012741-003/2022	RT-PCR	VIRAL RNA	Swab\, Oropharyngeal	H5N1			Gallus gallus
SRR24842881	USA: New York	Haliaeetus leucocephalus	A/Bald Eagle/New York/22-012661-001/2022	RT-PCR	VIRAL RNA	Swab Pool\, Cloacal/Oropharyngeal	H5N1			NA
SRR24842882	USA: New York	Haliaeetus leucocephalus	A/Bald Eagle/New York/22-012660-001/2022	RT-PCR	VIRAL RNA	Swab\, Cloacal	H5N1			NA
SRR24842883	USA: Vermont	Branta canadensis	A/Canada Goose/Vermont/22-012250-001/2022	RT-PCR	VIRAL RNA	Swab Pool\, Cloacal/Oropharyngeal	H5N1			NA
SRR24842884	USA: Pennsylvania	Gallus gallus	A/Chicken/Pennsylvania/22-012248-001/2022	RT-PCR	VIRAL RNA	swab	H5N1			Gallus gallus
SRR24842885	USA: Minnesota	Meleagris gallopavo	A/Turkey/Minnesota/22-012126-003/2022	RT-PCR	VIRAL RNA	swab	H5N1			Meleagris gallopavo
SRR24842886	USA: North Dakota	Anser rossii	A/Ross's Goose/North Dakota/22-010663-024/2022	RT-PCR	VIRAL RNA	Swab Pool\, Cloacal/Oropharyngeal	H5N1			NA
SRR24842887	USA: Minnesota	Meleagris gallopavo	A/Turkey/Minnesota/22-012126-002/2022	RT-PCR	VIRAL RNA	swab	H5N1			Meleagris gallopavo
SRR24842888	USA: Minnesota	Meleagris gallopavo	A/Turkey/Minnesota/22-012125-003/2022	RT-PCR	VIRAL RNA	swab	H5N1			Meleagris gallopavo
SRR24842889	USA: Minnesota	Meleagris gallopavo	A/Turkey/Minnesota/22-012125-001/2022	RT-PCR	VIRAL RNA	swab	H5N1			Meleagris gallopavo
SRR24842890	USA: Minnesota	Meleagris gallopavo	A/Turkey/Minnesota/22-012123-001/2022	RT-PCR	VIRAL RNA	swab	H5N1			Meleagris gallopavo
SRR24842891	USA: Nebraska	Falco peregrinus	A/Peregrine Falcon/Nebraska/22-012111-001/2022	RT-PCR	VIRAL RNA	Swab\, Cloacal	H5N1			NA
SRR24842892	USA: North Dakota	Gallus gallus	A/Backyard bird/North Dakota/22-012100-001/2022	RT-PCR	VIRAL RNA	swab	H5N1			Gallus gallus
SRR24842893	USA: Idaho	Gallus gallus	A/Backyard bird/Idaho/22-012045-002/2022	RT-PCR	VIRAL RNA	Swab\, Oropharyngeal	H5N1			Gallus gallus
SRR24842894	USA: Idaho	Gallus gallus	A/Backyard bird/Idaho/22-012045-001/2022	RT-PCR	VIRAL RNA	Swab\, Oropharyngeal	H5N1			Gallus gallus
SRR24842895	USA: Iowa	Falco peregrinus	A/Peregrine Falcon/Iowa/22-012093-001/2022	RT-PCR	VIRAL RNA	Swab Pool\, Cloacal/Oropharyngeal	H5N1			NA
SRR24842896	USA: North Dakota	Anser rossii	A/Ross's Goose/North Dakota/22-010663-023/2022	RT-PCR	VIRAL RNA	Swab Pool\, Cloacal/Oropharyngeal	H5N1			NA
SRR24842897	USA: Pennsylvania	Gallus gallus	A/Chicken/Pennsylvania/22-012092-008/2022	RT-PCR	VIRAL RNA	Swab\, Tracheal	H5N1			Gallus gallus
SRR24842898	USA: Pennsylvania	Gallus gallus	A/Chicken/Pennsylvania/22-012092-007/2022	RT-PCR	VIRAL RNA	Swab\, Tracheal	H5N1			Gallus gallus
SRR24842899	USA: Pennsylvania	Gallus gallus	A/Chicken/Pennsylvania/22-012092-005/2022	RT-PCR	VIRAL RNA	Swab\, Tracheal	H5N1			Gallus gallus
SRR24842900	USA: Montana	Anas platyrhynchos	A/Duck/Montana/22-012040-007/2022	RT-PCR	VIRAL RNA	Swab\, Oropharyngeal	H5N1			NA
SRR24842901	USA: Pennsylvania	Gallus gallus	A/Chicken/Pennsylvania/22-012092-003/2022	RT-PCR	VIRAL RNA	Swab\, Tracheal	H5N1			Gallus gallus
SRR24842902	USA: Pennsylvania	Gallus gallus	A/Chicken/Pennsylvania/22-012091-001/2022	RT-PCR	VIRAL RNA	Swab\, Oropharyngeal	H5N1			Gallus gallus
SRR24842903	USA: Wyoming	Branta canadensis	A/Canada Goose/Wyoming/22-012062-001/2022	RT-PCR	VIRAL RNA	Swab\, Cloacal	H5N1			NA
SRR24842904	USA: Wyoming	Cathartidae sp.	A/Vulture/Wyoming/22-012060-001/2022	RT-PCR	VIRAL RNA	Swab\, Cloacal	H5N1			NA
SRR24842905	USA: Michigan	Aix sponsa	A/Wood Duck/Michigan/22-012056-009/2022	RT-PCR	VIRAL RNA	Swab Pool\, Cloacal/Tracheal	H5N1			NA
SRR24842906	USA: Michigan	Bubo virginianus	A/Great Horned Owl/Michigan/22-012056-006/2022	RT-PCR	VIRAL RNA	Swab Pool\, Cloacal/Tracheal	H5N1			NA
SRR24842907	USA: Michigan	Larus argentatus	A/Herring Gull/Michigan/22-012056-005/2022	RT-PCR	VIRAL RNA	Swab Pool\, Cloacal/Tracheal	H5N1			NA
SRR24842908	USA: North Dakota	Anser rossii	A/Ross's Goose/North Dakota/22-010663-022/2022	RT-PCR	VIRAL RNA	Swab Pool\, Cloacal/Oropharyngeal	H5N1			NA
SRR24842909	USA: Michigan	Bubo scandiacus	A/Snowy Owl/Michigan/22-012056-004/2022	RT-PCR	VIRAL RNA	Swab Pool\, Cloacal/Tracheal	H5N1			NA
SRR24842910	USA: Michigan	Lophodytes cucullatus	A/Hooded Merganser/Michigan/22-012056-002/2022	RT-PCR	VIRAL RNA	Swab Pool\, Cloacal/Tracheal	H5N1			NA
SRR24842911	USA: Michigan	Haliaeetus leucocephalus	A/Bald Eagle/Michigan/22-012056-001/2022	RT-PCR	VIRAL RNA	Swab Pool\, Cloacal/Tracheal	H5N1			NA
SRR24842912	USA: Nebraska	Haliaeetus leucocephalus	A/Bald Eagle/Nebraska/22-012052-001/2022	RT-PCR	VIRAL RNA	Swab\, Cloacal	H5N1			NA
SRR24842913	USA: Idaho	Anser sp.	A/Duck/Idaho/22-012047-001/2022	RT-PCR	VIRAL RNA	Swab\, Cloacal	H5N1			NA
SRR24842914	USA: Idaho	Anas sp.	A/Duck/Idaho/22-012046-001/2022	RT-PCR	VIRAL RNA	Swab\, Cloacal	H5N1			NA
SRR24842915	USA: Minnesota	Haliaeetus leucocephalus	A/Bald Eagle/Minnesota/22-011695-001/2022	RT-PCR	VIRAL RNA	Swab\, Tracheal	H5N1			NA
SRR24842916	USA: Iowa	Bubo virginianus	A/Great Horned Owl/Iowa/22-011678-001/2022	RT-PCR	VIRAL RNA	Swab Pool\, Cloacal/Oropharyngeal	H5N1			NA
SRR24842917	USA: Wyoming	Cathartidae sp.	A/Vulture/Wyoming/22-011672-001/2022	RT-PCR	VIRAL RNA	Swab\, Tracheal	H5N1			NA
SRR24842918	USA: Wyoming	Branta canadensis	A/Canada Goose/Wyoming/22-011671-001/2022	RT-PCR	VIRAL RNA	Swab Pool\, Cloacal/Tracheal	H5N1			NA
SRR24842919	USA: Michigan	Gallus gallus	A/Chicken/Michigan/22-011627-001/2022	RT-PCR	VIRAL RNA	Swab\, Oropharyngeal	H5N1			Gallus gallus
SRR24842920	USA: New York	Mergus merganser	A/Merganser/New York/22-011589-001/2022	RT-PCR	VIRAL RNA	Swab\, Cloacal	H5N1			NA
SRR24842921	USA: New York	Calidris alba	A/Sanderling/New York/22-011587-001/2022	RT-PCR	VIRAL RNA	Swab\, Oropharyngeal	H5N1			NA
SRR24842922	USA: Minnesota	Bubo virginianus	A/Great Horned Owl/Minnesota/22-011586-004/2022	RT-PCR	VIRAL RNA	Swab\, Cloacal	H5N1			NA
SRR24842923	USA: North Dakota	Anser caerulescens	A/Snow Goose/North Dakota/22-010663-009/2022	RT-PCR	VIRAL RNA	Swab Pool\, Cloacal/Oropharyngeal	H5N1			Anser caerulescens
SRR24842924	USA: Minnesota	Haliaeetus leucocephalus	A/Bald Eagle/Minnesota/22-011586-003/2022	RT-PCR	VIRAL RNA	Swab\, Cloacal	H5N1			NA
SRR24842925	USA: North Dakota	Buteo jamaicensis	A/Red-tailed Hawk/North Dakota/22-011568-002/2022	RT-PCR	VIRAL RNA	Swab Pool\, Cloacal/Oropharyngeal	H5N1			NA
SRR24842926	USA: North Dakota	Buteo jamaicensis	A/Red-tailed Hawk/North Dakota/22-011568-001/2022	RT-PCR	VIRAL RNA	Swab Pool\, Cloacal/Oropharyngeal	H5N1			NA
SRR24842927	USA: North Dakota	Anser caerulescens	A/Snow Goose/North Dakota/22-011566-002/2022	RT-PCR	VIRAL RNA	Swab Pool\, Cloacal/Oropharyngeal	H5N1			Anser caerulescens
SRR24842928	USA: North Dakota	Anser caerulescens	A/Snow Goose/North Dakota/22-011578-011/2022	RT-PCR	VIRAL RNA	Swab Pool\, Cloacal/Oropharyngeal	H5N1			Anser caerulescens
SRR24842929	USA: North Dakota	Anser caerulescens	A/Snow Goose/North Dakota/22-011578-010/2022	RT-PCR	VIRAL RNA	Swab Pool\, Cloacal/Oropharyngeal	H5N1			Anser caerulescens
SRR24842930	USA: North Dakota	Anser rossii	A/Ross's Goose/North Dakota/22-011578-009/2022	RT-PCR	VIRAL RNA	Swab Pool\, Cloacal/Oropharyngeal	H5N1			NA
SRR24842931	USA: North Dakota	Anser caerulescens	A/Snow Goose/North Dakota/22-011578-008/2022	RT-PCR	VIRAL RNA	Swab Pool\, Cloacal/Oropharyngeal	H5N1			Anser caerulescens
SRR24842932	USA: North Dakota	Anser caerulescens	A/Snow Goose/North Dakota/22-011578-007/2022	RT-PCR	VIRAL RNA	Swab Pool\, Cloacal/Oropharyngeal	H5N1			Anser caerulescens
SRR24842933	USA: North Dakota	Anser caerulescens	A/Snow Goose/North Dakota/22-011578-006/2022	RT-PCR	VIRAL RNA	Swab Pool\, Cloacal/Oropharyngeal	H5N1			Anser caerulescens
SRR24842934	USA: North Dakota	Anser caerulescens	A/Snow Goose/North Dakota/22-010663-008/2022	RT-PCR	VIRAL RNA	Swab Pool\, Cloacal/Oropharyngeal	H5N1			Anser caerulescens
SRR24842935	USA: North Dakota	Anser caerulescens	A/Snow Goose/North Dakota/22-011578-005/2022	RT-PCR	VIRAL RNA	Swab Pool\, Cloacal/Oropharyngeal	H5N1			Anser caerulescens
SRR24842936	USA: North Dakota	Anser caerulescens	A/Snow Goose/North Dakota/22-011578-004/2022	RT-PCR	VIRAL RNA	Swab Pool\, Cloacal/Oropharyngeal	H5N1			Anser caerulescens
SRR24842937	USA: North Dakota	Anser caerulescens	A/Snow Goose/North Dakota/22-011578-002/2022	RT-PCR	VIRAL RNA	Swab Pool\, Cloacal/Oropharyngeal	H5N1			Anser caerulescens
SRR24842938	USA: North Dakota	Anser rossii	A/Ross's Goose/North Dakota/22-011578-001/2022	RT-PCR	VIRAL RNA	Swab Pool\, Cloacal/Oropharyngeal	H5N1			NA
SRR24842939	USA: North Dakota	Haliaeetus leucocephalus	A/Bald Eagle/North Dakota/22-011573-001/2022	RT-PCR	VIRAL RNA	Swab Pool\, Cloacal/Oropharyngeal	H5N1			NA
SRR24842940	USA: North Dakota	Accipitridae sp.	A/Hawk/North Dakota/22-011572-002/2022	RT-PCR	VIRAL RNA	Swab Pool\, Cloacal/Oropharyngeal	H5N1			NA
SRR24842941	USA: North Dakota	Accipiter cooperii	A/Cooper's Hawk/North Dakota/22-011572-001/2022	RT-PCR	VIRAL RNA	Swab Pool\, Cloacal/Oropharyngeal	H5N1			NA
SRR24842942	USA: North Dakota	Bubo virginianus	A/Great Horned Owl/North Dakota/22-011571-001/2022	RT-PCR	VIRAL RNA	Swab Pool\, Cloacal/Oropharyngeal	H5N1			NA
SRR24842943	USA: North Dakota	Haliaeetus leucocephalus	A/Bald Eagle/North Dakota/22-011570-001/2022	RT-PCR	VIRAL RNA	Swab Pool\, Cloacal/Oropharyngeal	H5N1			NA
SRR24842944	USA: North Dakota	Anser rossii	A/Ross's Goose/North Dakota/22-011569-004/2022	RT-PCR	VIRAL RNA	Swab Pool\, Cloacal/Oropharyngeal	H5N1			NA
SRR24842945	USA: North Dakota	Anser caerulescens	A/Snow Goose/North Dakota/22-010663-007/2022	RT-PCR	VIRAL RNA	Swab Pool\, Cloacal/Oropharyngeal	H5N1			Anser caerulescens
SRR24842946	USA: North Dakota	Anser caerulescens	A/Snow Goose/North Dakota/22-011569-002/2022	RT-PCR	VIRAL RNA	Swab Pool\, Cloacal/Oropharyngeal	H5N1			Anser caerulescens
SRR24842947	USA: North Dakota	Anser caerulescens	A/Snow Goose/North Dakota/22-013138-001/2022	RT-PCR	VIRAL RNA	Swab Pool\, Cloacal/Oropharyngeal	H5N1			Anser caerulescens
SRR24842948	USA: North Dakota	Buteo jamaicensis	A/Red-tailed Hawk/North Dakota/22-013136-001/2022	RT-PCR	VIRAL RNA	Swab Pool\, Cloacal/Oropharyngeal	H5N1			NA
SRR24842949	USA: North Dakota	Buteo jamaicensis	A/Red-tailed Hawk/North Dakota/22-013135-001/2022	RT-PCR	VIRAL RNA	Swab Pool\, Cloacal/Oropharyngeal	H5N1			NA
SRR24842950	USA: North Dakota	Cathartes aura	A/Turkey Vulture/North Dakota/22-013134-001/2022	RT-PCR	VIRAL RNA	Swab Pool\, Cloacal/Oropharyngeal	H5N1			NA
SRR24842951	USA: North Dakota	Bubo virginianus	A/Great Horned Owl/North Dakota/22-013133-001/2022	RT-PCR	VIRAL RNA	Swab Pool\, Cloacal/Oropharyngeal	H5N1			NA
SRR24842952	USA: Montana	Anas sp.	A/Duck/Montana/22-013055-005/2022	RT-PCR	VIRAL RNA	Swab\, Oropharyngeal	H5N1			NA
SRR24842953	USA: Florida	Coragyps atratus	A/Black Vulture/Florida/22-010684-001/2022	RT-PCR	VIRAL RNA	Swab Pool\, Cloacal/Oropharyngeal	H5N1			NA
SRR24842954	USA: Montana	Gallus gallus	A/Chicken/Montana/22-013053-002/2022	RT-PCR	VIRAL RNA	Swab\, Cloacal	H5N1			Gallus gallus
SRR24842955	USA: Minnesota	Accipitridae sp.	A/Hawk/Minnesota/22-013128-007/2022	RT-PCR	VIRAL RNA	Swab\, Cloacal	H5N1			NA
SRR24842956	USA: Minnesota	Accipiter cooperii	A/Cooper's Hawk/Minnesota/22-013128-004/2022	RT-PCR	VIRAL RNA	Swab\, Cloacal	H5N1			NA
SRR24842957	USA: Minnesota	Bubo virginianus	A/Great Horned Owl/Minnesota/22-013128-003/2022	RT-PCR	VIRAL RNA	Swab\, Cloacal	H5N1			NA
SRR24842958	USA: Minnesota	Strix varia	A/Barred Owl/Minnesota/22-013128-002/2022	RT-PCR	VIRAL RNA	Swab\, Cloacal	H5N1			NA
SRR24842959	USA: Minnesota	Bubo virginianus	A/Great Horned Owl/Minnesota/22-013128-001/2022	RT-PCR	VIRAL RNA	Swab\, Cloacal	H5N1			NA
SRR24842960	USA: Colorado	Branta canadensis	A/Canada Goose/Colorado/22-013125-001/2022	RT-PCR	VIRAL RNA	Swab Pool\, Cloacal/Oropharyngeal	H5N1			NA
SRR24842961	USA: Alaska	Gallus gallus	A/Backyard bird/Alaska/22-013107-002/2022	RT-PCR	VIRAL RNA	swab	H5N1			Gallus gallus
SRR24842962	USA: Alaska	Gallus gallus	A/Backyard bird/Alaska/22-013107-001/2022	RT-PCR	VIRAL RNA	swab	H5N1			Gallus gallus
SRR24842963	USA: Nebraska	Gallus gallus	A/Backyard bird/Nebraska/22-013105-001/2022	RT-PCR	VIRAL RNA	Swab\, Oropharyngeal	H5N1			Gallus gallus
SRR24842964	USA: Florida	Coragyps atratus	A/Black Vulture/Florida/22-010685-001/2022	RT-PCR	VIRAL RNA	Swab Pool\, Cloacal/Oropharyngeal	H5N1			NA
SRR24842965	USA: Minnesota	Meleagris gallopavo	A/Turkey/Minnesota/22-013084-001/2022	RT-PCR	VIRAL RNA	swab	H5N1			Meleagris gallopavo
SRR24842966	USA: Wisconsin	Phasianidae sp.	A/Backyard bird/Wisconsin/22-013061-005/2022	RT-PCR	VIRAL RNA	swab	H5N1			NA
SRR24842967	USA: Wisconsin	Phasianidae sp.	A/Backyard bird/Wisconsin/22-013061-004/2022	RT-PCR	VIRAL RNA	swab	H5N1			NA
SRR24842968	USA: Wisconsin	Numididae sp.	A/Backyard bird/Wisconsin/22-013061-003/2022	RT-PCR	VIRAL RNA	swab	H5N1			NA
SRR24842969	USA: Indiana	Haliaeetus leucocephalus	A/Bald Eagle/Indiana/22-013058-001/2022	RT-PCR	VIRAL RNA	Swab\, Cloacal	H5N1			NA
SRR24842970	USA: Colorado	Gallus gallus	A/Chicken/Colorado/22-013057-001/2022	RT-PCR	VIRAL RNA	Swab\, Oropharyngeal	H5N1			Gallus gallus
SRR24842971	USA: Montana	Gallus gallus	A/Chicken/Montana/22-013056-002/2022	RT-PCR	VIRAL RNA	Swab\, Oropharyngeal	H5N1			Gallus gallus
SRR24842972	USA: Montana	Anas sp.	A/Duck/Montana/22-013055-007/2022	RT-PCR	VIRAL RNA	Swab\, Oropharyngeal	H5N1			NA
SRR24842973	USA: Montana	Anas sp.	A/Duck/Montana/22-013055-006/2022	RT-PCR	VIRAL RNA	Swab\, Oropharyngeal	H5N1			NA
SRR24842974	USA: Florida	Cairina moschata	A/Muscovy Duck/Florida/22-010682-003/2022	RT-PCR	VIRAL RNA	Swab Pool\, Cloacal/Oropharyngeal	H5N1			NA
SRR24842975	USA: Montana	Cathartidae sp.	A/Vulture/Montana/22-012936-009/2022	RT-PCR	VIRAL RNA	Swab\, Cloacal	H5N1			NA
SRR24842976	USA: Montana	Gallus gallus	A/Chicken/Montana/22-013053-001/2022	RT-PCR	VIRAL RNA	Swab\, Cloacal	H5N1			Gallus gallus
SRR24842977	USA: Iowa	Buteo jamaicensis	A/Red-tailed Hawk/Iowa/22-013050-001/2022	RT-PCR	VIRAL RNA	Swab\, Tracheal	H5N1			NA
SRR24842978	USA: Wyoming	Bubo virginianus	A/Great Horned Owl/Wyoming/22-013016-002/2022	RT-PCR	VIRAL RNA	Swab\, Cloacal	H5N1			NA
SRR24842979	USA: Colorado	Gallus gallus	A/Backyard bird/Colorado/22-010668-001/2022	RT-PCR	VIRAL RNA	Swab Pool\, Cloacal/Oropharyngeal	H5N1			Gallus gallus
SRR24842980	USA: Florida	Coragyps atratus	A/Black Vulture/Florida/22-012633-001/2022	RT-PCR	VIRAL RNA	Swab Pool\, Cloacal/Tracheal	H5N1			NA
SRR24842981	USA: Pennsylvania	Gallus gallus	A/Chicken/Pennsylvania/22-012578-004/2022	RT-PCR	VIRAL RNA	swab	H5N1			Gallus gallus
SRR24842982	USA: Montana	Branta canadensis	A/Canada Goose/Montana/22-012541-001/2022	RT-PCR	VIRAL RNA	Swab\, Cloacal	H5N1			NA
SRR24842983	USA: Montana	Gallus gallus	A/Chicken/Montana/22-012540-001/2022	RT-PCR	VIRAL RNA	Swab\, Cloacal	H5N1			Gallus gallus
SRR24842984	USA: North Dakota	Gallus gallus	A/Chicken/North Dakota/22-012538-002/2022	RT-PCR	VIRAL RNA	Swab\, Oropharyngeal	H5N1			Gallus gallus
SRR24842985	USA: North Dakota	Gallus gallus	A/Chicken/North Dakota/22-012538-001/2022	RT-PCR	VIRAL RNA	Swab\, Oropharyngeal	H5N1			Gallus gallus
SRR24842986	USA: Iowa	Aves sp.	A/Backyard bird/Iowa/22-012510-003/2022	RT-PCR	VIRAL RNA	swab	H5N1			NA
SRR24842987	USA: Iowa	Gallus gallus	A/Backyard bird/Iowa/22-012510-002/2022	RT-PCR	VIRAL RNA	swab	H5N1			Gallus gallus
SRR24842988	USA: Missouri	Haliaeetus leucocephalus	A/Bald Eagle/Missouri/22-012338-013/2022	RT-PCR	VIRAL RNA	swab	H5N1			NA
SRR24842989	USA: North Dakota	Corvus brachyrhynchos	A/American Crow/North Dakota/22-010665-001/2022	RT-PCR	VIRAL RNA	Swab Pool\, Cloacal/Oropharyngeal	H5N1			NA
SRR24842990	USA: Missouri	Anser rossii	A/Ross's Goose/Missouri/22-012338-012/2022	RT-PCR	VIRAL RNA	swab	H5N1			NA
SRR24842991	USA: Minnesota	Buteo jamaicensis	A/Red-tailed Hawk/Minnesota/22-012416-001/2022	RT-PCR	VIRAL RNA	Swab\, Tracheal	H5N1			NA
SRR24842992	USA: Minnesota	Bubo virginianus	A/Great Horned Owl/Minnesota/22-012414-001/2022	RT-PCR	VIRAL RNA	Swab\, Tracheal	H5N1			NA
SRR24842993	USA: Maryland	Coragyps atratus	A/Black Vulture/Maryland/22-012407-001/2022	RT-PCR	VIRAL RNA	Swab\, Tracheal	H5N1			NA
SRR24842994	USA: Utah	Gallus gallus	A/Chicken/Utah/22-012375-001/2022	RT-PCR	VIRAL RNA	Swab\, Oropharyngeal	H5N1			Gallus gallus
SRR24842995	USA: Minnesota	Meleagris gallopavo	A/Turkey/Minnesota/22-012374-001/2022	RT-PCR	VIRAL RNA	Swab\, Tracheal	H5N1			Meleagris gallopavo
SRR24842996	USA: Minnesota	Anser sp.	A/Goose/Minnesota/22-012373-002/2022	RT-PCR	VIRAL RNA	Swab\, Oropharyngeal	H5N1			NA
SRR24842997	USA: Minnesota	Gallus gallus	A/Chicken/Minnesota/22-012373-001/2022	RT-PCR	VIRAL RNA	Swab\, Oropharyngeal	H5N1			Gallus gallus
SRR24842998	USA: Missouri	Branta canadensis	A/Canada Goose/Missouri/22-012338-029/2022	RT-PCR	VIRAL RNA	swab	H5N1			NA
SRR24842999	USA: Missouri	Branta canadensis	A/Canada Goose/Missouri/22-012338-026/2022	RT-PCR	VIRAL RNA	Swab\, Tracheal	H5N1			NA
SRR24843000	USA: Missouri	Pelecanus erythrorhynchos	A/American White Pelican/Missouri/22-010666-001/2022	RT-PCR	VIRAL RNA	Swab Pool\, Cloacal/Oropharyngeal	H5N1			NA
SRR24843001	USA: Missouri	Aythya collaris	A/Ring-necked Duck/Missouri/22-012338-025/2022	RT-PCR	VIRAL RNA	Swab\, Tracheal	H5N1			NA
SRR24843002	USA: Florida	Coragyps atratus	A/Black Vulture/Florida/22-012628-001/2022	RT-PCR	VIRAL RNA	Swab Pool\, Cloacal/Tracheal	H5N1			NA
SRR24843003	USA: Missouri	Buteo jamaicensis	A/Red-tailed Hawk/Missouri/22-012338-024/2022	RT-PCR	VIRAL RNA	Swab Pool\, Cloacal/Oropharyngeal	H5N1			NA
SRR24843004	USA: Missouri	Aix sponsa	A/Wood Duck/Missouri/22-012338-023/2022	RT-PCR	VIRAL RNA	Swab Pool\, Cloacal/Oropharyngeal	H5N1			NA
SRR24843005	USA: Missouri	Haliaeetus leucocephalus	A/Bald Eagle/Missouri/22-012338-022/2022	RT-PCR	VIRAL RNA	Swab Pool\, Cloacal/Oropharyngeal	H5N1			NA
SRR24843006	USA: Missouri	Haliaeetus leucocephalus	A/Bald Eagle/Missouri/22-012338-021/2022	RT-PCR	VIRAL RNA	Swab\, Tracheal	H5N1			NA
SRR24843007	USA: Missouri	Pelecanidae sp.	A/Pelican/Missouri/22-012338-020/2022	RT-PCR	VIRAL RNA	swab	H5N1			NA
SRR24843008	USA: Missouri	Pelecanidae sp.	A/Pelican/Missouri/22-012338-019/2022	RT-PCR	VIRAL RNA	swab	H5N1			NA
SRR24843009	USA: Missouri	Anser caerulescens	A/Snow Goose/Missouri/22-012338-015/2022	RT-PCR	VIRAL RNA	Swab\, Oropharyngeal	H5N1			Anser caerulescens
SRR24843010	USA: Missouri	Branta canadensis	A/Canada Goose/Missouri/22-012338-014/2022	RT-PCR	VIRAL RNA	swab	H5N1			NA
SRR24843011	USA: Indiana	Anas sp.	A/Duck/Indiana/22-011946-002/2022	RT-PCR	VIRAL RNA	Swab\, Cloacal	H5N1			NA
SRR24843012	USA: Pennsylvania	Gallus gallus	A/Chicken/Pennsylvania/22-011921-002/2022	RT-PCR	VIRAL RNA	Swab\, Tracheal	H5N1			Gallus gallus
SRR24843013	USA: Pennsylvania	Gallus gallus	A/Chicken/Pennsylvania/22-011920-001/2022	RT-PCR	VIRAL RNA	Swab\, Tracheal	H5N1			Gallus gallus
SRR24843014	USA: Wyoming	Meleagris gallopavo	A/Wild Turkey/Wyoming/22-011876-002/2022	RT-PCR	VIRAL RNA	Swab\, Cloacal	H5N1			Meleagris gallopavo
SRR24843015	USA: North Dakota	Anser rossii	A/Ross's Goose/North Dakota/22-010663-018/2022	RT-PCR	VIRAL RNA	Swab Pool\, Cloacal/Oropharyngeal	H5N1			NA
SRR24843016	USA: Wyoming	Meleagris gallopavo	A/Wild Turkey/Wyoming/22-011876-001/2022	RT-PCR	VIRAL RNA	Swab\, Cloacal	H5N1			Meleagris gallopavo
SRR24843017	USA: Wyoming	Bubo virginianus	A/Great Horned Owl/Wyoming/22-011875-001/2022	RT-PCR	VIRAL RNA	Swab\, Cloacal	H5N1			NA
SRR24843018	USA: Wisconsin	Branta canadensis	A/Canada Goose/Wisconsin/22-011819-001/2022	RT-PCR	VIRAL RNA	Swab Pool\, Cloacal/Oropharyngeal	H5N1			NA
SRR24843019	USA: Wisconsin	Branta canadensis	A/Canada Goose/Wisconsin/22-011818-001/2022	RT-PCR	VIRAL RNA	Swab Pool\, Cloacal/Oropharyngeal	H5N1			NA
SRR24843020	USA: Minnesota	Bubo virginianus	A/Great Horned Owl/Minnesota/22-011871-012/2022	RT-PCR	VIRAL RNA	Swab\, Cloacal	H5N1			NA
SRR24843021	USA: Wisconsin	Lophodytes cucullatus	A/Hooded Merganser/Wisconsin/22-011817-001/2022	RT-PCR	VIRAL RNA	Swab Pool\, Cloacal/Oropharyngeal	H5N1			NA
SRR24843022	USA: Minnesota	Bubo virginianus	A/Great Horned Owl/Minnesota/22-011871-011/2022	RT-PCR	VIRAL RNA	Swab\, Cloacal	H5N1			NA
SRR24843023	USA: Minnesota	Strix varia	A/Barred Owl/Minnesota/22-011871-010/2022	RT-PCR	VIRAL RNA	Swab\, Cloacal	H5N1			NA
SRR24843024	USA: Minnesota	Bubo virginianus	A/Great Horned Owl/Minnesota/22-011871-009/2022	RT-PCR	VIRAL RNA	Swab\, Cloacal	H5N1			NA
SRR24843025	USA: Minnesota	Bubo virginianus	A/Great Horned Owl/Minnesota/22-011871-008/2022	RT-PCR	VIRAL RNA	Swab\, Cloacal	H5N1			NA
SRR24843026	USA: Minnesota	Bubo virginianus	A/Great Horned Owl/Minnesota/22-011871-006/2022	RT-PCR	VIRAL RNA	Swab\, Cloacal	H5N1			NA
SRR24843027	USA: North Dakota	Anser rossii	A/Ross's Goose/North Dakota/22-010663-017/2022	RT-PCR	VIRAL RNA	Swab Pool\, Cloacal/Oropharyngeal	H5N1			NA
SRR24843028	USA: Minnesota	Buteo jamaicensis	A/Red-tailed Hawk/Minnesota/22-011871-004/2022	RT-PCR	VIRAL RNA	Swab\, Cloacal	H5N1			NA
SRR24843029	USA: Minnesota	Bubo virginianus	A/Great Horned Owl/Minnesota/22-011871-002/2022	RT-PCR	VIRAL RNA	Swab\, Cloacal	H5N1			NA
SRR24843030	USA: Minnesota	Buteo jamaicensis	A/Red-tailed Hawk/Minnesota/22-011871-001/2022	RT-PCR	VIRAL RNA	Swab\, Cloacal	H5N1			NA
SRR24843031	USA: New York	Buteo jamaicensis	A/Red-tailed Hawk/New York/22-011864-001/2022	RT-PCR	VIRAL RNA	Swab\, Cloacal	H5N1			NA
SRR24843032	USA: New York	Cathartes aura	A/Turkey Vulture/New York/22-011863-001/2022	RT-PCR	VIRAL RNA	Swab\, Oropharyngeal	H5N1			NA
SRR24843033	USA: Colorado	Gallus gallus	A/Backyard bird/Colorado/22-011827-002/2022	RT-PCR	VIRAL RNA	Swab Pool\, Cloacal/Oropharyngeal	H5N1			Gallus gallus
SRR24843034	USA: Colorado	Anas platyrhynchos	A/Backyard bird/Colorado/22-011827-001/2022	RT-PCR	VIRAL RNA	Swab Pool\, Cloacal/Oropharyngeal	H5N1			NA
SRR24843035	USA: Colorado	Gallus gallus	A/Chicken/Colorado/22-011826-002/2022	RT-PCR	VIRAL RNA	Swab\, Oropharyngeal	H5N1			Gallus gallus
SRR24843036	USA: Colorado	Gallus gallus	A/Chicken/Colorado/22-011826-001/2022	RT-PCR	VIRAL RNA	Swab\, Oropharyngeal	H5N1			Gallus gallus
SRR24843037	USA: Wisconsin	Buteo jamaicensis	A/Red-tailed Hawk/Wisconsin/22-011825-001/2022	RT-PCR	VIRAL RNA	Swab Pool\, Cloacal/Oropharyngeal	H5N1			NA
SRR24843038	USA: North Dakota	Anser caerulescens	A/Snow Goose/North Dakota/22-010663-015/2022	RT-PCR	VIRAL RNA	Swab Pool\, Cloacal/Oropharyngeal	H5N1			Anser caerulescens
SRR24843039	USA: Wisconsin	Cygnus columbianus	A/Tundra Swan/Wisconsin/22-011824-001/2022	RT-PCR	VIRAL RNA	Swab Pool\, Cloacal/Oropharyngeal	H5N1			NA
SRR24843040	USA: Wisconsin	Aix sponsa	A/Wood Duck/Wisconsin/22-011820-001/2022	RT-PCR	VIRAL RNA	Swab Pool\, Cloacal/Oropharyngeal	H5N1			NA
SRR24843041	USA: Minnesota	Meleagris gallopavo	A/Turkey/Minnesota/22-011791-005/2022	RT-PCR	VIRAL RNA	swab	H5N1			Meleagris gallopavo
SRR24843042	USA: Minnesota	Meleagris gallopavo	A/Turkey/Minnesota/22-011791-003/2022	RT-PCR	VIRAL RNA	swab	H5N1			Meleagris gallopavo
SRR24843043	USA: North Dakota	Anser rossii	A/Ross's Goose/North Dakota/22-011218-005/2022	RT-PCR	VIRAL RNA	Swab Pool\, Cloacal/Oropharyngeal	H5N1			NA
SRR24843044	USA: North Dakota	Anser rossii	A/Ross's Goose/North Dakota/22-011218-004/2022	RT-PCR	VIRAL RNA	Swab Pool\, Cloacal/Oropharyngeal	H5N1			NA
SRR24843045	USA: Minnesota	Meleagris gallopavo	A/Turkey/Minnesota/22-010654-001/2022	RT-PCR	VIRAL RNA	swab	H5N1			Meleagris gallopavo
SRR24843046	USA: North Dakota	Anser caerulescens	A/Snow Goose/North Dakota/22-011218-003/2022	RT-PCR	VIRAL RNA	Swab Pool\, Cloacal/Oropharyngeal	H5N1			Anser caerulescens
SRR24843047	USA: Wisconsin	Gallus gallus	A/Backyard bird/Wisconsin/22-011213-001/2022	RT-PCR	VIRAL RNA	Swab\, Tracheal	H5N1			Gallus gallus
SRR24843048	USA: New York	Aix sponsa	A/Wood Duck/New York/22-011188-001/2022	RT-PCR	VIRAL RNA	Swab Pool\, Cloacal/Oropharyngeal	H5N1			NA
SRR24843049	USA: Minnesota	Meleagris gallopavo	A/Turkey/Minnesota/22-011142-001/2022	RT-PCR	VIRAL RNA	swab	H5N1			Meleagris gallopavo
SRR24843050	USA: Minnesota	Meleagris gallopavo	A/Turkey/Minnesota/22-011141-003/2022	RT-PCR	VIRAL RNA	swab	H5N1			Meleagris gallopavo
SRR24843051	USA: Minnesota	Meleagris gallopavo	A/Turkey/Minnesota/22-011141-002/2022	RT-PCR	VIRAL RNA	swab	H5N1			Meleagris gallopavo
SRR24843052	USA: Minnesota	Meleagris gallopavo	A/Turkey/Minnesota/22-011141-001/2022	RT-PCR	VIRAL RNA	swab	H5N1			Meleagris gallopavo
SRR24843053	USA: Minnesota	Meleagris gallopavo	A/Turkey/Minnesota/22-011140-001/2022	RT-PCR	VIRAL RNA	swab	H5N1			Meleagris gallopavo
SRR24843054	USA: Minnesota	Anser sp.	A/Goose/Minnesota/22-011138-002/2022	RT-PCR	VIRAL RNA	Swab\, Cloacal	H5N1			NA
SRR24843055	USA: Minnesota	Anser sp.	A/Goose/Minnesota/22-011138-001/2022	RT-PCR	VIRAL RNA	Swab\, Oropharyngeal	H5N1			NA
SRR24843056	USA: Minnesota	Meleagris gallopavo	A/Turkey/Minnesota/22-010652-001/2022	RT-PCR	VIRAL RNA	swab	H5N1			Meleagris gallopavo
SRR24843057	USA: Wyoming	Branta canadensis	A/Canada Goose/Wyoming/22-011125-001/2022	RT-PCR	VIRAL RNA	Swab Pool\, Cloacal/Tracheal	H5N1			NA
SRR24843058	USA: Indiana	Anas sp.	A/Duck/Indiana/22-010624-001/2022	RT-PCR	VIRAL RNA	Swab\, Oropharyngeal	H5N1			NA
SRR24843059	USA: North Dakota	Anser caerulescens	A/Snow Goose/North Dakota/22-011037-003/2022	RT-PCR	VIRAL RNA	Swab Pool\, Cloacal/Oropharyngeal	H5N1			Anser caerulescens
SRR24843060	USA: North Dakota	Anser caerulescens	A/Snow Goose/North Dakota/22-011037-002/2022	RT-PCR	VIRAL RNA	Swab Pool\, Cloacal/Oropharyngeal	H5N1			Anser caerulescens
SRR24843061	USA: North Dakota	Anser caerulescens	A/Snow Goose/North Dakota/22-011037-001/2022	RT-PCR	VIRAL RNA	Swab Pool\, Cloacal/Oropharyngeal	H5N1			Anser caerulescens
SRR24843062	USA: North Dakota	Anser caerulescens	A/Snow Goose/North Dakota/22-011036-004/2022	RT-PCR	VIRAL RNA	Swab Pool\, Cloacal/Oropharyngeal	H5N1			Anser caerulescens
SRR24843063	USA: Kansas	Meleagris gallopavo	A/Turkey/Kansas/22-011119-002/2022	RT-PCR	VIRAL RNA	swab	H5N1			Meleagris gallopavo
SRR24843064	USA: Kansas	Meleagris gallopavo	A/Turkey/Kansas/22-011119-001/2022	RT-PCR	VIRAL RNA	swab	H5N1			Meleagris gallopavo
SRR24843065	USA: North Dakota	Gallus gallus	A/Chicken/North Dakota/22-011109-001/2022	RT-PCR	VIRAL RNA	Swab\, Oropharyngeal	H5N1			Gallus gallus
SRR24843066	USA: Iowa	Pelecanus erythrorhynchos	A/American White Pelican/Iowa/22-011101-007/2022	RT-PCR	VIRAL RNA	Swab Pool\, Cloacal/Oropharyngeal	H5N1			NA
SRR24843067	USA: Iowa	Pelecanus erythrorhynchos	A/American White Pelican/Iowa/22-011101-003/2022	RT-PCR	VIRAL RNA	Swab Pool\, Cloacal/Oropharyngeal	H5N1			NA
SRR24843068	USA: Iowa	Pelecanus erythrorhynchos	A/American White Pelican/Iowa/22-011101-001/2022	RT-PCR	VIRAL RNA	Swab Pool\, Cloacal/Oropharyngeal	H5N1			NA
SRR24843069	USA: South Dakota	Meleagris gallopavo	A/Turkey/South Dakota/22-010639-001/2022	RT-PCR	VIRAL RNA	swab	H5N1			Meleagris gallopavo
SRR24843070	USA: South Dakota	Phasianidae sp.	A/Pheasant/South Dakota/22-011098-001/2022	RT-PCR	VIRAL RNA	swab	H5N1			NA
SRR24843071	USA: North Dakota	Anser caerulescens	A/Snow Goose/North Dakota/22-011040-005/2022	RT-PCR	VIRAL RNA	Swab Pool\, Cloacal/Oropharyngeal	H5N1			Anser caerulescens
SRR24843072	USA: North Dakota	Anser caerulescens	A/Snow Goose/North Dakota/22-011040-001/2022	RT-PCR	VIRAL RNA	Swab Pool\, Cloacal/Oropharyngeal	H5N1			Anser caerulescens
SRR24843073	USA: North Dakota	Anser caerulescens	A/Snow Goose/North Dakota/22-011039-005/2022	RT-PCR	VIRAL RNA	Swab Pool\, Cloacal/Oropharyngeal	H5N1			Anser caerulescens
SRR24843074	USA: North Dakota	Anser caerulescens	A/Snow Goose/North Dakota/22-011039-004/2022	RT-PCR	VIRAL RNA	Swab Pool\, Cloacal/Oropharyngeal	H5N1			Anser caerulescens
SRR24843075	USA: Florida	Coragyps atratus	A/Black Vulture/Florida/22-010989-001/2022	RT-PCR	VIRAL RNA	Swab Pool\, Cloacal/Oropharyngeal	H5N1			NA
SRR24843076	USA: Florida	Coragyps atratus	A/Black Vulture/Florida/22-010987-001/2022	RT-PCR	VIRAL RNA	Swab Pool\, Cloacal/Oropharyngeal	H5N1			NA
SRR24843077	USA: Illinois	Phalacrocoracidae sp.	A/Cormorant/Illinois/22-010979-013/2022	RT-PCR	VIRAL RNA	Swab\, Cloacal	H5N1			NA
SRR24843078	USA: Minnesota	Gallus gallus	A/Chicken/Minnesota/22-010993-001/2022	RT-PCR	VIRAL RNA	swab	H5N1			Gallus gallus
SRR24843079	USA: Minnesota	Meleagris gallopavo	A/Turkey/Minnesota/22-010992-001/2022	RT-PCR	VIRAL RNA	swab	H5N1			Meleagris gallopavo
SRR24843080	USA: Minnesota	Meleagris gallopavo	A/Turkey/Minnesota/22-010991-001/2022	RT-PCR	VIRAL RNA	swab	H5N1			Meleagris gallopavo
SRR24843081	USA: Nebraska	Gallus gallus	A/Chicken/Nebraska/22-010905-001/2022	RT-PCR	VIRAL RNA	Swab\, Oropharyngeal	H5N1			Gallus gallus
SRR24843082	USA: Michigan	Arinae sp.	A/Parrot/Michigan/22-010848-002/2022	RT-PCR	VIRAL RNA	Swab\, Oropharyngeal	H5N1			NA
SRR24843083	USA: Illinois	Phalacrocoracidae sp.	A/Cormorant/Illinois/22-010979-009/2022	RT-PCR	VIRAL RNA	Swab\, Cloacal	H5N1			NA
SRR24843084	USA: North Dakota	Gallus gallus	A/Backyard bird/North Dakota/22-010977-003/2022	RT-PCR	VIRAL RNA	swab	H5N1			Gallus gallus
SRR24843085	USA: North Dakota	Gallus gallus	A/Backyard bird/North Dakota/22-010977-001/2022	RT-PCR	VIRAL RNA	swab	H5N1			Gallus gallus
SRR24843086	USA: Wyoming	Anser sp.	A/Goose/Wyoming/22-010936-001/2022	RT-PCR	VIRAL RNA	Swab\, Cloacal	H5N1			NA
SRR24843087	USA: Indiana	Anas platyrhynchos	A/Duck/Indiana/22-010611-001/2022	RT-PCR	VIRAL RNA	Swab\, Cloacal	H5N1			NA
SRR24843088	USA: Wisconsin	Meleagris gallopavo	A/Turkey/Wisconsin/22-010935-002/2022	RT-PCR	VIRAL RNA	Swab Pool\, Cloacal/Oropharyngeal	H5N1			Meleagris gallopavo
SRR24843089	USA: Wisconsin	Meleagris gallopavo	A/Turkey/Wisconsin/22-010935-001/2022	RT-PCR	VIRAL RNA	Swab Pool\, Cloacal/Oropharyngeal	H5N1			Meleagris gallopavo
SRR24843090	USA: North Carolina	Gallus gallus	A/Chicken/North Carolina/22-010929-007/2022	RT-PCR	VIRAL RNA	swab	H5N1			Gallus gallus
SRR24843091	USA: North Carolina	Gallus gallus	A/Chicken/North Carolina/22-010929-002/2022	RT-PCR	VIRAL RNA	swab	H5N1			Gallus gallus
SRR24843092	USA: North Carolina	Gallus gallus	A/Chicken/North Carolina/22-010929-001/2022	RT-PCR	VIRAL RNA	swab	H5N1			Gallus gallus
SRR24843093	USA: Minnesota	Numididae sp.	A/Backyard bird/Minnesota/22-010928-003/2022	RT-PCR	VIRAL RNA	Swab\, Oropharyngeal	H5N1			NA
SRR24843094	USA: Minnesota	Melegris gallopavo	A/Backyard bird/Minnesota/22-010928-002/2022	RT-PCR	VIRAL RNA	Swab\, Oropharyngeal	H5N1			NA
SRR24843095	USA: Minnesota	Gallus gallus	A/Backyard bird/Minnesota/22-010928-001/2022	RT-PCR	VIRAL RNA	Swab\, Oropharyngeal	H5N1			Gallus gallus
SRR24843096	USA: Minnesota	Haliaeetus leucocephalus	A/Bald Eagle/Minnesota/22-010927-001/2022	RT-PCR	VIRAL RNA	Swab\, Cloacal	H5N1			NA
SRR24843097	USA: Minnesota	Buteo jamaicensis	A/Red-tailed Hawk/Wisconsin/22-010924-001/2022	RT-PCR	VIRAL RNA	Swab\, Cloacal	H5N1			NA
SRR24843098	USA: Florida	Thalasseus maximus	A/Royal Tern/Florida/22-010506-002/2022	RT-PCR	VIRAL RNA	Swab Pool\, Cloacal/Oropharyngeal	H5N1			NA
SRR24843099	USA: Montana	Gallus gallus	A/Chicken/Montana/22-010923-006/2022	RT-PCR	VIRAL RNA	Swab\, Oropharyngeal	H5N1			Gallus gallus
SRR24843100	USA: Montana	Gallus gallus	A/Chicken/Montana/22-010923-004/2022	RT-PCR	VIRAL RNA	Swab\, Oropharyngeal	H5N1			Gallus gallus
SRR24843101	USA: Wyoming	Bubo virginianus	A/Great Horned Owl/Wyoming/22-013016-001/2022	RT-PCR	VIRAL RNA	Swab\, Cloacal	H5N1			NA
SRR24843102	USA: Wyoming	Haliaeetus leucocephalus	A/Bald Eagle/Wyoming/22-013015-001/2022	RT-PCR	VIRAL RNA	Swab\, Cloacal	H5N1			NA
SRR24843103	USA: New York	Haliaeetus leucocephalus	A/Bald Eagle/New York/22-013006-001/2022	RT-PCR	VIRAL RNA	Swab\, Cloacal	H5N1			NA
SRR24843104	USA: New York	Phasianus colchicus	A/Ring-necked Pheasant/New York/22-013005-001/2022	RT-PCR	VIRAL RNA	Swab\, Cloacal	H5N1			NA
SRR24843105	USA: Alaska	Haliaeetus leucocephalus	A/Bald Eagle/Alaska/22-013001-001/2022	RT-PCR	VIRAL RNA	Swab Pool\, Cloacal/Oropharyngeal	H5N1			NA
SRR24843106	USA: Texas	Strigiformes sp.	A/Owl/Texas/22-012996-001/2022	RT-PCR	VIRAL RNA	Nucleic Acid (RNA\, DNA)	H5N1			NA
SRR24843107	USA: Florida	Coragyps atratus	A/Black Vulture/Florida/22-010682-004/2022	RT-PCR	VIRAL RNA	Swab Pool\, Cloacal/Oropharyngeal	H5N1			NA
SRR24843108	USA: Maryland	Coragyps atratus	A/Black Vulture/Maryland/22-012990-001/2022	RT-PCR	VIRAL RNA	Swab\, Tracheal	H5N1			NA
SRR24843109	USA: Michigan	Gallus gallus	A/Chicken/Michigan/22-012977-001/2022	RT-PCR	VIRAL RNA	Swab\, Oropharyngeal	H5N1			Gallus gallus
SRR24843110	USA: Wisconsin	Meleagris gallopavo	A/Turkey/Wisconsin/22-012974-001/2022	RT-PCR	VIRAL RNA	Swab Pool\, Cloacal/Oropharyngeal	H5N1			Meleagris gallopavo
SRR24843111	USA: Wisconsin	Meleagris gallopavo	A/Turkey/Wisconsin/22-012973-001/2022	RT-PCR	VIRAL RNA	Swab Pool\, Cloacal/Oropharyngeal	H5N1			Meleagris gallopavo
SRR24843112	USA: Minnesota	Mergus merganser	A/Merganser/Minnesota/22-012969-001/2022	RT-PCR	VIRAL RNA	swab	H5N1			NA
SRR24843113	USA: Minnesota	Gallus gallus	A/Chicken/Minnesota/22-012966-001/2022	RT-PCR	VIRAL RNA	swab	H5N1			Gallus gallus
SRR24843114	USA: Utah	Meleagris gallopavo	A/Turkey/Utah/22-012960-001/2022	RT-PCR	VIRAL RNA	Swab\, Oropharyngeal	H5N1			Meleagris gallopavo
SRR24843115	USA: Montana	Gallus gallus	A/Heron/Montana/22-012936-012/2022	RT-PCR	VIRAL RNA	Swab\, Cloacal	H5N1			Gallus gallus
SRR24843116	USA: Montana	Cathartidae sp.	A/Vulture/Montana/22-012936-011/2022	RT-PCR	VIRAL RNA	Swab\, Cloacal	H5N1			NA
SRR24843117	USA: Montana	Cathartidae sp.	A/Vulture/Montana/22-012936-010/2022	RT-PCR	VIRAL RNA	Swab\, Cloacal	H5N1			NA
SRR24843118	USA: Florida	Branta canadensis	A/Canada Goose/Florida/22-010682-001/2022	RT-PCR	VIRAL RNA	Swab Pool\, Cloacal/Oropharyngeal	H5N1			NA
SRR24843119	USA: New York	Buteo jamaicensis	A/Red-tailed Hawk/New York/22-010488-001/2022	RT-PCR	VIRAL RNA	Swab Pool\, Cloacal/Oropharyngeal	H5N1			NA
SRR24843120	USA: Michigan	Haliaeetus leucocephalus	A/Bald Eagle/Michigan/22-012854-002/2022	RT-PCR	VIRAL RNA	Swab Pool\, Cloacal/Tracheal	H5N1			NA
SRR24843121	USA: Montana	Cathartidae sp.	A/Vulture/Montana/22-012936-008/2022	RT-PCR	VIRAL RNA	Swab\, Cloacal	H5N1			NA
SRR24843122	USA: Montana	Accipitridae sp.	A/American Pelican/Montana/22-012936-005/2022	RT-PCR	VIRAL RNA	Swab\, Cloacal	H5N1			NA
SRR24843123	USA: Indiana	Gallus gallus	A/Chicken/Indiana/22-012933-001/2022	RT-PCR	VIRAL RNA	Swab\, Oropharyngeal	H5N1			Gallus gallus
SRR24843124	USA: Minnesota	Gallus gallus	A/Chicken/Minnesota/22-012932-001/2022	RT-PCR	VIRAL RNA	Swab\, Cloacal	H5N1			Gallus gallus
SRR24843125	USA: Minnesota	Buteo lineatus	A/Red-shouldered Hawk/Minnesota/22-012931-010/2022	RT-PCR	VIRAL RNA	Swab\, Cloacal	H5N1			NA
SRR24843126	USA: Minnesota	Buteo lineatus	A/Red-shouldered Hawk/Minnesota/22-012931-009/2022	RT-PCR	VIRAL RNA	Swab\, Cloacal	H5N1			NA
SRR24843127	USA: Minnesota	Bubo virginianus	A/Great Horned Owl/Minnesota/22-012931-007/2022	RT-PCR	VIRAL RNA	Swab\, Cloacal	H5N1			NA
SRR24843128	USA: Minnesota	Bubo virginianus	A/Great Horned Owl/Minnesota/22-012931-006/2022	RT-PCR	VIRAL RNA	Swab\, Cloacal	H5N1			NA
SRR24843129	USA: Minnesota	Bubo virginianus	A/Great Horned Owl/Minnesota/22-012931-005/2022	RT-PCR	VIRAL RNA	Swab\, Cloacal	H5N1			NA
SRR24843130	USA: Florida	Cairina moschata	A/Muscovy Duck/Florida/22-010682-002/2022	RT-PCR	VIRAL RNA	Swab Pool\, Cloacal/Oropharyngeal	H5N1			NA
SRR24843131	USA: Minnesota	Buteo jamaicensis	A/Red-tailed Hawk/Minnesota/22-012931-004/2022	RT-PCR	VIRAL RNA	Swab\, Cloacal	H5N1			NA
SRR24843132	USA: Minnesota	Accipiter cooperii	A/Cooper's Hawk/Minnesota/22-012931-001/2022	RT-PCR	VIRAL RNA	Swab\, Cloacal	H5N1			NA
SRR24843133	USA: Florida	Cathartidae sp.	A/Vulture/Florida/22-012327-003/2022	RT-PCR	VIRAL RNA	Swab Pool\, Cloacal/Oropharyngeal	H5N1			NA
SRR24843134	USA: Florida	Cathartidae sp.	A/Vulture/Florida/22-012327-002/2022	RT-PCR	VIRAL RNA	Swab Pool\, Cloacal/Oropharyngeal	H5N1			NA
SRR24843135	USA: Florida	Cathartidae sp.	A/Vulture/Florida/22-012327-001/2022	RT-PCR	VIRAL RNA	Swab Pool\, Cloacal/Oropharyngeal	H5N1			NA
SRR24843136	USA: North Dakota	Anser rossii	A/Ross's Goose/North Dakota/22-010663-025/2022	RT-PCR	VIRAL RNA	Swab Pool\, Cloacal/Oropharyngeal	H5N1			NA
SRR24843137	USA: New York	Corvus ossifragus	A/Fish Crow/New York/22-010487-001/2022	RT-PCR	VIRAL RNA	Swab\, Oropharyngeal	H5N1			NA
SRR24843138	USA: Missouri	Branta canadensis	A/Canada Goose/Missouri/22-012338-010/2022	RT-PCR	VIRAL RNA	Swab Pool\, Cloacal/Tracheal	H5N1			NA
SRR24843139	USA: Missouri	Haliaeetus leucocephalus	A/Bald Eagle/Missouri/22-012338-009/2022	RT-PCR	VIRAL RNA	swab	H5N1			NA
SRR24843140	USA: Missouri	Branta canadensis	A/Canada Goose/Missouri/22-012338-008/2022	RT-PCR	VIRAL RNA	Swab Pool\, Cloacal/Tracheal	H5N1			NA
SRR24843141	USA: Missouri	Accipitridae sp.	A/Eagle/Missouri/22-012338-007/2022	RT-PCR	VIRAL RNA	Swab\, Tracheal	H5N1			NA
SRR24843142	USA: Missouri	Anser sp.	A/Goose/Missouri/22-012338-006/2022	RT-PCR	VIRAL RNA	Swab\, Tracheal	H5N1			NA
SRR24843143	USA: Missouri	Anser caerulescens	A/Snow Goose/Missouri/22-012338-005/2022	RT-PCR	VIRAL RNA	Swab\, Tracheal	H5N1			Anser caerulescens
SRR24843144	USA: Missouri	Anser caerulescens	A/Snow Goose/Missouri/22-012338-004/2022	RT-PCR	VIRAL RNA	Swab\, Tracheal	H5N1			Anser caerulescens
SRR24843145	USA: Missouri	Falco peregrinus	A/Peregrine Falcon/Missouri/22-012338-003/2022	RT-PCR	VIRAL RNA	Swab\, Tracheal	H5N1			NA
SRR24843146	USA: Missouri	Accipiter striatus	A/Sharp-shinned Hawk/Missouri/22-012338-002/2022	RT-PCR	VIRAL RNA	Swab\, Tracheal	H5N1			NA
SRR24843147	USA: North Dakota	Buteo jamaicensis	A/Red-tailed Hawk/North Dakota/22-010664-001/2022	RT-PCR	VIRAL RNA	Swab Pool\, Cloacal/Oropharyngeal	H5N1			NA
SRR24843148	USA: Missouri	Anas platyrhynchos	A/Mallard/Missouri/22-012338-001/2022	RT-PCR	VIRAL RNA	Swab\, Tracheal	H5N1			NA
SRR24843149	USA: Florida	Cathartidae sp.	A/Vulture/Florida/22-012336-001/2022	RT-PCR	VIRAL RNA	Swab Pool\, Cloacal/Oropharyngeal	H5N1			NA
SRR24843150	USA: Florida	Coragyps atratus	A/Black Vulture/Florida/22-012335-001/2022	RT-PCR	VIRAL RNA	Swab Pool\, Cloacal/Oropharyngeal	H5N1			NA
SRR24843151	USA: Florida	Coragyps atratus	A/Black Vulture/Florida/22-012334-001/2022	RT-PCR	VIRAL RNA	Swab Pool\, Cloacal/Oropharyngeal	H5N1			NA
SRR24843152	USA: Florida	Coragyps atratus	A/Black Vulture/Florida/22-012333-001/2022	RT-PCR	VIRAL RNA	Swab Pool\, Cloacal/Oropharyngeal	H5N1			NA
SRR24843153	USA: Florida	Coragyps atratus	A/Black Vulture/Florida/22-012331-001/2022	RT-PCR	VIRAL RNA	Swab Pool\, Cloacal/Oropharyngeal	H5N1			NA
SRR24843154	USA: Florida	Cathartidae sp.	A/Vulture/Florida/22-012327-004/2022	RT-PCR	VIRAL RNA	Swab Pool\, Cloacal/Oropharyngeal	H5N1			NA
SRR24843155	USA: North Dakota	Meleagris gallopavo	A/Turkey/North Dakota/22-012099-003/2022	RT-PCR	VIRAL RNA	Swab\, Oropharyngeal	H5N1			Meleagris gallopavo
SRR24843156	USA: North Dakota	Meleagris gallopavo	A/Turkey/North Dakota/22-012099-001/2022	RT-PCR	VIRAL RNA	Swab\, Oropharyngeal	H5N1			Meleagris gallopavo
SRR24843157	USA: Iowa	Meleagris gallopavo	A/Turkey/Iowa/22-012098-001/2022	RT-PCR	VIRAL RNA	Swab\, Oropharyngeal	H5N1			Meleagris gallopavo
SRR24843158	USA: Colorado	Gallus gallus	A/Chicken/Colorado/22-012308-003/2022	RT-PCR	VIRAL RNA	Swab\, Oropharyngeal	H5N1			Gallus gallus
SRR24843159	USA: Colorado	Gallus gallus	A/Chicken/Colorado/22-012308-002/2022	RT-PCR	VIRAL RNA	Swab\, Oropharyngeal	H5N1			Gallus gallus
SRR24843160	USA: Colorado	Gallus gallus	A/Chicken/Colorado/22-012308-001/2022	RT-PCR	VIRAL RNA	Swab\, Oropharyngeal	H5N1			Gallus gallus
SRR24843161	USA: Minnesota	Bubo virginianus	A/Great Horned Owl/Minnesota/22-012305-001/2022	RT-PCR	VIRAL RNA	Swab Pool\, Cloacal/Oropharyngeal	H5N1			NA
SRR24843162	USA: Minnesota	Meleagris gallopavo	A/Turkey/Minnesota/22-012287-001/2022	RT-PCR	VIRAL RNA	swab	H5N1			Meleagris gallopavo
SRR24843163	USA: Minnesota	Meleagris gallopavo	A/Turkey/Minnesota/22-012286-001/2022	RT-PCR	VIRAL RNA	swab	H5N1			Meleagris gallopavo
SRR24843164	USA: Minnesota	Meleagris gallopavo	A/Turkey/Minnesota/22-012285-001/2022	RT-PCR	VIRAL RNA	swab	H5N1			Meleagris gallopavo
SRR24843165	USA: Minnesota	Meleagris gallopavo	A/Turkey/Minnesota/22-011790-002/2022	RT-PCR	VIRAL RNA	swab	H5N1			Meleagris gallopavo
SRR24843166	USA: Wisconsin	Lophodytes cucullatus	A/Hooded Merganser/Wisconsin/22-011814-001/2022	RT-PCR	VIRAL RNA	Swab Pool\, Cloacal/Oropharyngeal	H5N1			NA
SRR24843167	USA: Florida	Coragyps atratus	A/Black Vulture/Florida/22-011810-001/2022	RT-PCR	VIRAL RNA	Swab Pool\, Cloacal/Oropharyngeal	H5N1			NA
SRR24843168	USA: Florida	Cairina moschata	A/Muscovy Duck/Florida/22-011808-004/2022	RT-PCR	VIRAL RNA	Swab\, Cloacal	H5N1			NA
SRR24843169	USA: Florida	Cairina moschata	A/Muscovy Duck/Florida/22-011808-002/2022	RT-PCR	VIRAL RNA	Swab\, Cloacal	H5N1			NA
SRR24843170	USA: Florida	Cairina moschata	A/Muscovy Duck/Florida/22-011808-001/2022	RT-PCR	VIRAL RNA	Swab\, Cloacal	H5N1			NA
SRR24843171	USA: North Dakota	Anser caerulescens	A/Snow Goose/North Dakota/22-010663-013/2022	RT-PCR	VIRAL RNA	Swab Pool\, Cloacal/Oropharyngeal	H5N1			Anser caerulescens
SRR24843172	USA: Minnesota	Meleagris gallopavo	A/Turkey/Minnesota/22-010464-001/2022	RT-PCR	VIRAL RNA	swab	H5N1			Meleagris gallopavo
SRR24843173	USA: Florida	Coragyps atratus	A/Black Vulture/Florida/22-011806-001/2022	RT-PCR	VIRAL RNA	Swab Pool\, Cloacal/Oropharyngeal	H5N1			NA
SRR24843174	USA: Minnesota	Meleagris gallopavo	A/Turkey/Minnesota/22-011796-002/2022	RT-PCR	VIRAL RNA	swab	H5N1			Meleagris gallopavo
SRR24843175	USA: Minnesota	Meleagris gallopavo	A/Turkey/Minnesota/22-011796-001/2022	RT-PCR	VIRAL RNA	swab	H5N1			Meleagris gallopavo
SRR24843176	USA: Minnesota	Meleagris gallopavo	A/Turkey/Minnesota/22-011795-001/2022	RT-PCR	VIRAL RNA	swab	H5N1			Meleagris gallopavo
SRR24843177	USA: Minnesota	Meleagris gallopavo	A/Turkey/Minnesota/22-011794-001/2022	RT-PCR	VIRAL RNA	swab	H5N1			Meleagris gallopavo
SRR24843178	USA: Minnesota	Meleagris gallopavo	A/Turkey/Minnesota/22-011793-002/2022	RT-PCR	VIRAL RNA	swab	H5N1			Meleagris gallopavo
SRR24843179	USA: Minnesota	Meleagris gallopavo	A/Turkey/Minnesota/22-011793-001/2022	RT-PCR	VIRAL RNA	swab	H5N1			Meleagris gallopavo
SRR24843180	USA: Minnesota	Meleagris gallopavo	A/Turkey/Minnesota/22-011792-004/2022	RT-PCR	VIRAL RNA	swab	H5N1			Meleagris gallopavo
SRR24843181	USA: Minnesota	Meleagris gallopavo	A/Turkey/Minnesota/22-011792-003/2022	RT-PCR	VIRAL RNA	swab	H5N1			Meleagris gallopavo
SRR24843182	USA: Minnesota	Meleagris gallopavo	A/Turkey/Minnesota/22-011792-002/2022	RT-PCR	VIRAL RNA	swab	H5N1			Meleagris gallopavo
SRR24843183	USA: North Dakota	Anser caerulescens	A/Snow Goose/North Dakota/22-010663-012/2022	RT-PCR	VIRAL RNA	Swab Pool\, Cloacal/Oropharyngeal	H5N1			Anser caerulescens
SRR24843184	USA: Minnesota	Meleagris gallopavo	A/Turkey/Minnesota/22-011792-001/2022	RT-PCR	VIRAL RNA	swab	H5N1			Meleagris gallopavo
SRR24843185	USA: Minnesota	Haliaeetus leucocephalus	A/Bald Eagle/Minnesota/22-011586-002/2022	RT-PCR	VIRAL RNA	Swab\, Cloacal	H5N1			NA
SRR24843186	USA: Minnesota	Bubo virginianus	A/Great Horned Owl/Minnesota/22-011586-001/2022	RT-PCR	VIRAL RNA	Swab\, Cloacal	H5N1			NA
SRR24843187	USA: Minnesota	Haliaeetus leucocephalus	A/Bald Eagle/Minnesota/22-011584-001/2022	RT-PCR	VIRAL RNA	Swab\, Cloacal	H5N1			NA
SRR24843188	USA: Minnesota	Meleagris gallopavo	A/Turkey/Minnesota/22-011789-003/2022	RT-PCR	VIRAL RNA	swab	H5N1			Meleagris gallopavo
SRR24843189	USA: Minnesota	Meleagris gallopavo	A/Turkey/Minnesota/22-011789-001/2022	RT-PCR	VIRAL RNA	swab	H5N1			Meleagris gallopavo
SRR24843190	USA: Minnesota	Meleagris gallopavo	A/Turkey/Minnesota/22-011787-002/2022	RT-PCR	VIRAL RNA	swab	H5N1			Meleagris gallopavo
SRR24843191	USA: Minnesota	Meleagris gallopavo	A/Turkey/Minnesota/22-011787-001/2022	RT-PCR	VIRAL RNA	swab	H5N1			Meleagris gallopavo
SRR24843192	USA: North Dakota	Gallus gallus	A/Backyard bird/North Dakota/22-011778-001/2022	RT-PCR	VIRAL RNA	swab	H5N1			Gallus gallus
SRR24843193	USA: Idaho	Gallus gallus	A/Backyard bird/Idaho/22-011775-002/2022	RT-PCR	VIRAL RNA	Swab\, Oropharyngeal	H5N1			Gallus gallus
SRR24843194	USA: North Dakota	Anser caerulescens	A/Snow Goose/North Dakota/22-010663-011/2022	RT-PCR	VIRAL RNA	Swab Pool\, Cloacal/Oropharyngeal	H5N1			Anser caerulescens
SRR24843195	USA: Idaho	Numididae sp.	A/Backyard bird/Idaho/22-011775-001/2022	RT-PCR	VIRAL RNA	Swab\, Oropharyngeal	H5N1			NA
SRR24843196	USA: Pennsylvania	Gallus gallus	A/Chicken/Pennsylvania/22-011767-001/2022	RT-PCR	VIRAL RNA	Swab\, Tracheal	H5N1			Gallus gallus
SRR24843197	USA: Michigan	Haliaeetus leucocephalus	A/Bald Eagle/Michigan/22-011517-007/2022	RT-PCR	VIRAL RNA	Swab Pool\, Cloacal/Tracheal	H5N1			NA
SRR24843198	USA: Michigan	Haliaeetus leucocephalus	A/Bald Eagle/Michigan/22-011517-006/2022	RT-PCR	VIRAL RNA	Swab Pool\, Cloacal/Tracheal	H5N1			NA
SRR24843199	USA: Michigan	Larus argentatus	A/Herring Gull/Michigan/22-011517-004/2022	RT-PCR	VIRAL RNA	Swab Pool\, Cloacal/Tracheal	H5N1			NA
SRR24843200	USA: Michigan	Mergus merganser	A/Merganser/Michigan/22-011517-003/2022	RT-PCR	VIRAL RNA	Swab Pool\, Cloacal/Tracheal	H5N1			NA
SRR24843201	USA: Michigan	Haliaeetus leucocephalus	A/Bald Eagle/Michigan/22-011517-002/2022	RT-PCR	VIRAL RNA	Swab Pool\, Cloacal/Tracheal	H5N1			NA
SRR24843202	USA: Michigan	Aix sponsa	A/Wood Duck/Michigan/22-011517-001/2022	RT-PCR	VIRAL RNA	Swab Pool\, Cloacal/Tracheal	H5N1			NA
SRR24843203	USA: Wisconsin	Meleagris gallopavo	A/Turkey/Wisconsin/22-011508-001/2022	RT-PCR	VIRAL RNA	Swab\, Oropharyngeal	H5N1			Meleagris gallopavo
SRR24843204	USA: Utah	Gallus gallus	A/Chicken/Utah/22-011468-002/2022	RT-PCR	VIRAL RNA	Swab\, Tracheal	H5N1			Gallus gallus
SRR24843205	USA: Utah	Gallus gallus	A/Chicken/Utah/22-011468-001/2022	RT-PCR	VIRAL RNA	Swab\, Tracheal	H5N1			Gallus gallus
SRR24843206	USA: North Dakota	Anser caerulescens	A/Snow Goose/North Dakota/22-010663-003/2022	RT-PCR	VIRAL RNA	Swab Pool\, Cloacal/Oropharyngeal	H5N1			Anser caerulescens
SRR24843207	USA: Wyoming	Meleagris gallopavo	A/Wild Turkey/Wyoming/22-011430-001/2022	RT-PCR	VIRAL RNA	Swab\, Oropharyngeal	H5N1			Meleagris gallopavo
SRR24843208	USA: Wyoming	Corvidae sp.	A/Magpie/Wyoming/22-011426-010/2022	RT-PCR	VIRAL RNA	Swab\, Oropharyngeal	H5N1			NA
SRR24843209	USA: Wyoming	Meleagris gallopavo	A/Wild Turkey/Wyoming/22-011426-009/2022	RT-PCR	VIRAL RNA	Swab\, Oropharyngeal	H5N1			Meleagris gallopavo
SRR24843210	USA: Wyoming	Meleagris gallopavo	A/Wild Turkey/Wyoming/22-011426-005/2022	RT-PCR	VIRAL RNA	Swab\, Oropharyngeal	H5N1			Meleagris gallopavo
SRR24843211	USA: Wyoming	Meleagris gallopavo	A/Wild Turkey/Wyoming/22-011426-003/2022	RT-PCR	VIRAL RNA	Swab\, Oropharyngeal	H5N1			Meleagris gallopavo
SRR24843212	USA: Wyoming	Meleagris gallopavo	A/Wild Turkey/Wyoming/22-011426-001/2022	RT-PCR	VIRAL RNA	Swab\, Oropharyngeal	H5N1			Meleagris gallopavo
SRR24843213	USA: Wisconsin	Gallus gallus	A/Chicken/Wisconsin/22-011334-002/2022	RT-PCR	VIRAL RNA	swab	H5N1			Gallus gallus
SRR24843214	USA: Iowa	Buteo jamaicensis	A/Red-tailed Hawk/Iowa/22-011298-001/2022	RT-PCR	VIRAL RNA	Swab\, Tracheal	H5N1			NA
SRR24843215	USA: Montana	Anser caerulescens	A/Snow Goose/Montana/22-011287-001/2022	RT-PCR	VIRAL RNA	Swab\, Tracheal	H5N1			Anser caerulescens
SRR24843216	USA: Missouri	Anser caerulescens	A/Snow Goose/Missouri/22-011404-001/2022	RT-PCR	VIRAL RNA	Fluid\, Amnionic-Allantoic	H5N1			Anser caerulescens
SRR24843217	USA: Massachusetts	Calidris alba	A/Sanderling/Massachusetts/22-011403-001/2022	RT-PCR	VIRAL RNA	Fluid\, Amnionic-Allantoic	H5N1			NA
SRR24843218	USA: North Dakota	Anser caerulescens	A/Snow Goose/North Dakota/22-010663-002/2022	RT-PCR	VIRAL RNA	Swab Pool\, Cloacal/Oropharyngeal	H5N1			Anser caerulescens
SRR24843219	USA: Minnesota	Meleagris gallopavo	A/Turkey/Minnesota/22-010463-002/2022	RT-PCR	VIRAL RNA	swab	H5N1			Meleagris gallopavo
SRR24843220	USA: Florida	Haliaeetus leucocephalus	A/Bald Eagle/Florida/22-011399-001/2022	RT-PCR	VIRAL RNA	Swab Pool\, Cloacal/Oropharyngeal	H5N1			NA
SRR24843221	USA: Wisconsin	Haliaeetus leucocephalus	A/Bald Eagle/Wisconsin/22-011350-001/2022	RT-PCR	VIRAL RNA	Swab\, Oropharyngeal	H5N1			NA
SRR24843222	USA: Idaho	Gallus gallus	A/Chicken/Idaho/22-011347-005/2022	RT-PCR	VIRAL RNA	Swab\, Oropharyngeal	H5N1			Gallus gallus
SRR24843223	USA: Idaho	Gallus gallus	A/Chicken/Idaho/22-011347-004/2022	RT-PCR	VIRAL RNA	Swab\, Oropharyngeal	H5N1			Gallus gallus
SRR24843224	USA: Idaho	Gallus gallus	A/Chicken/Idaho/22-011347-002/2022	RT-PCR	VIRAL RNA	Swab\, Oropharyngeal	H5N1			Gallus gallus
SRR24843225	USA: Minnesota	Haliaeetus leucocephalus	A/Bald Eagle/Minnesota/22-011346-001/2022	RT-PCR	VIRAL RNA	Swab\, Tracheal	H5N1			NA
SRR24843226	USA: Indiana	Anas sp.	A/Duck/Indiana/22-011343-001/2022	RT-PCR	VIRAL RNA	Swab\, Cloacal	H5N1			NA
SRR24843227	USA: Minnesota	Meleagris gallopavo	A/Turkey/Minnesota/22-011338-003/2022	RT-PCR	VIRAL RNA	swab	H5N1			Meleagris gallopavo
SRR24843228	USA: Minnesota	Meleagris gallopavo	A/Turkey/Minnesota/22-011338-002/2022	RT-PCR	VIRAL RNA	swab	H5N1			Meleagris gallopavo
SRR24843229	USA: North Dakota	Anser caerulescens	A/Snow Goose/North Dakota/22-011039-003/2022	RT-PCR	VIRAL RNA	Swab Pool\, Cloacal/Oropharyngeal	H5N1			Anser caerulescens
SRR24843230	USA: North Dakota	Anser caerulescens	A/Snow Goose/North Dakota/22-011039-002/2022	RT-PCR	VIRAL RNA	Swab Pool\, Cloacal/Oropharyngeal	H5N1			Anser caerulescens
SRR24843231	USA: North Dakota	Anser rossii	A/Ross's Goose/North Dakota/22-011039-001/2022	RT-PCR	VIRAL RNA	Swab Pool\, Cloacal/Oropharyngeal	H5N1			NA
SRR24843232	USA: North Dakota	Buteo jamaicensis	A/Red-tailed Hawk/North Dakota/22-011038-001/2022	RT-PCR	VIRAL RNA	Swab Pool\, Cloacal/Oropharyngeal	H5N1			NA
SRR24843233	USA: North Dakota	Anser rossii	A/Ross's Goose/North Dakota/22-011037-004/2022	RT-PCR	VIRAL RNA	Swab Pool\, Cloacal/Oropharyngeal	H5N1			NA
SRR24843234	USA: North Dakota	Anser caerulescens	A/Snow Goose/North Dakota/22-011036-003/2022	RT-PCR	VIRAL RNA	Swab Pool\, Cloacal/Oropharyngeal	H5N1			Anser caerulescens
SRR24843235	USA: North Dakota	Anser caerulescens	A/Snow Goose/North Dakota/22-011036-002/2022	RT-PCR	VIRAL RNA	Swab Pool\, Cloacal/Oropharyngeal	H5N1			Anser caerulescens
SRR24843236	USA: North Dakota	Anser caerulescens	A/Snow Goose/North Dakota/22-011036-001/2022	RT-PCR	VIRAL RNA	Swab Pool\, Cloacal/Oropharyngeal	H5N1			Anser caerulescens
SRR24843237	USA: North Dakota	Anser caerulescens	A/Snow Goose/North Dakota/22-011035-005/2022	RT-PCR	VIRAL RNA	Swab Pool\, Cloacal/Oropharyngeal	H5N1			Anser caerulescens
SRR24843238	USA: North Dakota	Anser caerulescens	A/Snow Goose/North Dakota/22-011035-004/2022	RT-PCR	VIRAL RNA	Swab Pool\, Cloacal/Oropharyngeal	H5N1			Anser caerulescens
SRR24843239	USA: North Dakota	Anser caerulescens	A/Snow Goose/North Dakota/22-011035-002/2022	RT-PCR	VIRAL RNA	Swab Pool\, Cloacal/Oropharyngeal	H5N1			Anser caerulescens
SRR24843240	USA: Wisconsin	Lophodytes cucullatus	A/Hooded Merganser/Wisconsin/22-011029-001/2022	RT-PCR	VIRAL RNA	Swab\, Tracheal	H5N1			NA
SRR24843241	USA: Wisconsin	Lophodytes cucullatus	A/Hooded Merganser/Wisconsin/22-011029-002/2022	RT-PCR	VIRAL RNA	Swab\, Tracheal	H5N1			NA
SRR24843242	USA: Iowa	Bubo virginianus	A/Great Horned Owl/Iowa/22-010620-002/2022	RT-PCR	VIRAL RNA	Swab Pool\, Cloacal/Oropharyngeal	H5N1			NA
SRR24843243	USA: North Dakota	Anser rossii	A/Ross's Goose/North Dakota/22-011033-001/2022	RT-PCR	VIRAL RNA	Swab Pool\, Cloacal/Oropharyngeal	H5N1			NA
SRR24843244	USA: North Dakota	Anser rossii	A/Ross's Goose/North Dakota/22-011033-002/2022	RT-PCR	VIRAL RNA	Swab Pool\, Cloacal/Oropharyngeal	H5N1			NA
SRR24843245	USA: North Dakota	Anser caerulescens	A/Snow Goose/North Dakota/22-011033-003/2022	RT-PCR	VIRAL RNA	Swab Pool\, Cloacal/Oropharyngeal	H5N1			Anser caerulescens
SRR24843246	USA: North Dakota	Anser caerulescens	A/Snow Goose/North Dakota/22-011033-004/2022	RT-PCR	VIRAL RNA	Swab Pool\, Cloacal/Oropharyngeal	H5N1			Anser caerulescens
SRR24843247	USA: North Dakota	Anser caerulescens	A/Snow Goose/North Dakota/22-011033-005/2022	RT-PCR	VIRAL RNA	Swab Pool\, Cloacal/Oropharyngeal	H5N1			Anser caerulescens
SRR24843248	USA: North Dakota	Anser rossii	A/Ross's Goose/North Dakota/22-011034-001/2022	RT-PCR	VIRAL RNA	Swab Pool\, Cloacal/Oropharyngeal	H5N1			NA
SRR24843249	USA: North Dakota	Anser caerulescens	A/Snow Goose/North Dakota/22-011034-002/2022	RT-PCR	VIRAL RNA	Swab Pool\, Cloacal/Oropharyngeal	H5N1			Anser caerulescens
SRR24843250	USA: North Dakota	Anser caerulescens	A/Snow Goose/North Dakota/22-011034-004/2022	RT-PCR	VIRAL RNA	Swab Pool\, Cloacal/Oropharyngeal	H5N1			Anser caerulescens
SRR24843251	USA: North Dakota	Anser caerulescens	A/Snow Goose/North Dakota/22-011034-005/2022	RT-PCR	VIRAL RNA	Swab Pool\, Cloacal/Oropharyngeal	H5N1			Anser caerulescens
SRR24843252	USA: North Dakota	Anser rossii	A/Ross's Goose/North Dakota/22-011035-001/2022	RT-PCR	VIRAL RNA	Swab Pool\, Cloacal/Oropharyngeal	H5N1			NA
SRR24843253	USA: Michigan	Haliaeetus leucocephalus	A/Bald Eagle/Michigan/22-010622-003/2022	RT-PCR	VIRAL RNA	Swab Pool\, Cloacal/Tracheal	H5N1			NA
SRR24843254	USA: Montana	Anas platyrhynchos	A/Duck/Montana/22-010454-001/2022	RT-PCR	VIRAL RNA	Swab\, Oropharyngeal	H5N1			NA
SRR24843255	USA: Montana	Anas platyrhynchos	A/Duck/Montana/22-010454-003/2022	RT-PCR	VIRAL RNA	Swab\, Oropharyngeal	H5N1			NA
SRR24843256	USA: Iowa	Bubo virginianus	A/Great Horned Owl/Iowa/22-010620-001/2022	RT-PCR	VIRAL RNA	Swab Pool\, Cloacal/Oropharyngeal	H5N1			NA
SRR24843257	USA: Minnesota	Gallus gallus	A/Chicken/Minnesota/22-010993-004/2022	RT-PCR	VIRAL RNA	swab	H5N1			Gallus gallus
SRR24843258	USA: Minnesota	Gallus gallus	A/Chicken/Minnesota/22-010994-001/2022	RT-PCR	VIRAL RNA	swab	H5N1			Gallus gallus
SRR24843259	USA: Minnesota	Meleagris gallopavo	A/Turkey/Minnesota/22-010995-001/2022	RT-PCR	VIRAL RNA	swab	H5N1			Meleagris gallopavo
SRR24843260	USA: Minnesota	Meleagris gallopavo	A/Turkey/Minnesota/22-010995-002/2022	RT-PCR	VIRAL RNA	swab	H5N1			Meleagris gallopavo
SRR24843261	USA: Minnesota	Anser sp.	A/Backyard bird/Minnesota/22-013221-002/2022	RT-PCR	VIRAL RNA	Swab\, Cloacal	H5N1			NA
SRR24843262	USA: Minnesota	Gallus gallus	A/Backyard bird/Minnesota/22-013221-001/2022	RT-PCR	VIRAL RNA	Swab\, Oropharyngeal	H5N1			Gallus gallus
SRR24843263	USA: Oklahoma	Gallus gallus	A/Chicken/Oklahoma/22-013220-001/2022	RT-PCR	VIRAL RNA	Swab\, Oropharyngeal	H5N1			Gallus gallus
SRR24843264	USA: Pennsylvania	Anas sp.	A/Duck/Pennsylvania/22-013189-004/2022	RT-PCR	VIRAL RNA	swab	H5N1			NA
SRR24843265	USA: Pennsylvania	Anas sp.	A/Duck/Pennsylvania/22-013189-003/2022	RT-PCR	VIRAL RNA	swab	H5N1			NA
SRR24843266	USA: Minnesota	Haliaeetus leucocephalus	A/Bald Eagle/Minnesota/22-010715-001/2022	RT-PCR	VIRAL RNA	Swab\, Tracheal	H5N1			NA
SRR24843267	USA: Wisconsin	Phasianidae sp.	A/Backyard bird/Wisconsin/22-013183-005/2022	RT-PCR	VIRAL RNA	Swab\, Oropharyngeal	H5N1			NA
SRR24843268	USA: Wisconsin	Anas sp.	A/Backyard bird/Wisconsin/22-013183-004/2022	RT-PCR	VIRAL RNA	Swab\, Cloacal	H5N1			NA
SRR24843269	USA: Wisconsin	Numididae sp.	A/Backyard bird/Wisconsin/22-013183-003/2022	RT-PCR	VIRAL RNA	Swab\, Oropharyngeal	H5N1			NA
SRR24843270	USA: Wisconsin	Melegris gallopavo	A/Backyard bird/Wisconsin/22-013183-002/2022	RT-PCR	VIRAL RNA	Swab\, Oropharyngeal	H5N1			NA
SRR24843271	USA: Wyoming	Buteo jamaicensis	A/Red-tailed Hawk/Wyoming/22-013182-001/2022	RT-PCR	VIRAL RNA	Swab\, Cloacal	H5N1			NA
SRR24843272	USA: Wyoming	Strigiformes sp.	A/Owl/Wyoming/22-013181-001/2022	RT-PCR	VIRAL RNA	Swab\, Cloacal	H5N1			NA
SRR24843273	USA: North Dakota	Cathartes aura	A/Turkey Vulture/North Dakota/22-013149-001/2022	RT-PCR	VIRAL RNA	Swab Pool\, Cloacal/Oropharyngeal	H5N1			NA
SRR24843274	USA: North Dakota	Anser caerulescens	A/Snow Goose/North Dakota/22-013148-003/2022	RT-PCR	VIRAL RNA	Swab Pool\, Cloacal/Oropharyngeal	H5N1			Anser caerulescens
SRR24843275	USA: North Dakota	Anser caerulescens	A/Snow Goose/North Dakota/22-013148-002/2022	RT-PCR	VIRAL RNA	Swab Pool\, Cloacal/Oropharyngeal	H5N1			Anser caerulescens
SRR24843276	USA: North Dakota	Antigone canadensis	A/Sandhill Crane/North Dakota/22-013131-001/2022	RT-PCR	VIRAL RNA	Swab Pool\, Cloacal/Oropharyngeal	H5N1			NA
SRR24843277	USA: Florida	Coragyps atratus	A/Black Vulture/Florida/22-010686-001/2022	RT-PCR	VIRAL RNA	Swab Pool\, Cloacal/Oropharyngeal	H5N1			NA
SRR24843278	USA: North Dakota	Buteo jamaicensis	A/Red-tailed Hawk/North Dakota/22-013130-001/2022	RT-PCR	VIRAL RNA	Swab Pool\, Cloacal/Oropharyngeal	H5N1			NA
SRR24843279	USA: North Dakota	Accipitridae sp.	A/Hawk/North Dakota/22-013145-004/2022	RT-PCR	VIRAL RNA	Swab Pool\, Cloacal/Oropharyngeal	H5N1			NA
SRR24843280	USA: North Dakota	Accipiter cooperii	A/Cooper's Hawk/North Dakota/22-013145-003/2022	RT-PCR	VIRAL RNA	Swab Pool\, Cloacal/Oropharyngeal	H5N1			NA
SRR24843281	USA: North Dakota	Corvus brachyrhynchos	A/American Crow/North Dakota/22-013145-002/2022	RT-PCR	VIRAL RNA	Swab Pool\, Cloacal/Oropharyngeal	H5N1			NA
SRR24843282	USA: North Dakota	Corvus brachyrhynchos	A/American Crow/North Dakota/22-013145-001/2022	RT-PCR	VIRAL RNA	Swab Pool\, Cloacal/Oropharyngeal	H5N1			NA
SRR24843283	USA: North Dakota	Cathartes aura	A/Turkey Vulture/North Dakota/22-013144-001/2022	RT-PCR	VIRAL RNA	Swab Pool\, Cloacal/Oropharyngeal	H5N1			NA
SRR24843284	USA: North Dakota	Buteo jamaicensis	A/Red-tailed Hawk/North Dakota/22-013143-001/2022	RT-PCR	VIRAL RNA	Swab Pool\, Cloacal/Oropharyngeal	H5N1			NA
SRR24843285	USA: North Dakota	Haliaeetus leucocephalus	A/Bald Eagle/North Dakota/22-013142-001/2022	RT-PCR	VIRAL RNA	Swab Pool\, Cloacal/Oropharyngeal	H5N1			NA
SRR24843286	USA: North Dakota	Buteo jamaicensis	A/Red-tailed Hawk/North Dakota/22-013140-005/2022	RT-PCR	VIRAL RNA	Swab Pool\, Cloacal/Oropharyngeal	H5N1			NA
SRR24843287	USA: North Dakota	Corvus brachyrhynchos	A/American Crow/North Dakota/22-013140-004/2022	RT-PCR	VIRAL RNA	Swab Pool\, Cloacal/Oropharyngeal	H5N1			NA
SRR24843288	USA: Minnesota	Bubo virginianus	A/Great Horned Owl/Minnesota/22-010713-002/2022	RT-PCR	VIRAL RNA	Swab Pool\, Cloacal/Oropharyngeal	H5N1			NA
SRR24843289	USA: North Dakota	Corvus brachyrhynchos	A/American Crow/North Dakota/22-013140-003/2022	RT-PCR	VIRAL RNA	Swab Pool\, Cloacal/Oropharyngeal	H5N1			NA
SRR24843290	USA: North Dakota	Corvus brachyrhynchos	A/American Crow/North Dakota/22-013140-002/2022	RT-PCR	VIRAL RNA	Swab Pool\, Cloacal/Oropharyngeal	H5N1			NA
SRR24843291	USA: North Dakota	Corvus brachyrhynchos	A/American Crow/North Dakota/22-013140-001/2022	RT-PCR	VIRAL RNA	Swab Pool\, Cloacal/Oropharyngeal	H5N1			NA
SRR24843292	USA: North Dakota	Bubo virginianus	A/Great Horned Owl/North Dakota/22-013139-001/2022	RT-PCR	VIRAL RNA	Swab Pool\, Cloacal/Oropharyngeal	H5N1			NA
SRR24843293	USA: Florida	Aythya affinis	A/Lesser Scaup/Florida/22-010679-001/2022	RT-PCR	VIRAL RNA	Swab Pool\, Cloacal/Tracheal	H5N1			NA
SRR24843294	USA: Minnesota	Corvus brachyrhynchos	A/American Crow/Minnesota/22-012668-016/2022	RT-PCR	VIRAL RNA	Swab\, Cloacal	H5N1			NA
SRR24843295	USA: Minnesota	Buteo jamaicensis	A/Red-tailed Hawk/Minnesota/22-012668-015/2022	RT-PCR	VIRAL RNA	Swab\, Cloacal	H5N1			NA
SRR24843296	USA: Minnesota	Accipiter cooperii	A/Cooper's Hawk/Minnesota/22-012668-014/2022	RT-PCR	VIRAL RNA	Swab\, Cloacal	H5N1			NA
SRR24843297	USA: Minnesota	Bubo virginianus	A/Great Horned Owl/Minnesota/22-012668-013/2022	RT-PCR	VIRAL RNA	Swab\, Cloacal	H5N1			NA
SRR24843298	USA: Minnesota	Bubo virginianus	A/Great Horned Owl/Minnesota/22-012668-011/2022	RT-PCR	VIRAL RNA	Swab\, Cloacal	H5N1			NA
SRR24843299	USA: Minnesota	Haliaeetus leucocephalus	A/Bald Eagle/Minnesota/22-012668-010/2022	RT-PCR	VIRAL RNA	Swab\, Cloacal	H5N1			NA
SRR24843300	USA: Minnesota	Haliaeetus leucocephalus	A/Bald Eagle/Minnesota/22-012668-009/2022	RT-PCR	VIRAL RNA	Swab\, Cloacal	H5N1			NA
SRR24843301	USA: Minnesota	Haliaeetus leucocephalus	A/Bald Eagle/Minnesota/22-012668-007/2022	RT-PCR	VIRAL RNA	Swab\, Cloacal	H5N1			NA
SRR24843302	USA: Minnesota	Buteo jamaicensis	A/Red-tailed Hawk/Minnesota/22-012668-006/2022	RT-PCR	VIRAL RNA	Swab\, Cloacal	H5N1			NA
SRR24843303	USA: Florida	Cairina moschata	A/Muscovy Duck/Florida/22-010679-002/2022	RT-PCR	VIRAL RNA	Swab Pool\, Cloacal/Tracheal	H5N1			NA
SRR24843304	USA: Minnesota	Bubo virginianus	A/Great Horned Owl/Minnesota/22-012668-005/2022	RT-PCR	VIRAL RNA	Swab\, Cloacal	H5N1			NA
SRR24843305	USA: Minnesota	Bubo virginianus	A/Great Horned Owl/Minnesota/22-012668-003/2022	RT-PCR	VIRAL RNA	Swab\, Cloacal	H5N1			NA
SRR24843306	USA: Minnesota	Buteo jamaicensis	A/Red-tailed Hawk/Minnesota/22-012668-002/2022	RT-PCR	VIRAL RNA	Swab\, Cloacal	H5N1			NA
SRR24843307	USA: Minnesota	Bubo virginianus	A/Great Horned Owl/Minnesota/22-012668-001/2022	RT-PCR	VIRAL RNA	Swab\, Cloacal	H5N1			NA
SRR24843308	USA: Wyoming	Branta canadensis	A/Canada Goose/Wyoming/22-012665-003/2022	RT-PCR	VIRAL RNA	Swab\, Cloacal	H5N1			NA
SRR24843309	USA: Wyoming	Corvidae sp.	A/Magpie/Wyoming/22-012665-002/2022	RT-PCR	VIRAL RNA	Swab\, Cloacal	H5N1			NA
SRR24843310	USA: Wyoming	Corvidae sp.	A/Magpie/Wyoming/22-012665-001/2022	RT-PCR	VIRAL RNA	Swab\, Cloacal	H5N1			NA
SRR24843311	USA: New York	Bubo virginianus	A/Great Horned Owl/New York/22-012662-001/2022	RT-PCR	VIRAL RNA	Swab Pool\, Cloacal/Oropharyngeal	H5N1			NA
SRR24843312	USA: Michigan	Anser sp.	A/Backyard bird/Michigan/22-012454-002/2022	RT-PCR	VIRAL RNA	Swab\, Cloacal	H5N1			NA
SRR24843313	USA: Tennessee	Branta canadensis	A/Canada Goose/Tennessee/22-010667-001/2022	RT-PCR	VIRAL RNA	Swab Pool\, Cloacal/Oropharyngeal	H5N1			NA
SRR24843314	USA: Michigan	Anas sp.	A/Backyard bird/Michigan/22-012454-001/2022	RT-PCR	VIRAL RNA	Swab\, Oropharyngeal	H5N1			NA
SRR24843315	USA: Montana	Meleagris gallopavo	A/Wild Turkey/Montana/22-012657-002/2022	RT-PCR	VIRAL RNA	Swab\, Tracheal	H5N1			Meleagris gallopavo
SRR24843316	USA: Montana	Meleagris gallopavo	A/Wild Turkey/Montana/22-012657-001/2022	RT-PCR	VIRAL RNA	Swab\, Tracheal	H5N1			Meleagris gallopavo
SRR24843317	USA: North Dakota	Accipitridae sp.	A/Hawk/North Dakota/22-012638-001/2022	RT-PCR	VIRAL RNA	Swab\, Cloacal	H5N1			NA
SRR24843318	USA: Florida	Coragyps atratus	A/Black Vulture/Florida/22-012637-002/2022	RT-PCR	VIRAL RNA	Swab Pool\, Cloacal/Tracheal	H5N1			NA
SRR24843319	USA: Florida	Coragyps atratus	A/Black Vulture/Florida/22-012637-001/2022	RT-PCR	VIRAL RNA	Swab Pool\, Cloacal/Tracheal	H5N1			NA
SRR24843320	USA: Florida	Coragyps atratus	A/Black Vulture/Florida/22-012636-001/2022	RT-PCR	VIRAL RNA	Swab Pool\, Cloacal/Oropharyngeal	H5N1			NA
SRR24843321	USA: Florida	Coragyps atratus	A/Black Vulture/Florida/22-012635-001/2022	RT-PCR	VIRAL RNA	Swab Pool\, Cloacal/Oropharyngeal	H5N1			NA
SRR24843322	USA: Florida	Coragyps atratus	A/Black Vulture/Florida/22-012634-002/2022	RT-PCR	VIRAL RNA	Swab Pool\, Cloacal/Oropharyngeal	H5N1			NA
SRR24843323	USA: Florida	Coragyps atratus	A/Black Vulture/Florida/22-012634-001/2022	RT-PCR	VIRAL RNA	Swab Pool\, Cloacal/Oropharyngeal	H5N1			NA
SRR24843324	USA: Florida	Coragyps atratus	A/Black Vulture/Florida/22-012633-002/2022	RT-PCR	VIRAL RNA	Swab Pool\, Cloacal/Tracheal	H5N1			NA
SRR24843325	USA: Minnesota	Lophodytes cucullatus	A/Hooded Merganser/Minnesota/22-012024-001/2022	RT-PCR	VIRAL RNA	Swab Pool\, Cloacal/Oropharyngeal	H5N1			NA
SRR24843326	USA: Minnesota	Aix sponsa	A/Wood Duck/Minnesota/22-012022-002/2022	RT-PCR	VIRAL RNA	Swab Pool\, Cloacal/Oropharyngeal	H5N1			NA
SRR24843327	USA: Montana	Anser caerulescens	A/Snow Goose/Montana/22-012013-002/2022	RT-PCR	VIRAL RNA	Swab\, Tracheal	H5N1			Anser caerulescens
SRR24843328	USA: Minnesota	Bubo virginianus	A/Great Horned Owl/Minnesota/22-012007-001/2022	RT-PCR	VIRAL RNA	Swab Pool\, Cloacal/Oropharyngeal	H5N1			NA
SRR24843329	USA: Minnesota	Bubo virginianus	A/Great Horned Owl/Minnesota/22-012006-001/2022	RT-PCR	VIRAL RNA	Swab\, Tracheal	H5N1			NA
SRR24843330	USA: Minnesota	Aix sponsa	A/Wood Duck/Minnesota/22-012003-002/2022	RT-PCR	VIRAL RNA	Swab Pool\, Cloacal/Tracheal	H5N1			NA
SRR24843331	USA: Minnesota	Corvus brachyrhynchos	A/American Crow/Minnesota/22-012003-001/2022	RT-PCR	VIRAL RNA	Swab Pool\, Cloacal/Tracheal	H5N1			NA
SRR24843332	USA: Minnesota	Buteo lineatus	A/Red-shouldered Hawk/Minnesota/22-012000-004/2022	RT-PCR	VIRAL RNA	Swab Pool\, Cloacal/Tracheal	H5N1			NA
SRR24843333	USA: Montana	Anas platyrhynchos	A/Duck/Montana/22-012040-005/2022	RT-PCR	VIRAL RNA	Swab\, Cloacal	H5N1			NA
SRR24843334	USA: North Dakota	Anser rossii	A/Ross's Goose/North Dakota/22-010663-021/2022	RT-PCR	VIRAL RNA	Swab Pool\, Cloacal/Oropharyngeal	H5N1			NA
SRR24843335	USA: Montana	Gallus gallus	A/Chicken/Montana/22-012040-003/2022	RT-PCR	VIRAL RNA	Swab\, Oropharyngeal	H5N1			Gallus gallus
SRR24843336	USA: Montana	Gallus gallus	A/Chicken/Montana/22-012040-001/2022	RT-PCR	VIRAL RNA	Swab\, Cloacal	H5N1			Gallus gallus
SRR24843337	USA: Minnesota	Meleagris gallopavo	A/Turkey/Minnesota/22-012036-001/2022	RT-PCR	VIRAL RNA	swab	H5N1			Meleagris gallopavo
SRR24843338	USA: Minnesota	Meleagris gallopavo	A/Turkey/Minnesota/22-012034-001/2022	RT-PCR	VIRAL RNA	swab	H5N1			Meleagris gallopavo
SRR24843339	USA: Minnesota	Bubo virginianus	A/Great Horned Owl/Minnesota/22-012032-001/2022	RT-PCR	VIRAL RNA	Swab Pool\, Cloacal/Oropharyngeal	H5N1			NA
SRR24843340	USA: Minnesota	Buteo jamaicensis	A/Red-tailed Hawk/Minnesota/22-012031-001/2022	RT-PCR	VIRAL RNA	Swab Pool\, Cloacal/Oropharyngeal	H5N1			NA
SRR24843341	USA: Minnesota	Buteo jamaicensis	A/Red-tailed Hawk/Minnesota/22-012030-001/2022	RT-PCR	VIRAL RNA	Swab Pool\, Cloacal/Oropharyngeal	H5N1			NA
SRR24843342	USA: Minnesota	Anser rossii	A/Ross's Goose/Minnesota/22-012029-001/2022	RT-PCR	VIRAL RNA	Swab Pool\, Cloacal/Oropharyngeal	H5N1			NA
SRR24843343	USA: Minnesota	Haliaeetus leucocephalus	A/Bald Eagle/Minnesota/22-012028-001/2022	RT-PCR	VIRAL RNA	Swab Pool\, Cloacal/Oropharyngeal	H5N1			NA
SRR24843344	USA: Minnesota	Bubo virginianus	A/Great Horned Owl/Minnesota/22-012026-001/2022	RT-PCR	VIRAL RNA	Swab Pool\, Cloacal/Oropharyngeal	H5N1			NA
SRR24843345	USA: North Dakota	Anser rossii	A/Ross's Goose/North Dakota/22-010663-020/2022	RT-PCR	VIRAL RNA	Swab Pool\, Cloacal/Oropharyngeal	H5N1			NA
SRR24843346	USA: Minnesota	Haliaeetus leucocephalus	A/Bald Eagle/Minnesota/22-012025-001/2022	RT-PCR	VIRAL RNA	Swab Pool\, Cloacal/Oropharyngeal	H5N1			NA
SRR24843347	USA: Minnesota	Bubo virginianus	A/Great Horned Owl/Minnesota/22-011871-014/2022	RT-PCR	VIRAL RNA	Swab\, Cloacal	H5N1			NA
SRR24843348	USA: Minnesota	Buteo jamaicensis	A/Red-tailed Hawk/Minnesota/22-011871-013/2022	RT-PCR	VIRAL RNA	Swab\, Cloacal	H5N1			NA
SRR24843349	USA: Minnesota	Aix sponsa	A/Wood Duck/Minnesota/22-012000-003/2022	RT-PCR	VIRAL RNA	Swab Pool\, Cloacal/Tracheal	H5N1			NA
SRR24843350	USA: North Dakota	Anser rossii	A/Ross's Goose/North Dakota/22-010663-019/2022	RT-PCR	VIRAL RNA	Swab Pool\, Cloacal/Oropharyngeal	H5N1			NA
SRR24843351	USA: Minnesota	Mergus merganser	A/Merganser/Minnesota/22-012000-002/2022	RT-PCR	VIRAL RNA	Swab Pool\, Cloacal/Tracheal	H5N1			NA
SRR24843352	USA: Indiana	Buteo jamaicensis	A/Red-tailed Hawk/Indiana/22-011949-002/2022	RT-PCR	VIRAL RNA	Swab\, Tracheal	H5N1			NA
SRR24843353	USA: Indiana	Buteo jamaicensis	A/Red-tailed Hawk/Indiana/22-011949-001/2022	RT-PCR	VIRAL RNA	Swab\, Cloacal	H5N1			NA
SRR24843354	USA: Indiana	Haliaeetus leucocephalus	A/Bald Eagle/Indiana/22-011948-002/2022	RT-PCR	VIRAL RNA	Swab\, Tracheal	H5N1			NA
SRR24843355	USA: Indiana	Haliaeetus leucocephalus	A/Bald Eagle/Indiana/22-011948-001/2022	RT-PCR	VIRAL RNA	Swab\, Cloacal	H5N1			NA
SRR24843356	USA: Indiana	Anas sp.	A/Duck/Indiana/22-011946-004/2022	RT-PCR	VIRAL RNA	Swab\, Cloacal	H5N1			NA
SRR24843357	USA: Michigan	Gallus gallus	A/Backyard bird/Michigan/22-011526-001/2022	RT-PCR	VIRAL RNA	swab	H5N1			Gallus gallus
SRR24843358	USA: Michigan	Callipepla sp.	A/Backyard bird/Michigan/22-011521-005/2022	RT-PCR	VIRAL RNA	Swab\, Oropharyngeal	H5N1			NA
SRR24843359	USA: North Dakota	Anser caerulescens	A/Snow Goose/North Dakota/22-011566-001/2022	RT-PCR	VIRAL RNA	Swab Pool\, Cloacal/Oropharyngeal	H5N1			Anser caerulescens
SRR24843360	USA: North Dakota	Buteo jamaicensis	A/Red-tailed Hawk/North Dakota/22-011565-002/2022	RT-PCR	VIRAL RNA	Swab Pool\, Cloacal/Oropharyngeal	H5N1			NA
SRR24843361	USA: North Dakota	Buteo jamaicensis	A/Red-tailed Hawk/North Dakota/22-011565-001/2022	RT-PCR	VIRAL RNA	Swab Pool\, Cloacal/Oropharyngeal	H5N1			NA
SRR24843362	USA: North Dakota	Corvus brachyrhynchos	A/American Crow/North Dakota/22-011564-005/2022	RT-PCR	VIRAL RNA	Swab Pool\, Cloacal/Oropharyngeal	H5N1			NA
SRR24843363	USA: North Dakota	Corvus brachyrhynchos	A/American Crow/North Dakota/22-011564-004/2022	RT-PCR	VIRAL RNA	Swab Pool\, Cloacal/Oropharyngeal	H5N1			NA
SRR24843364	USA: North Dakota	Corvus brachyrhynchos	A/American Crow/North Dakota/22-011564-003/2022	RT-PCR	VIRAL RNA	Swab Pool\, Cloacal/Oropharyngeal	H5N1			NA
SRR24843365	USA: North Dakota	Anser caerulescens	A/Snow Goose/North Dakota/22-010663-006/2022	RT-PCR	VIRAL RNA	Swab Pool\, Cloacal/Oropharyngeal	H5N1			Anser caerulescens
SRR24843366	USA: North Dakota	Corvus brachyrhynchos	A/American Crow/North Dakota/22-011564-002/2022	RT-PCR	VIRAL RNA	Swab Pool\, Cloacal/Oropharyngeal	H5N1			NA
SRR24843367	USA: North Dakota	Anser caerulescens	A/Snow Goose/North Dakota/22-011563-004/2022	RT-PCR	VIRAL RNA	Swab Pool\, Cloacal/Oropharyngeal	H5N1			Anser caerulescens
SRR24843368	USA: North Dakota	Anser caerulescens	A/Snow Goose/North Dakota/22-011563-003/2022	RT-PCR	VIRAL RNA	Swab Pool\, Cloacal/Oropharyngeal	H5N1			Anser caerulescens
SRR24843369	USA: North Dakota	Anser rossii	A/Ross's Goose/North Dakota/22-011563-002/2022	RT-PCR	VIRAL RNA	Swab Pool\, Cloacal/Oropharyngeal	H5N1			NA
SRR24843370	USA: Colorado	Bubo virginianus	A/Great Horned Owl/Colorado/22-011558-001/2022	RT-PCR	VIRAL RNA	Swab Pool\, Cloacal/Oropharyngeal	H5N1			NA
SRR24843371	USA: Vermont	Cathartes aura	A/Turkey Vulture/Vermont/22-011552-001/2022	RT-PCR	VIRAL RNA	Swab Pool\, Cloacal/Oropharyngeal	H5N1			NA
SRR24843372	USA: Florida	Coragyps atratus	A/Black Vulture/Florida/22-011545-001/2022	RT-PCR	VIRAL RNA	Swab Pool\, Cloacal/Oropharyngeal	H5N1			NA
SRR24843373	USA: Pennsylvania	Gallus gallus	A/Chicken/Pennsylvania/22-011531-006/2022	RT-PCR	VIRAL RNA	Swab\, Oropharyngeal	H5N1			Gallus gallus
SRR24843374	USA: Pennsylvania	Gallus gallus	A/Chicken/Pennsylvania/22-011531-005/2022	RT-PCR	VIRAL RNA	Swab\, Oropharyngeal	H5N1			Gallus gallus
SRR24843375	USA: Pennsylvania	Gallus gallus	A/Chicken/Pennsylvania/22-011531-001/2022	RT-PCR	VIRAL RNA	Swab\, Oropharyngeal	H5N1			Gallus gallus
SRR24843376	USA: North Dakota	Anser caerulescens	A/Snow Goose/North Dakota/22-010663-005/2022	RT-PCR	VIRAL RNA	Swab Pool\, Cloacal/Oropharyngeal	H5N1			Anser caerulescens
SRR24843377	USA: Michigan	Gallus gallus	A/Backyard bird/Michigan/22-011526-003/2022	RT-PCR	VIRAL RNA	Swab\, Oropharyngeal	H5N1			Gallus gallus
SRR24843378	USA: Michigan	Anas sp.	A/Backyard bird/Michigan/22-011526-002/2022	RT-PCR	VIRAL RNA	Swab\, Cloacal	H5N1			NA
SRR24843379	USA: Wyoming	Meleagris gallopavo	A/Wild Turkey/Wyoming/22-011426-007/2022	RT-PCR	VIRAL RNA	Swab\, Oropharyngeal	H5N1			Meleagris gallopavo
SRR24843380	USA: Wyoming	Meleagris gallopavo	A/Wild Turkey/Wyoming/22-011426-006/2022	RT-PCR	VIRAL RNA	Swab\, Oropharyngeal	H5N1			Meleagris gallopavo
SRR24843381	USA: Michigan	Gallus gallus	A/Backyard bird/Michigan/22-011521-004/2022	RT-PCR	VIRAL RNA	Swab\, Oropharyngeal	H5N1			Gallus gallus
SRR24843382	USA: Michigan	Gallus gallus	A/Backyard bird/Michigan/22-011521-003/2022	RT-PCR	VIRAL RNA	Swab\, Oropharyngeal	H5N1			Gallus gallus
SRR24843383	USA: Michigan	Anas sp.	A/Backyard bird/Michigan/22-011521-001/2022	RT-PCR	VIRAL RNA	Swab\, Cloacal	H5N1			NA
SRR24843384	USA: Michigan	Cygnus olor	A/Mute Swan/Michigan/22-011517-011/2022	RT-PCR	VIRAL RNA	Swab Pool\, Cloacal/Tracheal	H5N1			NA
SRR24843385	USA: Michigan	Cygnus columbianus	A/Tundra Swan/Michigan/22-011517-010/2022	RT-PCR	VIRAL RNA	Swab Pool\, Cloacal/Tracheal	H5N1			NA
SRR24843386	USA: Michigan	Cygnus buccinator	A/Trumpeter Swan/Michigan/22-011517-009/2022	RT-PCR	VIRAL RNA	Swab Pool\, Cloacal/Tracheal	H5N1			NA
SRR24843387	USA: North Dakota	Anser caerulescens	A/Snow Goose/North Dakota/22-010663-004/2022	RT-PCR	VIRAL RNA	Swab Pool\, Cloacal/Oropharyngeal	H5N1			Anser caerulescens
SRR24843388	USA: Michigan	Buteo jamaicensis	A/Red-tailed Hawk/Michigan/22-011517-008/2022	RT-PCR	VIRAL RNA	Swab Pool\, Cloacal/Tracheal	H5N1			NA
SRR24843389	USA: North Dakota	Anser caerulescens	A/Snow Goose/North Dakota/22-010663-001/2022	RT-PCR	VIRAL RNA	Swab Pool\, Cloacal/Oropharyngeal	H5N1			Anser caerulescens
SRR24843390	USA: Minnesota	Meleagris gallopavo	A/Turkey/Minnesota/22-011338-001/2022	RT-PCR	VIRAL RNA	swab	H5N1			Meleagris gallopavo
SRR24843391	USA: Minnesota	Meleagris gallopavo	A/Turkey/Minnesota/22-011337-001/2022	RT-PCR	VIRAL RNA	swab	H5N1			Meleagris gallopavo
SRR24843392	USA: Idaho	Gallus gallus	A/Chicken/Idaho/22-011336-001/2022	RT-PCR	VIRAL RNA	Swab\, Tracheal	H5N1			Gallus gallus
SRR24843393	USA: Minnesota	Anser rossii	A/Ross's Goose/Minnesota/22-011226-001/2022	RT-PCR	VIRAL RNA	Swab Pool\, Cloacal/Oropharyngeal	H5N1			NA
SRR24843394	USA: Minnesota	Aix sponsa	A/Wood Duck/Minnesota/22-011225-001/2022	RT-PCR	VIRAL RNA	Swab Pool\, Cloacal/Oropharyngeal	H5N1			NA
SRR24843395	USA: Minnesota	Mergus merganser	A/Mergus/Minnesota/22-011224-001/2022	RT-PCR	VIRAL RNA	Swab Pool\, Cloacal/Oropharyngeal	H5N1			NA
SRR24843396	USA: North Dakota	Buteo jamaicensis	A/Red-tailed Hawk/North Dakota/22-011223-001/2022	RT-PCR	VIRAL RNA	Swab Pool\, Cloacal/Oropharyngeal	H5N1			NA
SRR24843397	USA: North Dakota	Bubo virginianus	A/Great Horned Owl/North Dakota/22-011222-001/2022	RT-PCR	VIRAL RNA	Swab Pool\, Cloacal/Oropharyngeal	H5N1			NA
SRR24843398	USA: North Dakota	Gallus gallus	A/Chicken/North Dakota/22-011286-001/2022	RT-PCR	VIRAL RNA	Swab\, Tracheal	H5N1			Gallus gallus
SRR24843399	USA: Montana	Branta canadensis	A/Canada Goose/Montana/22-011285-001/2022	RT-PCR	VIRAL RNA	Swab\, Cloacal	H5N1			NA
SRR24843400	USA: Minnesota	Bubo virginianus	A/Great Horned Owl/Minnesota/22-011252-001/2022	RT-PCR	VIRAL RNA	Swab\, Tracheal	H5N1			NA
SRR24843401	USA: Ohio	Haliaeetus leucocephalus	A/Bald Eagle/Ohio/22-011251-001/2022	RT-PCR	VIRAL RNA	Swab\, Tracheal	H5N1			NA
SRR24843402	USA: Ohio	Haliaeetus leucocephalus	A/Bald Eagle/Ohio/22-011360-001/2022	RT-PCR	VIRAL RNA	Swab\, Cloacal	H5N1			NA
SRR24843403	USA: North Dakota	Anser sp.	A/Backyard bird/North Dakota/22-010657-002/2022	RT-PCR	VIRAL RNA	Swab\, Cloacal	H5N1			NA
SRR24843404	USA: Ohio	Haliaeetus leucocephalus	A/Bald Eagle/Ohio/22-011250-001/2022	RT-PCR	VIRAL RNA	Swab\, Tracheal	H5N1			NA
SRR24843405	USA: Wisconsin	Aix sponsa	A/Wood Duck/Wisconsin/22-011240-001/2022	RT-PCR	VIRAL RNA	Swab Pool\, Cloacal/Oropharyngeal	H5N1			NA
SRR24843406	USA: Wisconsin	Bubo virginianus	A/Great Horned Owl/Wisconsin/22-011239-001/2022	RT-PCR	VIRAL RNA	Swab Pool\, Cloacal/Oropharyngeal	H5N1			NA
SRR24843407	USA: Wisconsin	Branta canadensis	A/Canada Goose/Wisconsin/22-011238-001/2022	RT-PCR	VIRAL RNA	Swab Pool\, Cloacal/Oropharyngeal	H5N1			NA
SRR24843408	USA: Wisconsin	Cygnus buccinator	A/Trumpeter Swan/Wisconsin/22-011237-001/2022	RT-PCR	VIRAL RNA	Swab Pool\, Cloacal/Oropharyngeal	H5N1			NA
SRR24843409	USA: Minnesota	Anser caerulescens	A/Snow Goose/Minnesota/22-011232-001/2022	RT-PCR	VIRAL RNA	Swab Pool\, Cloacal/Oropharyngeal	H5N1			Anser caerulescens
SRR24843410	USA: Minnesota	Mergus merganser	A/Mergus/Minnesota/22-011231-001/2022	RT-PCR	VIRAL RNA	Swab Pool\, Cloacal/Oropharyngeal	H5N1			NA
SRR24843411	USA: Minnesota	Haliaeetus leucocephalus	A/Bald Eagle/Minnesota/22-011230-001/2022	RT-PCR	VIRAL RNA	Swab Pool\, Cloacal/Oropharyngeal	H5N1			NA
SRR24843412	USA: Minnesota	Haliaeetus leucocephalus	A/Bald Eagle/Minnesota/22-011229-001/2022	RT-PCR	VIRAL RNA	Swab Pool\, Cloacal/Oropharyngeal	H5N1			NA
SRR24843413	USA: Minnesota	Anser albifrons	A/Greater White-fronted Goose/Minnesota/22-011228-001/2022	RT-PCR	VIRAL RNA	Swab Pool\, Cloacal/Oropharyngeal	H5N1			NA
SRR24843414	USA: North Dakota	Gallus gallus	A/Backyard bird/North Dakota/22-010657-001/2022	RT-PCR	VIRAL RNA	Swab\, Oropharyngeal	H5N1			Gallus gallus
SRR24843415	USA: Minnesota	Anser rossii	A/Ross's Goose/Minnesota/22-011227-001/2022	RT-PCR	VIRAL RNA	Swab Pool\, Cloacal/Oropharyngeal	H5N1			NA
SRR24843416	USA: Michigan	Gallus gallus	A/Backyard bird/Michigan/22-011121-002/2022	RT-PCR	VIRAL RNA	Swab\, Cloacal	H5N1			Gallus gallus
SRR24843417	USA: Michigan	Gallus gallus	A/Backyard bird/Michigan/22-011121-001/2022	RT-PCR	VIRAL RNA	Swab\, Oropharyngeal	H5N1			Gallus gallus
SRR24843418	USA: Kansas	Meleagris gallopavo	A/Turkey/Kansas/22-011119-004/2022	RT-PCR	VIRAL RNA	swab	H5N1			Meleagris gallopavo
SRR24843419	USA: North Dakota	Buteo jamaicensis	A/Red-tailed Hawk/North Dakota/22-011220-001/2022	RT-PCR	VIRAL RNA	Swab Pool\, Cloacal/Oropharyngeal	H5N1			NA
SRR24843420	USA: North Dakota	Mergus merganser	A/Mergus/North Dakota/22-011219-001/2022	RT-PCR	VIRAL RNA	Swab Pool\, Cloacal/Oropharyngeal	H5N1			NA
SRR24843421	USA: Minnesota	Meleagris gallopavo	A/Turkey/Minnesota/22-010995-006/2022	RT-PCR	VIRAL RNA	swab	H5N1			Meleagris gallopavo
SRR24843422	USA: Wisconsin	Cygnus olor	A/Mute Swan/Wisconsin/22-011023-001/2022	RT-PCR	VIRAL RNA	Swab\, Tracheal	H5N1			NA
SRR24843423	USA: Wisconsin	Haliaeetus leucocephalus	A/Bald Eagle/Wisconsin/22-011026-001/2022	RT-PCR	VIRAL RNA	Swab\, Tracheal	H5N1			NA
SRR24843424	USA: Illinois	Haliaeetus leucocephalus	A/Bald Eagle/Illinois/22-011028-001/2022	RT-PCR	VIRAL RNA	Swab\, Cloacal	H5N1			NA
SRR29740403	USA: Essex	white-winged scoter	24MM00169	RANDOM	VIRAL RNA			C2.1	A/white-winged scoter/MA/24MM00169/2024(H5N1)	NA
SRR29740404	USA: Brewster	Sanderling	23WI00364	RANDOM	VIRAL RNA			C2.1	A/Sanderling/MA/23WI00364/2024(H5N1)	NA
SRR29740405	USA: Chatham	American Crow	23WI00360	RANDOM	VIRAL RNA			C2.1	A/American Crow/MA/23WI00360/2024(H5N1)	NA
SRR29740406	USA: Harwich	Herring Gull	23WI00359	RANDOM	VIRAL RNA			C2.1	A/Herring Gull/MA/23WI00359/2024(H5N1)	NA
SRR29740407	USA: Harwich	Great Black-backed Gull	23WI00358	RANDOM	VIRAL RNA			C2.1	A/Great Black-backed Gull/MA/23WI00358/2024(H5N1)	NA
SRR29740408	USA: Pepperell	bald eagle	24MM00225	RANDOM	VIRAL RNA			C2.1	A/bald eagle/MA/24MM00225/2024(H5N1)	NA
SRR29740409	USA: Harvard	white-winged scoter	24HP00063	RANDOM	VIRAL RNA			C2.1	A/white-winged scoter/MA/24HP00063/2024(H5N1)	NA
SRR29740410	USA: Harvard	bald eagle	24HP00062	RANDOM	VIRAL RNA			C2.1	A/bald eagle/MA/24HP00062/2024(H5N1)	NA
SRR29740411	USA: Harvard	bald eagle	24HP00061	RANDOM	VIRAL RNA			C2.1	A/bald eagle/MA/24HP00061/2024(H5N1)	NA
SRR29740412	USA: Manchester	white-winged scoter	24MM00125	RANDOM	VIRAL RNA			C2.1	A/white-winged scoter /MA/24MM00125/2024(H5N1)	NA
SRR29740413	USA: Brewster	American crow	22WI00355	RANDOM	VIRAL RNA			A5	A/American crow/MA/22WI00355/2023(H5N1)	NA
SRR29740414	USA: Manchester	white-winged scoter	24MM00123	RANDOM	VIRAL RNA			C2.1	A/white-winged scoter/MA/24MM00123/2024(H5N1)	NA
SRR29740415	USA: Kittery	Red-Tailed Hawk	23NE01665	RANDOM	VIRAL RNA			A2	A/Red-Tailed Hawk/ME/23NE01665/2023(H5N1)	NA
SRR29740416	USA: Wellfleet	Great Black-backed Gull	23WI00356	RANDOM	VIRAL RNA			C2.1	A/Great Black-backed Gull/MA/23WI00356/2024(H5N1)	NA
SRR29740417	USA: Provincetown	Great Black-backed Gull	23WI00355	RANDOM	VIRAL RNA			C2.1	A/Great Black-backed Gull/MA/23WI00355/2024(H5N1)	NA
SRR29740418	USA: Dennis	Sanderling	23WI00351	RANDOM	VIRAL RNA			C2.1	A/Sanderling/MA/23WI00351/2024(H5N1)	NA
SRR29740419	USA: Dennis	Sanderling	23WI00347	RANDOM	VIRAL RNA			C2.1	A/Sanderling/MA/23WI00347/2024(H5N1)	NA
SRR29740420	USA: Wellfleet	Herring Gull	23WI00346	RANDOM	VIRAL RNA			C2.1	A/Herring Gull/MA/23WI00346/2024(H5N1)	NA
SRR29740421	USA: Orleans	Herring Gull	23WI00341	RANDOM	VIRAL RNA			C2.1	A/Herring Gull/MA/23WI00341/2024(H5N1)	NA
SRR29740422	USA: Provincetown	Great Black-backed Gull	23WI00340	RANDOM	VIRAL RNA			C2.1	A/Great Black-backed Gull/MA/23WI00340/2024(H5N1)	NA
SRR29740423	USA: Beverly	herring gull	24HP00084	RANDOM	VIRAL RNA			C2.1	A/herring gull/MA/24HP00084/2024(H5N1)	NA
SRR29740424	USA: Orleans	Great black-backed gull	22WI00352	RANDOM	VIRAL RNA			B1.3	A/Great black-backed gull/MA/22WI00352/2023(H5N1)	NA
SRR29740425	USA: Beverly	herring gull	24HP00083	RANDOM	VIRAL RNA			C2.1	A/herring gull/MA/24HP00083/2024(H5N1)	NA
SRR29740426	USA: Lynn	black scoter	24HP00081	RANDOM	VIRAL RNA			C2.1	A/black scoter/MA/24HP00081/2024(H5N1)	NA
SRR29740427	USA: Manchester	white-winged scoter	24HP00076	RANDOM	VIRAL RNA			C2.1	A/white-winged scoter/MA/24HP00076/2024(H5N1)	NA
SRR29740428	USA: Manchester	white-winged scoter	24HP00075	RANDOM	VIRAL RNA			C2.1	A/white-winged scoter/MA/24HP00075/2024(H5N1)	NA
SRR29740429	USA: Manchester	white-winged scoter	24HP00073	RANDOM	VIRAL RNA			C2.1	A/white-winged scoter/MA/24HP00073/2024(H5N1)	NA
SRR29740430	USA: Manchester	white-winged scoter	24HP00070	RANDOM	VIRAL RNA			C2.1	A/white-winged scoter/MA/24HP00070/2024(H5N1)	NA
SRR29740431	USA: Manchester	white-winged scoter	24HP00069	RANDOM	VIRAL RNA			C2.1	A/white-winged scoter/MA/24HP00069/2024(H5N1)	NA
SRR29740432	USA: Manchester	white-winged scoter	24HP00067	RANDOM	VIRAL RNA			C2.1	A/white-winged scoter/MA/24HP00067/2024(H5N1)	NA
SRR29740433	USA: Cambridge	Canada Goose	24HP00050	RANDOM	VIRAL RNA			C2.1	A/Canada Goose/MA/24HP00050/2024(H5N1)	NA
SRR29740434	USA: Nahant	common loon	24HP00255	RANDOM	VIRAL RNA			C2.1	A/common loon/MA/24HP00255/2024(H5N1)	NA
SRR29740435	USA: Easthampton	Canada goose	23MM00127	RANDOM	VIRAL RNA			B3.2	A/Canada goose/MA/23MM00127/2023(H5N1)	NA
SRR29740436	USA: Nahant	common loon	24HP00254	RANDOM	VIRAL RNA			C2.1	A/common loon/MA/24HP00254/2024(H5N1)	NA
SRR29740437	USA: Nahant	common loon	24HP00252	RANDOM	VIRAL RNA			C2.1	A/common loon/MA/24HP00252/2024(H5N1)	NA
SRR29740438	USA: Nahant	common loon	24HP00251	RANDOM	VIRAL RNA			C2.1	A/common loon/MA/24HP00251/2024(H5N1)	NA
SRR29740439	USA: Hull	Common Eider	23NE01730	RANDOM	VIRAL RNA			C2.1	A/Common Eider/MA/23NE01730/2024(H5N1)	NA
SRR29740440	USA: Yarmouth	Red-Tailed Hawk	23NE01774	RANDOM	VIRAL RNA			C2.1	A/Red-Tailed Hawk/MA/23NE01774/2024(H5N1)	NA
SRR29740441	USA: Barnstable	American Crow	23NE01756	RANDOM	VIRAL RNA			C2.1	A/American Crow/MA/23NE01756/2024(H5N1)	NA
SRR29740442	USA: Dennis	sanderling	23NE01769	RANDOM	VIRAL RNA			C2.1	A/sanderling/MA/23NE01769/2024(H5N1)	NA
SRR29740443	USA: Dennis	sanderling	23NE01770	RANDOM	VIRAL RNA			C2.1	A/sanderling/MA/23NE01770/2024(H5N1)	NA
SRR29740444	USA: Manchester	white-winged scoter	24MM00122	RANDOM	VIRAL RNA			C2.1	A/white-winged scoter/MA/24MM00122/2024(H5N1)	NA
SRR29740445	USA: Manchester	white-winged scoter	24MM00106	RANDOM	VIRAL RNA			C2.1	A/white-winged scoter/MA/24MM00106/2024(H5N1)	NA
SRR29740446	USA: Dennis	Sanderling	22WI00349	RANDOM	VIRAL RNA			A2	A/Sanderling/MA/22WI00349/2023(H5N1)	NA
SRR29740447	USA: Manchester	white-winged scoter	24MM00091	RANDOM	VIRAL RNA			C2.1	A/white-winged scoter/MA/24MM00091/2024(H5N1)	NA
SRR29740448	USA: Manchester	white-winged scoter	24MM00090	RANDOM	VIRAL RNA			C2.1	A/white-winged scoter/MA/24MM00090/2024(H5N1)	NA
SRR29740449	USA: Harvard	bald eagle	24MM00089	RANDOM	VIRAL RNA			C2.1	A/bald eagle/MA/24MM00089/2024(H5N1)	NA
SRR29740450	USA: Harvard	bald eagle	24MM00088	RANDOM	VIRAL RNA			C2.1	A/bald eagle/MA/24MM00088/2024(H5N1)	NA
SRR29740451	USA: Cambridge	Canada Goose	24MM00070	RANDOM	VIRAL RNA			C2.1	A/Canada Goose/MA/24MM00070/2024(H5N1)	NA
SRR29740452	USA: Salisbury	sanderling	24HP00040	RANDOM	VIRAL RNA			C2.1	A/sanderling/MA/24HP00040/2024(H5N1)	NA
SRR29740453	USA: Salisbury	sanderling	24HP00039	RANDOM	VIRAL RNA			C2.1	A/sanderling/MA/24HP00039/2024(H5N1)	NA
SRR29740454	USA: Ipswich	Canada Goose	24HP00038	RANDOM	VIRAL RNA			C2.1	A/Canada Goose/MA/24HP00038/2024(H5N1)	NA
SRR29740455	USA: Ipswich	Canada Goose	24HP00037	RANDOM	VIRAL RNA			C2.1	A/Canada Goose/MA/24HP00037/2024(H5N1)	NA
SRR29740456	USA: Ipswich	Canada Goose	24HP00036	RANDOM	VIRAL RNA			C2.1	A/Canada Goose/MA/24HP00036/2024(H5N1)	NA
SRR29740457	USA: Wellfleet	American crow	22WI00347	RANDOM	VIRAL RNA			A5	A/American crow/MA/22WI00347/2023(H5N1)	NA
SRR29740458	USA: Newbury	Canada Goose	24HP00033	RANDOM	VIRAL RNA			C2.1	A/Canada Goose/MA/24HP00033/2024(H5N1)	NA
SRR29740459	USA: Newbury	Canada Goose	24HP00031	RANDOM	VIRAL RNA			C2.1	A/Canada Goose/MA/24HP00031/2024(H5N1)	NA
SRR29740460	USA: Newbury 	Canada Goose	24HP00022	RANDOM	VIRAL RNA			C2.1	A/Canada Goose/MA/24HP00022/2024(H5N1)	NA
SRR29740461	USA: Newburyport	Canada Goose	24HP00018	RANDOM	VIRAL RNA			C2.1	A/Canada Goose/MA/24HP00018/2024(H5N1)	NA
SRR29740462	USA: Salisbury 	Canada Goose	24HP00009	RANDOM	VIRAL RNA			C2.1	A/Canada Goose/MA/24HP00009/2024(H5N1)	NA
SRR29740463	USA: Newbury	Canada Goose	24HP00007	RANDOM	VIRAL RNA			C2.1	A/Canada Goose/MA/24HP00007/2024(H5N1)	NA
SRR29740464	USA: Newbury	Canada Goose	24HP00005	RANDOM	VIRAL RNA			C2.1	A/Canada Goose/MA/24HP00005/2024(H5N1)	NA
SRR29740465	USA: Wellfleet	Canada Goose	23WI00315	RANDOM	VIRAL RNA			A2	A/Canada Goose/MA/23WI00315/2024(H5N1)	NA
SRR29740466	USA: Eastham	Great Black-backed Gull	23WI00310	RANDOM	VIRAL RNA			A6	A/Great Black-backed Gull/MA/23WI00310/2024(H5N5)	NA
SRR29740467	USA: Eastham	Red-Tailed Hawk	23WI00307	RANDOM	VIRAL RNA			C2.1	A/Red-Tailed Hawk/MA/23WI00307/2024(H5N1)	NA
SRR29740468	USA: Whitinsville	Canada goose	23MM00110	RANDOM	VIRAL RNA			B3.2	A/Canada goose/MA/23MM00110/2023(H5N1)	NA
SRR29740469	USA: Chatham	Canada Goose	23WI00306	RANDOM	VIRAL RNA			C2.1	A/Canada Goose/MA/23WI00306/2024(H5N1)	NA
SRR29740470	USA: Newbury	Canada Goose	23SN01998	RANDOM	VIRAL RNA			C2.1	A/Canada Goose/MA/23SN01998/2024(H5N1)	NA
SRR29740471	USA: Newburyport	Canada Goose	23SN01997	RANDOM	VIRAL RNA			C2.1	A/Canada Goose/MA/23SN01997/2024(H5N1)	NA
SRR29740472	USA: Newbury	Canada Goose	23SN01988	RANDOM	VIRAL RNA			C2.1	A/Canada Goose/MA/23SN01988/2024(H5N1)	NA
SRR29740473	USA: Newbury	Canada Goose	23SN01987	RANDOM	VIRAL RNA			C2.1	A/Canada Goose/MA/23SN01987/2024(H5N1)	NA
SRR29740474	USA: Newbury	Canada Goose	23SN01978	RANDOM	VIRAL RNA			C2.1	A/Canada Goose/MA/23SN01978/2024(H5N1)	NA
SRR29740475	USA: Newbury	Canada Goose	23SN01967	RANDOM	VIRAL RNA			C2.1	A/Canada Goose/MA/23SN01967/2024(H5N1)	NA
SRR29740476	USA: Newbury	Canada Goose	23SN01966	RANDOM	VIRAL RNA			C2.1	A/Canada Goose/MA/23SN01966/2024(H5N1)	NA
SRR29740477	USA: Salisbury 	Canada Goose	23SN01965	RANDOM	VIRAL RNA			C2.1	A/Canada Goose/MA/23SN01965/2024(H5N1)	NA
SRR29740478	USA: Newbury	Canada Goose	23SN01947	RANDOM	VIRAL RNA			C2.1	A/Canada Goose/MA/23SN01947/2024(H5N1)	NA
SRR29740479	USA: Centerville	Red-tailed hawk	22HP00659	RANDOM	VIRAL RNA			A2	A/Red-tailed hawk/MA/22HP00659/2023(H5N1)	NA
SRR29740480	USA: Newbury	Canada Goose	23SN01946	RANDOM	VIRAL RNA			C2.1	A/Canada Goose/MA/23SN01946/2024(H5N1)	NA
SRR29740481	USA: Cohasset	canada goose	23NW00091	RANDOM	VIRAL RNA			C2.1	A/canada goose/MA/23NW00091/2023(H5N1)	NA
SRR29740482	USA: Falmouth	Canada Goose	23NE01751	RANDOM	VIRAL RNA			C2.1	A/Canada Goose/MA/23NE01751/2024(H5N1)	NA
SRR29740483	USA: Winthrop	lesser scaup	24MM00032	RANDOM	VIRAL RNA			C2.1	A/lesser scaup/MA/24MM00032/2024(H5N1)	NA
SRR29740484	USA: South Boston	Canada Goose	24MM00019	RANDOM	VIRAL RNA			A2	A/Canada Goose/MA/24MM00019/2024(H5N1)	NA
SRR29740485	USA: Dennis	Great black-backed Gull	23NE01733	RANDOM	VIRAL RNA			C2.1	A/Great black-backed Gull/MA/23NE01733/2023(H5N1)	NA
SRR29740486	USA: Plymouth	Great black-backed Gull	23NE01734	RANDOM	VIRAL RNA			A6	A/Great black-backed Gull/MA/23NE01734/2023(H5N5)	NA
SRR29740487	USA: Provincetown	Great Black-backed Gulll	23WI00294	RANDOM	VIRAL RNA			C2.1	A/Great Black-backed Gulll/MA/23WI00294/2023(H5N1)	NA
SRR29740488	USA: Chatham	Corvus ossifragus	23WI00289	RANDOM	VIRAL RNA			C2.1	A/Fish Crow/MA/23WI00289/2023(H5N1)	NA
SRR29740489	USA: Kennebunk	herring gull	23NE00587	RANDOM	VIRAL RNA			A6	A/herring gull/ME/23NE00587/2023(H5N5)	NA
SRR29740490	USA: Brewster	Great black-backed gull	22WI00338	RANDOM	VIRAL RNA			A5	A/Great black-backed gull/MA/22WI00338/2023(H5N1)	NA
SRR29740491	USA: Stow	Great Horned Owl	23MM00348	RANDOM	VIRAL RNA			B1.3	A/Great Horned Owl/MA/23MM00348/2023(H5N1)	NA
SRR29740492	USA: Nantucket	Great black-backed gull	22NE00334	RANDOM	VIRAL RNA			A6	A/Great black-backed gull/MA/22NE00334/2023(H5N5)	NA
SRR29740493	USA: Nantucket	Great black-backed gull	22NE00335	RANDOM	VIRAL RNA			A6	A/Great black-backed gull/MA/22NE00335/2023(H5N5)	NA
SRR29740494	USA: Barrington	Herring gull	24HP00137	RANDOM	VIRAL RNA			C2.1	A/Herring gull/RI/24HP00137/(H5N1)	NA
SRR29740495	USA: Tiverton	Turkey Vulture	24HP00187	RANDOM	VIRAL RNA			A2	A/Turkey Vulture/RI/24HP00187/(H5N1)	NA
SRR29740496	USA: Northbridge	Red-tailed Hawk	23MM00254	RANDOM	VIRAL RNA			Minor17	A/Red-tailed Hawk/MA/23MM00254/2023(H5N1)	NA
SRR29740497	USA: Tiverton	Turkey Vulture	24HP00188	RANDOM	VIRAL RNA			A2	A/Turkey Vulture/RI/24HP00188/(H5N1)	NA
SRR29740498	USA: Warwick	brandt goose	24HP00104	RANDOM	VIRAL RNA			C2.1	A/brandt goose/RI/24HP00104/2024(H5N1)	NA
SRR29740499	USA: Cranston	surf scoter	24HP00111	RANDOM	VIRAL RNA			C2.1	A/surf scoter/RI/24HP00111/2024(H5N1)	NA
SRR29740500	USA: Hampton	Herring gull	23NE01700	RANDOM	VIRAL RNA			C2.1	A/Herring gull/NH/23NE01700/(H5N1)	NA
SRR29740501	USA: Madbury	Great Horned Owl	23NE01620	RANDOM	VIRAL RNA			C2.1	A/Great Horned Owl/NH/23NE01620/(H5N1)	NA
SRR29740502	USA: Dover	Canada goose	23NE01662	RANDOM	VIRAL RNA			C2.1	A/Canada goose/NH/23NE01662/2024(H5N1)	NA
SRR29740503	USA: Quantico	Bald Eagle	24BR00029	RANDOM	VIRAL RNA			B3.6	A/Bald Eagle/VA/24BR00029/(H5N1)	NA
SRR29740504	USA: Kittery	american crow	23NE01629	RANDOM	VIRAL RNA			C2.1	A/american crow/ME/23NE01629/(H5N1)	NA
SRR29740505	USA: Bourne	American Crow	24NE00096	RANDOM	VIRAL RNA			C2.1	A/American Crow/MA/24NE00096/(H5N1)	NA
SRR29740506	USA: Nahant 	Scoter	24HP00407	RANDOM	VIRAL RNA			C2.1	A/Scoter/MA/24HP00407/(H5N1)	NA
SRR29740507	USA: Chelsea	Canada Goose	23MM00222	RANDOM	VIRAL RNA			B3.2	A/Canada Goose/MA/23MM00222/2023(H5N1)	NA
SRR29740508	USA: Nahant 	Scoter	24HP00405	RANDOM	VIRAL RNA			C2.1	A/Scoter/MA/24HP00405/(H5N1)	NA
SRR29740509	USA: Hudson	Turkey Vulture	24HP00529	RANDOM	VIRAL RNA			A6	A/Turkey Vulture/MA/24HP00529/(H5N5)	NA
SRR29740510	USA: Hudson	Turkey Vulture	24HP00528	RANDOM	VIRAL RNA			A6	A/Turkey Vulture/MA/24HP00528/(H5N5)	NA
SRR29740511	USA: Hudson	Turkey Vulture	24HP00527	RANDOM	VIRAL RNA			A6	A/Turkey Vulture/MA/24HP00527/(H5N5)	NA
SRR29740512	USA: Orleans	American Crow	24WI00016	RANDOM	VIRAL RNA			C2.1	A/American Crow/MA/24WI00016/2024(H5N1)	NA
SRR29740513	USA: Brewster	Red-Tailed Hawk	24WI00004	RANDOM	VIRAL RNA			C2.1	A/Red-Tailed Hawk/MA/24WI00004/2024(H5N1)	NA
SRR29740514	USA: Provincetown	Great Black-backed Gull	23WI00392	RANDOM	VIRAL RNA			C2.1	A/Great Black-backed Gull/MA/23WI00392/2024(H5N1)	NA
SRR29740515	USA: Wellfleet	american crow	23WI00384	RANDOM	VIRAL RNA			C2.1	A/american crow/MA/23WI00384/2024(H5N1)	NA
SRR29740516	USA: Franklin	herring gull	24MM00329	RANDOM	VIRAL RNA			C2.1	A/herring gull/MA/24MM00329/2024(H5N1)	NA
SRR29740517	USA: Hudson	turkey vulture	24MM00437	RANDOM	VIRAL RNA			A6	A/turkey vulture/MA/24MM00437/2024(H5N5)	NA
SRR29740518	USA: Medford	Red-tailed Hawk	23MM00202	RANDOM	VIRAL RNA			B3.2	A/Red-tailed Hawk/MA/23MM00202/2023(H5N1)	NA
SRR29740519	USA: Dennis 	sanderling	24MM00287	RANDOM	VIRAL RNA			C2.1	A/sanderling /MA/24MM00287/2024(H5N1)	NA
SRR29740520	USA: Dennis 	sanderling	24MM00286	RANDOM	VIRAL RNA			C2.1	A/sanderling /MA/24MM00286/2024(H5N1)	NA
SRR29740521	USA: MA	sanderling	24MM00285	RANDOM	VIRAL RNA			C2.1	A/sanderling /MA/24MM00285/2024(H5N1)	NA
SRR29740522	USA: MA	sanderling	24MM00284	RANDOM	VIRAL RNA			C2.1	A/sanderling /MA/24MM00284/2024(H5N1)	NA
SRR29740523	USA: Dennis	sanderling	24MM00283	RANDOM	VIRAL RNA			C2.1	A/sanderling /MA/24MM00283/2024(H5N1)	NA
SRR29740524	USA: Dennis	sanderling	24MM00282	RANDOM	VIRAL RNA			C2.1	A/sanderling /MA/24MM00282/2024(H5N1)	NA
SRR29740525	USA: Provincetown	sanderling	24MM00281	RANDOM	VIRAL RNA			C2.1	A/sanderling /MA/24MM00281/2024(H5N1)	NA
SRR29740526	USA: Provincetown	sanderling	24MM00280	RANDOM	VIRAL RNA			C2.1	A/sanderling /MA/24MM00280/2024(H5N1)	NA
SRR29740527	USA: North Dartmouth 	bald eagle	24MM00241	RANDOM	VIRAL RNA			C2.1	A/bald eagle /MA/24MM00241/2024(H5N1)	NA
SRR29740528	USA: Pepperell 	bald eagle	24MM00236	RANDOM	VIRAL RNA			C2.1	A/bald eagle /MA/24MM00236/2024(H5N1)	NA
SRR29740529	USA: North Grafton	Red-tailed Hawk	23MM00196	RANDOM	VIRAL RNA			B1.3	A/Red-tailed Hawk/MA/23MM00196/2023(H5N1)	NA
SRR29740530	USA: North Dartmouth 	bald eagle	24MM00234	RANDOM	VIRAL RNA			C2.1	A/bald eagle /MA/24MM00234/2024(H5N1)	NA
SRR29740531	USA: Pepperell	bald eagle	24MM00224	RANDOM	VIRAL RNA			C2.1	A/bald eagle/MA/24MM00224/2024(H5N1)	NA
SRR29740532	USA: Nantucket	Great Black-Backed Gull	24WP00030	RANDOM	VIRAL RNA			C2.1	A/Great Black-Backed Gull/MA/24WP00030/2024(H5N1)	NA
SRR29740533	USA: Nantucket	Great Black-Backed Gull	24WP00029	RANDOM	VIRAL RNA			C2.1	A/Great Black-Backed Gull/MA/24WP00029/2024(H5N1)	NA
SRR29740534	USA: Scituate	White-winged Scoter	23NE01739	RANDOM	VIRAL RNA			C2.1	A/White-winged Scoter/MA/23NE01739/2024(H5N1)	NA
SRR29740535	USA: Boston	Red-Tailed Hawk	23NE01728	RANDOM	VIRAL RNA			C2.1	A/Red-Tailed Hawk/MA/23NE01728/2024(H5N1)	NA
SRR29740536	USA: Barnstable	American crow	24NE00007	RANDOM	VIRAL RNA			C2.1	A/American crow/MA/24NE00007/2024(H5N1)	NA
SRR29740537	USA: Yarmouth	American Crow	23NE01794	RANDOM	VIRAL RNA			C2.1	A/American Crow/MA/23NE01794/2024(H5N1)	NA
SRR29740538	USA: Plympton	common raven	24HP00517	RANDOM	VIRAL RNA			C2.1	A/common raven/MA/24HP00517/2024(H5N1)	NA
SRR29740539	USA: Plum Island	Canada Goose	23SN01954	RANDOM	VIRAL RNA			C2.1	A/Canada Goose/MA /23SN01954/2024(H5N1)	NA
SRR29740540	USA: Nantucket	gull	20230130_1	RANDOM	VIRAL RNA			A2	A/gull /MA/20230130_1/2023(H5N1)	NA
SRR29740541	USA: Plum Island	Canada Goose	23SN01943	RANDOM	VIRAL RNA			C2.1	A/Canada Goose/MA /23SN01943/2024(H5N1)	NA
SRR29740542	USA: Hampton	Canada goose	23SN01904	RANDOM	VIRAL RNA			C2.1	A/Canada goose/MA /23SN01904/2024(H5N1)	NA
SRR29740543	USA: Hampton	Canada goose	23SN01964	RANDOM	VIRAL RNA			C2.1	A/Canada goose/MA /23SN01964/2024(H5N1)	NA
SRR29740544	USA: Plum Island	Canada goose	23SN01983	RANDOM	VIRAL RNA			C2.1	A/Canada goose/MA /23SN01983/2024(H5N1)	NA
SRR29740545	USA: Plum Island	Canada goose	23SN01963	RANDOM	VIRAL RNA			C2.1	A/Canada goose/MA /23SN01963/2024(H5N1)	NA
SRR29740546	USA: Plum Island	Canada goose	23SN01985	RANDOM	VIRAL RNA			C2.1	A/Canada goose/MA /23SN01985/2024(H5N1)	NA
SRR29740547	USA: Plum Island	Canada goose	23SN01984	RANDOM	VIRAL RNA			C2.1	A/Canada goose/MA /23SN01984/2024(H5N1)	NA
SRR29740548	USA: Quincy	Great Black-backed Gull	24MM00219	RANDOM	VIRAL RNA			C2.1	A/Great Black-backed Gull/MA/24MM00219/2024(H5N1)	NA
SRR29740549	USA: Quincy	Great Black-backed Gull	24MM00212	RANDOM	VIRAL RNA			C2.1	A/Great Black-backed Gull/MA/24MM00212/2024(H5N1)	NA
SRR29740550	USA: Barnstable	American Crow	23NE01779	RANDOM	VIRAL RNA			C2.1	A/American Crow/MA/23NE01779/2024(H5N1)	NA
SRR29740551	USA: Lynnfield	Red-tailed hawk	23MM00164	RANDOM	VIRAL RNA			B1.3	A/Red-tailed hawk/MA/23MM00164/2023(H5N1)	NA
SRR29740552	USA: Yarmouth	Red-Tailed Hawk	23NE01782	RANDOM	VIRAL RNA			C2.1	A/Red-Tailed Hawk/MA/23NE01782/2024(H5N1)	NA
SRR29740553	USA: Dennis	Sanderling	23NE01785	RANDOM	VIRAL RNA			C2.1	A/Sanderling/MA/23NE01785/2024(H5N1)	NA
SRR29740554	USA: South Orleans	Red-tailed Hawk	23WI00371	RANDOM	VIRAL RNA			A6	A/Red-tailed Hawk/MA/23WI00371/2024(H5N5)	NA
SRR29740555	USA: Provincetown	Sanderling	23WI00370	RANDOM	VIRAL RNA			C2.1	A/Sanderling/MA/23WI00370/2024(H5N1)	NA
SRR29740556	USA: Dennis	Sanderling	23WI00369	RANDOM	VIRAL RNA			C2.1	A/Sanderling/MA/23WI00369/2024(H5N1)	NA
SRR29740557	USA: Dennis	Sanderling	23WI00367	RANDOM	VIRAL RNA			C2.1	A/Sanderling/MA/23WI00367/2024(H5N1)	NA
SRR29740558	USA: Cambridge 	great horned owl	24MM00193	RANDOM	VIRAL RNA			C2.1	A/great horned owl/MA/24MM00193/2024(H5N1)	NA
SRR29740559	USA: Nahant	common loon	24HP00270	RANDOM	VIRAL RNA			C2.1	A/common loon/MA/24HP00270/2024(H5N1)	NA
SRR29740560	USA: Nahant 	common loon	24MM00171	RANDOM	VIRAL RNA			C2.1	A/common loon/MA/24MM00171/2024(H5N1)	NA
SRR29740561	USA: Essex	White-winged Scoter	24MM00170	RANDOM	VIRAL RNA			C2.1	A/White-winged Scoter/MA/24MM00170/2024(H5N1)	NA
SRR29740562	USA: Somerville	Canada goose	23MM00152	RANDOM	VIRAL RNA			B3.2	A/Canada goose/MA/23MM00152/2023(H5N1)	NA
SRR29740563	USA: Eastham	Great black-backed gull	22WI00336	RANDOM	VIRAL RNA			A6	A/Great black-backed gull/MA/22WI00336/2023(H5N5)	NA
SRR29740564	USA: Unknown	Black vulture	22BR00225	RANDOM	VIRAL RNA			B3.5	A/Black vulture/VA/22BR00225/2023(H5N1)	NA
