sample_name	reference	strain	sampleacc	studyaccession	species	species_match	virulence_score	resistance_score	num_resistance_classes	num_resistance_genes	date	strain2	main_st	neonate	major_wards	amikacin_30	ampicillin_10	ampicillin_2	augmentin_30	cefoxitin_10_(clox)	cefoxitin_30	cefpodoxime_10	cefpodoxime_10_(ceftriaxone)	ceftazidime	ceftriaxone_30	ceftriaxone_5	chloramphenicol_10	chloramphenicol_30	ciprofloxacin_(e-test)	ciprofloxacin_5	co-trimoxazole_25	cotrimoxazole_25	erythromycin_15	erythromycin_5	gentamicin_10	gentamicin10	meropenem	meropenem_10	oxacillin_1_(pen)	pefloxacin_5	penicillin_1	piperacillin/_tazobactam(ptz)	piperacillin/tazobactam_36	quinupristin/dalfopristin_(qd15)	tetracycline_10	tetracycline_30	vancomycin_5
ERR926371	Musicha et al	15966_8#21	ERS668986	ERP009326	Klebsiella pneumoniae	strong	0	0	0	0	2013	NA	other	n	unknown	NA	NA	NA	NA	NA	NA	NA	NA	NA	NA	NA	NA	NA	NA	NA	NA	NA	NA	NA	NA	NA	NA	NA	NA	NA	NA	NA	NA	NA	NA	NA	NA
ERR926407	Musicha et al	15966_8#57	ERS669023	ERP009326	Klebsiella pneumoniae	strong	3	0	6	8	1997	NA	ST14	n	unknown	NA	NA	NA	NA	NA	NA	NA	NA	NA	NA	NA	NA	NA	NA	NA	NA	NA	NA	NA	NA	NA	NA	NA	NA	NA	NA	NA	NA	NA	NA	NA	NA
ERR926436	Musicha et al	15966_8#86	ERS669059	ERP009326	Klebsiella pneumoniae	strong	1	0	5	10	2012	NA	ST37	n	PAEDIATRIC MOYO WARD	NA	R	NA	NA	NA	NA	NA	S	NA	NA	NA	NA	S	NA	S	NA	R	NA	NA	S	NA	NA	NA	NA	NA	NA	NA	NA	NA	NA	NA	NA
ERR926437	Musicha et al	15966_8#87	ERS669060	ERP009326	Klebsiella pneumoniae	strong	3	0	6	9	1996	NA	ST17	n	unknown	NA	NA	NA	NA	NA	NA	NA	NA	NA	NA	NA	NA	NA	NA	NA	NA	NA	NA	NA	NA	NA	NA	NA	NA	NA	NA	NA	NA	NA	NA	NA	NA
ERR926438	Musicha et al	15966_8#88	ERS669061	ERP009326	Klebsiella variicola subsp. variicola	strong	0	0	0	0	1999	NA	other	n	unknown	NA	NA	NA	NA	NA	NA	NA	NA	NA	NA	NA	NA	NA	NA	NA	NA	NA	NA	NA	NA	NA	NA	NA	NA	NA	NA	NA	NA	NA	NA	NA	NA
ERR926439	Musicha et al	15966_8#89	ERS669062	ERP009326	Klebsiella pneumoniae	strong	0	0	3	3	2011	NA	other	n	unknown	NA	NA	NA	NA	NA	NA	NA	NA	NA	NA	NA	NA	NA	NA	NA	NA	NA	NA	NA	NA	NA	NA	NA	NA	NA	NA	NA	NA	NA	NA	NA	NA
ERR926443	Musicha et al	15966_8#93	ERS669066	ERP009326	Klebsiella pneumoniae	strong	0	1	1	1	2012	NA	other	n	unknown	NA	NA	NA	NA	NA	NA	NA	NA	NA	NA	NA	NA	NA	NA	NA	NA	NA	NA	NA	NA	NA	NA	NA	NA	NA	NA	NA	NA	NA	NA	NA	NA
ERR971957	Musicha et al	16228_1#11	ERS669081	ERP009326	Klebsiella quasipneumoniae subsp. similipneumoniae	strong	0	0	6	7	2009	NA	other	n	unknown	NA	NA	NA	NA	NA	NA	NA	NA	NA	NA	NA	NA	NA	NA	NA	NA	NA	NA	NA	NA	NA	NA	NA	NA	NA	NA	NA	NA	NA	NA	NA	NA
ERR971959	Musicha et al	16228_1#13	ERS669084	ERP009326	Klebsiella pneumoniae	strong	3	0	6	8	2004	NA	ST14	n	unknown	NA	NA	NA	NA	NA	NA	NA	NA	NA	NA	NA	NA	NA	NA	NA	NA	NA	NA	NA	NA	NA	NA	NA	NA	NA	NA	NA	NA	NA	NA	NA	NA
ERR971960	Musicha et al	16228_1#14	ERS669085	ERP009326	Klebsiella pneumoniae	strong	3	0	5	7	1997	NA	ST48	n	unknown	NA	NA	NA	NA	NA	NA	NA	NA	NA	NA	NA	NA	NA	NA	NA	NA	NA	NA	NA	NA	NA	NA	NA	NA	NA	NA	NA	NA	NA	NA	NA	NA
ERR971961	Musicha et al	16228_1#15	ERS669086	ERP009326	Klebsiella pneumoniae	strong	0	0	6	7	1998	NA	other	n	unknown	NA	NA	NA	NA	NA	NA	NA	NA	NA	NA	NA	NA	NA	NA	NA	NA	NA	NA	NA	NA	NA	NA	NA	NA	NA	NA	NA	NA	NA	NA	NA	NA
ERR971964	Musicha et al	16228_1#18	ERS669090	ERP009326	Klebsiella pneumoniae	strong	0	0	6	10	1998	NA	other	n	unknown	NA	NA	NA	NA	NA	NA	NA	NA	NA	NA	NA	NA	NA	NA	NA	NA	NA	NA	NA	NA	NA	NA	NA	NA	NA	NA	NA	NA	NA	NA	NA	NA
ERR971965	Musicha et al	16228_1#19	ERS669099	ERP009326	Klebsiella pneumoniae	strong	1	0	5	6	2005	NA	ST45	n	unknown	NA	NA	NA	NA	NA	NA	NA	NA	NA	NA	NA	NA	NA	NA	NA	NA	NA	NA	NA	NA	NA	NA	NA	NA	NA	NA	NA	NA	NA	NA	NA	NA
ERR971967	Musicha et al	16228_1#21	ERS669103	ERP009326	Klebsiella pneumoniae	strong	0	0	6	9	2007	NA	other	n	unknown	NA	NA	NA	NA	NA	NA	NA	NA	NA	NA	NA	NA	NA	NA	NA	NA	NA	NA	NA	NA	NA	NA	NA	NA	NA	NA	NA	NA	NA	NA	NA	NA
ERR971972	Musicha et al	16228_1#26	ERS669116	ERP009326	Klebsiella pneumoniae	strong	0	1	8	19	2008	NA	other	n	unknown	NA	NA	NA	NA	NA	NA	NA	NA	NA	NA	NA	NA	NA	NA	NA	NA	NA	NA	NA	NA	NA	NA	NA	NA	NA	NA	NA	NA	NA	NA	NA	NA
ERR971974	Musicha et al	16228_1#28	ERS669120	ERP009326	Klebsiella pneumoniae	strong	1	1	6	8	2009	NA	other	n	unknown	NA	NA	NA	NA	NA	NA	NA	NA	NA	NA	NA	NA	NA	NA	NA	NA	NA	NA	NA	NA	NA	NA	NA	NA	NA	NA	NA	NA	NA	NA	NA	NA
ERR971975	Musicha et al	16228_1#29	ERS669123	ERP009326	Klebsiella pneumoniae	strong	0	1	7	13	2009	NA	other	n	unknown	NA	NA	NA	NA	NA	NA	NA	NA	NA	NA	NA	NA	NA	NA	NA	NA	NA	NA	NA	NA	NA	NA	NA	NA	NA	NA	NA	NA	NA	NA	NA	NA
ERR971948	Musicha et al	16228_1#2	ERS669070	ERP009326	Klebsiella pneumoniae	strong	0	0	6	11	2006	NA	other	n	unknown	NA	NA	NA	NA	NA	NA	NA	NA	NA	NA	NA	NA	NA	NA	NA	NA	NA	NA	NA	NA	NA	NA	NA	NA	NA	NA	NA	NA	NA	NA	NA	NA
ERR971976	Musicha et al	16228_1#30	ERS669124	ERP009326	Klebsiella pneumoniae	strong	0	1	6	8	2009	NA	other	n	unknown	NA	NA	NA	NA	NA	NA	NA	NA	NA	NA	NA	NA	NA	NA	NA	NA	NA	NA	NA	NA	NA	NA	NA	NA	NA	NA	NA	NA	NA	NA	NA	NA
ERR971977	Musicha et al	16228_1#31	ERS669126	ERP009326	Klebsiella pneumoniae	strong	0	1	7	8	2009	NA	ST39	n	unknown	NA	NA	NA	NA	NA	NA	NA	NA	NA	NA	NA	NA	NA	NA	NA	NA	NA	NA	NA	NA	NA	NA	NA	NA	NA	NA	NA	NA	NA	NA	NA	NA
ERR971978	Musicha et al	16228_1#32	ERS669127	ERP009326	Klebsiella pneumoniae	strong	1	1	7	10	2009	NA	other	n	unknown	NA	NA	NA	NA	NA	NA	NA	NA	NA	NA	NA	NA	NA	NA	NA	NA	NA	NA	NA	NA	NA	NA	NA	NA	NA	NA	NA	NA	NA	NA	NA	NA
ERR971980	Musicha et al	16228_1#34	ERS669131	ERP009326	Klebsiella pneumoniae	strong	0	1	9	17	2010	NA	ST15	n	unknown	NA	NA	NA	NA	NA	NA	NA	NA	NA	NA	NA	NA	NA	NA	NA	NA	NA	NA	NA	NA	NA	NA	NA	NA	NA	NA	NA	NA	NA	NA	NA	NA
ERR971982	Musicha et al	16228_1#36	ERS669134	ERP009326	Klebsiella pneumoniae	strong	0	1	8	12	2011	NA	ST14	n	unknown	NA	NA	NA	NA	NA	NA	NA	NA	NA	NA	NA	NA	NA	NA	NA	NA	NA	NA	NA	NA	NA	NA	NA	NA	NA	NA	NA	NA	NA	NA	NA	NA
ERR971984	Musicha et al	16228_1#38	ERS669141	ERP009326	Klebsiella pneumoniae	strong	0	1	8	12	2012	NA	ST307	n	CHATINKHA NURSERY	S	R	NA	R	NA	NA	NA	R	NA	NA	NA	NA	R	NA	R	NA	R	NA	NA	R	NA	NA	NA	NA	NA	NA	NA	NA	NA	NA	NA	NA
ERR971985	Musicha et al	16228_1#39	ERS669143	ERP009326	Klebsiella pneumoniae	strong	0	1	7	11	2009	NA	other	n	unknown	NA	NA	NA	NA	NA	NA	NA	NA	NA	NA	NA	NA	NA	NA	NA	NA	NA	NA	NA	NA	NA	NA	NA	NA	NA	NA	NA	NA	NA	NA	NA	NA
ERR971949	Musicha et al	16228_1#3	ERS669071	ERP009326	Klebsiella pneumoniae	strong	0	1	6	6	2019	NA	other	n	unknown	NA	NA	NA	NA	NA	NA	NA	NA	NA	NA	NA	NA	NA	NA	NA	NA	NA	NA	NA	NA	NA	NA	NA	NA	NA	NA	NA	NA	NA	NA	NA	NA
ERR971986	Musicha et al	16228_1#40	ERS669145	ERP009326	Klebsiella pneumoniae	strong	0	1	8	11	2004	NA	ST15	n	unknown	NA	NA	NA	NA	NA	NA	NA	NA	NA	NA	NA	NA	NA	NA	NA	NA	NA	NA	NA	NA	NA	NA	NA	NA	NA	NA	NA	NA	NA	NA	NA	NA
ERR971993	Musicha et al	16228_1#47	ERS669056	ERP009326	Klebsiella pneumoniae	strong	0	1	9	18	NA	NA	ST307	n	unknown	NA	NA	NA	NA	NA	NA	NA	NA	NA	NA	NA	NA	NA	NA	NA	NA	NA	NA	NA	NA	NA	NA	NA	NA	NA	NA	NA	NA	NA	NA	NA	NA
ERR971950	Musicha et al	16228_1#4	ERS669072	ERP009326	Klebsiella variicola subsp. variicola	strong	0	0	0	0	2014	NA	other	n	unknown	NA	NA	NA	NA	NA	NA	NA	NA	NA	NA	NA	NA	NA	NA	NA	NA	NA	NA	NA	NA	NA	NA	NA	NA	NA	NA	NA	NA	NA	NA	NA	NA
ERR971996	Musicha et al	16228_1#50	ERS669078	ERP009326	Klebsiella pneumoniae	strong	0	1	6	6	2009	NA	other	n	unknown	NA	NA	NA	NA	NA	NA	NA	NA	NA	NA	NA	NA	NA	NA	NA	NA	NA	NA	NA	NA	NA	NA	NA	NA	NA	NA	NA	NA	NA	NA	NA	NA
ERR971997	Musicha et al	16228_1#51	ERS669080	ERP009326	Klebsiella pneumoniae	strong	4	0	6	8	1997	NA	ST48	n	unknown	NA	NA	NA	NA	NA	NA	NA	NA	NA	NA	NA	NA	NA	NA	NA	NA	NA	NA	NA	NA	NA	NA	NA	NA	NA	NA	NA	NA	NA	NA	NA	NA
ERR971998	Musicha et al	16228_1#52	ERS669082	ERP009326	Klebsiella pneumoniae	strong	4	0	7	10	2000	NA	other	n	unknown	NA	NA	NA	NA	NA	NA	NA	NA	NA	NA	NA	NA	NA	NA	NA	NA	NA	NA	NA	NA	NA	NA	NA	NA	NA	NA	NA	NA	NA	NA	NA	NA
ERR971999	Musicha et al	16228_1#53	ERS669088	ERP009326	Klebsiella pneumoniae	strong	0	0	5	6	2006	NA	other	n	unknown	NA	NA	NA	NA	NA	NA	NA	NA	NA	NA	NA	NA	NA	NA	NA	NA	NA	NA	NA	NA	NA	NA	NA	NA	NA	NA	NA	NA	NA	NA	NA	NA
ERR972000	Musicha et al	16228_1#54	ERS669091	ERP009326	Klebsiella quasipneumoniae subsp. similipneumoniae	strong	0	0	0	0	2000	NA	other	n	unknown	NA	NA	NA	NA	NA	NA	NA	NA	NA	NA	NA	NA	NA	NA	NA	NA	NA	NA	NA	NA	NA	NA	NA	NA	NA	NA	NA	NA	NA	NA	NA	NA
ERR972001	Musicha et al	16228_1#55	ERS669092	ERP009326	Klebsiella pneumoniae	strong	0	0	1	2	2004	NA	other	n	unknown	NA	NA	NA	NA	NA	NA	NA	NA	NA	NA	NA	NA	NA	NA	NA	NA	NA	NA	NA	NA	NA	NA	NA	NA	NA	NA	NA	NA	NA	NA	NA	NA
ERR972002	Musicha et al	16228_1#56	ERS669093	ERP009326	Klebsiella pneumoniae	strong	3	0	4	8	1998	NA	ST14	n	unknown	NA	NA	NA	NA	NA	NA	NA	NA	NA	NA	NA	NA	NA	NA	NA	NA	NA	NA	NA	NA	NA	NA	NA	NA	NA	NA	NA	NA	NA	NA	NA	NA
ERR972003	Musicha et al	16228_1#57	ERS669094	ERP009326	Klebsiella pneumoniae	strong	1	1	8	12	2007	NA	other	n	unknown	NA	NA	NA	NA	NA	NA	NA	NA	NA	NA	NA	NA	NA	NA	NA	NA	NA	NA	NA	NA	NA	NA	NA	NA	NA	NA	NA	NA	NA	NA	NA	NA
ERR972004	Musicha et al	16228_1#58	ERS669095	ERP009326	Klebsiella pneumoniae	strong	0	0	6	7	2000	NA	ST25	n	unknown	NA	NA	NA	NA	NA	NA	NA	NA	NA	NA	NA	NA	NA	NA	NA	NA	NA	NA	NA	NA	NA	NA	NA	NA	NA	NA	NA	NA	NA	NA	NA	NA
ERR972005	Musicha et al	16228_1#59	ERS669096	ERP009326	Klebsiella pneumoniae	strong	0	0	6	10	2005	NA	other	n	unknown	NA	NA	NA	NA	NA	NA	NA	NA	NA	NA	NA	NA	NA	NA	NA	NA	NA	NA	NA	NA	NA	NA	NA	NA	NA	NA	NA	NA	NA	NA	NA	NA
ERR971951	Musicha et al	16228_1#5	ERS669073	ERP009326	Klebsiella pneumoniae	strong	0	1	9	17	2013	NA	ST340	n	PAEDIATRIC ONCOLOGY	S	R	NA	R	NA	NA	NA	R	NA	NA	NA	NA	R	NA	R	NA	R	NA	NA	R	NA	NA	NA	NA	NA	NA	NA	NA	NA	NA	NA	NA
ERR972006	Musicha et al	16228_1#60	ERS669097	ERP009326	Klebsiella pneumoniae	strong	0	0	0	0	2005	NA	other	n	unknown	NA	NA	NA	NA	NA	NA	NA	NA	NA	NA	NA	NA	NA	NA	NA	NA	NA	NA	NA	NA	NA	NA	NA	NA	NA	NA	NA	NA	NA	NA	NA	NA
ERR972007	Musicha et al	16228_1#61	ERS669098	ERP009326	Klebsiella pneumoniae	strong	3	0	6	6	1999	NA	other	n	unknown	NA	NA	NA	NA	NA	NA	NA	NA	NA	NA	NA	NA	NA	NA	NA	NA	NA	NA	NA	NA	NA	NA	NA	NA	NA	NA	NA	NA	NA	NA	NA	NA
ERR972009	Musicha et al	16228_1#63	ERS669102	ERP009326	Klebsiella pneumoniae	strong	0	1	6	8	2008	NA	ST14	n	unknown	NA	NA	NA	NA	NA	NA	NA	NA	NA	NA	NA	NA	NA	NA	NA	NA	NA	NA	NA	NA	NA	NA	NA	NA	NA	NA	NA	NA	NA	NA	NA	NA
ERR972010	Musicha et al	16228_1#64	ERS669104	ERP009326	Klebsiella pneumoniae	strong	5	0	5	7	2004	NA	other	n	unknown	NA	NA	NA	NA	NA	NA	NA	NA	NA	NA	NA	NA	NA	NA	NA	NA	NA	NA	NA	NA	NA	NA	NA	NA	NA	NA	NA	NA	NA	NA	NA	NA
ERR972011	Musicha et al	16228_1#65	ERS669105	ERP009326	Klebsiella pneumoniae	strong	0	0	7	9	2005	NA	other	n	unknown	NA	NA	NA	NA	NA	NA	NA	NA	NA	NA	NA	NA	NA	NA	NA	NA	NA	NA	NA	NA	NA	NA	NA	NA	NA	NA	NA	NA	NA	NA	NA	NA
ERR972012	Musicha et al	16228_1#66	ERS669106	ERP009326	Klebsiella pneumoniae	strong	0	1	7	9	2008	NA	other	n	unknown	NA	NA	NA	NA	NA	NA	NA	NA	NA	NA	NA	NA	NA	NA	NA	NA	NA	NA	NA	NA	NA	NA	NA	NA	NA	NA	NA	NA	NA	NA	NA	NA
ERR972013	Musicha et al	16228_1#67	ERS669108	ERP009326	Klebsiella pneumoniae	strong	0	0	6	8	2006	NA	other	n	unknown	NA	NA	NA	NA	NA	NA	NA	NA	NA	NA	NA	NA	NA	NA	NA	NA	NA	NA	NA	NA	NA	NA	NA	NA	NA	NA	NA	NA	NA	NA	NA	NA
ERR972014	Musicha et al	16228_1#68	ERS669109	ERP009326	Klebsiella pneumoniae	strong	0	0	6	8	2007	NA	other	n	unknown	NA	NA	NA	NA	NA	NA	NA	NA	NA	NA	NA	NA	NA	NA	NA	NA	NA	NA	NA	NA	NA	NA	NA	NA	NA	NA	NA	NA	NA	NA	NA	NA
ERR972015	Musicha et al	16228_1#69	ERS669110	ERP009326	Klebsiella pneumoniae	strong	0	0	6	8	2006	NA	other	n	unknown	NA	NA	NA	NA	NA	NA	NA	NA	NA	NA	NA	NA	NA	NA	NA	NA	NA	NA	NA	NA	NA	NA	NA	NA	NA	NA	NA	NA	NA	NA	NA	NA
ERR971952	Musicha et al	16228_1#6	ERS669074	ERP009326	Klebsiella pneumoniae	strong	1	1	7	12	2006	NA	ST101	n	unknown	NA	NA	NA	NA	NA	NA	NA	NA	NA	NA	NA	NA	NA	NA	NA	NA	NA	NA	NA	NA	NA	NA	NA	NA	NA	NA	NA	NA	NA	NA	NA	NA
ERR972016	Musicha et al	16228_1#70	ERS669111	ERP009326	Klebsiella pneumoniae	strong	3	0	5	9	1999	NA	ST14	n	unknown	NA	NA	NA	NA	NA	NA	NA	NA	NA	NA	NA	NA	NA	NA	NA	NA	NA	NA	NA	NA	NA	NA	NA	NA	NA	NA	NA	NA	NA	NA	NA	NA
ERR972017	Musicha et al	16228_1#71	ERS669112	ERP009326	Klebsiella pneumoniae	strong	3	0	6	8	2005	NA	ST14	n	unknown	NA	NA	NA	NA	NA	NA	NA	NA	NA	NA	NA	NA	NA	NA	NA	NA	NA	NA	NA	NA	NA	NA	NA	NA	NA	NA	NA	NA	NA	NA	NA	NA
ERR972018	Musicha et al	16228_1#72	ERS669117	ERP009326	Klebsiella pneumoniae	strong	0	0	7	9	2008	NA	other	n	unknown	NA	NA	NA	NA	NA	NA	NA	NA	NA	NA	NA	NA	NA	NA	NA	NA	NA	NA	NA	NA	NA	NA	NA	NA	NA	NA	NA	NA	NA	NA	NA	NA
ERR972019	Musicha et al	16228_1#73	ERS669118	ERP009326	Klebsiella pneumoniae	strong	0	1	6	9	2009	NA	ST101	n	unknown	NA	NA	NA	NA	NA	NA	NA	NA	NA	NA	NA	NA	NA	NA	NA	NA	NA	NA	NA	NA	NA	NA	NA	NA	NA	NA	NA	NA	NA	NA	NA	NA
ERR972020	Musicha et al	16228_1#74	ERS669121	ERP009326	Klebsiella pneumoniae	strong	1	1	4	3	2009	NA	ST15	n	unknown	NA	NA	NA	NA	NA	NA	NA	NA	NA	NA	NA	NA	NA	NA	NA	NA	NA	NA	NA	NA	NA	NA	NA	NA	NA	NA	NA	NA	NA	NA	NA	NA
ERR972021	Musicha et al	16228_1#75	ERS669122	ERP009326	Klebsiella quasipneumoniae subsp. similipneumoniae	strong	0	1	9	17	2009	NA	other	n	unknown	NA	NA	NA	NA	NA	NA	NA	NA	NA	NA	NA	NA	NA	NA	NA	NA	NA	NA	NA	NA	NA	NA	NA	NA	NA	NA	NA	NA	NA	NA	NA	NA
ERR972022	Musicha et al	16228_1#76	ERS669125	ERP009326	Klebsiella pneumoniae	strong	0	1	6	6	2009	NA	other	n	unknown	NA	NA	NA	NA	NA	NA	NA	NA	NA	NA	NA	NA	NA	NA	NA	NA	NA	NA	NA	NA	NA	NA	NA	NA	NA	NA	NA	NA	NA	NA	NA	NA
ERR972023	Musicha et al	16228_1#77	ERS669129	ERP009326	Klebsiella pneumoniae	strong	5	0	5	8	2006	NA	other	n	unknown	NA	NA	NA	NA	NA	NA	NA	NA	NA	NA	NA	NA	NA	NA	NA	NA	NA	NA	NA	NA	NA	NA	NA	NA	NA	NA	NA	NA	NA	NA	NA	NA
ERR972024	Musicha et al	16228_1#78	ERS669130	ERP009326	Klebsiella pneumoniae	strong	0	1	6	9	2009	NA	ST101	n	unknown	NA	NA	NA	NA	NA	NA	NA	NA	NA	NA	NA	NA	NA	NA	NA	NA	NA	NA	NA	NA	NA	NA	NA	NA	NA	NA	NA	NA	NA	NA	NA	NA
ERR972025	Musicha et al	16228_1#79	ERS669132	ERP009326	Klebsiella pneumoniae	strong	0	1	9	16	2011	NA	ST14	n	unknown	NA	NA	NA	NA	NA	NA	NA	NA	NA	NA	NA	NA	NA	NA	NA	NA	NA	NA	NA	NA	NA	NA	NA	NA	NA	NA	NA	NA	NA	NA	NA	NA
ERR971953	Musicha et al	16228_1#7	ERS669075	ERP009326	Klebsiella pneumoniae	strong	0	0	2	3	1996	NA	other	n	unknown	NA	NA	NA	NA	NA	NA	NA	NA	NA	NA	NA	NA	NA	NA	NA	NA	NA	NA	NA	NA	NA	NA	NA	NA	NA	NA	NA	NA	NA	NA	NA	NA
ERR972026	Musicha et al	16228_1#80	ERS669135	ERP009326	Klebsiella pneumoniae	strong	0	1	8	14	2006	NA	ST14	n	unknown	NA	NA	NA	NA	NA	NA	NA	NA	NA	NA	NA	NA	NA	NA	NA	NA	NA	NA	NA	NA	NA	NA	NA	NA	NA	NA	NA	NA	NA	NA	NA	NA
ERR972027	Musicha et al	16228_1#81	ERS669136	ERP009326	Klebsiella pneumoniae	strong	1	1	9	16	2008	NA	ST48	n	unknown	NA	NA	NA	NA	NA	NA	NA	NA	NA	NA	NA	NA	NA	NA	NA	NA	NA	NA	NA	NA	NA	NA	NA	NA	NA	NA	NA	NA	NA	NA	NA	NA
ERR972028	Musicha et al	16228_1#82	ERS669137	ERP009326	Klebsiella pneumoniae	strong	0	0	2	2	2005	NA	other	n	unknown	NA	NA	NA	NA	NA	NA	NA	NA	NA	NA	NA	NA	NA	NA	NA	NA	NA	NA	NA	NA	NA	NA	NA	NA	NA	NA	NA	NA	NA	NA	NA	NA
ERR972029	Musicha et al	16228_1#83	ERS669139	ERP009326	Klebsiella pneumoniae	strong	3	1	8	16	2010	NA	other	n	unknown	NA	NA	NA	NA	NA	NA	NA	NA	NA	NA	NA	NA	NA	NA	NA	NA	NA	NA	NA	NA	NA	NA	NA	NA	NA	NA	NA	NA	NA	NA	NA	NA
ERR972030	Musicha et al	16228_1#84	ERS669140	ERP009326	Klebsiella pneumoniae	strong	0	1	6	10	2009	NA	ST14	n	unknown	NA	NA	NA	NA	NA	NA	NA	NA	NA	NA	NA	NA	NA	NA	NA	NA	NA	NA	NA	NA	NA	NA	NA	NA	NA	NA	NA	NA	NA	NA	NA	NA
ERR972031	Musicha et al	16228_1#85	ERS669142	ERP009326	Klebsiella pneumoniae	strong	1	1	9	17	2012	NA	other	n	unknown	NA	NA	NA	NA	NA	NA	NA	NA	NA	NA	NA	NA	NA	NA	NA	NA	NA	NA	NA	NA	NA	NA	NA	NA	NA	NA	NA	NA	NA	NA	NA	NA
ERR971954	Musicha et al	16228_1#8	ERS669076	ERP009326	Klebsiella pneumoniae	strong	0	1	6	6	2014	NA	other	n	unknown	NA	NA	NA	NA	NA	NA	NA	NA	NA	NA	NA	NA	NA	NA	NA	NA	NA	NA	NA	NA	NA	NA	NA	NA	NA	NA	NA	NA	NA	NA	NA	NA
ERR971955	Musicha et al	16228_1#9	ERS669077	ERP009326	Klebsiella pneumoniae	strong	0	0	3	3	2007	NA	other	n	unknown	NA	NA	NA	NA	NA	NA	NA	NA	NA	NA	NA	NA	NA	NA	NA	NA	NA	NA	NA	NA	NA	NA	NA	NA	NA	NA	NA	NA	NA	NA	NA	NA
ERR2497242	Cornick et al 2021	22072_1#101	ERS1530960	ERP021324	Klebsiella pneumoniae	strong	0	1	6	6	2014	NA	other	n	CHATINKHA NURSERY	S	R	NA	R	NA	NA	NA	R	NA	NA	NA	NA	R	NA	R	NA	R	NA	NA	R	NA	NA	NA	NA	NA	NA	NA	NA	NA	NA	NA	NA
ERR2497243	Cornick et al 2021	22072_1#102	ERS1530961	ERP021324	Klebsiella pneumoniae	strong	0	1	6	6	2014	NA	other	n	CHATINKHA NURSERY	S	R	NA	R	NA	NA	NA	R	NA	NA	NA	NA	R	NA	S	NA	R	NA	NA	R	NA	NA	NA	NA	NA	NA	NA	NA	NA	NA	NA	NA
ERR2497244	Cornick et al 2021	22072_1#103	ERS1530962	ERP021324	Klebsiella pneumoniae	strong	0	1	9	15	2014	NA	ST340	n	CHATINKHA NURSERY	S	R	NA	R	NA	NA	NA	R	NA	NA	NA	NA	R	NA	R	NA	R	NA	NA	R	NA	NA	NA	NA	NA	NA	NA	NA	NA	NA	NA	NA
ERR2497246	Cornick et al 2021	22072_1#105	ERS1530964	ERP021324	Klebsiella pneumoniae	strong	0	1	9	15	2014	NA	ST340	n	CHATINKHA NURSERY	S	R	NA	R	NA	NA	NA	R	NA	NA	NA	NA	R	NA	R	NA	R	NA	NA	R	NA	NA	NA	NA	NA	NA	NA	NA	NA	NA	NA	NA
ERR2497247	Cornick et al 2021	22072_1#106	ERS1530965	ERP021324	Klebsiella pneumoniae	strong	0	1	7	11	2014	NA	other	n	CHATINKHA NURSERY	S	R	NA	S	NA	NA	NA	R	NA	NA	NA	NA	R	NA	S	NA	R	NA	NA	R	NA	NA	NA	NA	NA	NA	NA	NA	NA	NA	NA	NA
ERR2497248	Cornick et al 2021	22072_1#107	ERS1530966	ERP021324	Klebsiella pneumoniae	strong	0	1	9	15	2014	NA	ST340	n	CHATINKHA NURSERY	S	R	NA	R	NA	NA	NA	R	NA	NA	NA	NA	R	NA	R	NA	R	NA	NA	R	NA	NA	NA	NA	NA	NA	NA	NA	NA	NA	NA	NA
ERR2497251	Cornick et al 2021	22072_1#110	ERS1530969	ERP021324	Klebsiella pneumoniae	strong	0	1	9	15	2014	NA	ST340	n	CHATINKHA NURSERY	S	R	NA	R	NA	NA	NA	R	NA	NA	NA	NA	R	NA	R	NA	R	NA	NA	R	NA	NA	NA	NA	NA	NA	NA	NA	NA	NA	NA	NA
ERR2497252	Cornick et al 2021	22072_1#111	ERS1530970	ERP021324	Klebsiella pneumoniae	strong	0	1	9	15	2014	NA	ST340	n	CHATINKHA NURSERY	S	R	NA	R	NA	NA	NA	R	NA	NA	NA	NA	R	NA	R	NA	R	NA	NA	R	NA	NA	NA	NA	NA	NA	NA	NA	NA	NA	NA	NA
ERR2497253	Cornick et al 2021	22072_1#112	ERS1530971	ERP021324	Klebsiella pneumoniae	strong	0	1	9	15	2014	NA	ST340	n	CHATINKHA NURSERY	S	R	NA	R	NA	NA	NA	R	NA	NA	NA	NA	R	NA	R	NA	R	NA	NA	R	NA	NA	NA	NA	NA	NA	NA	NA	NA	NA	NA	NA
ERR2497254	Cornick et al 2021	22072_1#113	ERS1530972	ERP021324	Klebsiella pneumoniae	strong	0	1	8	19	2014	NA	ST14	n	CHATINKHA NURSERY	S	R	NA	R	NA	NA	NA	R	NA	NA	NA	NA	R	NA	S	NA	R	NA	NA	R	NA	NA	NA	NA	NA	NA	NA	NA	NA	NA	NA	NA
ERR2497255	Cornick et al 2021	22072_1#114	ERS1530973	ERP021324	Klebsiella pneumoniae	strong	0	1	9	15	2014	NA	ST340	n	CHATINKHA NURSERY	S	R	NA	R	NA	NA	NA	R	NA	NA	NA	NA	R	NA	R	NA	R	NA	NA	R	NA	NA	NA	NA	NA	NA	NA	NA	NA	NA	NA	NA
ERR2497258	Cornick et al 2021	22072_1#117	ERS1530976	ERP021324	Klebsiella pneumoniae	strong	0	1	7	9	2014	NA	other	n	CHATINKHA NURSERY	S	R	NA	R	NA	NA	NA	R	NA	NA	NA	NA	R	NA	S	NA	R	NA	NA	R	NA	NA	NA	NA	NA	NA	NA	NA	NA	NA	NA	NA
ERR2497260	Cornick et al 2021	22072_1#119	ERS1530978	ERP021324	Klebsiella pneumoniae	strong	0	1	9	15	2014	NA	ST340	n	CHATINKHA NURSERY	S	R	NA	NA	NA	NA	NA	R	NA	NA	NA	NA	R	NA	R	NA	R	NA	NA	NA	NA	NA	NA	NA	NA	NA	NA	NA	NA	NA	NA	NA
ERR2497261	Cornick et al 2021	22072_1#120	ERS1530980	ERP021324	Klebsiella pneumoniae	strong	0	1	9	15	2014	NA	ST340	n	CHATINKHA NURSERY	S	R	NA	NA	NA	NA	NA	R	NA	NA	NA	NA	R	NA	R	NA	R	NA	NA	R	NA	NA	NA	NA	NA	NA	NA	NA	NA	NA	NA	NA
ERR2497262	Cornick et al 2021	22072_1#121	ERS1530981	ERP021324	Klebsiella pneumoniae	strong	0	1	9	15	2014	NA	ST340	n	CHATINKHA NURSERY	S	R	NA	NA	NA	NA	NA	R	NA	NA	NA	NA	R	NA	R	NA	R	NA	NA	R	NA	NA	NA	NA	NA	NA	NA	NA	NA	NA	NA	NA
ERR2497263	Cornick et al 2021	22072_1#122	ERS1530982	ERP021324	Klebsiella pneumoniae	strong	0	1	9	15	2014	NA	ST340	n	CHATINKHA NURSERY	S	R	NA	NA	NA	NA	NA	R	NA	NA	NA	NA	R	NA	R	NA	R	NA	NA	R	NA	NA	NA	NA	NA	NA	NA	NA	NA	NA	NA	NA
ERR2497264	Cornick et al 2021	22072_1#123	ERS1530983	ERP021324	Klebsiella pneumoniae	strong	0	1	9	16	2014	NA	ST340	n	CHATINKHA NURSERY	S	R	NA	R	NA	NA	NA	R	NA	NA	NA	NA	R	NA	R	NA	R	NA	NA	R	NA	NA	NA	NA	NA	NA	NA	NA	NA	NA	NA	NA
ERR2497265	Cornick et al 2021	22072_1#124	ERS1530984	ERP021324	Klebsiella variicola subsp. variicola	strong	0	0	0	0	2014	NA	other	n	CHATINKHA NURSERY	S	R	NA	R	NA	NA	NA	R	NA	NA	NA	NA	R	NA	R	NA	R	NA	NA	R	NA	NA	NA	NA	NA	NA	NA	NA	NA	NA	NA	NA
ERR2497266	Cornick et al 2021	22072_1#125	ERS1530985	ERP021324	Klebsiella pneumoniae	strong	0	1	9	16	2014	NA	ST340	n	CHATINKHA NURSERY	S	R	NA	R	NA	NA	NA	R	NA	NA	NA	NA	R	NA	R	NA	R	NA	NA	R	NA	NA	NA	NA	NA	NA	NA	NA	NA	NA	NA	NA
ERR2497267	Cornick et al 2021	22072_1#126	ERS1530986	ERP021324	Klebsiella pneumoniae	strong	1	1	7	12	2014	NA	ST391	n	CHATINKHA NURSERY	S	R	NA	R	NA	NA	NA	R	NA	NA	NA	NA	R	NA	S	NA	R	NA	NA	R	NA	NA	NA	NA	NA	NA	NA	NA	NA	NA	NA	NA
ERR2497268	Cornick et al 2021	22072_1#127	ERS1530987	ERP021324	Klebsiella pneumoniae	strong	1	1	8	13	2014	NA	ST391	n	CHATINKHA NURSERY	S	R	NA	R	NA	NA	NA	R	NA	NA	NA	NA	R	NA	S	NA	R	NA	NA	R	NA	NA	NA	NA	NA	NA	NA	NA	NA	NA	NA	NA
ERR2497269	Cornick et al 2021	22072_1#128	ERS1530988	ERP021324	Klebsiella pneumoniae	strong	0	0	0	0	2015	NA	other	n	CHATINKHA NURSERY	NA	R	NA	NA	NA	NA	NA	S	NA	NA	NA	NA	S	NA	S	NA	S	NA	NA	S	NA	NA	NA	NA	NA	NA	NA	NA	NA	NA	NA	NA
ERR2497270	Cornick et al 2021	22072_1#129	ERS1530989	ERP021324	Klebsiella pneumoniae	strong	0	1	9	15	2015	NA	ST340	n	CHATINKHA NURSERY	S	R	NA	R	NA	NA	NA	R	NA	NA	NA	NA	R	NA	R	NA	R	NA	NA	R	NA	NA	NA	NA	NA	NA	NA	NA	NA	NA	NA	NA
ERR2497271	Cornick et al 2021	22072_1#130	ERS1530990	ERP021324	Klebsiella pneumoniae	strong	0	1	6	9	2015	NA	ST14	n	CHATINKHA NURSERY	S	R	NA	R	NA	NA	NA	R	NA	NA	NA	NA	R	NA	R	NA	R	NA	NA	R	NA	NA	NA	NA	NA	NA	NA	NA	NA	NA	NA	NA
ERR2497272	Cornick et al 2021	22072_1#131	ERS1530992	ERP021324	Klebsiella pneumoniae	strong	0	1	6	9	2015	NA	ST14	n	CHATINKHA NURSERY	S	R	NA	R	NA	NA	NA	R	NA	NA	NA	NA	R	NA	S	NA	R	NA	NA	R	NA	NA	NA	NA	NA	NA	NA	NA	NA	NA	NA	NA
ERR2497273	Cornick et al 2021	22072_1#132	ERS1530995	ERP021324	Klebsiella pneumoniae	strong	0	1	6	9	2015	NA	ST14	n	CHATINKHA NURSERY	S	R	NA	R	NA	NA	NA	R	NA	NA	NA	NA	R	NA	S	NA	R	NA	NA	R	NA	NA	NA	NA	NA	NA	NA	NA	NA	NA	NA	NA
ERR2497275	Cornick et al 2021	22072_1#134	ERS1530997	ERP021324	Klebsiella pneumoniae	strong	0	1	6	9	2015	NA	ST14	n	CHATINKHA NURSERY	S	R	NA	R	NA	NA	NA	R	NA	NA	NA	NA	R	NA	S	NA	R	NA	NA	R	NA	NA	NA	NA	NA	NA	NA	NA	NA	NA	NA	NA
ERR2497276	Cornick et al 2021	22072_1#135	ERS1530998	ERP021324	Klebsiella pneumoniae	strong	0	1	6	6	2015	NA	ST17	n	CHATINKHA NURSERY	S	R	NA	I	NA	NA	NA	R	NA	NA	NA	NA	R	NA	S	NA	R	NA	NA	R	NA	NA	NA	NA	NA	NA	NA	NA	NA	NA	NA	NA
ERR2497277	Cornick et al 2021	22072_1#136	ERS1531000	ERP021324	Klebsiella pneumoniae	strong	0	1	8	15	2015	NA	other	n	CHATINKHA NURSERY	S	R	NA	R	NA	NA	NA	NA	NA	NA	NA	NA	R	NA	S	NA	R	NA	NA	R	NA	NA	NA	NA	NA	NA	NA	NA	NA	NA	NA	NA
ERR2497278	Cornick et al 2021	22072_1#137	ERS1531001	ERP021324	Klebsiella pneumoniae	strong	1	1	7	8	2015	NA	ST17	n	CHATINKHA NURSERY	S	R	NA	R	NA	NA	NA	R	NA	NA	NA	NA	R	NA	S	NA	R	NA	NA	R	NA	NA	NA	NA	NA	NA	NA	NA	NA	NA	NA	NA
ERR2497279	Cornick et al 2021	22072_1#138	ERS1531002	ERP021324	Klebsiella pneumoniae	strong	0	1	4	5	2015	NA	ST36	n	CHATINKHA NURSERY	S	R	NA	R	NA	NA	NA	R	NA	NA	NA	NA	S	NA	S	NA	R	NA	NA	R	NA	NA	NA	NA	NA	NA	NA	NA	NA	NA	NA	NA
ERR2497280	Cornick et al 2021	22072_1#139	ERS1531003	ERP021324	Klebsiella pneumoniae	strong	0	1	6	9	2015	NA	ST14	n	CHATINKHA NURSERY	S	R	NA	R	NA	NA	NA	R	NA	NA	NA	NA	R	NA	S	NA	R	NA	NA	R	NA	NA	NA	NA	NA	NA	NA	NA	NA	NA	NA	NA
ERR2497281	Cornick et al 2021	22072_1#140	ERS1531007	ERP021324	Klebsiella quasipneumoniae subsp. quasipneumoniae	strong	0	0	0	0	2014	NA	other	n	PAEDIATRIC NURSERY	NA	R	NA	NA	NA	NA	NA	S	NA	NA	NA	NA	S	NA	S	NA	S	NA	NA	S	NA	NA	NA	NA	NA	NA	NA	NA	NA	NA	NA	NA
ERR2497283	Cornick et al 2021	22072_1#142	ERS1531009	ERP021324	Klebsiella pneumoniae	strong	0	1	9	17	2013	NA	ST340	n	PAEDIATRIC MOYO WARD	S	R	NA	R	NA	NA	NA	R	NA	NA	NA	NA	R	NA	R	NA	R	NA	NA	R	NA	NA	NA	NA	NA	NA	NA	NA	NA	NA	NA	NA
ERR2497284	Cornick et al 2021	22072_1#143	ERS1531011	ERP021324	Klebsiella pneumoniae	strong	5	1	6	6	2013	NA	other	n	PAEDIATRIC MOYO WARD	S	R	NA	R	NA	NA	NA	R	NA	NA	NA	NA	R	NA	S	NA	R	NA	NA	R	NA	NA	NA	NA	NA	NA	NA	NA	NA	NA	NA	NA
ERR2497286	Cornick et al 2021	22072_1#145	ERS1531014	ERP021324	Klebsiella pneumoniae	strong	1	1	6	11	2015	NA	other	n	PAEDIATRIC MOYO WARD	S	R	NA	R	NA	NA	NA	R	NA	NA	NA	NA	R	NA	S	NA	R	NA	NA	R	NA	NA	NA	NA	NA	NA	NA	NA	NA	NA	NA	NA
ERR2497287	Cornick et al 2021	22072_1#146	ERS1531015	ERP021324	Klebsiella pneumoniae	strong	1	0	6	6	2014	NA	other	n	PAEDIATRIC SPECIAL CARE WARD	S	R	NA	R	NA	NA	NA	S	NA	NA	NA	NA	R	NA	R	NA	R	NA	NA	R	NA	NA	NA	NA	NA	NA	NA	NA	NA	NA	NA	NA
ERR2497288	Cornick et al 2021	22072_1#147	ERS1531017	ERP021324	Klebsiella pneumoniae	strong	0	1	6	8	2015	NA	ST14	n	PAEDIATRIC NURSERY	S	R	NA	S	NA	NA	NA	R	NA	NA	NA	NA	R	NA	S	NA	R	NA	NA	R	NA	NA	NA	NA	NA	NA	NA	NA	NA	NA	NA	NA
ERR2497290	Cornick et al 2021	22072_1#149	ERS1531019	ERP021324	Klebsiella pneumoniae	strong	1	1	7	11	2013	NA	ST1552	n	PAEDIATRIC SPECIAL CARE WARD	S	R	NA	R	NA	NA	NA	R	NA	NA	NA	NA	R	NA	S	NA	R	NA	NA	R	NA	NA	NA	NA	NA	NA	NA	NA	NA	NA	NA	NA
ERR2497294	Cornick et al 2021	22072_1#153	ERS1531024	ERP021324	Klebsiella pneumoniae	strong	1	1	7	8	2015	NA	ST307	n	PAEDIATRIC ONCOLOGY	S	R	NA	R	NA	NA	NA	R	NA	NA	NA	NA	R	NA	S	NA	R	NA	NA	I	NA	NA	NA	NA	NA	NA	NA	NA	NA	NA	NA	NA
ERR2497295	Cornick et al 2021	22072_1#154	ERS1531027	ERP021324	Klebsiella pneumoniae	strong	1	1	7	9	2015	NA	ST307	n	PAEDIATRIC SPECIAL CARE WARD	S	R	NA	R	NA	NA	NA	R	NA	NA	NA	NA	S	NA	R	NA	R	NA	NA	R	NA	NA	NA	NA	NA	NA	NA	NA	NA	NA	NA	NA
ERR2497296	Cornick et al 2021	22072_1#155	ERS1531028	ERP021324	Klebsiella pneumoniae	strong	0	1	7	7	2015	NA	other	n	CHATINKHA NURSERY	S	R	NA	R	NA	NA	NA	R	NA	NA	NA	NA	R	NA	S	NA	R	NA	NA	R	NA	NA	NA	NA	NA	NA	NA	NA	NA	NA	NA	NA
ERR2497297	Cornick et al 2021	22072_1#156	ERS1531030	ERP021324	Klebsiella pneumoniae	strong	0	1	6	8	2015	NA	other	n	PAEDIATRIC NURSERY	S	R	NA	R	NA	NA	NA	R	NA	NA	NA	NA	R	NA	S	NA	R	NA	NA	R	NA	NA	NA	NA	NA	NA	NA	NA	NA	NA	NA	NA
ERR2497298	Cornick et al 2021	22072_1#157	ERS1531033	ERP021324	Klebsiella pneumoniae	strong	1	1	7	9	2015	NA	ST307	n	PAEDIATRIC NURSERY	S	R	NA	R	NA	NA	NA	R	NA	NA	NA	NA	R	NA	S	NA	R	NA	NA	R	NA	NA	NA	NA	NA	NA	NA	NA	NA	NA	NA	NA
ERR2497301	Cornick et al 2021	22072_1#160	ERS1531036	ERP021324	Klebsiella pneumoniae	strong	0	0	0	0	2015	NA	other	n	PAEDIATRIC NURSERY	NA	R	NA	NA	NA	NA	NA	S	NA	NA	NA	NA	S	NA	S	NA	S	NA	NA	S	NA	NA	NA	NA	NA	NA	NA	NA	NA	NA	NA	NA
ERR2497302	Cornick et al 2021	22072_1#161	ERS1531037	ERP021324	Klebsiella quasipneumoniae subsp. similipneumoniae	strong	0	1	9	17	2012	NA	other	n	unknown	NA	NA	NA	NA	NA	NA	NA	NA	NA	NA	NA	NA	NA	NA	NA	NA	NA	NA	NA	NA	NA	NA	NA	NA	NA	NA	NA	NA	NA	NA	NA	NA
ERR2497303	Cornick et al 2021	22072_1#162	ERS1531038	ERP021324	Klebsiella pneumoniae	strong	0	1	9	17	2015	NA	ST340	n	PAEDIATRIC SPECIAL CARE WARD	S	R	NA	R	NA	NA	NA	R	NA	NA	NA	NA	R	NA	R	NA	R	NA	NA	R	NA	NA	NA	NA	NA	NA	NA	NA	NA	NA	NA	NA
ERR2497304	Cornick et al 2021	22072_1#163	ERS1531039	ERP021324	Klebsiella pneumoniae	strong	1	1	5	8	2014	NA	other	n	PAEDIATRIC NURSERY	S	R	NA	R	NA	NA	NA	R	NA	NA	NA	NA	S	NA	S	NA	R	NA	NA	R	NA	NA	NA	NA	NA	NA	NA	NA	NA	NA	NA	NA
ERR2497305	Cornick et al 2021	22072_1#164	ERS1531040	ERP021324	Klebsiella pneumoniae	strong	0	1	9	17	2012	NA	other	n	PAEDIATRIC NURSERY	S	R	NA	R	NA	NA	NA	R	NA	NA	NA	NA	R	NA	R	NA	R	NA	NA	R	NA	NA	NA	NA	NA	NA	NA	NA	NA	NA	NA	NA
ERR2497306	Cornick et al 2021	22072_1#165	ERS1531041	ERP021324	Klebsiella pneumoniae	strong	0	0	5	7	2015	NA	ST14	n	A ETC	NA	R	NA	NA	NA	NA	NA	S	NA	NA	NA	NA	S	NA	S	NA	R	NA	NA	S	NA	NA	NA	NA	NA	NA	NA	NA	NA	NA	NA	NA
ERR2497307	Cornick et al 2021	22072_1#166	ERS1531042	ERP021324	Klebsiella pneumoniae	strong	0	1	8	14	2015	NA	other	n	PAEDIATRIC MOYO WARD	S	R	NA	R	NA	NA	NA	R	NA	NA	NA	NA	R	NA	R	NA	R	NA	NA	R	NA	NA	NA	NA	NA	NA	NA	NA	NA	NA	NA	NA
ERR2497308	Cornick et al 2021	22072_1#167	ERS1531043	ERP021324	Klebsiella pneumoniae	strong	0	1	6	6	2014	NA	other	n	CHATINKHA NURSERY	NA	R	NA	NA	NA	NA	NA	S	NA	NA	NA	NA	R	NA	S	NA	R	NA	NA	S	NA	NA	NA	NA	NA	NA	NA	NA	NA	NA	NA	NA
ERR2497309	Cornick et al 2021	22072_1#168	ERS1531044	ERP021324	Klebsiella pneumoniae	strong	1	1	9	16	2013	NA	ST36	n	PAEDIATRIC NURSERY	S	R	NA	S	NA	NA	NA	R	NA	NA	NA	NA	R	NA	R	NA	R	NA	NA	R	NA	NA	NA	NA	NA	NA	NA	NA	NA	NA	NA	NA
ERR2497310	Cornick et al 2021	22072_1#169	ERS1531045	ERP021324	Klebsiella pneumoniae	strong	0	0	4	6	2013	NA	other	n	PAEDIATRIC NURSERY	NA	R	NA	NA	NA	NA	NA	S	NA	NA	NA	NA	S	NA	R	NA	R	NA	NA	S	NA	NA	NA	NA	NA	NA	NA	NA	NA	NA	NA	NA
ERR2497378	Cornick et al 2021	22072_1#237	ERS1531126	ERP021324	Klebsiella pneumoniae	strong	0	0	6	11	2013	NA	ST17	n	PAEDIATRIC NURSERY	NA	R	NA	NA	NA	NA	NA	S	NA	NA	NA	NA	R	NA	S	NA	R	NA	NA	R	NA	NA	NA	NA	NA	NA	NA	NA	NA	NA	NA	NA
ERR2497380	Cornick et al 2021	22072_1#239	ERS1531128	ERP021324	Klebsiella pneumoniae	strong	0	1	9	17	2013	NA	ST340	n	PAEDIATRIC NURSERY	S	R	NA	I	NA	NA	NA	R	NA	NA	NA	NA	R	NA	R	NA	R	NA	NA	R	NA	NA	NA	NA	NA	NA	NA	NA	NA	NA	NA	NA
ERR2497381	Cornick et al 2021	22072_1#240	ERS1531129	ERP021324	Klebsiella pneumoniae	strong	1	1	7	13	2013	NA	other	n	PAEDIATRIC NURSERY	S	R	NA	S	NA	NA	NA	R	NA	NA	NA	NA	S	NA	R	NA	R	NA	NA	S	NA	NA	NA	NA	NA	NA	NA	NA	NA	NA	NA	NA
ERR2497382	Cornick et al 2021	22072_1#241	ERS1531130	ERP021324	Klebsiella pneumoniae	strong	3	1	7	10	2013	NA	other	n	PAEDIATRIC MOYO WARD	S	R	NA	R	NA	NA	NA	R	NA	NA	NA	NA	R	NA	S	NA	R	NA	NA	R	NA	NA	NA	NA	NA	NA	NA	NA	NA	NA	NA	NA
ERR2497384	Cornick et al 2021	22072_1#243	ERS1531132	ERP021324	Klebsiella pneumoniae	strong	0	1	6	8	2015	NA	ST14	n	PAEDIATRIC NURSERY	S	R	NA	R	NA	NA	NA	R	NA	NA	NA	NA	R	NA	S	NA	R	NA	NA	R	NA	NA	NA	NA	NA	NA	NA	NA	NA	NA	NA	NA
ERR2497387	Cornick et al 2021	22072_1#246	ERS1531135	ERP021324	Klebsiella variicola subsp. variicola	strong	1	0	0	0	2013	NA	other	n	PAEDIATRIC SPECIAL CARE WARD	NA	R	NA	NA	NA	NA	NA	S	NA	NA	NA	NA	S	NA	S	NA	S	NA	NA	S	NA	NA	NA	NA	NA	NA	NA	NA	NA	NA	NA	NA
ERR2497388	Cornick et al 2021	22072_1#247	ERS1531136	ERP021324	Klebsiella pneumoniae	strong	0	1	7	14	2013	NA	other	n	PAEDIATRIC NURSERY	S	R	NA	R	NA	NA	NA	R	NA	NA	NA	NA	R	NA	S	NA	R	NA	NA	R	NA	NA	NA	NA	NA	NA	NA	NA	NA	NA	NA	NA
ERR2497389	Cornick et al 2021	22072_1#248	ERS1531137	ERP021324	Klebsiella pneumoniae	strong	0	0	3	3	2013	NA	other	n	PAEDIATRIC A&E	S	R	NA	S	NA	NA	NA	S	NA	NA	NA	NA	S	NA	S	NA	R	NA	NA	S	NA	NA	NA	NA	NA	NA	NA	NA	NA	NA	NA	NA
ERR2497390	Cornick et al 2021	22072_1#249	ERS1531138	ERP021324	Klebsiella pneumoniae	strong	0	0	0	0	2012	NA	other	n	unknown	NA	NA	NA	NA	NA	NA	NA	NA	NA	NA	NA	NA	NA	NA	NA	NA	NA	NA	NA	NA	NA	NA	NA	NA	NA	NA	NA	NA	NA	NA	NA	NA
ERR2497391	Cornick et al 2021	22072_1#250	ERS1531140	ERP021324	Klebsiella variicola subsp. variicola	strong	0	0	0	0	2013	NA	other	n	PAEDIATRIC NURSERY	NA	S	NA	NA	NA	NA	NA	S	NA	NA	NA	NA	S	NA	S	NA	S	NA	NA	S	NA	NA	NA	NA	NA	NA	NA	NA	NA	NA	NA	NA
ERR2497235	Cornick et al 2021	22072_1#94	ERS1521635	ERP021324	Klebsiella pneumoniae	strong	0	1	8	12	2012	NA	ST14	n	unknown	NA	NA	NA	NA	NA	NA	NA	NA	NA	NA	NA	NA	NA	NA	NA	NA	NA	NA	NA	NA	NA	NA	NA	NA	NA	NA	NA	NA	NA	NA	NA	NA
ERR2497236	Cornick et al 2021	22072_1#95	ERS1530953	ERP021324	Klebsiella pneumoniae	strong	0	1	8	12	2012	NA	ST14	n	CHATINKHA NURSERY	NA	R	NA	NA	NA	NA	NA	R	NA	NA	NA	NA	S	NA	S	NA	R	NA	NA	R	NA	NA	NA	NA	NA	NA	NA	NA	NA	NA	NA	NA
ERR2497237	Cornick et al 2021	22072_1#96	ERS1530954	ERP021324	Klebsiella pneumoniae	strong	0	1	9	17	2013	NA	ST340	n	CHATINKHA NURSERY	S	R	NA	R	NA	NA	NA	R	NA	NA	NA	NA	R	NA	R	NA	R	NA	NA	R	NA	NA	NA	NA	NA	NA	NA	NA	NA	NA	NA	NA
ERR2497238	Cornick et al 2021	22072_1#97	ERS1530955	ERP021324	Klebsiella pneumoniae	strong	0	1	8	11	2013	NA	other	n	CHATINKHA NURSERY	S	R	NA	R	NA	NA	NA	R	NA	NA	NA	NA	S	NA	R	NA	R	NA	NA	R	NA	NA	NA	NA	NA	NA	NA	NA	NA	NA	NA	NA
ERR2497239	Cornick et al 2021	22072_1#98	ERS1530956	ERP021324	Klebsiella pneumoniae	strong	0	1	3	3	2014	NA	other	n	CHATINKHA NURSERY	NA	R	NA	NA	NA	NA	NA	S	NA	NA	NA	NA	S	NA	S	NA	S	NA	NA	S	NA	NA	NA	NA	NA	NA	NA	NA	NA	NA	NA	NA
ERR2497240	Cornick et al 2021	22072_1#99	ERS1530957	ERP021324	Klebsiella pneumoniae	strong	0	1	6	6	2014	NA	other	n	CHATINKHA NURSERY	S	R	NA	R	NA	NA	NA	R	NA	NA	NA	NA	R	NA	S	NA	R	NA	NA	R	NA	NA	NA	NA	NA	NA	NA	NA	NA	NA	NA	NA
ERR4504245	Lester et al 2022	30602_7#11	ERS3502226	ERP115360	Klebsiella pneumoniae	strong	0	0	0	0	2018	NA	ST17	n	unknown	NA	NA	NA	NA	NA	NA	NA	NA	NA	NA	NA	NA	NA	NA	NA	NA	NA	NA	NA	NA	NA	NA	NA	NA	NA	NA	NA	NA	NA	NA	NA	NA
ERR4504309	Lester et al 2022	30602_7#138	ERS3502276	ERP115360	Klebsiella pneumoniae	strong	0	1	8	13	2018	NA	ST1552	n	unknown	NA	NA	NA	NA	NA	NA	NA	NA	NA	NA	NA	NA	NA	NA	NA	NA	NA	NA	NA	NA	NA	NA	NA	NA	NA	NA	NA	NA	NA	NA	NA	NA
ERR4504247	Lester et al 2022	30602_7#14	ERS3502227	ERP115360	Klebsiella pneumoniae	strong	0	1	6	6	2018	NA	ST35	n	unknown	NA	NA	NA	NA	NA	NA	NA	NA	NA	NA	NA	NA	NA	NA	NA	NA	NA	NA	NA	NA	NA	NA	NA	NA	NA	NA	NA	NA	NA	NA	NA	NA
ERR4504317	Lester et al 2022	30602_7#154	ERS3502280	ERP115360	Klebsiella pneumoniae	strong	0	1	7	11	2018	NA	other	n	unknown	NA	NA	NA	NA	NA	NA	NA	NA	NA	NA	NA	NA	NA	NA	NA	NA	NA	NA	NA	NA	NA	NA	NA	NA	NA	NA	NA	NA	NA	NA	NA	NA
ERR4504319	Lester et al 2022	30602_7#158	ERS3502281	ERP115360	Klebsiella pneumoniae	strong	0	1	7	11	2018	NA	other	n	unknown	NA	NA	NA	NA	NA	NA	NA	NA	NA	NA	NA	NA	NA	NA	NA	NA	NA	NA	NA	NA	NA	NA	NA	NA	NA	NA	NA	NA	NA	NA	NA	NA
ERR4504321	Lester et al 2022	30602_7#162	ERS3502282	ERP115360	Klebsiella pneumoniae	strong	0	1	7	11	2018	NA	ST35	n	unknown	NA	NA	NA	NA	NA	NA	NA	NA	NA	NA	NA	NA	NA	NA	NA	NA	NA	NA	NA	NA	NA	NA	NA	NA	NA	NA	NA	NA	NA	NA	NA	NA
ERR4504331	Lester et al 2022	30602_7#182	ERS3502287	ERP115360	Klebsiella pneumoniae	strong	0	1	8	13	2018	NA	ST1552	n	unknown	NA	NA	NA	NA	NA	NA	NA	NA	NA	NA	NA	NA	NA	NA	NA	NA	NA	NA	NA	NA	NA	NA	NA	NA	NA	NA	NA	NA	NA	NA	NA	NA
ERR4504332	Lester et al 2022	30602_7#185	ERS3502192	ERP115360	Klebsiella pneumoniae	strong	0	1	9	19	2018	NA	other	n	unknown	NA	NA	NA	NA	NA	NA	NA	NA	NA	NA	NA	NA	NA	NA	NA	NA	NA	NA	NA	NA	NA	NA	NA	NA	NA	NA	NA	NA	NA	NA	NA	NA
ERR4504335	Lester et al 2022	30602_7#190	ERS3502289	ERP115360	Klebsiella pneumoniae	strong	0	1	8	12	2018	NA	other	n	unknown	NA	NA	NA	NA	NA	NA	NA	NA	NA	NA	NA	NA	NA	NA	NA	NA	NA	NA	NA	NA	NA	NA	NA	NA	NA	NA	NA	NA	NA	NA	NA	NA
ERR4504348	Lester et al 2022	30602_7#218	ERS3502200	ERP115360	Klebsiella pneumoniae	strong	1	1	8	13	2019	NA	ST14	n	unknown	NA	NA	NA	NA	NA	NA	NA	NA	NA	NA	NA	NA	NA	NA	NA	NA	NA	NA	NA	NA	NA	NA	NA	NA	NA	NA	NA	NA	NA	NA	NA	NA
ERR4504366	Lester et al 2022	30602_7#256	ERS3502311	ERP115360	Klebsiella pneumoniae	strong	1	1	8	12	2018	NA	ST607	n	unknown	NA	NA	NA	NA	NA	NA	NA	NA	NA	NA	NA	NA	NA	NA	NA	NA	NA	NA	NA	NA	NA	NA	NA	NA	NA	NA	NA	NA	NA	NA	NA	NA
ERR4504377	Lester et al 2022	30602_7#272	ERS3502315	ERP115360	Klebsiella pneumoniae	strong	1	1	8	14	2018	NA	ST39	n	unknown	NA	NA	NA	NA	NA	NA	NA	NA	NA	NA	NA	NA	NA	NA	NA	NA	NA	NA	NA	NA	NA	NA	NA	NA	NA	NA	NA	NA	NA	NA	NA	NA
ERR4504394	Lester et al 2022	30602_7#296	ERS3502321	ERP115360	Klebsiella pneumoniae	strong	1	1	7	11	2018	NA	ST39	n	unknown	NA	NA	NA	NA	NA	NA	NA	NA	NA	NA	NA	NA	NA	NA	NA	NA	NA	NA	NA	NA	NA	NA	NA	NA	NA	NA	NA	NA	NA	NA	NA	NA
ERR4504397	Lester et al 2022	30602_7#300	ERS3502322	ERP115360	Klebsiella pneumoniae	strong	0	1	8	12	2018	NA	ST307	n	unknown	NA	NA	NA	NA	NA	NA	NA	NA	NA	NA	NA	NA	NA	NA	NA	NA	NA	NA	NA	NA	NA	NA	NA	NA	NA	NA	NA	NA	NA	NA	NA	NA
ERR4504450	Lester et al 2022	30602_7#373	ERS3502342	ERP115360	Klebsiella pneumoniae	strong	0	1	6	9	2018	NA	ST35	n	unknown	NA	NA	NA	NA	NA	NA	NA	NA	NA	NA	NA	NA	NA	NA	NA	NA	NA	NA	NA	NA	NA	NA	NA	NA	NA	NA	NA	NA	NA	NA	NA	NA
ERR4504264	Lester et al 2022	30602_7#46	ERS3502254	ERP115360	Klebsiella pneumoniae	strong	0	1	7	12	2018	NA	ST39	n	unknown	NA	NA	NA	NA	NA	NA	NA	NA	NA	NA	NA	NA	NA	NA	NA	NA	NA	NA	NA	NA	NA	NA	NA	NA	NA	NA	NA	NA	NA	NA	NA	NA
ERR4504266	Lester et al 2022	30602_7#49	ERS3502255	ERP115360	Klebsiella pneumoniae	strong	1	1	7	8	2018	NA	ST17	n	unknown	NA	NA	NA	NA	NA	NA	NA	NA	NA	NA	NA	NA	NA	NA	NA	NA	NA	NA	NA	NA	NA	NA	NA	NA	NA	NA	NA	NA	NA	NA	NA	NA
ERR8574838	Lester et al 2022	36195_1#104	ERS5122592	ERP115360	Klebsiella pneumoniae	strong	1	1	6	8	2019	NA	ST307	n	unknown	NA	NA	NA	NA	NA	NA	NA	NA	NA	NA	NA	NA	NA	NA	NA	NA	NA	NA	NA	NA	NA	NA	NA	NA	NA	NA	NA	NA	NA	NA	NA	NA
ERR8574839	Lester et al 2022	36195_1#105	ERS5122415	ERP115360	Klebsiella pneumoniae	strong	0	1	8	13	2018	NA	ST1552	n	unknown	NA	NA	NA	NA	NA	NA	NA	NA	NA	NA	NA	NA	NA	NA	NA	NA	NA	NA	NA	NA	NA	NA	NA	NA	NA	NA	NA	NA	NA	NA	NA	NA
ERR8574843	Lester et al 2022	36195_1#111	ERS5122596	ERP115360	Klebsiella pneumoniae	strong	0	0	0	0	2018	NA	other	n	unknown	NA	NA	NA	NA	NA	NA	NA	NA	NA	NA	NA	NA	NA	NA	NA	NA	NA	NA	NA	NA	NA	NA	NA	NA	NA	NA	NA	NA	NA	NA	NA	NA
ERR8574768	Lester et al 2022	36195_1#11	ERS5122407	ERP115360	Klebsiella pneumoniae	strong	0	1	7	15	2018	NA	other	n	unknown	NA	NA	NA	NA	NA	NA	NA	NA	NA	NA	NA	NA	NA	NA	NA	NA	NA	NA	NA	NA	NA	NA	NA	NA	NA	NA	NA	NA	NA	NA	NA	NA
ERR8574855	Lester et al 2022	36195_1#126	ERS5122604	ERP115360	Klebsiella pneumoniae	strong	0	1	6	7	NA	NA	other	n	unknown	NA	NA	NA	NA	NA	NA	NA	NA	NA	NA	NA	NA	NA	NA	NA	NA	NA	NA	NA	NA	NA	NA	NA	NA	NA	NA	NA	NA	NA	NA	NA	NA
ERR8574858	Lester et al 2022	36195_1#131	ERS5122606	ERP115360	Klebsiella pneumoniae	strong	1	1	9	14	2019	NA	ST25	n	unknown	NA	NA	NA	NA	NA	NA	NA	NA	NA	NA	NA	NA	NA	NA	NA	NA	NA	NA	NA	NA	NA	NA	NA	NA	NA	NA	NA	NA	NA	NA	NA	NA
ERR8574865	Lester et al 2022	36195_1#140	ERS5122610	ERP115360	Klebsiella pneumoniae	strong	1	1	3	5	2018	NA	ST48	n	unknown	NA	NA	NA	NA	NA	NA	NA	NA	NA	NA	NA	NA	NA	NA	NA	NA	NA	NA	NA	NA	NA	NA	NA	NA	NA	NA	NA	NA	NA	NA	NA	NA
ERR8574869	Lester et al 2022	36195_1#146	ERS5122432	ERP115360	Klebsiella pneumoniae	strong	0	1	8	13	2018	NA	ST1552	n	unknown	NA	NA	NA	NA	NA	NA	NA	NA	NA	NA	NA	NA	NA	NA	NA	NA	NA	NA	NA	NA	NA	NA	NA	NA	NA	NA	NA	NA	NA	NA	NA	NA
ERR8574872	Lester et al 2022	36195_1#150	ERS5297832	ERP115360	Klebsiella pneumoniae	strong	1	2	7	12	2019	NA	ST45	n	unknown	NA	NA	NA	NA	NA	NA	NA	NA	NA	NA	NA	NA	NA	NA	NA	NA	NA	NA	NA	NA	NA	NA	NA	NA	NA	NA	NA	NA	NA	NA	NA	NA
ERR8574875	Lester et al 2022	36195_1#153	ERS5122436	ERP115360	Klebsiella pneumoniae	strong	0	1	7	8	2019	NA	other	n	unknown	NA	NA	NA	NA	NA	NA	NA	NA	NA	NA	NA	NA	NA	NA	NA	NA	NA	NA	NA	NA	NA	NA	NA	NA	NA	NA	NA	NA	NA	NA	NA	NA
ERR8574877	Lester et al 2022	36195_1#155	ERS5122619	ERP115360	Klebsiella pneumoniae	strong	1	1	8	12	2019	NA	ST14	n	unknown	NA	NA	NA	NA	NA	NA	NA	NA	NA	NA	NA	NA	NA	NA	NA	NA	NA	NA	NA	NA	NA	NA	NA	NA	NA	NA	NA	NA	NA	NA	NA	NA
ERR8574772	Lester et al 2022	36195_1#16	ERS5122341	ERP115360	Klebsiella pneumoniae	strong	1	1	8	16	2019	NA	other	n	unknown	NA	NA	NA	NA	NA	NA	NA	NA	NA	NA	NA	NA	NA	NA	NA	NA	NA	NA	NA	NA	NA	NA	NA	NA	NA	NA	NA	NA	NA	NA	NA	NA
ERR8574899	Lester et al 2022	36195_1#186	ERS5122448	ERP115360	Klebsiella pneumoniae	strong	0	1	7	11	2018	NA	ST584	n	unknown	NA	NA	NA	NA	NA	NA	NA	NA	NA	NA	NA	NA	NA	NA	NA	NA	NA	NA	NA	NA	NA	NA	NA	NA	NA	NA	NA	NA	NA	NA	NA	NA
ERR8574902	Lester et al 2022	36195_1#189	ERS5122450	ERP115360	Klebsiella pneumoniae	strong	1	1	8	13	2019	NA	ST14	n	unknown	NA	NA	NA	NA	NA	NA	NA	NA	NA	NA	NA	NA	NA	NA	NA	NA	NA	NA	NA	NA	NA	NA	NA	NA	NA	NA	NA	NA	NA	NA	NA	NA
ERR8574916	Lester et al 2022	36195_1#208	ERS5122459	ERP115360	Klebsiella pneumoniae	strong	1	1	6	9	2019	NA	ST29	n	unknown	NA	NA	NA	NA	NA	NA	NA	NA	NA	NA	NA	NA	NA	NA	NA	NA	NA	NA	NA	NA	NA	NA	NA	NA	NA	NA	NA	NA	NA	NA	NA	NA
ERR8574923	Lester et al 2022	36195_1#217	ERS5122471	ERP115360	Klebsiella pneumoniae	strong	1	1	5	5	2018	NA	ST17	n	unknown	NA	NA	NA	NA	NA	NA	NA	NA	NA	NA	NA	NA	NA	NA	NA	NA	NA	NA	NA	NA	NA	NA	NA	NA	NA	NA	NA	NA	NA	NA	NA	NA
ERR8574926	Lester et al 2022	36195_1#222	ERS5122473	ERP115360	Klebsiella pneumoniae	strong	1	1	8	13	2019	NA	ST14	n	unknown	NA	NA	NA	NA	NA	NA	NA	NA	NA	NA	NA	NA	NA	NA	NA	NA	NA	NA	NA	NA	NA	NA	NA	NA	NA	NA	NA	NA	NA	NA	NA	NA
ERR8574929	Lester et al 2022	36195_1#225	ERS5122475	ERP115360	Klebsiella pneumoniae	strong	0	1	6	10	2019	NA	other	n	unknown	NA	NA	NA	NA	NA	NA	NA	NA	NA	NA	NA	NA	NA	NA	NA	NA	NA	NA	NA	NA	NA	NA	NA	NA	NA	NA	NA	NA	NA	NA	NA	NA
ERR8574944	Lester et al 2022	36195_1#246	ERS5122482	ERP115360	Klebsiella pneumoniae	strong	0	1	7	12	2018	NA	ST39	n	unknown	NA	NA	NA	NA	NA	NA	NA	NA	NA	NA	NA	NA	NA	NA	NA	NA	NA	NA	NA	NA	NA	NA	NA	NA	NA	NA	NA	NA	NA	NA	NA	NA
ERR8574951	Lester et al 2022	36195_1#254	ERS5122699	ERP115360	Klebsiella pneumoniae	strong	0	1	8	12	2019	NA	other	n	unknown	NA	NA	NA	NA	NA	NA	NA	NA	NA	NA	NA	NA	NA	NA	NA	NA	NA	NA	NA	NA	NA	NA	NA	NA	NA	NA	NA	NA	NA	NA	NA	NA
ERR8574779	Lester et al 2022	36195_1#25	ERS5297830	ERP115360	Klebsiella pneumoniae	strong	0	1	7	15	2018	NA	ST25	n	unknown	NA	NA	NA	NA	NA	NA	NA	NA	NA	NA	NA	NA	NA	NA	NA	NA	NA	NA	NA	NA	NA	NA	NA	NA	NA	NA	NA	NA	NA	NA	NA	NA
ERR8574956	Lester et al 2022	36195_1#261	ERS5122487	ERP115360	Klebsiella pneumoniae	strong	1	1	7	11	2019	NA	ST39	n	unknown	NA	NA	NA	NA	NA	NA	NA	NA	NA	NA	NA	NA	NA	NA	NA	NA	NA	NA	NA	NA	NA	NA	NA	NA	NA	NA	NA	NA	NA	NA	NA	NA
ERR8574959	Lester et al 2022	36195_1#266	ERS5122489	ERP115360	Klebsiella pneumoniae	strong	1	1	8	14	2019	NA	ST607	n	unknown	NA	NA	NA	NA	NA	NA	NA	NA	NA	NA	NA	NA	NA	NA	NA	NA	NA	NA	NA	NA	NA	NA	NA	NA	NA	NA	NA	NA	NA	NA	NA	NA
ERR8574977	Lester et al 2022	36195_1#284	ERS5122501	ERP115360	Klebsiella pneumoniae	strong	1	1	7	10	2019	NA	ST15	n	unknown	NA	NA	NA	NA	NA	NA	NA	NA	NA	NA	NA	NA	NA	NA	NA	NA	NA	NA	NA	NA	NA	NA	NA	NA	NA	NA	NA	NA	NA	NA	NA	NA
ERR8574978	Lester et al 2022	36195_1#287	ERS5122330	ERP115360	Klebsiella pneumoniae	strong	1	0	9	14	2019	NA	other	n	unknown	NA	NA	NA	NA	NA	NA	NA	NA	NA	NA	NA	NA	NA	NA	NA	NA	NA	NA	NA	NA	NA	NA	NA	NA	NA	NA	NA	NA	NA	NA	NA	NA
ERR8574992	Lester et al 2022	36195_1#308	ERS5122349	ERP115360	Klebsiella pneumoniae	strong	1	1	7	12	2018	NA	ST48	n	unknown	NA	NA	NA	NA	NA	NA	NA	NA	NA	NA	NA	NA	NA	NA	NA	NA	NA	NA	NA	NA	NA	NA	NA	NA	NA	NA	NA	NA	NA	NA	NA	NA
ERR8574782	Lester et al 2022	36195_1#30	ERS5122361	ERP115360	Klebsiella pneumoniae	strong	1	1	8	13	2019	NA	ST14	n	unknown	NA	NA	NA	NA	NA	NA	NA	NA	NA	NA	NA	NA	NA	NA	NA	NA	NA	NA	NA	NA	NA	NA	NA	NA	NA	NA	NA	NA	NA	NA	NA	NA
ERR8574995	Lester et al 2022	36195_1#311	ERS5122517	ERP115360	Klebsiella pneumoniae	strong	0	1	7	11	2019	NA	other	n	unknown	NA	NA	NA	NA	NA	NA	NA	NA	NA	NA	NA	NA	NA	NA	NA	NA	NA	NA	NA	NA	NA	NA	NA	NA	NA	NA	NA	NA	NA	NA	NA	NA
ERR8574997	Lester et al 2022	36195_1#315	ERS5122519	ERP115360	Klebsiella pneumoniae	strong	0	1	7	9	2018	NA	ST101	n	unknown	NA	NA	NA	NA	NA	NA	NA	NA	NA	NA	NA	NA	NA	NA	NA	NA	NA	NA	NA	NA	NA	NA	NA	NA	NA	NA	NA	NA	NA	NA	NA	NA
ERR8575000	Lester et al 2022	36195_1#320	ERS5122363	ERP115360	Klebsiella pneumoniae	strong	0	1	7	11	2018	NA	ST35	n	unknown	NA	NA	NA	NA	NA	NA	NA	NA	NA	NA	NA	NA	NA	NA	NA	NA	NA	NA	NA	NA	NA	NA	NA	NA	NA	NA	NA	NA	NA	NA	NA	NA
ERR8574784	Lester et al 2022	36195_1#32	ERS5122427	ERP115360	Klebsiella pneumoniae	strong	1	1	5	5	2018	NA	ST17	n	unknown	NA	NA	NA	NA	NA	NA	NA	NA	NA	NA	NA	NA	NA	NA	NA	NA	NA	NA	NA	NA	NA	NA	NA	NA	NA	NA	NA	NA	NA	NA	NA	NA
ERR8575012	Lester et al 2022	36195_1#339	ERS5122380	ERP115360	Klebsiella pneumoniae	strong	0	1	5	5	2018	NA	other	n	unknown	NA	NA	NA	NA	NA	NA	NA	NA	NA	NA	NA	NA	NA	NA	NA	NA	NA	NA	NA	NA	NA	NA	NA	NA	NA	NA	NA	NA	NA	NA	NA	NA
ERR8575014	Lester et al 2022	36195_1#343	ERS5122540	ERP115360	Klebsiella pneumoniae	strong	1	0	1	0	2019	NA	ST307	n	unknown	NA	NA	NA	NA	NA	NA	NA	NA	NA	NA	NA	NA	NA	NA	NA	NA	NA	NA	NA	NA	NA	NA	NA	NA	NA	NA	NA	NA	NA	NA	NA	NA
ERR8574786	Lester et al 2022	36195_1#34	ERS5122554	ERP115360	Klebsiella pneumoniae	strong	1	1	9	15	2019	NA	ST607	n	unknown	NA	NA	NA	NA	NA	NA	NA	NA	NA	NA	NA	NA	NA	NA	NA	NA	NA	NA	NA	NA	NA	NA	NA	NA	NA	NA	NA	NA	NA	NA	NA	NA
ERR8574788	Lester et al 2022	36195_1#38	ERS5122364	ERP115360	Klebsiella pneumoniae	strong	0	1	8	13	2018	NA	ST1552	n	unknown	NA	NA	NA	NA	NA	NA	NA	NA	NA	NA	NA	NA	NA	NA	NA	NA	NA	NA	NA	NA	NA	NA	NA	NA	NA	NA	NA	NA	NA	NA	NA	NA
ERR8574792	Lester et al 2022	36195_1#42	ERS5122562	ERP115360	Klebsiella pneumoniae	strong	1	1	6	8	2019	NA	ST307	n	unknown	NA	NA	NA	NA	NA	NA	NA	NA	NA	NA	NA	NA	NA	NA	NA	NA	NA	NA	NA	NA	NA	NA	NA	NA	NA	NA	NA	NA	NA	NA	NA	NA
ERR8574794	Lester et al 2022	36195_1#46	ERS5122372	ERP115360	Klebsiella pneumoniae	strong	1	1	8	13	2019	NA	ST14	n	unknown	NA	NA	NA	NA	NA	NA	NA	NA	NA	NA	NA	NA	NA	NA	NA	NA	NA	NA	NA	NA	NA	NA	NA	NA	NA	NA	NA	NA	NA	NA	NA	NA
ERR8574795	Lester et al 2022	36195_1#47	ERS5122564	ERP115360	Klebsiella pneumoniae	strong	0	1	7	8	2019	NA	ST391	n	unknown	NA	NA	NA	NA	NA	NA	NA	NA	NA	NA	NA	NA	NA	NA	NA	NA	NA	NA	NA	NA	NA	NA	NA	NA	NA	NA	NA	NA	NA	NA	NA	NA
ERR8574801	Lester et al 2022	36195_1#55	ERS5122463	ERP115360	Klebsiella pneumoniae	strong	1	1	8	13	2019	NA	ST14	n	unknown	NA	NA	NA	NA	NA	NA	NA	NA	NA	NA	NA	NA	NA	NA	NA	NA	NA	NA	NA	NA	NA	NA	NA	NA	NA	NA	NA	NA	NA	NA	NA	NA
ERR8574806	Lester et al 2022	36195_1#61	ERS5122387	ERP115360	Klebsiella pneumoniae	strong	0	1	7	11	2018	NA	ST35	n	unknown	NA	NA	NA	NA	NA	NA	NA	NA	NA	NA	NA	NA	NA	NA	NA	NA	NA	NA	NA	NA	NA	NA	NA	NA	NA	NA	NA	NA	NA	NA	NA	NA
ERR8574809	Lester et al 2022	36195_1#66	ERS5122391	ERP115360	Klebsiella pneumoniae	strong	0	1	8	13	2018	NA	ST1552	n	unknown	NA	NA	NA	NA	NA	NA	NA	NA	NA	NA	NA	NA	NA	NA	NA	NA	NA	NA	NA	NA	NA	NA	NA	NA	NA	NA	NA	NA	NA	NA	NA	NA
ERR8574812	Lester et al 2022	36195_1#69	ERS5122393	ERP115360	Klebsiella pneumoniae	strong	1	0	7	8	2018	NA	ST307	n	unknown	NA	NA	NA	NA	NA	NA	NA	NA	NA	NA	NA	NA	NA	NA	NA	NA	NA	NA	NA	NA	NA	NA	NA	NA	NA	NA	NA	NA	NA	NA	NA	NA
ERR8574813	Lester et al 2022	36195_1#70	ERS5122503	ERP115360	Klebsiella pneumoniae	strong	1	1	8	12	2019	NA	ST307	n	unknown	NA	NA	NA	NA	NA	NA	NA	NA	NA	NA	NA	NA	NA	NA	NA	NA	NA	NA	NA	NA	NA	NA	NA	NA	NA	NA	NA	NA	NA	NA	NA	NA
ERR8574817	Lester et al 2022	36195_1#76	ERS5122580	ERP115360	Klebsiella pneumoniae	strong	0	0	1	2	2019	NA	ST36	n	unknown	NA	NA	NA	NA	NA	NA	NA	NA	NA	NA	NA	NA	NA	NA	NA	NA	NA	NA	NA	NA	NA	NA	NA	NA	NA	NA	NA	NA	NA	NA	NA	NA
ERR8574820	Lester et al 2022	36195_1#80	ERS5122403	ERP115360	Klebsiella pneumoniae	strong	0	1	6	6	2018	NA	ST35	n	unknown	NA	NA	NA	NA	NA	NA	NA	NA	NA	NA	NA	NA	NA	NA	NA	NA	NA	NA	NA	NA	NA	NA	NA	NA	NA	NA	NA	NA	NA	NA	NA	NA
ERR12058277	this study	42070_1#101	ERS7985662	ERP126322	Klebsiella pneumoniae	strong	1	1	6	6	2016	NA	ST39	n	PAEDIATRIC ONCOLOGY	S	R	NA	R	NA	NA	NA	R	NA	NA	NA	NA	R	NA	S	NA	R	NA	NA	R	NA	NA	NA	NA	NA	NA	NA	NA	NA	NA	NA	NA
ERR12058278	this study	42070_1#102	ERS7985617	ERP126322	Klebsiella pneumoniae	strong	0	1	6	6	2017	NA	other	n	PAEDIATRIC ONCOLOGY	S	R	NA	I	NA	NA	NA	R	NA	NA	NA	NA	R	NA	S	NA	R	NA	NA	R	NA	NA	NA	NA	NA	NA	NA	NA	NA	NA	NA	NA
ERR12058279	this study	42070_1#103	ERS7985661	ERP126322	Klebsiella pneumoniae	strong	0	1	6	9	2016	NA	ST14	y	CHATINKHA NURSERY	S	R	NA	R	NA	NA	NA	R	NA	NA	NA	NA	R	NA	S	NA	R	NA	NA	R	NA	NA	NA	NA	NA	NA	NA	NA	NA	NA	NA	NA
ERR12058281	this study	42070_1#105	ERS7985663	ERP126322	Klebsiella pneumoniae	strong	4	1	5	5	2016	NA	ST86	n	PAEDIATRIC MOYO WARD	S	R	NA	R	NA	NA	NA	R	NA	NA	NA	NA	S	NA	S	NA	R	NA	NA	R	NA	NA	NA	NA	NA	NA	NA	NA	NA	NA	NA	NA
ERR12058282	this study	42070_1#106	ERS7985619	ERP126322	Klebsiella pneumoniae	strong	1	1	8	12	2017	NA	ST307	n	PAEDIATRIC SURGICAL WARD	S	R	NA	S	NA	NA	NA	R	NA	NA	NA	NA	S	NA	R	NA	R	NA	NA	R	NA	NA	NA	NA	NA	NA	NA	NA	NA	NA	NA	NA
ERR12058283	this study	42070_1#107	ERS7985665	ERP126322	Klebsiella pneumoniae	strong	5	1	6	6	2016	NA	other	n	INTENSIVE CARE UNIT	S	R	NA	R	NA	NA	NA	R	NA	NA	NA	NA	R	NA	S	NA	R	NA	NA	R	NA	NA	NA	NA	NA	NA	NA	NA	NA	NA	NA	NA
ERR12058284	this study	42070_1#108	ERS7985620	ERP126322	Klebsiella pneumoniae	strong	1	1	7	11	2017	NA	ST39	y	CHATINKHA NURSERY	S	R	NA	S	NA	NA	NA	R	NA	NA	NA	NA	S	NA	S	NA	R	NA	NA	R	NA	NA	NA	NA	NA	NA	NA	NA	NA	NA	NA	NA
ERR12058285	this study	42070_1#109	ERS7985667	ERP126322	Klebsiella pneumoniae	strong	1	1	9	14	2016	NA	ST25	y	CHATINKHA NURSERY	NA	R	NA	S	NA	NA	NA	R	NA	NA	NA	NA	S	NA	R	NA	R	NA	NA	R	NA	NA	NA	NA	NA	NA	NA	NA	NA	NA	NA	NA
ERR12058286	this study	42070_1#110	ERS7985621	ERP126322	Klebsiella pneumoniae	strong	1	1	7	11	2017	NA	ST39	y	CHATINKHA NURSERY	S	R	NA	S	NA	NA	NA	R	NA	NA	NA	NA	S	NA	S	NA	R	NA	NA	R	NA	NA	NA	NA	NA	NA	NA	NA	NA	NA	NA	NA
ERR12058287	this study	42070_1#111	ERS7985664	ERP126322	Klebsiella pneumoniae	strong	0	1	6	7	2016	NA	other	n	INTENSIVE CARE UNIT	S	R	NA	S	NA	NA	NA	R	NA	NA	NA	NA	S	NA	R	NA	R	NA	NA	S	NA	NA	NA	NA	NA	NA	NA	NA	NA	NA	NA	NA
ERR12058288	this study	42070_1#112	ERS7985622	ERP126322	Klebsiella pneumoniae	strong	1	1	7	11	2017	NA	ST39	y	CHATINKHA NURSERY	S	R	NA	S	NA	NA	NA	R	NA	NA	NA	NA	S	NA	S	NA	R	NA	NA	R	NA	NA	NA	NA	NA	NA	NA	NA	NA	NA	NA	NA
ERR12058289	this study	42070_1#113	ERS7985838	ERP126322	Klebsiella pneumoniae	strong	0	1	10	15	2017	NA	ST14	y	CHATINKHA NURSERY	S	R	NA	S	NA	NA	NA	R	NA	NA	NA	NA	R	NA	R	NA	R	NA	NA	R	NA	NA	NA	NA	NA	NA	NA	NA	NA	NA	NA	NA
ERR12058291	this study	42070_1#115	ERS7985839	ERP126322	Klebsiella pneumoniae	strong	1	1	7	11	2017	NA	ST39	y	CHATINKHA NURSERY	S	R	NA	I	NA	NA	NA	R	NA	NA	NA	NA	S	NA	S	NA	R	NA	NA	R	NA	NA	NA	NA	NA	NA	NA	NA	NA	NA	NA	NA
ERR12058292	this study	42070_1#116	ERS7986005	ERP126322	Klebsiella pneumoniae	strong	1	1	7	11	2017	NA	ST39	n	INTENSIVE CARE UNIT	S	R	NA	S	NA	NA	NA	R	NA	NA	NA	NA	S	NA	S	NA	R	NA	NA	R	NA	NA	NA	NA	NA	NA	NA	NA	NA	NA	NA	NA
ERR12058293	this study	42070_1#117	ERS7985840	ERP126322	Klebsiella quasipneumoniae subsp. similipneumoniae	strong	0	0	3	4	2017	NA	other	y	CHATINKHA NURSERY	NA	R	NA	NA	NA	NA	NA	S	NA	NA	NA	NA	S	NA	S	NA	S	NA	NA	R	NA	NA	NA	NA	NA	NA	NA	NA	NA	NA	NA	NA
ERR12058294	this study	42070_1#118	ERS7986006	ERP126322	Klebsiella pneumoniae	strong	1	1	8	12	2017	NA	ST15	n	BURNS UNITS	S	R	NA	S	NA	NA	NA	R	NA	NA	NA	NA	R	NA	R	NA	R	NA	NA	R	NA	NA	NA	NA	NA	NA	NA	NA	NA	NA	NA	NA
ERR12058295	this study	42070_1#119	ERS7985841	ERP126322	Klebsiella pneumoniae	strong	0	1	10	14	2017	NA	ST14	y	CHATINKHA NURSERY	S	R	NA	R	NA	NA	NA	R	NA	NA	NA	NA	R	NA	R	NA	R	NA	NA	R	NA	NA	NA	NA	NA	NA	NA	NA	NA	NA	NA	NA
ERR12058191	this study	42070_1#11	ERS7985640	ERP126322	Klebsiella pneumoniae	strong	4	1	5	5	2016	NA	ST86	n	PAEDIATRIC SPECIAL CARE WARD	S	R	NA	R	NA	NA	NA	R	NA	NA	NA	NA	S	NA	S	NA	R	NA	NA	R	NA	NA	NA	NA	NA	NA	NA	NA	NA	NA	NA	NA
ERR12058296	this study	42070_1#120	ERS7986007	ERP126322	Klebsiella pneumoniae	strong	1	1	7	11	2017	NA	ST39	y	CHATINKHA NURSERY	S	R	NA	S	NA	NA	NA	R	NA	NA	NA	NA	R	NA	S	NA	R	NA	NA	R	NA	NA	NA	NA	NA	NA	NA	NA	NA	NA	NA	NA
ERR12058297	this study	42070_1#121	ERS7985842	ERP126322	Klebsiella pneumoniae	strong	1	1	7	11	2017	NA	ST39	y	CHATINKHA NURSERY	S	R	NA	S	NA	NA	NA	R	NA	NA	NA	NA	R	NA	S	NA	NA	NA	NA	R	NA	NA	NA	NA	NA	NA	NA	NA	NA	NA	NA	NA
ERR12058298	this study	42070_1#122	ERS7986008	ERP126322	Klebsiella pneumoniae	strong	1	1	7	11	2017	NA	ST39	y	CHATINKHA NURSERY	S	R	NA	S	NA	NA	NA	R	NA	NA	NA	NA	R	NA	S	NA	R	NA	NA	R	NA	NA	NA	NA	NA	NA	NA	NA	NA	NA	NA	NA
ERR12058299	this study	42070_1#123	ERS7985843	ERP126322	Klebsiella pneumoniae	strong	1	1	7	11	2017	NA	ST39	y	CHATINKHA NURSERY	S	R	NA	S	NA	NA	NA	R	NA	NA	NA	NA	R	NA	S	NA	R	NA	NA	NA	NA	NA	NA	NA	NA	NA	NA	NA	NA	NA	NA	NA
ERR12058300	this study	42070_1#124	ERS7986010	ERP126322	Klebsiella pneumoniae	strong	1	1	7	11	2017	NA	ST39	n	INTENSIVE CARE UNIT	S	R	NA	S	NA	NA	NA	R	NA	NA	NA	NA	R	NA	S	NA	R	NA	NA	R	NA	NA	NA	NA	NA	NA	NA	NA	NA	NA	NA	NA
ERR12058301	this study	42070_1#125	ERS7985844	ERP126322	Klebsiella pneumoniae	strong	1	1	7	11	2017	NA	ST39	y	CHATINKHA NURSERY	S	R	NA	S	NA	NA	NA	R	NA	NA	NA	NA	R	NA	S	NA	NA	NA	NA	R	NA	NA	NA	NA	NA	NA	NA	NA	NA	R	NA	NA
ERR12058302	this study	42070_1#126	ERS7986009	ERP126322	Klebsiella pneumoniae	strong	1	1	7	11	2017	NA	ST39	y	CHATINKHA NURSERY	S	R	NA	S	NA	NA	NA	R	NA	NA	NA	NA	S	NA	S	NA	R	NA	NA	R	NA	NA	NA	NA	NA	NA	NA	NA	NA	NA	NA	NA
ERR12058303	this study	42070_1#127	ERS7985845	ERP126322	Klebsiella pneumoniae	strong	1	1	7	11	2017	NA	ST39	y	CHATINKHA NURSERY	S	R	NA	S	NA	NA	NA	R	NA	NA	NA	NA	S	NA	S	NA	R	NA	NA	R	NA	NA	NA	NA	NA	NA	NA	NA	NA	NA	NA	NA
ERR12058304	this study	42070_1#128	ERS7986011	ERP126322	Klebsiella pneumoniae	strong	1	1	7	11	2017	NA	ST39	n	INTENSIVE CARE UNIT	S	R	NA	S	NA	NA	NA	R	NA	NA	NA	NA	R	NA	S	NA	R	NA	NA	R	NA	NA	NA	NA	NA	NA	NA	NA	NA	NA	NA	NA
ERR12058305	this study	42070_1#129	ERS7985666	ERP126322	Klebsiella pneumoniae	strong	0	1	7	11	2018	NA	ST35	y	CHATINKHA NURSERY	S	R	NA	R	NA	NA	NA	R	NA	NA	NA	NA	R	NA	S	NA	R	NA	NA	R	NA	NA	NA	NA	NA	NA	NA	NA	NA	NA	NA	NA
ERR12058192	this study	42070_1#12	ERS7985740	ERP126322	Klebsiella pneumoniae	strong	1	1	5	5	2017	NA	ST45	n	PAEDIATRIC NURSERY	S	R	NA	R	NA	NA	NA	R	NA	NA	NA	NA	S	NA	S	NA	R	NA	NA	R	NA	NA	NA	NA	NA	NA	NA	NA	NA	NA	NA	NA
ERR12058306	this study	42070_1#130	ERS7985624	ERP126322	Klebsiella pneumoniae	strong	1	1	7	11	2017	NA	ST39	y	CHATINKHA NURSERY	S	R	NA	S	NA	NA	NA	R	NA	NA	NA	NA	S	NA	S	NA	R	NA	NA	R	NA	NA	NA	NA	NA	NA	NA	NA	NA	NA	NA	NA
ERR12058307	this study	42070_1#131	ERS7985668	ERP126322	Klebsiella quasipneumoniae subsp. similipneumoniae	strong	0	1	7	8	2016	NA	other	n	PAEDIATRIC NURSERY	NA	R	NA	NA	NA	NA	NA	R	NA	NA	NA	NA	S	NA	R	NA	R	NA	NA	R	NA	NA	NA	NA	NA	NA	NA	NA	NA	NA	NA	NA
ERR12058309	this study	42070_1#133	ERS7985670	ERP126322	Klebsiella pneumoniae	strong	1	1	9	14	2016	NA	ST25	y	CHATINKHA NURSERY	NA	R	NA	S	NA	NA	NA	R	NA	NA	NA	NA	S	NA	R	NA	R	NA	NA	R	NA	NA	NA	NA	NA	NA	NA	NA	NA	NA	NA	NA
ERR12058310	this study	42070_1#134	ERS7985625	ERP126322	Klebsiella pneumoniae	strong	1	1	7	11	2017	NA	ST39	n	PAEDIATRIC SPECIAL CARE WARD	S	R	NA	R	NA	NA	NA	R	NA	NA	NA	NA	S	NA	S	NA	R	NA	NA	R	NA	NA	NA	NA	NA	NA	NA	NA	NA	NA	NA	NA
ERR12058311	this study	42070_1#135	ERS7985671	ERP126322	Klebsiella pneumoniae	strong	1	1	8	12	2016	NA	ST14	n	PAEDIATRIC NURSERY	S	R	NA	S	NA	NA	NA	R	NA	NA	NA	NA	R	NA	R	NA	NA	NA	NA	R	NA	NA	NA	NA	NA	NA	NA	NA	NA	NA	NA	NA
ERR12058312	this study	42070_1#136	ERS7985626	ERP126322	Klebsiella pneumoniae	strong	0	1	8	12	2016	NA	other	n	PAEDIATRIC NURSERY	S	R	NA	S	NA	NA	NA	R	NA	R	NA	NA	S	NA	R	NA	R	NA	NA	R	NA	NA	NA	NA	NA	NA	NA	NA	NA	NA	NA	NA
ERR12058313	this study	42070_1#137	ERS7985672	ERP126322	Klebsiella pneumoniae	strong	0	1	6	9	2016	NA	ST14	n	unknown	NA	R	NA	NA	NA	NA	NA	R	NA	NA	NA	NA	R	NA	S	NA	R	NA	NA	R	NA	NA	NA	NA	NA	NA	NA	NA	NA	NA	NA	NA
ERR12058314	this study	42070_1#138	ERS7985627	ERP126322	Klebsiella pneumoniae	strong	0	1	9	16	2016	NA	other	n	unknown	S	R	NA	S	NA	NA	NA	R	NA	NA	NA	NA	S	NA	R	NA	R	NA	NA	R	NA	NA	NA	NA	NA	NA	NA	NA	NA	NA	NA	NA
ERR12058315	this study	42070_1#139	ERS7985675	ERP126322	Klebsiella quasipneumoniae subsp. similipneumoniae	strong	0	1	7	9	2016	NA	other	n	PAEDIATRIC NURSERY	S	R	NA	NA	NA	NA	NA	R	NA	NA	NA	NA	S	NA	R	NA	R	NA	NA	R	NA	NA	NA	NA	NA	NA	NA	NA	NA	NA	NA	NA
ERR12058193	this study	42070_1#13	ERS7985641	ERP126322	Klebsiella pneumoniae	strong	0	1	8	13	2016	NA	other	n	PAEDIATRIC NURSERY	S	NA	NA	S	NA	NA	NA	R	NA	NA	NA	NA	R	NA	S	NA	R	NA	NA	R	NA	NA	NA	NA	NA	NA	NA	NA	NA	NA	NA	NA
ERR12058316	this study	42070_1#140	ERS7985628	ERP126322	Klebsiella variicola subsp. variicola	strong	0	0	0	0	2016	NA	other	n	unknown	NA	NA	NA	NA	NA	NA	NA	NA	NA	NA	NA	NA	NA	NA	NA	NA	NA	NA	NA	NA	NA	NA	NA	NA	NA	NA	NA	NA	NA	NA	NA	NA
ERR12058317	this study	42070_1#141	ERS7985676	ERP126322	Klebsiella pneumoniae	strong	1	1	9	14	2016	NA	ST25	y	CHATINKHA NURSERY	NA	R	NA	R	NA	NA	NA	R	NA	NA	NA	NA	R	NA	R	NA	R	NA	NA	R	NA	NA	NA	NA	NA	NA	NA	NA	NA	NA	NA	NA
ERR12058318	this study	42070_1#142	ERS7985629	ERP126322	Klebsiella pneumoniae	strong	1	1	8	12	2016	NA	ST15	n	3B MALE MEDICAL WARD	S	R	NA	S	NA	NA	NA	R	NA	NA	NA	NA	R	NA	R	NA	R	NA	NA	R	NA	NA	NA	NA	NA	NA	NA	NA	NA	NA	NA	NA
ERR12058319	this study	42070_1#143	ERS7985677	ERP126322	Klebsiella pneumoniae	strong	0	1	6	11	2016	NA	other	n	PAEDIATRIC NURSERY	NA	R	NA	S	NA	NA	NA	R	NA	NA	NA	NA	R	NA	S	NA	S	NA	NA	R	NA	NA	NA	NA	NA	NA	NA	NA	NA	NA	NA	NA
ERR12058320	this study	42070_1#144	ERS7985631	ERP126322	Klebsiella pneumoniae	strong	1	1	8	12	2016	NA	ST307	n	unknown	S	R	NA	R	NA	NA	NA	R	NA	NA	NA	NA	R	NA	R	NA	R	NA	NA	R	NA	NA	NA	NA	NA	NA	NA	NA	NA	NA	NA	NA
ERR12058321	this study	42070_1#145	ERS7985846	ERP126322	Klebsiella pneumoniae	strong	0	1	7	8	2017	NA	ST14	y	PAEDIATRIC SURGICAL WARD	S	R	NA	R	NA	NA	NA	R	NA	NA	NA	NA	S	NA	S	NA	R	NA	NA	R	NA	NA	NA	NA	NA	NA	NA	NA	NA	NA	NA	NA
ERR12058322	this study	42070_1#146	ERS7986012	ERP126322	Klebsiella pneumoniae	strong	0	1	6	6	2017	NA	other	n	PAEDIATRIC NURSERY	S	R	NA	S	NA	NA	NA	R	NA	NA	NA	NA	R	NA	S	NA	R	NA	NA	R	NA	NA	NA	NA	NA	NA	NA	NA	NA	NA	NA	NA
ERR12058323	this study	42070_1#147	ERS7985847	ERP126322	Klebsiella pneumoniae	strong	1	1	7	11	2017	NA	ST39	y	CHATINKHA NURSERY	S	R	NA	I	NA	NA	NA	R	NA	NA	NA	NA	S	NA	S	NA	NA	NA	NA	NA	NA	NA	NA	NA	NA	NA	NA	NA	NA	NA	NA	NA
ERR12058324	this study	42070_1#148	ERS7986013	ERP126322	Klebsiella pneumoniae	strong	1	1	7	11	2017	NA	ST39	y	CHATINKHA NURSERY	S	R	NA	S	NA	NA	NA	R	NA	NA	NA	NA	R	NA	S	NA	R	NA	NA	R	NA	NA	NA	NA	NA	NA	NA	NA	NA	NA	NA	NA
ERR12058325	this study	42070_1#149	ERS7985848	ERP126322	Klebsiella variicola subsp. variicola	strong	0	1	6	7	2017	NA	other	y	CHATINKHA NURSERY	S	R	NA	S	NA	NA	NA	R	NA	NA	NA	NA	S	NA	S	NA	R	NA	NA	R	NA	NA	NA	NA	NA	NA	NA	NA	NA	NA	NA	NA
ERR12058194	this study	42070_1#14	ERS7985739	ERP126322	Klebsiella pneumoniae	strong	1	1	7	11	2017	NA	ST39	y	PAEDIATRIC A&E	S	R	NA	S	NA	NA	NA	R	NA	NA	NA	NA	S	NA	S	NA	R	NA	NA	R	NA	NA	NA	NA	NA	NA	NA	NA	NA	NA	NA	NA
ERR12058326	this study	42070_1#150	ERS7986014	ERP126322	Klebsiella pneumoniae	strong	0	1	10	14	2017	NA	ST14	y	CHATINKHA NURSERY	I	R	NA	S	NA	NA	NA	R	NA	NA	NA	NA	R	NA	R	NA	R	NA	NA	R	NA	NA	NA	NA	NA	NA	NA	NA	NA	NA	NA	NA
ERR12058327	this study	42070_1#151	ERS7985849	ERP126322	Klebsiella pneumoniae	strong	0	0	0	0	2017	NA	other	n	A ETC	NA	R	NA	NA	NA	NA	NA	S	NA	NA	NA	NA	S	NA	S	NA	S	NA	NA	S	NA	NA	NA	NA	NA	NA	NA	NA	NA	NA	NA	NA
ERR12058328	this study	42070_1#152	ERS7986015	ERP126322	Klebsiella pneumoniae	strong	1	1	7	11	2017	NA	ST39	y	CHATINKHA NURSERY	S	R	NA	S	NA	NA	NA	R	NA	NA	NA	NA	R	NA	S	NA	R	NA	NA	R	NA	NA	NA	NA	NA	NA	NA	NA	NA	NA	NA	NA
ERR12058329	this study	42070_1#153	ERS7985850	ERP126322	Klebsiella variicola subsp. variicola	strong	0	0	0	0	2017	NA	other	n	3B MALE MEDICAL WARD	NA	R	NA	NA	NA	NA	NA	S	NA	NA	NA	NA	R	NA	NA	NA	S	NA	NA	S	NA	NA	NA	NA	NA	NA	NA	NA	NA	NA	NA	NA
ERR12058330	this study	42070_1#154	ERS7986016	ERP126322	Klebsiella pneumoniae	strong	1	1	7	11	2017	NA	ST39	y	CHATINKHA NURSERY	I	R	NA	I	NA	NA	NA	R	NA	NA	NA	NA	S	NA	S	NA	R	NA	NA	R	NA	NA	NA	NA	NA	NA	NA	NA	NA	NA	NA	NA
ERR12058331	this study	42070_1#155	ERS7985851	ERP126322	Klebsiella pneumoniae	strong	1	1	7	11	2017	NA	ST39	y	CHATINKHA NURSERY	S	R	NA	R	NA	NA	NA	R	NA	NA	NA	NA	S	NA	S	NA	R	NA	NA	R	NA	NA	NA	NA	NA	NA	NA	NA	NA	NA	NA	NA
ERR12058332	this study	42070_1#156	ERS7986017	ERP126322	Klebsiella pneumoniae	strong	1	1	7	11	2017	NA	ST39	y	CHATINKHA NURSERY	S	R	NA	S	NA	NA	NA	R	NA	NA	NA	NA	S	NA	S	NA	R	NA	NA	R	NA	NA	NA	NA	NA	NA	NA	NA	NA	NA	NA	NA
ERR12058333	this study	42070_1#157	ERS7985852	ERP126322	Klebsiella pneumoniae	strong	1	1	7	11	2017	NA	ST39	y	CHATINKHA NURSERY	S	R	NA	R	NA	NA	NA	R	NA	NA	NA	NA	S	NA	S	NA	R	NA	NA	R	NA	NA	NA	NA	NA	NA	NA	NA	NA	NA	NA	NA
ERR12058334	this study	42070_1#158	ERS7986019	ERP126322	Klebsiella pneumoniae	strong	1	1	7	11	2017	NA	ST39	y	CHATINKHA NURSERY	S	R	NA	R	NA	NA	NA	R	NA	NA	NA	NA	R	NA	S	NA	R	NA	NA	R	NA	NA	NA	NA	NA	NA	NA	NA	NA	NA	NA	NA
ERR12058335	this study	42070_1#159	ERS7985853	ERP126322	Klebsiella pneumoniae	strong	0	1	8	14	2017	NA	other	n	PAEDIATRIC NURSERY	S	R	NA	R	NA	NA	NA	R	NA	NA	NA	NA	R	NA	R	NA	R	NA	NA	R	NA	NA	NA	NA	NA	NA	NA	NA	NA	NA	NA	NA
ERR12058195	this study	42070_1#15	ERS7985642	ERP126322	Klebsiella pneumoniae	strong	1	1	8	12	2016	NA	ST307	n	PAEDIATRIC SPECIAL CARE WARD	S	R	NA	R	NA	NA	NA	R	NA	NA	NA	NA	R	NA	R	NA	NA	NA	NA	R	NA	NA	NA	NA	NA	NA	NA	NA	NA	NA	NA	NA
ERR12058336	this study	42070_1#160	ERS7986020	ERP126322	Klebsiella pneumoniae	strong	1	1	7	11	2017	NA	ST39	y	CHATINKHA NURSERY	S	R	NA	S	NA	NA	NA	R	NA	NA	NA	NA	R	NA	S	NA	R	NA	NA	R	NA	NA	NA	NA	NA	NA	NA	NA	NA	NA	NA	NA
ERR12058337	this study	42070_1#161	ERS7985678	ERP126322	Klebsiella pneumoniae	strong	0	1	8	12	2016	NA	other	n	PAEDIATRIC NURSERY	NA	R	NA	S	NA	NA	NA	R	NA	NA	NA	NA	S	NA	R	NA	R	NA	NA	R	NA	NA	NA	NA	NA	NA	NA	NA	NA	NA	NA	NA
ERR12058338	this study	42070_1#162	ERS7985754	ERP126322	Klebsiella pneumoniae	strong	1	1	8	12	2016	NA	ST39	y	CHATINKHA NURSERY	I	R	NA	S	NA	NA	NA	R	NA	NA	NA	NA	R	NA	R	NA	R	NA	NA	R	NA	NA	NA	NA	NA	NA	NA	NA	NA	NA	NA	NA
ERR12058339	this study	42070_1#163	ERS7985679	ERP126322	Klebsiella pneumoniae	strong	0	1	7	12	2016	NA	ST391	n	unknown	NA	NA	NA	NA	NA	NA	NA	NA	NA	NA	NA	NA	NA	NA	NA	NA	NA	NA	NA	NA	NA	NA	NA	NA	NA	NA	NA	NA	NA	NA	NA	NA
ERR12058340	this study	42070_1#164	ERS7985755	ERP126322	Klebsiella pneumoniae	strong	1	1	3	3	2016	NA	ST29	n	unknown	S	R	NA	S	NA	NA	NA	R	NA	NA	NA	NA	R	NA	S	NA	R	NA	NA	S	NA	NA	NA	NA	NA	NA	NA	NA	NA	NA	NA	NA
ERR12058341	this study	42070_1#165	ERS7985681	ERP126322	Klebsiella pneumoniae	strong	1	0	7	11	2016	NA	ST307	n	unknown	NA	NA	NA	NA	NA	NA	NA	NA	NA	NA	NA	NA	NA	NA	NA	NA	NA	NA	NA	NA	NA	NA	NA	NA	NA	NA	NA	NA	NA	NA	NA	NA
ERR12058343	this study	42070_1#167	ERS7985680	ERP126322	Klebsiella pneumoniae	strong	1	1	8	15	2016	NA	ST15	n	3B MALE MEDICAL WARD	S	R	NA	S	NA	NA	NA	R	NA	NA	NA	NA	R	NA	R	NA	R	NA	NA	R	NA	NA	NA	NA	NA	NA	NA	NA	NA	NA	NA	NA
ERR12058344	this study	42070_1#168	ERS7985757	ERP126322	Klebsiella pneumoniae	strong	0	1	6	9	2016	NA	ST14	y	CHATINKHA NURSERY	S	R	NA	R	NA	NA	NA	R	NA	NA	NA	NA	R	NA	S	NA	R	NA	NA	R	NA	NA	NA	NA	NA	NA	NA	NA	NA	NA	NA	NA
ERR12058346	this study	42070_1#170	ERS7985758	ERP126322	Klebsiella pneumoniae	strong	1	1	8	11	2016	NA	other	n	PAEDIATRIC ONCOLOGY	S	R	NA	R	NA	NA	NA	R	NA	NA	NA	NA	S	NA	R	NA	R	NA	NA	R	NA	NA	NA	NA	NA	NA	NA	NA	NA	NA	NA	NA
ERR12058347	this study	42070_1#171	ERS7985683	ERP126322	Klebsiella quasipneumoniae subsp. similipneumoniae	strong	0	1	7	9	2016	NA	other	n	PAEDIATRIC NURSERY	S	R	NA	NA	NA	NA	NA	R	NA	NA	NA	NA	S	NA	R	NA	R	NA	NA	R	NA	NA	NA	NA	NA	NA	NA	NA	NA	NA	NA	NA
ERR12058348	this study	42070_1#172	ERS7985759	ERP126322	Klebsiella pneumoniae	strong	1	1	8	13	2016	NA	ST607	n	CHATINKHA NURSERY	S	R	NA	R	NA	NA	NA	R	NA	NA	NA	NA	R	NA	S	NA	R	NA	NA	R	NA	NA	NA	NA	NA	NA	NA	NA	NA	NA	NA	NA
ERR12058349	this study	42070_1#173	ERS7985684	ERP126322	Klebsiella pneumoniae	strong	1	1	8	13	2019	NA	ST14	y	PICU/HDU	S	NA	NA	R	NA	NA	NA	R	NA	NA	NA	NA	R	NA	R	NA	R	NA	NA	R	NA	NA	S	NA	NA	NA	NA	I	NA	NA	NA	NA
ERR12058350	this study	42070_1#174	ERS7985760	ERP126322	Klebsiella pneumoniae	strong	0	1	7	9	2016	NA	ST101	n	PAEDIATRIC A&E	S	R	NA	R	NA	NA	NA	R	NA	NA	NA	NA	S	NA	R	NA	R	NA	NA	R	NA	NA	NA	NA	NA	NA	NA	NA	NA	NA	NA	NA
ERR12058351	this study	42070_1#175	ERS7985685	ERP126322	Klebsiella pneumoniae	strong	0	1	7	12	2018	NA	ST1552	y	PAEDIATRIC NURSERY	S	R	NA	S	NA	NA	NA	R	NA	NA	NA	NA	R	NA	S	NA	R	NA	NA	R	NA	NA	NA	NA	NA	NA	NA	NA	NA	NA	NA	NA
ERR12058352	this study	42070_1#176	ERS7985761	ERP126322	Klebsiella pneumoniae	strong	1	1	8	11	2016	NA	other	n	PAEDIATRIC ONCOLOGY	S	R	NA	I	NA	NA	NA	R	NA	NA	NA	NA	R	NA	R	NA	R	NA	NA	R	NA	NA	NA	NA	NA	NA	NA	NA	NA	NA	NA	NA
ERR12058353	this study	42070_1#177	ERS7985854	ERP126322	Klebsiella pneumoniae	strong	1	1	7	11	2017	NA	ST39	y	CHATINKHA NURSERY	S	R	NA	I	NA	NA	NA	R	NA	NA	NA	NA	R	NA	S	NA	R	NA	NA	R	NA	NA	NA	NA	NA	NA	NA	NA	NA	NA	NA	NA
ERR12058354	this study	42070_1#178	ERS7986022	ERP126322	Klebsiella pneumoniae	strong	1	1	7	11	2017	NA	ST39	y	CHATINKHA NURSERY	S	R	NA	S	NA	NA	NA	R	NA	NA	NA	NA	R	NA	S	NA	NA	NA	NA	R	NA	NA	NA	NA	NA	NA	NA	NA	NA	NA	NA	NA
ERR12058355	this study	42070_1#179	ERS7985855	ERP126322	Klebsiella pneumoniae	strong	1	1	7	11	2017	NA	ST39	y	CHATINKHA NURSERY	S	R	NA	S	NA	NA	NA	R	NA	NA	NA	NA	R	NA	S	NA	R	NA	NA	R	NA	NA	NA	NA	NA	NA	NA	NA	NA	NA	NA	NA
ERR12058197	this study	42070_1#17	ERS7985812	ERP126322	Klebsiella pneumoniae	strong	1	1	8	13	2019	NA	ST14	n	PAEDIATRIC NURSERY	S	R	NA	I	NA	NA	NA	R	NA	NA	NA	NA	R	NA	R	NA	R	NA	NA	R	NA	NA	NA	NA	NA	NA	NA	NA	NA	NA	NA	NA
ERR12058356	this study	42070_1#181	ERS7985856	ERP126322	Klebsiella pneumoniae	strong	1	1	7	11	2017	NA	ST39	y	CHATINKHA NURSERY	S	R	NA	R	NA	NA	NA	R	NA	NA	NA	NA	R	NA	S	NA	R	NA	NA	R	NA	NA	NA	NA	NA	NA	NA	NA	NA	NA	NA	NA
ERR12058357	this study	42070_1#183	ERS7985857	ERP126322	Klebsiella pneumoniae	strong	1	1	7	11	2017	NA	ST39	y	CHATINKHA NURSERY	S	R	NA	R	NA	NA	NA	R	NA	NA	NA	NA	R	NA	S	NA	R	NA	NA	R	NA	NA	NA	NA	NA	NA	NA	NA	NA	NA	NA	NA
ERR12058358	this study	42070_1#185	ERS7985858	ERP126322	Klebsiella pneumoniae	strong	1	1	7	11	2017	NA	ST39	n	PAEDIATRIC SPECIAL CARE WARD	S	R	NA	I	NA	NA	NA	R	NA	NA	NA	NA	S	NA	S	NA	R	NA	NA	R	NA	NA	NA	NA	NA	NA	NA	NA	NA	NA	NA	NA
ERR12058359	this study	42070_1#186	ERS7986025	ERP126322	Klebsiella pneumoniae	strong	3	0	4	6	1999	NA	other	u	unknown	NA	NA	NA	NA	NA	NA	NA	NA	NA	NA	NA	NA	NA	NA	NA	NA	NA	NA	NA	NA	NA	NA	NA	NA	NA	NA	NA	NA	NA	NA	NA	NA
ERR12058360	this study	42070_1#187	ERS7985859	ERP126322	Klebsiella pneumoniae	strong	0	1	7	11	2019	NA	ST584	y	PAEDIATRIC SURGICAL WARD	I	R	NA	R	NA	NA	NA	R	NA	NA	NA	NA	R	NA	R	NA	R	NA	NA	R	NA	NA	NA	NA	NA	NA	NA	NA	NA	NA	NA	NA
ERR12058361	this study	42070_1#189	ERS7985860	ERP126322	Klebsiella pneumoniae	strong	0	1	7	11	2019	NA	ST584	y	PAEDIATRIC SURGICAL WARD	S	R	NA	R	NA	NA	NA	R	NA	NA	NA	NA	S	NA	R	NA	R	NA	NA	R	NA	NA	NA	NA	NA	NA	NA	NA	NA	NA	NA	NA
ERR12058198	this study	42070_1#18	ERS7985980	ERP126322	Klebsiella pneumoniae	strong	0	1	5	5	2018	NA	ST14	y	CHATINKHA NURSERY	S	R	NA	R	NA	NA	NA	R	NA	NA	NA	NA	S	NA	S	NA	R	NA	NA	R	NA	NA	NA	NA	NA	NA	NA	NA	NA	NA	NA	NA
ERR12058362	this study	42070_1#191	ERS7985861	ERP126322	Klebsiella pneumoniae	strong	0	1	8	16	2019	NA	other	y	PAEDIATRIC NURSERY	S	R	NA	S	NA	NA	NA	R	NA	NA	NA	NA	R	NA	S	NA	R	NA	NA	R	NA	NA	NA	NA	NA	NA	NA	NA	NA	NA	NA	NA
ERR12058363	this study	42070_1#192	ERS7986028	ERP126322	Klebsiella pneumoniae	strong	0	0	0	0	NA	NA	other	n	unknown	NA	NA	NA	NA	NA	NA	NA	NA	NA	NA	NA	NA	NA	NA	NA	NA	NA	NA	NA	NA	NA	NA	NA	NA	NA	NA	NA	NA	NA	NA	NA	NA
ERR12058364	this study	42070_1#193	ERS7985687	ERP126322	Klebsiella pneumoniae	strong	0	1	8	12	2019	NA	other	n	PICU/HDU	S	NA	NA	R	NA	NA	NA	R	NA	NA	NA	NA	S	NA	R	NA	R	NA	NA	R	NA	NA	S	NA	NA	NA	NA	I	NA	NA	NA	NA
ERR12058366	this study	42070_1#195	ERS7985686	ERP126322	Klebsiella pneumoniae	strong	1	1	8	13	2019	NA	ST14	n	PAEDIATRIC SURGICAL WARD	S	NA	NA	R	NA	NA	NA	R	NA	NA	NA	NA	R	NA	R	NA	R	NA	NA	R	NA	NA	S	NA	NA	NA	NA	R	NA	NA	NA	NA
ERR12058367	this study	42070_1#196	ERS7985763	ERP126322	Klebsiella pneumoniae	strong	0	1	5	5	2016	NA	other	y	CHATINKHA NURSERY	S	R	NA	S	NA	NA	NA	R	NA	NA	NA	NA	S	NA	S	NA	R	NA	NA	R	NA	NA	NA	NA	NA	NA	NA	NA	NA	NA	NA	NA
ERR12058368	this study	42070_1#197	ERS7985688	ERP126322	Klebsiella pneumoniae	strong	0	1	8	12	2018	NA	ST307	y	PAEDIATRIC NURSERY	S	R	NA	I	NA	NA	NA	R	NA	NA	NA	NA	S	NA	R	NA	R	NA	NA	R	NA	NA	NA	NA	NA	NA	NA	NA	NA	NA	NA	NA
ERR12058370	this study	42070_1#199	ERS7985689	ERP126322	Klebsiella pneumoniae	strong	0	1	6	6	2018	NA	other	n	INTENSIVE CARE UNIT	S	R	NA	S	NA	NA	NA	R	NA	NA	NA	NA	R	NA	S	NA	R	NA	NA	I	NA	NA	NA	NA	NA	NA	NA	NA	NA	NA	NA	NA
ERR12058199	this study	42070_1#19	ERS7985813	ERP126322	Klebsiella pneumoniae	strong	1	1	8	13	2019	NA	ST14	n	PICU/HDU	S	R	NA	S	NA	NA	NA	R	NA	NA	NA	NA	R	NA	R	NA	R	NA	NA	NA	NA	NA	NA	NA	NA	NA	NA	NA	NA	NA	NA	NA
ERR12058181	this study	42070_1#1	ERS7985635	ERP126322	Klebsiella pneumoniae	strong	0	1	6	11	2016	NA	other	n	PAEDIATRIC NURSERY	NA	R	NA	S	NA	NA	NA	R	NA	NA	NA	NA	R	NA	S	NA	S	NA	NA	R	NA	NA	NA	NA	NA	NA	NA	NA	NA	NA	NA	NA
ERR12058371	this study	42070_1#200	ERS7985765	ERP126322	Klebsiella quasipneumoniae subsp. similipneumoniae	strong	0	1	7	14	2016	NA	other	n	PAEDIATRIC SPECIAL CARE WARD	S	R	NA	S	NA	NA	NA	R	NA	NA	NA	NA	R	NA	R	NA	R	NA	NA	R	NA	NA	NA	NA	NA	NA	NA	NA	NA	NA	NA	NA
ERR12058372	this study	42070_1#201	ERS7985690	ERP126322	Klebsiella pneumoniae	strong	1	0	7	8	2018	NA	ST307	y	PAEDIATRIC NURSERY	S	R	NA	S	NA	NA	NA	R	NA	NA	NA	NA	R	NA	R	NA	NA	NA	NA	R	NA	NA	NA	NA	NA	NA	NA	NA	NA	NA	NA	NA
ERR12058373	this study	42070_1#202	ERS7985766	ERP126322	Klebsiella pneumoniae	strong	1	1	8	12	2016	NA	ST307	n	PAEDIATRIC MOYO WARD	S	R	NA	R	NA	NA	NA	R	NA	NA	NA	NA	R	NA	R	NA	R	NA	NA	R	NA	NA	NA	NA	NA	NA	NA	NA	NA	NA	NA	NA
ERR12058374	this study	42070_1#203	ERS7985691	ERP126322	Klebsiella pneumoniae	strong	1	0	7	8	2018	NA	ST307	y	PAEDIATRIC NURSERY	S	R	NA	I	NA	NA	NA	S	NA	NA	NA	NA	R	NA	R	NA	R	NA	NA	R	NA	NA	NA	NA	NA	NA	NA	NA	NA	NA	NA	NA
ERR12058375	this study	42070_1#204	ERS7985767	ERP126322	Klebsiella pneumoniae	strong	1	0	5	7	2015	NA	ST25	n	3B MALE MEDICAL WARD	NA	R	NA	NA	NA	NA	NA	S	NA	NA	NA	NA	S	NA	S	NA	R	NA	NA	S	NA	NA	NA	NA	NA	NA	NA	NA	NA	NA	NA	NA
ERR12058376	this study	42070_1#205	ERS7985695	ERP126322	Klebsiella pneumoniae	strong	1	1	9	15	2018	NA	ST48	n	INTENSIVE CARE UNIT	S	R	NA	S	NA	NA	NA	R	NA	NA	NA	NA	R	NA	R	NA	R	NA	NA	R	NA	NA	NA	NA	NA	NA	NA	NA	NA	NA	NA	NA
ERR12058377	this study	42070_1#206	ERS7985768	ERP126322	Klebsiella pneumoniae	strong	0	1	8	12	2015	NA	other	n	4A FEMALE MEDICAL WARD	S	R	NA	I	NA	NA	NA	R	NA	NA	NA	NA	S	NA	R	NA	R	NA	NA	R	NA	NA	NA	NA	NA	NA	NA	NA	NA	NA	NA	NA
ERR12058378	this study	42070_1#207	ERS7985694	ERP126322	Klebsiella pneumoniae	strong	0	1	8	12	2018	NA	other	n	A ETC	S	R	NA	S	NA	NA	NA	R	NA	NA	NA	NA	R	NA	S	NA	R	NA	NA	R	NA	NA	NA	NA	NA	NA	NA	NA	NA	NA	NA	NA
ERR12058379	this study	42070_1#208	ERS7985769	ERP126322	Klebsiella pneumoniae	strong	0	1	6	9	2015	NA	ST14	n	unknown	NA	NA	NA	NA	NA	NA	NA	NA	NA	NA	NA	NA	NA	NA	NA	NA	NA	NA	NA	NA	NA	NA	NA	NA	NA	NA	NA	NA	NA	NA	NA	NA
ERR12058380	this study	42070_1#209	ERS7985862	ERP126322	Klebsiella pneumoniae	strong	0	1	7	11	2019	NA	ST584	n	PICU/HDU	I	R	NA	S	NA	NA	NA	R	NA	NA	NA	NA	R	NA	R	NA	R	NA	NA	R	NA	NA	NA	NA	NA	NA	NA	NA	NA	NA	NA	NA
ERR12058200	this study	42070_1#20	ERS7985981	ERP126322	Klebsiella pneumoniae	strong	1	1	8	16	2018	NA	ST14	n	PICU/HDU	NA	R	NA	NA	NA	NA	NA	R	NA	R	NA	NA	R	NA	R	NA	NA	NA	NA	R	NA	NA	NA	NA	NA	NA	NA	NA	NA	NA	NA	NA
ERR12058382	this study	42070_1#211	ERS7985863	ERP126322	Klebsiella pneumoniae	strong	1	1	8	13	2019	NA	ST14	y	PICU/HDU	S	R	NA	R	NA	NA	NA	R	NA	NA	NA	NA	S	NA	R	NA	R	NA	NA	R	NA	NA	NA	NA	NA	NA	NA	NA	NA	NA	NA	NA
ERR12058383	this study	42070_1#212	ERS7986029	ERP126322	Klebsiella pneumoniae	strong	0	0	6	9	2000	NA	other	n	unknown	NA	NA	NA	NA	NA	NA	NA	NA	NA	NA	NA	NA	NA	NA	NA	NA	NA	NA	NA	NA	NA	NA	NA	NA	NA	NA	NA	NA	NA	NA	NA	NA
ERR12058384	this study	42070_1#213	ERS7985866	ERP126322	Klebsiella pneumoniae	strong	0	1	7	11	2018	NA	ST584	n	PICU/HDU	S	R	NA	S	NA	NA	NA	S	NA	NA	NA	NA	S	NA	R	NA	R	NA	NA	S	NA	NA	NA	NA	NA	NA	NA	NA	NA	NA	NA	NA
ERR12058385	this study	42070_1#215	ERS7985867	ERP126322	Klebsiella pneumoniae	strong	0	1	7	11	2018	NA	ST584	n	PICU/HDU	S	R	NA	R	NA	NA	NA	R	NA	NA	NA	NA	S	NA	R	NA	R	NA	NA	R	NA	NA	NA	NA	NA	NA	NA	NA	NA	NA	NA	NA
ERR12058386	this study	42070_1#217	ERS7985868	ERP126322	Klebsiella pneumoniae	strong	0	1	7	11	2018	NA	ST584	n	PAEDIATRIC SPECIAL CARE WARD	S	R	NA	R	NA	NA	NA	R	NA	NA	NA	NA	S	NA	R	NA	R	NA	NA	R	NA	NA	NA	NA	NA	NA	NA	NA	NA	NA	NA	NA
ERR12058387	this study	42070_1#219	ERS7985869	ERP126322	Klebsiella pneumoniae	strong	0	1	7	11	2018	NA	ST584	y	PICU/HDU	S	R	NA	I	NA	NA	NA	R	NA	NA	NA	NA	S	NA	R	NA	R	NA	NA	R	NA	NA	NA	NA	NA	NA	NA	NA	NA	NA	NA	NA
ERR12058201	this study	42070_1#21	ERS7985814	ERP126322	Klebsiella variicola subsp. variicola	strong	0	1	9	17	2019	NA	other	n	PAEDIATRIC MOYO WARD	S	R	NA	S	NA	NA	NA	R	NA	NA	NA	NA	R	NA	R	NA	R	NA	NA	R	NA	NA	NA	NA	NA	NA	NA	NA	NA	NA	NA	NA
ERR12058388	this study	42070_1#220	ERS7986033	ERP126322	Klebsiella pneumoniae	strong	0	0	0	0	2004	NA	other	n	unknown	NA	NA	NA	NA	NA	NA	NA	NA	NA	NA	NA	NA	NA	NA	NA	NA	NA	NA	NA	NA	NA	NA	NA	NA	NA	NA	NA	NA	NA	NA	NA	NA
ERR12058389	this study	42070_1#221	ERS7985870	ERP126322	Klebsiella pneumoniae	strong	0	1	7	11	2018	NA	ST584	y	PICU/HDU	S	R	NA	R	NA	NA	NA	R	NA	NA	NA	NA	S	NA	R	NA	R	NA	NA	R	NA	NA	NA	NA	NA	NA	NA	NA	NA	NA	NA	NA
ERR12058391	this study	42070_1#223	ERS7985871	ERP126322	Klebsiella pneumoniae	strong	1	1	9	11	2018	NA	ST15	n	3B MALE MEDICAL WARD	S	R	NA	R	NA	NA	NA	R	NA	NA	NA	NA	S	NA	R	NA	R	NA	NA	R	NA	NA	NA	NA	NA	NA	NA	NA	NA	NA	NA	NA
ERR12058392	this study	42070_1#224	ERS7986038	ERP126322	Klebsiella pneumoniae	strong	0	0	0	0	2005	NA	other	n	unknown	NA	NA	NA	NA	NA	NA	NA	NA	NA	NA	NA	NA	NA	NA	NA	NA	NA	NA	NA	NA	NA	NA	NA	NA	NA	NA	NA	NA	NA	NA	NA	NA
ERR12058393	this study	42070_1#225	ERS7985693	ERP126322	Klebsiella pneumoniae	strong	1	1	9	15	2018	NA	ST48	n	PAEDIATRIC SURGICAL WARD	S	R	NA	I	NA	NA	NA	R	NA	NA	NA	NA	R	NA	S	NA	R	NA	NA	R	NA	NA	NA	NA	NA	NA	NA	NA	NA	NA	NA	NA
ERR12058394	this study	42070_1#226	ERS7985770	ERP126322	Klebsiella pneumoniae	strong	0	1	6	9	2015	NA	ST14	y	CHATINKHA NURSERY	S	R	NA	R	NA	NA	NA	R	NA	NA	NA	NA	R	NA	S	NA	R	NA	NA	R	NA	NA	NA	NA	NA	NA	NA	NA	NA	NA	NA	NA
ERR12058395	this study	42070_1#227	ERS7985692	ERP126322	Klebsiella pneumoniae	strong	1	1	7	11	2018	NA	ST39	y	CHATINKHA NURSERY	S	R	NA	S	NA	NA	NA	R	NA	NA	NA	NA	S	NA	S	NA	NA	NA	NA	R	NA	NA	NA	NA	NA	NA	NA	NA	NA	NA	NA	NA
ERR12058396	this study	42070_1#228	ERS7985771	ERP126322	Klebsiella pneumoniae	strong	0	1	6	9	2015	NA	ST14	y	PAEDIATRIC NURSERY	S	R	NA	R	NA	NA	NA	R	NA	NA	NA	NA	R	NA	S	NA	R	NA	NA	R	NA	NA	NA	NA	NA	NA	NA	NA	NA	NA	NA	NA
ERR12058202	this study	42070_1#22	ERS7985982	ERP126322	Klebsiella pneumoniae	strong	0	1	7	11	2018	NA	ST35	y	CHATINKHA NURSERY	S	R	NA	R	NA	NA	NA	R	NA	NA	NA	NA	R	NA	S	NA	R	NA	NA	R	NA	NA	NA	NA	NA	NA	NA	NA	NA	NA	NA	NA
ERR12058398	this study	42070_1#230	ERS7985773	ERP126322	Klebsiella pneumoniae	strong	0	1	6	9	2015	NA	ST14	y	CHATINKHA NURSERY	S	R	NA	I	NA	NA	NA	R	NA	NA	NA	NA	R	NA	S	NA	R	NA	NA	R	NA	NA	NA	NA	NA	NA	NA	NA	NA	NA	NA	NA
ERR12058399	this study	42070_1#231	ERS7985697	ERP126322	Klebsiella pneumoniae	strong	1	1	7	11	2018	NA	ST39	y	CHATINKHA NURSERY	S	R	NA	S	NA	NA	NA	R	NA	NA	NA	NA	S	NA	S	NA	NA	NA	NA	R	NA	NA	NA	NA	NA	NA	NA	NA	NA	NA	NA	NA
ERR12058400	this study	42070_1#232	ERS7985772	ERP126322	Klebsiella pneumoniae	strong	0	1	8	13	2015	NA	other	n	4A FEMALE MEDICAL WARD	S	R	NA	R	NA	NA	NA	R	NA	NA	NA	NA	S	NA	I	NA	R	NA	NA	R	NA	NA	NA	NA	NA	NA	NA	NA	NA	NA	NA	NA
ERR12058401	this study	42070_1#233	ERS7985698	ERP126322	Klebsiella pneumoniae	strong	0	0	4	6	2018	NA	ST14	n	unknown	NA	R	NA	NA	NA	NA	NA	S	NA	NA	NA	NA	S	NA	S	NA	R	NA	NA	S	NA	NA	NA	NA	NA	NA	NA	NA	NA	NA	NA	NA
ERR12058402	this study	42070_1#234	ERS7985775	ERP126322	Klebsiella pneumoniae	strong	1	1	9	16	2015	NA	ST17	n	unknown	S	R	NA	R	NA	NA	NA	R	NA	NA	NA	NA	R	NA	R	NA	R	NA	NA	R	NA	NA	NA	NA	NA	NA	NA	NA	NA	NA	NA	NA
ERR12058403	this study	42070_1#235	ERS7985699	ERP126322	Klebsiella pneumoniae	strong	0	1	8	12	2018	NA	ST307	y	CHATINKHA NURSERY	S	R	NA	S	NA	NA	NA	R	NA	NA	NA	NA	R	NA	R	NA	R	NA	NA	R	NA	NA	NA	NA	NA	NA	NA	NA	NA	NA	NA	NA
ERR12058404	this study	42070_1#236	ERS7985774	ERP126322	Klebsiella pneumoniae	strong	0	1	5	5	2015	NA	ST14	y	PAEDIATRIC NURSERY	S	R	NA	S	NA	NA	NA	R	NA	NA	NA	NA	R	NA	S	NA	S	NA	NA	R	NA	NA	NA	NA	NA	NA	NA	NA	NA	NA	NA	NA
ERR12058405	this study	42070_1#237	ERS7985700	ERP126322	Klebsiella pneumoniae	strong	1	1	5	8	2018	NA	other	y	CHATINKHA NURSERY	S	R	NA	R	NA	NA	NA	R	NA	NA	NA	NA	S	NA	S	NA	R	NA	NA	R	NA	NA	NA	NA	NA	NA	NA	NA	NA	NA	NA	NA
ERR12058406	this study	42070_1#238	ERS7985776	ERP126322	Klebsiella pneumoniae	strong	0	1	8	15	2015	NA	ST14	n	BURNS UNITS	S	I	NA	S	NA	NA	NA	R	NA	NA	NA	NA	R	NA	S	NA	S	NA	NA	S	NA	NA	NA	NA	NA	NA	NA	NA	NA	NA	NA	NA
ERR12058407	this study	42070_1#239	ERS7985701	ERP126322	Klebsiella pneumoniae	strong	1	1	9	20	2018	NA	ST307	n	3B MALE MEDICAL WARD	S	R	NA	I	NA	NA	NA	R	NA	NA	NA	NA	R	NA	R	NA	R	NA	NA	R	NA	NA	NA	NA	NA	NA	NA	NA	NA	NA	NA	NA
ERR12058408	this study	42070_1#240	ERS7985777	ERP126322	Klebsiella pneumoniae	strong	0	1	8	15	2015	NA	ST14	n	PAEDIATRIC ONCOLOGY	S	NA	NA	R	NA	NA	NA	R	NA	NA	NA	NA	S	NA	R	NA	R	NA	NA	R	NA	NA	NA	NA	NA	NA	NA	NA	NA	NA	NA	NA
ERR12058409	this study	42070_1#241	ERS7985872	ERP126322	Klebsiella pneumoniae	strong	1	1	8	12	2018	NA	ST607	y	PAEDIATRIC NURSERY	S	R	NA	R	NA	NA	NA	R	NA	NA	NA	NA	R	NA	R	NA	R	NA	NA	R	NA	NA	NA	NA	NA	NA	NA	NA	NA	NA	NA	NA
ERR12058410	this study	42070_1#243	ERS7985873	ERP126322	Klebsiella pneumoniae	strong	0	1	7	11	2018	NA	ST584	y	PICU/HDU	S	R	NA	R	NA	NA	NA	R	NA	NA	NA	NA	S	NA	R	NA	R	NA	NA	R	NA	NA	NA	NA	NA	NA	NA	NA	NA	NA	NA	NA
ERR12058413	this study	42070_1#247	ERS7985875	ERP126322	Klebsiella pneumoniae	strong	0	1	7	11	2018	NA	ST584	y	PICU/HDU	S	R	NA	R	NA	NA	NA	R	NA	NA	NA	NA	S	NA	R	NA	R	NA	NA	R	NA	NA	NA	NA	NA	NA	NA	NA	NA	NA	NA	NA
ERR12058414	this study	42070_1#249	ERS7985876	ERP126322	Klebsiella pneumoniae	strong	0	1	7	11	2018	NA	ST584	n	PAEDIATRIC SURGICAL WARD	S	R	NA	R	NA	NA	NA	R	NA	NA	NA	NA	S	NA	R	NA	R	NA	NA	R	NA	NA	NA	NA	NA	NA	NA	NA	NA	NA	NA	NA
ERR12058204	this study	42070_1#24	ERS7985983	ERP126322	Klebsiella pneumoniae	strong	1	1	8	16	2018	NA	ST14	n	PICU/HDU	S	R	NA	S	NA	NA	NA	R	NA	NA	NA	NA	R	NA	R	NA	NA	NA	NA	R	NA	NA	NA	NA	NA	NA	NA	NA	NA	NA	NA	NA
ERR12058415	this study	42070_1#251	ERS7985877	ERP126322	Klebsiella pneumoniae	strong	1	1	8	16	2018	NA	ST14	n	PAEDIATRIC SURGICAL WARD	S	R	NA	I	NA	NA	NA	R	NA	NA	NA	NA	R	NA	R	NA	R	NA	NA	R	NA	NA	NA	NA	NA	NA	NA	NA	NA	NA	NA	NA
ERR12058416	this study	42070_1#253	ERS7985878	ERP126322	Klebsiella pneumoniae	strong	0	1	6	7	2018	NA	ST101	y	CHATINKHA NURSERY	S	R	NA	I	NA	NA	NA	R	NA	NA	NA	I	NA	NA	S	NA	R	NA	NA	R	NA	NA	NA	NA	NA	NA	NA	NA	NA	NA	NA	NA
ERR12058417	this study	42070_1#255	ERS7985879	ERP126322	Klebsiella pneumoniae	strong	0	1	7	11	2018	NA	ST584	n	PICU/HDU	S	R	NA	S	NA	NA	NA	R	NA	NA	NA	NA	S	NA	R	NA	R	NA	NA	R	NA	NA	NA	NA	NA	NA	NA	NA	NA	NA	NA	NA
ERR12058418	this study	42070_1#256	ERS7986043	ERP126322	Klebsiella pneumoniae	strong	1	1	7	10	2008	NA	ST39	n	unknown	NA	NA	NA	NA	NA	NA	NA	NA	NA	NA	NA	NA	NA	NA	NA	NA	NA	NA	NA	NA	NA	NA	NA	NA	NA	NA	NA	NA	NA	NA	NA	NA
ERR12058419	this study	42070_1#257	ERS7985703	ERP126322	Klebsiella pneumoniae	strong	0	0	0	0	2018	NA	other	n	PAEDIATRIC NURSERY	NA	R	NA	NA	NA	NA	NA	S	NA	NA	NA	NA	S	NA	S	NA	S	NA	NA	S	NA	NA	NA	NA	NA	NA	NA	NA	NA	NA	NA	NA
ERR12058420	this study	42070_1#258	ERS7985778	ERP126322	Klebsiella pneumoniae	strong	0	1	8	12	2015	NA	ST1552	n	INTENSIVE CARE UNIT	S	R	NA	R	NA	NA	NA	R	NA	NA	NA	NA	R	NA	R	NA	R	NA	NA	R	NA	NA	NA	NA	NA	NA	NA	NA	NA	NA	NA	NA
ERR12058421	this study	42070_1#259	ERS7985702	ERP126322	Klebsiella pneumoniae	strong	0	0	0	0	2018	NA	other	y	PAEDIATRIC SURGICAL WARD	NA	R	NA	NA	NA	NA	NA	S	NA	NA	NA	NA	S	NA	S	NA	S	NA	NA	S	NA	NA	NA	NA	NA	NA	NA	NA	NA	NA	NA	NA
ERR12058205	this study	42070_1#25	ERS7985816	ERP126322	Klebsiella pneumoniae	strong	0	1	7	11	2019	NA	ST584	n	PAEDIATRIC SPECIAL CARE WARD	S	I	NA	S	NA	NA	NA	R	NA	NA	NA	NA	S	NA	R	NA	R	NA	NA	R	NA	NA	NA	NA	NA	NA	NA	NA	NA	NA	NA	NA
ERR12058422	this study	42070_1#260	ERS7985779	ERP126322	Klebsiella pneumoniae	strong	3	0	0	0	2015	NA	ST25	n	3B MALE MEDICAL WARD	NA	R	NA	NA	NA	NA	NA	S	NA	NA	NA	NA	S	NA	S	NA	S	NA	NA	S	NA	NA	NA	NA	NA	NA	NA	NA	NA	NA	NA	NA
ERR12058423	this study	42070_1#261	ERS7985704	ERP126322	Klebsiella pneumoniae	strong	4	1	5	5	2018	NA	ST86	n	unknown	S	R	NA	R	NA	NA	NA	R	NA	NA	NA	NA	S	NA	S	NA	R	NA	NA	R	NA	NA	NA	NA	NA	NA	NA	NA	NA	NA	NA	NA
ERR12058424	this study	42070_1#262	ERS7985780	ERP126322	Klebsiella pneumoniae	strong	0	1	8	15	NA	NA	ST14	n	unknown	NA	NA	NA	NA	NA	NA	NA	NA	NA	NA	NA	NA	NA	NA	NA	NA	NA	NA	NA	NA	NA	NA	NA	NA	NA	NA	NA	NA	NA	NA	NA	NA
ERR12058425	this study	42070_1#263	ERS7985706	ERP126322	Klebsiella pneumoniae	strong	0	1	9	16	2018	NA	ST15	y	CHATINKHA NURSERY	S	R	NA	R	NA	NA	NA	R	NA	NA	NA	NA	R	NA	R	NA	R	NA	NA	R	NA	NA	NA	NA	NA	NA	NA	NA	NA	NA	NA	NA
ERR12058427	this study	42070_1#267	ERS7985708	ERP126322	Klebsiella pneumoniae	strong	1	0	3	3	2018	NA	ST15	n	4A FEMALE MEDICAL WARD	S	R	NA	S	NA	NA	NA	S	NA	NA	NA	NA	S	NA	R	NA	R	NA	NA	S	NA	NA	NA	NA	NA	NA	NA	NA	NA	NA	NA	NA
ERR12058428	this study	42070_1#268	ERS7985783	ERP126322	Klebsiella pneumoniae	strong	0	0	5	7	2015	NA	other	n	3B MALE MEDICAL WARD	NA	R	NA	NA	NA	NA	NA	S	NA	NA	NA	NA	S	NA	S	NA	R	NA	NA	S	NA	NA	NA	NA	NA	NA	NA	NA	NA	NA	NA	NA
ERR12058429	this study	42070_1#269	ERS7985707	ERP126322	Klebsiella pneumoniae	strong	0	1	6	8	2018	NA	ST101	n	PAEDIATRIC SPECIAL CARE WARD	S	R	NA	S	NA	NA	NA	R	NA	NA	NA	NA	S	NA	R	NA	R	NA	NA	R	NA	NA	NA	NA	NA	NA	NA	NA	NA	NA	NA	NA
ERR12058431	this study	42070_1#271	ERS7985709	ERP126322	Klebsiella pneumoniae	strong	0	1	7	14	2018	NA	ST25	y	CHATINKHA NURSERY	I	R	NA	R	NA	NA	NA	R	NA	NA	NA	NA	R	NA	R	NA	R	NA	NA	R	NA	NA	NA	NA	NA	NA	NA	NA	NA	NA	NA	NA
ERR12058432	this study	42070_1#272	ERS7985785	ERP126322	Klebsiella pneumoniae	strong	1	1	8	12	2015	NA	ST29	n	INTENSIVE CARE UNIT	S	R	NA	R	NA	NA	NA	R	NA	NA	NA	NA	S	NA	R	NA	R	NA	NA	R	NA	NA	NA	NA	NA	NA	NA	NA	NA	NA	NA	NA
ERR12058433	this study	42070_1#273	ERS7985880	ERP126322	Klebsiella pneumoniae	strong	1	1	3	4	2018	NA	ST391	n	4A FEMALE MEDICAL WARD	S	R	NA	S	NA	NA	NA	R	NA	NA	NA	NA	S	NA	S	NA	NA	NA	NA	S	NA	NA	NA	NA	NA	NA	NA	NA	NA	NA	NA	NA
ERR12058435	this study	42070_1#277	ERS7985882	ERP126322	Klebsiella pneumoniae	strong	4	1	5	5	2018	NA	ST86	n	3B MALE MEDICAL WARD	S	R	NA	R	NA	NA	NA	R	NA	NA	NA	NA	S	NA	S	NA	R	NA	NA	R	NA	NA	NA	NA	NA	NA	NA	NA	NA	NA	NA	NA
ERR12058436	this study	42070_1#278	ERS7986047	ERP126322	Klebsiella pneumoniae	strong	0	1	6	6	NA	NA	ST101	n	unknown	NA	NA	NA	NA	NA	NA	NA	NA	NA	NA	NA	NA	NA	NA	NA	NA	NA	NA	NA	NA	NA	NA	NA	NA	NA	NA	NA	NA	NA	NA	NA	NA
ERR12058437	this study	42070_1#279	ERS7985883	ERP126322	Klebsiella variicola subsp. variicola	strong	0	0	0	0	2018	NA	other	y	CHATINKHA NURSERY	NA	R	NA	NA	NA	NA	NA	S	NA	NA	NA	NA	S	NA	S	NA	S	NA	NA	S	NA	NA	NA	NA	NA	NA	NA	NA	NA	NA	NA	NA
ERR12058206	this study	42070_1#27	ERS7985817	ERP126322	Klebsiella pneumoniae	strong	0	1	7	11	2019	NA	ST584	n	PICU/HDU	S	S	NA	S	NA	NA	NA	R	NA	NA	NA	NA	R	NA	S	NA	S	NA	NA	S	NA	NA	NA	NA	NA	NA	NA	NA	NA	NA	NA	NA
ERR12058438	this study	42070_1#281	ERS7985884	ERP126322	Klebsiella pneumoniae	strong	1	1	8	12	2018	NA	ST307	y	CHATINKHA NURSERY	S	R	NA	S	NA	NA	NA	R	NA	NA	NA	NA	S	NA	R	NA	R	NA	NA	R	NA	NA	NA	NA	NA	NA	NA	NA	NA	NA	NA	NA
ERR12058439	this study	42070_1#283	ERS7985885	ERP126322	Klebsiella pneumoniae	strong	1	1	8	12	2018	NA	ST307	y	PAEDIATRIC NURSERY	S	R	NA	S	NA	NA	NA	R	NA	NA	NA	I	NA	NA	R	NA	R	NA	NA	R	NA	NA	NA	NA	NA	NA	NA	NA	NA	NA	NA	NA
ERR12058441	this study	42070_1#285	ERS7985886	ERP126322	Klebsiella pneumoniae	strong	1	0	4	6	2018	NA	ST14	n	3B MALE MEDICAL WARD	NA	R	NA	NA	NA	NA	NA	S	NA	NA	NA	NA	S	NA	S	NA	R	NA	NA	S	NA	NA	NA	NA	NA	NA	NA	NA	NA	NA	NA	NA
ERR12058442	this study	42070_1#286	ERS7986051	ERP126322	Klebsiella pneumoniae	strong	0	1	6	6	NA	NA	ST101	n	unknown	NA	NA	NA	NA	NA	NA	NA	NA	NA	NA	NA	NA	NA	NA	NA	NA	NA	NA	NA	NA	NA	NA	NA	NA	NA	NA	NA	NA	NA	NA	NA	NA
ERR12058443	this study	42070_1#287	ERS7985887	ERP126322	Klebsiella pneumoniae	strong	0	1	5	5	2018	NA	other	y	PICU/HDU	S	R	NA	I	NA	NA	NA	R	NA	NA	NA	NA	S	NA	S	NA	R	NA	NA	R	NA	NA	NA	NA	NA	NA	NA	NA	NA	NA	NA	NA
ERR12058444	this study	42070_1#288	ERS7986052	ERP126322	Klebsiella pneumoniae	strong	1	1	6	10	2010	NA	ST35	n	unknown	NA	NA	NA	NA	NA	NA	NA	NA	NA	NA	NA	NA	NA	NA	NA	NA	NA	NA	NA	NA	NA	NA	NA	NA	NA	NA	NA	NA	NA	NA	NA	NA
ERR12058445	this study	42070_1#289	ERS7985713	ERP126322	Klebsiella pneumoniae	strong	0	0	0	0	2018	NA	other	n	PAEDIATRIC NURSERY	NA	R	NA	NA	NA	NA	NA	S	NA	NA	NA	NA	S	NA	S	NA	S	NA	NA	S	NA	NA	NA	NA	NA	NA	NA	NA	NA	NA	NA	NA
ERR12058207	this study	42070_1#28	ERS7985985	ERP126322	Klebsiella pneumoniae	strong	0	1	7	11	2018	NA	ST35	y	CHATINKHA NURSERY	S	R	NA	R	NA	NA	NA	R	NA	NA	NA	NA	R	NA	S	NA	R	NA	NA	R	NA	NA	NA	NA	NA	NA	NA	NA	NA	NA	NA	NA
ERR12058446	this study	42070_1#290	ERS7985786	ERP126322	Klebsiella pneumoniae	strong	0	1	9	19	2015	NA	ST340	n	3B MALE MEDICAL WARD	S	R	NA	R	NA	NA	NA	R	NA	NA	NA	NA	R	NA	R	NA	R	NA	NA	R	NA	NA	NA	NA	NA	NA	NA	NA	NA	NA	NA	NA
ERR12058448	this study	42070_1#292	ERS7985787	ERP126322	Klebsiella pneumoniae	strong	0	1	9	14	2014	NA	ST340	n	PAEDIATRIC NURSERY	S	R	NA	R	NA	NA	NA	R	NA	NA	NA	NA	R	NA	R	NA	R	NA	NA	R	NA	NA	NA	NA	NA	NA	NA	NA	NA	NA	NA	NA
ERR12058451	this study	42070_1#295	ERS7985711	ERP126322	Klebsiella pneumoniae	strong	0	1	8	18	2018	NA	other	n	PAEDIATRIC MOYO WARD	S	R	NA	S	NA	NA	NA	R	NA	NA	NA	NA	R	NA	R	NA	R	NA	NA	R	NA	NA	NA	NA	NA	NA	NA	NA	NA	NA	NA	NA
ERR12058452	this study	42070_1#296	ERS7985789	ERP126322	Klebsiella pneumoniae	strong	0	1	7	14	2014	NA	ST14	n	unknown	NA	NA	NA	NA	NA	NA	NA	NA	NA	NA	NA	NA	NA	NA	NA	NA	NA	NA	NA	NA	NA	NA	NA	NA	NA	NA	NA	NA	NA	NA	NA	NA
ERR12058453	this study	42070_1#297	ERS7985714	ERP126322	Klebsiella pneumoniae	strong	1	1	7	11	2018	NA	ST39	u	PAEDIATRIC MOYO WARD	NA	R	NA	NA	NA	NA	NA	R	NA	NA	NA	NA	S	NA	S	NA	R	NA	NA	R	NA	NA	NA	NA	NA	NA	NA	NA	NA	NA	NA	NA
ERR12058454	this study	42070_1#298	ERS7985790	ERP126322	Klebsiella variicola subsp. variicola	strong	0	0	0	0	2014	NA	other	n	unknown	NA	NA	NA	NA	NA	NA	NA	NA	NA	NA	NA	NA	NA	NA	NA	NA	NA	NA	NA	NA	NA	NA	NA	NA	NA	NA	NA	NA	NA	NA	NA	NA
ERR12058455	this study	42070_1#299	ERS7985715	ERP126322	Klebsiella pneumoniae	strong	1	1	10	12	2018	NA	ST15	n	PAEDIATRIC MOYO WARD	S	R	NA	I	NA	NA	NA	R	NA	NA	NA	NA	R	NA	R	NA	R	NA	NA	R	NA	NA	NA	NA	NA	NA	NA	NA	NA	NA	NA	NA
ERR12058208	this study	42070_1#29	ERS7985818	ERP126322	Klebsiella pneumoniae	strong	0	1	7	11	2018	NA	ST584	n	PICU/HDU	S	R	NA	S	NA	NA	NA	R	NA	NA	NA	NA	S	NA	R	NA	R	NA	NA	R	NA	NA	NA	NA	NA	NA	NA	NA	NA	NA	NA	NA
ERR12058182	this study	42070_1#2	ERS7985734	ERP126322	Klebsiella pneumoniae	strong	0	1	6	9	2017	NA	other	n	PAEDIATRIC SPECIAL CARE WARD	S	R	NA	S	NA	NA	NA	R	NA	NA	NA	NA	S	NA	R	NA	R	NA	NA	S	NA	NA	NA	NA	NA	NA	NA	NA	NA	NA	NA	NA
ERR12058457	this study	42070_1#301	ERS7985716	ERP126322	Klebsiella pneumoniae	strong	0	1	8	14	2018	NA	other	n	3B MALE MEDICAL WARD	S	R	NA	S	NA	NA	NA	R	NA	NA	NA	NA	S	NA	S	NA	NA	NA	NA	R	NA	NA	NA	NA	NA	NA	NA	NA	NA	NA	NA	NA
ERR12058458	this study	42070_1#302	ERS7985792	ERP126322	Klebsiella pneumoniae	strong	1	1	8	13	2014	NA	ST391	y	CHATINKHA NURSERY	S	R	NA	NA	NA	NA	NA	R	NA	NA	NA	NA	R	NA	R	NA	R	NA	NA	R	NA	NA	NA	NA	NA	NA	NA	NA	NA	NA	NA	NA
ERR12058459	this study	42070_1#303	ERS7985717	ERP126322	Klebsiella pneumoniae	strong	0	1	6	9	2018	NA	ST391	y	PAEDIATRIC SURGICAL WARD	S	R	NA	R	NA	NA	NA	R	NA	NA	NA	NA	S	NA	S	NA	R	NA	NA	R	NA	NA	NA	NA	NA	NA	NA	NA	NA	NA	NA	NA
ERR12058460	this study	42070_1#304	ERS7985793	ERP126322	Klebsiella pneumoniae	strong	1	1	8	13	2014	NA	ST391	n	PAEDIATRIC A&E	S	R	NA	NA	NA	NA	NA	R	NA	NA	NA	NA	R	NA	S	NA	R	NA	NA	R	NA	NA	NA	NA	NA	NA	NA	NA	NA	NA	NA	NA
ERR12058461	this study	42070_1#305	ERS7985890	ERP126322	Klebsiella pneumoniae	strong	0	1	9	17	2018	NA	other	n	PAEDIATRIC NURSERY	S	R	NA	R	NA	NA	NA	R	NA	NA	NA	I	NA	NA	R	NA	R	NA	NA	R	NA	NA	NA	NA	NA	NA	NA	NA	NA	NA	NA	NA
ERR12058462	this study	42070_1#307	ERS7985888	ERP126322	Klebsiella pneumoniae	strong	1	1	7	11	2018	NA	ST607	y	PICU/HDU	S	R	NA	I	NA	NA	NA	R	NA	NA	NA	NA	S	NA	R	NA	R	NA	NA	R	NA	NA	NA	NA	NA	NA	NA	NA	NA	NA	NA	NA
ERR12058463	this study	42070_1#308	ERS7986054	ERP126322	Klebsiella pneumoniae	strong	0	1	6	9	2010	NA	ST35	y	unknown	NA	NA	NA	NA	NA	NA	NA	NA	NA	NA	NA	NA	NA	NA	NA	NA	NA	NA	NA	NA	NA	NA	NA	NA	NA	NA	NA	NA	NA	NA	NA	NA
ERR12058209	this study	42070_1#30	ERS7985986	ERP126322	Klebsiella pneumoniae	strong	1	1	8	16	2018	NA	ST14	y	PICU/HDU	S	R	NA	S	NA	NA	NA	R	NA	NA	NA	NA	R	NA	R	NA	NA	NA	NA	R	NA	NA	NA	NA	NA	NA	NA	NA	NA	NA	NA	NA
ERR12058466	this study	42070_1#311	ERS7985889	ERP126322	Klebsiella pneumoniae	strong	0	1	9	18	2018	NA	other	n	PAEDIATRIC NURSERY	S	R	NA	R	NA	NA	NA	R	NA	NA	NA	NA	R	NA	R	NA	NA	NA	NA	R	NA	NA	NA	NA	NA	NA	NA	NA	NA	NA	NA	NA
ERR12058467	this study	42070_1#312	ERS7985892	ERP126322	Klebsiella pneumoniae	strong	1	1	7	10	2018	NA	ST15	n	3B MALE MEDICAL WARD	S	R	NA	R	NA	NA	NA	R	NA	NA	NA	NA	S	NA	NA	NA	R	NA	NA	R	NA	NA	NA	NA	NA	NA	NA	NA	NA	NA	NA	NA
ERR12058468	this study	42070_1#313	ERS7985893	ERP126322	Klebsiella pneumoniae	strong	4	1	5	5	2018	NA	ST86	n	4A FEMALE MEDICAL WARD	S	R	NA	R	NA	NA	NA	R	NA	R	NA	NA	S	NA	S	NA	R	NA	NA	R	NA	NA	NA	NA	NA	NA	NA	NA	NA	NA	NA	NA
ERR12058469	this study	42070_1#314	ERS7985894	ERP126322	Klebsiella pneumoniae	strong	1	1	9	15	2018	NA	ST607	n	unknown	NA	NA	NA	NA	NA	NA	NA	NA	NA	NA	NA	NA	NA	NA	NA	NA	NA	NA	NA	NA	NA	NA	NA	NA	NA	NA	NA	NA	NA	NA	NA	NA
ERR12058470	this study	42070_1#315	ERS7985895	ERP126322	Klebsiella pneumoniae	strong	0	1	6	6	2018	NA	ST35	y	unknown	S	R	NA	S	NA	NA	NA	R	NA	NA	NA	NA	R	NA	S	NA	R	NA	NA	R	NA	NA	NA	NA	NA	NA	NA	NA	NA	NA	NA	NA
ERR12058471	this study	42070_1#316	ERS7985719	ERP126322	Klebsiella pneumoniae	strong	0	1	6	6	2018	NA	other	n	PAEDIATRIC NURSERY	S	R	NA	I	NA	NA	NA	R	NA	NA	NA	NA	R	NA	S	NA	NA	NA	NA	R	NA	NA	NA	NA	NA	NA	NA	NA	NA	NA	NA	NA
ERR12058472	this study	42070_1#317	ERS7985794	ERP126322	Klebsiella pneumoniae	strong	1	1	8	13	2014	NA	ST391	y	CHATINKHA NURSERY	S	R	NA	NA	NA	NA	NA	R	NA	NA	NA	NA	R	NA	S	NA	R	NA	NA	R	NA	NA	NA	NA	NA	NA	NA	NA	NA	NA	NA	NA
ERR12058473	this study	42070_1#318	ERS7985718	ERP126322	Klebsiella pneumoniae	strong	0	1	6	6	2018	NA	other	y	PAEDIATRIC NURSERY	S	R	NA	S	NA	NA	NA	R	NA	NA	NA	NA	R	NA	S	NA	R	NA	NA	R	NA	NA	NA	NA	NA	NA	NA	NA	NA	NA	NA	NA
ERR12058474	this study	42070_1#319	ERS7985795	ERP126322	Klebsiella pneumoniae	strong	0	1	9	17	2014	NA	ST340	n	4A FEMALE MEDICAL WARD	S	R	NA	R	NA	NA	NA	R	NA	NA	NA	NA	R	NA	R	NA	R	NA	NA	R	NA	NA	NA	NA	NA	NA	NA	NA	NA	NA	NA	NA
ERR12058210	this study	42070_1#31	ERS7985819	ERP126322	Klebsiella pneumoniae	strong	0	1	7	11	2018	NA	ST584	y	PICU/HDU	S	R	NA	I	NA	NA	NA	R	NA	NA	NA	NA	S	NA	R	NA	R	NA	NA	R	NA	NA	NA	NA	NA	NA	NA	NA	NA	NA	NA	NA
ERR12058475	this study	42070_1#320	ERS7985720	ERP126322	Klebsiella pneumoniae	strong	1	0	7	8	2018	NA	ST307	y	CHATINKHA NURSERY	S	R	NA	R	NA	NA	NA	R	NA	NA	NA	NA	R	NA	R	NA	R	NA	NA	R	NA	NA	NA	NA	NA	NA	NA	NA	NA	NA	NA	NA
ERR12058476	this study	42070_1#321	ERS7985796	ERP126322	Klebsiella pneumoniae	strong	0	1	6	9	2015	NA	ST14	n	CHATINKHA NURSERY	S	R	NA	R	NA	NA	NA	R	NA	NA	NA	NA	R	NA	S	NA	R	NA	NA	R	NA	NA	NA	NA	NA	NA	NA	NA	NA	NA	NA	NA
ERR12058478	this study	42070_1#323	ERS7985797	ERP126322	Klebsiella pneumoniae	strong	1	0	5	8	2019	NA	other	n	4A FEMALE MEDICAL WARD	NA	R	NA	NA	NA	NA	NA	S	NA	NA	NA	NA	S	NA	S	NA	R	NA	NA	S	NA	NA	NA	NA	NA	NA	NA	NA	NA	NA	NA	NA
ERR12058479	this study	42070_1#324	ERS7985722	ERP126322	Klebsiella pneumoniae	strong	1	1	6	9	2018	NA	ST391	y	CHATINKHA NURSERY	S	R	NA	R	NA	NA	NA	R	NA	NA	NA	NA	R	NA	S	NA	R	NA	NA	R	NA	NA	NA	NA	NA	NA	NA	NA	NA	NA	NA	NA
ERR12058480	this study	42070_1#325	ERS7985798	ERP126322	Klebsiella pneumoniae	strong	1	1	8	13	2019	NA	ST14	y	PICU/HDU	S	R	NA	I	NA	NA	NA	R	NA	NA	NA	NA	R	NA	R	NA	R	NA	NA	R	NA	NA	NA	NA	NA	NA	NA	NA	NA	NA	NA	NA
ERR12058481	this study	42070_1#326	ERS7985723	ERP126322	Klebsiella pneumoniae	strong	0	1	9	16	2018	NA	other	y	CHATINKHA NURSERY	S	R	NA	R	NA	NA	NA	R	NA	NA	NA	NA	R	NA	R	NA	R	NA	NA	R	NA	NA	NA	NA	NA	NA	NA	NA	NA	NA	NA	NA
ERR12058482	this study	42070_1#327	ERS7985799	ERP126322	Klebsiella pneumoniae	strong	1	1	8	13	2019	NA	ST14	n	PICU/HDU	S	R	NA	S	NA	NA	NA	R	NA	NA	NA	NA	R	NA	R	NA	R	NA	NA	R	NA	NA	NA	NA	NA	NA	NA	NA	NA	NA	NA	NA
ERR12058483	this study	42070_1#328	ERS7985724	ERP126322	Klebsiella pneumoniae	strong	0	0	0	0	2018	NA	other	n	CHATINKHA NURSERY	S	R	NA	S	NA	NA	NA	S	NA	NA	NA	I	NA	NA	S	NA	S	NA	NA	S	NA	NA	NA	NA	NA	NA	NA	NA	NA	NA	NA	NA
ERR12058484	this study	42070_1#329	ERS7985800	ERP126322	Klebsiella pneumoniae	strong	1	1	7	9	2019	NA	ST14	n	PAEDIATRIC SPECIAL CARE WARD	S	R	NA	R	NA	NA	NA	R	NA	NA	NA	NA	R	NA	R	NA	R	NA	NA	R	NA	NA	NA	NA	NA	NA	NA	NA	NA	NA	NA	NA
ERR12058211	this study	42070_1#32	ERS7985987	ERP126322	Klebsiella pneumoniae	strong	1	1	8	16	NA	NA	ST14	n	unknown	NA	NA	NA	NA	NA	NA	NA	NA	NA	NA	NA	NA	NA	NA	NA	NA	NA	NA	NA	NA	NA	NA	NA	NA	NA	NA	NA	NA	NA	NA	NA	NA
ERR12058485	this study	42070_1#330	ERS7985725	ERP126322	Klebsiella pneumoniae	strong	0	1	6	6	2017	NA	other	n	PAEDIATRIC NURSERY	S	R	NA	R	NA	NA	NA	R	NA	NA	NA	NA	R	NA	S	NA	R	NA	NA	R	NA	NA	NA	NA	NA	NA	NA	NA	NA	NA	NA	NA
ERR12058486	this study	42070_1#331	ERS7985801	ERP126322	Klebsiella pneumoniae	strong	1	1	9	14	2019	NA	ST25	n	PAEDIATRIC NURSERY	S	R	NA	S	NA	NA	NA	R	NA	NA	NA	NA	S	NA	R	NA	R	NA	NA	R	NA	NA	NA	NA	NA	NA	NA	NA	NA	NA	NA	NA
ERR12058487	this study	42070_1#332	ERS7985896	ERP126322	Klebsiella pneumoniae	strong	0	1	7	15	2018	NA	other	y	CHATINKHA NURSERY	S	R	NA	S	NA	NA	NA	R	NA	NA	NA	NA	R	NA	R	NA	R	NA	NA	R	NA	NA	NA	NA	NA	NA	NA	NA	NA	NA	NA	NA
ERR12058488	this study	42070_1#333	ERS7985900	ERP126322	Klebsiella pneumoniae	strong	0	1	6	6	2018	NA	ST35	y	unknown	S	R	NA	R	NA	NA	NA	R	NA	NA	NA	NA	R	NA	S	NA	R	NA	NA	R	NA	NA	NA	NA	NA	NA	NA	NA	NA	NA	NA	NA
ERR12058489	this study	42070_1#334	ERS7985898	ERP126322	Klebsiella pneumoniae	strong	0	1	6	6	NA	NA	ST35	n	unknown	NA	NA	NA	NA	NA	NA	NA	NA	NA	NA	NA	NA	NA	NA	NA	NA	NA	NA	NA	NA	NA	NA	NA	NA	NA	NA	NA	NA	NA	NA	NA	NA
ERR12058490	this study	42070_1#335	ERS7985899	ERP126322	Klebsiella pneumoniae	strong	0	1	6	6	2018	NA	ST35	n	PICU/HDU	S	R	NA	I	NA	NA	NA	R	NA	NA	NA	NA	R	NA	S	NA	R	NA	NA	R	NA	NA	NA	NA	NA	NA	NA	NA	NA	NA	NA	NA
ERR12058491	this study	42070_1#336	ERS7985897	ERP126322	Klebsiella pneumoniae	strong	1	1	8	16	2018	NA	ST14	n	PICU/HDU	S	R	NA	S	NA	NA	NA	R	NA	NA	NA	NA	R	NA	R	NA	NA	NA	NA	R	NA	NA	NA	NA	NA	NA	NA	NA	NA	NA	NA	NA
ERR12058492	this study	42070_1#337	ERS7985901	ERP126322	Klebsiella pneumoniae	strong	0	1	8	12	2018	NA	ST307	n	unknown	S	R	NA	S	NA	NA	NA	R	NA	NA	NA	NA	S	NA	R	NA	R	NA	NA	R	NA	NA	NA	NA	NA	NA	NA	NA	NA	NA	NA	NA
ERR12058493	this study	42070_1#338	ERS7985903	ERP126322	Klebsiella pneumoniae	strong	1	1	8	16	NA	NA	ST14	n	unknown	NA	NA	NA	NA	NA	NA	NA	NA	NA	NA	NA	NA	NA	NA	NA	NA	NA	NA	NA	NA	NA	NA	NA	NA	NA	NA	NA	NA	NA	NA	NA	NA
ERR12058494	this study	42070_1#339	ERS7985902	ERP126322	Klebsiella pneumoniae	strong	0	1	7	11	2018	NA	ST35	y	PICU/HDU	S	R	NA	R	NA	NA	NA	R	NA	NA	NA	NA	R	NA	S	NA	R	NA	NA	NA	NA	NA	NA	NA	NA	NA	NA	NA	NA	NA	NA	NA
ERR12058212	this study	42070_1#33	ERS7985643	ERP126322	Klebsiella pneumoniae	strong	1	1	8	12	2016	NA	ST307	n	4A FEMALE MEDICAL WARD	S	R	NA	R	NA	NA	NA	R	NA	NA	NA	NA	R	NA	R	NA	NA	NA	NA	R	NA	NA	NA	NA	NA	NA	NA	NA	NA	NA	NA	NA
ERR12058495	this study	42070_1#340	ERS7985727	ERP126322	Klebsiella pneumoniae	strong	0	1	6	6	2017	NA	other	n	PAEDIATRIC NURSERY	S	R	NA	R	NA	NA	NA	R	NA	NA	NA	NA	R	NA	S	NA	R	NA	NA	R	NA	NA	NA	NA	NA	NA	NA	NA	NA	NA	NA	NA
ERR12058496	this study	42070_1#341	ERS7985802	ERP126322	Klebsiella pneumoniae	strong	1	1	8	13	2019	NA	ST14	n	PICU/HDU	I	R	NA	R	NA	NA	NA	R	NA	NA	NA	NA	R	NA	R	NA	R	NA	NA	R	NA	NA	NA	NA	NA	NA	NA	NA	NA	NA	NA	NA
ERR12058497	this study	42070_1#342	ERS7985726	ERP126322	Klebsiella pneumoniae	strong	0	1	6	6	2017	NA	other	n	PAEDIATRIC NURSERY	S	R	NA	S	NA	NA	NA	R	NA	NA	NA	NA	R	NA	S	NA	R	NA	NA	R	NA	NA	NA	NA	NA	NA	NA	NA	NA	NA	NA	NA
ERR12058498	this study	42070_1#343	ERS7985803	ERP126322	Klebsiella pneumoniae	strong	1	1	8	13	2019	NA	ST14	n	PICU/HDU	S	NA	NA	S	NA	NA	NA	R	NA	NA	NA	NA	R	NA	R	NA	R	NA	NA	R	NA	NA	NA	NA	NA	NA	NA	NA	NA	NA	NA	NA
ERR12058499	this study	42070_1#344	ERS7985728	ERP126322	Klebsiella pneumoniae	strong	0	1	6	6	2017	NA	other	n	PAEDIATRIC NURSERY	S	R	NA	I	NA	NA	NA	R	NA	NA	NA	NA	R	NA	S	NA	R	NA	NA	R	NA	NA	NA	NA	NA	NA	NA	NA	NA	NA	NA	NA
ERR12058500	this study	42070_1#345	ERS7985804	ERP126322	Klebsiella pneumoniae	strong	1	1	8	13	2019	NA	ST14	y	PICU/HDU	S	R	NA	S	NA	NA	NA	R	NA	NA	NA	NA	R	NA	R	NA	R	NA	NA	R	NA	NA	NA	NA	NA	NA	NA	NA	NA	NA	NA	NA
ERR12058501	this study	42070_1#346	ERS7985729	ERP126322	Klebsiella pneumoniae	strong	0	1	7	11	2017	NA	other	n	4A FEMALE MEDICAL WARD	S	R	NA	S	NA	NA	NA	R	NA	NA	NA	NA	S	NA	R	NA	R	NA	NA	R	NA	NA	NA	NA	NA	NA	NA	NA	NA	NA	NA	NA
ERR12058502	this study	42070_1#347	ERS7985806	ERP126322	Klebsiella pneumoniae	strong	1	1	8	13	2019	NA	ST14	n	PICU/HDU	S	R	NA	S	NA	NA	NA	R	NA	NA	NA	NA	R	NA	R	NA	R	NA	NA	R	NA	NA	NA	NA	NA	NA	NA	NA	NA	NA	NA	NA
ERR12058503	this study	42070_1#348	ERS7985730	ERP126322	Klebsiella pneumoniae	strong	0	1	6	11	2017	NA	ST37	y	CHATINKHA NURSERY	I	R	NA	S	NA	NA	NA	R	NA	NA	NA	NA	S	NA	S	NA	R	NA	NA	R	NA	NA	NA	NA	NA	NA	NA	NA	NA	NA	NA	NA
ERR12058504	this study	42070_1#349	ERS7985807	ERP126322	Klebsiella pneumoniae	strong	1	1	8	13	2019	NA	ST14	n	PICU/HDU	S	R	NA	S	NA	NA	NA	R	NA	NA	NA	NA	R	NA	R	NA	R	NA	NA	R	NA	NA	NA	NA	NA	NA	NA	NA	NA	NA	NA	NA
ERR12058213	this study	42070_1#34	ERS7985744	ERP126322	Klebsiella pneumoniae	strong	0	1	6	6	2017	NA	other	n	PAEDIATRIC NURSERY	S	R	NA	I	NA	NA	NA	R	NA	NA	NA	NA	R	NA	S	NA	R	NA	NA	R	NA	NA	NA	NA	NA	NA	NA	NA	NA	NA	NA	NA
ERR12058505	this study	42070_1#350	ERS7985731	ERP126322	Klebsiella pneumoniae	strong	0	1	7	11	2017	NA	other	n	4A FEMALE MEDICAL WARD	S	R	NA	S	NA	NA	NA	R	NA	NA	NA	NA	S	NA	I	NA	R	NA	NA	R	NA	NA	NA	NA	NA	NA	NA	NA	NA	NA	NA	NA
ERR12058506	this study	42070_1#351	ERS7985808	ERP126322	Klebsiella pneumoniae	strong	1	1	8	13	2019	NA	ST14	n	PICU/HDU	S	R	NA	S	NA	NA	NA	R	NA	NA	NA	I	NA	NA	R	NA	R	NA	NA	R	NA	NA	NA	NA	NA	NA	NA	NA	NA	NA	NA	NA
ERR12058507	this study	42070_1#352	ERS7985732	ERP126322	Klebsiella pneumoniae	strong	1	1	7	10	2017	NA	ST391	y	CHATINKHA NURSERY	S	R	NA	R	NA	NA	NA	R	NA	NA	NA	NA	R	NA	S	NA	R	NA	NA	R	NA	NA	NA	NA	NA	NA	NA	NA	NA	NA	NA	NA
ERR12058508	this study	42070_1#353	ERS7985810	ERP126322	Klebsiella pneumoniae	strong	1	1	8	13	2019	NA	ST14	y	PICU/HDU	S	R	NA	I	NA	NA	NA	R	NA	NA	NA	NA	R	NA	R	NA	R	NA	NA	R	NA	NA	NA	NA	NA	NA	NA	NA	NA	NA	NA	NA
ERR12058509	this study	42070_1#354	ERS7985733	ERP126322	Klebsiella quasipneumoniae subsp. quasipneumoniae	strong	0	0	0	0	2017	NA	other	y	CHATINKHA NURSERY	NA	R	NA	NA	NA	NA	NA	S	NA	NA	NA	I	NA	NA	S	NA	S	NA	NA	S	NA	NA	NA	NA	NA	NA	NA	NA	NA	NA	NA	NA
ERR12058510	this study	42070_1#355	ERS7985811	ERP126322	Klebsiella pneumoniae	strong	0	0	4	5	2019	NA	other	n	3B MALE MEDICAL WARD	NA	R	NA	NA	NA	NA	NA	S	NA	NA	NA	I	S	NA	S	NA	R	NA	NA	S	NA	NA	NA	NA	NA	NA	NA	NA	NA	NA	NA	NA
ERR12058511	this study	42070_1#356	ERS7985904	ERP126322	Klebsiella pneumoniae	strong	0	1	6	6	2018	NA	ST35	y	PICU/HDU	S	R	NA	S	NA	NA	NA	R	NA	NA	NA	NA	R	NA	S	NA	R	NA	NA	R	NA	NA	NA	NA	NA	NA	NA	NA	NA	NA	NA	NA
ERR12058512	this study	42070_1#357	ERS7985906	ERP126322	Klebsiella pneumoniae	strong	0	1	6	6	2018	NA	ST35	y	PICU/HDU	S	R	NA	R	NA	NA	NA	R	NA	NA	NA	NA	R	NA	S	NA	R	NA	NA	R	NA	NA	NA	NA	NA	NA	NA	NA	NA	NA	NA	NA
ERR12058513	this study	42070_1#358	ERS7985974	ERP126322	Klebsiella pneumoniae	strong	0	1	6	6	2018	NA	ST35	n	PICU/HDU	S	R	NA	R	NA	NA	NA	R	NA	NA	NA	NA	R	NA	S	NA	R	NA	NA	R	NA	NA	NA	NA	NA	NA	NA	NA	NA	NA	NA	NA
ERR12058514	this study	42070_1#359	ERS7985975	ERP126322	Klebsiella pneumoniae	strong	0	1	6	6	2018	NA	ST35	n	INTENSIVE CARE UNIT	S	R	NA	R	NA	NA	NA	R	NA	NA	NA	NA	R	NA	S	NA	R	NA	NA	R	NA	NA	NA	NA	NA	NA	NA	NA	NA	NA	NA	NA
ERR12058214	this study	42070_1#35	ERS7985644	ERP126322	Klebsiella pneumoniae	strong	1	1	8	12	2016	NA	ST307	n	PAEDIATRIC MOYO WARD	S	R	NA	R	NA	NA	NA	R	NA	NA	NA	NA	R	NA	R	NA	R	NA	NA	R	NA	NA	NA	NA	NA	NA	NA	NA	NA	NA	NA	NA
ERR12058515	this study	42070_1#360	ERS7985976	ERP126322	Klebsiella pneumoniae	strong	0	1	6	6	2018	NA	ST35	n	PICU/HDU	S	R	NA	S	NA	NA	NA	R	NA	NA	NA	NA	R	NA	S	NA	R	NA	NA	R	NA	NA	NA	NA	NA	NA	NA	NA	NA	NA	NA	NA
ERR12058516	this study	42070_1#361	ERS7985977	ERP126322	Klebsiella pneumoniae	strong	1	1	7	11	2018	NA	ST39	y	PAEDIATRIC NURSERY	S	R	NA	S	NA	NA	NA	R	NA	NA	NA	NA	S	NA	S	NA	NA	NA	NA	R	NA	NA	NA	NA	NA	NA	NA	NA	NA	NA	NA	NA
ERR12058517	this study	42070_1#362	ERS7985978	ERP126322	Klebsiella pneumoniae	strong	1	1	8	16	2018	NA	ST14	n	PICU/HDU	S	R	NA	I	NA	NA	NA	R	NA	NA	NA	NA	R	NA	R	NA	NA	NA	NA	R	NA	NA	NA	NA	NA	NA	NA	NA	NA	R	NA	NA
ERR12058518	this study	42070_1#363	ERS7985979	ERP126322	Klebsiella pneumoniae	strong	0	1	7	11	2018	NA	ST35	y	CHATINKHA NURSERY	S	R	NA	R	NA	NA	NA	R	NA	NA	NA	NA	R	NA	S	NA	R	NA	NA	R	NA	NA	NA	NA	NA	NA	NA	NA	NA	NA	NA	NA
ERR12058215	this study	42070_1#36	ERS7985742	ERP126322	Klebsiella pneumoniae	strong	0	1	6	6	2017	NA	other	y	PAEDIATRIC NURSERY	S	R	NA	R	NA	NA	NA	R	NA	NA	NA	NA	S	NA	S	NA	R	NA	NA	R	NA	NA	NA	NA	NA	NA	NA	NA	NA	NA	NA	NA
ERR12058218	this study	42070_1#39	ERS7985648	ERP126322	Klebsiella pneumoniae	strong	0	1	6	11	2016	NA	other	y	CHATINKHA NURSERY	S	R	NA	S	NA	NA	NA	R	NA	NA	NA	NA	R	NA	S	NA	S	NA	NA	R	NA	NA	NA	NA	NA	NA	NA	NA	NA	NA	NA	NA
ERR12058183	this study	42070_1#3	ERS7985636	ERP126322	Klebsiella pneumoniae	strong	1	1	9	14	2016	NA	ST25	y	CHATINKHA NURSERY	NA	R	NA	NA	NA	NA	NA	S	NA	NA	NA	NA	R	NA	S	NA	R	NA	NA	S	NA	NA	NA	NA	NA	NA	NA	NA	NA	NA	NA	NA
ERR12058219	this study	42070_1#40	ERS7985745	ERP126322	Klebsiella pneumoniae	strong	1	1	7	11	2017	NA	ST39	y	CHATINKHA NURSERY	S	R	NA	S	NA	NA	NA	R	NA	NA	NA	NA	S	NA	S	NA	NA	NA	NA	R	NA	NA	NA	NA	NA	NA	NA	NA	NA	NA	NA	NA
ERR12058220	this study	42070_1#41	ERS7985646	ERP126322	Klebsiella pneumoniae	strong	0	1	8	13	2016	NA	other	n	PAEDIATRIC NURSERY	S	R	NA	S	NA	NA	NA	R	NA	NA	NA	NA	S	NA	R	NA	R	NA	NA	R	NA	NA	NA	NA	NA	NA	NA	NA	NA	NA	NA	NA
ERR12058222	this study	42070_1#43	ERS7985649	ERP126322	Klebsiella pneumoniae	strong	4	1	5	5	2016	NA	ST86	y	CHATINKHA NURSERY	S	R	NA	S	NA	NA	NA	R	NA	NA	NA	NA	S	NA	R	NA	R	NA	NA	R	NA	NA	NA	NA	NA	NA	NA	NA	NA	NA	NA	NA
ERR12058223	this study	42070_1#44	ERS7985746	ERP126322	Klebsiella pneumoniae	strong	1	1	7	11	2017	NA	ST39	y	CHATINKHA NURSERY	S	R	NA	S	NA	NA	NA	R	NA	NA	NA	NA	S	NA	S	NA	R	NA	NA	R	NA	NA	NA	NA	NA	NA	NA	NA	NA	NA	NA	NA
ERR12058224	this study	42070_1#45	ERS7985647	ERP126322	Klebsiella pneumoniae	strong	1	1	9	14	2016	NA	ST25	y	CHATINKHA NURSERY	S	R	NA	S	NA	NA	NA	R	NA	NA	NA	NA	S	NA	R	NA	R	NA	NA	R	NA	NA	NA	NA	NA	NA	NA	NA	NA	NA	NA	NA
ERR12058225	this study	42070_1#46	ERS7985749	ERP126322	Klebsiella pneumoniae	strong	1	1	7	10	2017	NA	ST15	n	PAEDIATRIC SPECIAL CARE WARD	S	R	NA	R	NA	NA	NA	R	NA	NA	NA	NA	S	NA	R	NA	R	NA	NA	R	NA	NA	NA	NA	NA	NA	NA	NA	NA	NA	NA	NA
ERR12058226	this study	42070_1#47	ERS7985650	ERP126322	Klebsiella pneumoniae	strong	1	1	9	14	2016	NA	ST25	y	CHATINKHA NURSERY	S	R	NA	S	NA	NA	NA	R	NA	NA	NA	NA	S	NA	R	NA	R	NA	NA	R	NA	NA	NA	NA	NA	NA	NA	NA	NA	NA	NA	NA
ERR12058227	this study	42070_1#48	ERS7985748	ERP126322	Klebsiella pneumoniae	strong	0	1	7	9	2017	NA	other	y	CHATINKHA NURSERY	S	R	NA	S	NA	NA	NA	R	NA	NA	NA	NA	S	NA	S	NA	NA	NA	NA	R	NA	NA	NA	NA	NA	NA	NA	NA	NA	NA	NA	NA
ERR12058228	this study	42070_1#49	ERS7985820	ERP126322	Klebsiella pneumoniae	strong	1	1	8	13	2018	NA	ST14	n	PICU/HDU	I	R	NA	I	NA	NA	NA	R	NA	NA	NA	NA	R	NA	R	NA	R	NA	NA	R	NA	NA	NA	NA	NA	NA	NA	NA	NA	NA	NA	NA
ERR12058184	this study	42070_1#4	ERS7985735	ERP126322	Klebsiella pneumoniae	strong	0	1	6	6	2017	NA	other	y	PAEDIATRIC NURSERY	S	R	NA	R	NA	NA	NA	R	NA	NA	NA	NA	R	NA	S	NA	R	NA	NA	R	NA	NA	NA	NA	NA	NA	NA	NA	NA	NA	NA	NA
ERR12058230	this study	42070_1#51	ERS7985821	ERP126322	Klebsiella pneumoniae	strong	0	1	7	11	2018	NA	ST584	n	PICU/HDU	S	R	NA	R	NA	NA	NA	R	NA	NA	NA	NA	S	NA	R	NA	R	NA	NA	R	NA	NA	NA	NA	NA	NA	NA	NA	NA	NA	NA	NA
ERR12058231	this study	42070_1#52	ERS7985989	ERP126322	Klebsiella pneumoniae	strong	0	1	7	11	2018	NA	ST35	y	PAEDIATRIC NURSERY	NA	R	NA	R	NA	NA	NA	R	NA	NA	NA	NA	R	NA	S	NA	R	NA	NA	R	NA	NA	NA	NA	NA	NA	NA	NA	NA	NA	NA	NA
ERR12058234	this study	42070_1#55	ERS7985823	ERP126322	Klebsiella pneumoniae	strong	0	1	7	11	2018	NA	ST584	n	INTENSIVE CARE UNIT	S	R	NA	R	NA	NA	NA	R	NA	NA	NA	NA	S	NA	R	NA	NA	NA	NA	NA	NA	NA	NA	NA	NA	NA	NA	NA	NA	NA	NA	NA
ERR12058235	this study	42070_1#57	ERS7985824	ERP126322	Klebsiella pneumoniae	strong	0	1	7	11	2018	NA	ST584	y	unknown	S	R	NA	I	NA	NA	NA	R	NA	NA	NA	NA	S	NA	R	NA	R	NA	NA	R	NA	NA	NA	NA	NA	NA	NA	NA	NA	NA	NA	NA
ERR12058236	this study	42070_1#59	ERS7985825	ERP126322	Klebsiella pneumoniae	strong	0	1	7	11	2018	NA	ST584	n	PAEDIATRIC MEDICAL BAY/WARD	S	R	NA	R	NA	NA	NA	R	NA	NA	NA	NA	S	NA	R	NA	R	NA	NA	R	NA	NA	NA	NA	NA	NA	NA	NA	NA	NA	NA	NA
ERR12058237	this study	42070_1#60	ERS7985993	ERP126322	Klebsiella pneumoniae	strong	0	1	8	13	2018	NA	ST1552	u	unknown	S	R	NA	S	NA	NA	NA	R	NA	NA	NA	NA	R	NA	I	NA	R	NA	NA	R	NA	NA	NA	NA	NA	NA	NA	NA	NA	NA	NA	NA
ERR12058238	this study	42070_1#61	ERS7985826	ERP126322	Klebsiella pneumoniae	strong	0	1	7	11	2018	NA	ST584	y	PICU/HDU	S	R	NA	R	NA	NA	NA	R	NA	NA	NA	NA	S	NA	R	NA	R	NA	NA	R	NA	NA	NA	NA	NA	NA	NA	NA	NA	NA	NA	NA
ERR12058240	this study	42070_1#63	ERS7985827	ERP126322	Klebsiella pneumoniae	strong	1	1	8	13	2018	NA	ST14	n	PICU/HDU	S	R	NA	S	NA	NA	NA	R	NA	NA	NA	NA	S	NA	R	NA	R	NA	NA	R	NA	NA	NA	NA	NA	NA	NA	NA	NA	NA	NA	NA
ERR12058241	this study	42070_1#64	ERS7985995	ERP126322	Klebsiella pneumoniae	strong	1	1	8	15	2018	NA	ST39	n	4A FEMALE MEDICAL WARD	S	R	NA	R	NA	NA	NA	R	NA	NA	NA	NA	R	NA	S	NA	R	NA	NA	R	NA	NA	NA	NA	NA	NA	NA	NA	NA	NA	NA	NA
ERR12058242	this study	42070_1#65	ERS7985651	ERP126322	Klebsiella pneumoniae	strong	0	1	8	12	2016	NA	other	n	PAEDIATRIC NURSERY	S	NA	R	S	NA	NA	NA	R	NA	NA	NA	NA	S	NA	R	NA	R	NA	NA	R	NA	NA	NA	NA	NA	NA	NA	NA	NA	NA	NA	NA
ERR12058243	this study	42070_1#66	ERS7985750	ERP126322	Klebsiella pneumoniae	strong	0	1	6	6	2017	NA	other	n	PAEDIATRIC NURSERY	S	R	NA	R	NA	NA	NA	R	NA	NA	NA	NA	R	NA	S	NA	R	NA	NA	R	NA	NA	NA	NA	NA	NA	NA	NA	NA	NA	NA	NA
ERR12058244	this study	42070_1#67	ERS7985652	ERP126322	Klebsiella pneumoniae	strong	1	1	9	14	2016	NA	ST25	n	PAEDIATRIC MEDICAL BAY/WARD	S	R	NA	R	NA	NA	NA	R	NA	NA	NA	NA	R	NA	R	NA	R	NA	NA	R	NA	NA	NA	NA	NA	NA	NA	NA	NA	NA	NA	NA
ERR12058245	this study	42070_1#68	ERS7985751	ERP126322	Klebsiella pneumoniae	strong	1	1	7	11	2017	NA	ST39	y	PAEDIATRIC NURSERY	S	R	NA	S	NA	NA	NA	R	NA	NA	NA	NA	S	NA	S	NA	R	NA	NA	R	NA	NA	NA	NA	NA	NA	NA	NA	NA	NA	NA	NA
ERR12058246	this study	42070_1#69	ERS7985653	ERP126322	Klebsiella pneumoniae	strong	1	1	9	14	2016	NA	ST25	n	CHATINKHA NURSERY	S	R	NA	S	NA	NA	NA	R	NA	NA	NA	NA	S	NA	R	NA	R	NA	NA	R	NA	NA	NA	NA	NA	NA	NA	NA	NA	NA	NA	NA
ERR12058247	this study	42070_1#70	ERS7985752	ERP126322	Klebsiella pneumoniae	strong	0	1	6	6	2017	NA	other	n	PAEDIATRIC NURSERY	S	R	NA	R	NA	NA	NA	R	NA	NA	NA	NA	R	NA	S	NA	R	NA	NA	R	NA	NA	NA	NA	NA	NA	NA	NA	NA	NA	NA	NA
ERR12058248	this study	42070_1#71	ERS7985655	ERP126322	Klebsiella pneumoniae	strong	0	1	6	7	2017	NA	ST307	n	INTENSIVE CARE UNIT	S	R	NA	S	NA	NA	NA	R	NA	NA	NA	NA	S	NA	R	NA	R	NA	NA	R	NA	NA	NA	NA	NA	NA	NA	NA	NA	NA	NA	NA
ERR12058249	this study	42070_1#72	ERS7985753	ERP126322	Klebsiella pneumoniae	strong	1	1	7	11	2017	NA	ST39	y	CHATINKHA NURSERY	S	R	NA	S	NA	NA	NA	R	NA	NA	NA	NA	S	NA	S	NA	R	NA	NA	R	NA	NA	NA	NA	NA	NA	NA	NA	NA	NA	NA	NA
ERR12058250	this study	42070_1#73	ERS7985654	ERP126322	Klebsiella pneumoniae	strong	0	0	4	4	2017	NA	other	y	CHATINKHA NURSERY	NA	R	NA	NA	NA	NA	NA	S	NA	NA	NA	NA	S	NA	S	NA	R	NA	NA	S	NA	NA	NA	NA	NA	NA	NA	NA	NA	NA	NA	NA
ERR12058251	this study	42070_1#74	ERS7985611	ERP126322	Klebsiella pneumoniae	strong	1	1	7	11	2017	NA	ST39	y	CHATINKHA NURSERY	S	R	NA	S	NA	NA	NA	R	NA	NA	NA	NA	S	NA	S	NA	NA	NA	NA	R	NA	NA	NA	NA	NA	NA	NA	NA	NA	NA	NA	NA
ERR12058252	this study	42070_1#75	ERS7985656	ERP126322	Klebsiella pneumoniae	strong	1	1	8	12	2017	NA	other	n	3B MALE MEDICAL WARD	S	R	NA	S	NA	NA	NA	R	NA	NA	NA	NA	R	NA	R	NA	NA	NA	NA	S	NA	NA	NA	NA	NA	NA	NA	NA	NA	NA	NA	NA
ERR12058253	this study	42070_1#76	ERS7985613	ERP126322	Klebsiella pneumoniae	strong	1	1	7	11	2017	NA	ST39	y	CHATINKHA NURSERY	S	R	NA	S	NA	NA	NA	R	NA	NA	NA	NA	S	NA	S	NA	R	NA	NA	R	NA	NA	NA	NA	NA	NA	NA	NA	NA	NA	NA	NA
ERR12058254	this study	42070_1#77	ERS7985657	ERP126322	Klebsiella pneumoniae	strong	0	1	7	10	2017	NA	ST35	n	PAEDIATRIC ONCOLOGY	S	R	NA	I	NA	NA	NA	R	NA	NA	NA	NA	R	NA	S	NA	R	NA	NA	R	NA	NA	NA	NA	NA	NA	NA	NA	NA	NA	NA	NA
ERR12058256	this study	42070_1#79	ERS7985658	ERP126322	Klebsiella pneumoniae	strong	0	0	3	3	2017	NA	other	n	3B MALE MEDICAL WARD	NA	R	NA	NA	NA	NA	NA	S	NA	NA	NA	NA	R	NA	S	NA	R	NA	NA	S	NA	NA	NA	NA	NA	NA	NA	NA	NA	NA	NA	NA
ERR12058187	this study	42070_1#7	ERS7985638	ERP126322	Klebsiella pneumoniae	strong	1	1	9	14	2016	NA	ST25	y	CHATINKHA NURSERY	S	R	NA	I	NA	NA	NA	R	NA	NA	NA	NA	S	NA	R	NA	R	NA	NA	R	NA	NA	NA	NA	NA	NA	NA	NA	NA	NA	NA	NA
ERR12058257	this study	42070_1#80	ERS7985614	ERP126322	Klebsiella pneumoniae	strong	1	1	7	11	2017	NA	ST39	y	CHATINKHA NURSERY	S	R	NA	S	NA	NA	NA	R	NA	NA	NA	NA	S	NA	S	NA	R	NA	NA	R	NA	NA	NA	NA	NA	NA	NA	NA	NA	NA	NA	NA
ERR12058258	this study	42070_1#81	ERS7985828	ERP126322	Klebsiella pneumoniae	strong	0	1	7	11	2018	NA	ST584	n	PICU/HDU	S	R	NA	R	NA	NA	NA	R	NA	NA	NA	NA	S	NA	R	NA	R	NA	NA	R	NA	NA	NA	NA	NA	NA	NA	NA	NA	NA	NA	NA
ERR12058259	this study	42070_1#82	ERS7985996	ERP126322	Klebsiella variicola subsp. variicola	strong	0	0	0	0	2018	NA	other	n	PICU/HDU	NA	I	NA	NA	NA	NA	NA	S	NA	NA	NA	NA	S	NA	S	NA	R	NA	NA	S	NA	NA	NA	NA	NA	NA	NA	NA	NA	NA	NA	NA
ERR12058260	this study	42070_1#83	ERS7985830	ERP126322	Klebsiella pneumoniae	strong	0	1	7	11	2018	NA	ST584	y	PICU/HDU	I	R	NA	R	NA	NA	NA	R	NA	NA	NA	NA	S	NA	R	NA	R	NA	NA	R	NA	NA	NA	NA	NA	NA	NA	NA	NA	NA	NA	NA
ERR12058261	this study	42070_1#84	ERS7985999	ERP126322	Klebsiella variicola subsp. variicola	strong	0	0	0	0	2018	NA	other	n	PICU/HDU	NA	R	NA	NA	NA	NA	NA	S	NA	NA	NA	NA	S	NA	S	NA	S	NA	NA	S	NA	NA	NA	NA	NA	NA	NA	NA	NA	NA	NA	NA
ERR12058262	this study	42070_1#85	ERS7985831	ERP126322	Klebsiella pneumoniae	strong	0	1	7	11	2018	NA	ST584	n	PICU/HDU	S	R	NA	S	NA	NA	NA	R	NA	NA	NA	NA	S	NA	R	NA	R	NA	NA	R	NA	NA	NA	NA	NA	NA	NA	NA	NA	NA	NA	NA
ERR12058263	this study	42070_1#86	ERS7985997	ERP126322	Klebsiella pneumoniae	strong	0	1	8	13	2018	NA	ST17	n	PICU/HDU	S	R	NA	R	NA	NA	NA	R	NA	NA	NA	NA	R	NA	R	NA	R	NA	NA	R	NA	NA	NA	NA	NA	NA	NA	NA	NA	NA	NA	NA
ERR12058264	this study	42070_1#87	ERS7985832	ERP126322	Klebsiella pneumoniae	strong	0	1	7	15	2018	NA	other	y	CHATINKHA NURSERY	S	R	NA	S	NA	NA	NA	R	NA	NA	NA	NA	R	NA	R	NA	R	NA	NA	I	NA	NA	NA	NA	NA	NA	NA	NA	NA	NA	NA	NA
ERR12058265	this study	42070_1#88	ERS7985998	ERP126322	Klebsiella pneumoniae	strong	1	1	8	16	2018	NA	ST14	y	PICU/HDU	S	R	NA	R	NA	NA	NA	R	NA	NA	NA	NA	R	NA	R	NA	R	NA	NA	R	NA	NA	NA	NA	NA	NA	NA	NA	NA	NA	NA	NA
ERR12058266	this study	42070_1#89	ERS7985833	ERP126322	Klebsiella pneumoniae	strong	1	1	8	13	2018	NA	ST14	n	PICU/HDU	S	R	NA	S	NA	NA	NA	R	NA	NA	NA	NA	R	NA	R	NA	R	NA	NA	R	NA	NA	NA	NA	NA	NA	NA	NA	NA	NA	NA	NA
ERR12058188	this study	42070_1#8	ERS7985737	ERP126322	Klebsiella pneumoniae	strong	0	1	7	10	2017	NA	other	n	INTENSIVE CARE UNIT	S	R	NA	S	NA	NA	NA	R	NA	NA	NA	NA	S	NA	R	NA	R	NA	NA	S	NA	NA	NA	NA	NA	NA	NA	NA	NA	NA	NA	NA
ERR12058267	this study	42070_1#91	ERS7985835	ERP126322	Klebsiella pneumoniae	strong	1	1	7	11	2017	NA	ST39	y	CHATINKHA NURSERY	S	R	NA	R	NA	NA	NA	R	NA	NA	NA	NA	R	NA	S	NA	R	NA	NA	R	NA	NA	NA	NA	NA	NA	NA	NA	NA	NA	NA	NA
ERR12058268	this study	42070_1#92	ERS7986001	ERP126322	Klebsiella variicola subsp. variicola	strong	0	0	0	0	2018	NA	other	n	PAEDIATRIC SPECIAL CARE WARD	S	R	NA	S	NA	NA	NA	R	NA	NA	NA	NA	R	NA	R	NA	R	NA	NA	R	NA	NA	NA	NA	NA	NA	NA	NA	NA	NA	NA	NA
ERR12058269	this study	42070_1#93	ERS7985836	ERP126322	Klebsiella pneumoniae	strong	0	1	7	10	2017	NA	other	n	unknown	S	R	NA	R	NA	NA	NA	R	NA	NA	NA	NA	R	NA	R	NA	R	NA	NA	R	NA	NA	NA	NA	NA	NA	NA	NA	NA	NA	NA	NA
ERR12058270	this study	42070_1#94	ERS7986002	ERP126322	Klebsiella pneumoniae	strong	1	1	7	11	2017	NA	ST39	n	PAEDIATRIC SURGICAL WARD	S	R	NA	S	NA	NA	NA	R	NA	NA	NA	NA	R	NA	S	NA	R	NA	NA	R	NA	NA	NA	NA	NA	NA	NA	NA	NA	NA	NA	NA
ERR12058271	this study	42070_1#95	ERS7985837	ERP126322	Klebsiella pneumoniae	strong	1	1	7	10	2017	NA	ST15	n	PAEDIATRIC ONCOLOGY	S	R	NA	R	NA	NA	NA	R	NA	NA	NA	NA	R	NA	R	NA	R	NA	NA	R	NA	NA	NA	NA	NA	NA	NA	NA	NA	NA	NA	NA
ERR12058272	this study	42070_1#96	ERS7986003	ERP126322	Klebsiella pneumoniae	strong	1	1	7	11	2017	NA	ST39	n	PAEDIATRIC SURGICAL WARD	I	R	NA	R	NA	NA	NA	R	NA	NA	NA	NA	R	NA	S	NA	R	NA	NA	R	NA	NA	NA	NA	NA	NA	NA	NA	NA	NA	NA	NA
ERR12058273	this study	42070_1#97	ERS7985660	ERP126322	Klebsiella quasipneumoniae subsp. similipneumoniae	strong	0	1	7	14	2017	NA	other	u	PAEDIATRIC SPECIAL CARE WARD	S	R	NA	S	NA	NA	NA	R	NA	NA	NA	NA	R	NA	R	NA	R	NA	NA	R	NA	NA	NA	NA	NA	NA	NA	NA	NA	NA	NA	NA
ERR12058274	this study	42070_1#98	ERS7985615	ERP126322	Klebsiella pneumoniae	strong	1	1	7	11	2017	NA	ST39	y	CHATINKHA NURSERY	S	R	NA	S	NA	NA	NA	R	NA	NA	NA	NA	S	NA	S	NA	R	NA	NA	R	NA	NA	NA	NA	NA	NA	NA	NA	NA	NA	NA	NA
ERR12058275	this study	42070_1#99	ERS7985659	ERP126322	Klebsiella pneumoniae	strong	0	1	6	8	2016	NA	other	n	PAEDIATRIC SPECIAL CARE WARD	S	R	NA	NA	NA	NA	NA	R	NA	NA	NA	NA	R	NA	S	NA	R	NA	NA	R	NA	NA	NA	NA	NA	NA	NA	NA	NA	NA	NA	NA
ERR12058189	this study	42070_1#9	ERS7985639	ERP126322	Klebsiella pneumoniae	strong	0	1	8	13	2016	NA	other	y	PAEDIATRIC NURSERY	S	R	NA	R	NA	NA	NA	R	NA	NA	NA	NA	R	NA	S	NA	R	NA	NA	R	NA	NA	NA	NA	NA	NA	NA	NA	NA	NA	NA	NA
ERR12058613	this study	42070_2#100	ERS7985369	ERP126322	Klebsiella pneumoniae	strong	1	1	8	13	2019	NA	ST14	n	PAEDIATRIC SURGICAL WARD	S	R	NA	S	NA	NA	NA	R	NA	NA	NA	NA	R	NA	R	NA	R	NA	NA	R	NA	NA	NA	NA	NA	NA	NA	NA	NA	NA	NA	NA
ERR12058614	this study	42070_2#101	ERS7985215	ERP126322	Klebsiella pneumoniae	strong	3	1	8	16	2012	NA	other	n	unknown	NA	NA	NA	NA	NA	NA	NA	NA	NA	NA	NA	NA	NA	NA	NA	NA	NA	NA	NA	NA	NA	NA	NA	NA	NA	NA	NA	NA	NA	NA	NA	NA
ERR12058615	this study	42070_2#102	ERS7985370	ERP126322	Klebsiella pneumoniae	strong	1	1	8	16	2019	NA	other	n	3B MALE MEDICAL WARD	S	R	NA	R	NA	NA	NA	R	NA	NA	NA	NA	R	NA	R	NA	R	NA	NA	R	NA	NA	NA	NA	NA	NA	NA	NA	NA	NA	NA	NA
ERR12058616	this study	42070_2#103	ERS7985213	ERP126322	Klebsiella pneumoniae	strong	1	1	5	6	2012	NA	ST29	n	unknown	NA	NA	NA	NA	NA	NA	NA	NA	NA	NA	NA	NA	NA	NA	NA	NA	NA	NA	NA	NA	NA	NA	NA	NA	NA	NA	NA	NA	NA	NA	NA	NA
ERR12058617	this study	42070_2#104	ERS7985371	ERP126322	Klebsiella pneumoniae	strong	1	1	8	13	2019	NA	ST14	y	PAEDIATRIC SURGICAL WARD	S	R	NA	S	NA	NA	NA	R	NA	NA	NA	NA	R	NA	R	NA	R	NA	NA	R	NA	NA	NA	NA	NA	NA	NA	NA	NA	NA	NA	NA
ERR12058618	this study	42070_2#105	ERS7985216	ERP126322	Klebsiella pneumoniae	strong	1	1	7	10	2012	NA	ST45	n	unknown	NA	NA	NA	NA	NA	NA	NA	NA	NA	NA	NA	NA	NA	NA	NA	NA	NA	NA	NA	NA	NA	NA	NA	NA	NA	NA	NA	NA	NA	NA	NA	NA
ERR12058619	this study	42070_2#106	ERS7985372	ERP126322	Klebsiella pneumoniae	strong	1	1	8	13	2019	NA	ST14	y	PICU/HDU	S	R	NA	S	NA	NA	NA	R	NA	NA	NA	NA	R	NA	R	NA	R	NA	NA	R	NA	NA	NA	NA	NA	NA	NA	NA	NA	NA	NA	NA
ERR12058620	this study	42070_2#107	ERS7985217	ERP126322	Klebsiella pneumoniae	strong	1	1	6	10	2011	NA	ST37	n	unknown	NA	NA	NA	NA	NA	NA	NA	NA	NA	NA	NA	NA	NA	NA	NA	NA	NA	NA	NA	NA	NA	NA	NA	NA	NA	NA	NA	NA	NA	NA	NA	NA
ERR12058621	this study	42070_2#108	ERS7985373	ERP126322	Klebsiella pneumoniae	strong	1	1	7	10	2019	NA	other	n	unknown	S	R	NA	S	NA	NA	NA	R	NA	NA	NA	NA	S	NA	R	NA	R	NA	NA	R	NA	NA	NA	NA	NA	NA	NA	NA	NA	NA	NA	NA
ERR12058622	this study	42070_2#109	ERS7985219	ERP126322	Klebsiella pneumoniae	strong	1	1	8	13	2011	NA	ST17	n	unknown	NA	NA	NA	NA	NA	NA	NA	NA	NA	NA	NA	NA	NA	NA	NA	NA	NA	NA	NA	NA	NA	NA	NA	NA	NA	NA	NA	NA	NA	NA	NA	NA
ERR12058528	this study	42070_2#10	ERS7985348	ERP126322	Klebsiella pneumoniae	strong	0	1	8	13	2018	NA	ST1552	n	unknown	S	R	NA	S	NA	NA	NA	R	NA	NA	NA	NA	R	NA	I	NA	R	NA	NA	R	NA	NA	NA	NA	NA	NA	NA	NA	NA	NA	NA	NA
ERR12058623	this study	42070_2#110	ERS7985374	ERP126322	Klebsiella pneumoniae	strong	1	1	7	12	2019	NA	ST607	y	CHATINKHA NURSERY	S	R	NA	R	NA	NA	NA	R	NA	NA	NA	NA	R	NA	S	NA	R	NA	NA	R	NA	NA	NA	NA	NA	NA	NA	NA	NA	NA	NA	NA
ERR12058624	this study	42070_2#111	ERS7985218	ERP126322	Klebsiella pneumoniae	strong	1	1	8	12	2012	NA	other	u	unknown	NA	R	NA	NA	NA	NA	NA	R	NA	NA	NA	NA	S	NA	R	NA	R	NA	NA	R	NA	NA	NA	NA	NA	NA	NA	NA	NA	NA	NA	NA
ERR12058625	this study	42070_2#112	ERS7985375	ERP126322	Klebsiella pneumoniae	strong	1	1	8	13	2019	NA	ST14	n	PICU/HDU	S	R	NA	S	NA	NA	NA	R	NA	NA	NA	NA	R	NA	R	NA	R	NA	NA	R	NA	NA	NA	NA	NA	NA	NA	NA	NA	NA	NA	NA
ERR12058626	this study	42070_2#113	ERS7985599	ERP126322	Klebsiella pneumoniae	strong	1	1	6	10	NA	NA	ST37	n	unknown	NA	NA	NA	NA	NA	NA	NA	NA	NA	NA	NA	NA	NA	NA	NA	NA	NA	NA	NA	NA	NA	NA	NA	NA	NA	NA	NA	NA	NA	NA	NA	NA
ERR12058627	this study	42070_2#114	ERS7985540	ERP126322	Klebsiella pneumoniae	strong	1	1	7	11	2017	NA	ST39	y	CHATINKHA NURSERY	S	R	NA	S	NA	NA	NA	R	NA	NA	NA	NA	S	NA	S	NA	R	NA	NA	R	NA	NA	NA	NA	NA	NA	NA	NA	NA	NA	NA	NA
ERR12058628	this study	42070_2#116	ERS7985541	ERP126322	Klebsiella pneumoniae	strong	1	1	7	11	2017	NA	ST39	y	CHATINKHA NURSERY	S	R	NA	S	NA	NA	NA	R	NA	NA	NA	NA	S	NA	S	NA	R	NA	NA	R	NA	NA	NA	NA	NA	NA	NA	NA	NA	NA	NA	NA
ERR12058629	this study	42070_2#117	ERS7985602	ERP126322	Klebsiella pneumoniae	strong	0	1	7	10	2010	NA	ST37	n	unknown	NA	NA	NA	NA	NA	NA	NA	NA	NA	NA	NA	NA	NA	NA	NA	NA	NA	NA	NA	NA	NA	NA	NA	NA	NA	NA	NA	NA	NA	NA	NA	NA
ERR12058630	this study	42070_2#118	ERS7985542	ERP126322	Klebsiella pneumoniae	strong	0	1	9	13	2017	NA	other	n	4A FEMALE MEDICAL WARD	S	R	NA	S	NA	NA	NA	R	NA	NA	NA	NA	R	NA	R	NA	R	NA	NA	R	NA	NA	NA	NA	NA	NA	NA	NA	NA	NA	NA	NA
ERR12058631	this study	42070_2#119	ERS7985601	ERP126322	Klebsiella pneumoniae	strong	1	1	8	15	2010	NA	ST101	n	unknown	NA	NA	NA	NA	NA	NA	NA	NA	NA	NA	NA	NA	NA	NA	NA	NA	NA	NA	NA	NA	NA	NA	NA	NA	NA	NA	NA	NA	NA	NA	NA	NA
ERR12058529	this study	42070_2#11	ERS7985194	ERP126322	Klebsiella pneumoniae	strong	0	1	10	16	2013	NA	ST340	n	4A FEMALE MEDICAL WARD	S	R	NA	R	NA	NA	NA	R	NA	NA	NA	NA	R	NA	R	NA	R	NA	NA	R	NA	NA	NA	NA	NA	NA	NA	NA	NA	NA	NA	NA
ERR12058632	this study	42070_2#120	ERS7985543	ERP126322	Klebsiella pneumoniae	strong	1	1	7	11	2017	NA	ST39	y	CHATINKHA NURSERY	S	R	NA	R	NA	NA	NA	R	NA	NA	NA	NA	S	NA	S	NA	NA	NA	NA	R	NA	NA	NA	NA	NA	NA	NA	NA	NA	NA	NA	NA
ERR12058633	this study	42070_2#121	ERS7985605	ERP126322	Klebsiella pneumoniae	strong	3	1	8	16	2012	NA	other	n	4A FEMALE MEDICAL WARD	NA	R	R	NA	NA	NA	NA	R	NA	NA	NA	NA	R	NA	S	NA	R	NA	NA	R	NA	NA	NA	NA	NA	NA	NA	NA	NA	NA	NA	NA
ERR12058634	this study	42070_2#122	ERS7985544	ERP126322	Klebsiella pneumoniae	strong	0	1	7	13	2017	NA	other	n	PAEDIATRIC NURSERY	S	R	NA	S	NA	NA	NA	R	NA	NA	NA	NA	R	NA	S	NA	R	NA	NA	R	NA	NA	NA	NA	NA	NA	NA	NA	NA	NA	NA	NA
ERR12058635	this study	42070_2#123	ERS7985603	ERP126322	Klebsiella pneumoniae	strong	0	1	7	10	NA	NA	ST37	n	unknown	NA	NA	NA	NA	NA	NA	NA	NA	NA	NA	NA	NA	NA	NA	NA	NA	NA	NA	NA	NA	NA	NA	NA	NA	NA	NA	NA	NA	NA	NA	NA	NA
ERR12058636	this study	42070_2#124	ERS7985545	ERP126322	Klebsiella pneumoniae	strong	1	1	7	11	2017	NA	ST39	y	CHATINKHA NURSERY	S	R	NA	R	NA	NA	NA	R	NA	NA	NA	NA	S	NA	S	NA	R	NA	NA	R	NA	NA	NA	NA	NA	NA	NA	NA	NA	NA	NA	NA
ERR12058637	this study	42070_2#125	ERS7985606	ERP126322	Klebsiella pneumoniae	strong	0	1	8	10	2012	NA	ST14	n	unknown	NA	NA	NA	NA	NA	NA	NA	NA	NA	NA	NA	NA	NA	NA	NA	NA	NA	NA	NA	NA	NA	NA	NA	NA	NA	NA	NA	NA	NA	NA	NA	NA
ERR12058638	this study	42070_2#126	ERS7985546	ERP126322	Klebsiella pneumoniae	strong	1	1	7	11	2017	NA	ST39	y	CHATINKHA NURSERY	S	R	NA	I	NA	NA	NA	R	NA	NA	NA	NA	S	NA	S	NA	NA	NA	NA	R	NA	NA	NA	NA	NA	NA	NA	NA	NA	NA	NA	NA
ERR12058639	this study	42070_2#127	ERS7985604	ERP126322	Klebsiella variicola subsp. variicola	strong	0	0	0	0	2012	NA	other	n	unknown	NA	NA	NA	NA	NA	NA	NA	NA	NA	NA	NA	NA	NA	NA	NA	NA	NA	NA	NA	NA	NA	NA	NA	NA	NA	NA	NA	NA	NA	NA	NA	NA
ERR12058640	this study	42070_2#128	ERS7985547	ERP126322	Klebsiella pneumoniae	strong	1	1	7	11	2017	NA	ST39	y	CHATINKHA NURSERY	S	R	NA	R	NA	NA	NA	R	NA	NA	NA	NA	S	NA	S	NA	R	NA	NA	R	NA	NA	NA	NA	NA	NA	NA	NA	NA	NA	NA	NA
ERR12058641	this study	42070_2#129	ERS7985220	ERP126322	Klebsiella pneumoniae	strong	3	0	4	6	1998	NA	other	n	unknown	NA	NA	NA	NA	NA	NA	NA	NA	NA	NA	NA	NA	NA	NA	NA	NA	NA	NA	NA	NA	NA	NA	NA	NA	NA	NA	NA	NA	NA	NA	NA	NA
ERR12058530	this study	42070_2#12	ERS7985349	ERP126322	Klebsiella pneumoniae	strong	0	1	8	13	2018	NA	ST1552	y	PAEDIATRIC SURGICAL WARD	S	R	NA	S	NA	NA	NA	R	NA	NA	NA	NA	R	NA	S	NA	R	NA	NA	R	NA	NA	NA	NA	NA	NA	NA	NA	NA	NA	NA	NA
ERR12058642	this study	42070_2#130	ERS7985376	ERP126322	Klebsiella pneumoniae	strong	1	1	8	13	2019	NA	ST14	n	PICU/HDU	S	R	NA	S	NA	NA	NA	R	NA	NA	NA	NA	R	NA	R	NA	R	NA	NA	R	NA	NA	NA	NA	NA	NA	NA	NA	NA	NA	NA	NA
ERR12058643	this study	42070_2#131	ERS7985221	ERP126322	Klebsiella pneumoniae	strong	3	0	4	6	1998	NA	other	n	unknown	NA	NA	NA	NA	NA	NA	NA	NA	NA	NA	NA	NA	NA	NA	NA	NA	NA	NA	NA	NA	NA	NA	NA	NA	NA	NA	NA	NA	NA	NA	NA	NA
ERR12058644	this study	42070_2#132	ERS7985377	ERP126322	Klebsiella quasipneumoniae subsp. similipneumoniae	strong	0	1	9	16	2019	NA	other	n	PAEDIATRIC NURSERY	S	NA	NA	S	NA	NA	I	R	NA	R	NA	NA	I	NA	I	NA	R	NA	NA	NA	NA	NA	S	NA	NA	NA	NA	I	NA	NA	NA	NA
ERR12058645	this study	42070_2#133	ERS7985222	ERP126322	Klebsiella pneumoniae	strong	0	0	4	5	2013	NA	other	n	3B MALE MEDICAL WARD	NA	R	NA	NA	NA	NA	NA	S	NA	NA	NA	NA	S	NA	S	NA	R	NA	NA	S	NA	NA	NA	NA	NA	NA	NA	NA	NA	NA	NA	NA
ERR12058646	this study	42070_2#134	ERS7985379	ERP126322	Klebsiella pneumoniae	strong	1	1	8	13	2019	NA	ST14	n	PICU/HDU	S	R	NA	S	NA	NA	NA	R	NA	NA	NA	NA	R	NA	R	NA	R	NA	NA	R	NA	NA	NA	NA	NA	NA	NA	NA	NA	NA	NA	NA
ERR12058647	this study	42070_2#135	ERS7985223	ERP126322	Klebsiella pneumoniae	strong	0	1	7	11	2018	NA	ST35	y	CHATINKHA NURSERY	S	R	NA	R	NA	NA	NA	R	NA	NA	NA	NA	R	NA	S	NA	R	NA	NA	R	NA	NA	NA	NA	NA	NA	NA	NA	NA	NA	NA	NA
ERR12058648	this study	42070_2#136	ERS7985378	ERP126322	Klebsiella pneumoniae	strong	1	1	8	12	2019	NA	ST15	n	4A FEMALE MEDICAL WARD	S	R	NA	S	NA	NA	NA	R	NA	NA	NA	NA	S	NA	R	NA	R	NA	NA	R	NA	NA	NA	NA	NA	NA	NA	NA	NA	NA	NA	NA
ERR12058649	this study	42070_2#137	ERS7985224	ERP126322	Klebsiella pneumoniae	strong	0	1	7	10	2018	NA	ST35	n	PICU/HDU	S	R	NA	R	NA	NA	NA	R	NA	NA	NA	NA	R	NA	S	NA	R	NA	NA	R	NA	NA	NA	NA	NA	NA	NA	NA	NA	NA	NA	NA
ERR12058650	this study	42070_2#138	ERS7985380	ERP126322	Klebsiella pneumoniae	strong	1	1	8	13	2019	NA	ST14	n	PICU/HDU	S	R	NA	S	NA	NA	NA	R	NA	NA	NA	NA	R	NA	R	NA	R	NA	NA	R	NA	NA	NA	NA	NA	NA	NA	NA	NA	NA	NA	NA
ERR12058651	this study	42070_2#139	ERS7985225	ERP126322	Klebsiella pneumoniae	strong	0	1	8	13	2018	NA	ST1552	n	PICU/HDU	S	R	NA	S	NA	NA	NA	R	NA	NA	NA	NA	R	NA	S	NA	R	NA	NA	I	NA	NA	NA	NA	NA	NA	NA	NA	NA	NA	NA	NA
ERR12058531	this study	42070_2#13	ERS7985193	ERP126322	Klebsiella pneumoniae	strong	0	0	0	0	2013	NA	other	n	PAEDIATRIC ONCOLOGY	NA	R	NA	NA	NA	NA	NA	S	NA	NA	NA	NA	S	NA	S	NA	S	NA	NA	S	NA	NA	NA	NA	NA	NA	NA	NA	NA	NA	NA	NA
ERR12058652	this study	42070_2#140	ERS7985382	ERP126322	Klebsiella pneumoniae	strong	1	1	8	13	2019	NA	ST14	y	PICU/HDU	S	R	NA	S	NA	NA	NA	R	NA	NA	NA	NA	R	NA	R	NA	R	NA	NA	R	NA	NA	NA	NA	NA	NA	NA	NA	NA	NA	NA	NA
ERR12058653	this study	42070_2#141	ERS7985227	ERP126322	Klebsiella pneumoniae	strong	0	1	7	11	2018	NA	ST35	n	PICU/HDU	S	R	NA	R	NA	NA	NA	R	NA	NA	NA	NA	R	NA	S	NA	R	NA	NA	R	NA	NA	NA	NA	NA	NA	NA	NA	NA	NA	NA	NA
ERR12058654	this study	42070_2#142	ERS7985381	ERP126322	Klebsiella pneumoniae	strong	1	1	7	12	2019	NA	ST607	y	PAEDIATRIC NURSERY	S	R	NA	R	NA	NA	NA	R	NA	NA	NA	NA	R	NA	S	NA	NA	NA	NA	R	NA	NA	NA	NA	NA	NA	NA	NA	NA	R	NA	NA
ERR12058655	this study	42070_2#143	ERS7985226	ERP126322	Klebsiella pneumoniae	strong	0	1	7	11	2018	NA	ST35	n	PICU/HDU	S	R	NA	R	NA	NA	NA	R	NA	NA	NA	NA	R	NA	S	NA	R	NA	NA	R	NA	NA	NA	NA	NA	NA	NA	NA	NA	NA	NA	NA
ERR12058656	this study	42070_2#144	ERS7985383	ERP126322	Klebsiella pneumoniae	strong	1	1	8	13	2019	NA	ST14	y	PICU/HDU	S	NA	NA	R	NA	NA	NA	R	NA	NA	NA	NA	R	NA	R	NA	R	NA	NA	NA	NA	NA	S	NA	NA	NA	NA	I	NA	NA	NA	NA
ERR12058657	this study	42070_2#145	ERS7985607	ERP126322	Klebsiella pneumoniae	strong	1	1	8	13	2012	NA	other	n	PAEDIATRIC NURSERY	S	R	NA	R	NA	NA	NA	R	NA	NA	NA	NA	R	NA	S	NA	R	NA	NA	R	NA	NA	NA	NA	NA	NA	NA	NA	NA	NA	NA	NA
ERR12058658	this study	42070_2#146	ERS7985548	ERP126322	Klebsiella pneumoniae	strong	0	0	0	0	2017	NA	other	n	3B MALE MEDICAL WARD	NA	R	NA	NA	NA	NA	NA	S	NA	NA	NA	NA	S	NA	S	NA	S	NA	NA	S	NA	NA	NA	NA	NA	NA	NA	NA	NA	NA	NA	NA
ERR12058659	this study	42070_2#148	ERS7985550	ERP126322	Klebsiella pneumoniae	strong	1	1	7	11	2017	NA	ST39	y	CHATINKHA NURSERY	S	R	NA	S	NA	NA	NA	R	NA	NA	NA	NA	S	NA	S	NA	R	NA	NA	R	NA	NA	NA	NA	NA	NA	NA	NA	NA	NA	NA	NA
ERR12058660	this study	42070_2#149	ERS7985609	ERP126322	Klebsiella pneumoniae	strong	1	1	7	11	2017	NA	ST39	y	CHATINKHA NURSERY	S	R	NA	R	NA	NA	NA	R	NA	NA	NA	NA	S	NA	S	NA	R	NA	NA	R	NA	NA	NA	NA	NA	NA	NA	NA	NA	NA	NA	NA
ERR12058532	this study	42070_2#14	ERS7985350	ERP126322	Klebsiella pneumoniae	strong	0	1	7	11	2018	NA	ST35	y	CHATINKHA NURSERY	S	R	NA	R	NA	NA	NA	R	NA	NA	NA	NA	R	NA	S	NA	R	NA	NA	R	NA	NA	NA	NA	NA	NA	NA	NA	NA	NA	NA	NA
ERR12058661	this study	42070_2#150	ERS7985549	ERP126322	Klebsiella pneumoniae	strong	0	1	8	15	2017	NA	other	n	PAEDIATRIC ONCOLOGY	S	R	NA	S	NA	NA	NA	R	NA	NA	NA	NA	R	NA	R	NA	R	NA	NA	R	NA	NA	NA	NA	NA	NA	NA	NA	NA	NA	NA	NA
ERR12058662	this study	42070_2#151	ERS7985610	ERP126322	Klebsiella pneumoniae	strong	1	1	7	11	2017	NA	ST39	u	PAEDIATRIC NURSERY	S	R	NA	R	NA	NA	NA	R	NA	NA	NA	NA	S	NA	S	NA	NA	NA	NA	R	NA	NA	NA	NA	NA	NA	NA	NA	NA	NA	NA	NA
ERR12058663	this study	42070_2#152	ERS7985551	ERP126322	Klebsiella pneumoniae	strong	1	1	7	11	2017	NA	ST39	y	CHATINKHA NURSERY	S	R	NA	S	NA	NA	NA	R	NA	NA	NA	NA	S	NA	S	NA	R	NA	NA	R	NA	NA	NA	NA	NA	NA	NA	NA	NA	NA	NA	NA
ERR12058664	this study	42070_2#153	ERS7985456	ERP126322	Klebsiella pneumoniae	strong	1	1	9	14	2017	NA	ST25	n	3B MALE MEDICAL WARD	S	R	NA	I	NA	NA	NA	R	NA	NA	NA	NA	S	NA	R	NA	R	NA	NA	R	NA	NA	NA	NA	NA	NA	NA	NA	NA	NA	NA	NA
ERR12058665	this study	42070_2#154	ERS7985552	ERP126322	Klebsiella pneumoniae	strong	0	1	6	8	2016	NA	ST101	y	CHATINKHA NURSERY	S	R	NA	R	NA	NA	NA	R	NA	NA	NA	NA	S	NA	R	NA	R	NA	NA	R	NA	NA	NA	NA	NA	NA	NA	NA	NA	NA	NA	NA
ERR12058666	this study	42070_2#155	ERS7985457	ERP126322	Klebsiella pneumoniae	strong	1	1	7	11	2017	NA	ST39	y	CHATINKHA NURSERY	S	R	NA	S	NA	NA	NA	R	NA	NA	NA	NA	S	NA	S	NA	R	NA	NA	R	NA	NA	NA	NA	NA	NA	NA	NA	NA	NA	NA	NA
ERR12058667	this study	42070_2#156	ERS7985553	ERP126322	Klebsiella pneumoniae	strong	1	1	7	11	2016	NA	ST307	n	3B MALE MEDICAL WARD	S	R	NA	I	NA	NA	NA	R	NA	NA	NA	NA	R	NA	R	NA	R	NA	NA	R	NA	NA	NA	NA	NA	NA	NA	NA	NA	NA	NA	NA
ERR12058668	this study	42070_2#157	ERS7985458	ERP126322	Klebsiella pneumoniae	strong	0	0	2	2	2017	NA	ST29	n	PAEDIATRIC ONCOLOGY	NA	I	NA	NA	NA	NA	NA	S	NA	NA	NA	NA	S	NA	S	NA	R	NA	NA	S	NA	NA	NA	NA	NA	NA	NA	NA	NA	NA	NA	NA
ERR12058669	this study	42070_2#158	ERS7985555	ERP126322	Klebsiella pneumoniae	strong	0	1	6	8	2017	NA	ST101	y	CHATINKHA NURSERY	S	R	NA	S	NA	NA	NA	R	NA	NA	NA	NA	S	NA	R	NA	R	NA	NA	R	NA	NA	NA	NA	NA	NA	NA	NA	NA	NA	NA	NA
ERR12058670	this study	42070_2#159	ERS7985459	ERP126322	Klebsiella pneumoniae	strong	1	1	6	11	2017	NA	ST15	n	PAEDIATRIC MOYO WARD	S	R	NA	S	NA	NA	NA	R	NA	NA	NA	NA	S	NA	R	NA	NA	NA	NA	R	NA	NA	NA	NA	NA	NA	NA	NA	NA	NA	NA	NA
ERR12058533	this study	42070_2#15	ERS7985195	ERP126322	Klebsiella pneumoniae	strong	5	1	7	13	2013	NA	other	n	PAEDIATRIC MOYO WARD	S	R	NA	R	NA	NA	NA	R	NA	NA	NA	NA	R	NA	S	NA	R	NA	NA	R	NA	NA	NA	NA	NA	NA	NA	NA	NA	NA	NA	NA
ERR12058671	this study	42070_2#160	ERS7985556	ERP126322	Klebsiella pneumoniae	strong	0	1	7	13	2017	NA	other	n	PAEDIATRIC NURSERY	I	R	NA	S	NA	NA	NA	R	NA	NA	NA	NA	R	NA	S	NA	R	NA	NA	R	NA	NA	NA	NA	NA	NA	NA	NA	NA	NA	NA	NA
ERR12058672	this study	42070_2#161	ERS7985228	ERP126322	Klebsiella pneumoniae	strong	0	1	8	13	2018	NA	ST1552	n	PICU/HDU	S	R	NA	S	NA	NA	NA	R	NA	NA	NA	NA	R	NA	S	NA	R	NA	NA	I	NA	NA	NA	NA	NA	NA	NA	NA	NA	NA	NA	NA
ERR12058673	this study	42070_2#162	ERS7985384	ERP126322	Klebsiella pneumoniae	strong	1	1	8	13	2019	NA	ST14	y	PICU/HDU	S	NA	NA	R	NA	NA	NA	R	NA	NA	NA	NA	R	NA	I	NA	R	NA	NA	NA	NA	NA	S	NA	NA	NA	NA	I	NA	NA	NA	NA
ERR12058674	this study	42070_2#163	ERS7985230	ERP126322	Klebsiella pneumoniae	strong	1	1	4	6	NA	NA	ST48	n	unknown	NA	NA	NA	NA	NA	NA	NA	NA	NA	NA	NA	NA	NA	NA	NA	NA	NA	NA	NA	NA	NA	NA	NA	NA	NA	NA	NA	NA	NA	NA	NA	NA
ERR12058675	this study	42070_2#164	ERS7985385	ERP126322	Klebsiella pneumoniae	strong	1	1	7	12	2019	NA	ST48	n	PICU/HDU	S	NA	NA	R	NA	NA	NA	R	NA	NA	NA	NA	R	NA	S	NA	R	NA	NA	NA	NA	NA	S	NA	NA	NA	R	R	NA	NA	NA	NA
ERR12058676	this study	42070_2#165	ERS7985231	ERP126322	Klebsiella pneumoniae	strong	1	1	4	6	2018	NA	ST48	y	PICU/HDU	NA	R	NA	NA	NA	NA	NA	R	NA	NA	NA	NA	S	NA	S	NA	S	NA	NA	R	NA	NA	NA	NA	NA	NA	NA	NA	NA	NA	NA	NA
ERR12058677	this study	42070_2#166	ERS7985386	ERP126322	Klebsiella pneumoniae	strong	1	1	8	13	2019	NA	ST14	y	PICU/HDU	S	NA	NA	I	NA	NA	NA	R	NA	NA	NA	NA	R	NA	R	NA	R	NA	NA	NA	NA	NA	S	NA	NA	NA	R	R	NA	NA	NA	NA
ERR12058679	this study	42070_2#168	ERS7985388	ERP126322	Klebsiella pneumoniae	strong	1	1	7	11	2019	NA	other	n	PICU/HDU	S	NA	NA	R	NA	NA	NA	R	NA	NA	NA	NA	S	NA	R	NA	R	NA	NA	NA	NA	NA	S	NA	NA	NA	NA	R	NA	NA	NA	NA
ERR12058534	this study	42070_2#16	ERS7985351	ERP126322	Klebsiella pneumoniae	strong	0	1	8	13	2018	NA	ST1552	u	unknown	S	R	NA	S	NA	NA	NA	R	NA	NA	NA	NA	R	NA	S	NA	R	NA	NA	R	NA	NA	NA	NA	NA	NA	NA	NA	NA	NA	NA	NA
ERR12058681	this study	42070_2#170	ERS7985387	ERP126322	Klebsiella pneumoniae	strong	0	1	7	13	2019	NA	other	y	CHATINKHA NURSERY	S	NA	NA	R	NA	NA	R	R	NA	R	NA	NA	R	NA	R	NA	R	NA	NA	NA	NA	NA	S	NA	NA	NA	NA	R	NA	NA	NA	NA
ERR12058682	this study	42070_2#171	ERS7985233	ERP126322	Klebsiella pneumoniae	strong	0	0	1	1	2018	NA	other	n	PAEDIATRIC SURGICAL WARD	S	R	NA	R	NA	NA	NA	R	NA	NA	NA	NA	R	NA	I	NA	R	NA	NA	R	NA	NA	NA	NA	NA	NA	NA	NA	NA	NA	NA	NA
ERR12058683	this study	42070_2#172	ERS7985389	ERP126322	Klebsiella pneumoniae	strong	1	1	8	13	2019	NA	ST14	n	PAEDIATRIC SPECIAL CARE WARD	S	NA	NA	R	NA	NA	NA	R	NA	NA	NA	NA	R	NA	R	NA	R	NA	NA	NA	NA	NA	S	NA	NA	NA	NA	R	NA	NA	NA	NA
ERR12058684	this study	42070_2#173	ERS7985235	ERP126322	Klebsiella pneumoniae	strong	0	1	8	13	2018	NA	ST1552	n	PAEDIATRIC SURGICAL WARD	S	R	NA	S	NA	NA	NA	R	NA	NA	NA	NA	R	NA	I	NA	R	NA	NA	R	NA	NA	NA	NA	NA	NA	NA	NA	NA	NA	NA	NA
ERR12058686	this study	42070_2#175	ERS7985234	ERP126322	Klebsiella pneumoniae	strong	0	1	8	13	2018	NA	ST1552	n	PAEDIATRIC SURGICAL WARD	S	R	NA	S	NA	NA	NA	R	NA	NA	NA	NA	R	NA	I	NA	R	NA	NA	R	NA	NA	NA	NA	NA	NA	NA	NA	NA	NA	NA	NA
ERR12058687	this study	42070_2#176	ERS7985390	ERP126322	Klebsiella pneumoniae	strong	1	1	8	15	2019	NA	ST15	n	unknown	S	NA	NA	R	NA	NA	NA	R	NA	NA	NA	NA	S	NA	R	NA	R	NA	NA	NA	NA	NA	S	NA	NA	NA	NA	NA	NA	NA	NA	NA
ERR12058688	this study	42070_2#177	ERS7985460	ERP126322	Klebsiella pneumoniae	strong	1	1	8	15	NA	NA	ST15	n	unknown	NA	NA	NA	NA	NA	NA	NA	NA	NA	NA	NA	NA	NA	NA	NA	NA	NA	NA	NA	NA	NA	NA	NA	NA	NA	NA	NA	NA	NA	NA	NA	NA
ERR12058689	this study	42070_2#178	ERS7985557	ERP126322	Klebsiella quasipneumoniae subsp. quasipneumoniae	strong	0	1	9	13	2017	NA	other	n	BURNS UNITS	S	R	NA	S	NA	NA	NA	R	NA	NA	NA	NA	S	NA	R	NA	R	NA	NA	R	NA	NA	NA	NA	NA	NA	NA	NA	NA	NA	NA	NA
ERR12058690	this study	42070_2#179	ERS7985461	ERP126322	Klebsiella pneumoniae	strong	0	1	6	8	2017	NA	ST101	y	CHATINKHA NURSERY	S	R	NA	S	NA	NA	NA	R	NA	NA	NA	NA	S	NA	R	NA	R	NA	NA	R	NA	NA	NA	NA	NA	NA	NA	NA	NA	NA	NA	NA
ERR12058535	this study	42070_2#17	ERS7985441	ERP126322	Klebsiella pneumoniae	strong	3	0	5	8	1998	NA	ST14	n	unknown	NA	NA	NA	NA	NA	NA	NA	NA	NA	NA	NA	NA	NA	NA	NA	NA	NA	NA	NA	NA	NA	NA	NA	NA	NA	NA	NA	NA	NA	NA	NA	NA
ERR12058691	this study	42070_2#180	ERS7985559	ERP126322	Klebsiella pneumoniae	strong	0	1	6	8	2016	NA	ST101	y	CHATINKHA NURSERY	S	R	NA	S	NA	NA	NA	R	NA	NA	NA	NA	S	NA	R	NA	R	NA	NA	R	NA	NA	NA	NA	NA	NA	NA	NA	NA	NA	NA	NA
ERR12058692	this study	42070_2#181	ERS7985462	ERP126322	Klebsiella pneumoniae	strong	1	1	7	11	2017	NA	ST39	n	4A FEMALE MEDICAL WARD	S	R	NA	R	NA	NA	NA	R	NA	NA	NA	NA	R	NA	S	NA	R	NA	NA	R	NA	NA	NA	NA	NA	NA	NA	NA	NA	NA	NA	NA
ERR12058693	this study	42070_2#182	ERS7985558	ERP126322	Klebsiella pneumoniae	strong	0	1	7	9	2016	NA	ST101	y	CHATINKHA NURSERY	S	R	NA	S	NA	NA	NA	R	NA	NA	NA	NA	S	NA	R	NA	R	NA	NA	R	NA	NA	NA	NA	NA	NA	NA	NA	NA	NA	NA	NA
ERR12058694	this study	42070_2#183	ERS7985463	ERP126322	Klebsiella pneumoniae	strong	1	1	8	12	2017	NA	ST29	y	CHATINKHA NURSERY	S	R	NA	S	NA	NA	NA	R	NA	NA	NA	NA	S	NA	R	NA	R	NA	NA	R	NA	NA	NA	NA	NA	NA	NA	NA	NA	NA	NA	NA
ERR12058695	this study	42070_2#184	ERS7985561	ERP126322	Klebsiella pneumoniae	strong	0	1	6	8	2016	NA	ST101	y	CHATINKHA NURSERY	S	R	NA	S	NA	NA	NA	R	NA	NA	NA	NA	S	NA	R	NA	R	NA	NA	R	NA	NA	NA	NA	NA	NA	NA	NA	NA	NA	NA	NA
ERR12058696	this study	42070_2#185	ERS7985464	ERP126322	Klebsiella pneumoniae	strong	1	1	7	11	2017	NA	ST39	y	CHATINKHA NURSERY	S	R	NA	S	NA	NA	NA	R	NA	NA	NA	NA	S	NA	S	NA	R	NA	NA	R	NA	NA	NA	NA	NA	NA	NA	NA	NA	NA	NA	NA
ERR12058697	this study	42070_2#186	ERS7985562	ERP126322	Klebsiella quasipneumoniae subsp. similipneumoniae	strong	0	1	7	9	2016	NA	other	y	CHATINKHA NURSERY	S	R	NA	S	NA	NA	NA	R	NA	NA	NA	NA	R	NA	S	NA	R	NA	NA	R	NA	NA	NA	NA	NA	NA	NA	NA	NA	NA	NA	NA
ERR12058698	this study	42070_2#187	ERS7985465	ERP126322	Klebsiella pneumoniae	strong	1	1	7	11	2017	NA	ST39	y	CHATINKHA NURSERY	S	R	NA	S	NA	NA	NA	R	NA	NA	NA	NA	S	NA	S	NA	R	NA	NA	R	NA	NA	NA	NA	NA	NA	NA	NA	NA	NA	NA	NA
ERR12058699	this study	42070_2#188	ERS7985560	ERP126322	Klebsiella pneumoniae	strong	1	1	7	11	2016	NA	ST29	n	3B MALE MEDICAL WARD	S	R	NA	I	NA	NA	NA	R	NA	NA	NA	NA	R	NA	R	NA	R	NA	NA	R	NA	NA	NA	NA	NA	NA	NA	NA	NA	NA	NA	NA
ERR12058700	this study	42070_2#189	ERS7985466	ERP126322	Klebsiella pneumoniae	strong	1	1	7	11	2017	NA	ST39	y	CHATINKHA NURSERY	S	R	NA	S	NA	NA	NA	R	NA	NA	NA	NA	S	NA	S	NA	R	NA	NA	R	NA	NA	NA	NA	NA	NA	NA	NA	NA	NA	NA	NA
ERR12058536	this study	42070_2#18	ERS7985516	ERP126322	Klebsiella quasipneumoniae subsp. similipneumoniae	strong	0	1	6	7	2016	NA	other	n	PAEDIATRIC NURSERY	S	R	NA	S	NA	NA	NA	R	NA	NA	NA	NA	S	NA	R	NA	R	NA	NA	R	NA	NA	NA	NA	NA	NA	NA	NA	NA	NA	NA	NA
ERR12058702	this study	42070_2#191	ERS7985467	ERP126322	Klebsiella pneumoniae	strong	1	1	7	11	2017	NA	ST39	y	CHATINKHA NURSERY	S	R	NA	S	NA	NA	NA	R	NA	NA	NA	NA	S	NA	S	NA	R	NA	NA	R	NA	NA	NA	NA	NA	NA	NA	NA	NA	NA	NA	NA
ERR12058703	this study	42070_2#192	ERS7985564	ERP126322	Klebsiella pneumoniae	strong	0	1	6	7	2017	NA	ST14	n	CHATINKHA NURSERY	S	R	NA	R	NA	NA	NA	R	NA	NA	NA	NA	R	NA	S	NA	R	NA	NA	R	NA	NA	NA	NA	NA	NA	NA	NA	NA	NA	NA	NA
ERR12058704	this study	42070_2#193	ERS7985236	ERP126322	Klebsiella pneumoniae	strong	1	1	8	16	2018	NA	ST14	n	4A FEMALE MEDICAL WARD	S	R	NA	R	NA	NA	NA	R	NA	NA	NA	NA	R	NA	R	NA	NA	NA	NA	R	NA	NA	NA	NA	NA	NA	NA	NA	NA	NA	NA	NA
ERR12058705	this study	42070_2#194	ERS7985391	ERP126322	Klebsiella pneumoniae	strong	1	1	8	13	2019	NA	ST14	y	PAEDIATRIC SURGICAL WARD	S	NA	NA	R	NA	NA	NA	R	NA	NA	NA	NA	R	NA	R	NA	R	NA	NA	NA	NA	NA	I	NA	NA	NA	NA	R	NA	NA	NA	NA
ERR12058706	this study	42070_2#195	ERS7985237	ERP126322	Klebsiella pneumoniae	strong	1	1	8	12	2018	NA	other	n	BURNS UNITS	S	R	NA	R	NA	NA	NA	R	NA	NA	NA	NA	S	NA	R	NA	R	NA	NA	R	NA	NA	NA	NA	NA	NA	NA	NA	NA	NA	NA	NA
ERR12058707	this study	42070_2#196	ERS7985394	ERP126322	Klebsiella pneumoniae	strong	1	1	7	11	2019	NA	ST25	n	PAEDIATRIC NURSERY	S	NA	NA	R	NA	NA	NA	R	NA	NA	NA	NA	R	NA	S	NA	R	NA	NA	NA	NA	NA	S	NA	NA	NA	NA	I	NA	NA	NA	NA
ERR12058708	this study	42070_2#197	ERS7985238	ERP126322	Klebsiella pneumoniae	strong	1	1	8	12	2018	NA	other	n	PAEDIATRIC NURSERY	S	R	NA	R	NA	NA	NA	R	NA	NA	NA	NA	S	NA	R	NA	NA	NA	NA	R	NA	NA	NA	NA	NA	NA	NA	NA	NA	NA	NA	NA
ERR12058709	this study	42070_2#198	ERS7985393	ERP126322	Klebsiella pneumoniae	strong	1	1	8	13	2019	NA	ST14	n	PAEDIATRIC SURGICAL WARD	S	NA	NA	R	NA	NA	NA	R	NA	NA	NA	NA	R	NA	R	NA	R	NA	NA	NA	NA	NA	S	NA	NA	NA	NA	R	NA	NA	NA	NA
ERR12058710	this study	42070_2#199	ERS7985239	ERP126322	Klebsiella pneumoniae	strong	0	1	7	11	NA	NA	ST35	n	unknown	NA	NA	NA	NA	NA	NA	NA	NA	NA	NA	NA	NA	NA	NA	NA	NA	NA	NA	NA	NA	NA	NA	NA	NA	NA	NA	NA	NA	NA	NA	NA	NA
ERR12058519	this study	42070_2#1	ERS7985188	ERP126322	Klebsiella pneumoniae	strong	0	1	9	18	2011	NA	ST14	n	unknown	NA	NA	NA	NA	NA	NA	NA	NA	NA	NA	NA	NA	NA	NA	NA	NA	NA	NA	NA	NA	NA	NA	NA	NA	NA	NA	NA	NA	NA	NA	NA	NA
ERR12058711	this study	42070_2#200	ERS7985395	ERP126322	Klebsiella pneumoniae	strong	1	1	8	13	2019	NA	ST14	n	PICU/HDU	R	NA	NA	R	NA	NA	NA	R	NA	NA	NA	NA	R	NA	R	R	NA	NA	NA	R	NA	NA	NA	NA	NA	NA	NA	NA	NA	NA	NA	NA
ERR12058712	this study	42070_2#201	ERS7985240	ERP126322	Klebsiella pneumoniae	strong	1	1	8	16	2018	NA	ST14	n	PAEDIATRIC ONCOLOGY	S	R	NA	S	NA	NA	NA	R	NA	NA	NA	NA	R	NA	R	NA	R	NA	NA	R	NA	NA	NA	NA	NA	NA	NA	NA	NA	NA	NA	NA
ERR12058713	this study	42070_2#202	ERS7985396	ERP126322	Klebsiella pneumoniae	strong	1	1	8	13	2019	NA	ST14	y	PAEDIATRIC NURSERY	S	NA	NA	R	NA	NA	NA	R	NA	NA	NA	NA	R	NA	R	NA	R	NA	NA	R	NA	NA	S	NA	NA	NA	NA	R	NA	NA	NA	NA
ERR12058714	this study	42070_2#203	ERS7985241	ERP126322	Klebsiella variicola subsp. variicola	strong	0	0	0	0	2018	NA	other	n	A ETC	NA	I	NA	NA	NA	NA	NA	S	NA	NA	NA	NA	S	NA	S	NA	S	NA	NA	S	NA	NA	NA	NA	NA	NA	NA	NA	NA	NA	NA	NA
ERR12058715	this study	42070_2#204	ERS7985397	ERP126322	Klebsiella pneumoniae	strong	1	1	8	13	2019	NA	ST14	y	PAEDIATRIC MEDICAL BAY/WARD	S	NA	NA	R	NA	NA	NA	R	NA	NA	NA	NA	R	NA	I	NA	R	NA	NA	R	NA	NA	S	NA	NA	NA	NA	I	NA	NA	NA	NA
ERR12058716	this study	42070_2#205	ERS7985243	ERP126322	Klebsiella pneumoniae	strong	1	1	8	16	2018	NA	ST14	y	PAEDIATRIC A&E	S	R	NA	I	NA	NA	NA	R	NA	NA	NA	NA	R	NA	R	NA	R	NA	NA	R	NA	NA	NA	NA	NA	NA	NA	NA	NA	NA	NA	NA
ERR12058717	this study	42070_2#206	ERS7985398	ERP126322	Klebsiella pneumoniae	strong	1	1	8	13	2019	NA	ST14	u	PAEDIATRIC SURGICAL WARD	S	NA	NA	R	NA	NA	NA	R	NA	NA	NA	NA	R	NA	R	NA	R	NA	NA	R	NA	NA	I	NA	NA	NA	NA	I	NA	NA	NA	NA
ERR12058718	this study	42070_2#207	ERS7985242	ERP126322	Klebsiella variicola subsp. variicola	weak	0	0	0	0	2018	NA	other	n	PICU/HDU	NA	I	NA	NA	NA	NA	NA	S	NA	NA	NA	NA	S	NA	S	NA	S	NA	NA	S	NA	NA	NA	NA	NA	NA	NA	NA	NA	NA	NA	NA
ERR12058719	this study	42070_2#208	ERS7985399	ERP126322	Klebsiella pneumoniae	strong	1	0	7	9	2019	NA	ST14	y	PICU/HDU	S	NA	NA	R	NA	NA	NA	S	NA	NA	NA	NA	R	NA	R	NA	R	NA	NA	S	NA	NA	S	NA	NA	NA	NA	S	NA	NA	NA	NA
ERR12058720	this study	42070_2#209	ERS7985468	ERP126322	Klebsiella pneumoniae	strong	1	1	7	11	2017	NA	ST39	n	PAEDIATRIC NURSERY	S	R	NA	S	NA	NA	NA	R	NA	NA	NA	NA	S	NA	S	NA	NA	NA	NA	R	NA	NA	NA	NA	NA	NA	NA	NA	NA	NA	NA	NA
ERR12058721	this study	42070_2#210	ERS7985565	ERP126322	Klebsiella pneumoniae	strong	0	1	9	13	2017	NA	other	n	PAEDIATRIC MOYO WARD	S	R	NA	S	NA	NA	NA	R	NA	NA	NA	NA	R	NA	S	NA	R	NA	NA	R	NA	NA	NA	NA	NA	NA	NA	NA	NA	NA	NA	NA
ERR12058722	this study	42070_2#211	ERS7985469	ERP126322	Klebsiella pneumoniae	strong	1	1	7	11	2017	NA	ST39	n	PAEDIATRIC NURSERY	S	R	NA	S	NA	NA	NA	R	NA	NA	NA	NA	S	NA	S	NA	NA	NA	NA	R	NA	NA	NA	NA	NA	NA	NA	NA	NA	NA	NA	NA
ERR12058723	this study	42070_2#212	ERS7985567	ERP126322	Klebsiella pneumoniae	strong	0	1	7	13	2017	NA	other	n	3B MALE MEDICAL WARD	S	R	NA	R	NA	NA	NA	R	NA	NA	NA	NA	R	NA	R	NA	R	NA	NA	R	NA	NA	NA	NA	NA	NA	NA	NA	NA	NA	NA	NA
ERR12058724	this study	42070_2#213	ERS7985470	ERP126322	Klebsiella pneumoniae	strong	1	1	7	11	2017	NA	ST39	y	PAEDIATRIC NURSERY	S	R	NA	S	NA	NA	NA	R	NA	NA	NA	NA	S	NA	S	NA	R	NA	NA	R	NA	NA	NA	NA	NA	NA	NA	NA	NA	NA	NA	NA
ERR12058725	this study	42070_2#214	ERS7985566	ERP126322	Klebsiella pneumoniae	strong	0	1	7	13	2017	NA	other	n	PAEDIATRIC ONCOLOGY	S	R	NA	S	NA	NA	NA	R	NA	NA	NA	NA	R	NA	S	NA	NA	NA	NA	R	NA	NA	NA	NA	NA	NA	NA	NA	NA	NA	NA	NA
ERR12058726	this study	42070_2#215	ERS7985471	ERP126322	Klebsiella pneumoniae	strong	1	1	7	11	2017	NA	ST39	y	CHATINKHA NURSERY	S	R	NA	R	NA	NA	NA	R	NA	NA	NA	NA	S	NA	I	NA	R	NA	NA	R	NA	NA	NA	NA	NA	NA	NA	NA	NA	NA	NA	NA
ERR12058727	this study	42070_2#216	ERS7985568	ERP126322	Klebsiella pneumoniae	strong	0	1	6	8	2017	NA	ST101	y	PAEDIATRIC NURSERY	S	R	NA	S	NA	NA	NA	R	NA	NA	NA	NA	S	NA	R	NA	NA	NA	NA	R	NA	NA	NA	NA	NA	NA	NA	NA	NA	NA	NA	NA
ERR12058728	this study	42070_2#217	ERS7985472	ERP126322	Klebsiella pneumoniae	strong	1	1	7	11	2017	NA	ST39	y	CHATINKHA NURSERY	S	R	NA	S	NA	NA	NA	R	NA	NA	NA	NA	S	NA	S	NA	R	NA	NA	R	NA	NA	NA	NA	NA	NA	NA	NA	NA	NA	NA	NA
ERR12058729	this study	42070_2#218	ERS7985569	ERP126322	Klebsiella pneumoniae	strong	0	1	7	14	2017	NA	other	n	PAEDIATRIC ONCOLOGY	S	R	NA	S	NA	NA	NA	R	NA	NA	NA	NA	R	NA	S	NA	NA	NA	NA	R	NA	NA	NA	NA	NA	NA	NA	NA	NA	NA	NA	NA
ERR12058730	this study	42070_2#219	ERS7985473	ERP126322	Klebsiella pneumoniae	strong	1	1	7	11	2017	NA	ST39	y	CHATINKHA NURSERY	S	R	NA	S	NA	NA	NA	R	NA	NA	NA	NA	S	NA	S	NA	R	NA	NA	R	NA	NA	NA	NA	NA	NA	NA	NA	NA	NA	NA	NA
ERR12058539	this study	42070_2#21	ERS7985443	ERP126322	Klebsiella pneumoniae	strong	1	1	8	13	2013	NA	ST101	n	PAEDIATRIC NURSERY	NA	R	NA	NA	NA	NA	NA	R	NA	NA	NA	NA	R	NA	R	NA	R	NA	NA	R	NA	NA	NA	NA	NA	NA	NA	NA	NA	NA	NA	NA
ERR12058731	this study	42070_2#220	ERS7985570	ERP126322	Klebsiella pneumoniae	strong	1	0	1	1	2017	NA	ST45	y	CHATINKHA NURSERY	S	R	NA	S	NA	NA	NA	R	NA	NA	NA	NA	R	NA	S	NA	R	NA	NA	R	NA	NA	NA	NA	NA	NA	NA	NA	NA	NA	NA	NA
ERR12058732	this study	42070_2#221	ERS7985474	ERP126322	Klebsiella pneumoniae	strong	1	1	7	11	2017	NA	ST39	y	CHATINKHA NURSERY	S	R	NA	S	NA	NA	NA	R	NA	NA	NA	NA	S	NA	S	NA	R	NA	NA	R	NA	NA	NA	NA	NA	NA	NA	NA	NA	NA	NA	NA
ERR12058733	this study	42070_2#222	ERS7985571	ERP126322	Klebsiella pneumoniae	strong	0	1	7	13	2017	NA	other	y	PAEDIATRIC NURSERY	I	R	NA	S	NA	NA	NA	R	NA	NA	NA	NA	R	NA	S	NA	R	NA	NA	R	NA	NA	NA	NA	NA	NA	NA	NA	NA	NA	NA	NA
ERR12058734	this study	42070_2#223	ERS7985475	ERP126322	Klebsiella pneumoniae	strong	1	1	7	11	2017	NA	ST39	y	CHATINKHA NURSERY	S	R	NA	S	NA	NA	NA	R	NA	NA	NA	NA	S	NA	S	NA	NA	NA	NA	R	NA	NA	NA	NA	NA	NA	NA	NA	NA	NA	NA	NA
ERR12058735	this study	42070_2#224	ERS7985572	ERP126322	Klebsiella pneumoniae	strong	0	1	8	15	2017	NA	other	n	PAEDIATRIC SPECIAL CARE WARD	S	R	NA	R	NA	NA	NA	R	NA	NA	NA	NA	R	NA	S	NA	R	NA	NA	R	NA	NA	NA	NA	NA	NA	NA	NA	NA	NA	NA	NA
ERR12058736	this study	42070_2#225	ERS7985244	ERP126322	Klebsiella pneumoniae	strong	1	1	8	16	2018	NA	ST14	n	PAEDIATRIC MOYO WARD	S	R	NA	S	NA	NA	NA	R	NA	NA	NA	NA	R	NA	R	NA	R	NA	NA	R	NA	NA	NA	NA	NA	NA	NA	NA	NA	NA	NA	NA
ERR12058737	this study	42070_2#226	ERS7985400	ERP126322	Klebsiella pneumoniae	strong	1	1	8	13	2019	NA	ST14	n	PAEDIATRIC SPECIAL CARE WARD	S	NA	NA	R	NA	NA	NA	R	NA	NA	NA	NA	R	NA	R	NA	R	NA	NA	NA	NA	NA	S	NA	NA	NA	NA	R	NA	NA	NA	NA
ERR12058738	this study	42070_2#227	ERS7985246	ERP126322	Klebsiella pneumoniae	strong	0	1	8	14	2018	NA	ST17	y	CHATINKHA NURSERY	S	R	NA	I	NA	NA	NA	R	NA	NA	NA	NA	R	NA	R	NA	R	NA	NA	R	NA	NA	NA	NA	NA	NA	NA	NA	NA	NA	NA	NA
ERR12058739	this study	42070_2#228	ERS7985401	ERP126322	Klebsiella pneumoniae	strong	0	1	8	12	2019	NA	other	n	PAEDIATRIC A&E	S	NA	NA	R	NA	NA	NA	R	NA	NA	NA	NA	S	NA	R	NA	R	NA	NA	R	NA	NA	S	NA	NA	NA	NA	S	NA	NA	NA	NA
ERR12058740	this study	42070_2#229	ERS7985245	ERP126322	Klebsiella pneumoniae	strong	0	1	8	14	2018	NA	ST17	y	PAEDIATRIC SURGICAL WARD	NA	R	NA	NA	NA	NA	NA	S	NA	NA	NA	NA	S	NA	S	NA	S	NA	NA	S	NA	NA	NA	NA	NA	NA	NA	NA	NA	NA	NA	NA
ERR12058540	this study	42070_2#22	ERS7985518	ERP126322	Klebsiella pneumoniae	strong	0	0	0	0	2016	NA	other	n	PAEDIATRIC NURSERY	NA	R	NA	NA	NA	NA	NA	S	NA	NA	NA	NA	S	NA	S	NA	S	NA	NA	S	NA	NA	NA	NA	NA	NA	NA	NA	NA	NA	NA	NA
ERR12058741	this study	42070_2#230	ERS7985402	ERP126322	Klebsiella pneumoniae	strong	1	1	7	12	2019	NA	ST607	y	CHATINKHA NURSERY	S	NA	NA	R	NA	NA	NA	R	NA	NA	NA	NA	R	NA	S	NA	R	NA	NA	R	NA	NA	S	NA	NA	NA	NA	S	NA	NA	NA	NA
ERR12058742	this study	42070_2#231	ERS7985247	ERP126322	Klebsiella pneumoniae	strong	0	1	7	11	2018	NA	ST35	n	PICU/HDU	S	R	NA	R	NA	NA	NA	R	NA	NA	NA	NA	R	NA	S	NA	R	NA	NA	R	NA	NA	NA	NA	NA	NA	NA	NA	NA	NA	NA	NA
ERR12058743	this study	42070_2#232	ERS7985404	ERP126322	Klebsiella pneumoniae	strong	0	0	6	8	2019	NA	other	y	CHATINKHA NURSERY	S	NA	NA	R	NA	NA	NA	S	NA	NA	NA	NA	R	NA	S	NA	R	NA	NA	S	NA	NA	S	NA	NA	NA	NA	S	NA	NA	NA	NA
ERR12058744	this study	42070_2#233	ERS7985248	ERP126322	Klebsiella pneumoniae	strong	0	1	7	11	2018	NA	ST35	y	CHATINKHA NURSERY	S	R	NA	R	NA	NA	NA	R	NA	NA	NA	NA	R	NA	S	NA	R	NA	NA	R	NA	NA	NA	NA	NA	NA	NA	NA	NA	NA	NA	NA
ERR12058746	this study	42070_2#235	ERS7985309	ERP126322	Klebsiella pneumoniae	strong	0	1	8	13	2018	NA	ST1552	n	PAEDIATRIC SURGICAL WARD	S	R	NA	I	NA	NA	NA	R	NA	NA	NA	NA	R	NA	R	NA	R	NA	NA	R	NA	NA	NA	NA	NA	NA	NA	NA	NA	NA	NA	NA
ERR12058747	this study	42070_2#236	ERS7985405	ERP126322	Klebsiella pneumoniae	strong	1	1	7	12	2019	NA	ST607	y	CHATINKHA NURSERY	S	NA	NA	R	NA	NA	NA	R	NA	NA	NA	NA	S	NA	R	NA	R	NA	NA	R	NA	NA	I	NA	NA	NA	NA	R	NA	NA	NA	NA
ERR12058748	this study	42070_2#237	ERS7985310	ERP126322	Klebsiella pneumoniae	strong	0	1	7	11	2018	NA	ST35	y	PAEDIATRIC SURGICAL WARD	S	R	NA	R	NA	NA	NA	R	NA	NA	NA	NA	R	NA	S	NA	R	NA	NA	R	NA	NA	NA	NA	NA	NA	NA	NA	NA	NA	NA	NA
ERR12058749	this study	42070_2#238	ERS7985406	ERP126322	Klebsiella pneumoniae	strong	1	1	7	12	2019	NA	ST607	y	CHATINKHA NURSERY	S	NA	NA	R	NA	NA	NA	R	NA	NA	NA	NA	R	NA	S	NA	R	NA	NA	R	NA	NA	S	NA	NA	NA	NA	R	NA	NA	NA	NA
ERR12058750	this study	42070_2#239	ERS7985311	ERP126322	Klebsiella pneumoniae	strong	0	1	7	12	2018	NA	ST1552	n	PAEDIATRIC NURSERY	S	R	NA	R	NA	NA	NA	R	NA	NA	NA	NA	R	NA	S	NA	R	NA	NA	R	NA	NA	NA	NA	NA	NA	NA	NA	NA	NA	NA	NA
ERR12058751	this study	42070_2#240	ERS7985407	ERP126322	Klebsiella pneumoniae	strong	1	1	8	12	2019	NA	ST307	y	CHATINKHA NURSERY	S	R	NA	R	NA	NA	NA	R	NA	NA	NA	NA	R	NA	R	NA	R	NA	NA	R	NA	NA	S	NA	NA	NA	NA	R	NA	NA	NA	NA
ERR12058752	this study	42070_2#241	ERS7985476	ERP126322	Klebsiella pneumoniae	strong	1	1	7	11	2017	NA	ST39	y	CHATINKHA NURSERY	S	R	NA	S	NA	NA	NA	R	NA	NA	NA	NA	S	NA	S	NA	R	NA	NA	R	NA	NA	NA	NA	NA	NA	NA	NA	NA	NA	NA	NA
ERR12058753	this study	42070_2#242	ERS7985573	ERP126322	Klebsiella pneumoniae	strong	0	0	3	3	2017	NA	other	n	3B MALE MEDICAL WARD	S	R	NA	S	NA	NA	NA	S	NA	NA	NA	NA	S	NA	S	NA	R	NA	NA	S	NA	NA	NA	NA	NA	NA	NA	NA	NA	NA	NA	NA
ERR12058754	this study	42070_2#243	ERS7985478	ERP126322	Klebsiella pneumoniae	strong	0	1	7	11	2017	NA	other	n	3B MALE MEDICAL WARD	S	R	NA	S	NA	NA	NA	R	NA	NA	NA	NA	S	NA	S	NA	NA	NA	NA	R	NA	NA	NA	NA	NA	NA	NA	NA	NA	NA	NA	NA
ERR12058755	this study	42070_2#244	ERS7985574	ERP126322	Klebsiella pneumoniae	strong	0	1	9	13	2017	NA	other	y	CHATINKHA NURSERY	S	R	NA	I	NA	NA	NA	R	NA	NA	NA	NA	R	NA	R	NA	R	NA	NA	R	NA	NA	NA	NA	NA	NA	NA	NA	NA	NA	NA	NA
ERR12058756	this study	42070_2#245	ERS7985477	ERP126322	Klebsiella pneumoniae	strong	1	1	7	11	2017	NA	ST39	y	CHATINKHA NURSERY	S	R	NA	S	NA	NA	NA	R	NA	NA	NA	NA	S	NA	R	NA	R	NA	NA	R	NA	NA	NA	NA	NA	NA	NA	NA	NA	NA	NA	NA
ERR12058757	this study	42070_2#246	ERS7985575	ERP126322	Klebsiella pneumoniae	strong	0	1	8	12	2017	NA	ST14	n	PAEDIATRIC SPECIAL CARE WARD	S	R	NA	S	NA	NA	NA	R	NA	NA	NA	NA	S	NA	R	NA	R	NA	NA	R	NA	NA	NA	NA	NA	NA	NA	NA	NA	NA	NA	NA
ERR12058758	this study	42070_2#247	ERS7985479	ERP126322	Klebsiella pneumoniae	strong	1	1	7	11	2017	NA	ST39	n	CHATINKHA NURSERY	S	R	NA	S	NA	NA	NA	R	NA	NA	NA	I	S	NA	S	NA	R	NA	NA	R	NA	NA	NA	NA	NA	NA	NA	NA	NA	NA	NA	NA
ERR12058759	this study	42070_2#248	ERS7985576	ERP126322	Klebsiella pneumoniae	strong	1	1	7	11	2017	NA	ST39	y	CHATINKHA NURSERY	S	R	NA	S	NA	NA	NA	R	NA	NA	NA	NA	S	NA	S	NA	NA	NA	NA	R	NA	NA	NA	NA	NA	NA	NA	NA	NA	NA	NA	NA
ERR12058760	this study	42070_2#249	ERS7985480	ERP126322	Klebsiella pneumoniae	strong	0	0	3	3	2017	NA	other	n	unknown	NA	R	NA	NA	NA	NA	NA	S	NA	NA	NA	NA	S	NA	S	NA	R	NA	NA	S	NA	NA	NA	NA	NA	NA	NA	NA	NA	NA	NA	NA
ERR12058542	this study	42070_2#24	ERS7985519	ERP126322	Klebsiella quasipneumoniae subsp. similipneumoniae	strong	0	1	6	7	2016	NA	other	n	PAEDIATRIC NURSERY	S	R	NA	I	NA	NA	NA	R	NA	NA	NA	NA	S	NA	R	NA	R	NA	NA	R	NA	NA	NA	NA	NA	NA	NA	NA	NA	NA	NA	NA
ERR12058761	this study	42070_2#250	ERS7985577	ERP126322	Klebsiella pneumoniae	strong	1	1	7	11	NA	NA	ST39	n	unknown	NA	NA	NA	NA	NA	NA	NA	NA	NA	NA	NA	NA	NA	NA	NA	NA	NA	NA	NA	NA	NA	NA	NA	NA	NA	NA	NA	NA	NA	NA	NA	NA
ERR12058762	this study	42070_2#251	ERS7985481	ERP126322	Klebsiella pneumoniae	strong	1	1	7	11	2017	NA	ST39	y	CHATINKHA NURSERY	S	R	NA	R	NA	NA	NA	R	NA	NA	NA	NA	S	NA	S	NA	R	NA	NA	R	NA	NA	NA	NA	NA	NA	NA	NA	NA	NA	NA	NA
ERR12058763	this study	42070_2#252	ERS7985578	ERP126322	Klebsiella pneumoniae	strong	1	1	7	11	2017	NA	ST39	y	CHATINKHA NURSERY	I	R	NA	R	NA	NA	NA	S	NA	NA	NA	NA	NA	NA	S	NA	R	NA	NA	R	NA	NA	NA	NA	NA	NA	NA	NA	NA	NA	NA	NA
ERR12058764	this study	42070_2#253	ERS7985482	ERP126322	Klebsiella pneumoniae	strong	1	1	7	11	2017	NA	ST39	y	CHATINKHA NURSERY	S	R	NA	S	NA	NA	NA	R	NA	NA	NA	NA	S	NA	S	NA	R	NA	NA	R	NA	NA	NA	NA	NA	NA	NA	NA	NA	NA	NA	NA
ERR12058765	this study	42070_2#254	ERS7985579	ERP126322	Klebsiella pneumoniae	strong	0	1	6	6	2017	NA	ST14	u	3B MALE MEDICAL WARD	S	R	NA	R	NA	NA	NA	R	NA	NA	NA	NA	R	NA	S	NA	R	NA	NA	R	NA	NA	NA	NA	NA	NA	NA	NA	NA	NA	NA	NA
ERR12058766	this study	42070_2#255	ERS7985483	ERP126322	Klebsiella pneumoniae	strong	0	1	6	8	2017	NA	ST101	y	CHATINKHA NURSERY	S	R	NA	S	NA	NA	NA	R	NA	NA	NA	NA	S	NA	R	NA	R	NA	NA	R	NA	NA	NA	NA	NA	NA	NA	NA	NA	NA	NA	NA
ERR12058767	this study	42070_2#256	ERS7985580	ERP126322	Klebsiella pneumoniae	strong	1	1	7	11	2017	NA	ST39	y	CHATINKHA NURSERY	S	R	NA	S	NA	NA	NA	R	NA	NA	NA	NA	S	NA	S	NA	R	NA	NA	R	NA	NA	NA	NA	NA	NA	NA	NA	NA	NA	NA	NA
ERR12058768	this study	42070_2#257	ERS7985312	ERP126322	Klebsiella pneumoniae	strong	0	1	7	11	2018	NA	ST35	y	CHATINKHA NURSERY	S	R	NA	R	NA	NA	NA	R	NA	NA	NA	NA	R	NA	S	NA	R	NA	NA	R	NA	NA	NA	NA	NA	NA	NA	NA	NA	NA	NA	NA
ERR12058770	this study	42070_2#259	ERS7985314	ERP126322	Klebsiella pneumoniae	strong	0	1	8	13	2018	NA	ST1552	n	PAEDIATRIC SURGICAL WARD	S	R	NA	S	NA	NA	NA	R	NA	NA	NA	NA	R	NA	S	NA	R	NA	NA	R	NA	NA	NA	NA	NA	NA	NA	NA	NA	NA	NA	NA
ERR12058771	this study	42070_2#260	ERS7985409	ERP126322	Klebsiella pneumoniae	strong	0	1	8	12	2019	NA	ST37	y	CHATINKHA NURSERY	S	NA	NA	R	NA	NA	NA	R	NA	NA	NA	NA	S	NA	R	NA	R	NA	NA	R	NA	NA	S	NA	NA	NA	NA	I	NA	NA	NA	NA
ERR12058772	this study	42070_2#261	ERS7985313	ERP126322	Klebsiella pneumoniae	strong	0	1	7	11	2018	NA	ST35	n	CHATINKHA NURSERY	S	R	NA	R	NA	NA	NA	R	NA	NA	NA	NA	R	NA	S	NA	R	NA	NA	R	NA	NA	NA	NA	NA	NA	NA	NA	NA	NA	NA	NA
ERR12058773	this study	42070_2#262	ERS7985410	ERP126322	Klebsiella pneumoniae	strong	1	1	8	12	2019	NA	ST15	n	PICU/HDU	S	NA	R	R	NA	NA	NA	R	NA	NA	NA	NA	S	NA	R	NA	R	NA	NA	R	NA	NA	S	NA	NA	NA	NA	I	NA	NA	NA	NA
ERR12058774	this study	42070_2#263	ERS7985315	ERP126322	Klebsiella pneumoniae	strong	0	1	8	13	2018	NA	ST1552	y	PAEDIATRIC SURGICAL WARD	S	R	NA	S	NA	NA	NA	R	NA	NA	NA	NA	R	NA	S	NA	R	NA	NA	R	NA	NA	NA	NA	NA	NA	NA	NA	NA	NA	NA	NA
ERR12058775	this study	42070_2#264	ERS7985411	ERP126322	Klebsiella pneumoniae	strong	0	0	0	0	2019	NA	other	y	CHATINKHA NURSERY	NA	R	NA	NA	NA	NA	NA	S	NA	NA	NA	NA	S	NA	S	NA	R	NA	NA	S	NA	NA	NA	NA	NA	NA	NA	NA	NA	NA	NA	NA
ERR12058776	this study	42070_2#265	ERS7985316	ERP126322	Klebsiella pneumoniae	strong	0	1	7	11	2018	NA	ST35	y	CHATINKHA NURSERY	S	R	NA	R	NA	NA	NA	R	NA	NA	NA	NA	R	NA	R	NA	R	NA	NA	R	NA	NA	NA	NA	NA	NA	NA	NA	NA	NA	NA	NA
ERR12058777	this study	42070_2#266	ERS7985413	ERP126322	Klebsiella pneumoniae	strong	0	1	7	11	2019	NA	other	n	PICU/HDU	R	NA	NA	R	NA	NA	NA	R	NA	NA	NA	NA	R	NA	R	NA	R	NA	NA	R	NA	NA	S	NA	NA	NA	NA	R	NA	NA	NA	NA
ERR12058778	this study	42070_2#267	ERS7985317	ERP126322	Klebsiella pneumoniae	strong	0	1	8	13	2018	NA	ST1552	y	PAEDIATRIC SURGICAL WARD	S	R	NA	S	NA	NA	NA	R	NA	NA	NA	NA	R	NA	S	NA	R	NA	NA	S	NA	NA	NA	NA	NA	NA	NA	NA	NA	NA	NA	NA
ERR12058779	this study	42070_2#268	ERS7985412	ERP126322	Klebsiella pneumoniae	strong	1	1	8	13	2019	NA	ST14	n	PICU/HDU	S	R	NA	S	NA	NA	NA	R	NA	NA	NA	NA	R	NA	R	NA	R	NA	NA	R	NA	NA	NA	NA	NA	NA	NA	NA	NA	NA	NA	NA
ERR12058780	this study	42070_2#269	ERS7985318	ERP126322	Klebsiella pneumoniae	strong	0	1	6	9	2018	NA	ST35	n	PAEDIATRIC SURGICAL WARD	S	R	NA	R	NA	NA	NA	R	NA	NA	NA	NA	R	NA	S	NA	R	NA	NA	R	NA	NA	NA	NA	NA	NA	NA	NA	NA	NA	NA	NA
ERR12058544	this study	42070_2#26	ERS7985520	ERP126322	Klebsiella pneumoniae	strong	1	1	9	14	2016	NA	ST25	n	PAEDIATRIC NURSERY	NA	R	NA	R	NA	NA	NA	R	NA	NA	NA	NA	S	NA	R	NA	R	NA	NA	R	NA	NA	NA	NA	NA	NA	NA	NA	NA	NA	NA	NA
ERR12058781	this study	42070_2#270	ERS7985414	ERP126322	Klebsiella pneumoniae	strong	0	1	7	11	2019	NA	other	n	unknown	S	R	NA	R	NA	NA	NA	R	NA	NA	NA	NA	S	NA	R	NA	R	NA	NA	R	NA	NA	S	NA	NA	NA	NA	I	NA	NA	NA	NA
ERR12058783	this study	42070_2#272	ERS7985416	ERP126322	Klebsiella pneumoniae	strong	0	1	7	11	2019	NA	other	n	unknown	S	R	NA	R	NA	NA	NA	R	NA	NA	NA	NA	S	NA	R	NA	R	NA	NA	R	NA	NA	S	NA	NA	NA	NA	I	NA	NA	NA	NA
ERR12058784	this study	42070_2#273	ERS7985484	ERP126322	Klebsiella pneumoniae	strong	1	1	7	10	2017	NA	ST45	y	CHATINKHA NURSERY	S	R	NA	R	NA	NA	NA	R	NA	NA	NA	NA	R	NA	S	NA	R	NA	NA	R	NA	NA	NA	NA	NA	NA	NA	NA	NA	NA	NA	NA
ERR12058785	this study	42070_2#274	ERS7985581	ERP126322	Klebsiella variicola subsp. variicola	strong	0	0	5	5	2017	NA	other	n	4A FEMALE MEDICAL WARD	NA	R	NA	NA	NA	NA	NA	S	NA	NA	NA	NA	S	NA	S	NA	R	NA	NA	S	NA	NA	NA	NA	NA	NA	NA	NA	NA	NA	NA	NA
ERR12058786	this study	42070_2#275	ERS7985485	ERP126322	Klebsiella pneumoniae	strong	1	1	7	10	2017	NA	ST45	y	CHATINKHA NURSERY	S	R	NA	R	NA	NA	NA	R	NA	NA	NA	NA	R	NA	S	NA	R	NA	NA	R	NA	NA	NA	NA	NA	NA	NA	NA	NA	NA	NA	NA
ERR12058787	this study	42070_2#276	ERS7985583	ERP126322	Klebsiella pneumoniae	strong	0	1	7	9	2016	NA	other	n	PAEDIATRIC SPECIAL CARE WARD	NA	R	NA	R	NA	NA	NA	R	NA	NA	NA	NA	R	NA	R	NA	R	NA	NA	R	NA	NA	NA	NA	NA	NA	NA	NA	NA	NA	NA	NA
ERR12058788	this study	42070_2#277	ERS7985486	ERP126322	Klebsiella pneumoniae	strong	1	1	7	11	2017	NA	ST39	y	CHATINKHA NURSERY	I	R	NA	I	NA	NA	NA	R	NA	NA	NA	NA	S	NA	S	NA	NA	NA	NA	R	NA	NA	NA	NA	NA	NA	NA	NA	NA	NA	NA	NA
ERR12058789	this study	42070_2#278	ERS7985582	ERP126322	Klebsiella pneumoniae	strong	1	1	9	14	2016	NA	ST25	y	CHATINKHA NURSERY	S	R	NA	R	NA	NA	NA	R	NA	NA	NA	NA	S	NA	R	NA	R	NA	NA	R	NA	NA	NA	NA	NA	NA	NA	NA	NA	NA	NA	NA
ERR12058790	this study	42070_2#279	ERS7985487	ERP126322	Klebsiella pneumoniae	strong	1	1	7	11	2017	NA	ST39	y	CHATINKHA NURSERY	S	R	NA	S	NA	NA	NA	R	NA	NA	NA	NA	S	NA	S	NA	R	NA	NA	R	NA	NA	NA	NA	NA	NA	NA	NA	NA	NA	NA	NA
ERR12058545	this study	42070_2#27	ERS7985446	ERP126322	Klebsiella pneumoniae	strong	0	1	6	6	2013	NA	ST14	n	PAEDIATRIC ONCOLOGY	NA	R	NA	NA	NA	NA	NA	R	NA	NA	NA	NA	R	NA	S	NA	R	NA	NA	R	NA	NA	NA	NA	NA	NA	NA	NA	NA	NA	NA	NA
ERR12058791	this study	42070_2#280	ERS7985584	ERP126322	Klebsiella pneumoniae	strong	1	1	9	14	2016	NA	ST25	u	CHATINKHA NURSERY	NA	R	NA	S	NA	NA	NA	R	NA	NA	NA	NA	S	NA	R	NA	R	NA	NA	R	NA	NA	NA	NA	NA	NA	NA	NA	NA	NA	NA	NA
ERR12058792	this study	42070_2#281	ERS7985488	ERP126322	Klebsiella pneumoniae	strong	1	1	7	11	2017	NA	ST39	y	CHATINKHA NURSERY	S	R	NA	S	NA	NA	NA	R	NA	NA	NA	NA	S	NA	S	NA	R	NA	NA	R	NA	NA	NA	NA	NA	NA	NA	NA	NA	NA	NA	NA
ERR12058794	this study	42070_2#283	ERS7985489	ERP126322	Klebsiella pneumoniae	strong	1	1	7	11	2017	NA	ST39	y	CHATINKHA NURSERY	S	R	NA	S	NA	NA	NA	R	NA	NA	NA	NA	S	NA	S	NA	NA	NA	NA	R	NA	NA	NA	NA	NA	NA	NA	NA	NA	NA	NA	NA
ERR12058795	this study	42070_2#284	ERS7985586	ERP126322	Klebsiella pneumoniae	strong	0	1	6	11	2016	NA	other	n	PAEDIATRIC NURSERY	NA	R	NA	S	NA	NA	NA	R	NA	NA	NA	NA	R	NA	R	NA	R	NA	NA	R	NA	NA	NA	NA	NA	NA	NA	NA	NA	NA	NA	NA
ERR12058796	this study	42070_2#285	ERS7985490	ERP126322	Klebsiella pneumoniae	strong	0	1	6	7	2017	NA	ST39	n	3B MALE MEDICAL WARD	S	R	R	S	NA	NA	NA	R	NA	NA	NA	NA	S	NA	R	NA	R	NA	NA	S	NA	NA	NA	NA	NA	NA	NA	NA	NA	NA	NA	NA
ERR12058797	this study	42070_2#286	ERS7985587	ERP126322	Klebsiella pneumoniae	strong	1	1	9	14	2016	NA	ST25	y	CHATINKHA NURSERY	NA	R	NA	I	NA	NA	NA	R	NA	NA	NA	NA	S	NA	R	NA	R	NA	NA	R	NA	NA	NA	NA	NA	NA	NA	NA	NA	NA	NA	NA
ERR12058798	this study	42070_2#287	ERS7985491	ERP126322	Klebsiella pneumoniae	strong	1	1	7	11	2017	NA	ST39	y	CHATINKHA NURSERY	S	R	NA	S	NA	NA	NA	R	NA	NA	NA	NA	S	NA	S	NA	R	NA	NA	R	NA	NA	NA	NA	NA	NA	NA	NA	NA	NA	NA	NA
ERR12058799	this study	42070_2#288	ERS7985588	ERP126322	Klebsiella pneumoniae	strong	0	0	0	0	2016	NA	ST37	n	PAEDIATRIC NURSERY	NA	R	NA	NA	NA	NA	NA	S	NA	NA	NA	I	NA	NA	S	NA	S	NA	NA	S	NA	NA	NA	NA	NA	NA	NA	NA	NA	NA	NA	NA
ERR12058800	this study	42070_2#289	ERS7985320	ERP126322	Klebsiella pneumoniae	strong	0	1	8	13	2018	NA	ST1552	n	PAEDIATRIC SURGICAL WARD	S	R	NA	S	NA	NA	NA	R	NA	NA	NA	NA	R	NA	I	NA	R	NA	NA	R	NA	NA	NA	NA	NA	NA	NA	NA	NA	NA	NA	NA
ERR12058546	this study	42070_2#28	ERS7985521	ERP126322	Klebsiella pneumoniae	strong	1	1	7	11	2017	NA	ST39	y	CHATINKHA NURSERY	S	R	NA	S	NA	NA	NA	R	NA	NA	NA	NA	S	NA	S	NA	NA	NA	NA	R	NA	NA	NA	NA	NA	NA	NA	NA	NA	NA	NA	NA
ERR12058801	this study	42070_2#290	ERS7985417	ERP126322	Klebsiella pneumoniae	strong	0	1	7	11	2019	NA	other	n	unknown	S	R	NA	R	NA	NA	NA	R	NA	NA	NA	NA	S	NA	R	NA	R	NA	NA	R	NA	NA	S	NA	NA	NA	NA	S	NA	NA	NA	NA
ERR12058802	this study	42070_2#291	ERS7985321	ERP126322	Klebsiella pneumoniae	strong	0	1	8	13	2018	NA	ST1552	y	unknown	S	R	NA	S	NA	NA	NA	R	NA	NA	NA	NA	R	NA	I	NA	R	NA	NA	R	NA	NA	NA	NA	NA	NA	NA	NA	NA	NA	NA	NA
ERR12058803	this study	42070_2#292	ERS7985418	ERP126322	Klebsiella pneumoniae	strong	0	0	5	7	2019	NA	other	n	A ETC	NA	S	R	NA	NA	NA	NA	S	NA	NA	NA	NA	S	NA	S	R	NA	NA	NA	I	NA	NA	NA	NA	NA	NA	NA	NA	NA	NA	NA	NA
ERR12058804	this study	42070_2#293	ERS7985322	ERP126322	Klebsiella pneumoniae	strong	1	1	5	5	2018	NA	ST17	n	PAEDIATRIC SURGICAL WARD	S	R	NA	I	NA	NA	NA	R	NA	NA	NA	NA	S	NA	S	NA	R	NA	NA	R	NA	NA	NA	NA	NA	NA	NA	NA	NA	NA	NA	NA
ERR12058805	this study	42070_2#294	ERS7985419	ERP126322	Klebsiella pneumoniae	strong	1	1	8	13	2019	NA	ST14	y	PICU/HDU	S	R	NA	S	NA	NA	NA	R	NA	NA	NA	NA	R	NA	R	NA	R	NA	NA	R	NA	NA	NA	NA	NA	NA	NA	NA	NA	NA	NA	NA
ERR12058806	this study	42070_2#295	ERS7985323	ERP126322	Klebsiella pneumoniae	strong	0	1	8	13	2018	NA	ST1552	y	PAEDIATRIC SURGICAL WARD	S	R	NA	S	NA	NA	NA	R	NA	NA	NA	NA	R	NA	S	NA	R	NA	NA	R	NA	NA	NA	NA	NA	NA	NA	NA	NA	NA	NA	NA
ERR12058807	this study	42070_2#296	ERS7985420	ERP126322	Klebsiella pneumoniae	strong	1	1	8	13	2019	NA	ST39	n	PAEDIATRIC SURGICAL WARD	S	R	NA	S	NA	NA	NA	R	NA	NA	NA	NA	R	NA	R	NA	R	NA	NA	R	NA	NA	NA	NA	NA	NA	NA	NA	NA	NA	NA	NA
ERR12058808	this study	42070_2#297	ERS7985324	ERP126322	Klebsiella pneumoniae	strong	0	1	8	13	2018	NA	ST1552	n	PAEDIATRIC SURGICAL WARD	S	R	NA	S	NA	NA	NA	R	NA	NA	NA	NA	R	NA	S	NA	R	NA	NA	R	NA	NA	NA	NA	NA	NA	NA	NA	NA	NA	NA	NA
ERR12058809	this study	42070_2#298	ERS7985421	ERP126322	Klebsiella pneumoniae	strong	0	1	7	11	2018	NA	ST35	y	CHATINKHA NURSERY	S	R	NA	R	NA	NA	NA	R	NA	NA	NA	NA	R	NA	S	NA	R	NA	NA	R	NA	NA	NA	NA	NA	NA	NA	NA	NA	NA	NA	NA
ERR12058810	this study	42070_2#299	ERS7985325	ERP126322	Klebsiella pneumoniae	strong	0	1	8	13	2018	NA	ST1552	y	PAEDIATRIC SURGICAL WARD	S	R	NA	S	NA	NA	NA	R	NA	NA	NA	NA	R	NA	S	NA	R	NA	NA	R	NA	NA	NA	NA	NA	NA	NA	NA	NA	NA	NA	NA
ERR12058547	this study	42070_2#29	ERS7985447	ERP126322	Klebsiella pneumoniae	strong	1	1	8	13	2013	NA	ST17	n	PAEDIATRIC ONCOLOGY	NA	R	NA	NA	NA	NA	NA	R	NA	NA	NA	NA	R	NA	S	NA	R	NA	NA	R	NA	NA	NA	NA	NA	NA	NA	NA	NA	NA	NA	NA
ERR12058520	this study	42070_2#2	ERS7985344	ERP126322	Klebsiella pneumoniae	strong	1	1	5	5	2018	NA	ST17	y	INTENSIVE CARE UNIT	S	R	NA	R	NA	NA	NA	R	NA	NA	NA	NA	S	NA	S	NA	R	NA	NA	R	NA	NA	NA	NA	NA	NA	NA	NA	NA	NA	NA	NA
ERR12058811	this study	42070_2#300	ERS7985422	ERP126322	Klebsiella pneumoniae	strong	1	1	8	13	2019	NA	ST14	n	4A FEMALE MEDICAL WARD	NA	R	NA	NA	NA	NA	NA	S	NA	NA	NA	NA	S	NA	S	NA	R	NA	NA	S	NA	NA	NA	NA	NA	NA	NA	NA	NA	NA	NA	NA
ERR12058813	this study	42070_2#302	ERS7985423	ERP126322	Klebsiella pneumoniae	strong	1	1	8	13	2019	NA	ST14	n	PICU/HDU	S	R	NA	R	NA	NA	NA	R	NA	NA	NA	NA	R	NA	R	NA	R	NA	NA	R	NA	NA	NA	NA	NA	NA	NA	NA	NA	NA	NA	NA
ERR12058814	this study	42070_2#303	ERS7985328	ERP126322	Klebsiella pneumoniae	strong	0	1	8	13	2018	NA	ST1552	n	PAEDIATRIC SPECIAL CARE WARD	S	R	NA	S	NA	NA	NA	S	NA	NA	NA	NA	R	NA	S	NA	R	NA	NA	R	NA	NA	NA	NA	NA	NA	NA	NA	NA	NA	NA	NA
ERR12058815	this study	42070_2#304	ERS7985424	ERP126322	Klebsiella pneumoniae	strong	0	1	9	17	2019	NA	other	n	PAEDIATRIC NURSERY	S	R	NA	R	NA	NA	NA	R	NA	NA	NA	NA	R	NA	R	NA	NA	NA	NA	R	NA	NA	NA	NA	NA	NA	NA	NA	NA	NA	NA	NA
ERR12058816	this study	42070_2#305	ERS7985492	ERP126322	Klebsiella pneumoniae	strong	1	1	7	11	2017	NA	ST39	y	CHATINKHA NURSERY	S	R	NA	S	NA	NA	NA	R	NA	NA	NA	NA	S	NA	S	NA	R	NA	NA	R	NA	NA	NA	NA	NA	NA	NA	NA	NA	NA	NA	NA
ERR12058817	this study	42070_2#306	ERS7985592	ERP126322	Klebsiella pneumoniae	strong	1	1	8	12	2016	NA	ST307	y	PAEDIATRIC NURSERY	S	R	NA	S	NA	NA	NA	R	NA	NA	NA	NA	R	NA	R	NA	R	NA	NA	R	NA	NA	NA	NA	NA	NA	NA	NA	NA	NA	NA	NA
ERR12058818	this study	42070_2#307	ERS7985493	ERP126322	Klebsiella pneumoniae	strong	1	1	9	14	2017	NA	ST25	y	PAEDIATRIC NURSERY	S	R	NA	I	NA	NA	NA	R	NA	NA	NA	NA	S	NA	R	NA	R	NA	NA	R	NA	NA	NA	NA	NA	NA	NA	NA	NA	NA	NA	NA
ERR12058819	this study	42070_2#308	ERS7985632	ERP126322	Klebsiella pneumoniae	strong	1	2	8	12	2016	NA	ST39	n	4A FEMALE MEDICAL WARD	R	R	NA	R	NA	NA	NA	R	NA	NA	NA	NA	R	NA	R	NA	NA	NA	NA	R	NA	NA	NA	NA	NA	NA	NA	NA	NA	NA	NA	NA
ERR12058820	this study	42070_2#309	ERS7985494	ERP126322	Klebsiella pneumoniae	strong	1	1	7	11	2017	NA	ST39	y	CHATINKHA NURSERY	I	R	NA	R	NA	NA	NA	R	NA	NA	NA	NA	S	NA	S	NA	R	NA	NA	R	NA	NA	NA	NA	NA	NA	NA	NA	NA	NA	NA	NA
ERR12058548	this study	42070_2#30	ERS7985522	ERP126322	Klebsiella pneumoniae	strong	0	1	8	16	2017	NA	ST35	n	PAEDIATRIC SPECIAL CARE WARD	S	R	NA	R	NA	NA	NA	R	NA	NA	NA	NA	R	NA	R	NA	R	NA	NA	R	NA	NA	NA	NA	NA	NA	NA	NA	NA	NA	NA	NA
ERR12058821	this study	42070_2#311	ERS7985495	ERP126322	Klebsiella pneumoniae	strong	1	1	7	11	2017	NA	ST39	y	CHATINKHA NURSERY	I	R	NA	R	NA	NA	NA	R	NA	NA	NA	NA	S	NA	S	NA	R	NA	NA	R	NA	NA	NA	NA	NA	NA	NA	NA	NA	NA	NA	NA
ERR12058822	this study	42070_2#312	ERS7985634	ERP126322	Klebsiella pneumoniae	strong	1	0	5	8	2016	NA	other	n	PAEDIATRIC SPECIAL CARE WARD	NA	R	NA	NA	NA	NA	NA	S	NA	NA	NA	NA	S	NA	S	NA	R	NA	NA	S	NA	NA	NA	NA	NA	NA	NA	NA	NA	NA	NA	NA
ERR12058823	this study	42070_2#313	ERS7985496	ERP126322	Klebsiella pneumoniae	strong	1	1	7	11	2017	NA	ST39	y	CHATINKHA NURSERY	S	R	NA	R	NA	NA	NA	R	NA	NA	NA	NA	S	NA	S	NA	R	NA	NA	R	NA	NA	NA	NA	NA	NA	NA	NA	NA	NA	NA	NA
ERR12058824	this study	42070_2#314	ERS7985497	ERP126322	Klebsiella pneumoniae	strong	0	1	7	8	2017	NA	ST340	n	3B MALE MEDICAL WARD	S	R	NA	S	NA	NA	NA	R	NA	NA	NA	NA	R	NA	R	NA	R	NA	NA	R	NA	NA	NA	NA	NA	NA	NA	NA	NA	NA	NA	NA
ERR12058825	this study	42070_2#315	ERS7985498	ERP126322	Klebsiella pneumoniae	strong	0	1	6	8	2017	NA	ST101	n	PAEDIATRIC NURSERY	S	R	NA	I	NA	NA	NA	R	NA	NA	NA	NA	S	NA	R	NA	NA	NA	NA	R	NA	NA	NA	NA	NA	NA	NA	NA	NA	NA	NA	NA
ERR12058826	this study	42070_2#316	ERS7985499	ERP126322	Klebsiella pneumoniae	strong	0	1	6	8	2017	NA	ST101	y	CHATINKHA NURSERY	S	R	NA	I	NA	NA	NA	R	NA	NA	NA	I	NA	NA	R	NA	R	NA	NA	R	NA	NA	NA	NA	NA	NA	NA	NA	NA	NA	NA	NA
ERR12058827	this study	42070_2#317	ERS7985327	ERP126322	Klebsiella pneumoniae	strong	0	0	5	5	2018	NA	other	y	CHATINKHA NURSERY	NA	R	NA	NA	NA	NA	NA	S	NA	NA	NA	NA	S	NA	S	NA	R	NA	NA	S	NA	NA	NA	NA	NA	NA	NA	NA	NA	NA	NA	NA
ERR12058828	this study	42070_2#318	ERS7985425	ERP126322	Klebsiella pneumoniae	strong	1	1	8	13	2019	NA	ST14	n	PAEDIATRIC SURGICAL WARD	S	NA	NA	R	NA	NA	NA	R	NA	NA	NA	NA	S	NA	I	NA	S	NA	NA	S	NA	NA	S	NA	NA	NA	NA	R	NA	NA	NA	NA
ERR12058829	this study	42070_2#319	ERS7985329	ERP126322	Klebsiella pneumoniae	strong	0	1	7	11	2018	NA	ST35	y	CHATINKHA NURSERY	S	R	NA	R	NA	NA	NA	R	NA	NA	NA	NA	R	NA	S	NA	R	NA	NA	R	NA	NA	NA	NA	NA	NA	NA	NA	NA	NA	NA	NA
ERR12058549	this study	42070_2#31	ERS7985448	ERP126322	Klebsiella pneumoniae	strong	0	0	7	15	1998	NA	other	n	unknown	NA	NA	NA	NA	NA	NA	NA	NA	NA	NA	NA	NA	NA	NA	NA	NA	NA	NA	NA	NA	NA	NA	NA	NA	NA	NA	NA	NA	NA	NA	NA	NA
ERR12058830	this study	42070_2#320	ERS7985426	ERP126322	Klebsiella pneumoniae	strong	1	1	8	13	2019	NA	ST14	y	PICU/HDU	R	NA	NA	R	NA	NA	NA	R	NA	NA	NA	NA	R	NA	R	NA	R	NA	NA	R	NA	NA	S	NA	NA	NA	NA	R	NA	NA	NA	NA
ERR12058831	this study	42070_2#321	ERS7985330	ERP126322	Klebsiella pneumoniae	strong	1	1	8	12	2018	NA	other	n	PAEDIATRIC ONCOLOGY	S	R	NA	S	NA	NA	NA	R	NA	NA	NA	NA	S	NA	R	NA	NA	NA	NA	R	NA	NA	NA	NA	NA	NA	NA	NA	NA	NA	NA	NA
ERR12058832	this study	42070_2#322	ERS7985427	ERP126322	Klebsiella quasipneumoniae subsp. similipneumoniae	strong	0	1	9	16	2019	NA	other	n	PAEDIATRIC NURSERY	S	NA	NA	R	NA	NA	NA	R	NA	NA	NA	NA	R	NA	R	NA	R	NA	NA	R	NA	NA	S	NA	NA	NA	NA	NA	NA	NA	NA	NA
ERR12058833	this study	42070_2#323	ERS7985332	ERP126322	Klebsiella pneumoniae	strong	0	1	6	8	2018	NA	ST101	n	PAEDIATRIC NURSERY	S	R	NA	S	NA	NA	NA	R	NA	NA	NA	NA	S	NA	R	NA	NA	NA	NA	R	NA	NA	NA	NA	NA	NA	NA	NA	NA	NA	NA	NA
ERR12058834	this study	42070_2#324	ERS7985428	ERP126322	Klebsiella pneumoniae	strong	1	1	9	15	2019	NA	ST48	n	PAEDIATRIC SURGICAL WARD	S	NA	NA	R	NA	NA	NA	R	NA	NA	NA	NA	R	NA	R	NA	R	NA	NA	R	NA	NA	S	NA	NA	NA	NA	R	NA	NA	NA	NA
ERR12058835	this study	42070_2#325	ERS7985331	ERP126322	Klebsiella pneumoniae	strong	0	1	8	13	2018	NA	ST1552	y	PICU/HDU	S	R	NA	S	NA	NA	NA	R	NA	NA	NA	NA	R	NA	S	NA	R	NA	NA	R	NA	NA	NA	NA	NA	NA	NA	NA	NA	NA	NA	NA
ERR12058836	this study	42070_2#326	ERS7985429	ERP126322	Klebsiella pneumoniae	strong	0	1	7	11	2019	NA	other	y	PAEDIATRIC SURGICAL WARD	R	NA	NA	R	NA	NA	NA	R	NA	NA	NA	NA	R	NA	R	NA	R	NA	NA	R	NA	NA	S	NA	NA	NA	NA	R	NA	NA	NA	NA
ERR12058837	this study	42070_2#327	ERS7985333	ERP126322	Klebsiella pneumoniae	strong	0	1	8	13	2018	NA	ST1552	n	PICU/HDU	S	R	NA	S	NA	NA	NA	R	NA	NA	NA	NA	R	NA	S	NA	R	NA	NA	R	NA	NA	NA	NA	NA	NA	NA	NA	NA	NA	NA	NA
ERR12058838	this study	42070_2#328	ERS7985430	ERP126322	Klebsiella quasipneumoniae subsp. similipneumoniae	strong	0	1	9	16	2019	NA	other	n	PICU/HDU	S	NA	NA	R	NA	NA	NA	R	NA	NA	NA	NA	S	NA	S	NA	R	NA	NA	R	NA	NA	S	NA	NA	NA	NA	I	NA	NA	NA	NA
ERR12058839	this study	42070_2#329	ERS7985334	ERP126322	Klebsiella pneumoniae	strong	0	1	7	11	2018	NA	ST35	n	PICU/HDU	S	R	NA	I	NA	NA	NA	R	NA	NA	NA	NA	R	NA	S	NA	R	NA	NA	R	NA	NA	NA	NA	NA	NA	NA	NA	NA	NA	NA	NA
ERR12058550	this study	42070_2#32	ERS7985523	ERP126322	Klebsiella pneumoniae	strong	1	1	7	11	2017	NA	ST39	y	CHATINKHA NURSERY	S	R	NA	I	NA	NA	NA	R	NA	NA	NA	NA	S	NA	S	NA	R	NA	NA	R	NA	NA	NA	NA	NA	NA	NA	NA	NA	NA	NA	NA
ERR12058840	this study	42070_2#330	ERS7985431	ERP126322	Klebsiella pneumoniae	strong	0	1	7	11	2018	NA	ST35	y	CHATINKHA NURSERY	S	R	NA	R	NA	NA	NA	R	NA	NA	NA	NA	R	NA	S	NA	R	NA	NA	R	NA	NA	NA	NA	NA	NA	NA	NA	NA	NA	NA	NA
ERR12058841	this study	42070_2#331	ERS7985335	ERP126322	Klebsiella pneumoniae	strong	0	1	8	13	2018	NA	ST1552	n	PAEDIATRIC NURSERY	S	R	NA	S	NA	NA	NA	R	NA	NA	NA	NA	R	NA	S	NA	R	NA	NA	R	NA	NA	NA	NA	NA	NA	NA	NA	NA	NA	NA	NA
ERR12058842	this study	42070_2#332	ERS7985432	ERP126322	Klebsiella pneumoniae	strong	0	1	7	11	2018	NA	ST35	y	CHATINKHA NURSERY	S	R	NA	R	NA	NA	NA	R	NA	NA	NA	NA	R	NA	R	NA	R	NA	NA	R	NA	NA	NA	NA	NA	NA	NA	NA	NA	NA	NA	NA
ERR12058843	this study	42070_2#333	ERS7985500	ERP126322	Klebsiella pneumoniae	strong	1	1	9	14	2017	NA	ST607	n	PAEDIATRIC MOYO WARD	S	R	NA	R	NA	NA	NA	R	NA	NA	NA	NA	R	NA	R	NA	R	NA	NA	R	NA	NA	NA	NA	NA	NA	NA	NA	NA	NA	NA	NA
ERR12058844	this study	42070_2#334	ERS7985501	ERP126322	Klebsiella pneumoniae	strong	0	1	6	8	2017	NA	ST101	n	3B MALE MEDICAL WARD	S	R	NA	I	NA	NA	NA	R	NA	NA	NA	NA	S	NA	R	NA	NA	NA	NA	R	NA	NA	NA	NA	NA	NA	NA	NA	NA	NA	NA	NA
ERR12058845	this study	42070_2#335	ERS7985502	ERP126322	Klebsiella pneumoniae	strong	0	0	4	6	2017	NA	other	n	4A FEMALE MEDICAL WARD	S	R	NA	S	NA	NA	NA	S	NA	NA	NA	NA	S	NA	S	NA	R	NA	NA	S	NA	NA	NA	NA	NA	NA	NA	NA	NA	NA	NA	NA
ERR12058846	this study	42070_2#336	ERS7985503	ERP126322	Klebsiella pneumoniae	strong	0	1	6	6	2017	NA	other	y	CHATINKHA NURSERY	S	R	NA	R	NA	NA	NA	R	NA	NA	NA	NA	R	NA	S	NA	R	NA	NA	NA	NA	NA	NA	NA	NA	NA	NA	NA	NA	NA	NA	NA
ERR12058847	this study	42070_2#337	ERS7985504	ERP126322	Klebsiella quasipneumoniae subsp. similipneumoniae	strong	0	1	6	8	2017	NA	other	u	PAEDIATRIC MOYO WARD	S	R	NA	S	NA	NA	NA	R	NA	NA	NA	NA	S	NA	I	NA	R	NA	NA	R	NA	NA	NA	NA	NA	NA	NA	NA	NA	NA	NA	NA
ERR12058848	this study	42070_2#338	ERS7985505	ERP126322	Klebsiella pneumoniae	strong	1	1	7	11	2017	NA	ST39	y	CHATINKHA NURSERY	S	R	NA	S	NA	NA	NA	R	NA	NA	NA	NA	S	NA	S	NA	R	NA	NA	R	NA	NA	NA	NA	NA	NA	NA	NA	NA	NA	NA	NA
ERR12058849	this study	42070_2#339	ERS7985506	ERP126322	Klebsiella pneumoniae	strong	1	1	7	11	2017	NA	ST39	y	CHATINKHA NURSERY	S	R	NA	S	NA	NA	NA	R	NA	NA	NA	NA	S	NA	S	NA	R	NA	NA	R	NA	NA	NA	NA	NA	NA	NA	NA	NA	NA	NA	NA
ERR12058551	this study	42070_2#33	ERS7985197	ERP126322	Klebsiella pneumoniae	strong	4	0	6	9	1998	NA	ST29	n	unknown	NA	NA	NA	NA	NA	NA	NA	NA	NA	NA	NA	NA	NA	NA	NA	NA	NA	NA	NA	NA	NA	NA	NA	NA	NA	NA	NA	NA	NA	NA	NA	NA
ERR12058850	this study	42070_2#340	ERS7985507	ERP126322	Klebsiella pneumoniae	strong	1	1	7	11	2017	NA	ST39	y	INTENSIVE CARE UNIT	S	R	NA	S	NA	NA	NA	R	NA	NA	NA	NA	S	NA	S	NA	R	NA	NA	R	NA	NA	NA	NA	NA	NA	NA	NA	NA	NA	NA	NA
ERR12058852	this study	42070_2#342	ERS7985433	ERP126322	Klebsiella pneumoniae	strong	0	1	8	13	2018	NA	ST1552	y	PAEDIATRIC SURGICAL WARD	S	R	NA	S	NA	NA	NA	R	NA	NA	NA	NA	R	NA	I	NA	R	NA	NA	R	NA	NA	NA	NA	NA	NA	NA	NA	NA	NA	NA	NA
ERR12058853	this study	42070_2#343	ERS7985337	ERP126322	Klebsiella pneumoniae	strong	0	1	8	13	2018	NA	ST1552	y	PAEDIATRIC SURGICAL WARD	S	R	NA	S	NA	NA	NA	R	NA	NA	NA	NA	R	NA	S	NA	R	NA	NA	R	NA	NA	NA	NA	NA	NA	NA	NA	NA	NA	NA	NA
ERR12058854	this study	42070_2#344	ERS7985434	ERP126322	Klebsiella pneumoniae	strong	1	1	8	12	2019	NA	ST39	n	PICU/HDU	S	R	NA	S	NA	NA	NA	R	NA	NA	NA	NA	R	NA	R	NA	R	NA	NA	R	NA	NA	NA	NA	NA	NA	NA	NA	NA	NA	NA	NA
ERR12058855	this study	42070_2#345	ERS7985338	ERP126322	Klebsiella pneumoniae	strong	0	1	8	13	2018	NA	ST1552	y	PAEDIATRIC SURGICAL WARD	S	R	NA	S	NA	NA	NA	R	NA	NA	NA	NA	R	NA	S	NA	R	NA	NA	R	NA	NA	NA	NA	NA	NA	NA	NA	NA	NA	NA	NA
ERR12058856	this study	42070_2#346	ERS7985435	ERP126322	Klebsiella pneumoniae	strong	0	1	10	20	2012	NA	ST340	n	unknown	NA	NA	NA	NA	NA	NA	NA	NA	NA	NA	NA	NA	NA	NA	NA	NA	NA	NA	NA	NA	NA	NA	NA	NA	NA	NA	NA	NA	NA	NA	NA	NA
ERR12058857	this study	42070_2#347	ERS7985339	ERP126322	Klebsiella pneumoniae	strong	0	1	7	11	2018	NA	ST35	y	CHATINKHA NURSERY	S	R	NA	R	NA	NA	NA	R	NA	NA	NA	NA	R	NA	S	NA	R	NA	NA	R	NA	NA	NA	NA	NA	NA	NA	NA	NA	NA	NA	NA
ERR12058858	this study	42070_2#348	ERS7985436	ERP126322	Klebsiella pneumoniae	strong	1	1	9	15	2013	NA	ST36	n	3B MALE MEDICAL WARD	R	R	NA	R	NA	NA	NA	R	NA	NA	NA	NA	R	NA	R	NA	R	NA	NA	R	NA	NA	NA	NA	NA	NA	NA	NA	NA	NA	NA	NA
ERR12058859	this study	42070_2#349	ERS7985340	ERP126322	Klebsiella pneumoniae	strong	0	1	7	12	2018	NA	ST1552	n	PAEDIATRIC NURSERY	S	R	NA	R	NA	NA	NA	R	NA	NA	NA	NA	R	NA	S	NA	R	NA	NA	R	NA	NA	NA	NA	NA	NA	NA	NA	NA	NA	NA	NA
ERR12058552	this study	42070_2#34	ERS7985352	ERP126322	Klebsiella pneumoniae	strong	0	1	7	11	2018	NA	ST35	y	CHATINKHA NURSERY	S	R	NA	R	NA	NA	NA	R	NA	NA	NA	NA	R	NA	S	NA	R	NA	NA	R	NA	NA	NA	NA	NA	NA	NA	NA	NA	NA	NA	NA
ERR12058861	this study	42070_2#351	ERS7985341	ERP126322	Klebsiella pneumoniae	strong	0	1	7	11	2018	NA	ST35	y	CHATINKHA NURSERY	S	R	NA	R	NA	NA	NA	R	NA	NA	NA	NA	R	NA	S	NA	R	NA	NA	R	NA	NA	NA	NA	NA	NA	NA	NA	NA	NA	NA	NA
ERR12058862	this study	42070_2#352	ERS7985438	ERP126322	Klebsiella quasipneumoniae subsp. similipneumoniae	strong	0	0	0	0	1998	NA	other	n	unknown	NA	NA	NA	NA	NA	NA	NA	NA	NA	NA	NA	NA	NA	NA	NA	NA	NA	NA	NA	NA	NA	NA	NA	NA	NA	NA	NA	NA	NA	NA	NA	NA
ERR12058863	this study	42070_2#353	ERS7985342	ERP126322	Klebsiella pneumoniae	strong	1	1	5	5	2018	NA	ST17	n	PAEDIATRIC SPECIAL CARE WARD	S	R	NA	R	NA	NA	NA	R	NA	NA	NA	NA	S	NA	S	NA	R	NA	NA	R	NA	NA	NA	NA	NA	NA	NA	NA	NA	NA	NA	NA
ERR12058864	this study	42070_2#354	ERS7985439	ERP126322	Klebsiella pneumoniae	strong	3	0	4	6	1998	NA	other	n	unknown	NA	NA	NA	NA	NA	NA	NA	NA	NA	NA	NA	NA	NA	NA	NA	NA	NA	NA	NA	NA	NA	NA	NA	NA	NA	NA	NA	NA	NA	NA	NA	NA
ERR12058865	this study	42070_2#355	ERS7985343	ERP126322	Klebsiella pneumoniae	strong	1	1	5	5	2018	NA	ST17	n	PAEDIATRIC SPECIAL CARE WARD	S	R	NA	R	NA	NA	NA	R	NA	NA	NA	NA	S	NA	S	NA	R	NA	NA	R	NA	NA	NA	NA	NA	NA	NA	NA	NA	NA	NA	NA
ERR12058866	this study	42070_2#356	ERS7985440	ERP126322	Klebsiella pneumoniae	strong	0	0	3	4	1998	NA	other	n	unknown	NA	NA	NA	NA	NA	NA	NA	NA	NA	NA	NA	NA	NA	NA	NA	NA	NA	NA	NA	NA	NA	NA	NA	NA	NA	NA	NA	NA	NA	NA	NA	NA
ERR12058867	this study	42070_2#357	ERS7985508	ERP126322	Klebsiella pneumoniae	strong	1	1	7	11	2017	NA	ST39	y	CHATINKHA NURSERY	S	R	NA	S	NA	NA	NA	R	NA	NA	NA	NA	S	NA	S	NA	R	NA	NA	R	NA	NA	NA	NA	NA	NA	NA	NA	NA	NA	NA	NA
ERR12058868	this study	42070_2#358	ERS7985509	ERP126322	Klebsiella pneumoniae	strong	1	1	7	11	2017	NA	ST39	y	CHATINKHA NURSERY	S	R	NA	S	NA	NA	NA	R	NA	NA	NA	NA	S	NA	S	NA	R	NA	NA	R	NA	NA	NA	NA	NA	NA	NA	NA	NA	NA	NA	NA
ERR12058869	this study	42070_2#359	ERS7985510	ERP126322	Klebsiella pneumoniae	strong	0	1	6	8	2017	NA	ST101	y	CHATINKHA NURSERY	S	R	NA	S	NA	NA	NA	R	NA	NA	NA	NA	S	NA	S	NA	R	NA	NA	R	NA	NA	NA	NA	NA	NA	NA	NA	NA	NA	NA	NA
ERR12058553	this study	42070_2#35	ERS7985196	ERP126322	Klebsiella pneumoniae	strong	1	1	7	10	2013	NA	ST45	y	unknown	NA	R	NA	NA	NA	NA	NA	R	NA	NA	NA	NA	R	NA	S	NA	R	NA	NA	R	NA	NA	NA	NA	NA	NA	NA	NA	NA	NA	NA	NA
ERR12058870	this study	42070_2#360	ERS7985511	ERP126322	Klebsiella pneumoniae	strong	1	1	7	11	2017	NA	ST39	y	CHATINKHA NURSERY	S	R	NA	S	NA	NA	NA	R	NA	NA	NA	NA	S	NA	S	NA	NA	NA	NA	R	NA	NA	NA	NA	NA	NA	NA	NA	NA	NA	NA	NA
ERR12058872	this study	42070_2#362	ERS7985513	ERP126322	Klebsiella pneumoniae	strong	0	0	3	3	2016	NA	other	y	CHATINKHA NURSERY	NA	R	NA	NA	NA	NA	NA	S	NA	NA	NA	NA	S	NA	S	NA	R	NA	NA	S	NA	NA	NA	NA	NA	NA	NA	NA	NA	NA	NA	NA
ERR12058874	this study	42070_2#364	ERS7985515	ERP126322	Klebsiella quasipneumoniae subsp. similipneumoniae	strong	0	1	6	8	2016	NA	other	n	PAEDIATRIC NURSERY	S	R	NA	S	NA	NA	NA	R	NA	NA	NA	NA	S	NA	R	NA	R	NA	NA	R	NA	NA	NA	NA	NA	NA	NA	NA	NA	NA	NA	NA
ERR12058554	this study	42070_2#36	ERS7985353	ERP126322	Klebsiella pneumoniae	strong	1	1	8	13	2019	NA	ST14	y	PAEDIATRIC SURGICAL WARD	S	R	NA	I	NA	NA	NA	R	NA	NA	NA	NA	R	NA	R	NA	R	NA	NA	R	NA	NA	NA	NA	NA	NA	NA	NA	NA	NA	NA	NA
ERR12058555	this study	42070_2#37	ERS7985198	ERP126322	Klebsiella pneumoniae	strong	1	1	7	10	2010	NA	ST45	y	unknown	NA	NA	NA	NA	NA	NA	NA	NA	NA	NA	NA	NA	NA	NA	NA	NA	NA	NA	NA	NA	NA	NA	NA	NA	NA	NA	NA	NA	NA	NA	NA	NA
ERR12058556	this study	42070_2#38	ERS7985354	ERP126322	Klebsiella pneumoniae	strong	1	1	8	13	2019	NA	ST14	y	PICU/HDU	R	R	NA	S	NA	NA	NA	R	NA	NA	NA	NA	R	NA	R	NA	R	NA	NA	R	NA	NA	NA	NA	NA	NA	NA	NA	NA	NA	NA	NA
ERR12058557	this study	42070_2#39	ERS7985199	ERP126322	Klebsiella pneumoniae	strong	0	1	6	6	2010	NA	ST101	y	unknown	NA	NA	NA	NA	NA	NA	NA	NA	NA	NA	NA	NA	NA	NA	NA	NA	NA	NA	NA	NA	NA	NA	NA	NA	NA	NA	NA	NA	NA	NA	NA	NA
ERR12058521	this study	42070_2#3	ERS7985189	ERP126322	Klebsiella pneumoniae	strong	0	0	5	6	2020	NA	other	y	CHATINKHA NURSERY	S	R	NA	R	NA	R	NA	R	NA	NA	NA	NA	R	NA	S	NA	R	NA	NA	S	NA	NA	S	NA	R	NA	NA	S	NA	NA	NA	NA
ERR12058558	this study	42070_2#40	ERS7985355	ERP126322	Klebsiella pneumoniae	strong	1	1	7	11	2019	NA	ST307	n	A ETC	S	R	NA	S	NA	NA	NA	R	NA	NA	NA	NA	S	NA	R	NA	R	NA	NA	R	NA	NA	NA	NA	NA	NA	NA	NA	NA	NA	NA	NA
ERR12058559	this study	42070_2#41	ERS7985200	ERP126322	Klebsiella pneumoniae	strong	0	1	7	8	2010	NA	ST14	y	unknown	NA	NA	NA	NA	NA	NA	NA	NA	NA	NA	NA	NA	NA	NA	NA	NA	NA	NA	NA	NA	NA	NA	NA	NA	NA	NA	NA	NA	NA	NA	NA	NA
ERR12058560	this study	42070_2#42	ERS7985356	ERP126322	Klebsiella pneumoniae	strong	1	1	8	13	2019	NA	ST14	y	PICU/HDU	S	R	NA	R	NA	NA	NA	R	NA	NA	NA	NA	R	NA	R	NA	R	NA	NA	R	NA	NA	NA	NA	NA	NA	NA	NA	NA	NA	NA	NA
ERR12058561	this study	42070_2#43	ERS7985201	ERP126322	Klebsiella pneumoniae	strong	1	1	6	8	2010	NA	ST35	y	unknown	NA	NA	NA	NA	NA	NA	NA	NA	NA	NA	NA	NA	NA	NA	NA	NA	NA	NA	NA	NA	NA	NA	NA	NA	NA	NA	NA	NA	NA	NA	NA	NA
ERR12058562	this study	42070_2#44	ERS7985357	ERP126322	Klebsiella pneumoniae	strong	1	1	8	12	2019	NA	ST14	y	CHATINKHA NURSERY	S	R	NA	S	NA	NA	NA	R	NA	NA	NA	NA	S	NA	R	NA	R	NA	NA	R	NA	NA	NA	NA	NA	NA	NA	NA	NA	NA	NA	NA
ERR12058563	this study	42070_2#45	ERS7985202	ERP126322	Klebsiella pneumoniae	strong	1	1	6	8	2010	NA	ST35	u	unknown	NA	NA	NA	NA	NA	NA	NA	NA	NA	NA	NA	NA	NA	NA	NA	NA	NA	NA	NA	NA	NA	NA	NA	NA	NA	NA	NA	NA	NA	NA	NA	NA
ERR12058564	this study	42070_2#46	ERS7985358	ERP126322	Klebsiella pneumoniae	strong	1	1	8	12	2019	NA	ST39	n	PICU/HDU	S	R	NA	S	NA	NA	NA	R	NA	NA	NA	NA	S	NA	R	NA	R	NA	NA	R	NA	NA	NA	NA	NA	NA	NA	NA	NA	NA	NA	NA
ERR12058565	this study	42070_2#47	ERS7985203	ERP126322	Klebsiella pneumoniae	strong	0	1	9	17	2010	NA	other	n	unknown	NA	NA	NA	NA	NA	NA	NA	NA	NA	NA	NA	NA	NA	NA	NA	NA	NA	NA	NA	NA	NA	NA	NA	NA	NA	NA	NA	NA	NA	NA	NA	NA
ERR12058566	this study	42070_2#48	ERS7985360	ERP126322	Klebsiella pneumoniae	strong	1	1	8	17	2019	NA	ST39	n	PICU/HDU	S	R	NA	R	NA	NA	NA	R	NA	NA	NA	NA	R	NA	S	NA	R	NA	NA	R	NA	NA	NA	NA	NA	NA	NA	NA	NA	NA	NA	NA
ERR12058522	this study	42070_2#4	ERS7985345	ERP126322	Klebsiella pneumoniae	strong	0	1	8	13	2018	NA	ST1552	y	PAEDIATRIC SURGICAL WARD	S	R	NA	S	NA	NA	NA	R	NA	NA	NA	NA	R	NA	R	NA	R	NA	NA	R	NA	NA	NA	NA	NA	NA	NA	NA	NA	NA	NA	NA
ERR12058567	this study	42070_2#50	ERS7985524	ERP126322	Klebsiella pneumoniae	strong	1	1	7	11	2017	NA	ST39	y	CHATINKHA NURSERY	S	R	NA	S	NA	NA	NA	R	NA	NA	NA	NA	S	NA	S	NA	R	NA	NA	R	NA	NA	NA	NA	NA	NA	NA	NA	NA	NA	NA	NA
ERR12058568	this study	42070_2#52	ERS7985525	ERP126322	Klebsiella pneumoniae	strong	1	1	7	11	2017	NA	ST39	y	CHATINKHA NURSERY	S	R	NA	S	NA	NA	NA	R	NA	NA	NA	NA	S	NA	S	NA	R	NA	NA	R	NA	NA	NA	NA	NA	NA	NA	NA	NA	NA	NA	NA
ERR12058569	this study	42070_2#53	ERS7985451	ERP126322	Klebsiella pneumoniae	strong	1	0	0	0	2017	NA	other	n	unknown	NA	R	NA	NA	NA	NA	NA	S	NA	NA	NA	NA	S	NA	S	NA	S	NA	NA	S	NA	NA	NA	NA	NA	NA	NA	NA	NA	NA	NA	NA
ERR12058570	this study	42070_2#54	ERS7985526	ERP126322	Klebsiella pneumoniae	strong	1	1	7	11	2017	NA	ST39	y	CHATINKHA NURSERY	S	R	NA	R	NA	NA	NA	R	NA	NA	NA	NA	S	NA	S	NA	R	NA	NA	R	NA	NA	NA	NA	NA	NA	NA	NA	NA	NA	NA	NA
ERR12058571	this study	42070_2#55	ERS7985452	ERP126322	Klebsiella variicola subsp. variicola	strong	0	1	6	7	2017	NA	other	y	CHATINKHA NURSERY	S	R	NA	S	NA	NA	NA	R	NA	NA	NA	NA	S	NA	S	NA	R	NA	NA	R	NA	NA	NA	NA	NA	NA	NA	NA	NA	NA	NA	NA
ERR12058572	this study	42070_2#56	ERS7985527	ERP126322	Klebsiella pneumoniae	strong	1	1	7	11	2017	NA	ST39	y	CHATINKHA NURSERY	S	R	NA	S	NA	NA	NA	R	NA	NA	NA	NA	S	NA	S	NA	NA	NA	NA	R	NA	NA	NA	NA	NA	NA	NA	NA	NA	NA	NA	NA
ERR12058573	this study	42070_2#57	ERS7985453	ERP126322	Klebsiella quasipneumoniae subsp. similipneumoniae	strong	0	0	4	5	2017	NA	other	n	3B MALE MEDICAL WARD	NA	R	NA	NA	NA	NA	NA	S	NA	NA	NA	NA	S	NA	S	NA	R	NA	NA	S	NA	NA	NA	NA	NA	NA	NA	NA	NA	NA	NA	NA
ERR12058574	this study	42070_2#58	ERS7985528	ERP126322	Klebsiella pneumoniae	strong	1	1	8	15	2017	NA	ST15	n	PAEDIATRIC MEDICAL BAY/WARD	S	R	NA	R	NA	NA	NA	R	NA	NA	NA	NA	S	NA	R	NA	R	NA	NA	R	NA	NA	NA	NA	NA	NA	NA	NA	NA	NA	NA	NA
ERR12058575	this study	42070_2#59	ERS7985454	ERP126322	Klebsiella pneumoniae	strong	1	1	7	11	2017	NA	ST39	y	CHATINKHA NURSERY	S	R	NA	S	NA	NA	NA	R	NA	NA	NA	NA	S	NA	S	NA	R	NA	NA	R	NA	NA	NA	NA	NA	NA	NA	NA	NA	NA	NA	NA
ERR12058523	this study	42070_2#5	ERS7985190	ERP126322	Klebsiella pneumoniae	strong	0	1	9	16	2013	NA	ST340	y	CHATINKHA NURSERY	S	R	NA	NA	NA	NA	NA	R	NA	NA	NA	NA	R	NA	R	NA	R	NA	NA	R	NA	NA	NA	NA	NA	NA	NA	NA	NA	NA	NA	NA
ERR12058576	this study	42070_2#60	ERS7985529	ERP126322	Klebsiella pneumoniae	strong	1	1	7	11	2017	NA	ST39	y	CHATINKHA NURSERY	S	R	NA	R	NA	NA	NA	R	NA	NA	NA	NA	S	NA	S	NA	R	NA	NA	R	NA	NA	NA	NA	NA	NA	NA	NA	NA	NA	NA	NA
ERR12058577	this study	42070_2#61	ERS7985455	ERP126322	Klebsiella pneumoniae	strong	0	1	8	16	2010	NA	other	n	unknown	NA	NA	NA	NA	NA	NA	NA	NA	NA	NA	NA	NA	NA	NA	NA	NA	NA	NA	NA	NA	NA	NA	NA	NA	NA	NA	NA	NA	NA	NA	NA	NA
ERR12058578	this study	42070_2#62	ERS7985530	ERP126322	Klebsiella pneumoniae	strong	1	0	3	3	2017	NA	other	y	CHATINKHA NURSERY	S	R	NA	S	NA	NA	NA	S	NA	NA	NA	NA	S	NA	S	NA	R	NA	NA	S	NA	NA	NA	NA	NA	NA	NA	NA	NA	NA	NA	NA
ERR12058579	this study	42070_2#63	ERS7985590	ERP126322	Klebsiella pneumoniae	strong	0	1	4	4	2010	NA	ST17	y	unknown	NA	NA	NA	NA	NA	NA	NA	NA	NA	NA	NA	NA	NA	NA	NA	NA	NA	NA	NA	NA	NA	NA	NA	NA	NA	NA	NA	NA	NA	NA	NA	NA
ERR12058580	this study	42070_2#64	ERS7985531	ERP126322	Klebsiella pneumoniae	strong	1	1	8	13	NA	NA	ST307	n	unknown	NA	NA	NA	NA	NA	NA	NA	NA	NA	NA	NA	NA	NA	NA	NA	NA	NA	NA	NA	NA	NA	NA	NA	NA	NA	NA	NA	NA	NA	NA	NA	NA
ERR12058581	this study	42070_2#65	ERS7985204	ERP126322	Klebsiella pneumoniae	strong	0	1	7	8	2011	NA	ST14	n	unknown	NA	NA	NA	NA	NA	NA	NA	NA	NA	NA	NA	NA	NA	NA	NA	NA	NA	NA	NA	NA	NA	NA	NA	NA	NA	NA	NA	NA	NA	NA	NA	NA
ERR12058582	this study	42070_2#66	ERS7985359	ERP126322	Klebsiella pneumoniae	strong	1	1	8	13	2019	NA	ST14	n	PAEDIATRIC SURGICAL WARD	S	R	NA	S	NA	NA	NA	R	NA	NA	NA	NA	NA	NA	R	NA	R	NA	NA	R	NA	NA	NA	NA	NA	NA	NA	NA	NA	NA	NA	NA
ERR12058583	this study	42070_2#67	ERS7985205	ERP126322	Klebsiella pneumoniae	strong	3	0	0	0	2011	NA	ST25	n	unknown	NA	NA	NA	NA	NA	NA	NA	NA	NA	NA	NA	NA	NA	NA	NA	NA	NA	NA	NA	NA	NA	NA	NA	NA	NA	NA	NA	NA	NA	NA	NA	NA
ERR12058584	this study	42070_2#68	ERS7985361	ERP126322	Klebsiella pneumoniae	strong	1	1	8	13	2019	NA	ST14	y	PICU/HDU	S	R	NA	R	NA	NA	NA	R	NA	NA	NA	NA	R	NA	R	NA	R	NA	NA	R	NA	NA	NA	NA	NA	NA	NA	NA	NA	NA	NA	NA
ERR12058585	this study	42070_2#69	ERS7985206	ERP126322	Klebsiella pneumoniae	strong	0	1	9	15	2012	NA	ST307	n	unknown	NA	NA	NA	NA	NA	NA	NA	NA	NA	NA	NA	NA	NA	NA	NA	NA	NA	NA	NA	NA	NA	NA	NA	NA	NA	NA	NA	NA	NA	NA	NA	NA
ERR12058524	this study	42070_2#6	ERS7985346	ERP126322	Klebsiella pneumoniae	strong	0	1	8	13	2018	NA	ST1552	y	PAEDIATRIC SURGICAL WARD	S	R	NA	S	NA	NA	NA	R	NA	NA	NA	NA	R	NA	R	NA	R	NA	NA	R	NA	NA	NA	NA	NA	NA	NA	NA	NA	NA	NA	NA
ERR12058586	this study	42070_2#70	ERS7985362	ERP126322	Klebsiella quasipneumoniae subsp. similipneumoniae	strong	0	1	9	15	2019	NA	other	n	PAEDIATRIC NURSERY	R	R	NA	R	NA	NA	NA	R	NA	NA	NA	NA	R	NA	R	NA	R	NA	NA	R	NA	NA	NA	NA	NA	NA	NA	NA	NA	NA	NA	NA
ERR12058587	this study	42070_2#71	ERS7985207	ERP126322	Klebsiella pneumoniae	strong	0	1	8	13	2011	NA	ST14	n	unknown	NA	NA	NA	NA	NA	NA	NA	NA	NA	NA	NA	NA	NA	NA	NA	NA	NA	NA	NA	NA	NA	NA	NA	NA	NA	NA	NA	NA	NA	NA	NA	NA
ERR12058588	this study	42070_2#72	ERS7985363	ERP126322	Klebsiella pneumoniae	strong	1	1	8	13	2019	NA	ST14	y	PICU/HDU	I	R	NA	R	NA	NA	NA	R	NA	NA	NA	NA	R	NA	R	NA	R	NA	NA	R	NA	NA	NA	NA	NA	NA	NA	NA	NA	NA	NA	NA
ERR12058589	this study	42070_2#73	ERS7985208	ERP126322	Klebsiella pneumoniae	strong	3	0	0	0	2011	NA	ST25	n	unknown	NA	NA	NA	NA	NA	NA	NA	NA	NA	NA	NA	NA	NA	NA	NA	NA	NA	NA	NA	NA	NA	NA	NA	NA	NA	NA	NA	NA	NA	NA	NA	NA
ERR12058590	this study	42070_2#74	ERS7985364	ERP126322	Klebsiella variicola subsp. variicola	strong	0	0	0	0	2019	NA	other	n	PAEDIATRIC NURSERY	NA	I	NA	NA	NA	NA	NA	S	NA	NA	NA	NA	S	NA	S	NA	S	NA	NA	S	NA	NA	NA	NA	NA	NA	NA	NA	NA	NA	NA	NA
ERR12058591	this study	42070_2#75	ERS7985209	ERP126322	Klebsiella pneumoniae	strong	0	1	7	8	2011	NA	ST14	n	unknown	NA	NA	NA	NA	NA	NA	NA	NA	NA	NA	NA	NA	NA	NA	NA	NA	NA	NA	NA	NA	NA	NA	NA	NA	NA	NA	NA	NA	NA	NA	NA	NA
ERR12058592	this study	42070_2#76	ERS7985365	ERP126322	Klebsiella pneumoniae	strong	1	1	8	13	2019	NA	ST14	y	PICU/HDU	S	R	NA	S	NA	NA	NA	R	NA	NA	NA	NA	R	NA	R	NA	R	NA	NA	R	NA	NA	NA	NA	NA	NA	NA	NA	NA	NA	NA	NA
ERR12058593	this study	42070_2#77	ERS7985210	ERP126322	Klebsiella pneumoniae	strong	0	1	8	12	NA	NA	ST307	n	unknown	NA	NA	NA	NA	NA	NA	NA	NA	NA	NA	NA	NA	NA	NA	NA	NA	NA	NA	NA	NA	NA	NA	NA	NA	NA	NA	NA	NA	NA	NA	NA	NA
ERR12058594	this study	42070_2#78	ERS7985366	ERP126322	Klebsiella pneumoniae	strong	1	1	8	13	2019	NA	ST14	n	PAEDIATRIC SURGICAL WARD	S	R	NA	R	NA	NA	NA	R	NA	NA	NA	NA	R	NA	R	NA	R	NA	NA	R	NA	NA	NA	NA	NA	NA	NA	NA	NA	NA	NA	NA
ERR12058525	this study	42070_2#7	ERS7985191	ERP126322	Klebsiella pneumoniae	strong	0	1	7	15	2013	NA	other	n	PAEDIATRIC SPECIAL CARE WARD	S	R	NA	NA	NA	NA	NA	R	NA	NA	NA	NA	R	NA	S	NA	R	NA	NA	R	NA	NA	NA	NA	NA	NA	NA	NA	NA	NA	NA	NA
ERR12058596	this study	42070_2#80	ERS7985367	ERP126322	Klebsiella pneumoniae	strong	1	1	8	13	2019	NA	ST14	n	PICU/HDU	S	R	NA	R	NA	NA	NA	R	NA	NA	NA	NA	R	NA	R	NA	R	NA	NA	R	NA	NA	NA	NA	NA	NA	NA	NA	NA	NA	NA	NA
ERR12058597	this study	42070_2#81	ERS7985589	ERP126322	Klebsiella pneumoniae	strong	0	1	7	10	2010	NA	ST35	y	unknown	NA	NA	NA	NA	NA	NA	NA	NA	NA	NA	NA	NA	NA	NA	NA	NA	NA	NA	NA	NA	NA	NA	NA	NA	NA	NA	NA	NA	NA	NA	NA	NA
ERR12058598	this study	42070_2#82	ERS7985532	ERP126322	Klebsiella pneumoniae	strong	0	0	0	0	2016	NA	other	n	3B MALE MEDICAL WARD	NA	I	NA	NA	NA	NA	NA	S	NA	NA	NA	NA	R	NA	S	NA	S	NA	NA	S	NA	NA	NA	NA	NA	NA	NA	NA	NA	NA	NA	NA
ERR12058599	this study	42070_2#83	ERS7985591	ERP126322	Klebsiella pneumoniae	strong	3	1	8	16	2010	NA	other	n	unknown	NA	NA	NA	NA	NA	NA	NA	NA	NA	NA	NA	NA	NA	NA	NA	NA	NA	NA	NA	NA	NA	NA	NA	NA	NA	NA	NA	NA	NA	NA	NA	NA
ERR12058600	this study	42070_2#84	ERS7985533	ERP126322	Klebsiella quasipneumoniae subsp. similipneumoniae	strong	0	1	6	7	2016	NA	other	n	PAEDIATRIC NURSERY	NA	R	NA	NA	NA	NA	NA	R	NA	NA	NA	NA	S	NA	R	NA	R	NA	NA	R	NA	NA	NA	NA	NA	NA	NA	NA	NA	NA	NA	NA
ERR12058602	this study	42070_2#86	ERS7985534	ERP126322	Klebsiella pneumoniae	strong	0	1	9	14	2016	NA	ST340	n	PAEDIATRIC NURSERY	NA	R	NA	NA	NA	NA	NA	R	NA	NA	NA	NA	R	NA	R	NA	R	NA	NA	R	NA	NA	NA	NA	NA	NA	NA	NA	NA	NA	NA	NA
ERR12058603	this study	42070_2#88	ERS7985535	ERP126322	Klebsiella pneumoniae	strong	1	0	0	0	2016	NA	ST36	n	PAEDIATRIC NURSERY	NA	R	NA	NA	NA	NA	NA	S	NA	NA	NA	NA	S	NA	S	NA	S	NA	NA	S	NA	NA	NA	NA	NA	NA	NA	NA	NA	NA	NA	NA
ERR12058526	this study	42070_2#8	ERS7985347	ERP126322	Klebsiella pneumoniae	strong	0	0	4	5	2018	NA	other	n	PAEDIATRIC SPECIAL CARE WARD	NA	R	NA	NA	NA	NA	NA	S	NA	NA	NA	NA	S	NA	S	NA	R	NA	NA	S	NA	NA	NA	NA	NA	NA	NA	NA	NA	NA	NA	NA
ERR12058604	this study	42070_2#90	ERS7985536	ERP126322	Klebsiella pneumoniae	strong	0	0	2	2	2016	NA	other	n	unknown	NA	NA	NA	NA	NA	NA	NA	NA	NA	NA	NA	NA	NA	NA	NA	NA	NA	NA	NA	NA	NA	NA	NA	NA	NA	NA	NA	NA	NA	NA	NA	NA
ERR12058605	this study	42070_2#91	ERS7985594	ERP126322	Klebsiella quasipneumoniae subsp. similipneumoniae	strong	0	1	9	17	NA	NA	other	n	unknown	NA	NA	NA	NA	NA	NA	NA	NA	NA	NA	NA	NA	NA	NA	NA	NA	NA	NA	NA	NA	NA	NA	NA	NA	NA	NA	NA	NA	NA	NA	NA	NA
ERR12058606	this study	42070_2#92	ERS7985537	ERP126322	Klebsiella pneumoniae	strong	0	1	6	9	2016	NA	ST14	y	CHATINKHA NURSERY	S	R	NA	R	NA	NA	NA	R	NA	NA	NA	NA	R	NA	S	NA	R	NA	NA	R	NA	NA	NA	NA	NA	NA	NA	NA	NA	NA	NA	NA
ERR12058607	this study	42070_2#94	ERS7985538	ERP126322	Klebsiella quasipneumoniae subsp. similipneumoniae	strong	0	1	6	7	2016	NA	other	n	PAEDIATRIC NURSERY	S	R	NA	NA	NA	NA	NA	R	NA	NA	NA	NA	S	NA	R	NA	R	NA	NA	R	NA	NA	NA	NA	NA	NA	NA	NA	NA	NA	NA	NA
ERR12058609	this study	42070_2#96	ERS7985539	ERP126322	Klebsiella pneumoniae	strong	0	1	10	18	2016	NA	ST14	n	PAEDIATRIC MEDICAL BAY/WARD	I	R	NA	S	NA	NA	NA	R	NA	NA	NA	NA	R	NA	R	NA	R	NA	NA	R	NA	NA	NA	NA	NA	NA	NA	NA	NA	NA	NA	NA
ERR12058610	this study	42070_2#97	ERS7985212	ERP126322	Klebsiella pneumoniae	strong	0	1	4	4	2012	NA	ST36	n	unknown	NA	NA	NA	NA	NA	NA	NA	NA	NA	NA	NA	NA	NA	NA	NA	NA	NA	NA	NA	NA	NA	NA	NA	NA	NA	NA	NA	NA	NA	NA	NA	NA
ERR12058611	this study	42070_2#98	ERS7985368	ERP126322	Klebsiella pneumoniae	strong	0	1	9	13	2019	NA	ST37	n	PICU/HDU	S	R	NA	R	NA	NA	NA	R	NA	NA	NA	NA	S	NA	R	NA	R	NA	NA	R	NA	NA	NA	NA	NA	NA	NA	NA	NA	NA	NA	NA
ERR12058527	this study	42070_2#9	ERS7985192	ERP126322	Klebsiella pneumoniae	strong	0	1	9	17	2013	NA	ST340	y	CHATINKHA NURSERY	S	R	NA	R	NA	NA	NA	R	NA	NA	NA	NA	R	NA	R	NA	R	NA	NA	R	NA	NA	NA	NA	NA	NA	NA	NA	NA	NA	NA	NA
ERR12058899	this study	42092_1#114	ERS7984829	ERP126322	Klebsiella pneumoniae	strong	0	0	5	8	2020	NA	ST14	n	3B MALE MEDICAL WARD	S	R	NA	R	NA	S	NA	S	NA	NA	NA	NA	R	NA	S	NA	R	NA	NA	S	NA	NA	S	NA	S	NA	NA	R	NA	NA	NA	NA
ERR12058900	this study	42092_1#116	ERS7984830	ERP126322	Klebsiella pneumoniae	strong	1	1	6	11	2020	NA	ST607	n	3B MALE MEDICAL WARD	S	R	NA	R	NA	S	NA	R	NA	NA	NA	NA	S	NA	S	NA	R	NA	NA	R	NA	NA	I	NA	R	NA	NA	R	NA	NA	NA	NA
ERR12058901	this study	42092_1#118	ERS7984831	ERP126322	Klebsiella quasipneumoniae subsp. similipneumoniae	strong	0	0	4	4	2020	NA	other	u	3B MALE MEDICAL WARD	NA	R	NA	NA	NA	NA	NA	S	NA	NA	NA	NA	S	NA	S	R	NA	NA	NA	S	NA	NA	NA	NA	NA	NA	NA	NA	NA	NA	NA	NA
ERR12058902	this study	42092_1#120	ERS7984832	ERP126322	Klebsiella pneumoniae	strong	0	1	5	5	2020	NA	ST101	n	PAEDIATRIC SPECIAL CARE WARD	I	R	NA	R	NA	S	NA	R	NA	NA	NA	NA	S	NA	S	NA	R	NA	NA	R	NA	NA	S	NA	R	NA	NA	R	NA	NA	NA	NA
ERR12058903	this study	42092_1#122	ERS7984833	ERP126322	Klebsiella pneumoniae	strong	1	1	7	16	2020	NA	other	n	PAEDIATRIC NURSERY	S	R	NA	R	NA	S	NA	R	NA	NA	NA	NA	S	NA	R	NA	R	NA	NA	R	NA	NA	S	NA	R	NA	NA	R	NA	NA	NA	NA
ERR12058904	this study	42092_1#124	ERS7984834	ERP126322	Klebsiella pneumoniae	strong	1	1	7	16	2020	NA	other	n	PAEDIATRIC NURSERY	S	R	NA	R	NA	S	NA	R	NA	NA	NA	NA	S	NA	R	NA	R	NA	NA	R	NA	NA	S	NA	R	NA	NA	R	NA	NA	NA	NA
ERR12058905	this study	42092_1#126	ERS7984835	ERP126322	Klebsiella pneumoniae	strong	1	1	8	15	2020	NA	ST15	n	CHATINKHA NURSERY	S	R	NA	R	NA	S	NA	R	NA	NA	NA	NA	S	NA	R	R	NA	NA	NA	R	NA	NA	S	NA	R	NA	NA	R	NA	NA	NA	NA
ERR12058906	this study	42092_1#128	ERS7984836	ERP126322	Klebsiella pneumoniae	strong	1	1	7	16	2020	NA	other	n	unknown	S	R	NA	R	NA	S	NA	R	NA	NA	NA	NA	S	NA	R	NA	R	NA	NA	R	NA	NA	S	NA	R	NA	NA	R	NA	NA	NA	NA
ERR12058907	this study	42092_1#146	ERS7984837	ERP126322	Klebsiella pneumoniae	strong	1	1	6	8	2020	NA	ST15	y	CHATINKHA NURSERY	S	R	NA	R	NA	S	NA	R	NA	NA	NA	NA	S	NA	R	NA	R	NA	NA	R	NA	NA	S	NA	R	NA	NA	R	NA	NA	NA	NA
ERR12058908	this study	42092_1#148	ERS7984838	ERP126322	Klebsiella pneumoniae	strong	1	1	8	13	2020	NA	ST607	y	CHATINKHA NURSERY	S	R	NA	R	NA	R	NA	R	NA	NA	NA	NA	R	NA	R	R	NA	NA	NA	R	NA	NA	S	NA	S	NA	NA	R	NA	NA	NA	NA
ERR12058909	this study	42092_1#150	ERS7984839	ERP126322	Klebsiella pneumoniae	strong	1	1	7	13	2020	NA	ST29	n	PAEDIATRIC ONCOLOGY	S	R	NA	R	NA	S	NA	R	NA	NA	NA	NA	S	NA	S	NA	R	NA	NA	R	NA	NA	S	NA	S	NA	NA	R	NA	NA	NA	NA
ERR12058910	this study	42092_1#152	ERS7984840	ERP126322	Klebsiella quasipneumoniae subsp. quasipneumoniae	strong	0	0	3	4	2020	NA	other	n	PAEDIATRIC NURSERY	NA	R	NA	NA	NA	NA	NA	S	NA	NA	NA	NA	S	NA	S	NA	R	NA	NA	S	NA	NA	NA	NA	NA	NA	NA	NA	NA	NA	NA	NA
ERR12058911	this study	42092_1#154	ERS7984841	ERP126322	Klebsiella pneumoniae	strong	1	1	8	14	2020	NA	ST607	n	A ETC	S	R	NA	R	NA	S	NA	R	NA	NA	NA	NA	R	NA	R	NA	R	NA	NA	R	NA	NA	S	NA	R	NA	NA	R	NA	NA	NA	NA
ERR12058912	this study	42092_1#156	ERS7984843	ERP126322	Klebsiella pneumoniae	strong	0	1	8	14	2020	NA	ST340	n	A ETC	I	R	NA	R	NA	S	NA	R	NA	NA	NA	NA	R	NA	R	NA	R	NA	NA	R	NA	NA	S	NA	R	NA	NA	R	NA	NA	NA	NA
ERR12058913	this study	42092_1#158	ERS7984842	ERP126322	Klebsiella pneumoniae	strong	1	1	5	10	2020	NA	other	n	PAEDIATRIC MOYO WARD	S	R	NA	R	NA	S	NA	R	NA	NA	NA	NA	S	NA	R	NA	R	NA	NA	R	NA	NA	S	NA	R	NA	NA	R	NA	NA	NA	NA
ERR12058914	this study	42092_1#160	ERS7984844	ERP126322	Klebsiella pneumoniae	strong	1	1	7	12	2020	NA	ST607	n	3B MALE MEDICAL WARD	S	R	NA	NA	NA	S	NA	R	NA	NA	NA	NA	S	NA	R	NA	R	NA	NA	R	NA	NA	S	NA	R	NA	NA	R	NA	NA	NA	NA
ERR12058915	this study	42092_1#178	ERS7984845	ERP126322	Klebsiella quasipneumoniae subsp. similipneumoniae	strong	0	0	3	4	2020	NA	other	y	PAEDIATRIC NURSERY	NA	R	NA	NA	NA	NA	NA	S	NA	NA	NA	NA	S	NA	S	NA	R	NA	NA	S	NA	NA	NA	NA	NA	NA	NA	NA	NA	NA	NA	NA
ERR12058916	this study	42092_1#180	ERS7984846	ERP126322	Klebsiella pneumoniae	strong	1	1	7	16	2020	NA	other	n	PAEDIATRIC NURSERY	S	R	NA	R	NA	S	NA	R	NA	NA	NA	NA	S	NA	R	NA	R	NA	NA	R	NA	NA	S	NA	R	NA	NA	R	NA	NA	NA	NA
ERR12058917	this study	42092_1#182	ERS7984847	ERP126322	Klebsiella pneumoniae	strong	1	1	6	9	2020	NA	ST29	n	PAEDIATRIC MOYO WARD	S	R	NA	R	NA	S	NA	R	NA	NA	NA	NA	S	NA	S	NA	R	NA	NA	R	NA	NA	S	NA	S	NA	NA	S	NA	NA	NA	NA
ERR12058918	this study	42092_1#184	ERS7984848	ERP126322	Klebsiella pneumoniae	strong	1	1	6	9	2020	NA	ST29	n	PICU/HDU	S	R	NA	R	NA	S	NA	R	NA	NA	NA	NA	S	NA	S	NA	R	NA	NA	R	NA	NA	S	NA	S	NA	NA	S	NA	NA	NA	NA
ERR12058919	this study	42092_1#186	ERS7984850	ERP126322	Klebsiella pneumoniae	strong	0	1	7	10	2020	NA	ST391	y	CHATINKHA NURSERY	S	R	NA	R	NA	S	NA	R	NA	NA	NA	NA	S	NA	R	NA	R	NA	NA	R	NA	NA	S	NA	R	NA	NA	R	NA	NA	NA	NA
ERR12058920	this study	42092_1#188	ERS7984851	ERP126322	Klebsiella pneumoniae	strong	4	1	5	5	2020	NA	ST86	n	3B MALE MEDICAL WARD	S	R	NA	R	NA	S	NA	R	NA	NA	NA	NA	S	NA	S	NA	R	NA	NA	I	NA	NA	S	NA	S	NA	NA	NA	NA	NA	NA	NA
ERR12058875	this study	42092_1#18	ERS7984804	ERP126322	Klebsiella pneumoniae	strong	1	1	8	15	2019	NA	ST15	n	PICU/HDU	S	R	NA	R	NA	S	NA	R	NA	NA	NA	NA	S	NA	R	NA	R	NA	NA	R	NA	NA	S	NA	R	NA	NA	R	NA	NA	NA	NA
ERR12058921	this study	42092_1#190	ERS7984852	ERP126322	Klebsiella pneumoniae	strong	1	1	7	16	2020	NA	other	n	PAEDIATRIC NURSERY	S	R	NA	R	NA	S	NA	R	NA	NA	NA	NA	S	NA	R	NA	R	NA	NA	R	NA	NA	S	NA	R	NA	NA	R	NA	NA	NA	NA
ERR12058922	this study	42092_1#192	ERS7984853	ERP126322	Klebsiella pneumoniae	strong	0	0	4	4	2020	NA	ST17	n	PAEDIATRIC NURSERY	NA	S	NA	NA	NA	NA	NA	S	NA	NA	NA	NA	S	NA	S	NA	R	NA	NA	S	NA	NA	NA	NA	NA	NA	NA	NA	NA	NA	NA	NA
ERR12058876	this study	42092_1#20	ERS7984803	ERP126322	Klebsiella pneumoniae	strong	1	1	8	15	2019	NA	ST15	y	PICU/HDU	S	R	NA	R	NA	S	NA	R	NA	NA	NA	NA	S	NA	R	NA	R	NA	NA	R	NA	NA	S	NA	R	NA	NA	R	NA	NA	NA	NA
ERR12058924	this study	42092_1#212	ERS7984855	ERP126322	Klebsiella variicola subsp. variicola	strong	0	0	3	3	2020	NA	other	n	PAEDIATRIC NURSERY	S	R	NA	R	NA	S	NA	S	NA	NA	NA	NA	S	NA	S	NA	R	NA	NA	S	NA	NA	S	NA	S	NA	NA	S	NA	NA	NA	NA
ERR12058925	this study	42092_1#214	ERS7984856	ERP126322	Klebsiella pneumoniae	strong	1	1	7	10	2020	NA	ST45	y	PAEDIATRIC NURSERY	S	R	NA	R	NA	S	NA	R	NA	NA	NA	NA	R	NA	S	NA	R	NA	NA	R	NA	NA	S	NA	S	NA	NA	R	NA	NA	NA	NA
ERR12058926	this study	42092_1#216	ERS7984857	ERP126322	Klebsiella pneumoniae	strong	1	1	6	11	2020	NA	ST607	n	unknown	S	R	NA	R	NA	S	NA	R	NA	NA	NA	NA	S	NA	S	NA	R	NA	NA	R	NA	NA	S	NA	S	NA	NA	R	NA	NA	NA	NA
ERR12058927	this study	42092_1#218	ERS7984858	ERP126322	Klebsiella pneumoniae	strong	1	1	8	12	2020	NA	ST307	n	3B MALE MEDICAL WARD	S	R	NA	R	NA	S	NA	R	NA	NA	NA	NA	S	NA	R	NA	R	NA	NA	R	NA	NA	S	NA	R	NA	NA	R	NA	NA	NA	NA
ERR12058928	this study	42092_1#220	ERS7984859	ERP126322	Klebsiella pneumoniae	strong	0	1	7	15	2020	NA	other	y	CHATINKHA NURSERY	I	R	NA	R	NA	S	NA	R	NA	NA	NA	NA	R	NA	R	NA	R	NA	NA	R	NA	NA	S	NA	R	NA	NA	R	NA	NA	NA	NA
ERR12058929	this study	42092_1#222	ERS7984860	ERP126322	Klebsiella pneumoniae	strong	0	1	9	15	2020	NA	ST48	n	PAEDIATRIC ONCOLOGY	S	R	NA	R	NA	S	NA	R	NA	NA	NA	NA	R	NA	R	NA	R	NA	NA	R	NA	NA	S	NA	R	NA	NA	R	NA	NA	NA	NA
ERR12058930	this study	42092_1#224	ERS7984861	ERP126322	Klebsiella pneumoniae	strong	1	1	6	9	2020	NA	ST29	y	PICU/HDU	S	R	NA	R	NA	S	NA	R	NA	NA	NA	NA	S	NA	S	NA	R	NA	NA	R	NA	NA	S	NA	S	NA	NA	S	NA	NA	NA	NA
ERR12058877	this study	42092_1#22	ERS7984805	ERP126322	Klebsiella pneumoniae	strong	1	1	8	12	2019	NA	ST15	y	PICU/HDU	S	R	NA	R	NA	S	NA	R	NA	NA	NA	NA	S	NA	R	NA	R	NA	NA	R	NA	NA	S	NA	R	NA	NA	R	NA	NA	NA	NA
ERR12058931	this study	42092_1#242	ERS7984862	ERP126322	Klebsiella pneumoniae	strong	0	0	0	0	2020	NA	other	y	PICU/HDU	S	R	NA	R	NA	S	NA	R	NA	NA	NA	NA	S	NA	R	NA	S	NA	NA	S	NA	NA	S	NA	R	NA	NA	S	NA	NA	NA	NA
ERR12058933	this study	42092_1#246	ERS7984864	ERP126322	Klebsiella pneumoniae	strong	0	0	0	0	2020	NA	other	n	PAEDIATRIC ONCOLOGY	NA	R	NA	NA	NA	NA	NA	S	NA	NA	NA	NA	S	NA	S	S	NA	NA	NA	S	NA	NA	NA	NA	NA	NA	NA	NA	NA	NA	NA	NA
ERR12058934	this study	42092_1#248	ERS7984865	ERP126322	Klebsiella pneumoniae	strong	1	1	6	9	2020	NA	ST29	y	PICU/HDU	S	R	NA	R	NA	S	NA	R	NA	NA	NA	NA	S	NA	R	NA	R	NA	NA	R	NA	NA	S	NA	S	NA	NA	S	NA	NA	NA	NA
ERR12058878	this study	42092_1#24	ERS7984806	ERP126322	Klebsiella pneumoniae	strong	1	0	6	7	2019	NA	ST45	y	PICU/HDU	NA	R	NA	NA	NA	NA	NA	S	NA	NA	NA	NA	S	NA	S	NA	R	NA	NA	S	NA	NA	NA	NA	NA	NA	NA	NA	NA	NA	NA	NA
ERR12058935	this study	42092_1#250	ERS7984866	ERP126322	Klebsiella pneumoniae	strong	0	0	6	8	2020	NA	other	u	unknown	S	R	NA	R	NA	S	NA	S	NA	NA	NA	NA	R	NA	S	NA	R	NA	NA	R	NA	NA	S	NA	S	NA	NA	R	NA	NA	NA	NA
ERR12058936	this study	42092_1#252	ERS7984867	ERP126322	Klebsiella pneumoniae	strong	1	1	6	8	2020	NA	ST14	n	PAEDIATRIC NURSERY	S	R	NA	R	NA	S	NA	R	NA	NA	NA	NA	S	NA	R	NA	R	NA	NA	R	NA	NA	S	NA	R	NA	NA	R	NA	NA	NA	NA
ERR12058937	this study	42092_1#254	ERS7984868	ERP126322	Klebsiella pneumoniae	strong	1	1	8	12	2020	NA	other	n	PAEDIATRIC MEDICAL BAY/WARD	S	R	NA	R	NA	S	NA	R	NA	NA	NA	NA	R	NA	R	NA	R	NA	NA	R	NA	NA	S	NA	R	NA	NA	R	NA	NA	NA	NA
ERR12058938	this study	42092_1#256	ERS7984869	ERP126322	Klebsiella pneumoniae	strong	1	1	9	20	2020	NA	ST25	n	PAEDIATRIC A&E	S	R	NA	R	NA	S	NA	R	NA	NA	NA	NA	R	NA	R	NA	R	NA	NA	R	NA	NA	S	NA	R	NA	NA	R	NA	NA	NA	NA
ERR12058879	this study	42092_1#26	ERS7984807	ERP126322	Klebsiella pneumoniae	strong	1	1	8	14	2019	NA	ST607	n	4A FEMALE MEDICAL WARD	S	R	NA	R	NA	S	NA	R	NA	NA	NA	NA	R	NA	R	NA	R	NA	NA	R	NA	NA	S	NA	R	NA	NA	R	NA	NA	NA	NA
ERR12058939	this study	42092_1#274	ERS7984870	ERP126322	Klebsiella pneumoniae	strong	0	1	5	5	2020	NA	ST584	y	CHATINKHA NURSERY	S	R	NA	R	NA	S	NA	R	NA	NA	NA	NA	S	NA	S	NA	R	NA	NA	R	NA	NA	S	NA	R	NA	NA	R	NA	NA	NA	NA
ERR12058940	this study	42092_1#276	ERS7984871	ERP126322	Klebsiella pneumoniae	strong	1	1	9	12	2020	NA	ST307	n	A ETC	I	R	NA	R	NA	S	NA	R	NA	NA	NA	NA	R	NA	R	NA	R	NA	NA	R	NA	NA	S	NA	R	NA	NA	R	NA	NA	NA	NA
ERR12058941	this study	42092_1#278	ERS7984872	ERP126322	Klebsiella pneumoniae	strong	1	1	6	9	2020	NA	ST29	n	PICU/HDU	I	R	NA	R	NA	S	NA	R	NA	NA	NA	NA	S	NA	S	NA	R	NA	NA	R	NA	NA	S	NA	R	NA	NA	R	NA	NA	NA	NA
ERR12058942	this study	42092_1#280	ERS7984873	ERP126322	Klebsiella pneumoniae	strong	1	1	6	9	2020	NA	ST29	y	PICU/HDU	S	R	NA	R	NA	S	NA	R	NA	NA	NA	NA	S	NA	S	NA	R	NA	NA	R	NA	NA	S	NA	R	NA	NA	R	NA	NA	NA	NA
ERR12058943	this study	42092_1#282	ERS7984874	ERP126322	Klebsiella pneumoniae	strong	0	0	0	0	2020	NA	other	n	PAEDIATRIC ONCOLOGY	S	R	NA	S	NA	S	NA	S	NA	NA	NA	NA	S	NA	R	S	NA	NA	NA	S	NA	NA	S	NA	S	NA	NA	S	NA	NA	NA	NA
ERR12058944	this study	42092_1#284	ERS7984875	ERP126322	Klebsiella pneumoniae	strong	1	1	6	9	2020	NA	ST29	y	PICU/HDU	I	R	NA	R	NA	S	NA	NA	NA	NA	NA	NA	S	NA	S	NA	R	NA	NA	R	NA	NA	I	NA	R	NA	NA	R	NA	NA	NA	NA
ERR12058945	this study	42092_1#286	ERS7984876	ERP126322	Klebsiella pneumoniae	strong	0	0	0	0	2020	NA	other	y	PICU/HDU	S	R	NA	R	NA	S	NA	R	NA	NA	NA	NA	S	NA	S	NA	R	NA	NA	R	NA	NA	S	NA	R	NA	NA	S	NA	NA	NA	NA
ERR12058946	this study	42092_1#288	ERS7984877	ERP126322	Klebsiella pneumoniae	strong	1	1	6	9	2020	NA	ST29	y	PICU/HDU	I	R	NA	R	NA	S	NA	R	NA	NA	NA	NA	S	NA	S	NA	R	NA	NA	R	NA	NA	S	NA	R	NA	NA	R	NA	NA	NA	NA
ERR12058880	this study	42092_1#28	ERS7984808	ERP126322	Klebsiella pneumoniae	strong	1	1	6	8	2019	NA	ST15	y	CHATINKHA NURSERY	S	R	NA	R	NA	S	NA	R	NA	NA	NA	NA	S	NA	R	NA	R	NA	NA	R	NA	NA	S	NA	R	NA	NA	R	NA	NA	NA	NA
ERR12058947	this study	42092_1#306	ERS7984878	ERP126322	Klebsiella pneumoniae	strong	0	1	5	5	2020	NA	ST29	n	PAEDIATRIC SPECIAL CARE WARD	S	R	NA	R	NA	S	NA	R	NA	NA	NA	NA	S	NA	S	NA	R	NA	NA	R	NA	NA	S	NA	S	NA	NA	R	NA	NA	NA	NA
ERR12058948	this study	42092_1#308	ERS7984879	ERP126322	Klebsiella pneumoniae	strong	0	1	7	11	2020	NA	ST307	y	PICU/HDU	I	R	NA	R	NA	S	NA	R	NA	NA	NA	NA	R	NA	R	NA	R	NA	NA	R	NA	NA	S	NA	R	NA	NA	R	NA	NA	NA	NA
ERR12058881	this study	42092_1#30	ERS7984809	ERP126322	Klebsiella pneumoniae	strong	1	1	8	15	2019	NA	ST15	y	PICU/HDU	R	R	NA	R	NA	R	NA	R	NA	NA	NA	NA	R	NA	R	NA	R	NA	NA	R	NA	NA	S	NA	R	NA	NA	R	NA	NA	NA	NA
ERR12058949	this study	42092_1#310	ERS7984880	ERP126322	Klebsiella pneumoniae	strong	1	1	7	9	2020	NA	other	n	PAEDIATRIC SPECIAL CARE WARD	S	R	NA	R	NA	S	NA	R	NA	NA	NA	NA	R	NA	S	NA	R	NA	NA	R	NA	NA	S	NA	S	NA	NA	R	NA	NA	NA	NA
ERR12058950	this study	42092_1#312	ERS7984881	ERP126322	Klebsiella pneumoniae	strong	0	0	0	0	2020	NA	other	y	PICU/HDU	S	R	NA	R	NA	NA	NA	R	NA	NA	NA	NA	S	NA	S	NA	R	NA	NA	R	NA	NA	S	NA	S	NA	NA	R	NA	NA	NA	NA
ERR12058882	this study	42092_1#32	ERS7984810	ERP126322	Klebsiella pneumoniae	strong	1	1	8	15	2019	NA	ST15	n	PICU/HDU	S	R	NA	R	NA	S	NA	R	NA	NA	NA	NA	S	NA	R	NA	R	NA	NA	R	NA	NA	S	NA	R	NA	NA	R	NA	NA	NA	NA
ERR12058883	this study	42092_1#50	ERS7984811	ERP126322	Klebsiella pneumoniae	strong	1	1	8	15	2019	NA	ST15	n	PICU/HDU	S	R	NA	R	NA	S	NA	R	NA	NA	NA	NA	S	NA	R	NA	R	NA	NA	R	NA	NA	S	NA	R	NA	NA	R	NA	NA	NA	NA
ERR12058884	this study	42092_1#52	ERS7984812	ERP126322	Klebsiella pneumoniae	strong	3	1	6	9	2019	NA	ST25	n	A ETC	NA	R	NA	NA	NA	NA	NA	R	NA	NA	NA	NA	S	NA	S	NA	R	NA	NA	S	NA	NA	NA	NA	NA	NA	NA	NA	NA	NA	NA	NA
ERR12058885	this study	42092_1#54	ERS7984814	ERP126322	Klebsiella pneumoniae	strong	0	1	7	9	2019	NA	ST39	n	unknown	S	R	NA	R	NA	S	NA	R	NA	NA	NA	NA	R	NA	S	NA	R	NA	NA	R	NA	NA	S	NA	R	NA	NA	R	NA	NA	NA	NA
ERR12058886	this study	42092_1#56	ERS7984816	ERP126322	Klebsiella pneumoniae	strong	1	1	8	15	2019	NA	ST15	n	PICU/HDU	S	R	NA	R	NA	S	NA	R	NA	NA	NA	NA	S	NA	R	NA	R	NA	NA	R	NA	NA	S	NA	R	NA	NA	R	NA	NA	NA	NA
ERR12058887	this study	42092_1#58	ERS7984818	ERP126322	Klebsiella pneumoniae	strong	1	1	6	9	2019	NA	ST29	y	PICU/HDU	I	R	NA	R	NA	S	NA	R	NA	NA	NA	NA	S	NA	S	NA	R	NA	NA	R	NA	NA	S	NA	S	NA	NA	S	NA	NA	NA	NA
ERR12058888	this study	42092_1#60	ERS7984817	ERP126322	Klebsiella quasipneumoniae subsp. quasipneumoniae	strong	0	0	3	4	2019	NA	other	y	CHATINKHA NURSERY	NA	R	NA	NA	NA	NA	NA	S	NA	NA	NA	NA	S	NA	S	NA	R	NA	NA	S	NA	NA	NA	NA	NA	NA	NA	NA	NA	NA	NA	NA
ERR12058889	this study	42092_1#62	ERS7984819	ERP126322	Klebsiella pneumoniae	strong	1	1	8	9	2019	NA	other	n	PICU/HDU	S	R	NA	R	NA	S	NA	R	NA	NA	NA	NA	R	NA	R	NA	R	NA	NA	R	NA	NA	S	NA	R	NA	NA	R	NA	NA	NA	NA
ERR12058890	this study	42092_1#64	ERS7984820	ERP126322	Klebsiella pneumoniae	strong	1	1	7	10	2019	NA	ST45	n	3B MALE MEDICAL WARD	S	R	NA	R	NA	S	NA	R	NA	NA	NA	NA	S	NA	R	R	NA	NA	NA	S	NA	NA	S	NA	R	NA	NA	R	NA	NA	NA	NA
ERR12058891	this study	42092_1#82	ERS7984821	ERP126322	Klebsiella pneumoniae	strong	1	1	6	9	2020	NA	ST391	n	CHATINKHA NURSERY	S	R	NA	R	NA	S	NA	R	NA	NA	NA	NA	S	NA	R	R	NA	NA	NA	R	NA	NA	S	NA	R	NA	NA	R	NA	NA	NA	NA
ERR12058892	this study	42092_1#84	ERS7984822	ERP126322	Klebsiella pneumoniae	strong	1	1	8	15	2020	NA	ST15	y	PICU/HDU	S	R	NA	R	NA	S	NA	R	NA	NA	NA	NA	R	NA	R	NA	R	NA	NA	R	NA	NA	S	NA	R	NA	NA	R	NA	NA	NA	NA
ERR12058893	this study	42092_1#86	ERS7984823	ERP126322	Klebsiella variicola subsp. variicola	strong	0	1	6	7	2020	NA	other	n	PAEDIATRIC MOYO WARD	S	R	NA	R	NA	S	NA	R	NA	NA	NA	NA	S	NA	S	NA	R	NA	NA	R	NA	NA	S	NA	S	NA	NA	S	NA	NA	NA	NA
ERR12058894	this study	42092_1#88	ERS7984824	ERP126322	Klebsiella pneumoniae	strong	1	1	8	14	2020	NA	ST307	y	CHATINKHA NURSERY	S	R	NA	R	NA	S	NA	R	NA	NA	NA	NA	R	NA	R	NA	R	NA	NA	R	NA	NA	S	NA	R	NA	NA	R	NA	NA	NA	NA
ERR12058895	this study	42092_1#90	ERS7984826	ERP126322	Klebsiella pneumoniae	strong	3	1	6	9	2020	NA	ST25	n	PAEDIATRIC ONCOLOGY	NA	R	NA	NA	NA	NA	NA	R	NA	NA	NA	NA	S	NA	S	NA	R	NA	NA	S	NA	NA	NA	NA	NA	NA	NA	NA	NA	NA	NA	NA
ERR12058896	this study	42092_1#92	ERS7984825	ERP126322	Klebsiella pneumoniae	strong	1	1	8	15	2020	NA	ST15	n	3B MALE MEDICAL WARD	S	R	NA	R	NA	S	NA	R	NA	NA	NA	NA	S	NA	R	NA	R	NA	NA	R	NA	NA	S	NA	R	NA	NA	R	NA	NA	NA	NA
ERR12058897	this study	42092_1#94	ERS7984827	ERP126322	Klebsiella pneumoniae	strong	1	1	6	9	2020	NA	ST391	n	CHATINKHA NURSERY	S	R	NA	R	NA	S	NA	R	NA	NA	NA	NA	S	NA	S	R	NA	NA	NA	R	NA	NA	S	NA	S	NA	NA	R	NA	NA	NA	NA
ERR12058898	this study	42092_1#96	ERS7984828	ERP126322	Klebsiella pneumoniae	strong	1	1	8	13	2020	NA	ST1552	n	INTENSIVE CARE UNIT	S	R	NA	R	NA	S	NA	R	NA	NA	NA	NA	R	NA	R	R	NA	NA	NA	R	NA	NA	S	NA	R	NA	NA	R	NA	NA	NA	NA
ERR12059051	this study	42092_2#101	ERS7984964	ERP126322	Klebsiella pneumoniae	strong	3	0	6	7	1996	NA	ST86	n	unknown	NA	NA	NA	NA	NA	NA	NA	NA	NA	NA	NA	NA	NA	NA	NA	NA	NA	NA	NA	NA	NA	NA	NA	NA	NA	NA	NA	NA	NA	NA	NA	NA
ERR12059052	this study	42092_2#102	ERS7984923	ERP126322	Klebsiella pneumoniae	strong	0	1	7	11	2006	NA	other	y	unknown	NA	NA	NA	NA	NA	NA	NA	NA	NA	NA	NA	NA	NA	NA	NA	NA	NA	NA	NA	NA	NA	NA	NA	NA	NA	NA	NA	NA	NA	NA	NA	NA
ERR12059054	this study	42092_2#104	ERS7984924	ERP126322	Klebsiella pneumoniae	strong	5	0	5	9	2006	NA	other	n	unknown	NA	NA	NA	NA	NA	NA	NA	NA	NA	NA	NA	NA	NA	NA	NA	NA	NA	NA	NA	NA	NA	NA	NA	NA	NA	NA	NA	NA	NA	NA	NA	NA
ERR12059056	this study	42092_2#106	ERS7984925	ERP126322	Klebsiella quasipneumoniae subsp. similipneumoniae	strong	0	0	3	3	2006	NA	other	n	unknown	NA	NA	NA	NA	NA	NA	NA	NA	NA	NA	NA	NA	NA	NA	NA	NA	NA	NA	NA	NA	NA	NA	NA	NA	NA	NA	NA	NA	NA	NA	NA	NA
ERR12059058	this study	42092_2#108	ERS7984926	ERP126322	Klebsiella pneumoniae	strong	0	0	3	3	2006	NA	other	u	unknown	NA	NA	NA	NA	NA	NA	NA	NA	NA	NA	NA	NA	NA	NA	NA	NA	NA	NA	NA	NA	NA	NA	NA	NA	NA	NA	NA	NA	NA	NA	NA	NA
ERR12058960	this study	42092_2#10	ERS7984901	ERP126322	Klebsiella variicola subsp. variicola	strong	0	0	0	0	2005	NA	other	n	unknown	NA	NA	NA	NA	NA	NA	NA	NA	NA	NA	NA	NA	NA	NA	NA	NA	NA	NA	NA	NA	NA	NA	NA	NA	NA	NA	NA	NA	NA	NA	NA	NA
ERR12059062	this study	42092_2#112	ERS7984928	ERP126322	Klebsiella pneumoniae	strong	0	0	6	7	2006	NA	other	u	unknown	NA	NA	NA	NA	NA	NA	NA	NA	NA	NA	NA	NA	NA	NA	NA	NA	NA	NA	NA	NA	NA	NA	NA	NA	NA	NA	NA	NA	NA	NA	NA	NA
ERR12059063	this study	42092_2#113	ERS7985100	ERP126322	Klebsiella pneumoniae	strong	0	1	6	7	2008	NA	ST14	n	unknown	NA	NA	NA	NA	NA	NA	NA	NA	NA	NA	NA	NA	NA	NA	NA	NA	NA	NA	NA	NA	NA	NA	NA	NA	NA	NA	NA	NA	NA	NA	NA	NA
ERR12059064	this study	42092_2#114	ERS7985284	ERP126322	Klebsiella pneumoniae	strong	0	1	7	10	2010	NA	ST35	y	unknown	NA	NA	NA	NA	NA	NA	NA	NA	NA	NA	NA	NA	NA	NA	NA	NA	NA	NA	NA	NA	NA	NA	NA	NA	NA	NA	NA	NA	NA	NA	NA	NA
ERR12059065	this study	42092_2#115	ERS7985101	ERP126322	Klebsiella pneumoniae	strong	0	1	6	7	2008	NA	ST14	n	unknown	NA	NA	NA	NA	NA	NA	NA	NA	NA	NA	NA	NA	NA	NA	NA	NA	NA	NA	NA	NA	NA	NA	NA	NA	NA	NA	NA	NA	NA	NA	NA	NA
ERR12059066	this study	42092_2#116	ERS7985285	ERP126322	Klebsiella pneumoniae	strong	0	1	7	11	2010	NA	other	y	unknown	NA	NA	NA	NA	NA	NA	NA	NA	NA	NA	NA	NA	NA	NA	NA	NA	NA	NA	NA	NA	NA	NA	NA	NA	NA	NA	NA	NA	NA	NA	NA	NA
ERR12059067	this study	42092_2#117	ERS7985102	ERP126322	Klebsiella pneumoniae	strong	0	1	6	8	2008	NA	ST39	u	unknown	NA	NA	NA	NA	NA	NA	NA	NA	NA	NA	NA	NA	NA	NA	NA	NA	NA	NA	NA	NA	NA	NA	NA	NA	NA	NA	NA	NA	NA	NA	NA	NA
ERR12059068	this study	42092_2#118	ERS7985286	ERP126322	Klebsiella pneumoniae	strong	0	1	6	6	2010	NA	other	n	unknown	NA	NA	NA	NA	NA	NA	NA	NA	NA	NA	NA	NA	NA	NA	NA	NA	NA	NA	NA	NA	NA	NA	NA	NA	NA	NA	NA	NA	NA	NA	NA	NA
ERR12059069	this study	42092_2#119	ERS7985103	ERP126322	Klebsiella pneumoniae	strong	0	1	7	10	2008	NA	other	u	unknown	NA	NA	NA	NA	NA	NA	NA	NA	NA	NA	NA	NA	NA	NA	NA	NA	NA	NA	NA	NA	NA	NA	NA	NA	NA	NA	NA	NA	NA	NA	NA	NA
ERR12058961	this study	42092_2#11	ERS7984943	ERP126322	Klebsiella pneumoniae	strong	0	1	7	7	2020	NA	other	n	PICU/HDU	S	R	NA	R	NA	S	NA	R	NA	NA	NA	NA	R	NA	R	NA	R	NA	NA	R	NA	NA	S	NA	R	NA	NA	S	NA	NA	NA	NA
ERR12059070	this study	42092_2#120	ERS7985287	ERP126322	Klebsiella pneumoniae	strong	1	1	9	17	2010	NA	other	n	unknown	NA	NA	NA	NA	NA	NA	NA	NA	NA	NA	NA	NA	NA	NA	NA	NA	NA	NA	NA	NA	NA	NA	NA	NA	NA	NA	NA	NA	NA	NA	NA	NA
ERR12059071	this study	42092_2#121	ERS7985104	ERP126322	Klebsiella pneumoniae	strong	1	1	6	6	2008	NA	ST45	n	unknown	NA	NA	NA	NA	NA	NA	NA	NA	NA	NA	NA	NA	NA	NA	NA	NA	NA	NA	NA	NA	NA	NA	NA	NA	NA	NA	NA	NA	NA	NA	NA	NA
ERR12059072	this study	42092_2#122	ERS7985288	ERP126322	Klebsiella pneumoniae	strong	1	0	5	7	2010	NA	ST25	n	unknown	NA	NA	NA	NA	NA	NA	NA	NA	NA	NA	NA	NA	NA	NA	NA	NA	NA	NA	NA	NA	NA	NA	NA	NA	NA	NA	NA	NA	NA	NA	NA	NA
ERR12059074	this study	42092_2#124	ERS7985289	ERP126322	Klebsiella variicola subsp. variicola	strong	0	0	0	0	2010	NA	other	y	unknown	NA	NA	NA	NA	NA	NA	NA	NA	NA	NA	NA	NA	NA	NA	NA	NA	NA	NA	NA	NA	NA	NA	NA	NA	NA	NA	NA	NA	NA	NA	NA	NA
ERR12059075	this study	42092_2#125	ERS7985106	ERP126322	Klebsiella pneumoniae	strong	0	1	7	9	2008	NA	ST14	n	unknown	NA	NA	NA	NA	NA	NA	NA	NA	NA	NA	NA	NA	NA	NA	NA	NA	NA	NA	NA	NA	NA	NA	NA	NA	NA	NA	NA	NA	NA	NA	NA	NA
ERR12059076	this study	42092_2#126	ERS7985290	ERP126322	Klebsiella pneumoniae	strong	0	1	6	6	2010	NA	ST39	n	unknown	NA	NA	NA	NA	NA	NA	NA	NA	NA	NA	NA	NA	NA	NA	NA	NA	NA	NA	NA	NA	NA	NA	NA	NA	NA	NA	NA	NA	NA	NA	NA	NA
ERR12059077	this study	42092_2#127	ERS7985107	ERP126322	Klebsiella pneumoniae	strong	5	0	5	9	2008	NA	other	n	unknown	NA	NA	NA	NA	NA	NA	NA	NA	NA	NA	NA	NA	NA	NA	NA	NA	NA	NA	NA	NA	NA	NA	NA	NA	NA	NA	NA	NA	NA	NA	NA	NA
ERR12059078	this study	42092_2#128	ERS7985291	ERP126322	Klebsiella pneumoniae	strong	0	1	7	10	NA	NA	ST35	n	unknown	NA	NA	NA	NA	NA	NA	NA	NA	NA	NA	NA	NA	NA	NA	NA	NA	NA	NA	NA	NA	NA	NA	NA	NA	NA	NA	NA	NA	NA	NA	NA	NA
ERR12058962	this study	42092_2#12	ERS7984902	ERP126322	Klebsiella pneumoniae	strong	0	0	2	3	2005	NA	other	u	unknown	NA	NA	NA	NA	NA	NA	NA	NA	NA	NA	NA	NA	NA	NA	NA	NA	NA	NA	NA	NA	NA	NA	NA	NA	NA	NA	NA	NA	NA	NA	NA	NA
ERR12059080	this study	42092_2#130	ERS7984929	ERP126322	Klebsiella pneumoniae	strong	0	0	5	7	2006	NA	other	n	unknown	NA	NA	NA	NA	NA	NA	NA	NA	NA	NA	NA	NA	NA	NA	NA	NA	NA	NA	NA	NA	NA	NA	NA	NA	NA	NA	NA	NA	NA	NA	NA	NA
ERR12059081	this study	42092_2#131	ERS7984972	ERP126322	Klebsiella pneumoniae	strong	3	0	4	6	NA	NA	other	u	unknown	NA	NA	NA	NA	NA	NA	NA	NA	NA	NA	NA	NA	NA	NA	NA	NA	NA	NA	NA	NA	NA	NA	NA	NA	NA	NA	NA	NA	NA	NA	NA	NA
ERR12059082	this study	42092_2#132	ERS7984930	ERP126322	Klebsiella pneumoniae	strong	0	0	3	3	2006	NA	other	n	unknown	NA	NA	NA	NA	NA	NA	NA	NA	NA	NA	NA	NA	NA	NA	NA	NA	NA	NA	NA	NA	NA	NA	NA	NA	NA	NA	NA	NA	NA	NA	NA	NA
ERR12059084	this study	42092_2#134	ERS7984931	ERP126322	Klebsiella pneumoniae	strong	0	0	6	8	2006	NA	other	u	unknown	NA	NA	NA	NA	NA	NA	NA	NA	NA	NA	NA	NA	NA	NA	NA	NA	NA	NA	NA	NA	NA	NA	NA	NA	NA	NA	NA	NA	NA	NA	NA	NA
ERR12059086	this study	42092_2#136	ERS7984932	ERP126322	Klebsiella pneumoniae	strong	3	0	3	5	2006	NA	ST86	u	unknown	NA	NA	NA	NA	NA	NA	NA	NA	NA	NA	NA	NA	NA	NA	NA	NA	NA	NA	NA	NA	NA	NA	NA	NA	NA	NA	NA	NA	NA	NA	NA	NA
ERR12059088	this study	42092_2#138	ERS7984933	ERP126322	Klebsiella pneumoniae	strong	3	0	1	1	2006	NA	ST86	u	unknown	NA	NA	NA	NA	NA	NA	NA	NA	NA	NA	NA	NA	NA	NA	NA	NA	NA	NA	NA	NA	NA	NA	NA	NA	NA	NA	NA	NA	NA	NA	NA	NA
ERR12059090	this study	42092_2#140	ERS7984934	ERP126322	Klebsiella pneumoniae	strong	3	0	1	1	2006	NA	ST86	n	unknown	NA	NA	NA	NA	NA	NA	NA	NA	NA	NA	NA	NA	NA	NA	NA	NA	NA	NA	NA	NA	NA	NA	NA	NA	NA	NA	NA	NA	NA	NA	NA	NA
ERR12059092	this study	42092_2#142	ERS7984935	ERP126322	Klebsiella pneumoniae	strong	5	0	5	9	2006	NA	other	n	unknown	NA	NA	NA	NA	NA	NA	NA	NA	NA	NA	NA	NA	NA	NA	NA	NA	NA	NA	NA	NA	NA	NA	NA	NA	NA	NA	NA	NA	NA	NA	NA	NA
ERR12059094	this study	42092_2#144	ERS7984936	ERP126322	Klebsiella pneumoniae	strong	3	0	0	0	2006	NA	ST25	u	unknown	NA	NA	NA	NA	NA	NA	NA	NA	NA	NA	NA	NA	NA	NA	NA	NA	NA	NA	NA	NA	NA	NA	NA	NA	NA	NA	NA	NA	NA	NA	NA	NA
ERR12059095	this study	42092_2#145	ERS7985108	ERP126322	Klebsiella pneumoniae	strong	0	1	7	10	2008	NA	other	y	unknown	NA	NA	NA	NA	NA	NA	NA	NA	NA	NA	NA	NA	NA	NA	NA	NA	NA	NA	NA	NA	NA	NA	NA	NA	NA	NA	NA	NA	NA	NA	NA	NA
ERR12059096	this study	42092_2#146	ERS7985292	ERP126322	Klebsiella pneumoniae	strong	0	1	7	10	2010	NA	ST35	u	unknown	NA	NA	NA	NA	NA	NA	NA	NA	NA	NA	NA	NA	NA	NA	NA	NA	NA	NA	NA	NA	NA	NA	NA	NA	NA	NA	NA	NA	NA	NA	NA	NA
ERR12059098	this study	42092_2#148	ERS7985293	ERP126322	Klebsiella pneumoniae	strong	0	1	9	17	2011	NA	other	n	unknown	NA	NA	NA	NA	NA	NA	NA	NA	NA	NA	NA	NA	NA	NA	NA	NA	NA	NA	NA	NA	NA	NA	NA	NA	NA	NA	NA	NA	NA	NA	NA	NA
ERR12059099	this study	42092_2#149	ERS7985110	ERP126322	Klebsiella pneumoniae	strong	1	1	9	17	2008	NA	other	u	unknown	NA	NA	NA	NA	NA	NA	NA	NA	NA	NA	NA	NA	NA	NA	NA	NA	NA	NA	NA	NA	NA	NA	NA	NA	NA	NA	NA	NA	NA	NA	NA	NA
ERR12058964	this study	42092_2#14	ERS7984903	ERP126322	Klebsiella pneumoniae	strong	0	1	7	14	2005	NA	ST15	n	unknown	NA	NA	NA	NA	NA	NA	NA	NA	NA	NA	NA	NA	NA	NA	NA	NA	NA	NA	NA	NA	NA	NA	NA	NA	NA	NA	NA	NA	NA	NA	NA	NA
ERR12059100	this study	42092_2#150	ERS7985294	ERP126322	Klebsiella pneumoniae	strong	0	0	6	7	2011	NA	other	n	unknown	NA	NA	NA	NA	NA	NA	NA	NA	NA	NA	NA	NA	NA	NA	NA	NA	NA	NA	NA	NA	NA	NA	NA	NA	NA	NA	NA	NA	NA	NA	NA	NA
ERR12059101	this study	42092_2#151	ERS7985111	ERP126322	Klebsiella pneumoniae	strong	1	1	8	12	2008	NA	other	n	unknown	NA	NA	NA	NA	NA	NA	NA	NA	NA	NA	NA	NA	NA	NA	NA	NA	NA	NA	NA	NA	NA	NA	NA	NA	NA	NA	NA	NA	NA	NA	NA	NA
ERR12059102	this study	42092_2#152	ERS7985295	ERP126322	Klebsiella pneumoniae	strong	0	1	7	8	2011	NA	ST14	n	unknown	NA	NA	NA	NA	NA	NA	NA	NA	NA	NA	NA	NA	NA	NA	NA	NA	NA	NA	NA	NA	NA	NA	NA	NA	NA	NA	NA	NA	NA	NA	NA	NA
ERR12059103	this study	42092_2#153	ERS7985112	ERP126322	Klebsiella variicola subsp. variicola	strong	0	0	0	0	2008	NA	other	n	unknown	NA	NA	NA	NA	NA	NA	NA	NA	NA	NA	NA	NA	NA	NA	NA	NA	NA	NA	NA	NA	NA	NA	NA	NA	NA	NA	NA	NA	NA	NA	NA	NA
ERR12059104	this study	42092_2#154	ERS7985296	ERP126322	Klebsiella pneumoniae	strong	0	1	8	9	2010	NA	ST14	n	unknown	NA	NA	NA	NA	NA	NA	NA	NA	NA	NA	NA	NA	NA	NA	NA	NA	NA	NA	NA	NA	NA	NA	NA	NA	NA	NA	NA	NA	NA	NA	NA	NA
ERR12059105	this study	42092_2#155	ERS7985114	ERP126322	Klebsiella pneumoniae	strong	0	1	6	6	NA	NA	other	u	unknown	NA	NA	NA	NA	NA	NA	NA	NA	NA	NA	NA	NA	NA	NA	NA	NA	NA	NA	NA	NA	NA	NA	NA	NA	NA	NA	NA	NA	NA	NA	NA	NA
ERR12059106	this study	42092_2#156	ERS7985297	ERP126322	Klebsiella pneumoniae	strong	0	1	8	9	2010	NA	ST14	n	unknown	NA	NA	NA	NA	NA	NA	NA	NA	NA	NA	NA	NA	NA	NA	NA	NA	NA	NA	NA	NA	NA	NA	NA	NA	NA	NA	NA	NA	NA	NA	NA	NA
ERR12059108	this study	42092_2#158	ERS7985298	ERP126322	Klebsiella pneumoniae	strong	0	1	7	9	2010	NA	ST14	n	unknown	NA	NA	NA	NA	NA	NA	NA	NA	NA	NA	NA	NA	NA	NA	NA	NA	NA	NA	NA	NA	NA	NA	NA	NA	NA	NA	NA	NA	NA	NA	NA	NA
ERR12059109	this study	42092_2#159	ERS7985115	ERP126322	Klebsiella pneumoniae	strong	0	0	6	8	2008	NA	other	y	unknown	NA	NA	NA	NA	NA	NA	NA	NA	NA	NA	NA	NA	NA	NA	NA	NA	NA	NA	NA	NA	NA	NA	NA	NA	NA	NA	NA	NA	NA	NA	NA	NA
ERR12058965	this study	42092_2#15	ERS7984945	ERP126322	Klebsiella pneumoniae	strong	1	0	5	7	2020	NA	ST37	n	A ETC	NA	R	NA	NA	NA	NA	NA	S	NA	NA	NA	NA	S	NA	S	NA	R	NA	NA	S	NA	NA	NA	NA	NA	NA	NA	NA	NA	NA	NA	NA
ERR12059110	this study	42092_2#160	ERS7985299	ERP126322	Klebsiella pneumoniae	strong	0	1	8	17	2011	NA	other	n	unknown	NA	NA	NA	NA	NA	NA	NA	NA	NA	NA	NA	NA	NA	NA	NA	NA	NA	NA	NA	NA	NA	NA	NA	NA	NA	NA	NA	NA	NA	NA	NA	NA
ERR12059112	this study	42092_2#162	ERS7984937	ERP126322	Klebsiella pneumoniae	weak	0	0	8	18	2006	NA	ST14	n	unknown	NA	NA	NA	NA	NA	NA	NA	NA	NA	NA	NA	NA	NA	NA	NA	NA	NA	NA	NA	NA	NA	NA	NA	NA	NA	NA	NA	NA	NA	NA	NA	NA
ERR12059114	this study	42092_2#164	ERS7984938	ERP126322	Klebsiella quasipneumoniae subsp. similipneumoniae	strong	0	0	0	0	2006	NA	other	u	unknown	NA	NA	NA	NA	NA	NA	NA	NA	NA	NA	NA	NA	NA	NA	NA	NA	NA	NA	NA	NA	NA	NA	NA	NA	NA	NA	NA	NA	NA	NA	NA	NA
ERR12059116	this study	42092_2#166	ERS7985021	ERP126322	Klebsiella pneumoniae	strong	1	1	9	17	2006	NA	ST48	n	unknown	NA	NA	NA	NA	NA	NA	NA	NA	NA	NA	NA	NA	NA	NA	NA	NA	NA	NA	NA	NA	NA	NA	NA	NA	NA	NA	NA	NA	NA	NA	NA	NA
ERR12059117	this study	42092_2#167	ERS7984982	ERP126322	Klebsiella quasipneumoniae subsp. similipneumoniae	strong	0	0	0	0	1999	NA	other	n	unknown	NA	NA	NA	NA	NA	NA	NA	NA	NA	NA	NA	NA	NA	NA	NA	NA	NA	NA	NA	NA	NA	NA	NA	NA	NA	NA	NA	NA	NA	NA	NA	NA
ERR12059118	this study	42092_2#168	ERS7985022	ERP126322	Klebsiella pneumoniae	strong	0	0	7	17	2006	NA	ST14	y	unknown	NA	NA	NA	NA	NA	NA	NA	NA	NA	NA	NA	NA	NA	NA	NA	NA	NA	NA	NA	NA	NA	NA	NA	NA	NA	NA	NA	NA	NA	NA	NA	NA
ERR12058966	this study	42092_2#16	ERS7984904	ERP126322	Klebsiella pneumoniae	strong	0	1	7	14	2005	NA	ST15	n	unknown	NA	NA	NA	NA	NA	NA	NA	NA	NA	NA	NA	NA	NA	NA	NA	NA	NA	NA	NA	NA	NA	NA	NA	NA	NA	NA	NA	NA	NA	NA	NA	NA
ERR12059120	this study	42092_2#170	ERS7985024	ERP126322	Klebsiella pneumoniae	strong	0	0	6	7	2006	NA	ST14	n	unknown	NA	NA	NA	NA	NA	NA	NA	NA	NA	NA	NA	NA	NA	NA	NA	NA	NA	NA	NA	NA	NA	NA	NA	NA	NA	NA	NA	NA	NA	NA	NA	NA
ERR12059122	this study	42092_2#172	ERS7985023	ERP126322	Klebsiella pneumoniae	strong	5	0	5	9	2006	NA	other	n	unknown	NA	NA	NA	NA	NA	NA	NA	NA	NA	NA	NA	NA	NA	NA	NA	NA	NA	NA	NA	NA	NA	NA	NA	NA	NA	NA	NA	NA	NA	NA	NA	NA
ERR12059123	this study	42092_2#173	ERS7984985	ERP126322	Klebsiella pneumoniae	strong	1	0	6	8	2000	NA	ST45	n	unknown	NA	NA	NA	NA	NA	NA	NA	NA	NA	NA	NA	NA	NA	NA	NA	NA	NA	NA	NA	NA	NA	NA	NA	NA	NA	NA	NA	NA	NA	NA	NA	NA
ERR12059124	this study	42092_2#174	ERS7985025	ERP126322	Klebsiella pneumoniae	strong	0	0	0	0	2006	NA	other	n	unknown	NA	NA	NA	NA	NA	NA	NA	NA	NA	NA	NA	NA	NA	NA	NA	NA	NA	NA	NA	NA	NA	NA	NA	NA	NA	NA	NA	NA	NA	NA	NA	NA
ERR12059126	this study	42092_2#176	ERS7985026	ERP126322	Klebsiella quasipneumoniae subsp. quasipneumoniae	strong	0	0	4	6	2006	NA	other	u	unknown	NA	NA	NA	NA	NA	NA	NA	NA	NA	NA	NA	NA	NA	NA	NA	NA	NA	NA	NA	NA	NA	NA	NA	NA	NA	NA	NA	NA	NA	NA	NA	NA
ERR12059127	this study	42092_2#177	ERS7985116	ERP126322	Klebsiella pneumoniae	strong	1	1	8	16	2008	NA	ST101	n	unknown	NA	NA	NA	NA	NA	NA	NA	NA	NA	NA	NA	NA	NA	NA	NA	NA	NA	NA	NA	NA	NA	NA	NA	NA	NA	NA	NA	NA	NA	NA	NA	NA
ERR12059128	this study	42092_2#178	ERS7985300	ERP126322	Klebsiella pneumoniae	strong	0	0	0	0	2011	NA	other	n	unknown	NA	NA	NA	NA	NA	NA	NA	NA	NA	NA	NA	NA	NA	NA	NA	NA	NA	NA	NA	NA	NA	NA	NA	NA	NA	NA	NA	NA	NA	NA	NA	NA
ERR12059129	this study	42092_2#179	ERS7985117	ERP126322	Klebsiella pneumoniae	strong	0	0	5	7	2008	NA	ST101	y	unknown	NA	NA	NA	NA	NA	NA	NA	NA	NA	NA	NA	NA	NA	NA	NA	NA	NA	NA	NA	NA	NA	NA	NA	NA	NA	NA	NA	NA	NA	NA	NA	NA
ERR12058967	this study	42092_2#17	ERS7985076	ERP126322	Klebsiella pneumoniae	strong	0	0	1	2	2007	NA	ST36	n	unknown	NA	NA	NA	NA	NA	NA	NA	NA	NA	NA	NA	NA	NA	NA	NA	NA	NA	NA	NA	NA	NA	NA	NA	NA	NA	NA	NA	NA	NA	NA	NA	NA
ERR12059130	this study	42092_2#180	ERS7985301	ERP126322	Klebsiella quasipneumoniae subsp. similipneumoniae	strong	0	1	7	14	2011	NA	other	n	unknown	NA	NA	NA	NA	NA	NA	NA	NA	NA	NA	NA	NA	NA	NA	NA	NA	NA	NA	NA	NA	NA	NA	NA	NA	NA	NA	NA	NA	NA	NA	NA	NA
ERR12059131	this study	42092_2#181	ERS7985118	ERP126322	Klebsiella pneumoniae	strong	0	1	6	6	2008	NA	ST101	n	unknown	NA	NA	NA	NA	NA	NA	NA	NA	NA	NA	NA	NA	NA	NA	NA	NA	NA	NA	NA	NA	NA	NA	NA	NA	NA	NA	NA	NA	NA	NA	NA	NA
ERR12059132	this study	42092_2#182	ERS7985302	ERP126322	Klebsiella pneumoniae	strong	0	1	9	15	2011	NA	ST307	n	unknown	NA	NA	NA	NA	NA	NA	NA	NA	NA	NA	NA	NA	NA	NA	NA	NA	NA	NA	NA	NA	NA	NA	NA	NA	NA	NA	NA	NA	NA	NA	NA	NA
ERR12059133	this study	42092_2#183	ERS7985119	ERP126322	Klebsiella pneumoniae	strong	0	1	6	7	2008	NA	ST14	n	unknown	NA	NA	NA	NA	NA	NA	NA	NA	NA	NA	NA	NA	NA	NA	NA	NA	NA	NA	NA	NA	NA	NA	NA	NA	NA	NA	NA	NA	NA	NA	NA	NA
ERR12059134	this study	42092_2#184	ERS7985303	ERP126322	Klebsiella pneumoniae	strong	0	0	3	3	2010	NA	other	n	unknown	NA	NA	NA	NA	NA	NA	NA	NA	NA	NA	NA	NA	NA	NA	NA	NA	NA	NA	NA	NA	NA	NA	NA	NA	NA	NA	NA	NA	NA	NA	NA	NA
ERR12059135	this study	42092_2#185	ERS7985122	ERP126322	Klebsiella pneumoniae	strong	0	0	7	11	2008	NA	ST15	u	unknown	NA	NA	NA	NA	NA	NA	NA	NA	NA	NA	NA	NA	NA	NA	NA	NA	NA	NA	NA	NA	NA	NA	NA	NA	NA	NA	NA	NA	NA	NA	NA	NA
ERR12059136	this study	42092_2#186	ERS7985304	ERP126322	Klebsiella pneumoniae	strong	1	1	7	10	2010	NA	ST15	n	unknown	NA	NA	NA	NA	NA	NA	NA	NA	NA	NA	NA	NA	NA	NA	NA	NA	NA	NA	NA	NA	NA	NA	NA	NA	NA	NA	NA	NA	NA	NA	NA	NA
ERR12059137	this study	42092_2#187	ERS7985120	ERP126322	Klebsiella pneumoniae	strong	0	0	3	3	2009	NA	other	n	unknown	NA	NA	NA	NA	NA	NA	NA	NA	NA	NA	NA	NA	NA	NA	NA	NA	NA	NA	NA	NA	NA	NA	NA	NA	NA	NA	NA	NA	NA	NA	NA	NA
ERR12059138	this study	42092_2#188	ERS7985305	ERP126322	Klebsiella pneumoniae	strong	0	1	9	16	2011	NA	other	n	unknown	NA	NA	NA	NA	NA	NA	NA	NA	NA	NA	NA	NA	NA	NA	NA	NA	NA	NA	NA	NA	NA	NA	NA	NA	NA	NA	NA	NA	NA	NA	NA	NA
ERR12059139	this study	42092_2#189	ERS7985121	ERP126322	Klebsiella pneumoniae	strong	1	1	6	8	2009	NA	ST101	n	unknown	NA	NA	NA	NA	NA	NA	NA	NA	NA	NA	NA	NA	NA	NA	NA	NA	NA	NA	NA	NA	NA	NA	NA	NA	NA	NA	NA	NA	NA	NA	NA	NA
ERR12058968	this study	42092_2#18	ERS7985260	ERP126322	Klebsiella pneumoniae	strong	1	1	7	10	2014	NA	ST391	y	CHATINKHA NURSERY	S	R	NA	R	NA	NA	NA	R	NA	NA	NA	NA	R	NA	S	NA	R	NA	NA	R	NA	NA	NA	NA	NA	NA	NA	NA	NA	NA	NA	NA
ERR12059140	this study	42092_2#190	ERS7985306	ERP126322	Klebsiella pneumoniae	strong	0	1	9	15	2011	NA	ST307	n	unknown	NA	NA	NA	NA	NA	NA	NA	NA	NA	NA	NA	NA	NA	NA	NA	NA	NA	NA	NA	NA	NA	NA	NA	NA	NA	NA	NA	NA	NA	NA	NA	NA
ERR12059141	this study	42092_2#191	ERS7985123	ERP126322	Klebsiella pneumoniae	strong	0	0	4	4	2009	NA	other	n	unknown	NA	NA	NA	NA	NA	NA	NA	NA	NA	NA	NA	NA	NA	NA	NA	NA	NA	NA	NA	NA	NA	NA	NA	NA	NA	NA	NA	NA	NA	NA	NA	NA
ERR12059142	this study	42092_2#192	ERS7985307	ERP126322	Klebsiella pneumoniae	strong	0	0	6	7	2011	NA	other	n	unknown	NA	NA	NA	NA	NA	NA	NA	NA	NA	NA	NA	NA	NA	NA	NA	NA	NA	NA	NA	NA	NA	NA	NA	NA	NA	NA	NA	NA	NA	NA	NA	NA
ERR12059144	this study	42092_2#194	ERS7985027	ERP126322	Klebsiella pneumoniae	strong	0	0	6	9	2006	NA	other	n	unknown	NA	NA	NA	NA	NA	NA	NA	NA	NA	NA	NA	NA	NA	NA	NA	NA	NA	NA	NA	NA	NA	NA	NA	NA	NA	NA	NA	NA	NA	NA	NA	NA
ERR12059145	this study	42092_2#195	ERS7984988	ERP126322	Klebsiella pneumoniae	strong	3	0	5	9	1999	NA	ST14	y	unknown	NA	NA	NA	NA	NA	NA	NA	NA	NA	NA	NA	NA	NA	NA	NA	NA	NA	NA	NA	NA	NA	NA	NA	NA	NA	NA	NA	NA	NA	NA	NA	NA
ERR12059146	this study	42092_2#196	ERS7985028	ERP126322	Klebsiella pneumoniae	strong	1	1	8	11	NA	NA	other	n	unknown	NA	NA	NA	NA	NA	NA	NA	NA	NA	NA	NA	NA	NA	NA	NA	NA	NA	NA	NA	NA	NA	NA	NA	NA	NA	NA	NA	NA	NA	NA	NA	NA
ERR12059148	this study	42092_2#198	ERS7985029	ERP126322	Klebsiella pneumoniae	strong	1	0	4	6	2006	NA	other	u	unknown	NA	NA	NA	NA	NA	NA	NA	NA	NA	NA	NA	NA	NA	NA	NA	NA	NA	NA	NA	NA	NA	NA	NA	NA	NA	NA	NA	NA	NA	NA	NA	NA
ERR12058969	this study	42092_2#19	ERS7985077	ERP126322	Klebsiella pneumoniae	strong	0	0	1	2	2007	NA	ST36	n	unknown	NA	NA	NA	NA	NA	NA	NA	NA	NA	NA	NA	NA	NA	NA	NA	NA	NA	NA	NA	NA	NA	NA	NA	NA	NA	NA	NA	NA	NA	NA	NA	NA
ERR12058951	this study	42092_2#1	ERS7984882	ERP126322	Klebsiella pneumoniae	strong	1	1	6	9	2020	NA	ST29	y	PICU/HDU	R	R	NA	R	NA	S	NA	R	NA	NA	NA	NA	S	NA	S	NA	R	NA	NA	R	NA	NA	S	NA	S	NA	NA	S	NA	NA	NA	NA
ERR12059150	this study	42092_2#200	ERS7985030	ERP126322	Klebsiella pneumoniae	strong	1	1	7	8	2006	NA	other	n	unknown	NA	NA	NA	NA	NA	NA	NA	NA	NA	NA	NA	NA	NA	NA	NA	NA	NA	NA	NA	NA	NA	NA	NA	NA	NA	NA	NA	NA	NA	NA	NA	NA
ERR12059152	this study	42092_2#202	ERS7985031	ERP126322	Klebsiella pneumoniae	strong	0	0	6	9	2006	NA	other	n	unknown	NA	NA	NA	NA	NA	NA	NA	NA	NA	NA	NA	NA	NA	NA	NA	NA	NA	NA	NA	NA	NA	NA	NA	NA	NA	NA	NA	NA	NA	NA	NA	NA
ERR12059154	this study	42092_2#204	ERS7985032	ERP126322	Klebsiella pneumoniae	strong	1	1	8	11	2007	NA	other	n	unknown	NA	NA	NA	NA	NA	NA	NA	NA	NA	NA	NA	NA	NA	NA	NA	NA	NA	NA	NA	NA	NA	NA	NA	NA	NA	NA	NA	NA	NA	NA	NA	NA
ERR12059155	this study	42092_2#205	ERS7984994	ERP126322	Klebsiella pneumoniae	strong	4	0	4	6	1999	NA	ST86	n	unknown	NA	NA	NA	NA	NA	NA	NA	NA	NA	NA	NA	NA	NA	NA	NA	NA	NA	NA	NA	NA	NA	NA	NA	NA	NA	NA	NA	NA	NA	NA	NA	NA
ERR12059156	this study	42092_2#206	ERS7985033	ERP126322	Klebsiella pneumoniae	strong	0	0	3	3	2007	NA	other	n	unknown	NA	NA	NA	NA	NA	NA	NA	NA	NA	NA	NA	NA	NA	NA	NA	NA	NA	NA	NA	NA	NA	NA	NA	NA	NA	NA	NA	NA	NA	NA	NA	NA
ERR12059158	this study	42092_2#208	ERS7985034	ERP126322	Klebsiella pneumoniae	strong	1	1	8	13	2007	NA	ST17	n	unknown	NA	NA	NA	NA	NA	NA	NA	NA	NA	NA	NA	NA	NA	NA	NA	NA	NA	NA	NA	NA	NA	NA	NA	NA	NA	NA	NA	NA	NA	NA	NA	NA
ERR12059159	this study	42092_2#209	ERS7985125	ERP126322	Klebsiella pneumoniae	strong	0	1	8	18	2009	NA	other	n	unknown	NA	NA	NA	NA	NA	NA	NA	NA	NA	NA	NA	NA	NA	NA	NA	NA	NA	NA	NA	NA	NA	NA	NA	NA	NA	NA	NA	NA	NA	NA	NA	NA
ERR12058970	this study	42092_2#20	ERS7985261	ERP126322	Klebsiella pneumoniae	strong	4	1	5	5	2014	NA	ST86	n	unknown	NA	NA	NA	NA	NA	NA	NA	NA	NA	NA	NA	NA	NA	NA	NA	NA	NA	NA	NA	NA	NA	NA	NA	NA	NA	NA	NA	NA	NA	NA	NA	NA
ERR12059160	this study	42092_2#210	ERS7985308	ERP126322	Klebsiella pneumoniae	strong	0	1	7	10	2011	NA	other	n	unknown	NA	NA	NA	NA	NA	NA	NA	NA	NA	NA	NA	NA	NA	NA	NA	NA	NA	NA	NA	NA	NA	NA	NA	NA	NA	NA	NA	NA	NA	NA	NA	NA
ERR12059161	this study	42092_2#211	ERS7985124	ERP126322	Klebsiella pneumoniae	strong	0	1	6	6	2009	NA	ST101	y	unknown	NA	NA	NA	NA	NA	NA	NA	NA	NA	NA	NA	NA	NA	NA	NA	NA	NA	NA	NA	NA	NA	NA	NA	NA	NA	NA	NA	NA	NA	NA	NA	NA
ERR12059162	this study	42092_2#212	ERS7985161	ERP126322	Klebsiella pneumoniae	strong	0	0	5	6	2011	NA	ST17	n	unknown	NA	NA	NA	NA	NA	NA	NA	NA	NA	NA	NA	NA	NA	NA	NA	NA	NA	NA	NA	NA	NA	NA	NA	NA	NA	NA	NA	NA	NA	NA	NA	NA
ERR12059163	this study	42092_2#213	ERS7985126	ERP126322	Klebsiella pneumoniae	strong	1	1	8	13	2009	NA	ST17	n	unknown	NA	NA	NA	NA	NA	NA	NA	NA	NA	NA	NA	NA	NA	NA	NA	NA	NA	NA	NA	NA	NA	NA	NA	NA	NA	NA	NA	NA	NA	NA	NA	NA
ERR12059164	this study	42092_2#214	ERS7985162	ERP126322	Klebsiella pneumoniae	strong	3	0	0	0	2011	NA	ST25	n	unknown	NA	NA	NA	NA	NA	NA	NA	NA	NA	NA	NA	NA	NA	NA	NA	NA	NA	NA	NA	NA	NA	NA	NA	NA	NA	NA	NA	NA	NA	NA	NA	NA
ERR12059165	this study	42092_2#215	ERS7985127	ERP126322	Klebsiella pneumoniae	strong	0	0	4	6	2009	NA	ST14	n	unknown	NA	NA	NA	NA	NA	NA	NA	NA	NA	NA	NA	NA	NA	NA	NA	NA	NA	NA	NA	NA	NA	NA	NA	NA	NA	NA	NA	NA	NA	NA	NA	NA
ERR12059166	this study	42092_2#216	ERS7985163	ERP126322	Klebsiella pneumoniae	strong	0	0	3	5	2011	NA	other	n	unknown	NA	NA	NA	NA	NA	NA	NA	NA	NA	NA	NA	NA	NA	NA	NA	NA	NA	NA	NA	NA	NA	NA	NA	NA	NA	NA	NA	NA	NA	NA	NA	NA
ERR12059167	this study	42092_2#217	ERS7985128	ERP126322	Klebsiella pneumoniae	strong	0	1	9	17	2008	NA	other	u	unknown	NA	NA	NA	NA	NA	NA	NA	NA	NA	NA	NA	NA	NA	NA	NA	NA	NA	NA	NA	NA	NA	NA	NA	NA	NA	NA	NA	NA	NA	NA	NA	NA
ERR12059168	this study	42092_2#218	ERS7985164	ERP126322	Klebsiella pneumoniae	strong	0	1	9	23	2011	NA	ST37	n	unknown	NA	NA	NA	NA	NA	NA	NA	NA	NA	NA	NA	NA	NA	NA	NA	NA	NA	NA	NA	NA	NA	NA	NA	NA	NA	NA	NA	NA	NA	NA	NA	NA
ERR12059169	this study	42092_2#219	ERS7985130	ERP126322	Klebsiella pneumoniae	strong	0	1	6	7	2008	NA	ST14	n	unknown	NA	NA	NA	NA	NA	NA	NA	NA	NA	NA	NA	NA	NA	NA	NA	NA	NA	NA	NA	NA	NA	NA	NA	NA	NA	NA	NA	NA	NA	NA	NA	NA
ERR12058971	this study	42092_2#21	ERS7985078	ERP126322	Klebsiella pneumoniae	strong	0	0	0	0	2007	NA	ST36	n	unknown	NA	NA	NA	NA	NA	NA	NA	NA	NA	NA	NA	NA	NA	NA	NA	NA	NA	NA	NA	NA	NA	NA	NA	NA	NA	NA	NA	NA	NA	NA	NA	NA
ERR12059170	this study	42092_2#220	ERS7985165	ERP126322	Klebsiella pneumoniae	strong	1	1	8	16	2011	NA	ST101	n	unknown	NA	NA	NA	NA	NA	NA	NA	NA	NA	NA	NA	NA	NA	NA	NA	NA	NA	NA	NA	NA	NA	NA	NA	NA	NA	NA	NA	NA	NA	NA	NA	NA
ERR12059171	this study	42092_2#221	ERS7985129	ERP126322	Klebsiella pneumoniae	strong	0	0	5	7	2008	NA	other	n	unknown	NA	NA	NA	NA	NA	NA	NA	NA	NA	NA	NA	NA	NA	NA	NA	NA	NA	NA	NA	NA	NA	NA	NA	NA	NA	NA	NA	NA	NA	NA	NA	NA
ERR12059172	this study	42092_2#222	ERS7985167	ERP126322	Klebsiella quasipneumoniae subsp. similipneumoniae	strong	0	0	4	4	2011	NA	other	n	unknown	NA	NA	NA	NA	NA	NA	NA	NA	NA	NA	NA	NA	NA	NA	NA	NA	NA	NA	NA	NA	NA	NA	NA	NA	NA	NA	NA	NA	NA	NA	NA	NA
ERR12059173	this study	42092_2#223	ERS7985131	ERP126322	Klebsiella pneumoniae	strong	1	1	7	10	NA	NA	ST39	n	unknown	NA	NA	NA	NA	NA	NA	NA	NA	NA	NA	NA	NA	NA	NA	NA	NA	NA	NA	NA	NA	NA	NA	NA	NA	NA	NA	NA	NA	NA	NA	NA	NA
ERR12059174	this study	42092_2#224	ERS7985166	ERP126322	Klebsiella pneumoniae	strong	0	1	9	23	2011	NA	ST37	n	unknown	NA	NA	NA	NA	NA	NA	NA	NA	NA	NA	NA	NA	NA	NA	NA	NA	NA	NA	NA	NA	NA	NA	NA	NA	NA	NA	NA	NA	NA	NA	NA	NA
ERR12059176	this study	42092_2#226	ERS7985035	ERP126322	Klebsiella pneumoniae	strong	0	0	7	9	2006	NA	ST39	n	unknown	NA	NA	NA	NA	NA	NA	NA	NA	NA	NA	NA	NA	NA	NA	NA	NA	NA	NA	NA	NA	NA	NA	NA	NA	NA	NA	NA	NA	NA	NA	NA	NA
ERR12059177	this study	42092_2#227	ERS7984996	ERP126322	Klebsiella pneumoniae	strong	3	0	5	9	1999	NA	ST14	n	unknown	NA	NA	NA	NA	NA	NA	NA	NA	NA	NA	NA	NA	NA	NA	NA	NA	NA	NA	NA	NA	NA	NA	NA	NA	NA	NA	NA	NA	NA	NA	NA	NA
ERR12059178	this study	42092_2#228	ERS7985036	ERP126322	Klebsiella pneumoniae	strong	0	0	5	6	2006	NA	other	n	unknown	NA	NA	NA	NA	NA	NA	NA	NA	NA	NA	NA	NA	NA	NA	NA	NA	NA	NA	NA	NA	NA	NA	NA	NA	NA	NA	NA	NA	NA	NA	NA	NA
ERR12059180	this study	42092_2#230	ERS7985037	ERP126322	Klebsiella pneumoniae	strong	0	0	7	9	2006	NA	ST39	n	unknown	NA	NA	NA	NA	NA	NA	NA	NA	NA	NA	NA	NA	NA	NA	NA	NA	NA	NA	NA	NA	NA	NA	NA	NA	NA	NA	NA	NA	NA	NA	NA	NA
ERR12059181	this study	42092_2#231	ERS7984998	ERP126322	Klebsiella pneumoniae	strong	4	0	4	6	1999	NA	ST86	n	unknown	NA	NA	NA	NA	NA	NA	NA	NA	NA	NA	NA	NA	NA	NA	NA	NA	NA	NA	NA	NA	NA	NA	NA	NA	NA	NA	NA	NA	NA	NA	NA	NA
ERR12059182	this study	42092_2#232	ERS7985038	ERP126322	Klebsiella pneumoniae	strong	0	0	0	0	2006	NA	other	u	unknown	NA	NA	NA	NA	NA	NA	NA	NA	NA	NA	NA	NA	NA	NA	NA	NA	NA	NA	NA	NA	NA	NA	NA	NA	NA	NA	NA	NA	NA	NA	NA	NA
ERR12059184	this study	42092_2#234	ERS7985039	ERP126322	Klebsiella pneumoniae	strong	0	0	0	0	2006	NA	other	y	unknown	NA	NA	NA	NA	NA	NA	NA	NA	NA	NA	NA	NA	NA	NA	NA	NA	NA	NA	NA	NA	NA	NA	NA	NA	NA	NA	NA	NA	NA	NA	NA	NA
ERR12059185	this study	42092_2#235	ERS7985000	ERP126322	Klebsiella pneumoniae	strong	0	0	4	6	NA	NA	other	n	unknown	NA	NA	NA	NA	NA	NA	NA	NA	NA	NA	NA	NA	NA	NA	NA	NA	NA	NA	NA	NA	NA	NA	NA	NA	NA	NA	NA	NA	NA	NA	NA	NA
ERR12059186	this study	42092_2#236	ERS7985040	ERP126322	Klebsiella pneumoniae	strong	0	0	0	0	2006	NA	other	y	unknown	NA	NA	NA	NA	NA	NA	NA	NA	NA	NA	NA	NA	NA	NA	NA	NA	NA	NA	NA	NA	NA	NA	NA	NA	NA	NA	NA	NA	NA	NA	NA	NA
ERR12059187	this study	42092_2#237	ERS7985001	ERP126322	Klebsiella pneumoniae	strong	1	0	8	8	NA	NA	ST48	n	unknown	NA	NA	NA	NA	NA	NA	NA	NA	NA	NA	NA	NA	NA	NA	NA	NA	NA	NA	NA	NA	NA	NA	NA	NA	NA	NA	NA	NA	NA	NA	NA	NA
ERR12059188	this study	42092_2#238	ERS7985041	ERP126322	Klebsiella variicola subsp. variicola	strong	0	0	0	0	2017	NA	other	u	unknown	NA	NA	NA	NA	NA	NA	NA	NA	NA	NA	NA	NA	NA	NA	NA	NA	NA	NA	NA	NA	NA	NA	NA	NA	NA	NA	NA	NA	NA	NA	NA	NA
ERR12059189	this study	42092_2#239	ERS7985002	ERP126322	Klebsiella pneumoniae	strong	3	0	7	11	1998	NA	ST17	n	unknown	NA	NA	NA	NA	NA	NA	NA	NA	NA	NA	NA	NA	NA	NA	NA	NA	NA	NA	NA	NA	NA	NA	NA	NA	NA	NA	NA	NA	NA	NA	NA	NA
ERR12059190	this study	42092_2#240	ERS7985042	ERP126322	Klebsiella pneumoniae	strong	0	1	8	16	2007	NA	ST14	y	unknown	NA	NA	NA	NA	NA	NA	NA	NA	NA	NA	NA	NA	NA	NA	NA	NA	NA	NA	NA	NA	NA	NA	NA	NA	NA	NA	NA	NA	NA	NA	NA	NA
ERR12059191	this study	42092_2#241	ERS7985134	ERP126322	Klebsiella quasipneumoniae subsp. similipneumoniae	strong	0	0	3	3	2008	NA	other	n	unknown	NA	NA	NA	NA	NA	NA	NA	NA	NA	NA	NA	NA	NA	NA	NA	NA	NA	NA	NA	NA	NA	NA	NA	NA	NA	NA	NA	NA	NA	NA	NA	NA
ERR12059192	this study	42092_2#242	ERS7985168	ERP126322	Klebsiella pneumoniae	strong	0	1	7	8	2011	NA	other	n	unknown	NA	NA	NA	NA	NA	NA	NA	NA	NA	NA	NA	NA	NA	NA	NA	NA	NA	NA	NA	NA	NA	NA	NA	NA	NA	NA	NA	NA	NA	NA	NA	NA
ERR12059193	this study	42092_2#243	ERS7985132	ERP126322	Klebsiella pneumoniae	strong	0	0	0	0	2008	NA	other	u	unknown	NA	NA	NA	NA	NA	NA	NA	NA	NA	NA	NA	NA	NA	NA	NA	NA	NA	NA	NA	NA	NA	NA	NA	NA	NA	NA	NA	NA	NA	NA	NA	NA
ERR12059194	this study	42092_2#244	ERS7985169	ERP126322	Klebsiella pneumoniae	strong	1	1	9	22	2011	NA	ST17	n	unknown	NA	NA	NA	NA	NA	NA	NA	NA	NA	NA	NA	NA	NA	NA	NA	NA	NA	NA	NA	NA	NA	NA	NA	NA	NA	NA	NA	NA	NA	NA	NA	NA
ERR12059195	this study	42092_2#245	ERS7985133	ERP126322	Klebsiella pneumoniae	strong	0	0	5	8	2008	NA	other	n	unknown	NA	NA	NA	NA	NA	NA	NA	NA	NA	NA	NA	NA	NA	NA	NA	NA	NA	NA	NA	NA	NA	NA	NA	NA	NA	NA	NA	NA	NA	NA	NA	NA
ERR12059196	this study	42092_2#246	ERS7985170	ERP126322	Klebsiella variicola subsp. variicola	strong	0	0	0	0	2011	NA	other	n	unknown	NA	NA	NA	NA	NA	NA	NA	NA	NA	NA	NA	NA	NA	NA	NA	NA	NA	NA	NA	NA	NA	NA	NA	NA	NA	NA	NA	NA	NA	NA	NA	NA
ERR12059197	this study	42092_2#247	ERS7985138	ERP126322	Klebsiella variicola subsp. variicola	strong	0	0	0	0	2008	NA	other	n	unknown	NA	NA	NA	NA	NA	NA	NA	NA	NA	NA	NA	NA	NA	NA	NA	NA	NA	NA	NA	NA	NA	NA	NA	NA	NA	NA	NA	NA	NA	NA	NA	NA
ERR12059199	this study	42092_2#249	ERS7985135	ERP126322	Klebsiella pneumoniae	strong	1	1	7	9	2008	NA	ST101	n	unknown	NA	NA	NA	NA	NA	NA	NA	NA	NA	NA	NA	NA	NA	NA	NA	NA	NA	NA	NA	NA	NA	NA	NA	NA	NA	NA	NA	NA	NA	NA	NA	NA
ERR12058974	this study	42092_2#24	ERS7985263	ERP126322	Klebsiella pneumoniae	strong	1	1	7	10	2010	NA	ST39	n	unknown	NA	NA	NA	NA	NA	NA	NA	NA	NA	NA	NA	NA	NA	NA	NA	NA	NA	NA	NA	NA	NA	NA	NA	NA	NA	NA	NA	NA	NA	NA	NA	NA
ERR12059200	this study	42092_2#250	ERS7985172	ERP126322	Klebsiella variicola subsp. variicola	strong	3	0	6	10	2011	NA	other	n	unknown	NA	NA	NA	NA	NA	NA	NA	NA	NA	NA	NA	NA	NA	NA	NA	NA	NA	NA	NA	NA	NA	NA	NA	NA	NA	NA	NA	NA	NA	NA	NA	NA
ERR12059201	this study	42092_2#251	ERS7985137	ERP126322	Klebsiella pneumoniae	strong	0	1	6	6	2009	NA	ST14	n	unknown	NA	NA	NA	NA	NA	NA	NA	NA	NA	NA	NA	NA	NA	NA	NA	NA	NA	NA	NA	NA	NA	NA	NA	NA	NA	NA	NA	NA	NA	NA	NA	NA
ERR12059202	this study	42092_2#252	ERS7985174	ERP126322	Klebsiella pneumoniae	strong	0	1	7	8	2011	NA	ST14	n	unknown	NA	NA	NA	NA	NA	NA	NA	NA	NA	NA	NA	NA	NA	NA	NA	NA	NA	NA	NA	NA	NA	NA	NA	NA	NA	NA	NA	NA	NA	NA	NA	NA
ERR12059203	this study	42092_2#253	ERS7985136	ERP126322	Klebsiella quasipneumoniae subsp. similipneumoniae	strong	0	0	0	0	2009	NA	other	n	unknown	NA	NA	NA	NA	NA	NA	NA	NA	NA	NA	NA	NA	NA	NA	NA	NA	NA	NA	NA	NA	NA	NA	NA	NA	NA	NA	NA	NA	NA	NA	NA	NA
ERR12059204	this study	42092_2#254	ERS7985173	ERP126322	Klebsiella pneumoniae	strong	0	1	7	10	2011	NA	ST15	n	unknown	NA	NA	NA	NA	NA	NA	NA	NA	NA	NA	NA	NA	NA	NA	NA	NA	NA	NA	NA	NA	NA	NA	NA	NA	NA	NA	NA	NA	NA	NA	NA	NA
ERR12059205	this study	42092_2#255	ERS7985139	ERP126322	Klebsiella quasipneumoniae subsp. quasipneumoniae	strong	0	0	1	1	2009	NA	other	n	unknown	NA	NA	NA	NA	NA	NA	NA	NA	NA	NA	NA	NA	NA	NA	NA	NA	NA	NA	NA	NA	NA	NA	NA	NA	NA	NA	NA	NA	NA	NA	NA	NA
ERR12059206	this study	42092_2#256	ERS7985175	ERP126322	Klebsiella pneumoniae	strong	0	1	4	4	2011	NA	ST17	n	unknown	NA	NA	NA	NA	NA	NA	NA	NA	NA	NA	NA	NA	NA	NA	NA	NA	NA	NA	NA	NA	NA	NA	NA	NA	NA	NA	NA	NA	NA	NA	NA	NA
ERR12059208	this study	42092_2#258	ERS7985043	ERP126322	Klebsiella pneumoniae	strong	1	1	7	12	2007	NA	ST101	n	unknown	NA	NA	NA	NA	NA	NA	NA	NA	NA	NA	NA	NA	NA	NA	NA	NA	NA	NA	NA	NA	NA	NA	NA	NA	NA	NA	NA	NA	NA	NA	NA	NA
ERR12058975	this study	42092_2#25	ERS7985080	ERP126322	Klebsiella pneumoniae	strong	0	1	6	8	2008	NA	ST14	n	unknown	NA	NA	NA	NA	NA	NA	NA	NA	NA	NA	NA	NA	NA	NA	NA	NA	NA	NA	NA	NA	NA	NA	NA	NA	NA	NA	NA	NA	NA	NA	NA	NA
ERR12059210	this study	42092_2#260	ERS7985045	ERP126322	Klebsiella pneumoniae	strong	0	0	6	8	NA	NA	other	n	unknown	NA	NA	NA	NA	NA	NA	NA	NA	NA	NA	NA	NA	NA	NA	NA	NA	NA	NA	NA	NA	NA	NA	NA	NA	NA	NA	NA	NA	NA	NA	NA	NA
ERR12059212	this study	42092_2#262	ERS7985046	ERP126322	Klebsiella pneumoniae	strong	1	1	5	6	2007	NA	ST101	n	unknown	NA	NA	NA	NA	NA	NA	NA	NA	NA	NA	NA	NA	NA	NA	NA	NA	NA	NA	NA	NA	NA	NA	NA	NA	NA	NA	NA	NA	NA	NA	NA	NA
ERR12059214	this study	42092_2#264	ERS7985047	ERP126322	Klebsiella pneumoniae	strong	0	1	8	16	2007	NA	other	n	unknown	NA	NA	NA	NA	NA	NA	NA	NA	NA	NA	NA	NA	NA	NA	NA	NA	NA	NA	NA	NA	NA	NA	NA	NA	NA	NA	NA	NA	NA	NA	NA	NA
ERR12059216	this study	42092_2#266	ERS7985048	ERP126322	Klebsiella pneumoniae	strong	3	0	3	5	2007	NA	ST86	n	unknown	NA	NA	NA	NA	NA	NA	NA	NA	NA	NA	NA	NA	NA	NA	NA	NA	NA	NA	NA	NA	NA	NA	NA	NA	NA	NA	NA	NA	NA	NA	NA	NA
ERR12059217	this study	42092_2#267	ERS7985008	ERP126322	Klebsiella variicola subsp. variicola	strong	0	0	0	0	1999	NA	other	n	unknown	NA	NA	NA	NA	NA	NA	NA	NA	NA	NA	NA	NA	NA	NA	NA	NA	NA	NA	NA	NA	NA	NA	NA	NA	NA	NA	NA	NA	NA	NA	NA	NA
ERR12059218	this study	42092_2#268	ERS7985049	ERP126322	Klebsiella pneumoniae	strong	0	1	7	10	2007	NA	ST17	y	unknown	NA	NA	NA	NA	NA	NA	NA	NA	NA	NA	NA	NA	NA	NA	NA	NA	NA	NA	NA	NA	NA	NA	NA	NA	NA	NA	NA	NA	NA	NA	NA	NA
ERR12059219	this study	42092_2#269	ERS7985009	ERP126322	Klebsiella pneumoniae	strong	3	0	6	7	1998	NA	ST86	n	unknown	NA	NA	NA	NA	NA	NA	NA	NA	NA	NA	NA	NA	NA	NA	NA	NA	NA	NA	NA	NA	NA	NA	NA	NA	NA	NA	NA	NA	NA	NA	NA	NA
ERR12058976	this study	42092_2#26	ERS7985264	ERP126322	Klebsiella pneumoniae	strong	0	1	7	8	2010	NA	ST14	y	unknown	NA	NA	NA	NA	NA	NA	NA	NA	NA	NA	NA	NA	NA	NA	NA	NA	NA	NA	NA	NA	NA	NA	NA	NA	NA	NA	NA	NA	NA	NA	NA	NA
ERR12059220	this study	42092_2#270	ERS7985050	ERP126322	Klebsiella pneumoniae	strong	0	0	1	1	2007	NA	other	n	unknown	NA	NA	NA	NA	NA	NA	NA	NA	NA	NA	NA	NA	NA	NA	NA	NA	NA	NA	NA	NA	NA	NA	NA	NA	NA	NA	NA	NA	NA	NA	NA	NA
ERR12059221	this study	42092_2#271	ERS7985010	ERP126322	Klebsiella pneumoniae	strong	4	0	4	6	1998	NA	ST86	n	unknown	NA	NA	NA	NA	NA	NA	NA	NA	NA	NA	NA	NA	NA	NA	NA	NA	NA	NA	NA	NA	NA	NA	NA	NA	NA	NA	NA	NA	NA	NA	NA	NA
ERR12059222	this study	42092_2#272	ERS7985051	ERP126322	Klebsiella pneumoniae	strong	1	1	9	17	2007	NA	ST48	n	unknown	NA	NA	NA	NA	NA	NA	NA	NA	NA	NA	NA	NA	NA	NA	NA	NA	NA	NA	NA	NA	NA	NA	NA	NA	NA	NA	NA	NA	NA	NA	NA	NA
ERR12059223	this study	42092_2#273	ERS7985141	ERP126322	Klebsiella pneumoniae	strong	3	0	0	0	2009	NA	ST25	n	unknown	NA	NA	NA	NA	NA	NA	NA	NA	NA	NA	NA	NA	NA	NA	NA	NA	NA	NA	NA	NA	NA	NA	NA	NA	NA	NA	NA	NA	NA	NA	NA	NA
ERR12059224	this study	42092_2#274	ERS7985176	ERP126322	Klebsiella pneumoniae	strong	0	1	9	18	2011	NA	ST14	n	unknown	NA	NA	NA	NA	NA	NA	NA	NA	NA	NA	NA	NA	NA	NA	NA	NA	NA	NA	NA	NA	NA	NA	NA	NA	NA	NA	NA	NA	NA	NA	NA	NA
ERR12059225	this study	42092_2#275	ERS7985142	ERP126322	Klebsiella pneumoniae	strong	1	0	5	6	2009	NA	other	n	unknown	NA	NA	NA	NA	NA	NA	NA	NA	NA	NA	NA	NA	NA	NA	NA	NA	NA	NA	NA	NA	NA	NA	NA	NA	NA	NA	NA	NA	NA	NA	NA	NA
ERR12059226	this study	42092_2#276	ERS7985177	ERP126322	Klebsiella pneumoniae	strong	0	1	7	8	2011	NA	ST14	n	unknown	NA	NA	NA	NA	NA	NA	NA	NA	NA	NA	NA	NA	NA	NA	NA	NA	NA	NA	NA	NA	NA	NA	NA	NA	NA	NA	NA	NA	NA	NA	NA	NA
ERR12059227	this study	42092_2#277	ERS7985140	ERP126322	Klebsiella pneumoniae	strong	0	1	6	6	2009	NA	ST101	y	unknown	NA	NA	NA	NA	NA	NA	NA	NA	NA	NA	NA	NA	NA	NA	NA	NA	NA	NA	NA	NA	NA	NA	NA	NA	NA	NA	NA	NA	NA	NA	NA	NA
ERR12059228	this study	42092_2#278	ERS7985178	ERP126322	Klebsiella quasipneumoniae subsp. quasipneumoniae	strong	0	0	4	4	2011	NA	other	n	unknown	NA	NA	NA	NA	NA	NA	NA	NA	NA	NA	NA	NA	NA	NA	NA	NA	NA	NA	NA	NA	NA	NA	NA	NA	NA	NA	NA	NA	NA	NA	NA	NA
ERR12059229	this study	42092_2#279	ERS7985143	ERP126322	Klebsiella pneumoniae	strong	0	1	6	9	2009	NA	ST101	y	unknown	NA	NA	NA	NA	NA	NA	NA	NA	NA	NA	NA	NA	NA	NA	NA	NA	NA	NA	NA	NA	NA	NA	NA	NA	NA	NA	NA	NA	NA	NA	NA	NA
ERR12058977	this study	42092_2#27	ERS7985081	ERP126322	Klebsiella pneumoniae	strong	1	0	5	6	2008	NA	other	n	unknown	NA	NA	NA	NA	NA	NA	NA	NA	NA	NA	NA	NA	NA	NA	NA	NA	NA	NA	NA	NA	NA	NA	NA	NA	NA	NA	NA	NA	NA	NA	NA	NA
ERR12059230	this study	42092_2#280	ERS7985179	ERP126322	Klebsiella variicola subsp. variicola	strong	1	0	0	0	2011	NA	other	n	unknown	NA	NA	NA	NA	NA	NA	NA	NA	NA	NA	NA	NA	NA	NA	NA	NA	NA	NA	NA	NA	NA	NA	NA	NA	NA	NA	NA	NA	NA	NA	NA	NA
ERR12059231	this study	42092_2#281	ERS7985145	ERP126322	Klebsiella pneumoniae	strong	0	1	6	6	2009	NA	ST17	n	unknown	NA	NA	NA	NA	NA	NA	NA	NA	NA	NA	NA	NA	NA	NA	NA	NA	NA	NA	NA	NA	NA	NA	NA	NA	NA	NA	NA	NA	NA	NA	NA	NA
ERR12059232	this study	42092_2#282	ERS7985181	ERP126322	Klebsiella pneumoniae	strong	5	1	6	6	2011	NA	other	n	unknown	NA	NA	NA	NA	NA	NA	NA	NA	NA	NA	NA	NA	NA	NA	NA	NA	NA	NA	NA	NA	NA	NA	NA	NA	NA	NA	NA	NA	NA	NA	NA	NA
ERR12059233	this study	42092_2#283	ERS7985146	ERP126322	Klebsiella quasipneumoniae subsp. quasipneumoniae	strong	0	0	5	6	2009	NA	other	n	unknown	NA	NA	NA	NA	NA	NA	NA	NA	NA	NA	NA	NA	NA	NA	NA	NA	NA	NA	NA	NA	NA	NA	NA	NA	NA	NA	NA	NA	NA	NA	NA	NA
ERR12059234	this study	42092_2#284	ERS7985180	ERP126322	Klebsiella pneumoniae	strong	1	1	8	12	2011	NA	ST39	n	unknown	NA	NA	NA	NA	NA	NA	NA	NA	NA	NA	NA	NA	NA	NA	NA	NA	NA	NA	NA	NA	NA	NA	NA	NA	NA	NA	NA	NA	NA	NA	NA	NA
ERR12059235	this study	42092_2#285	ERS7985147	ERP126322	Klebsiella pneumoniae	strong	3	0	0	0	2009	NA	other	n	unknown	NA	NA	NA	NA	NA	NA	NA	NA	NA	NA	NA	NA	NA	NA	NA	NA	NA	NA	NA	NA	NA	NA	NA	NA	NA	NA	NA	NA	NA	NA	NA	NA
ERR12059236	this study	42092_2#286	ERS7985182	ERP126322	Klebsiella pneumoniae	strong	0	0	2	2	2012	NA	other	n	PAEDIATRIC SPECIAL CARE WARD	NA	I	NA	NA	NA	NA	NA	S	NA	NA	NA	NA	S	NA	S	NA	R	NA	NA	S	NA	NA	NA	NA	NA	NA	NA	NA	NA	NA	NA	NA
ERR12059237	this study	42092_2#287	ERS7985144	ERP126322	Klebsiella pneumoniae	strong	0	1	6	6	2009	NA	ST14	y	unknown	NA	NA	NA	NA	NA	NA	NA	NA	NA	NA	NA	NA	NA	NA	NA	NA	NA	NA	NA	NA	NA	NA	NA	NA	NA	NA	NA	NA	NA	NA	NA	NA
ERR12059238	this study	42092_2#288	ERS7985183	ERP126322	Klebsiella quasipneumoniae subsp. similipneumoniae	strong	1	0	3	3	2011	NA	other	n	unknown	NA	NA	NA	NA	NA	NA	NA	NA	NA	NA	NA	NA	NA	NA	NA	NA	NA	NA	NA	NA	NA	NA	NA	NA	NA	NA	NA	NA	NA	NA	NA	NA
ERR12058978	this study	42092_2#28	ERS7985265	ERP126322	Klebsiella pneumoniae	strong	1	0	5	6	2010	NA	other	n	unknown	NA	NA	NA	NA	NA	NA	NA	NA	NA	NA	NA	NA	NA	NA	NA	NA	NA	NA	NA	NA	NA	NA	NA	NA	NA	NA	NA	NA	NA	NA	NA	NA
ERR12059240	this study	42092_2#290	ERS7985052	ERP126322	Klebsiella pneumoniae	strong	0	0	3	3	2007	NA	other	n	unknown	NA	NA	NA	NA	NA	NA	NA	NA	NA	NA	NA	NA	NA	NA	NA	NA	NA	NA	NA	NA	NA	NA	NA	NA	NA	NA	NA	NA	NA	NA	NA	NA
ERR12059242	this study	42092_2#292	ERS7985053	ERP126322	Klebsiella pneumoniae	strong	0	1	10	21	2007	NA	other	n	unknown	NA	NA	NA	NA	NA	NA	NA	NA	NA	NA	NA	NA	NA	NA	NA	NA	NA	NA	NA	NA	NA	NA	NA	NA	NA	NA	NA	NA	NA	NA	NA	NA
ERR12059244	this study	42092_2#294	ERS7985054	ERP126322	Klebsiella pneumoniae	strong	0	1	7	13	2007	NA	other	n	unknown	NA	NA	NA	NA	NA	NA	NA	NA	NA	NA	NA	NA	NA	NA	NA	NA	NA	NA	NA	NA	NA	NA	NA	NA	NA	NA	NA	NA	NA	NA	NA	NA
ERR12059246	this study	42092_2#296	ERS7985055	ERP126322	Klebsiella pneumoniae	strong	0	0	6	8	2007	NA	ST29	n	unknown	NA	NA	NA	NA	NA	NA	NA	NA	NA	NA	NA	NA	NA	NA	NA	NA	NA	NA	NA	NA	NA	NA	NA	NA	NA	NA	NA	NA	NA	NA	NA	NA
ERR12059248	this study	42092_2#298	ERS7985056	ERP126322	Klebsiella pneumoniae	strong	0	0	8	15	2007	NA	other	n	unknown	NA	NA	NA	NA	NA	NA	NA	NA	NA	NA	NA	NA	NA	NA	NA	NA	NA	NA	NA	NA	NA	NA	NA	NA	NA	NA	NA	NA	NA	NA	NA	NA
ERR12059249	this study	42092_2#299	ERS7985016	ERP126322	Klebsiella variicola subsp. variicola	strong	0	0	0	0	2004	NA	other	n	unknown	NA	NA	NA	NA	NA	NA	NA	NA	NA	NA	NA	NA	NA	NA	NA	NA	NA	NA	NA	NA	NA	NA	NA	NA	NA	NA	NA	NA	NA	NA	NA	NA
ERR12058979	this study	42092_2#29	ERS7985082	ERP126322	Klebsiella pneumoniae	strong	1	1	8	11	2008	NA	ST25	y	unknown	NA	NA	NA	NA	NA	NA	NA	NA	NA	NA	NA	NA	NA	NA	NA	NA	NA	NA	NA	NA	NA	NA	NA	NA	NA	NA	NA	NA	NA	NA	NA	NA
ERR12058952	this study	42092_2#2	ERS7984897	ERP126322	Klebsiella pneumoniae	strong	0	0	5	6	2005	NA	ST14	n	unknown	NA	NA	NA	NA	NA	NA	NA	NA	NA	NA	NA	NA	NA	NA	NA	NA	NA	NA	NA	NA	NA	NA	NA	NA	NA	NA	NA	NA	NA	NA	NA	NA
ERR12059251	this study	42092_2#301	ERS7985018	ERP126322	Klebsiella pneumoniae	strong	3	0	6	7	2004	NA	ST86	u	unknown	NA	NA	NA	NA	NA	NA	NA	NA	NA	NA	NA	NA	NA	NA	NA	NA	NA	NA	NA	NA	NA	NA	NA	NA	NA	NA	NA	NA	NA	NA	NA	NA
ERR12059252	this study	42092_2#302	ERS7985058	ERP126322	Klebsiella variicola subsp. variicola	strong	0	0	0	0	2007	NA	other	n	unknown	NA	NA	NA	NA	NA	NA	NA	NA	NA	NA	NA	NA	NA	NA	NA	NA	NA	NA	NA	NA	NA	NA	NA	NA	NA	NA	NA	NA	NA	NA	NA	NA
ERR12059253	this study	42092_2#303	ERS7985017	ERP126322	Klebsiella pneumoniae	strong	4	0	4	6	2004	NA	ST86	n	unknown	NA	NA	NA	NA	NA	NA	NA	NA	NA	NA	NA	NA	NA	NA	NA	NA	NA	NA	NA	NA	NA	NA	NA	NA	NA	NA	NA	NA	NA	NA	NA	NA
ERR12059254	this study	42092_2#304	ERS7985059	ERP126322	Klebsiella quasipneumoniae subsp. similipneumoniae	strong	1	0	0	0	2007	NA	other	u	unknown	NA	NA	NA	NA	NA	NA	NA	NA	NA	NA	NA	NA	NA	NA	NA	NA	NA	NA	NA	NA	NA	NA	NA	NA	NA	NA	NA	NA	NA	NA	NA	NA
ERR12059255	this study	42092_2#305	ERS7985148	ERP126322	Klebsiella pneumoniae	strong	0	1	6	6	2009	NA	ST14	n	unknown	NA	NA	NA	NA	NA	NA	NA	NA	NA	NA	NA	NA	NA	NA	NA	NA	NA	NA	NA	NA	NA	NA	NA	NA	NA	NA	NA	NA	NA	NA	NA	NA
ERR12059256	this study	42092_2#306	ERS7985184	ERP126322	Klebsiella pneumoniae	strong	1	1	6	9	2011	NA	ST14	n	unknown	NA	NA	NA	NA	NA	NA	NA	NA	NA	NA	NA	NA	NA	NA	NA	NA	NA	NA	NA	NA	NA	NA	NA	NA	NA	NA	NA	NA	NA	NA	NA	NA
ERR12059257	this study	42092_2#307	ERS7985149	ERP126322	Klebsiella pneumoniae	strong	0	1	10	27	2009	NA	ST15	n	unknown	NA	NA	NA	NA	NA	NA	NA	NA	NA	NA	NA	NA	NA	NA	NA	NA	NA	NA	NA	NA	NA	NA	NA	NA	NA	NA	NA	NA	NA	NA	NA	NA
ERR12059258	this study	42092_2#308	ERS7985185	ERP126322	Klebsiella variicola subsp. variicola	strong	0	0	0	0	2011	NA	other	n	unknown	NA	NA	NA	NA	NA	NA	NA	NA	NA	NA	NA	NA	NA	NA	NA	NA	NA	NA	NA	NA	NA	NA	NA	NA	NA	NA	NA	NA	NA	NA	NA	NA
ERR12059259	this study	42092_2#309	ERS7985150	ERP126322	Klebsiella pneumoniae	strong	0	0	0	0	2009	NA	other	n	unknown	NA	NA	NA	NA	NA	NA	NA	NA	NA	NA	NA	NA	NA	NA	NA	NA	NA	NA	NA	NA	NA	NA	NA	NA	NA	NA	NA	NA	NA	NA	NA	NA
ERR12058980	this study	42092_2#30	ERS7985266	ERP126322	Klebsiella pneumoniae	strong	0	0	0	0	2010	NA	other	n	unknown	NA	NA	NA	NA	NA	NA	NA	NA	NA	NA	NA	NA	NA	NA	NA	NA	NA	NA	NA	NA	NA	NA	NA	NA	NA	NA	NA	NA	NA	NA	NA	NA
ERR12059260	this study	42092_2#310	ERS7985186	ERP126322	Klebsiella pneumoniae	strong	5	1	6	6	2011	NA	other	n	unknown	NA	NA	NA	NA	NA	NA	NA	NA	NA	NA	NA	NA	NA	NA	NA	NA	NA	NA	NA	NA	NA	NA	NA	NA	NA	NA	NA	NA	NA	NA	NA	NA
ERR12059261	this study	42092_2#311	ERS7985151	ERP126322	Klebsiella pneumoniae	strong	0	1	6	6	2009	NA	ST14	y	unknown	NA	NA	NA	NA	NA	NA	NA	NA	NA	NA	NA	NA	NA	NA	NA	NA	NA	NA	NA	NA	NA	NA	NA	NA	NA	NA	NA	NA	NA	NA	NA	NA
ERR12059262	this study	42092_2#312	ERS7985187	ERP126322	Klebsiella variicola subsp. variicola	strong	0	0	0	0	2011	NA	other	n	unknown	NA	NA	NA	NA	NA	NA	NA	NA	NA	NA	NA	NA	NA	NA	NA	NA	NA	NA	NA	NA	NA	NA	NA	NA	NA	NA	NA	NA	NA	NA	NA	NA
ERR12059263	this study	42092_2#313	ERS7985152	ERP126322	Klebsiella pneumoniae	strong	0	1	6	6	2009	NA	ST14	y	unknown	NA	NA	NA	NA	NA	NA	NA	NA	NA	NA	NA	NA	NA	NA	NA	NA	NA	NA	NA	NA	NA	NA	NA	NA	NA	NA	NA	NA	NA	NA	NA	NA
ERR12059264	this study	42092_2#314	ERS7985153	ERP126322	Klebsiella pneumoniae	strong	0	1	6	6	2009	NA	ST14	y	unknown	NA	NA	NA	NA	NA	NA	NA	NA	NA	NA	NA	NA	NA	NA	NA	NA	NA	NA	NA	NA	NA	NA	NA	NA	NA	NA	NA	NA	NA	NA	NA	NA
ERR12059265	this study	42092_2#315	ERS7985154	ERP126322	Klebsiella pneumoniae	strong	0	1	6	6	2009	NA	ST14	y	unknown	NA	NA	NA	NA	NA	NA	NA	NA	NA	NA	NA	NA	NA	NA	NA	NA	NA	NA	NA	NA	NA	NA	NA	NA	NA	NA	NA	NA	NA	NA	NA	NA
ERR12059266	this study	42092_2#316	ERS7985155	ERP126322	Klebsiella pneumoniae	strong	0	1	8	14	2009	NA	other	n	unknown	NA	NA	NA	NA	NA	NA	NA	NA	NA	NA	NA	NA	NA	NA	NA	NA	NA	NA	NA	NA	NA	NA	NA	NA	NA	NA	NA	NA	NA	NA	NA	NA
ERR12059267	this study	42092_2#317	ERS7985019	ERP126322	Klebsiella pneumoniae	strong	0	0	6	11	2004	NA	ST14	n	unknown	NA	NA	NA	NA	NA	NA	NA	NA	NA	NA	NA	NA	NA	NA	NA	NA	NA	NA	NA	NA	NA	NA	NA	NA	NA	NA	NA	NA	NA	NA	NA	NA
ERR12059268	this study	42092_2#318	ERS7985060	ERP126322	Klebsiella pneumoniae	strong	0	0	0	0	2007	NA	other	n	unknown	NA	NA	NA	NA	NA	NA	NA	NA	NA	NA	NA	NA	NA	NA	NA	NA	NA	NA	NA	NA	NA	NA	NA	NA	NA	NA	NA	NA	NA	NA	NA	NA
ERR12059269	this study	42092_2#319	ERS7985020	ERP126322	Klebsiella pneumoniae	strong	5	0	5	9	2004	NA	other	n	unknown	NA	NA	NA	NA	NA	NA	NA	NA	NA	NA	NA	NA	NA	NA	NA	NA	NA	NA	NA	NA	NA	NA	NA	NA	NA	NA	NA	NA	NA	NA	NA	NA
ERR12058981	this study	42092_2#31	ERS7985083	ERP126322	Klebsiella pneumoniae	strong	0	0	0	0	2007	NA	ST37	n	unknown	NA	NA	NA	NA	NA	NA	NA	NA	NA	NA	NA	NA	NA	NA	NA	NA	NA	NA	NA	NA	NA	NA	NA	NA	NA	NA	NA	NA	NA	NA	NA	NA
ERR12059270	this study	42092_2#320	ERS7985061	ERP126322	Klebsiella pneumoniae	strong	0	1	7	10	2007	NA	ST37	n	unknown	NA	NA	NA	NA	NA	NA	NA	NA	NA	NA	NA	NA	NA	NA	NA	NA	NA	NA	NA	NA	NA	NA	NA	NA	NA	NA	NA	NA	NA	NA	NA	NA
ERR12059271	this study	42092_2#321	ERS7984883	ERP126322	Klebsiella pneumoniae	strong	5	0	5	9	2004	NA	other	n	unknown	NA	NA	NA	NA	NA	NA	NA	NA	NA	NA	NA	NA	NA	NA	NA	NA	NA	NA	NA	NA	NA	NA	NA	NA	NA	NA	NA	NA	NA	NA	NA	NA
ERR12059272	this study	42092_2#322	ERS7985062	ERP126322	Klebsiella pneumoniae	strong	1	1	8	14	2007	NA	ST17	n	unknown	NA	NA	NA	NA	NA	NA	NA	NA	NA	NA	NA	NA	NA	NA	NA	NA	NA	NA	NA	NA	NA	NA	NA	NA	NA	NA	NA	NA	NA	NA	NA	NA
ERR12059274	this study	42092_2#324	ERS7985063	ERP126322	Klebsiella pneumoniae	strong	0	0	3	3	2007	NA	other	n	unknown	NA	NA	NA	NA	NA	NA	NA	NA	NA	NA	NA	NA	NA	NA	NA	NA	NA	NA	NA	NA	NA	NA	NA	NA	NA	NA	NA	NA	NA	NA	NA	NA
ERR12059275	this study	42092_2#325	ERS7984885	ERP126322	Klebsiella pneumoniae	strong	3	0	6	8	NA	NA	ST14	n	unknown	NA	NA	NA	NA	NA	NA	NA	NA	NA	NA	NA	NA	NA	NA	NA	NA	NA	NA	NA	NA	NA	NA	NA	NA	NA	NA	NA	NA	NA	NA	NA	NA
ERR12059276	this study	42092_2#326	ERS7985064	ERP126322	Klebsiella pneumoniae	strong	0	0	0	0	2007	NA	other	u	unknown	NA	NA	NA	NA	NA	NA	NA	NA	NA	NA	NA	NA	NA	NA	NA	NA	NA	NA	NA	NA	NA	NA	NA	NA	NA	NA	NA	NA	NA	NA	NA	NA
ERR12059277	this study	42092_2#327	ERS7984886	ERP126322	Klebsiella pneumoniae	strong	0	0	0	0	NA	NA	other	n	unknown	NA	NA	NA	NA	NA	NA	NA	NA	NA	NA	NA	NA	NA	NA	NA	NA	NA	NA	NA	NA	NA	NA	NA	NA	NA	NA	NA	NA	NA	NA	NA	NA
ERR12059278	this study	42092_2#328	ERS7985065	ERP126322	Klebsiella pneumoniae	strong	0	1	7	10	2007	NA	ST391	n	unknown	NA	NA	NA	NA	NA	NA	NA	NA	NA	NA	NA	NA	NA	NA	NA	NA	NA	NA	NA	NA	NA	NA	NA	NA	NA	NA	NA	NA	NA	NA	NA	NA
ERR12059279	this study	42092_2#329	ERS7984887	ERP126322	Klebsiella pneumoniae	strong	0	0	5	6	2004	NA	other	u	unknown	NA	NA	NA	NA	NA	NA	NA	NA	NA	NA	NA	NA	NA	NA	NA	NA	NA	NA	NA	NA	NA	NA	NA	NA	NA	NA	NA	NA	NA	NA	NA	NA
ERR12058982	this study	42092_2#32	ERS7985267	ERP126322	Klebsiella pneumoniae	strong	0	0	6	6	2010	NA	ST17	n	unknown	NA	NA	NA	NA	NA	NA	NA	NA	NA	NA	NA	NA	NA	NA	NA	NA	NA	NA	NA	NA	NA	NA	NA	NA	NA	NA	NA	NA	NA	NA	NA	NA
ERR12059281	this study	42092_2#331	ERS7984888	ERP126322	Klebsiella pneumoniae	strong	0	1	9	13	2004	NA	other	n	unknown	NA	NA	NA	NA	NA	NA	NA	NA	NA	NA	NA	NA	NA	NA	NA	NA	NA	NA	NA	NA	NA	NA	NA	NA	NA	NA	NA	NA	NA	NA	NA	NA
ERR12059282	this study	42092_2#332	ERS7985067	ERP126322	Klebsiella pneumoniae	strong	0	1	9	17	2007	NA	other	u	unknown	NA	NA	NA	NA	NA	NA	NA	NA	NA	NA	NA	NA	NA	NA	NA	NA	NA	NA	NA	NA	NA	NA	NA	NA	NA	NA	NA	NA	NA	NA	NA	NA
ERR12059283	this study	42092_2#333	ERS7985156	ERP126322	Klebsiella pneumoniae	strong	0	1	6	6	2009	NA	ST14	y	unknown	NA	NA	NA	NA	NA	NA	NA	NA	NA	NA	NA	NA	NA	NA	NA	NA	NA	NA	NA	NA	NA	NA	NA	NA	NA	NA	NA	NA	NA	NA	NA	NA
ERR12059284	this study	42092_2#334	ERS7985157	ERP126322	Klebsiella pneumoniae	strong	0	1	6	6	2009	NA	ST14	u	unknown	NA	NA	NA	NA	NA	NA	NA	NA	NA	NA	NA	NA	NA	NA	NA	NA	NA	NA	NA	NA	NA	NA	NA	NA	NA	NA	NA	NA	NA	NA	NA	NA
ERR12059285	this study	42092_2#335	ERS7985158	ERP126322	Klebsiella pneumoniae	strong	0	1	6	6	2009	NA	ST14	y	unknown	NA	NA	NA	NA	NA	NA	NA	NA	NA	NA	NA	NA	NA	NA	NA	NA	NA	NA	NA	NA	NA	NA	NA	NA	NA	NA	NA	NA	NA	NA	NA	NA
ERR12059286	this study	42092_2#336	ERS7985159	ERP126322	Klebsiella pneumoniae	strong	0	1	6	9	2009	NA	ST101	u	unknown	NA	NA	NA	NA	NA	NA	NA	NA	NA	NA	NA	NA	NA	NA	NA	NA	NA	NA	NA	NA	NA	NA	NA	NA	NA	NA	NA	NA	NA	NA	NA	NA
ERR12059287	this study	42092_2#337	ERS7985160	ERP126322	Klebsiella pneumoniae	strong	0	1	6	6	2009	NA	other	n	unknown	NA	NA	NA	NA	NA	NA	NA	NA	NA	NA	NA	NA	NA	NA	NA	NA	NA	NA	NA	NA	NA	NA	NA	NA	NA	NA	NA	NA	NA	NA	NA	NA
ERR12059288	this study	42092_2#338	ERS7985249	ERP126322	Klebsiella pneumoniae	strong	0	1	9	13	2009	NA	ST36	y	unknown	NA	NA	NA	NA	NA	NA	NA	NA	NA	NA	NA	NA	NA	NA	NA	NA	NA	NA	NA	NA	NA	NA	NA	NA	NA	NA	NA	NA	NA	NA	NA	NA
ERR12059289	this study	42092_2#339	ERS7985251	ERP126322	Klebsiella pneumoniae	strong	0	0	8	10	2009	NA	ST36	n	unknown	NA	NA	NA	NA	NA	NA	NA	NA	NA	NA	NA	NA	NA	NA	NA	NA	NA	NA	NA	NA	NA	NA	NA	NA	NA	NA	NA	NA	NA	NA	NA	NA
ERR12058983	this study	42092_2#33	ERS7984946	ERP126322	Klebsiella pneumoniae	strong	0	0	3	3	2020	NA	ST14	n	PAEDIATRIC SPECIAL CARE WARD	S	R	NA	S	NA	R	NA	R	NA	NA	NA	NA	S	NA	S	NA	R	NA	NA	S	NA	NA	S	NA	R	NA	NA	S	NA	NA	NA	NA
ERR12059290	this study	42092_2#340	ERS7985250	ERP126322	Klebsiella pneumoniae	strong	0	1	6	8	2009	NA	ST14	y	unknown	NA	NA	NA	NA	NA	NA	NA	NA	NA	NA	NA	NA	NA	NA	NA	NA	NA	NA	NA	NA	NA	NA	NA	NA	NA	NA	NA	NA	NA	NA	NA	NA
ERR12059291	this study	42092_2#341	ERS7984889	ERP126322	Klebsiella pneumoniae	strong	0	0	6	8	2005	NA	ST39	y	unknown	NA	NA	NA	NA	NA	NA	NA	NA	NA	NA	NA	NA	NA	NA	NA	NA	NA	NA	NA	NA	NA	NA	NA	NA	NA	NA	NA	NA	NA	NA	NA	NA
ERR12059292	this study	42092_2#342	ERS7985068	ERP126322	Klebsiella pneumoniae	strong	0	1	6	8	2007	NA	ST14	u	unknown	NA	NA	NA	NA	NA	NA	NA	NA	NA	NA	NA	NA	NA	NA	NA	NA	NA	NA	NA	NA	NA	NA	NA	NA	NA	NA	NA	NA	NA	NA	NA	NA
ERR12059293	this study	42092_2#343	ERS7984890	ERP126322	Klebsiella pneumoniae	strong	0	0	0	0	2005	NA	ST36	n	unknown	NA	NA	NA	NA	NA	NA	NA	NA	NA	NA	NA	NA	NA	NA	NA	NA	NA	NA	NA	NA	NA	NA	NA	NA	NA	NA	NA	NA	NA	NA	NA	NA
ERR12059294	this study	42092_2#344	ERS7985069	ERP126322	Klebsiella pneumoniae	strong	1	1	8	13	2007	NA	other	y	unknown	NA	NA	NA	NA	NA	NA	NA	NA	NA	NA	NA	NA	NA	NA	NA	NA	NA	NA	NA	NA	NA	NA	NA	NA	NA	NA	NA	NA	NA	NA	NA	NA
ERR12059295	this study	42092_2#345	ERS7984891	ERP126322	Klebsiella pneumoniae	strong	0	0	5	9	2004	NA	ST14	y	unknown	NA	NA	NA	NA	NA	NA	NA	NA	NA	NA	NA	NA	NA	NA	NA	NA	NA	NA	NA	NA	NA	NA	NA	NA	NA	NA	NA	NA	NA	NA	NA	NA
ERR12059299	this study	42092_2#349	ERS7984893	ERP126322	Klebsiella pneumoniae	strong	0	1	7	12	2005	NA	ST15	n	unknown	NA	NA	NA	NA	NA	NA	NA	NA	NA	NA	NA	NA	NA	NA	NA	NA	NA	NA	NA	NA	NA	NA	NA	NA	NA	NA	NA	NA	NA	NA	NA	NA
ERR12058984	this study	42092_2#34	ERS7984905	ERP126322	Klebsiella pneumoniae	strong	1	0	5	7	2005	NA	other	n	unknown	NA	NA	NA	NA	NA	NA	NA	NA	NA	NA	NA	NA	NA	NA	NA	NA	NA	NA	NA	NA	NA	NA	NA	NA	NA	NA	NA	NA	NA	NA	NA	NA
ERR12059300	this study	42092_2#350	ERS7985073	ERP126322	Klebsiella quasipneumoniae subsp. similipneumoniae	strong	0	1	7	9	2007	NA	other	n	unknown	NA	NA	NA	NA	NA	NA	NA	NA	NA	NA	NA	NA	NA	NA	NA	NA	NA	NA	NA	NA	NA	NA	NA	NA	NA	NA	NA	NA	NA	NA	NA	NA
ERR12059301	this study	42092_2#351	ERS7984894	ERP126322	Klebsiella pneumoniae	strong	0	0	1	2	2005	NA	other	y	unknown	NA	NA	NA	NA	NA	NA	NA	NA	NA	NA	NA	NA	NA	NA	NA	NA	NA	NA	NA	NA	NA	NA	NA	NA	NA	NA	NA	NA	NA	NA	NA	NA
ERR12059302	this study	42092_2#352	ERS7985072	ERP126322	Klebsiella pneumoniae	strong	0	0	3	5	2007	NA	other	u	unknown	NA	NA	NA	NA	NA	NA	NA	NA	NA	NA	NA	NA	NA	NA	NA	NA	NA	NA	NA	NA	NA	NA	NA	NA	NA	NA	NA	NA	NA	NA	NA	NA
ERR12059304	this study	42092_2#354	ERS7985074	ERP126322	Klebsiella pneumoniae	strong	0	0	1	2	2007	NA	ST36	n	unknown	NA	NA	NA	NA	NA	NA	NA	NA	NA	NA	NA	NA	NA	NA	NA	NA	NA	NA	NA	NA	NA	NA	NA	NA	NA	NA	NA	NA	NA	NA	NA	NA
ERR12059305	this study	42092_2#355	ERS7984896	ERP126322	Klebsiella pneumoniae	strong	0	0	7	13	2005	NA	ST17	n	unknown	NA	NA	NA	NA	NA	NA	NA	NA	NA	NA	NA	NA	NA	NA	NA	NA	NA	NA	NA	NA	NA	NA	NA	NA	NA	NA	NA	NA	NA	NA	NA	NA
ERR12059306	this study	42092_2#356	ERS7985075	ERP126322	Klebsiella pneumoniae	strong	0	0	5	7	2007	NA	other	u	unknown	NA	NA	NA	NA	NA	NA	NA	NA	NA	NA	NA	NA	NA	NA	NA	NA	NA	NA	NA	NA	NA	NA	NA	NA	NA	NA	NA	NA	NA	NA	NA	NA
ERR12059308	this study	42092_2#358	ERS7985253	ERP126322	Klebsiella variicola subsp. variicola	strong	0	0	0	0	2009	NA	other	y	unknown	NA	NA	NA	NA	NA	NA	NA	NA	NA	NA	NA	NA	NA	NA	NA	NA	NA	NA	NA	NA	NA	NA	NA	NA	NA	NA	NA	NA	NA	NA	NA	NA
ERR12059309	this study	42092_2#359	ERS7985254	ERP126322	Klebsiella pneumoniae	strong	0	1	9	14	2010	NA	ST14	u	unknown	NA	NA	NA	NA	NA	NA	NA	NA	NA	NA	NA	NA	NA	NA	NA	NA	NA	NA	NA	NA	NA	NA	NA	NA	NA	NA	NA	NA	NA	NA	NA	NA
ERR12058985	this study	42092_2#35	ERS7984947	ERP126322	Klebsiella quasipneumoniae subsp. quasipneumoniae	strong	0	0	2	2	2020	NA	other	n	PAEDIATRIC A&E	NA	R	NA	NA	NA	NA	NA	S	NA	NA	NA	NA	S	NA	S	S	NA	NA	NA	S	NA	NA	NA	NA	NA	NA	NA	NA	NA	NA	NA	NA
ERR12059310	this study	42092_2#360	ERS7985255	ERP126322	Klebsiella pneumoniae	strong	0	1	9	14	2010	NA	ST14	y	unknown	NA	NA	NA	NA	NA	NA	NA	NA	NA	NA	NA	NA	NA	NA	NA	NA	NA	NA	NA	NA	NA	NA	NA	NA	NA	NA	NA	NA	NA	NA	NA	NA
ERR12059311	this study	42092_2#361	ERS7985256	ERP126322	Klebsiella pneumoniae	strong	0	1	6	6	2010	NA	other	n	unknown	NA	NA	NA	NA	NA	NA	NA	NA	NA	NA	NA	NA	NA	NA	NA	NA	NA	NA	NA	NA	NA	NA	NA	NA	NA	NA	NA	NA	NA	NA	NA	NA
ERR12059312	this study	42092_2#362	ERS7985257	ERP126322	Klebsiella variicola subsp. variicola	strong	0	1	9	17	2010	NA	other	n	unknown	NA	NA	NA	NA	NA	NA	NA	NA	NA	NA	NA	NA	NA	NA	NA	NA	NA	NA	NA	NA	NA	NA	NA	NA	NA	NA	NA	NA	NA	NA	NA	NA
ERR12059313	this study	42092_2#363	ERS7985258	ERP126322	Klebsiella pneumoniae	strong	0	1	6	6	2010	NA	ST101	y	unknown	NA	NA	NA	NA	NA	NA	NA	NA	NA	NA	NA	NA	NA	NA	NA	NA	NA	NA	NA	NA	NA	NA	NA	NA	NA	NA	NA	NA	NA	NA	NA	NA
ERR12058986	this study	42092_2#36	ERS7984906	ERP126322	Klebsiella pneumoniae	strong	0	1	7	14	2005	NA	ST15	n	unknown	NA	NA	NA	NA	NA	NA	NA	NA	NA	NA	NA	NA	NA	NA	NA	NA	NA	NA	NA	NA	NA	NA	NA	NA	NA	NA	NA	NA	NA	NA	NA	NA
ERR12058987	this study	42092_2#37	ERS7984948	ERP126322	Klebsiella pneumoniae	strong	0	1	6	11	2020	NA	other	n	unknown	S	R	NA	R	NA	S	NA	R	NA	NA	NA	NA	S	NA	S	NA	R	NA	NA	R	NA	NA	S	NA	S	NA	NA	R	NA	NA	NA	NA
ERR12058988	this study	42092_2#38	ERS7984907	ERP126322	Klebsiella pneumoniae	strong	0	1	7	12	2005	NA	ST15	u	unknown	NA	NA	NA	NA	NA	NA	NA	NA	NA	NA	NA	NA	NA	NA	NA	NA	NA	NA	NA	NA	NA	NA	NA	NA	NA	NA	NA	NA	NA	NA	NA	NA
ERR12058989	this study	42092_2#39	ERS7984949	ERP126322	Klebsiella quasipneumoniae subsp. similipneumoniae	strong	0	1	7	11	2020	NA	other	n	PAEDIATRIC MOYO WARD	I	R	NA	R	NA	S	NA	R	NA	NA	NA	NA	S	NA	R	NA	R	NA	NA	R	NA	NA	S	NA	R	NA	NA	R	NA	NA	NA	NA
ERR12058953	this study	42092_2#3	ERS7984939	ERP126322	Klebsiella pneumoniae	strong	0	1	6	6	2020	NA	ST29	y	PICU/HDU	S	R	NA	R	NA	S	NA	R	NA	NA	NA	NA	R	NA	S	NA	R	NA	NA	R	NA	NA	S	NA	S	NA	NA	R	NA	NA	NA	NA
ERR12058990	this study	42092_2#40	ERS7984908	ERP126322	Klebsiella variicola subsp. variicola	strong	0	0	0	0	2005	NA	other	y	unknown	NA	NA	NA	NA	NA	NA	NA	NA	NA	NA	NA	NA	NA	NA	NA	NA	NA	NA	NA	NA	NA	NA	NA	NA	NA	NA	NA	NA	NA	NA	NA	NA
ERR12058991	this study	42092_2#41	ERS7984950	ERP126322	Klebsiella pneumoniae	strong	1	1	8	15	2019	NA	ST15	y	PICU/HDU	S	R	NA	R	NA	S	NA	R	NA	NA	NA	NA	S	NA	R	NA	R	NA	NA	R	NA	NA	S	NA	R	NA	NA	R	NA	NA	NA	NA
ERR12058992	this study	42092_2#42	ERS7984909	ERP126322	Klebsiella pneumoniae	strong	0	0	5	7	2005	NA	other	n	unknown	NA	NA	NA	NA	NA	NA	NA	NA	NA	NA	NA	NA	NA	NA	NA	NA	NA	NA	NA	NA	NA	NA	NA	NA	NA	NA	NA	NA	NA	NA	NA	NA
ERR12058993	this study	42092_2#43	ERS7984951	ERP126322	Klebsiella quasipneumoniae subsp. similipneumoniae	strong	0	1	9	15	NA	NA	other	n	unknown	NA	NA	NA	NA	NA	NA	NA	NA	NA	NA	NA	NA	NA	NA	NA	NA	NA	NA	NA	NA	NA	NA	NA	NA	NA	NA	NA	NA	NA	NA	NA	NA
ERR12058994	this study	42092_2#44	ERS7984910	ERP126322	Klebsiella pneumoniae	strong	0	0	6	8	2005	NA	other	y	unknown	NA	NA	NA	NA	NA	NA	NA	NA	NA	NA	NA	NA	NA	NA	NA	NA	NA	NA	NA	NA	NA	NA	NA	NA	NA	NA	NA	NA	NA	NA	NA	NA
ERR12058995	this study	42092_2#45	ERS7984952	ERP126322	Klebsiella pneumoniae	strong	0	0	1	1	2020	NA	ST101	n	PAEDIATRIC SPECIAL CARE WARD	NA	R	NA	NA	NA	NA	NA	S	NA	NA	NA	NA	S	NA	S	NA	S	NA	NA	S	NA	NA	NA	NA	NA	NA	NA	NA	NA	NA	NA	NA
ERR12058996	this study	42092_2#46	ERS7984911	ERP126322	Klebsiella pneumoniae	strong	0	0	0	0	NA	NA	other	n	unknown	NA	NA	NA	NA	NA	NA	NA	NA	NA	NA	NA	NA	NA	NA	NA	NA	NA	NA	NA	NA	NA	NA	NA	NA	NA	NA	NA	NA	NA	NA	NA	NA
ERR12058997	this study	42092_2#47	ERS7984953	ERP126322	Klebsiella pneumoniae	strong	0	1	3	2	2020	NA	ST340	n	A ETC	S	R	NA	R	NA	S	NA	R	NA	NA	NA	NA	R	NA	R	NA	S	NA	NA	S	NA	NA	S	NA	R	NA	NA	R	NA	NA	NA	NA
ERR12058998	this study	42092_2#48	ERS7984912	ERP126322	Klebsiella pneumoniae	strong	4	0	5	9	2005	NA	other	n	unknown	NA	NA	NA	NA	NA	NA	NA	NA	NA	NA	NA	NA	NA	NA	NA	NA	NA	NA	NA	NA	NA	NA	NA	NA	NA	NA	NA	NA	NA	NA	NA	NA
ERR12058999	this study	42092_2#49	ERS7985084	ERP126322	Klebsiella pneumoniae	strong	0	1	9	21	2007	NA	other	n	unknown	NA	NA	NA	NA	NA	NA	NA	NA	NA	NA	NA	NA	NA	NA	NA	NA	NA	NA	NA	NA	NA	NA	NA	NA	NA	NA	NA	NA	NA	NA	NA	NA
ERR12058954	this study	42092_2#4	ERS7984898	ERP126322	Klebsiella pneumoniae	strong	0	0	7	13	2005	NA	ST17	n	unknown	NA	NA	NA	NA	NA	NA	NA	NA	NA	NA	NA	NA	NA	NA	NA	NA	NA	NA	NA	NA	NA	NA	NA	NA	NA	NA	NA	NA	NA	NA	NA	NA
ERR12059000	this study	42092_2#50	ERS7985268	ERP126322	Klebsiella pneumoniae	strong	0	1	6	6	NA	NA	ST101	n	unknown	NA	NA	NA	NA	NA	NA	NA	NA	NA	NA	NA	NA	NA	NA	NA	NA	NA	NA	NA	NA	NA	NA	NA	NA	NA	NA	NA	NA	NA	NA	NA	NA
ERR12059001	this study	42092_2#51	ERS7985085	ERP126322	Klebsiella pneumoniae	strong	0	1	8	19	2008	NA	other	y	unknown	NA	NA	NA	NA	NA	NA	NA	NA	NA	NA	NA	NA	NA	NA	NA	NA	NA	NA	NA	NA	NA	NA	NA	NA	NA	NA	NA	NA	NA	NA	NA	NA
ERR12059002	this study	42092_2#52	ERS7985269	ERP126322	Klebsiella pneumoniae	strong	0	1	6	6	2010	NA	ST101	y	unknown	NA	NA	NA	NA	NA	NA	NA	NA	NA	NA	NA	NA	NA	NA	NA	NA	NA	NA	NA	NA	NA	NA	NA	NA	NA	NA	NA	NA	NA	NA	NA	NA
ERR12059003	this study	42092_2#53	ERS7985086	ERP126322	Klebsiella quasipneumoniae subsp. similipneumoniae	strong	0	0	0	0	2008	NA	other	n	unknown	NA	NA	NA	NA	NA	NA	NA	NA	NA	NA	NA	NA	NA	NA	NA	NA	NA	NA	NA	NA	NA	NA	NA	NA	NA	NA	NA	NA	NA	NA	NA	NA
ERR12059004	this study	42092_2#54	ERS7985270	ERP126322	Klebsiella pneumoniae	strong	0	1	6	6	NA	NA	ST101	n	unknown	NA	NA	NA	NA	NA	NA	NA	NA	NA	NA	NA	NA	NA	NA	NA	NA	NA	NA	NA	NA	NA	NA	NA	NA	NA	NA	NA	NA	NA	NA	NA	NA
ERR12059005	this study	42092_2#55	ERS7985087	ERP126322	Klebsiella pneumoniae	strong	0	1	7	11	2008	NA	other	n	unknown	NA	NA	NA	NA	NA	NA	NA	NA	NA	NA	NA	NA	NA	NA	NA	NA	NA	NA	NA	NA	NA	NA	NA	NA	NA	NA	NA	NA	NA	NA	NA	NA
ERR12059006	this study	42092_2#56	ERS7985271	ERP126322	Klebsiella pneumoniae	strong	0	1	6	11	2010	NA	ST36	y	unknown	NA	NA	NA	NA	NA	NA	NA	NA	NA	NA	NA	NA	NA	NA	NA	NA	NA	NA	NA	NA	NA	NA	NA	NA	NA	NA	NA	NA	NA	NA	NA	NA
ERR12059007	this study	42092_2#57	ERS7985088	ERP126322	Klebsiella quasipneumoniae subsp. similipneumoniae	strong	0	0	5	7	NA	NA	other	y	unknown	NA	NA	NA	NA	NA	NA	NA	NA	NA	NA	NA	NA	NA	NA	NA	NA	NA	NA	NA	NA	NA	NA	NA	NA	NA	NA	NA	NA	NA	NA	NA	NA
ERR12059008	this study	42092_2#58	ERS7985272	ERP126322	Klebsiella pneumoniae	strong	0	1	7	8	2010	NA	other	n	unknown	NA	NA	NA	NA	NA	NA	NA	NA	NA	NA	NA	NA	NA	NA	NA	NA	NA	NA	NA	NA	NA	NA	NA	NA	NA	NA	NA	NA	NA	NA	NA	NA
ERR12059009	this study	42092_2#59	ERS7985089	ERP126322	Klebsiella pneumoniae	strong	0	1	10	18	2008	NA	other	y	unknown	NA	NA	NA	NA	NA	NA	NA	NA	NA	NA	NA	NA	NA	NA	NA	NA	NA	NA	NA	NA	NA	NA	NA	NA	NA	NA	NA	NA	NA	NA	NA	NA
ERR12058955	this study	42092_2#5	ERS7984940	ERP126322	Klebsiella pneumoniae	strong	1	1	7	10	2020	NA	ST45	y	PICU/HDU	S	R	NA	R	NA	S	NA	R	NA	NA	NA	NA	S	NA	S	NA	R	NA	NA	R	NA	NA	S	NA	S	NA	NA	R	NA	NA	NA	NA
ERR12059010	this study	42092_2#60	ERS7985273	ERP126322	Klebsiella pneumoniae	strong	0	1	8	12	2010	NA	other	n	unknown	NA	NA	NA	NA	NA	NA	NA	NA	NA	NA	NA	NA	NA	NA	NA	NA	NA	NA	NA	NA	NA	NA	NA	NA	NA	NA	NA	NA	NA	NA	NA	NA
ERR12059011	this study	42092_2#61	ERS7985090	ERP126322	Klebsiella pneumoniae	strong	0	0	0	0	2008	NA	other	u	unknown	NA	NA	NA	NA	NA	NA	NA	NA	NA	NA	NA	NA	NA	NA	NA	NA	NA	NA	NA	NA	NA	NA	NA	NA	NA	NA	NA	NA	NA	NA	NA	NA
ERR12059012	this study	42092_2#62	ERS7985274	ERP126322	Klebsiella pneumoniae	strong	0	0	0	0	2010	NA	ST37	n	unknown	NA	NA	NA	NA	NA	NA	NA	NA	NA	NA	NA	NA	NA	NA	NA	NA	NA	NA	NA	NA	NA	NA	NA	NA	NA	NA	NA	NA	NA	NA	NA	NA
ERR12059013	this study	42092_2#63	ERS7985091	ERP126322	Klebsiella pneumoniae	strong	0	1	6	8	2008	NA	ST391	n	unknown	NA	NA	NA	NA	NA	NA	NA	NA	NA	NA	NA	NA	NA	NA	NA	NA	NA	NA	NA	NA	NA	NA	NA	NA	NA	NA	NA	NA	NA	NA	NA	NA
ERR12059014	this study	42092_2#64	ERS7985275	ERP126322	Klebsiella quasipneumoniae subsp. similipneumoniae	strong	0	0	0	0	2010	NA	other	y	unknown	NA	NA	NA	NA	NA	NA	NA	NA	NA	NA	NA	NA	NA	NA	NA	NA	NA	NA	NA	NA	NA	NA	NA	NA	NA	NA	NA	NA	NA	NA	NA	NA
ERR12059016	this study	42092_2#66	ERS7984913	ERP126322	Klebsiella quasipneumoniae subsp. similipneumoniae	strong	0	0	5	8	2005	NA	other	u	unknown	NA	NA	NA	NA	NA	NA	NA	NA	NA	NA	NA	NA	NA	NA	NA	NA	NA	NA	NA	NA	NA	NA	NA	NA	NA	NA	NA	NA	NA	NA	NA	NA
ERR12059018	this study	42092_2#68	ERS7984914	ERP126322	Klebsiella pneumoniae	strong	1	0	6	10	2005	NA	ST45	n	unknown	NA	NA	NA	NA	NA	NA	NA	NA	NA	NA	NA	NA	NA	NA	NA	NA	NA	NA	NA	NA	NA	NA	NA	NA	NA	NA	NA	NA	NA	NA	NA	NA
ERR12059019	this study	42092_2#69	ERS7984956	ERP126322	Klebsiella pneumoniae	strong	0	0	6	7	1996	NA	other	n	unknown	NA	NA	NA	NA	NA	NA	NA	NA	NA	NA	NA	NA	NA	NA	NA	NA	NA	NA	NA	NA	NA	NA	NA	NA	NA	NA	NA	NA	NA	NA	NA	NA
ERR12058956	this study	42092_2#6	ERS7984899	ERP126322	Klebsiella pneumoniae	strong	1	0	8	19	2005	NA	other	n	unknown	NA	NA	NA	NA	NA	NA	NA	NA	NA	NA	NA	NA	NA	NA	NA	NA	NA	NA	NA	NA	NA	NA	NA	NA	NA	NA	NA	NA	NA	NA	NA	NA
ERR12059020	this study	42092_2#70	ERS7984915	ERP126322	Klebsiella quasipneumoniae subsp. similipneumoniae	strong	0	0	5	8	2005	NA	other	u	unknown	NA	NA	NA	NA	NA	NA	NA	NA	NA	NA	NA	NA	NA	NA	NA	NA	NA	NA	NA	NA	NA	NA	NA	NA	NA	NA	NA	NA	NA	NA	NA	NA
ERR12059021	this study	42092_2#71	ERS7984957	ERP126322	Klebsiella pneumoniae	strong	3	0	6	8	1996	NA	ST14	n	unknown	NA	NA	NA	NA	NA	NA	NA	NA	NA	NA	NA	NA	NA	NA	NA	NA	NA	NA	NA	NA	NA	NA	NA	NA	NA	NA	NA	NA	NA	NA	NA	NA
ERR12059022	this study	42092_2#72	ERS7984916	ERP126322	Klebsiella pneumoniae	strong	0	0	5	6	2005	NA	other	n	unknown	NA	NA	NA	NA	NA	NA	NA	NA	NA	NA	NA	NA	NA	NA	NA	NA	NA	NA	NA	NA	NA	NA	NA	NA	NA	NA	NA	NA	NA	NA	NA	NA
ERR12059025	this study	42092_2#75	ERS7984959	ERP126322	Klebsiella pneumoniae	strong	0	0	5	6	1996	NA	ST37	n	unknown	NA	NA	NA	NA	NA	NA	NA	NA	NA	NA	NA	NA	NA	NA	NA	NA	NA	NA	NA	NA	NA	NA	NA	NA	NA	NA	NA	NA	NA	NA	NA	NA
ERR12059026	this study	42092_2#76	ERS7984918	ERP126322	Klebsiella pneumoniae	strong	0	0	6	11	2005	NA	other	y	unknown	NA	NA	NA	NA	NA	NA	NA	NA	NA	NA	NA	NA	NA	NA	NA	NA	NA	NA	NA	NA	NA	NA	NA	NA	NA	NA	NA	NA	NA	NA	NA	NA
ERR12059027	this study	42092_2#77	ERS7984960	ERP126322	Klebsiella variicola subsp. variicola	strong	0	0	6	7	1996	NA	other	n	unknown	NA	NA	NA	NA	NA	NA	NA	NA	NA	NA	NA	NA	NA	NA	NA	NA	NA	NA	NA	NA	NA	NA	NA	NA	NA	NA	NA	NA	NA	NA	NA	NA
ERR12059028	this study	42092_2#78	ERS7984919	ERP126322	Klebsiella variicola subsp. variicola	strong	0	0	0	0	2005	NA	other	n	unknown	NA	NA	NA	NA	NA	NA	NA	NA	NA	NA	NA	NA	NA	NA	NA	NA	NA	NA	NA	NA	NA	NA	NA	NA	NA	NA	NA	NA	NA	NA	NA	NA
ERR12059029	this study	42092_2#79	ERS7984961	ERP126322	Klebsiella pneumoniae	strong	0	0	2	3	1996	NA	other	n	unknown	NA	NA	NA	NA	NA	NA	NA	NA	NA	NA	NA	NA	NA	NA	NA	NA	NA	NA	NA	NA	NA	NA	NA	NA	NA	NA	NA	NA	NA	NA	NA	NA
ERR12058957	this study	42092_2#7	ERS7984941	ERP126322	Klebsiella pneumoniae	strong	1	1	6	9	2020	NA	ST29	y	PAEDIATRIC SURGICAL WARD	R	R	NA	R	NA	S	NA	R	NA	NA	NA	NA	S	NA	S	NA	R	NA	NA	S	NA	NA	S	NA	S	NA	NA	S	NA	NA	NA	NA
ERR12059030	this study	42092_2#80	ERS7984920	ERP126322	Klebsiella pneumoniae	strong	0	0	5	5	2005	NA	ST14	n	unknown	NA	NA	NA	NA	NA	NA	NA	NA	NA	NA	NA	NA	NA	NA	NA	NA	NA	NA	NA	NA	NA	NA	NA	NA	NA	NA	NA	NA	NA	NA	NA	NA
ERR12059031	this study	42092_2#81	ERS7985092	ERP126322	Klebsiella pneumoniae	strong	3	0	0	0	2008	NA	ST25	n	unknown	NA	NA	NA	NA	NA	NA	NA	NA	NA	NA	NA	NA	NA	NA	NA	NA	NA	NA	NA	NA	NA	NA	NA	NA	NA	NA	NA	NA	NA	NA	NA	NA
ERR12059032	this study	42092_2#82	ERS7985276	ERP126322	Klebsiella pneumoniae	strong	0	1	8	15	2010	NA	other	n	unknown	NA	NA	NA	NA	NA	NA	NA	NA	NA	NA	NA	NA	NA	NA	NA	NA	NA	NA	NA	NA	NA	NA	NA	NA	NA	NA	NA	NA	NA	NA	NA	NA
ERR12059033	this study	42092_2#83	ERS7985093	ERP126322	Klebsiella pneumoniae	strong	3	1	8	12	2008	NA	ST86	u	unknown	NA	NA	NA	NA	NA	NA	NA	NA	NA	NA	NA	NA	NA	NA	NA	NA	NA	NA	NA	NA	NA	NA	NA	NA	NA	NA	NA	NA	NA	NA	NA	NA
ERR12059034	this study	42092_2#84	ERS7985277	ERP126322	Klebsiella pneumoniae	strong	0	1	6	6	2010	NA	ST101	n	unknown	NA	NA	NA	NA	NA	NA	NA	NA	NA	NA	NA	NA	NA	NA	NA	NA	NA	NA	NA	NA	NA	NA	NA	NA	NA	NA	NA	NA	NA	NA	NA	NA
ERR12059035	this study	42092_2#85	ERS7985094	ERP126322	Klebsiella pneumoniae	strong	1	1	8	16	2008	NA	ST101	n	unknown	NA	NA	NA	NA	NA	NA	NA	NA	NA	NA	NA	NA	NA	NA	NA	NA	NA	NA	NA	NA	NA	NA	NA	NA	NA	NA	NA	NA	NA	NA	NA	NA
ERR12059036	this study	42092_2#86	ERS7985278	ERP126322	Klebsiella pneumoniae	strong	1	0	7	7	2010	NA	ST29	n	unknown	NA	NA	NA	NA	NA	NA	NA	NA	NA	NA	NA	NA	NA	NA	NA	NA	NA	NA	NA	NA	NA	NA	NA	NA	NA	NA	NA	NA	NA	NA	NA	NA
ERR12059037	this study	42092_2#87	ERS7985095	ERP126322	Klebsiella pneumoniae	strong	1	0	5	7	2008	NA	other	n	unknown	NA	NA	NA	NA	NA	NA	NA	NA	NA	NA	NA	NA	NA	NA	NA	NA	NA	NA	NA	NA	NA	NA	NA	NA	NA	NA	NA	NA	NA	NA	NA	NA
ERR12059038	this study	42092_2#88	ERS7985279	ERP126322	Klebsiella pneumoniae	strong	1	1	6	10	NA	NA	ST35	n	unknown	NA	NA	NA	NA	NA	NA	NA	NA	NA	NA	NA	NA	NA	NA	NA	NA	NA	NA	NA	NA	NA	NA	NA	NA	NA	NA	NA	NA	NA	NA	NA	NA
ERR12059039	this study	42092_2#89	ERS7985096	ERP126322	Klebsiella pneumoniae	strong	0	0	5	5	2008	NA	ST35	u	unknown	NA	NA	NA	NA	NA	NA	NA	NA	NA	NA	NA	NA	NA	NA	NA	NA	NA	NA	NA	NA	NA	NA	NA	NA	NA	NA	NA	NA	NA	NA	NA	NA
ERR12058958	this study	42092_2#8	ERS7984900	ERP126322	Klebsiella pneumoniae	strong	1	0	6	8	2005	NA	ST25	n	unknown	NA	NA	NA	NA	NA	NA	NA	NA	NA	NA	NA	NA	NA	NA	NA	NA	NA	NA	NA	NA	NA	NA	NA	NA	NA	NA	NA	NA	NA	NA	NA	NA
ERR12059041	this study	42092_2#91	ERS7985097	ERP126322	Klebsiella pneumoniae	strong	0	0	0	0	2008	NA	other	n	unknown	NA	NA	NA	NA	NA	NA	NA	NA	NA	NA	NA	NA	NA	NA	NA	NA	NA	NA	NA	NA	NA	NA	NA	NA	NA	NA	NA	NA	NA	NA	NA	NA
ERR12059043	this study	42092_2#93	ERS7985098	ERP126322	Klebsiella pneumoniae	strong	0	1	6	6	2008	NA	ST14	y	unknown	NA	NA	NA	NA	NA	NA	NA	NA	NA	NA	NA	NA	NA	NA	NA	NA	NA	NA	NA	NA	NA	NA	NA	NA	NA	NA	NA	NA	NA	NA	NA	NA
ERR12059044	this study	42092_2#94	ERS7985282	ERP126322	Klebsiella quasipneumoniae subsp. similipneumoniae	strong	0	1	6	6	2010	NA	other	u	unknown	NA	NA	NA	NA	NA	NA	NA	NA	NA	NA	NA	NA	NA	NA	NA	NA	NA	NA	NA	NA	NA	NA	NA	NA	NA	NA	NA	NA	NA	NA	NA	NA
ERR12059045	this study	42092_2#95	ERS7985099	ERP126322	Klebsiella pneumoniae	strong	1	1	8	16	2008	NA	ST101	n	unknown	NA	NA	NA	NA	NA	NA	NA	NA	NA	NA	NA	NA	NA	NA	NA	NA	NA	NA	NA	NA	NA	NA	NA	NA	NA	NA	NA	NA	NA	NA	NA	NA
ERR12059046	this study	42092_2#96	ERS7985283	ERP126322	Klebsiella pneumoniae	strong	1	1	9	18	2010	NA	other	n	unknown	NA	NA	NA	NA	NA	NA	NA	NA	NA	NA	NA	NA	NA	NA	NA	NA	NA	NA	NA	NA	NA	NA	NA	NA	NA	NA	NA	NA	NA	NA	NA	NA
ERR12059048	this study	42092_2#98	ERS7984921	ERP126322	Klebsiella quasipneumoniae subsp. similipneumoniae	strong	0	0	0	0	2005	NA	other	n	unknown	NA	NA	NA	NA	NA	NA	NA	NA	NA	NA	NA	NA	NA	NA	NA	NA	NA	NA	NA	NA	NA	NA	NA	NA	NA	NA	NA	NA	NA	NA	NA	NA
ERR12058959	this study	42092_2#9	ERS7984942	ERP126322	Klebsiella pneumoniae	strong	1	1	8	12	2020	NA	ST39	y	CHATINKHA NURSERY	S	R	NA	R	NA	S	NA	R	NA	NA	NA	NA	S	NA	R	NA	R	NA	NA	R	NA	NA	S	NA	R	NA	NA	R	NA	NA	NA	NA
ERR12059364	this study	42139_1#100	ERS7986110	ERP126322	Klebsiella pneumoniae	strong	1	0	6	7	2019	NA	ST45	y	PICU/HDU	NA	R	NA	NA	NA	NA	NA	S	NA	NA	NA	NA	S	NA	S	NA	R	NA	NA	S	NA	NA	NA	NA	NA	NA	NA	NA	NA	NA	NA	NA
ERR12059366	this study	42139_1#102	ERS7986111	ERP126322	Klebsiella pneumoniae	strong	1	1	6	11	2019	NA	ST607	n	PICU/HDU	S	R	NA	NA	NA	S	NA	R	NA	NA	NA	NA	S	NA	R	NA	R	NA	NA	R	NA	NA	S	NA	R	NA	NA	R	NA	NA	NA	NA
ERR12059367	this study	42139_1#103	ERS7985933	ERP126322	Klebsiella pneumoniae	strong	0	1	9	17	2013	NA	ST391	u	PAEDIATRIC MOYO WARD	S	R	NA	S	NA	NA	NA	R	NA	NA	NA	NA	R	NA	R	NA	R	NA	NA	R	NA	NA	NA	NA	NA	NA	NA	NA	NA	NA	NA	NA
ERR12059368	this study	42139_1#104	ERS7986112	ERP126322	Klebsiella pneumoniae	strong	1	0	6	7	2019	NA	ST45	n	PICU/HDU	NA	R	NA	NA	NA	NA	NA	S	NA	NA	NA	NA	S	NA	S	NA	R	NA	NA	S	NA	NA	NA	NA	NA	NA	NA	NA	NA	NA	NA	NA
ERR12059369	this study	42139_1#105	ERS7985935	ERP126322	Klebsiella pneumoniae	strong	0	1	5	5	2013	NA	other	n	PAEDIATRIC NURSERY	S	R	NA	R	NA	NA	NA	R	NA	NA	NA	NA	S	NA	S	NA	R	NA	NA	NA	NA	NA	NA	NA	NA	NA	NA	NA	NA	NA	NA	NA
ERR12059370	this study	42139_1#106	ERS7986113	ERP126322	Klebsiella pneumoniae	strong	1	1	6	11	2019	NA	ST607	n	PAEDIATRIC SURGICAL WARD	S	R	NA	R	NA	S	NA	R	NA	NA	NA	NA	S	NA	S	NA	R	NA	NA	R	NA	NA	S	NA	S	NA	NA	R	NA	NA	NA	NA
ERR12059371	this study	42139_1#107	ERS7985938	ERP126322	Klebsiella variicola subsp. variicola	strong	0	0	4	5	2013	NA	other	n	unknown	NA	NA	NA	NA	NA	NA	NA	NA	NA	NA	NA	NA	NA	NA	NA	NA	NA	NA	NA	NA	NA	NA	NA	NA	NA	NA	NA	NA	NA	NA	NA	NA
ERR12059373	this study	42139_1#109	ERS7985937	ERP126322	Klebsiella pneumoniae	strong	0	1	10	17	2013	NA	ST340	n	3B MALE MEDICAL WARD	S	R	NA	R	NA	NA	NA	R	NA	NA	NA	NA	R	NA	R	NA	R	NA	NA	R	NA	NA	NA	NA	NA	NA	NA	NA	NA	NA	NA	NA
ERR12059322	this study	42139_1#10	ERS7986089	ERP126322	Klebsiella pneumoniae	strong	0	1	7	11	2019	NA	other	u	PAEDIATRIC SPECIAL CARE WARD	S	R	NA	R	NA	S	NA	R	NA	NA	NA	NA	S	NA	R	NA	R	NA	NA	R	NA	NA	S	NA	R	NA	NA	R	NA	NA	NA	NA
ERR12059374	this study	42139_1#110	ERS7986115	ERP126322	Klebsiella pneumoniae	strong	0	1	8	14	2019	NA	ST14	y	PICU/HDU	S	R	NA	R	NA	S	NA	R	NA	NA	NA	NA	S	NA	R	NA	R	NA	NA	R	NA	NA	S	NA	R	NA	NA	R	NA	NA	NA	NA
ERR12059376	this study	42139_1#112	ERS7986116	ERP126322	Klebsiella pneumoniae	strong	1	0	5	6	2019	NA	ST45	y	PICU/HDU	NA	R	NA	NA	NA	NA	NA	S	NA	NA	NA	NA	S	NA	S	NA	R	NA	NA	S	NA	NA	NA	NA	NA	NA	NA	NA	NA	NA	NA	NA
ERR12059323	this study	42139_1#11	ERS7985912	ERP126322	Klebsiella pneumoniae	strong	1	1	9	19	2013	NA	other	n	3B MALE MEDICAL WARD	S	R	NA	R	NA	NA	NA	R	NA	NA	NA	NA	R	NA	R	NA	R	NA	NA	R	NA	NA	NA	NA	NA	NA	NA	NA	NA	NA	NA	NA
ERR12059324	this study	42139_1#12	ERS7986090	ERP126322	Klebsiella pneumoniae	strong	1	1	7	12	2019	NA	ST48	y	PICU/HDU	S	R	NA	R	NA	S	NA	R	NA	NA	NA	NA	R	NA	S	R	NA	NA	NA	R	NA	NA	S	NA	S	NA	NA	R	NA	NA	NA	NA
ERR12059378	this study	42139_1#130	ERS7986118	ERP126322	Klebsiella pneumoniae	strong	1	0	5	6	2019	NA	ST45	n	PICU/HDU	NA	R	NA	NA	NA	NA	NA	S	NA	NA	NA	NA	S	NA	R	NA	R	NA	NA	I	NA	NA	NA	NA	NA	NA	NA	NA	NA	NA	NA	NA
ERR12059379	this study	42139_1#131	ERS7985940	ERP126322	Klebsiella pneumoniae	strong	0	1	9	17	2012	NA	other	y	CHATINKHA NURSERY	NA	R	NA	NA	NA	NA	NA	R	NA	NA	NA	NA	R	NA	R	NA	R	NA	NA	R	NA	NA	NA	NA	NA	NA	NA	NA	NA	NA	NA	NA
ERR12059380	this study	42139_1#132	ERS7986117	ERP126322	Klebsiella pneumoniae	strong	1	0	6	7	2019	NA	ST45	y	PICU/HDU	I	R	NA	R	NA	S	NA	R	NA	NA	NA	NA	S	NA	R	NA	R	NA	NA	R	NA	NA	S	NA	R	NA	NA	R	NA	NA	NA	NA
ERR12059381	this study	42139_1#133	ERS7985942	ERP126322	Klebsiella pneumoniae	strong	0	1	8	12	2012	NA	ST14	y	CHATINKHA NURSERY	I	R	NA	S	NA	NA	NA	R	NA	NA	NA	NA	R	NA	S	NA	R	NA	NA	R	NA	NA	NA	NA	NA	NA	NA	NA	NA	NA	NA	NA
ERR12059382	this study	42139_1#134	ERS7986119	ERP126322	Klebsiella pneumoniae	strong	1	0	6	7	2019	NA	ST45	n	unknown	S	R	NA	R	NA	S	NA	S	NA	NA	NA	NA	S	NA	S	NA	R	NA	NA	S	NA	NA	S	NA	R	NA	NA	R	NA	NA	NA	NA
ERR12059383	this study	42139_1#135	ERS7985941	ERP126322	Klebsiella pneumoniae	strong	1	1	9	16	2012	NA	ST1552	n	PAEDIATRIC SPECIAL CARE WARD	S	NA	R	R	NA	NA	NA	R	NA	NA	NA	NA	R	NA	R	NA	R	NA	NA	R	NA	NA	NA	NA	NA	NA	NA	NA	NA	NA	NA	NA
ERR12059384	this study	42139_1#136	ERS7986120	ERP126322	Klebsiella pneumoniae	strong	1	0	6	7	2019	NA	ST45	n	PICU/HDU	S	R	NA	R	NA	S	NA	R	NA	NA	NA	NA	S	NA	R	NA	R	NA	NA	R	NA	NA	S	NA	R	NA	NA	R	NA	NA	NA	NA
ERR12059386	this study	42139_1#138	ERS7986121	ERP126322	Klebsiella pneumoniae	strong	1	1	8	12	2019	NA	other	n	3B MALE MEDICAL WARD	I	R	NA	R	NA	NA	NA	R	NA	NA	NA	NA	R	NA	R	NA	R	NA	NA	R	NA	NA	S	NA	R	NA	NA	R	NA	NA	NA	NA
ERR12059387	this study	42139_1#139	ERS7985944	ERP126322	Klebsiella pneumoniae	strong	0	0	6	7	2013	NA	other	n	unknown	NA	NA	NA	NA	NA	NA	NA	NA	NA	NA	NA	NA	NA	NA	NA	NA	NA	NA	NA	NA	NA	NA	NA	NA	NA	NA	NA	NA	NA	NA	NA	NA
ERR12059325	this study	42139_1#13	ERS7985915	ERP126322	Klebsiella pneumoniae	strong	3	0	3	3	2013	NA	ST86	n	3B MALE MEDICAL WARD	NA	R	NA	NA	NA	NA	NA	S	NA	NA	NA	NA	S	NA	S	NA	R	NA	NA	S	NA	NA	NA	NA	NA	NA	NA	NA	NA	NA	NA	NA
ERR12059388	this study	42139_1#140	ERS7986122	ERP126322	Klebsiella pneumoniae	strong	1	1	6	11	2019	NA	ST607	n	PICU/HDU	S	R	NA	R	NA	S	NA	R	NA	NA	NA	NA	S	NA	S	NA	R	NA	NA	R	NA	NA	S	NA	R	NA	NA	R	NA	NA	NA	NA
ERR12059389	this study	42139_1#141	ERS7985945	ERP126322	Klebsiella pneumoniae	strong	0	1	8	12	2013	NA	ST307	n	unknown	NA	NA	NA	NA	NA	NA	NA	NA	NA	NA	NA	NA	NA	NA	NA	NA	NA	NA	NA	NA	NA	NA	NA	NA	NA	NA	NA	NA	NA	NA	NA	NA
ERR12059390	this study	42139_1#142	ERS7986123	ERP126322	Klebsiella pneumoniae	strong	1	1	6	11	2019	NA	ST607	n	PICU/HDU	I	R	NA	R	NA	S	NA	R	NA	NA	NA	NA	S	NA	R	NA	R	NA	NA	R	NA	NA	S	NA	R	NA	NA	R	NA	NA	NA	NA
ERR12059391	this study	42139_1#143	ERS7985946	ERP126322	Klebsiella pneumoniae	strong	1	1	9	20	2013	NA	other	n	4A FEMALE MEDICAL WARD	NA	R	NA	NA	NA	NA	NA	R	NA	NA	NA	NA	R	NA	R	NA	R	NA	NA	R	NA	NA	NA	NA	NA	NA	NA	NA	NA	NA	NA	NA
ERR12059392	this study	42139_1#144	ERS7986124	ERP126322	Klebsiella pneumoniae	strong	1	1	8	15	2019	NA	ST15	n	PICU/HDU	I	R	NA	R	NA	S	NA	R	NA	NA	NA	NA	S	NA	R	NA	R	NA	NA	R	NA	NA	S	NA	R	NA	NA	R	NA	NA	NA	NA
ERR12059326	this study	42139_1#14	ERS7986091	ERP126322	Klebsiella pneumoniae	strong	0	0	0	0	2019	NA	other	n	unknown	NA	R	NA	NA	NA	NA	NA	S	NA	NA	NA	NA	S	NA	R	NA	S	NA	NA	I	NA	NA	NA	NA	NA	NA	NA	NA	NA	NA	NA	NA
ERR12059327	this study	42139_1#15	ERS7985913	ERP126322	Klebsiella pneumoniae	strong	1	1	5	6	2013	NA	ST48	n	unknown	NA	NA	NA	NA	NA	NA	NA	NA	NA	NA	NA	NA	NA	NA	NA	NA	NA	NA	NA	NA	NA	NA	NA	NA	NA	NA	NA	NA	NA	NA	NA	NA
ERR12059393	this study	42139_1#161	ERS7985947	ERP126322	Klebsiella pneumoniae	strong	0	0	0	0	2013	NA	other	n	unknown	NA	NA	NA	NA	NA	NA	NA	NA	NA	NA	NA	NA	NA	NA	NA	NA	NA	NA	NA	NA	NA	NA	NA	NA	NA	NA	NA	NA	NA	NA	NA	NA
ERR12059394	this study	42139_1#162	ERS7986125	ERP126322	Klebsiella pneumoniae	strong	1	0	6	7	2019	NA	ST45	y	PICU/HDU	NA	R	NA	NA	NA	NA	NA	S	NA	NA	NA	NA	S	NA	R	NA	R	NA	NA	S	NA	NA	NA	NA	NA	NA	NA	NA	NA	NA	NA	NA
ERR12059395	this study	42139_1#163	ERS7985948	ERP126322	Klebsiella pneumoniae	strong	0	1	8	12	2013	NA	ST307	n	unknown	NA	NA	NA	NA	NA	NA	NA	NA	NA	NA	NA	NA	NA	NA	NA	NA	NA	NA	NA	NA	NA	NA	NA	NA	NA	NA	NA	NA	NA	NA	NA	NA
ERR12059396	this study	42139_1#164	ERS7986128	ERP126322	Klebsiella pneumoniae	strong	1	0	6	7	2019	NA	ST45	n	PICU/HDU	I	R	NA	R	NA	S	NA	R	NA	NA	NA	NA	S	NA	R	NA	R	NA	NA	R	NA	NA	S	NA	R	NA	NA	R	NA	NA	NA	NA
ERR12059397	this study	42139_1#165	ERS7985949	ERP126322	Klebsiella pneumoniae	strong	0	1	8	12	2013	NA	ST307	n	PAEDIATRIC ONCOLOGY	I	R	NA	R	NA	NA	NA	R	NA	NA	NA	NA	S	NA	R	NA	R	NA	NA	R	NA	NA	NA	NA	NA	NA	NA	NA	NA	NA	NA	NA
ERR12059398	this study	42139_1#166	ERS7986127	ERP126322	Klebsiella pneumoniae	strong	1	1	8	15	2019	NA	ST15	n	PAEDIATRIC SURGICAL WARD	I	R	NA	R	NA	S	NA	R	NA	NA	NA	NA	S	NA	R	NA	R	NA	NA	R	NA	NA	S	NA	R	NA	NA	R	NA	NA	NA	NA
ERR12059399	this study	42139_1#167	ERS7985950	ERP126322	Klebsiella pneumoniae	strong	0	1	8	14	2011	NA	ST14	n	unknown	NA	NA	NA	NA	NA	NA	NA	NA	NA	NA	NA	NA	NA	NA	NA	NA	NA	NA	NA	NA	NA	NA	NA	NA	NA	NA	NA	NA	NA	NA	NA	NA
ERR12059401	this study	42139_1#169	ERS7985951	ERP126322	Klebsiella pneumoniae	strong	0	0	3	3	2013	NA	other	n	unknown	NA	NA	NA	NA	NA	NA	NA	NA	NA	NA	NA	NA	NA	NA	NA	NA	NA	NA	NA	NA	NA	NA	NA	NA	NA	NA	NA	NA	NA	NA	NA	NA
ERR12059328	this study	42139_1#16	ERS7986092	ERP126322	Klebsiella pneumoniae	strong	1	1	8	15	2019	NA	ST15	n	unknown	S	R	NA	R	NA	S	NA	R	NA	NA	NA	NA	S	NA	R	NA	R	NA	NA	R	NA	NA	S	NA	R	NA	NA	R	NA	NA	NA	NA
ERR12059402	this study	42139_1#170	ERS7986129	ERP126322	Klebsiella pneumoniae	strong	0	1	7	15	2019	NA	other	y	CHATINKHA NURSERY	I	R	NA	R	NA	S	NA	R	NA	NA	NA	NA	R	NA	R	NA	R	NA	NA	R	NA	NA	S	NA	R	NA	NA	R	NA	NA	NA	NA
ERR12059403	this study	42139_1#171	ERS7985952	ERP126322	Klebsiella pneumoniae	strong	0	1	9	17	2013	NA	ST340	n	unknown	NA	NA	NA	NA	NA	NA	NA	NA	NA	NA	NA	NA	NA	NA	NA	NA	NA	NA	NA	NA	NA	NA	NA	NA	NA	NA	NA	NA	NA	NA	NA	NA
ERR12059404	this study	42139_1#172	ERS7986130	ERP126322	Klebsiella pneumoniae	strong	3	0	4	5	2019	NA	ST25	n	A ETC	NA	R	NA	NA	NA	NA	NA	S	NA	NA	NA	NA	S	NA	S	NA	R	NA	NA	S	NA	NA	NA	NA	NA	NA	NA	NA	NA	NA	NA	NA
ERR12059406	this study	42139_1#174	ERS7986131	ERP126322	Klebsiella pneumoniae	strong	1	0	6	7	2019	NA	ST45	y	PICU/HDU	NA	R	NA	NA	NA	NA	NA	S	NA	NA	NA	NA	S	NA	S	NA	R	NA	NA	S	NA	NA	NA	NA	NA	NA	NA	NA	NA	NA	NA	NA
ERR12059407	this study	42139_1#175	ERS7985954	ERP126322	Klebsiella pneumoniae	strong	0	1	8	12	2012	NA	ST307	n	PAEDIATRIC ONCOLOGY	S	R	NA	S	NA	NA	NA	R	NA	NA	NA	NA	NA	NA	R	NA	R	NA	NA	R	NA	NA	NA	NA	NA	NA	NA	NA	NA	NA	NA	NA
ERR12059408	this study	42139_1#176	ERS7986132	ERP126322	Klebsiella pneumoniae	strong	1	0	6	7	2019	NA	ST45	y	PICU/HDU	NA	R	NA	NA	NA	NA	NA	S	NA	NA	NA	NA	S	NA	S	NA	R	NA	NA	S	NA	NA	NA	NA	NA	NA	NA	NA	NA	NA	NA	NA
ERR12059410	this study	42139_1#194	ERS7986133	ERP126322	Klebsiella pneumoniae	strong	1	1	8	15	2019	NA	ST15	n	PICU/HDU	I	R	NA	R	NA	S	NA	R	NA	NA	NA	NA	S	NA	R	NA	R	NA	NA	R	NA	NA	S	NA	R	NA	NA	R	NA	NA	NA	NA
ERR12059411	this study	42139_1#195	ERS7985956	ERP126322	Klebsiella variicola subsp. variicola	strong	0	0	0	0	2013	NA	other	n	unknown	NA	NA	NA	NA	NA	NA	NA	NA	NA	NA	NA	NA	NA	NA	NA	NA	NA	NA	NA	NA	NA	NA	NA	NA	NA	NA	NA	NA	NA	NA	NA	NA
ERR12059412	this study	42139_1#196	ERS7986134	ERP126322	Klebsiella pneumoniae	strong	1	1	8	15	2019	NA	ST15	n	PICU/HDU	I	R	NA	R	NA	S	NA	R	NA	NA	NA	NA	S	NA	R	NA	R	NA	NA	R	NA	NA	S	NA	R	NA	NA	R	NA	NA	NA	NA
ERR12059413	this study	42139_1#197	ERS7985957	ERP126322	Klebsiella pneumoniae	strong	0	1	9	16	2013	NA	ST340	y	PAEDIATRIC NURSERY	S	R	NA	R	NA	NA	NA	R	NA	NA	NA	NA	R	NA	R	NA	R	NA	NA	R	NA	NA	NA	NA	NA	NA	NA	NA	NA	NA	NA	NA
ERR12059414	this study	42139_1#198	ERS7986135	ERP126322	Klebsiella pneumoniae	strong	1	1	8	15	2019	NA	ST15	n	PAEDIATRIC SURGICAL WARD	S	R	NA	R	NA	S	NA	R	NA	NA	NA	NA	S	NA	R	NA	R	NA	NA	R	NA	NA	S	NA	R	NA	NA	R	NA	NA	NA	NA
ERR12059415	this study	42139_1#199	ERS7985958	ERP126322	Klebsiella pneumoniae	strong	0	1	5	5	2013	NA	other	n	unknown	S	R	NA	S	NA	NA	NA	R	NA	NA	NA	NA	R	NA	S	NA	R	NA	NA	R	NA	NA	NA	NA	NA	NA	NA	NA	NA	NA	NA	NA
ERR12059416	this study	42139_1#200	ERS7986136	ERP126322	Klebsiella pneumoniae	strong	1	1	8	15	2019	NA	ST15	n	PICU/HDU	I	R	NA	R	NA	S	NA	R	NA	NA	NA	NA	S	NA	R	NA	R	NA	NA	R	NA	NA	S	NA	R	NA	NA	NA	NA	NA	NA	NA
ERR12059417	this study	42139_1#201	ERS7985959	ERP126322	Klebsiella pneumoniae	strong	0	1	9	17	2013	NA	other	n	PAEDIATRIC MOYO WARD	S	R	NA	I	NA	NA	NA	R	NA	R	NA	NA	R	NA	R	NA	R	NA	NA	R	NA	NA	NA	NA	NA	NA	NA	NA	NA	NA	NA	NA
ERR12059418	this study	42139_1#202	ERS7986137	ERP126322	Klebsiella pneumoniae	strong	1	1	8	15	2019	NA	ST15	y	PICU/HDU	S	R	NA	R	NA	S	NA	R	NA	NA	NA	NA	S	NA	R	NA	R	NA	NA	R	NA	NA	S	NA	R	NA	NA	R	NA	NA	NA	NA
ERR12059419	this study	42139_1#203	ERS7985960	ERP126322	Klebsiella pneumoniae	strong	1	1	7	12	2013	NA	other	n	PAEDIATRIC NURSERY	S	R	NA	R	NA	NA	NA	R	NA	NA	NA	NA	R	NA	S	NA	R	NA	NA	R	NA	NA	NA	NA	NA	NA	NA	NA	NA	NA	NA	NA
ERR12059420	this study	42139_1#204	ERS7986138	ERP126322	Klebsiella pneumoniae	strong	1	1	8	15	2019	NA	ST15	n	PICU/HDU	S	R	NA	R	NA	S	NA	R	NA	NA	NA	NA	S	NA	R	NA	R	NA	NA	R	NA	NA	S	NA	R	NA	NA	R	NA	NA	NA	NA
ERR12059421	this study	42139_1#205	ERS7985961	ERP126322	Klebsiella pneumoniae	strong	5	1	7	13	2013	NA	other	n	unknown	NA	NA	NA	NA	NA	NA	NA	NA	NA	NA	NA	NA	NA	NA	NA	NA	NA	NA	NA	NA	NA	NA	NA	NA	NA	NA	NA	NA	NA	NA	NA	NA
ERR12059422	this study	42139_1#206	ERS7986139	ERP126322	Klebsiella pneumoniae	strong	1	1	8	15	2019	NA	ST15	y	CHATINKHA NURSERY	NA	R	NA	NA	NA	NA	NA	S	NA	NA	NA	NA	S	NA	S	NA	S	NA	NA	S	NA	NA	NA	NA	NA	NA	NA	NA	NA	NA	NA	NA
ERR12059423	this study	42139_1#207	ERS7985962	ERP126322	Klebsiella pneumoniae	strong	0	1	10	19	2013	NA	ST340	n	PAEDIATRIC MOYO WARD	NA	R	NA	NA	NA	NA	NA	R	NA	NA	NA	NA	R	NA	R	NA	R	NA	NA	R	NA	NA	NA	NA	NA	NA	NA	NA	NA	NA	NA	NA
ERR12059424	this study	42139_1#208	ERS7986140	ERP126322	Klebsiella pneumoniae	strong	1	1	8	15	2019	NA	ST15	y	PICU/HDU	S	R	NA	R	NA	S	NA	R	NA	NA	NA	NA	S	NA	R	NA	R	NA	NA	R	NA	NA	S	NA	R	NA	NA	S	NA	NA	NA	NA
ERR12059426	this study	42139_1#226	ERS7986141	ERP126322	Klebsiella pneumoniae	strong	1	1	8	15	2019	NA	ST15	n	PAEDIATRIC SURGICAL WARD	S	R	NA	R	NA	S	NA	R	NA	NA	NA	NA	R	NA	R	NA	R	NA	NA	R	NA	NA	S	NA	R	NA	NA	R	NA	NA	NA	NA
ERR12059427	this study	42139_1#227	ERS7985964	ERP126322	Klebsiella pneumoniae	strong	0	1	6	8	2011	NA	ST14	n	unknown	NA	NA	NA	NA	NA	NA	NA	NA	NA	NA	NA	NA	NA	NA	NA	NA	NA	NA	NA	NA	NA	NA	NA	NA	NA	NA	NA	NA	NA	NA	NA	NA
ERR12059428	this study	42139_1#228	ERS7986142	ERP126322	Klebsiella pneumoniae	strong	1	1	8	15	2019	NA	ST15	n	PAEDIATRIC SURGICAL WARD	S	R	NA	R	NA	S	NA	R	NA	NA	NA	NA	S	NA	R	NA	R	NA	NA	R	NA	NA	S	NA	R	NA	NA	R	NA	NA	NA	NA
ERR12059429	this study	42139_1#229	ERS7985965	ERP126322	Klebsiella pneumoniae	strong	0	1	8	14	NA	NA	ST14	n	unknown	NA	NA	NA	NA	NA	NA	NA	NA	NA	NA	NA	NA	NA	NA	NA	NA	NA	NA	NA	NA	NA	NA	NA	NA	NA	NA	NA	NA	NA	NA	NA	NA
ERR12059430	this study	42139_1#230	ERS7986144	ERP126322	Klebsiella pneumoniae	strong	1	1	8	15	2019	NA	ST15	n	PICU/HDU	S	R	NA	S	NA	S	NA	R	NA	NA	NA	NA	S	NA	R	NA	R	NA	NA	R	NA	NA	S	NA	R	NA	NA	R	NA	NA	NA	NA
ERR12059432	this study	42139_1#232	ERS7986143	ERP126322	Klebsiella pneumoniae	strong	1	0	6	7	2019	NA	ST45	n	PICU/HDU	NA	R	NA	NA	NA	NA	NA	S	NA	NA	NA	NA	S	NA	S	NA	R	NA	NA	S	NA	NA	NA	NA	NA	NA	NA	NA	NA	NA	NA	NA
ERR12059433	this study	42139_1#233	ERS7985967	ERP126322	Klebsiella pneumoniae	strong	0	1	8	14	2013	NA	other	n	PAEDIATRIC MOYO WARD	I	R	NA	R	NA	NA	NA	R	NA	NA	NA	NA	R	NA	S	NA	R	NA	NA	R	NA	NA	NA	NA	NA	NA	NA	NA	NA	NA	NA	NA
ERR12059434	this study	42139_1#234	ERS7986145	ERP126322	Klebsiella pneumoniae	strong	1	1	8	15	2019	NA	ST15	y	PICU/HDU	S	R	NA	R	NA	S	NA	R	NA	NA	NA	NA	S	NA	R	NA	R	NA	NA	R	NA	NA	S	NA	R	NA	NA	R	NA	NA	NA	NA
ERR12059435	this study	42139_1#235	ERS7985968	ERP126322	Klebsiella pneumoniae	strong	0	1	7	15	2013	NA	other	u	PAEDIATRIC NURSERY	S	R	NA	R	NA	NA	NA	R	NA	NA	NA	NA	R	NA	S	NA	R	NA	NA	R	NA	NA	NA	NA	NA	NA	NA	NA	NA	NA	NA	NA
ERR12059436	this study	42139_1#236	ERS7986146	ERP126322	Klebsiella pneumoniae	strong	0	0	0	0	2007	NA	other	y	unknown	NA	NA	NA	NA	NA	NA	NA	NA	NA	NA	NA	NA	NA	NA	NA	NA	NA	NA	NA	NA	NA	NA	NA	NA	NA	NA	NA	NA	NA	NA	NA	NA
ERR12059437	this study	42139_1#237	ERS7985969	ERP126322	Klebsiella pneumoniae	strong	1	1	8	12	2019	NA	ST307	y	CHATINKHA NURSERY	S	R	NA	R	NA	NA	NA	R	NA	NA	NA	NA	S	NA	R	NA	R	NA	NA	R	NA	NA	S	NA	NA	NA	NA	I	NA	NA	NA	NA
ERR12059438	this study	42139_1#239	ERS7985970	ERP126322	Klebsiella pneumoniae	strong	1	1	9	17	2019	NA	ST17	n	4A FEMALE MEDICAL WARD	S	R	NA	R	NA	NA	NA	R	NA	NA	NA	NA	R	NA	R	NA	R	NA	NA	R	NA	NA	S	NA	NA	NA	NA	I	NA	NA	NA	NA
ERR12059439	this study	42139_1#254	ERS7985554	ERP126322	Klebsiella pneumoniae	strong	1	1	7	11	2016	NA	other	n	3B MALE MEDICAL WARD	S	R	NA	NA	NA	NA	NA	R	NA	NA	NA	NA	S	NA	R	NA	R	NA	NA	R	NA	NA	NA	NA	NA	NA	NA	NA	NA	NA	NA	NA
ERR12059440	this study	42139_1#256	ERS7985669	ERP126322	Klebsiella pneumoniae	strong	1	1	8	12	2016	NA	ST14	n	unknown	NA	NA	NA	NA	NA	NA	NA	NA	NA	NA	NA	NA	NA	NA	NA	NA	NA	NA	NA	NA	NA	NA	NA	NA	NA	NA	NA	NA	NA	NA	NA	NA
ERR12059441	this study	42139_1#257	ERS7985971	ERP126322	Klebsiella pneumoniae	strong	1	1	6	8	2019	NA	ST307	n	PAEDIATRIC NURSERY	S	R	NA	R	NA	NA	NA	R	NA	NA	NA	NA	R	NA	S	NA	R	NA	NA	S	NA	NA	S	NA	NA	NA	NA	S	NA	NA	NA	NA
ERR12059442	this study	42139_1#259	ERS7985972	ERP126322	Klebsiella pneumoniae	strong	1	1	8	12	2019	NA	ST307	y	CHATINKHA NURSERY	S	R	NA	R	NA	NA	NA	R	NA	NA	NA	NA	S	NA	I	NA	R	NA	NA	R	NA	NA	S	NA	NA	NA	NA	R	NA	NA	NA	NA
ERR12059443	this study	42139_1#261	ERS7985973	ERP126322	Klebsiella pneumoniae	strong	1	1	6	8	2019	NA	ST307	n	PAEDIATRIC NURSERY	S	R	NA	R	NA	NA	NA	R	NA	NA	NA	NA	S	NA	R	NA	R	NA	NA	R	NA	NA	S	NA	NA	NA	NA	I	NA	NA	NA	NA
ERR12059444	this study	42139_1#263	ERS7986056	ERP126322	Klebsiella pneumoniae	strong	1	1	8	12	2019	NA	ST307	y	CHATINKHA NURSERY	S	R	NA	R	NA	NA	NA	R	NA	NA	NA	NA	S	NA	R	NA	R	NA	NA	R	NA	NA	S	NA	NA	NA	NA	I	NA	NA	NA	NA
ERR12059445	this study	42139_1#265	ERS7986057	ERP126322	Klebsiella pneumoniae	strong	1	1	6	8	2019	NA	ST307	n	PAEDIATRIC NURSERY	NA	S	NA	NA	NA	NA	NA	S	NA	NA	NA	NA	S	NA	R	NA	S	NA	NA	S	NA	NA	NA	NA	NA	NA	NA	NA	NA	NA	NA	NA
ERR12059446	this study	42139_1#267	ERS7986058	ERP126322	Klebsiella pneumoniae	strong	0	0	7	9	2019	NA	other	n	A ETC	S	R	NA	R	NA	NA	NA	S	NA	NA	NA	NA	R	NA	R	R	NA	NA	NA	S	NA	S	NA	NA	NA	NA	NA	S	NA	NA	NA	NA
ERR12059447	this study	42139_1#269	ERS7986061	ERP126322	Klebsiella pneumoniae	strong	1	1	7	12	2019	NA	ST48	y	CHATINKHA NURSERY	S	R	NA	R	NA	NA	NA	R	NA	NA	NA	NA	R	NA	I	NA	R	NA	NA	R	NA	NA	S	NA	NA	NA	NA	R	NA	NA	NA	NA
ERR12059449	this study	42139_1#274	ERS7985673	ERP126322	Klebsiella pneumoniae	strong	1	1	8	12	2016	NA	ST14	n	PAEDIATRIC NURSERY	S	R	NA	I	NA	NA	NA	R	NA	NA	NA	NA	R	NA	R	NA	NA	NA	NA	R	NA	NA	NA	NA	NA	NA	NA	NA	NA	NA	NA	NA
ERR12059450	this study	42139_1#276	ERS7985674	ERP126322	Klebsiella quasipneumoniae subsp. similipneumoniae	strong	0	1	7	9	2016	NA	other	n	PAEDIATRIC NURSERY	S	R	NA	NA	NA	NA	NA	R	NA	NA	NA	NA	S	NA	R	NA	R	NA	NA	R	NA	NA	NA	NA	NA	NA	NA	NA	NA	NA	NA	NA
ERR12059451	this study	42139_1#278	ERS7985630	ERP126322	Klebsiella pneumoniae	strong	1	1	8	13	2016	NA	ST39	n	CHATINKHA NURSERY	S	R	NA	S	NA	NA	NA	R	NA	NA	NA	NA	R	NA	R	NA	R	NA	NA	R	NA	NA	NA	NA	NA	NA	NA	NA	NA	NA	NA	NA
ERR12059452	this study	42139_1#280	ERS7985805	ERP126322	Klebsiella pneumoniae	strong	1	0	7	8	2019	NA	ST307	n	BURNS UNITS	I	R	NA	R	NA	NA	NA	S	NA	NA	NA	NA	R	NA	R	NA	R	NA	NA	R	NA	NA	NA	NA	NA	NA	NA	NA	NA	NA	NA	NA
ERR12059453	this study	42139_1#282	ERS7985809	ERP126322	Klebsiella pneumoniae	strong	0	1	7	11	2019	NA	ST584	n	PICU/HDU	S	R	NA	I	NA	NA	NA	R	NA	NA	NA	NA	S	NA	R	NA	R	NA	NA	R	NA	NA	NA	NA	NA	NA	NA	NA	NA	NA	NA	NA
ERR12059454	this study	42139_1#284	ERS7985829	ERP126322	Klebsiella pneumoniae	strong	0	1	7	11	2018	NA	ST584	n	PICU/HDU	S	R	NA	R	NA	NA	NA	R	NA	NA	NA	NA	S	NA	R	NA	R	NA	NA	R	NA	NA	NA	NA	NA	NA	NA	NA	NA	NA	NA	NA
ERR12059455	this study	42139_1#286	ERS7985834	ERP126322	Klebsiella pneumoniae	strong	0	1	7	11	2019	NA	ST584	y	PICU/HDU	I	R	NA	R	NA	NA	NA	R	NA	NA	NA	NA	S	NA	R	NA	R	NA	NA	R	NA	NA	NA	NA	NA	NA	NA	NA	NA	NA	NA	NA
ERR12059456	this study	42139_1#288	ERS7985864	ERP126322	Klebsiella pneumoniae	strong	1	1	8	13	2018	NA	ST14	n	PAEDIATRIC SURGICAL WARD	S	R	NA	S	NA	NA	NA	R	NA	NA	NA	NA	R	NA	R	NA	NA	NA	NA	R	NA	NA	NA	NA	NA	NA	NA	NA	NA	NA	NA	NA
ERR12059457	this study	42139_1#289	ERS7986060	ERP126322	Klebsiella pneumoniae	strong	1	1	8	12	2019	NA	ST307	n	PICU/HDU	R	R	NA	R	NA	NA	NA	R	NA	NA	NA	NA	S	NA	NA	NA	R	NA	NA	R	NA	NA	S	NA	NA	NA	NA	R	NA	NA	NA	NA
ERR12059458	this study	42139_1#291	ERS7986062	ERP126322	Klebsiella pneumoniae	strong	1	1	8	12	2019	NA	ST307	n	PICU/HDU	I	R	NA	R	NA	NA	NA	R	NA	NA	NA	NA	S	NA	R	NA	R	NA	NA	R	NA	NA	S	NA	NA	NA	NA	R	NA	NA	NA	NA
ERR12059459	this study	42139_1#293	ERS7986065	ERP126322	Klebsiella pneumoniae	strong	0	1	7	15	2019	NA	other	y	CHATINKHA NURSERY	R	R	NA	R	NA	NA	NA	R	NA	NA	NA	NA	R	NA	NA	NA	R	NA	NA	R	NA	NA	S	NA	NA	NA	NA	R	NA	NA	NA	NA
ERR12059460	this study	42139_1#295	ERS7986064	ERP126322	Klebsiella pneumoniae	strong	0	1	6	11	2019	NA	other	y	PAEDIATRIC SURGICAL WARD	S	R	NA	R	NA	NA	NA	R	NA	NA	NA	NA	S	NA	I	NA	S	NA	NA	R	NA	NA	S	NA	NA	NA	NA	R	NA	NA	NA	NA
ERR12059461	this study	42139_1#297	ERS7986063	ERP126322	Klebsiella pneumoniae	strong	0	1	7	15	2019	NA	other	u	CHATINKHA NURSERY	S	R	NA	R	NA	NA	NA	R	NA	NA	NA	NA	I	NA	I	NA	R	NA	NA	R	NA	NA	S	NA	NA	NA	NA	I	NA	NA	NA	NA
ERR12059462	this study	42139_1#299	ERS7986066	ERP126322	Klebsiella pneumoniae	strong	1	1	6	8	2019	NA	ST307	n	PAEDIATRIC ONCOLOGY	S	R	NA	R	NA	NA	NA	R	NA	NA	NA	NA	S	NA	I	NA	R	NA	NA	S	NA	NA	S	NA	NA	NA	NA	I	NA	NA	NA	NA
ERR12059316	this study	42139_1#2	ERS7986085	ERP126322	Klebsiella pneumoniae	strong	1	1	6	11	2019	NA	ST17	y	CHATINKHA NURSERY	S	R	NA	R	NA	S	NA	R	NA	NA	NA	NA	S	NA	R	NA	R	NA	NA	R	NA	NA	S	NA	R	NA	NA	S	NA	NA	NA	NA
ERR12059463	this study	42139_1#301	ERS7986067	ERP126322	Klebsiella pneumoniae	strong	3	0	0	0	2019	NA	ST86	n	4A FEMALE MEDICAL WARD	NA	R	NA	NA	NA	NA	NA	S	NA	NA	NA	NA	S	NA	S	NA	S	NA	NA	S	NA	NA	NA	NA	NA	NA	NA	NA	NA	NA	NA	NA
ERR12059464	this study	42139_1#303	ERS7986068	ERP126322	Klebsiella pneumoniae	strong	1	1	6	8	2019	NA	ST307	n	PAEDIATRIC NURSERY	S	R	NA	R	NA	NA	NA	R	NA	NA	NA	NA	S	NA	R	NA	R	NA	NA	R	NA	NA	S	NA	NA	NA	NA	S	NA	NA	NA	NA
ERR12059465	this study	42139_1#306	ERS7985865	ERP126322	Klebsiella pneumoniae	strong	1	1	8	12	2018	NA	ST14	n	3B MALE MEDICAL WARD	S	R	NA	S	NA	NA	NA	R	NA	NA	NA	NA	S	NA	R	NA	NA	NA	NA	NA	NA	NA	NA	NA	NA	NA	NA	NA	NA	NA	NA	NA
ERR12059466	this study	42139_1#310	ERS7986018	ERP126322	Klebsiella pneumoniae	strong	1	1	7	11	2017	NA	ST39	y	CHATINKHA NURSERY	S	R	NA	S	NA	NA	NA	R	NA	NA	NA	NA	R	NA	S	NA	R	NA	NA	R	NA	NA	NA	NA	NA	NA	NA	NA	NA	NA	NA	NA
ERR12059468	this study	42139_1#318	ERS7986070	ERP126322	Klebsiella pneumoniae	strong	1	1	6	8	2019	NA	ST307	y	PAEDIATRIC NURSERY	S	R	NA	R	NA	NA	NA	R	NA	NA	NA	NA	S	NA	R	NA	R	NA	NA	R	NA	NA	S	NA	NA	NA	NA	S	NA	NA	NA	NA
ERR12059469	this study	42139_1#320	ERS7986071	ERP126322	Klebsiella pneumoniae	strong	0	0	0	0	2019	NA	other	y	CHATINKHA NURSERY	NA	R	NA	NA	NA	NA	NA	S	NA	NA	NA	NA	S	NA	S	NA	S	NA	NA	S	NA	NA	NA	NA	NA	NA	NA	NA	NA	NA	NA	NA
ERR12059470	this study	42139_1#322	ERS7986072	ERP126322	Klebsiella pneumoniae	strong	1	1	6	8	2019	NA	ST307	u	PAEDIATRIC NURSERY	S	R	NA	R	NA	NA	NA	R	NA	NA	NA	NA	S	NA	R	NA	R	NA	NA	R	NA	NA	I	NA	NA	NA	NA	R	NA	NA	NA	NA
ERR12059471	this study	42139_1#324	ERS7986073	ERP126322	Klebsiella pneumoniae	strong	1	1	8	13	2019	NA	ST607	n	BURNS UNITS	S	R	NA	R	NA	NA	NA	R	NA	NA	NA	NA	R	NA	S	NA	R	NA	NA	NA	NA	NA	S	NA	NA	NA	NA	NA	NA	NA	NA	NA
ERR12059472	this study	42139_1#326	ERS7986074	ERP126322	Klebsiella pneumoniae	strong	1	1	8	12	2019	NA	ST607	n	PICU/HDU	S	R	NA	R	NA	NA	NA	R	NA	NA	NA	NA	R	NA	S	NA	R	NA	NA	R	NA	NA	S	NA	NA	NA	NA	R	NA	NA	NA	NA
ERR12059473	this study	42139_1#328	ERS7986075	ERP126322	Klebsiella pneumoniae	strong	1	1	7	13	2019	NA	ST17	y	CHATINKHA NURSERY	S	R	NA	R	NA	NA	NA	R	NA	NA	NA	NA	S	NA	R	NA	R	NA	NA	R	NA	NA	S	NA	NA	NA	NA	I	NA	NA	NA	NA
ERR12059474	this study	42139_1#330	ERS7986076	ERP126322	Klebsiella pneumoniae	strong	0	1	5	5	2019	NA	ST14	y	PICU/HDU	S	R	NA	R	NA	NA	NA	R	NA	NA	NA	NA	S	NA	S	NA	R	NA	NA	R	NA	NA	S	NA	NA	NA	NA	R	NA	NA	NA	NA
ERR12059475	this study	42139_1#340	ERS7986077	ERP126322	Klebsiella pneumoniae	strong	0	0	1	1	2019	NA	other	n	unknown	NA	S	NA	NA	NA	NA	NA	S	NA	NA	NA	NA	S	NA	S	NA	S	NA	NA	S	NA	NA	NA	NA	NA	NA	NA	NA	NA	NA	NA	NA
ERR12059476	this study	42139_1#342	ERS7986078	ERP126322	Klebsiella pneumoniae	strong	1	1	7	12	2019	NA	ST48	n	PICU/HDU	S	R	NA	R	NA	NA	NA	R	NA	NA	NA	NA	R	NA	S	NA	R	NA	NA	R	NA	NA	S	NA	NA	NA	NA	R	NA	NA	NA	NA
ERR12059477	this study	42139_1#344	ERS7986079	ERP126322	Klebsiella pneumoniae	strong	1	1	9	15	2019	NA	ST48	n	4A FEMALE MEDICAL WARD	S	R	NA	R	NA	NA	NA	R	NA	NA	NA	NA	R	NA	R	NA	R	NA	NA	R	NA	NA	S	NA	NA	NA	NA	R	NA	NA	NA	NA
ERR12059478	this study	42139_1#346	ERS7986080	ERP126322	Klebsiella pneumoniae	strong	0	1	10	14	2019	NA	other	n	PICU/HDU	I	R	NA	R	NA	NA	NA	R	NA	NA	NA	NA	R	NA	R	NA	R	NA	NA	R	NA	NA	S	NA	NA	NA	NA	S	NA	NA	NA	NA
ERR12059479	this study	42139_1#348	ERS7986083	ERP126322	Klebsiella pneumoniae	strong	1	1	7	12	2019	NA	ST48	n	PAEDIATRIC NURSERY	S	R	NA	R	NA	NA	NA	R	NA	NA	NA	NA	R	NA	S	NA	R	NA	NA	R	NA	NA	S	NA	NA	NA	NA	R	NA	NA	NA	NA
ERR12059330	this study	42139_1#34	ERS7986093	ERP126322	Klebsiella pneumoniae	strong	1	1	9	15	2019	NA	ST48	n	unknown	NA	NA	NA	NA	NA	NA	NA	NA	NA	NA	NA	NA	NA	NA	NA	NA	NA	NA	NA	NA	NA	NA	NA	NA	NA	NA	NA	NA	NA	NA	NA	NA
ERR12059480	this study	42139_1#350	ERS7986082	ERP126322	Klebsiella pneumoniae	strong	0	0	0	0	2019	NA	other	y	PICU/HDU	NA	R	NA	NA	NA	NA	NA	S	NA	NA	NA	NA	S	NA	S	NA	S	NA	NA	S	NA	NA	NA	NA	NA	NA	NA	NA	NA	NA	NA	NA
ERR12059481	this study	42139_1#352	ERS7986084	ERP126322	Klebsiella pneumoniae	strong	0	1	7	7	2019	NA	other	y	CHATINKHA NURSERY	S	R	NA	R	NA	NA	NA	R	NA	NA	NA	NA	R	NA	S	NA	R	NA	NA	R	NA	NA	S	NA	NA	NA	NA	R	NA	NA	NA	NA
ERR12059482	this study	42139_1#354	ERS7986081	ERP126322	Klebsiella pneumoniae	strong	1	1	7	12	2019	NA	ST48	y	PAEDIATRIC NURSERY	NA	R	NA	R	NA	S	NA	R	NA	NA	NA	NA	R	NA	S	NA	R	NA	NA	R	NA	NA	S	NA	S	NA	NA	R	NA	NA	NA	NA
ERR12059332	this study	42139_1#36	ERS7986094	ERP126322	Klebsiella pneumoniae	strong	1	1	6	10	2019	NA	ST29	n	PICU/HDU	R	R	NA	R	NA	S	NA	NA	NA	NA	NA	NA	S	NA	R	NA	R	NA	NA	R	NA	NA	S	NA	R	NA	NA	R	NA	NA	NA	NA
ERR12059334	this study	42139_1#38	ERS7986095	ERP126322	Klebsiella pneumoniae	strong	1	1	6	10	2019	NA	ST39	y	CHATINKHA NURSERY	S	R	NA	R	NA	S	NA	R	NA	NA	NA	NA	S	NA	S	NA	R	NA	NA	R	NA	NA	S	NA	S	NA	NA	R	NA	NA	NA	NA
ERR12059335	this study	42139_1#39	ERS7985918	ERP126322	Klebsiella pneumoniae	strong	0	1	9	18	2014	NA	ST340	n	4A FEMALE MEDICAL WARD	S	R	NA	R	NA	NA	NA	R	NA	NA	NA	NA	R	NA	R	NA	R	NA	NA	R	NA	NA	NA	NA	NA	NA	NA	NA	NA	NA	NA	NA
ERR12059317	this study	42139_1#3	ERS7985908	ERP126322	Klebsiella pneumoniae	strong	0	0	2	2	NA	NA	other	n	unknown	NA	NA	NA	NA	NA	NA	NA	NA	NA	NA	NA	NA	NA	NA	NA	NA	NA	NA	NA	NA	NA	NA	NA	NA	NA	NA	NA	NA	NA	NA	NA	NA
ERR12059337	this study	42139_1#41	ERS7985919	ERP126322	Klebsiella pneumoniae	strong	0	1	6	6	2014	NA	other	y	CHATINKHA NURSERY	S	R	NA	R	NA	NA	NA	R	NA	NA	NA	NA	R	NA	S	NA	R	NA	NA	R	NA	NA	NA	NA	NA	NA	NA	NA	NA	NA	NA	NA
ERR12059338	this study	42139_1#42	ERS7986097	ERP126322	Klebsiella pneumoniae	strong	1	1	8	14	2019	NA	ST25	n	INTENSIVE CARE UNIT	I	R	NA	R	NA	S	NA	R	NA	NA	NA	NA	R	NA	R	R	NA	NA	NA	R	NA	NA	S	NA	R	NA	NA	S	NA	NA	NA	NA
ERR12059339	this study	42139_1#43	ERS7985920	ERP126322	Klebsiella pneumoniae	strong	0	1	9	14	2014	NA	ST340	n	unknown	NA	NA	NA	NA	NA	NA	NA	NA	NA	NA	NA	NA	NA	NA	NA	NA	NA	NA	NA	NA	NA	NA	NA	NA	NA	NA	NA	NA	NA	NA	NA	NA
ERR12059340	this study	42139_1#44	ERS7986098	ERP126322	Klebsiella pneumoniae	strong	0	0	3	4	2019	NA	other	n	unknown	NA	R	NA	NA	NA	NA	NA	S	NA	NA	NA	NA	S	NA	S	NA	R	NA	NA	S	NA	NA	NA	NA	NA	NA	NA	NA	NA	NA	NA	NA
ERR12059342	this study	42139_1#46	ERS7986099	ERP126322	Klebsiella pneumoniae	strong	4	0	0	0	2019	NA	other	u	PAEDIATRIC SURGICAL WARD	S	R	NA	R	NA	S	NA	S	NA	NA	NA	NA	S	NA	R	NA	S	NA	NA	S	NA	NA	S	NA	R	NA	NA	R	NA	NA	NA	NA
ERR12059344	this study	42139_1#48	ERS7986100	ERP126322	Klebsiella pneumoniae	strong	1	1	9	15	2019	NA	ST39	n	PAEDIATRIC SURGICAL WARD	S	R	NA	R	NA	NA	NA	R	NA	NA	NA	NA	R	NA	R	NA	R	NA	NA	R	NA	NA	S	NA	R	NA	NA	R	NA	NA	NA	NA
ERR12059318	this study	42139_1#4	ERS7986088	ERP126322	Klebsiella pneumoniae	strong	1	1	7	12	2019	NA	ST48	y	PAEDIATRIC NURSERY	S	R	NA	R	NA	S	NA	R	NA	NA	NA	NA	R	NA	S	NA	R	NA	NA	R	NA	NA	S	NA	S	NA	NA	R	NA	NA	NA	NA
ERR12059345	this study	42139_1#65	ERS7985923	ERP126322	Klebsiella pneumoniae	strong	0	1	8	16	2014	NA	other	n	3B MALE MEDICAL WARD	S	R	NA	NA	NA	NA	NA	R	NA	NA	NA	NA	R	NA	S	NA	R	NA	NA	R	NA	NA	NA	NA	NA	NA	NA	NA	NA	NA	NA	NA
ERR12059346	this study	42139_1#66	ERS7986101	ERP126322	Klebsiella pneumoniae	strong	1	1	9	15	2019	NA	ST39	y	PICU/HDU	S	R	NA	R	NA	S	NA	R	NA	NA	NA	NA	R	NA	R	NA	R	NA	NA	R	NA	NA	S	NA	R	NA	NA	R	NA	NA	NA	NA
ERR12059347	this study	42139_1#67	ERS7985924	ERP126322	Klebsiella pneumoniae	strong	0	1	9	17	NA	NA	ST340	n	PAEDIATRIC ONCOLOGY	S	R	NA	R	NA	NA	NA	R	NA	NA	NA	NA	R	NA	R	NA	R	NA	NA	R	NA	NA	NA	NA	NA	NA	NA	NA	NA	NA	NA	NA
ERR12059348	this study	42139_1#68	ERS7986102	ERP126322	Klebsiella pneumoniae	strong	1	1	9	15	2019	NA	ST39	n	PICU/HDU	S	R	NA	R	NA	S	NA	R	NA	NA	NA	NA	R	NA	R	NA	R	NA	NA	R	NA	NA	S	NA	R	NA	NA	R	NA	NA	NA	NA
ERR12059349	this study	42139_1#69	ERS7985925	ERP126322	Klebsiella pneumoniae	strong	0	1	6	9	NA	NA	ST14	n	unknown	NA	NA	NA	NA	NA	NA	NA	NA	NA	NA	NA	NA	NA	NA	NA	NA	NA	NA	NA	NA	NA	NA	NA	NA	NA	NA	NA	NA	NA	NA	NA	NA
ERR12059319	this study	42139_1#6	ERS7986086	ERP126322	Klebsiella pneumoniae	strong	0	0	0	0	2019	NA	other	n	PAEDIATRIC SPECIAL CARE WARD	NA	R	NA	NA	NA	NA	NA	S	NA	NA	NA	NA	S	NA	S	NA	S	NA	NA	S	NA	NA	NA	NA	NA	NA	NA	NA	NA	NA	NA	NA
ERR12059351	this study	42139_1#71	ERS7985926	ERP126322	Klebsiella variicola subsp. variicola	strong	0	0	5	7	NA	NA	other	y	PAEDIATRIC NURSERY	NA	R	NA	NA	NA	NA	NA	S	NA	NA	NA	NA	S	NA	S	NA	R	NA	NA	S	NA	NA	NA	NA	NA	NA	NA	NA	NA	NA	NA	NA
ERR12059352	this study	42139_1#72	ERS7986104	ERP126322	Klebsiella pneumoniae	strong	0	0	0	0	2019	NA	other	n	PAEDIATRIC SPECIAL CARE WARD	NA	R	NA	NA	NA	NA	NA	S	NA	NA	NA	NA	S	NA	S	NA	S	NA	NA	S	NA	NA	NA	NA	NA	NA	NA	NA	NA	NA	NA	NA
ERR12059353	this study	42139_1#73	ERS7985927	ERP126322	Klebsiella pneumoniae	strong	1	1	9	15	2013	NA	ST101	n	unknown	NA	NA	NA	NA	NA	NA	NA	NA	NA	NA	NA	NA	NA	NA	NA	NA	NA	NA	NA	NA	NA	NA	NA	NA	NA	NA	NA	NA	NA	NA	NA	NA
ERR12059354	this study	42139_1#74	ERS7986105	ERP126322	Klebsiella pneumoniae	strong	0	1	8	15	2019	NA	ST14	y	PAEDIATRIC NURSERY	S	R	NA	R	NA	R	NA	R	NA	NA	NA	NA	R	NA	R	NA	NA	NA	NA	R	NA	NA	S	NA	R	NA	NA	R	NA	NA	NA	NA
ERR12059355	this study	42139_1#75	ERS7985928	ERP126322	Klebsiella pneumoniae	strong	0	1	8	16	NA	NA	other	n	PAEDIATRIC NURSERY	S	R	NA	NA	NA	NA	NA	R	NA	NA	NA	NA	S	NA	R	NA	R	NA	NA	R	NA	NA	NA	NA	NA	NA	NA	NA	NA	NA	NA	NA
ERR12059356	this study	42139_1#76	ERS7986106	ERP126322	Klebsiella pneumoniae	strong	0	0	5	6	2019	NA	other	n	A ETC	S	R	NA	R	NA	R	NA	S	NA	NA	NA	NA	S	NA	S	NA	R	NA	NA	S	NA	NA	S	NA	R	NA	NA	R	NA	NA	NA	NA
ERR12059357	this study	42139_1#77	ERS7985929	ERP126322	Klebsiella pneumoniae	strong	0	1	8	15	2013	NA	other	n	3B MALE MEDICAL WARD	S	R	NA	R	NA	NA	NA	R	NA	NA	NA	NA	R	NA	R	NA	R	NA	NA	R	NA	NA	NA	NA	NA	NA	NA	NA	NA	NA	NA	NA
ERR12059358	this study	42139_1#78	ERS7986108	ERP126322	Klebsiella pneumoniae	strong	1	1	8	15	2019	NA	ST15	n	PICU/HDU	NA	R	NA	NA	NA	NA	NA	R	NA	NA	NA	NA	S	NA	S	NA	R	NA	NA	S	NA	NA	NA	NA	NA	NA	NA	NA	NA	NA	NA	NA
ERR12059360	this study	42139_1#80	ERS7986107	ERP126322	Klebsiella pneumoniae	strong	1	1	8	15	2019	NA	ST15	n	PICU/HDU	S	R	NA	R	NA	R	NA	R	NA	NA	NA	NA	S	NA	R	NA	R	NA	NA	R	NA	NA	S	NA	R	NA	NA	S	NA	NA	NA	NA
ERR12059320	this study	42139_1#8	ERS7986087	ERP126322	Klebsiella pneumoniae	strong	0	1	7	12	2019	NA	other	y	CHATINKHA NURSERY	S	R	NA	S	NA	S	NA	R	NA	NA	NA	NA	R	NA	S	NA	R	NA	NA	R	NA	NA	S	NA	S	NA	NA	R	NA	NA	NA	NA
ERR12059362	this study	42139_1#98	ERS7986109	ERP126322	Klebsiella pneumoniae	strong	1	1	7	11	2019	NA	ST307	n	PICU/HDU	S	R	NA	R	NA	R	NA	R	NA	NA	NA	NA	S	NA	R	NA	R	NA	NA	R	NA	NA	S	NA	R	NA	NA	R	NA	NA	NA	NA
ERR12059321	this study	42139_1#9	ERS7985911	ERP126322	Klebsiella pneumoniae	strong	0	1	5	5	2013	NA	other	n	unknown	NA	NA	NA	NA	NA	NA	NA	NA	NA	NA	NA	NA	NA	NA	NA	NA	NA	NA	NA	NA	NA	NA	NA	NA	NA	NA	NA	NA	NA	NA	NA	NA
SRR12095317	Cornick et al 2021	WTCHG_302459_201	SAMN15374753	PRJNA641987	Klebsiella pneumoniae	strong	0	1	8	11	2012	NA	ST14	n	unknown	NA	NA	NA	NA	NA	NA	NA	NA	NA	NA	NA	NA	NA	NA	NA	NA	NA	NA	NA	NA	NA	NA	NA	NA	NA	NA	NA	NA	NA	NA	NA	NA
SRR12095316	Cornick et al 2021	WTCHG_302459_202	SAMN15374754	PRJNA641987	Klebsiella pneumoniae	strong	0	1	4	5	2012	NA	ST36	n	unknown	NA	NA	NA	NA	NA	NA	NA	NA	NA	NA	NA	NA	NA	NA	NA	NA	NA	NA	NA	NA	NA	NA	NA	NA	NA	NA	NA	NA	NA	NA	NA	NA
SRR12095309	Cornick et al 2021	WTCHG_302459_203	SAMN15374755	PRJNA641987	Klebsiella pneumoniae	strong	0	1	8	11	2012	NA	ST14	n	unknown	NA	NA	NA	NA	NA	NA	NA	NA	NA	NA	NA	NA	NA	NA	NA	NA	NA	NA	NA	NA	NA	NA	NA	NA	NA	NA	NA	NA	NA	NA	NA	NA
SRR12095308	Cornick et al 2021	WTCHG_302459_204	SAMN15374756	PRJNA641987	Klebsiella pneumoniae	strong	0	1	8	12	NA	NA	ST14	n	CHATINKHA NURSERY	NA	R	NA	NA	NA	NA	NA	R	NA	NA	NA	NA	S	NA	S	NA	R	NA	NA	R	NA	NA	NA	NA	NA	NA	NA	NA	NA	NA	NA	NA
SRR12095307	Cornick et al 2021	WTCHG_302459_206	SAMN15374757	PRJNA641987	Klebsiella pneumoniae	strong	0	1	7	13	2013	NA	other	n	CHATINKHA NURSERY	S	R	NA	R	NA	NA	NA	R	NA	NA	NA	NA	R	NA	S	NA	R	NA	NA	R	NA	NA	NA	NA	NA	NA	NA	NA	NA	NA	NA	NA
SRR12095306	Cornick et al 2021	WTCHG_302459_207	SAMN15374758	PRJNA641987	Klebsiella pneumoniae	strong	0	1	7	11	2013	NA	other	n	CHATINKHA NURSERY	NA	R	NA	NA	NA	NA	NA	R	NA	NA	NA	NA	R	NA	S	NA	R	NA	NA	R	NA	NA	NA	NA	NA	NA	NA	NA	NA	NA	NA	NA
SRR12095305	Cornick et al 2021	WTCHG_302459_208	SAMN15374759	PRJNA641987	Klebsiella pneumoniae	strong	0	1	9	14	2013	NA	ST340	n	CHATINKHA NURSERY	NA	R	NA	NA	NA	NA	NA	R	NA	NA	NA	NA	R	NA	R	NA	R	NA	NA	R	NA	NA	NA	NA	NA	NA	NA	NA	NA	NA	NA	NA
SRR12095304	Cornick et al 2021	WTCHG_302459_210	SAMN15374760	PRJNA641987	Klebsiella pneumoniae	strong	0	1	9	14	2014	NA	ST340	n	CHATINKHA NURSERY	S	R	NA	R	NA	NA	NA	R	NA	NA	NA	NA	R	NA	S	NA	R	NA	NA	R	NA	NA	NA	NA	NA	NA	NA	NA	NA	NA	NA	NA
SRR12095303	Cornick et al 2021	WTCHG_302459_211	SAMN15374761	PRJNA641987	Klebsiella pneumoniae	strong	0	1	6	6	2014	NA	other	n	CHATINKHA NURSERY	S	R	NA	R	NA	NA	NA	R	NA	NA	NA	NA	R	NA	S	NA	R	NA	NA	R	NA	NA	NA	NA	NA	NA	NA	NA	NA	NA	NA	NA
SRR12095302	Cornick et al 2021	WTCHG_302459_212	SAMN15374765	PRJNA641987	Klebsiella pneumoniae	strong	0	1	6	6	2014	NA	other	n	CHATINKHA NURSERY	S	R	NA	R	NA	NA	NA	R	NA	NA	NA	NA	R	NA	S	NA	R	NA	NA	R	NA	NA	NA	NA	NA	NA	NA	NA	NA	NA	NA	NA
SRR12095315	Cornick et al 2021	WTCHG_302459_214	SAMN15374763	PRJNA641987	Klebsiella pneumoniae	strong	0	1	9	14	2014	NA	ST340	n	CHATINKHA NURSERY	S	R	NA	R	NA	NA	NA	R	NA	NA	NA	NA	R	NA	R	NA	R	NA	NA	R	NA	NA	NA	NA	NA	NA	NA	NA	NA	NA	NA	NA
SRR12095314	Cornick et al 2021	WTCHG_302459_215	SAMN15374764	PRJNA641987	Klebsiella pneumoniae	strong	0	1	6	9	2015	NA	ST14	n	CHATINKHA NURSERY	S	R	NA	R	NA	NA	NA	R	NA	NA	NA	NA	R	NA	S	NA	R	NA	NA	R	NA	NA	NA	NA	NA	NA	NA	NA	NA	NA	NA	NA
SRR12095313	Cornick et al 2021	WTCHG_302459_216	SAMN15374765	PRJNA641987	Klebsiella pneumoniae	strong	0	1	6	9	2016	NA	ST14	n	CHATINKHA NURSERY	S	R	NA	R	NA	NA	NA	R	NA	NA	NA	NA	R	NA	R	NA	R	NA	NA	R	NA	NA	NA	NA	NA	NA	NA	NA	NA	NA	NA	NA
SRR12095312	Cornick et al 2021	WTCHG_302459_217	SAMN15374766	PRJNA641987	Klebsiella pneumoniae	strong	0	1	6	9	2015	NA	ST14	n	CHATINKHA NURSERY	S	R	NA	I	NA	NA	NA	R	NA	NA	NA	NA	R	NA	S	NA	R	NA	NA	R	NA	NA	NA	NA	NA	NA	NA	NA	NA	NA	NA	NA
SRR12095311	Cornick et al 2021	WTCHG_302459_218	SAMN15374767	PRJNA641987	Klebsiella pneumoniae	strong	0	0	3	4	2015	NA	ST36	n	CHATINKHA NURSERY	S	R	NA	I	NA	NA	NA	R	NA	NA	NA	NA	S	NA	S	NA	R	NA	NA	R	NA	NA	NA	NA	NA	NA	NA	NA	NA	NA	NA	NA
SRR12095310	Cornick et al 2021	WTCHG_302459_219	SAMN15374768	PRJNA641987	Klebsiella pneumoniae	strong	0	1	6	9	2015	NA	ST14	n	CHATINKHA NURSERY	S	R	NA	R	NA	NA	NA	R	NA	NA	NA	I	NA	NA	S	NA	R	NA	NA	R	NA	NA	NA	NA	NA	NA	NA	NA	NA	NA	NA	NA
