sample_name	43.332.A.	42.332.D.	41.332.A.	41.332.B.	10.332.A.	10.332.B.	13.332.A.	15.332.A.	47.332.A.	2.332.B....11	14.332.A.	1.332.O.	2.332.B....14	6.332.A.	9.332.B.	8.332.A....17	8.332.B....18	8.332.A....19	13.332.B.	15.332.B.	12.332.B.	4.332.O....23	5.332.B.	4.332.O....25	34.332.A.	8.332.A....27	8.332.B....28	2.329.O.	1.331.A.	5.331.B.	8.331.O.	1.007.O.	1.122.B.	1.122.A.	1.105.O.	1.106.O.	1.013.O.	1.149.O.	1.253.O.	1.186.O.	1.204.O.	1.256.O.	1.273.O.	1.289.A.	1.293.O.	1.173.O.	1.178.O.	1.197.A.	1.199.A.	1.199.B.	1.201.B.	1.214.O.	1.236.O.	1.243.O.	1.248.O.	1.263.A.	1.263.B.	1.265.O.	1.275.O.	1.276.O.	1.278.O.	1.284.A.	1.286.O.	1.287.O.	1.215.A.	45.332.B.	40.332.C.	42.332.A.	1.329.O.	7.329.O.	8.329.O.	3.330.B.	5.330.B.	7.330.B.	1.331.B.	1.080.O.	1.043.O.	total_interactions	one_or_more	two_or_more	three_or_more
10N.222.45.E8	Unobserved	Unobserved	Unobserved	Unobserved	Unobserved	Unobserved	Unobserved	Unobserved	Unobserved	Unobserved	Unobserved	Unobserved	Unobserved	Unobserved	Unobserved	Unobserved	Unobserved	Unobserved	Unobserved	Unobserved	Unobserved	Unobserved	Unobserved	Unobserved	Unobserved	Unobserved	Unobserved	Unobserved	Unobserved	Unobserved	Unobserved	Unobserved	Unobserved	Unobserved	Unobserved	Observed	Unobserved	Unobserved	Unobserved	Unobserved	Unobserved	Unobserved	Unobserved	Unobserved	Unobserved	Unobserved	Unobserved	Unobserved	Unobserved	Unobserved	Unobserved	Unobserved	Unobserved	Unobserved	Observed	Unobserved	Unobserved	Unobserved	Unobserved	Unobserved	Unobserved	Unobserved	Unobserved	Unobserved	Unobserved	Unobserved	Unobserved	Unobserved	Unobserved	Unobserved	Unobserved	Unobserved	Observed	Unobserved	Unobserved	Unobserved	Unobserved	3	TRUE	TRUE	TRUE
10N.222.46.E12	Unobserved	Unobserved	Unobserved	Unobserved	Unobserved	Unobserved	Unobserved	Unobserved	Unobserved	Unobserved	Unobserved	Unobserved	Unobserved	Unobserved	Unobserved	Unobserved	Unobserved	Unobserved	Unobserved	Unobserved	Unobserved	Unobserved	Unobserved	Unobserved	Unobserved	Observed	Unobserved	Unobserved	Unobserved	Unobserved	Unobserved	Unobserved	Observed	Unobserved	Unobserved	Unobserved	Unobserved	Unobserved	Unobserved	Unobserved	Unobserved	Unobserved	Unobserved	Unobserved	Unobserved	Unobserved	Unobserved	Unobserved	Unobserved	Unobserved	Unobserved	Unobserved	Unobserved	Unobserved	Unobserved	Unobserved	Unobserved	Unobserved	Unobserved	Unobserved	Unobserved	Unobserved	Observed	Unobserved	Unobserved	Unobserved	Unobserved	Unobserved	Unobserved	Unobserved	Unobserved	Unobserved	Unobserved	Unobserved	Unobserved	Unobserved	Unobserved	3	TRUE	TRUE	TRUE
10N.222.46.F1	Unobserved	Unobserved	Unobserved	Unobserved	Unobserved	Unobserved	Unobserved	Unobserved	Unobserved	Unobserved	Unobserved	Unobserved	Unobserved	Unobserved	Unobserved	Unobserved	Unobserved	Observed	Unobserved	Unobserved	Unobserved	Unobserved	Unobserved	Unobserved	Unobserved	Unobserved	Unobserved	Unobserved	Unobserved	Unobserved	Unobserved	Unobserved	Unobserved	Unobserved	Unobserved	Unobserved	Unobserved	Unobserved	Unobserved	Unobserved	Unobserved	Unobserved	Unobserved	Unobserved	Unobserved	Unobserved	Unobserved	Unobserved	Unobserved	Unobserved	Unobserved	Unobserved	Unobserved	Unobserved	Unobserved	Unobserved	Unobserved	Unobserved	Unobserved	Unobserved	Unobserved	Unobserved	Unobserved	Unobserved	Unobserved	Unobserved	Unobserved	Unobserved	Unobserved	Unobserved	Unobserved	Unobserved	Unobserved	Unobserved	Unobserved	Unobserved	Unobserved	1	TRUE	FALSE	FALSE
10N.222.46.F12	Unobserved	Unobserved	Unobserved	Unobserved	Unobserved	Unobserved	Unobserved	Observed	Unobserved	Unobserved	Unobserved	Unobserved	Unobserved	Unobserved	Unobserved	Unobserved	Unobserved	Unobserved	Unobserved	Unobserved	Unobserved	Unobserved	Unobserved	Unobserved	Unobserved	Observed	Unobserved	Unobserved	Unobserved	Unobserved	Unobserved	Unobserved	Observed	Unobserved	Unobserved	Unobserved	Unobserved	Unobserved	Unobserved	Unobserved	Unobserved	Unobserved	Unobserved	Unobserved	Unobserved	Unobserved	Unobserved	Unobserved	Unobserved	Unobserved	Unobserved	Unobserved	Unobserved	Unobserved	Unobserved	Unobserved	Unobserved	Unobserved	Unobserved	Unobserved	Unobserved	Unobserved	Observed	Unobserved	Unobserved	Unobserved	Unobserved	Unobserved	Unobserved	Unobserved	Unobserved	Unobserved	Unobserved	Unobserved	Unobserved	Unobserved	Unobserved	4	TRUE	TRUE	TRUE
10N.222.49.A1	Unobserved	Unobserved	Unobserved	Unobserved	Unobserved	Unobserved	Unobserved	Unobserved	Unobserved	Unobserved	Unobserved	Unobserved	Unobserved	Unobserved	Unobserved	Unobserved	Unobserved	Unobserved	Unobserved	Unobserved	Unobserved	Unobserved	Unobserved	Unobserved	Unobserved	Unobserved	Unobserved	Unobserved	Unobserved	Unobserved	Unobserved	Unobserved	Unobserved	Unobserved	Unobserved	Unobserved	Unobserved	Unobserved	Unobserved	Unobserved	Unobserved	Unobserved	Unobserved	Unobserved	Unobserved	Unobserved	Unobserved	Unobserved	Unobserved	Unobserved	Unobserved	Unobserved	Unobserved	Unobserved	Unobserved	Unobserved	Unobserved	Unobserved	Unobserved	Unobserved	Unobserved	Unobserved	Unobserved	Unobserved	Unobserved	Unobserved	Unobserved	Unobserved	Unobserved	Unobserved	Unobserved	Unobserved	Unobserved	Unobserved	Unobserved	Unobserved	Unobserved	0	FALSE	FALSE	FALSE
10N.222.49.C11	Unobserved	Unobserved	Unobserved	Unobserved	Unobserved	Unobserved	Unobserved	Unobserved	Unobserved	Unobserved	Unobserved	Unobserved	Unobserved	Unobserved	Unobserved	Unobserved	Unobserved	Unobserved	Unobserved	Unobserved	Unobserved	Unobserved	Unobserved	Unobserved	Unobserved	Unobserved	Unobserved	Unobserved	Unobserved	Unobserved	Unobserved	Unobserved	Unobserved	Unobserved	Unobserved	Unobserved	Unobserved	Unobserved	Unobserved	Unobserved	Unobserved	Unobserved	Unobserved	Unobserved	Unobserved	Unobserved	Unobserved	Unobserved	Unobserved	Unobserved	Unobserved	Unobserved	Unobserved	Unobserved	Unobserved	Unobserved	Unobserved	Unobserved	Unobserved	Unobserved	Unobserved	Unobserved	Unobserved	Unobserved	Unobserved	Unobserved	Unobserved	Unobserved	Unobserved	Unobserved	Unobserved	Unobserved	Observed	Unobserved	Unobserved	Unobserved	Unobserved	1	TRUE	FALSE	FALSE
10N.222.51.C10	Unobserved	Unobserved	Unobserved	Unobserved	Unobserved	Unobserved	Unobserved	Unobserved	Unobserved	Unobserved	Unobserved	Unobserved	Unobserved	Unobserved	Unobserved	Unobserved	Unobserved	Unobserved	Unobserved	Unobserved	Unobserved	Unobserved	Unobserved	Unobserved	Unobserved	Unobserved	Unobserved	Unobserved	Unobserved	Unobserved	Unobserved	Unobserved	Unobserved	Unobserved	Unobserved	Unobserved	Unobserved	Unobserved	Unobserved	Unobserved	Unobserved	Unobserved	Unobserved	Unobserved	Unobserved	Unobserved	Unobserved	Unobserved	Unobserved	Unobserved	Unobserved	Unobserved	Unobserved	Unobserved	Unobserved	Unobserved	Unobserved	Unobserved	Unobserved	Unobserved	Unobserved	Unobserved	Unobserved	Unobserved	Unobserved	Unobserved	Unobserved	Unobserved	Unobserved	Unobserved	Unobserved	Unobserved	Unobserved	Unobserved	Unobserved	Unobserved	Unobserved	0	FALSE	FALSE	FALSE
10N.222.54.A10	Unobserved	Unobserved	Unobserved	Unobserved	Unobserved	Unobserved	Unobserved	Unobserved	Unobserved	Unobserved	Unobserved	Unobserved	Unobserved	Unobserved	Unobserved	Unobserved	Unobserved	Unobserved	Unobserved	Unobserved	Unobserved	Unobserved	Unobserved	Unobserved	Unobserved	Unobserved	Unobserved	Unobserved	Unobserved	Unobserved	Unobserved	Unobserved	Unobserved	Unobserved	Unobserved	Unobserved	Unobserved	Unobserved	Unobserved	Unobserved	Unobserved	Unobserved	Unobserved	Unobserved	Unobserved	Unobserved	Unobserved	Unobserved	Unobserved	Unobserved	Unobserved	Unobserved	Unobserved	Unobserved	Unobserved	Unobserved	Unobserved	Unobserved	Unobserved	Unobserved	Unobserved	Unobserved	Unobserved	Unobserved	Unobserved	Unobserved	Unobserved	Unobserved	Unobserved	Unobserved	Unobserved	Unobserved	Unobserved	Unobserved	Unobserved	Unobserved	Unobserved	0	FALSE	FALSE	FALSE
10N.222.54.A2	Unobserved	Unobserved	Unobserved	Unobserved	Unobserved	Unobserved	Unobserved	Unobserved	Unobserved	Unobserved	Unobserved	Unobserved	Unobserved	Unobserved	Unobserved	Unobserved	Unobserved	Unobserved	Unobserved	Unobserved	Unobserved	Unobserved	Unobserved	Unobserved	Unobserved	Unobserved	Unobserved	Unobserved	Unobserved	Unobserved	Unobserved	Unobserved	Unobserved	Unobserved	Unobserved	Unobserved	Unobserved	Unobserved	Unobserved	Unobserved	Unobserved	Unobserved	Unobserved	Unobserved	Unobserved	Unobserved	Unobserved	Unobserved	Unobserved	Unobserved	Unobserved	Unobserved	Unobserved	Unobserved	Unobserved	Unobserved	Unobserved	Unobserved	Unobserved	Unobserved	Unobserved	Unobserved	Unobserved	Unobserved	Unobserved	Unobserved	Unobserved	Unobserved	Unobserved	Unobserved	Unobserved	Unobserved	Unobserved	Unobserved	Unobserved	Unobserved	Unobserved	0	FALSE	FALSE	FALSE
10N.222.54.A7	Unobserved	Unobserved	Unobserved	Unobserved	Unobserved	Unobserved	Unobserved	Unobserved	Unobserved	Unobserved	Unobserved	Unobserved	Unobserved	Unobserved	Unobserved	Unobserved	Unobserved	Unobserved	Unobserved	Unobserved	Unobserved	Unobserved	Unobserved	Unobserved	Unobserved	Unobserved	Unobserved	Unobserved	Unobserved	Unobserved	Unobserved	Unobserved	Unobserved	Unobserved	Unobserved	Observed	Unobserved	Unobserved	Unobserved	Unobserved	Unobserved	Unobserved	Unobserved	Unobserved	Unobserved	Unobserved	Unobserved	Unobserved	Unobserved	Unobserved	Unobserved	Unobserved	Unobserved	Unobserved	Unobserved	Unobserved	Unobserved	Unobserved	Unobserved	Unobserved	Unobserved	Unobserved	Unobserved	Unobserved	Unobserved	Unobserved	Unobserved	Unobserved	Unobserved	Unobserved	Unobserved	Unobserved	Unobserved	Unobserved	Unobserved	Unobserved	Unobserved	1	TRUE	FALSE	FALSE
10N.222.54.B10	Unobserved	Unobserved	Unobserved	Unobserved	Unobserved	Unobserved	Unobserved	Unobserved	Unobserved	Unobserved	Unobserved	Unobserved	Unobserved	Unobserved	Unobserved	Unobserved	Unobserved	Unobserved	Unobserved	Unobserved	Unobserved	Unobserved	Unobserved	Unobserved	Unobserved	Unobserved	Unobserved	Unobserved	Unobserved	Unobserved	Unobserved	Unobserved	Unobserved	Unobserved	Unobserved	Unobserved	Unobserved	Unobserved	Unobserved	Unobserved	Unobserved	Unobserved	Unobserved	Unobserved	Unobserved	Unobserved	Unobserved	Unobserved	Unobserved	Unobserved	Unobserved	Unobserved	Unobserved	Unobserved	Unobserved	Unobserved	Unobserved	Unobserved	Unobserved	Unobserved	Unobserved	Unobserved	Unobserved	Unobserved	Unobserved	Unobserved	Unobserved	Unobserved	Unobserved	Unobserved	Unobserved	Unobserved	Unobserved	Unobserved	Unobserved	Unobserved	Unobserved	0	FALSE	FALSE	FALSE
10N.222.54.E7	Unobserved	Unobserved	Unobserved	Unobserved	Unobserved	Unobserved	Unobserved	Unobserved	Unobserved	Unobserved	Unobserved	Unobserved	Unobserved	Unobserved	Unobserved	Unobserved	Unobserved	Unobserved	Unobserved	Unobserved	Unobserved	Unobserved	Unobserved	Unobserved	Unobserved	Unobserved	Unobserved	Unobserved	Unobserved	Unobserved	Unobserved	Unobserved	Unobserved	Unobserved	Unobserved	Unobserved	Unobserved	Unobserved	Unobserved	Unobserved	Unobserved	Unobserved	Unobserved	Unobserved	Unobserved	Unobserved	Unobserved	Unobserved	Unobserved	Unobserved	Unobserved	Unobserved	Unobserved	Unobserved	Unobserved	Unobserved	Unobserved	Unobserved	Unobserved	Unobserved	Unobserved	Unobserved	Unobserved	Unobserved	Unobserved	Unobserved	Unobserved	Unobserved	Unobserved	Unobserved	Unobserved	Unobserved	Unobserved	Unobserved	Unobserved	Unobserved	Unobserved	0	FALSE	FALSE	FALSE
10N.222.54.F11	Unobserved	Unobserved	Unobserved	Unobserved	Unobserved	Unobserved	Unobserved	Unobserved	Unobserved	Unobserved	Unobserved	Unobserved	Unobserved	Unobserved	Unobserved	Unobserved	Unobserved	Unobserved	Unobserved	Unobserved	Unobserved	Unobserved	Unobserved	Unobserved	Unobserved	Unobserved	Unobserved	Unobserved	Unobserved	Unobserved	Unobserved	Unobserved	Unobserved	Unobserved	Unobserved	Unobserved	Unobserved	Unobserved	Unobserved	Unobserved	Unobserved	Unobserved	Unobserved	Unobserved	Unobserved	Unobserved	Unobserved	Unobserved	Unobserved	Unobserved	Unobserved	Unobserved	Unobserved	Unobserved	Unobserved	Unobserved	Unobserved	Unobserved	Unobserved	Unobserved	Unobserved	Unobserved	Unobserved	Observed	Unobserved	Unobserved	Unobserved	Unobserved	Unobserved	Unobserved	Unobserved	Observed	Observed	Unobserved	Unobserved	Unobserved	Unobserved	3	TRUE	TRUE	TRUE
10N.222.55.A7	Unobserved	Unobserved	Unobserved	Unobserved	Unobserved	Unobserved	Unobserved	Unobserved	Unobserved	Unobserved	Unobserved	Unobserved	Unobserved	Unobserved	Unobserved	Unobserved	Unobserved	Unobserved	Unobserved	Unobserved	Unobserved	Unobserved	Unobserved	Unobserved	Unobserved	Unobserved	Unobserved	Unobserved	Unobserved	Unobserved	Unobserved	Unobserved	Unobserved	Unobserved	Unobserved	Unobserved	Unobserved	Unobserved	Unobserved	Unobserved	Unobserved	Unobserved	Unobserved	Unobserved	Unobserved	Unobserved	Unobserved	Unobserved	Unobserved	Unobserved	Unobserved	Unobserved	Unobserved	Unobserved	Unobserved	Unobserved	Unobserved	Unobserved	Unobserved	Unobserved	Unobserved	Unobserved	Unobserved	Unobserved	Unobserved	Unobserved	Unobserved	Unobserved	Unobserved	Unobserved	Unobserved	Unobserved	Observed	Unobserved	Unobserved	Unobserved	Unobserved	1	TRUE	FALSE	FALSE
10N.222.55.C4	Unobserved	Unobserved	Unobserved	Unobserved	Unobserved	Unobserved	Unobserved	Unobserved	Unobserved	Unobserved	Unobserved	Unobserved	Unobserved	Unobserved	Unobserved	Unobserved	Unobserved	Unobserved	Unobserved	Unobserved	Unobserved	Unobserved	Unobserved	Unobserved	Unobserved	Unobserved	Unobserved	Unobserved	Unobserved	Unobserved	Unobserved	Unobserved	Unobserved	Unobserved	Unobserved	Unobserved	Unobserved	Unobserved	Unobserved	Unobserved	Unobserved	Unobserved	Unobserved	Unobserved	Unobserved	Unobserved	Unobserved	Unobserved	Unobserved	Unobserved	Unobserved	Unobserved	Unobserved	Unobserved	Unobserved	Unobserved	Unobserved	Unobserved	Unobserved	Unobserved	Unobserved	Unobserved	Unobserved	Unobserved	Unobserved	Unobserved	Unobserved	Unobserved	Unobserved	Unobserved	Unobserved	Unobserved	Unobserved	Unobserved	Unobserved	Unobserved	Unobserved	0	FALSE	FALSE	FALSE
10N.232.45.A2	Unobserved	Unobserved	Unobserved	Unobserved	Unobserved	Unobserved	Unobserved	Unobserved	Unobserved	Unobserved	Unobserved	Unobserved	Unobserved	Unobserved	Unobserved	Unobserved	Unobserved	Unobserved	Unobserved	Unobserved	Unobserved	Unobserved	Unobserved	Unobserved	Unobserved	Unobserved	Unobserved	Unobserved	Unobserved	Unobserved	Unobserved	Unobserved	Unobserved	Unobserved	Unobserved	Unobserved	Unobserved	Unobserved	Unobserved	Unobserved	Unobserved	Unobserved	Unobserved	Unobserved	Unobserved	Unobserved	Unobserved	Unobserved	Unobserved	Unobserved	Unobserved	Unobserved	Unobserved	Unobserved	Unobserved	Unobserved	Unobserved	Unobserved	Unobserved	Unobserved	Unobserved	Unobserved	Unobserved	Unobserved	Unobserved	Unobserved	Unobserved	Unobserved	Unobserved	Unobserved	Unobserved	Unobserved	Observed	Unobserved	Unobserved	Unobserved	Unobserved	1	TRUE	FALSE	FALSE
10N.232.45.A3	Unobserved	Unobserved	Unobserved	Unobserved	Unobserved	Unobserved	Unobserved	Unobserved	Unobserved	Unobserved	Unobserved	Unobserved	Unobserved	Unobserved	Unobserved	Unobserved	Unobserved	Unobserved	Unobserved	Unobserved	Unobserved	Unobserved	Unobserved	Unobserved	Unobserved	Unobserved	Unobserved	Unobserved	Unobserved	Unobserved	Unobserved	Unobserved	Unobserved	Unobserved	Unobserved	Unobserved	Unobserved	Unobserved	Unobserved	Unobserved	Unobserved	Unobserved	Unobserved	Unobserved	Unobserved	Unobserved	Unobserved	Unobserved	Unobserved	Unobserved	Unobserved	Unobserved	Unobserved	Unobserved	Unobserved	Unobserved	Unobserved	Unobserved	Unobserved	Unobserved	Unobserved	Unobserved	Unobserved	Unobserved	Unobserved	Unobserved	Unobserved	Unobserved	Unobserved	Unobserved	Unobserved	Unobserved	Unobserved	Unobserved	Unobserved	Unobserved	Unobserved	0	FALSE	FALSE	FALSE
10N.232.45.B3	Unobserved	Unobserved	Unobserved	Unobserved	Unobserved	Unobserved	Unobserved	Unobserved	Unobserved	Unobserved	Unobserved	Unobserved	Unobserved	Unobserved	Unobserved	Unobserved	Unobserved	Unobserved	Unobserved	Unobserved	Unobserved	Unobserved	Unobserved	Unobserved	Unobserved	Unobserved	Unobserved	Unobserved	Unobserved	Unobserved	Unobserved	Unobserved	Unobserved	Unobserved	Unobserved	Unobserved	Unobserved	Unobserved	Unobserved	Unobserved	Unobserved	Unobserved	Unobserved	Unobserved	Unobserved	Unobserved	Unobserved	Unobserved	Unobserved	Unobserved	Unobserved	Unobserved	Unobserved	Unobserved	Unobserved	Unobserved	Unobserved	Unobserved	Unobserved	Unobserved	Unobserved	Unobserved	Unobserved	Unobserved	Unobserved	Unobserved	Unobserved	Unobserved	Unobserved	Unobserved	Unobserved	Unobserved	Unobserved	Unobserved	Unobserved	Unobserved	Unobserved	0	FALSE	FALSE	FALSE
10N.232.45.C3	Unobserved	Unobserved	Unobserved	Unobserved	Unobserved	Unobserved	Unobserved	Unobserved	Unobserved	Unobserved	Unobserved	Unobserved	Unobserved	Unobserved	Unobserved	Unobserved	Unobserved	Unobserved	Unobserved	Unobserved	Unobserved	Unobserved	Unobserved	Unobserved	Unobserved	Unobserved	Unobserved	Unobserved	Unobserved	Unobserved	Unobserved	Unobserved	Unobserved	Unobserved	Unobserved	Unobserved	Unobserved	Unobserved	Unobserved	Unobserved	Unobserved	Unobserved	Unobserved	Unobserved	Unobserved	Unobserved	Unobserved	Unobserved	Unobserved	Unobserved	Unobserved	Unobserved	Unobserved	Unobserved	Unobserved	Unobserved	Unobserved	Unobserved	Unobserved	Unobserved	Unobserved	Unobserved	Unobserved	Unobserved	Unobserved	Unobserved	Unobserved	Unobserved	Unobserved	Unobserved	Unobserved	Unobserved	Unobserved	Unobserved	Unobserved	Unobserved	Unobserved	0	FALSE	FALSE	FALSE
10N.232.45.D1	Unobserved	Unobserved	Unobserved	Unobserved	Unobserved	Unobserved	Unobserved	Unobserved	Unobserved	Unobserved	Unobserved	Unobserved	Unobserved	Unobserved	Unobserved	Unobserved	Unobserved	Unobserved	Unobserved	Unobserved	Unobserved	Unobserved	Unobserved	Unobserved	Unobserved	Unobserved	Unobserved	Unobserved	Unobserved	Unobserved	Unobserved	Unobserved	Unobserved	Unobserved	Unobserved	Unobserved	Unobserved	Unobserved	Unobserved	Unobserved	Unobserved	Unobserved	Unobserved	Unobserved	Unobserved	Unobserved	Unobserved	Unobserved	Unobserved	Unobserved	Unobserved	Unobserved	Unobserved	Unobserved	Unobserved	Unobserved	Unobserved	Unobserved	Unobserved	Unobserved	Unobserved	Unobserved	Unobserved	Unobserved	Unobserved	Unobserved	Unobserved	Unobserved	Unobserved	Unobserved	Unobserved	Unobserved	Unobserved	Unobserved	Unobserved	Unobserved	Unobserved	0	FALSE	FALSE	FALSE
10N.232.45.D3	Unobserved	Unobserved	Unobserved	Unobserved	Unobserved	Unobserved	Unobserved	Unobserved	Unobserved	Unobserved	Unobserved	Unobserved	Unobserved	Unobserved	Unobserved	Unobserved	Unobserved	Unobserved	Unobserved	Unobserved	Unobserved	Unobserved	Unobserved	Unobserved	Unobserved	Unobserved	Unobserved	Unobserved	Unobserved	Unobserved	Unobserved	Unobserved	Unobserved	Unobserved	Unobserved	Unobserved	Unobserved	Unobserved	Unobserved	Unobserved	Unobserved	Unobserved	Unobserved	Unobserved	Unobserved	Unobserved	Unobserved	Unobserved	Unobserved	Unobserved	Unobserved	Unobserved	Unobserved	Unobserved	Unobserved	Unobserved	Unobserved	Unobserved	Unobserved	Unobserved	Unobserved	Unobserved	Unobserved	Unobserved	Unobserved	Unobserved	Unobserved	Unobserved	Unobserved	Unobserved	Unobserved	Unobserved	Unobserved	Unobserved	Unobserved	Unobserved	Unobserved	0	FALSE	FALSE	FALSE
10N.232.45.E1	Unobserved	Unobserved	Unobserved	Unobserved	Unobserved	Unobserved	Unobserved	Unobserved	Unobserved	Unobserved	Unobserved	Unobserved	Unobserved	Unobserved	Unobserved	Unobserved	Unobserved	Unobserved	Unobserved	Unobserved	Unobserved	Unobserved	Unobserved	Unobserved	Unobserved	Unobserved	Unobserved	Unobserved	Unobserved	Unobserved	Unobserved	Unobserved	Unobserved	Unobserved	Unobserved	Unobserved	Unobserved	Unobserved	Unobserved	Unobserved	Unobserved	Unobserved	Unobserved	Unobserved	Observed	Unobserved	Unobserved	Unobserved	Unobserved	Unobserved	Unobserved	Unobserved	Unobserved	Unobserved	Unobserved	Unobserved	Unobserved	Unobserved	Unobserved	Unobserved	Unobserved	Unobserved	Unobserved	Unobserved	Unobserved	Unobserved	Unobserved	Unobserved	Unobserved	Unobserved	Unobserved	Unobserved	Unobserved	Unobserved	Unobserved	Unobserved	Unobserved	1	TRUE	FALSE	FALSE
10N.232.45.E3	Unobserved	Unobserved	Unobserved	Unobserved	Unobserved	Unobserved	Unobserved	Unobserved	Unobserved	Unobserved	Unobserved	Unobserved	Unobserved	Unobserved	Unobserved	Unobserved	Unobserved	Unobserved	Unobserved	Unobserved	Unobserved	Unobserved	Unobserved	Unobserved	Unobserved	Unobserved	Unobserved	Unobserved	Unobserved	Unobserved	Unobserved	Unobserved	Unobserved	Unobserved	Unobserved	Unobserved	Unobserved	Unobserved	Unobserved	Unobserved	Unobserved	Unobserved	Unobserved	Unobserved	Unobserved	Unobserved	Unobserved	Unobserved	Unobserved	Unobserved	Unobserved	Unobserved	Unobserved	Unobserved	Unobserved	Unobserved	Unobserved	Unobserved	Unobserved	Unobserved	Unobserved	Unobserved	Unobserved	Unobserved	Unobserved	Unobserved	Unobserved	Unobserved	Unobserved	Unobserved	Unobserved	Unobserved	Unobserved	Unobserved	Unobserved	Unobserved	Unobserved	0	FALSE	FALSE	FALSE
10N.232.45.F2	Unobserved	Unobserved	Unobserved	Unobserved	Unobserved	Unobserved	Unobserved	Unobserved	Unobserved	Unobserved	Unobserved	Unobserved	Unobserved	Unobserved	Unobserved	Unobserved	Unobserved	Unobserved	Unobserved	Unobserved	Unobserved	Unobserved	Unobserved	Unobserved	Unobserved	Unobserved	Unobserved	Unobserved	Unobserved	Unobserved	Unobserved	Unobserved	Unobserved	Unobserved	Unobserved	Unobserved	Unobserved	Unobserved	Unobserved	Unobserved	Unobserved	Unobserved	Unobserved	Unobserved	Unobserved	Unobserved	Unobserved	Unobserved	Unobserved	Unobserved	Unobserved	Unobserved	Unobserved	Unobserved	Unobserved	Unobserved	Unobserved	Unobserved	Unobserved	Unobserved	Unobserved	Unobserved	Unobserved	Unobserved	Unobserved	Unobserved	Unobserved	Unobserved	Unobserved	Unobserved	Unobserved	Unobserved	Unobserved	Unobserved	Unobserved	Unobserved	Unobserved	0	FALSE	FALSE	FALSE
10N.232.45.F3	Unobserved	Unobserved	Unobserved	Unobserved	Unobserved	Unobserved	Unobserved	Unobserved	Unobserved	Unobserved	Unobserved	Unobserved	Unobserved	Unobserved	Unobserved	Unobserved	Unobserved	Unobserved	Unobserved	Unobserved	Unobserved	Unobserved	Unobserved	Unobserved	Unobserved	Unobserved	Unobserved	Unobserved	Unobserved	Unobserved	Unobserved	Unobserved	Unobserved	Unobserved	Unobserved	Observed	Unobserved	Unobserved	Unobserved	Unobserved	Unobserved	Unobserved	Unobserved	Unobserved	Unobserved	Unobserved	Unobserved	Unobserved	Unobserved	Unobserved	Unobserved	Unobserved	Unobserved	Unobserved	Unobserved	Unobserved	Unobserved	Unobserved	Unobserved	Unobserved	Unobserved	Unobserved	Unobserved	Unobserved	Unobserved	Unobserved	Unobserved	Unobserved	Unobserved	Unobserved	Unobserved	Unobserved	Unobserved	Unobserved	Unobserved	Unobserved	Unobserved	1	TRUE	FALSE	FALSE
10N.232.45.G1	Unobserved	Unobserved	Unobserved	Unobserved	Unobserved	Unobserved	Unobserved	Unobserved	Unobserved	Unobserved	Unobserved	Unobserved	Unobserved	Unobserved	Unobserved	Unobserved	Unobserved	Unobserved	Unobserved	Unobserved	Unobserved	Unobserved	Unobserved	Unobserved	Unobserved	Unobserved	Unobserved	Unobserved	Unobserved	Unobserved	Unobserved	Unobserved	Unobserved	Unobserved	Unobserved	Unobserved	Unobserved	Unobserved	Unobserved	Unobserved	Unobserved	Unobserved	Unobserved	Unobserved	Unobserved	Unobserved	Unobserved	Unobserved	Unobserved	Unobserved	Unobserved	Unobserved	Unobserved	Unobserved	Unobserved	Unobserved	Unobserved	Unobserved	Unobserved	Unobserved	Unobserved	Unobserved	Unobserved	Unobserved	Unobserved	Unobserved	Unobserved	Unobserved	Unobserved	Unobserved	Unobserved	Unobserved	Unobserved	Unobserved	Unobserved	Unobserved	Unobserved	0	FALSE	FALSE	FALSE
10N.232.45.G2	Unobserved	Unobserved	Unobserved	Unobserved	Unobserved	Unobserved	Unobserved	Unobserved	Unobserved	Unobserved	Unobserved	Unobserved	Unobserved	Unobserved	Unobserved	Unobserved	Unobserved	Unobserved	Unobserved	Unobserved	Unobserved	Unobserved	Unobserved	Unobserved	Unobserved	Unobserved	Unobserved	Unobserved	Unobserved	Unobserved	Unobserved	Unobserved	Unobserved	Unobserved	Unobserved	Unobserved	Unobserved	Unobserved	Unobserved	Unobserved	Unobserved	Unobserved	Unobserved	Unobserved	Unobserved	Unobserved	Unobserved	Unobserved	Unobserved	Unobserved	Unobserved	Unobserved	Unobserved	Unobserved	Unobserved	Unobserved	Unobserved	Unobserved	Unobserved	Unobserved	Unobserved	Unobserved	Unobserved	Unobserved	Unobserved	Unobserved	Unobserved	Unobserved	Unobserved	Unobserved	Unobserved	Unobserved	Unobserved	Unobserved	Unobserved	Unobserved	Unobserved	0	FALSE	FALSE	FALSE
10N.232.45.H2	Unobserved	Unobserved	Unobserved	Unobserved	Unobserved	Unobserved	Unobserved	Unobserved	Unobserved	Unobserved	Unobserved	Unobserved	Unobserved	Unobserved	Unobserved	Unobserved	Unobserved	Unobserved	Unobserved	Unobserved	Unobserved	Unobserved	Unobserved	Unobserved	Unobserved	Unobserved	Unobserved	Unobserved	Unobserved	Unobserved	Unobserved	Unobserved	Unobserved	Unobserved	Unobserved	Unobserved	Unobserved	Unobserved	Unobserved	Unobserved	Unobserved	Unobserved	Unobserved	Unobserved	Unobserved	Unobserved	Unobserved	Unobserved	Unobserved	Unobserved	Unobserved	Unobserved	Unobserved	Unobserved	Unobserved	Unobserved	Unobserved	Unobserved	Unobserved	Unobserved	Unobserved	Unobserved	Unobserved	Unobserved	Unobserved	Unobserved	Unobserved	Unobserved	Unobserved	Unobserved	Unobserved	Unobserved	Unobserved	Unobserved	Unobserved	Unobserved	Unobserved	0	FALSE	FALSE	FALSE
10N.232.45.H3	Unobserved	Unobserved	Unobserved	Unobserved	Unobserved	Unobserved	Unobserved	Unobserved	Unobserved	Unobserved	Unobserved	Unobserved	Unobserved	Unobserved	Unobserved	Unobserved	Unobserved	Unobserved	Unobserved	Unobserved	Unobserved	Unobserved	Unobserved	Unobserved	Unobserved	Unobserved	Unobserved	Unobserved	Unobserved	Unobserved	Unobserved	Unobserved	Unobserved	Unobserved	Unobserved	Unobserved	Unobserved	Unobserved	Unobserved	Unobserved	Unobserved	Unobserved	Unobserved	Unobserved	Unobserved	Unobserved	Unobserved	Unobserved	Unobserved	Unobserved	Unobserved	Unobserved	Unobserved	Unobserved	Unobserved	Unobserved	Unobserved	Unobserved	Unobserved	Unobserved	Unobserved	Unobserved	Unobserved	Unobserved	Unobserved	Unobserved	Unobserved	Unobserved	Unobserved	Unobserved	Unobserved	Unobserved	Unobserved	Unobserved	Unobserved	Unobserved	Unobserved	0	FALSE	FALSE	FALSE
10N.232.46.A2	Unobserved	Unobserved	Unobserved	Unobserved	Unobserved	Unobserved	Unobserved	Unobserved	Unobserved	Unobserved	Unobserved	Unobserved	Unobserved	Unobserved	Unobserved	Unobserved	Unobserved	Unobserved	Unobserved	Unobserved	Unobserved	Unobserved	Unobserved	Unobserved	Unobserved	Unobserved	Unobserved	Unobserved	Unobserved	Unobserved	Unobserved	Unobserved	Unobserved	Unobserved	Unobserved	Observed	Unobserved	Unobserved	Unobserved	Unobserved	Unobserved	Unobserved	Unobserved	Unobserved	Unobserved	Unobserved	Unobserved	Unobserved	Unobserved	Unobserved	Unobserved	Unobserved	Unobserved	Unobserved	Unobserved	Unobserved	Unobserved	Unobserved	Unobserved	Unobserved	Unobserved	Unobserved	Unobserved	Unobserved	Unobserved	Unobserved	Unobserved	Unobserved	Unobserved	Unobserved	Unobserved	Unobserved	Unobserved	Unobserved	Unobserved	Unobserved	Unobserved	1	TRUE	FALSE	FALSE
10N.232.46.A3	Unobserved	Unobserved	Unobserved	Unobserved	Unobserved	Unobserved	Unobserved	Unobserved	Unobserved	Unobserved	Unobserved	Unobserved	Unobserved	Unobserved	Unobserved	Unobserved	Unobserved	Unobserved	Unobserved	Unobserved	Unobserved	Unobserved	Unobserved	Unobserved	Unobserved	Unobserved	Unobserved	Unobserved	Unobserved	Unobserved	Unobserved	Unobserved	Unobserved	Unobserved	Unobserved	Observed	Observed	Unobserved	Unobserved	Unobserved	Unobserved	Unobserved	Unobserved	Unobserved	Unobserved	Unobserved	Unobserved	Unobserved	Unobserved	Unobserved	Unobserved	Unobserved	Unobserved	Unobserved	Unobserved	Unobserved	Unobserved	Unobserved	Unobserved	Unobserved	Unobserved	Unobserved	Unobserved	Unobserved	Unobserved	Unobserved	Unobserved	Unobserved	Unobserved	Unobserved	Unobserved	Unobserved	Observed	Unobserved	Unobserved	Unobserved	Unobserved	3	TRUE	TRUE	TRUE
10N.232.46.B2	Unobserved	Unobserved	Unobserved	Unobserved	Unobserved	Unobserved	Unobserved	Unobserved	Unobserved	Unobserved	Unobserved	Unobserved	Unobserved	Unobserved	Unobserved	Unobserved	Unobserved	Unobserved	Unobserved	Unobserved	Unobserved	Unobserved	Unobserved	Unobserved	Unobserved	Unobserved	Unobserved	Unobserved	Unobserved	Unobserved	Unobserved	Unobserved	Unobserved	Unobserved	Unobserved	Unobserved	Unobserved	Unobserved	Unobserved	Unobserved	Unobserved	Unobserved	Unobserved	Unobserved	Unobserved	Unobserved	Unobserved	Unobserved	Unobserved	Unobserved	Unobserved	Unobserved	Unobserved	Unobserved	Unobserved	Unobserved	Unobserved	Unobserved	Unobserved	Unobserved	Unobserved	Unobserved	Unobserved	Unobserved	Unobserved	Unobserved	Unobserved	Unobserved	Unobserved	Unobserved	Unobserved	Unobserved	Unobserved	Unobserved	Unobserved	Unobserved	Unobserved	0	FALSE	FALSE	FALSE
10N.232.46.C2	Unobserved	Unobserved	Unobserved	Unobserved	Unobserved	Unobserved	Unobserved	Unobserved	Unobserved	Unobserved	Unobserved	Unobserved	Unobserved	Unobserved	Unobserved	Unobserved	Unobserved	Unobserved	Unobserved	Unobserved	Unobserved	Unobserved	Unobserved	Unobserved	Unobserved	Unobserved	Unobserved	Unobserved	Unobserved	Unobserved	Unobserved	Unobserved	Unobserved	Unobserved	Unobserved	Observed	Unobserved	Unobserved	Unobserved	Unobserved	Unobserved	Unobserved	Unobserved	Unobserved	Unobserved	Unobserved	Unobserved	Unobserved	Unobserved	Unobserved	Unobserved	Unobserved	Unobserved	Unobserved	Unobserved	Unobserved	Unobserved	Unobserved	Unobserved	Unobserved	Unobserved	Unobserved	Unobserved	Unobserved	Unobserved	Unobserved	Unobserved	Unobserved	Unobserved	Unobserved	Unobserved	Unobserved	Unobserved	Unobserved	Unobserved	Unobserved	Unobserved	1	TRUE	FALSE	FALSE
10N.232.46.D2	Unobserved	Unobserved	Unobserved	Unobserved	Unobserved	Unobserved	Unobserved	Unobserved	Unobserved	Unobserved	Unobserved	Unobserved	Unobserved	Unobserved	Unobserved	Unobserved	Unobserved	Unobserved	Unobserved	Unobserved	Unobserved	Unobserved	Unobserved	Unobserved	Unobserved	Unobserved	Unobserved	Unobserved	Unobserved	Unobserved	Unobserved	Unobserved	Unobserved	Unobserved	Unobserved	Unobserved	Unobserved	Unobserved	Unobserved	Unobserved	Unobserved	Unobserved	Unobserved	Unobserved	Unobserved	Unobserved	Unobserved	Unobserved	Unobserved	Unobserved	Unobserved	Unobserved	Unobserved	Unobserved	Unobserved	Unobserved	Unobserved	Unobserved	Unobserved	Unobserved	Unobserved	Unobserved	Unobserved	Unobserved	Unobserved	Unobserved	Unobserved	Unobserved	Unobserved	Unobserved	Unobserved	Unobserved	Unobserved	Unobserved	Unobserved	Unobserved	Unobserved	0	FALSE	FALSE	FALSE
10N.232.46.E4	Unobserved	Unobserved	Unobserved	Unobserved	Unobserved	Unobserved	Unobserved	Unobserved	Unobserved	Unobserved	Unobserved	Unobserved	Unobserved	Unobserved	Unobserved	Unobserved	Unobserved	Unobserved	Unobserved	Unobserved	Unobserved	Unobserved	Unobserved	Unobserved	Unobserved	Unobserved	Unobserved	Unobserved	Unobserved	Unobserved	Unobserved	Unobserved	Unobserved	Unobserved	Unobserved	Unobserved	Unobserved	Unobserved	Unobserved	Unobserved	Unobserved	Unobserved	Unobserved	Unobserved	Unobserved	Unobserved	Unobserved	Unobserved	Unobserved	Unobserved	Unobserved	Unobserved	Unobserved	Unobserved	Unobserved	Unobserved	Unobserved	Unobserved	Unobserved	Unobserved	Unobserved	Unobserved	Unobserved	Unobserved	Unobserved	Unobserved	Unobserved	Unobserved	Unobserved	Unobserved	Unobserved	Unobserved	Unobserved	Unobserved	Unobserved	Unobserved	Unobserved	0	FALSE	FALSE	FALSE
10N.232.46.F1	Unobserved	Unobserved	Unobserved	Unobserved	Unobserved	Unobserved	Unobserved	Unobserved	Unobserved	Unobserved	Unobserved	Unobserved	Unobserved	Unobserved	Unobserved	Unobserved	Unobserved	Unobserved	Unobserved	Unobserved	Unobserved	Unobserved	Unobserved	Unobserved	Unobserved	Unobserved	Unobserved	Unobserved	Unobserved	Unobserved	Unobserved	Unobserved	Unobserved	Unobserved	Unobserved	Observed	Unobserved	Unobserved	Unobserved	Unobserved	Unobserved	Unobserved	Unobserved	Unobserved	Unobserved	Unobserved	Unobserved	Unobserved	Unobserved	Unobserved	Unobserved	Unobserved	Unobserved	Unobserved	Unobserved	Unobserved	Unobserved	Unobserved	Unobserved	Unobserved	Unobserved	Unobserved	Unobserved	Unobserved	Unobserved	Unobserved	Unobserved	Unobserved	Unobserved	Unobserved	Unobserved	Unobserved	Unobserved	Unobserved	Unobserved	Unobserved	Unobserved	1	TRUE	FALSE	FALSE
10N.232.46.F2	Unobserved	Unobserved	Unobserved	Unobserved	Unobserved	Unobserved	Unobserved	Unobserved	Unobserved	Unobserved	Unobserved	Unobserved	Unobserved	Unobserved	Unobserved	Unobserved	Unobserved	Unobserved	Unobserved	Unobserved	Unobserved	Unobserved	Unobserved	Unobserved	Unobserved	Unobserved	Unobserved	Unobserved	Unobserved	Unobserved	Unobserved	Unobserved	Unobserved	Unobserved	Unobserved	Unobserved	Unobserved	Unobserved	Unobserved	Unobserved	Unobserved	Unobserved	Unobserved	Unobserved	Unobserved	Unobserved	Unobserved	Unobserved	Unobserved	Unobserved	Unobserved	Unobserved	Unobserved	Unobserved	Unobserved	Unobserved	Unobserved	Unobserved	Unobserved	Unobserved	Unobserved	Unobserved	Unobserved	Unobserved	Unobserved	Unobserved	Unobserved	Unobserved	Unobserved	Unobserved	Unobserved	Unobserved	Unobserved	Unobserved	Unobserved	Unobserved	Unobserved	0	FALSE	FALSE	FALSE
10N.232.46.G1	Unobserved	Unobserved	Unobserved	Unobserved	Unobserved	Unobserved	Unobserved	Unobserved	Unobserved	Unobserved	Unobserved	Unobserved	Unobserved	Unobserved	Unobserved	Unobserved	Unobserved	Unobserved	Unobserved	Unobserved	Unobserved	Unobserved	Unobserved	Unobserved	Unobserved	Unobserved	Unobserved	Unobserved	Unobserved	Unobserved	Unobserved	Unobserved	Unobserved	Unobserved	Unobserved	Observed	Unobserved	Unobserved	Unobserved	Unobserved	Unobserved	Unobserved	Unobserved	Unobserved	Unobserved	Unobserved	Unobserved	Unobserved	Unobserved	Unobserved	Unobserved	Unobserved	Unobserved	Unobserved	Unobserved	Unobserved	Unobserved	Unobserved	Unobserved	Unobserved	Unobserved	Unobserved	Unobserved	Unobserved	Unobserved	Unobserved	Unobserved	Unobserved	Unobserved	Unobserved	Unobserved	Unobserved	Unobserved	Unobserved	Unobserved	Unobserved	Unobserved	1	TRUE	FALSE	FALSE
10N.232.46.H1	Unobserved	Unobserved	Unobserved	Unobserved	Unobserved	Unobserved	Unobserved	Unobserved	Unobserved	Unobserved	Unobserved	Unobserved	Unobserved	Unobserved	Unobserved	Unobserved	Unobserved	Unobserved	Unobserved	Unobserved	Unobserved	Unobserved	Unobserved	Unobserved	Unobserved	Unobserved	Unobserved	Unobserved	Unobserved	Unobserved	Unobserved	Unobserved	Unobserved	Unobserved	Unobserved	Unobserved	Unobserved	Unobserved	Unobserved	Unobserved	Unobserved	Unobserved	Unobserved	Unobserved	Unobserved	Unobserved	Unobserved	Unobserved	Unobserved	Unobserved	Unobserved	Unobserved	Unobserved	Unobserved	Unobserved	Unobserved	Unobserved	Unobserved	Unobserved	Unobserved	Unobserved	Unobserved	Unobserved	Unobserved	Unobserved	Unobserved	Unobserved	Unobserved	Unobserved	Unobserved	Unobserved	Unobserved	Unobserved	Unobserved	Unobserved	Unobserved	Unobserved	0	FALSE	FALSE	FALSE
10N.232.46.H2	Unobserved	Unobserved	Unobserved	Unobserved	Unobserved	Unobserved	Unobserved	Unobserved	Unobserved	Unobserved	Unobserved	Unobserved	Unobserved	Unobserved	Unobserved	Unobserved	Unobserved	Unobserved	Unobserved	Unobserved	Unobserved	Unobserved	Unobserved	Unobserved	Unobserved	Unobserved	Unobserved	Unobserved	Unobserved	Unobserved	Unobserved	Unobserved	Unobserved	Unobserved	Unobserved	Unobserved	Unobserved	Unobserved	Unobserved	Unobserved	Unobserved	Unobserved	Unobserved	Unobserved	Unobserved	Unobserved	Unobserved	Unobserved	Unobserved	Unobserved	Unobserved	Unobserved	Unobserved	Unobserved	Unobserved	Unobserved	Unobserved	Unobserved	Unobserved	Unobserved	Unobserved	Unobserved	Unobserved	Unobserved	Unobserved	Unobserved	Unobserved	Unobserved	Unobserved	Unobserved	Unobserved	Unobserved	Unobserved	Unobserved	Unobserved	Unobserved	Unobserved	0	FALSE	FALSE	FALSE
10N.236.45.B12	Unobserved	Unobserved	Unobserved	Unobserved	Unobserved	Unobserved	Unobserved	Unobserved	Unobserved	Unobserved	Unobserved	Unobserved	Unobserved	Unobserved	Unobserved	Unobserved	Unobserved	Unobserved	Unobserved	Unobserved	Unobserved	Unobserved	Unobserved	Unobserved	Unobserved	Unobserved	Unobserved	Unobserved	Unobserved	Unobserved	Unobserved	Unobserved	Unobserved	Unobserved	Unobserved	Unobserved	Unobserved	Unobserved	Unobserved	Unobserved	Unobserved	Unobserved	Unobserved	Unobserved	Unobserved	Unobserved	Unobserved	Unobserved	Unobserved	Unobserved	Unobserved	Unobserved	Unobserved	Unobserved	Unobserved	Unobserved	Unobserved	Unobserved	Unobserved	Unobserved	Unobserved	Unobserved	Unobserved	Unobserved	Unobserved	Unobserved	Unobserved	Unobserved	Unobserved	Unobserved	Unobserved	Unobserved	Unobserved	Unobserved	Unobserved	Unobserved	Unobserved	0	FALSE	FALSE	FALSE
10N.236.45.C12	Unobserved	Unobserved	Unobserved	Unobserved	Unobserved	Unobserved	Unobserved	Unobserved	Unobserved	Unobserved	Unobserved	Unobserved	Unobserved	Unobserved	Unobserved	Unobserved	Unobserved	Unobserved	Unobserved	Unobserved	Unobserved	Unobserved	Unobserved	Unobserved	Unobserved	Unobserved	Unobserved	Unobserved	Unobserved	Unobserved	Unobserved	Unobserved	Unobserved	Unobserved	Unobserved	Unobserved	Unobserved	Unobserved	Unobserved	Unobserved	Unobserved	Unobserved	Unobserved	Unobserved	Unobserved	Unobserved	Unobserved	Unobserved	Unobserved	Unobserved	Unobserved	Unobserved	Unobserved	Unobserved	Unobserved	Unobserved	Unobserved	Unobserved	Unobserved	Unobserved	Unobserved	Unobserved	Unobserved	Unobserved	Unobserved	Unobserved	Unobserved	Unobserved	Unobserved	Unobserved	Unobserved	Unobserved	Observed	Unobserved	Unobserved	Unobserved	Unobserved	1	TRUE	FALSE	FALSE
10N.236.45.E12	Unobserved	Unobserved	Unobserved	Unobserved	Unobserved	Unobserved	Unobserved	Unobserved	Unobserved	Unobserved	Unobserved	Unobserved	Unobserved	Unobserved	Unobserved	Unobserved	Unobserved	Unobserved	Unobserved	Unobserved	Unobserved	Unobserved	Unobserved	Unobserved	Unobserved	Unobserved	Unobserved	Unobserved	Unobserved	Unobserved	Unobserved	Unobserved	Unobserved	Unobserved	Unobserved	Unobserved	Unobserved	Unobserved	Unobserved	Unobserved	Unobserved	Unobserved	Unobserved	Unobserved	Unobserved	Unobserved	Unobserved	Unobserved	Unobserved	Unobserved	Unobserved	Unobserved	Unobserved	Unobserved	Unobserved	Unobserved	Unobserved	Unobserved	Unobserved	Unobserved	Unobserved	Unobserved	Unobserved	Unobserved	Unobserved	Unobserved	Unobserved	Unobserved	Unobserved	Unobserved	Unobserved	Unobserved	Unobserved	Unobserved	Unobserved	Unobserved	Unobserved	0	FALSE	FALSE	FALSE
10N.236.45.F12	Unobserved	Unobserved	Unobserved	Unobserved	Unobserved	Unobserved	Unobserved	Unobserved	Unobserved	Unobserved	Unobserved	Unobserved	Unobserved	Unobserved	Unobserved	Unobserved	Unobserved	Unobserved	Unobserved	Unobserved	Unobserved	Unobserved	Unobserved	Unobserved	Unobserved	Unobserved	Unobserved	Unobserved	Unobserved	Unobserved	Unobserved	Unobserved	Unobserved	Unobserved	Unobserved	Unobserved	Unobserved	Unobserved	Unobserved	Unobserved	Unobserved	Unobserved	Unobserved	Unobserved	Unobserved	Unobserved	Unobserved	Unobserved	Unobserved	Unobserved	Unobserved	Unobserved	Unobserved	Unobserved	Unobserved	Unobserved	Unobserved	Unobserved	Unobserved	Unobserved	Unobserved	Unobserved	Unobserved	Unobserved	Unobserved	Unobserved	Unobserved	Unobserved	Unobserved	Unobserved	Unobserved	Unobserved	Unobserved	Unobserved	Unobserved	Unobserved	Unobserved	0	FALSE	FALSE	FALSE
10N.236.46.C1	Unobserved	Unobserved	Unobserved	Unobserved	Unobserved	Unobserved	Unobserved	Unobserved	Unobserved	Unobserved	Unobserved	Unobserved	Unobserved	Unobserved	Unobserved	Unobserved	Unobserved	Unobserved	Unobserved	Unobserved	Unobserved	Unobserved	Unobserved	Unobserved	Unobserved	Unobserved	Unobserved	Unobserved	Unobserved	Unobserved	Unobserved	Observed	Unobserved	Unobserved	Unobserved	Unobserved	Unobserved	Unobserved	Unobserved	Unobserved	Unobserved	Observed	Unobserved	Unobserved	Unobserved	Unobserved	Unobserved	Unobserved	Unobserved	Unobserved	Unobserved	Unobserved	Unobserved	Unobserved	Unobserved	Unobserved	Unobserved	Unobserved	Unobserved	Unobserved	Unobserved	Unobserved	Unobserved	Unobserved	Unobserved	Unobserved	Unobserved	Unobserved	Unobserved	Unobserved	Unobserved	Unobserved	Unobserved	Unobserved	Unobserved	Unobserved	Unobserved	2	TRUE	TRUE	FALSE
10N.236.46.C2	Unobserved	Unobserved	Unobserved	Observed	Unobserved	Unobserved	Unobserved	Unobserved	Unobserved	Unobserved	Unobserved	Unobserved	Unobserved	Observed	Unobserved	Unobserved	Unobserved	Unobserved	Unobserved	Unobserved	Unobserved	Unobserved	Unobserved	Unobserved	Unobserved	Unobserved	Unobserved	Unobserved	Unobserved	Unobserved	Unobserved	Unobserved	Unobserved	Unobserved	Unobserved	Unobserved	Unobserved	Unobserved	Unobserved	Unobserved	Unobserved	Unobserved	Unobserved	Unobserved	Unobserved	Unobserved	Unobserved	Unobserved	Unobserved	Unobserved	Unobserved	Unobserved	Unobserved	Unobserved	Unobserved	Unobserved	Unobserved	Unobserved	Unobserved	Unobserved	Unobserved	Unobserved	Unobserved	Unobserved	Unobserved	Unobserved	Unobserved	Unobserved	Unobserved	Unobserved	Unobserved	Unobserved	Unobserved	Unobserved	Unobserved	Unobserved	Unobserved	2	TRUE	TRUE	FALSE
10N.236.46.D2	Unobserved	Unobserved	Unobserved	Unobserved	Unobserved	Unobserved	Unobserved	Unobserved	Unobserved	Unobserved	Unobserved	Unobserved	Unobserved	Unobserved	Unobserved	Unobserved	Unobserved	Unobserved	Unobserved	Unobserved	Unobserved	Unobserved	Unobserved	Observed	Unobserved	Unobserved	Unobserved	Unobserved	Unobserved	Unobserved	Unobserved	Unobserved	Unobserved	Unobserved	Unobserved	Observed	Unobserved	Unobserved	Unobserved	Unobserved	Unobserved	Unobserved	Unobserved	Unobserved	Unobserved	Unobserved	Unobserved	Unobserved	Unobserved	Unobserved	Unobserved	Unobserved	Observed	Unobserved	Unobserved	Unobserved	Unobserved	Unobserved	Unobserved	Unobserved	Unobserved	Unobserved	Unobserved	Unobserved	Unobserved	Unobserved	Unobserved	Unobserved	Unobserved	Unobserved	Unobserved	Unobserved	Observed	Unobserved	Unobserved	Unobserved	Unobserved	4	TRUE	TRUE	TRUE
10N.236.46.E2	Unobserved	Unobserved	Unobserved	Unobserved	Unobserved	Unobserved	Unobserved	Unobserved	Unobserved	Unobserved	Unobserved	Unobserved	Unobserved	Unobserved	Unobserved	Unobserved	Unobserved	Unobserved	Unobserved	Unobserved	Unobserved	Unobserved	Unobserved	Unobserved	Unobserved	Unobserved	Unobserved	Unobserved	Unobserved	Unobserved	Unobserved	Unobserved	Unobserved	Unobserved	Unobserved	Unobserved	Unobserved	Unobserved	Unobserved	Unobserved	Unobserved	Unobserved	Unobserved	Unobserved	Unobserved	Unobserved	Unobserved	Unobserved	Unobserved	Unobserved	Unobserved	Unobserved	Unobserved	Unobserved	Unobserved	Unobserved	Unobserved	Unobserved	Unobserved	Unobserved	Unobserved	Unobserved	Unobserved	Unobserved	Unobserved	Unobserved	Unobserved	Unobserved	Unobserved	Unobserved	Unobserved	Unobserved	Unobserved	Unobserved	Unobserved	Unobserved	Unobserved	0	FALSE	FALSE	FALSE
10N.236.46.F1	Unobserved	Unobserved	Unobserved	Unobserved	Unobserved	Unobserved	Unobserved	Unobserved	Unobserved	Unobserved	Unobserved	Unobserved	Unobserved	Unobserved	Unobserved	Unobserved	Unobserved	Unobserved	Unobserved	Unobserved	Unobserved	Unobserved	Unobserved	Unobserved	Unobserved	Unobserved	Unobserved	Unobserved	Unobserved	Unobserved	Unobserved	Unobserved	Unobserved	Unobserved	Unobserved	Unobserved	Unobserved	Unobserved	Unobserved	Unobserved	Unobserved	Unobserved	Unobserved	Unobserved	Unobserved	Unobserved	Unobserved	Unobserved	Unobserved	Unobserved	Unobserved	Unobserved	Unobserved	Unobserved	Unobserved	Unobserved	Unobserved	Unobserved	Unobserved	Unobserved	Unobserved	Unobserved	Unobserved	Unobserved	Unobserved	Unobserved	Unobserved	Unobserved	Unobserved	Unobserved	Unobserved	Unobserved	Observed	Unobserved	Unobserved	Unobserved	Unobserved	1	TRUE	FALSE	FALSE
10N.236.46.F2	Unobserved	Unobserved	Unobserved	Unobserved	Unobserved	Unobserved	Unobserved	Unobserved	Unobserved	Unobserved	Unobserved	Unobserved	Unobserved	Unobserved	Unobserved	Unobserved	Unobserved	Unobserved	Unobserved	Unobserved	Unobserved	Unobserved	Unobserved	Unobserved	Unobserved	Unobserved	Unobserved	Unobserved	Unobserved	Unobserved	Unobserved	Unobserved	Unobserved	Unobserved	Unobserved	Unobserved	Unobserved	Unobserved	Unobserved	Unobserved	Unobserved	Unobserved	Unobserved	Unobserved	Unobserved	Unobserved	Unobserved	Unobserved	Unobserved	Unobserved	Unobserved	Unobserved	Unobserved	Unobserved	Unobserved	Unobserved	Unobserved	Unobserved	Unobserved	Unobserved	Unobserved	Unobserved	Unobserved	Unobserved	Unobserved	Unobserved	Unobserved	Unobserved	Unobserved	Unobserved	Unobserved	Unobserved	Unobserved	Unobserved	Unobserved	Unobserved	Unobserved	0	FALSE	FALSE	FALSE
10N.236.46.H1	Unobserved	Unobserved	Unobserved	Unobserved	Unobserved	Unobserved	Unobserved	Unobserved	Unobserved	Unobserved	Unobserved	Unobserved	Unobserved	Unobserved	Observed	Unobserved	Unobserved	Unobserved	Unobserved	Unobserved	Unobserved	Unobserved	Unobserved	Unobserved	Unobserved	Unobserved	Unobserved	Unobserved	Unobserved	Unobserved	Unobserved	Unobserved	Unobserved	Unobserved	Unobserved	Unobserved	Unobserved	Unobserved	Unobserved	Unobserved	Unobserved	Unobserved	Unobserved	Unobserved	Unobserved	Unobserved	Unobserved	Unobserved	Unobserved	Unobserved	Unobserved	Unobserved	Unobserved	Unobserved	Unobserved	Unobserved	Unobserved	Unobserved	Unobserved	Unobserved	Unobserved	Unobserved	Unobserved	Unobserved	Unobserved	Unobserved	Unobserved	Unobserved	Unobserved	Unobserved	Unobserved	Unobserved	Observed	Unobserved	Unobserved	Unobserved	Unobserved	2	TRUE	TRUE	FALSE
10N.236.47.A10	Unobserved	Unobserved	Unobserved	Unobserved	Unobserved	Unobserved	Unobserved	Unobserved	Unobserved	Unobserved	Unobserved	Unobserved	Unobserved	Unobserved	Unobserved	Unobserved	Unobserved	Unobserved	Unobserved	Unobserved	Unobserved	Unobserved	Unobserved	Unobserved	Unobserved	Unobserved	Unobserved	Unobserved	Unobserved	Unobserved	Unobserved	Unobserved	Unobserved	Unobserved	Unobserved	Unobserved	Unobserved	Unobserved	Unobserved	Unobserved	Unobserved	Unobserved	Unobserved	Unobserved	Unobserved	Unobserved	Unobserved	Unobserved	Unobserved	Unobserved	Unobserved	Unobserved	Unobserved	Unobserved	Unobserved	Unobserved	Unobserved	Unobserved	Unobserved	Unobserved	Unobserved	Unobserved	Unobserved	Unobserved	Unobserved	Unobserved	Unobserved	Unobserved	Unobserved	Unobserved	Unobserved	Unobserved	Unobserved	Unobserved	Unobserved	Unobserved	Unobserved	0	FALSE	FALSE	FALSE
10N.236.47.B10	Unobserved	Unobserved	Unobserved	Unobserved	Unobserved	Unobserved	Unobserved	Unobserved	Unobserved	Unobserved	Unobserved	Unobserved	Unobserved	Unobserved	Unobserved	Unobserved	Unobserved	Observed	Unobserved	Unobserved	Unobserved	Unobserved	Unobserved	Unobserved	Unobserved	Unobserved	Unobserved	Unobserved	Unobserved	Unobserved	Unobserved	Unobserved	Unobserved	Unobserved	Unobserved	Unobserved	Unobserved	Unobserved	Unobserved	Unobserved	Unobserved	Unobserved	Unobserved	Unobserved	Unobserved	Unobserved	Unobserved	Unobserved	Unobserved	Unobserved	Unobserved	Unobserved	Unobserved	Observed	Unobserved	Unobserved	Unobserved	Unobserved	Unobserved	Unobserved	Unobserved	Unobserved	Unobserved	Unobserved	Unobserved	Unobserved	Unobserved	Unobserved	Unobserved	Unobserved	Unobserved	Unobserved	Unobserved	Unobserved	Unobserved	Unobserved	Unobserved	2	TRUE	TRUE	FALSE
10N.236.47.B11	Unobserved	Unobserved	Unobserved	Unobserved	Unobserved	Observed	Unobserved	Unobserved	Unobserved	Unobserved	Unobserved	Unobserved	Unobserved	Unobserved	Unobserved	Unobserved	Unobserved	Unobserved	Unobserved	Unobserved	Unobserved	Unobserved	Unobserved	Unobserved	Unobserved	Unobserved	Unobserved	Unobserved	Unobserved	Unobserved	Unobserved	Unobserved	Unobserved	Unobserved	Unobserved	Unobserved	Unobserved	Unobserved	Unobserved	Unobserved	Unobserved	Unobserved	Unobserved	Unobserved	Unobserved	Unobserved	Unobserved	Unobserved	Unobserved	Unobserved	Unobserved	Unobserved	Unobserved	Unobserved	Unobserved	Unobserved	Unobserved	Unobserved	Unobserved	Unobserved	Unobserved	Unobserved	Unobserved	Unobserved	Unobserved	Unobserved	Unobserved	Unobserved	Unobserved	Unobserved	Unobserved	Unobserved	Observed	Unobserved	Unobserved	Unobserved	Unobserved	2	TRUE	TRUE	FALSE
10N.236.47.B8	Unobserved	Unobserved	Unobserved	Unobserved	Unobserved	Unobserved	Unobserved	Unobserved	Unobserved	Unobserved	Unobserved	Unobserved	Unobserved	Unobserved	Unobserved	Unobserved	Unobserved	Unobserved	Unobserved	Unobserved	Unobserved	Unobserved	Unobserved	Unobserved	Unobserved	Unobserved	Unobserved	Unobserved	Unobserved	Unobserved	Unobserved	Unobserved	Unobserved	Unobserved	Unobserved	Observed	Unobserved	Unobserved	Unobserved	Unobserved	Unobserved	Unobserved	Unobserved	Unobserved	Unobserved	Unobserved	Unobserved	Unobserved	Unobserved	Unobserved	Unobserved	Unobserved	Unobserved	Unobserved	Unobserved	Unobserved	Unobserved	Unobserved	Unobserved	Unobserved	Unobserved	Unobserved	Unobserved	Unobserved	Unobserved	Unobserved	Unobserved	Unobserved	Unobserved	Unobserved	Unobserved	Unobserved	Unobserved	Unobserved	Unobserved	Unobserved	Unobserved	1	TRUE	FALSE	FALSE
10N.236.47.C10	Unobserved	Unobserved	Unobserved	Unobserved	Unobserved	Unobserved	Unobserved	Unobserved	Unobserved	Unobserved	Unobserved	Unobserved	Unobserved	Unobserved	Unobserved	Unobserved	Unobserved	Unobserved	Unobserved	Unobserved	Unobserved	Unobserved	Unobserved	Unobserved	Unobserved	Unobserved	Unobserved	Unobserved	Unobserved	Unobserved	Unobserved	Unobserved	Unobserved	Unobserved	Unobserved	Unobserved	Unobserved	Unobserved	Unobserved	Unobserved	Unobserved	Unobserved	Unobserved	Unobserved	Unobserved	Unobserved	Unobserved	Unobserved	Unobserved	Unobserved	Unobserved	Unobserved	Unobserved	Unobserved	Unobserved	Unobserved	Unobserved	Unobserved	Unobserved	Unobserved	Unobserved	Unobserved	Unobserved	Unobserved	Unobserved	Unobserved	Unobserved	Unobserved	Unobserved	Unobserved	Unobserved	Unobserved	Unobserved	Unobserved	Unobserved	Unobserved	Unobserved	0	FALSE	FALSE	FALSE
10N.236.47.C8	Unobserved	Unobserved	Unobserved	Unobserved	Unobserved	Unobserved	Unobserved	Unobserved	Unobserved	Unobserved	Unobserved	Unobserved	Unobserved	Unobserved	Unobserved	Unobserved	Unobserved	Unobserved	Unobserved	Unobserved	Unobserved	Unobserved	Unobserved	Unobserved	Unobserved	Unobserved	Unobserved	Unobserved	Unobserved	Unobserved	Unobserved	Unobserved	Unobserved	Unobserved	Unobserved	Unobserved	Unobserved	Unobserved	Unobserved	Unobserved	Unobserved	Unobserved	Unobserved	Unobserved	Unobserved	Unobserved	Unobserved	Unobserved	Unobserved	Unobserved	Unobserved	Unobserved	Unobserved	Unobserved	Unobserved	Unobserved	Unobserved	Unobserved	Unobserved	Unobserved	Unobserved	Unobserved	Unobserved	Unobserved	Unobserved	Unobserved	Unobserved	Unobserved	Unobserved	Unobserved	Unobserved	Unobserved	Unobserved	Unobserved	Unobserved	Unobserved	Unobserved	0	FALSE	FALSE	FALSE
10N.236.47.C9	Unobserved	Unobserved	Unobserved	Unobserved	Unobserved	Unobserved	Unobserved	Unobserved	Unobserved	Unobserved	Unobserved	Unobserved	Unobserved	Unobserved	Unobserved	Unobserved	Unobserved	Unobserved	Unobserved	Unobserved	Unobserved	Unobserved	Unobserved	Unobserved	Unobserved	Unobserved	Unobserved	Unobserved	Unobserved	Unobserved	Unobserved	Unobserved	Unobserved	Unobserved	Unobserved	Observed	Unobserved	Unobserved	Unobserved	Unobserved	Unobserved	Unobserved	Unobserved	Unobserved	Unobserved	Unobserved	Unobserved	Unobserved	Unobserved	Unobserved	Unobserved	Unobserved	Unobserved	Unobserved	Unobserved	Unobserved	Unobserved	Unobserved	Unobserved	Unobserved	Unobserved	Unobserved	Unobserved	Unobserved	Unobserved	Unobserved	Unobserved	Unobserved	Unobserved	Unobserved	Unobserved	Unobserved	Unobserved	Unobserved	Unobserved	Unobserved	Unobserved	1	TRUE	FALSE	FALSE
10N.236.47.D8	Unobserved	Unobserved	Unobserved	Unobserved	Unobserved	Unobserved	Unobserved	Unobserved	Unobserved	Unobserved	Unobserved	Unobserved	Unobserved	Unobserved	Unobserved	Unobserved	Unobserved	Unobserved	Unobserved	Unobserved	Unobserved	Unobserved	Unobserved	Unobserved	Unobserved	Unobserved	Unobserved	Unobserved	Unobserved	Unobserved	Unobserved	Unobserved	Unobserved	Unobserved	Unobserved	Unobserved	Unobserved	Unobserved	Unobserved	Unobserved	Unobserved	Unobserved	Unobserved	Unobserved	Unobserved	Unobserved	Unobserved	Unobserved	Unobserved	Unobserved	Unobserved	Unobserved	Unobserved	Unobserved	Unobserved	Unobserved	Unobserved	Unobserved	Unobserved	Unobserved	Unobserved	Unobserved	Unobserved	Unobserved	Unobserved	Unobserved	Unobserved	Unobserved	Unobserved	Unobserved	Unobserved	Unobserved	Observed	Unobserved	Unobserved	Unobserved	Unobserved	1	TRUE	FALSE	FALSE
10N.236.47.D9	Unobserved	Unobserved	Unobserved	Unobserved	Unobserved	Unobserved	Unobserved	Unobserved	Unobserved	Unobserved	Unobserved	Unobserved	Unobserved	Unobserved	Unobserved	Unobserved	Unobserved	Unobserved	Unobserved	Unobserved	Unobserved	Unobserved	Unobserved	Unobserved	Unobserved	Unobserved	Unobserved	Unobserved	Unobserved	Unobserved	Unobserved	Unobserved	Unobserved	Unobserved	Unobserved	Unobserved	Unobserved	Unobserved	Unobserved	Unobserved	Unobserved	Unobserved	Unobserved	Unobserved	Unobserved	Unobserved	Unobserved	Unobserved	Unobserved	Unobserved	Unobserved	Unobserved	Unobserved	Unobserved	Unobserved	Unobserved	Unobserved	Unobserved	Unobserved	Unobserved	Unobserved	Unobserved	Unobserved	Unobserved	Unobserved	Unobserved	Unobserved	Unobserved	Unobserved	Unobserved	Unobserved	Unobserved	Unobserved	Unobserved	Unobserved	Unobserved	Unobserved	0	FALSE	FALSE	FALSE
10N.236.47.E8	Unobserved	Unobserved	Unobserved	Unobserved	Unobserved	Unobserved	Unobserved	Unobserved	Unobserved	Unobserved	Unobserved	Unobserved	Unobserved	Unobserved	Unobserved	Unobserved	Unobserved	Unobserved	Unobserved	Unobserved	Unobserved	Unobserved	Unobserved	Unobserved	Unobserved	Unobserved	Unobserved	Unobserved	Unobserved	Unobserved	Unobserved	Unobserved	Unobserved	Unobserved	Unobserved	Unobserved	Unobserved	Unobserved	Unobserved	Unobserved	Unobserved	Unobserved	Unobserved	Unobserved	Unobserved	Unobserved	Unobserved	Unobserved	Unobserved	Unobserved	Unobserved	Unobserved	Unobserved	Unobserved	Unobserved	Unobserved	Unobserved	Unobserved	Unobserved	Unobserved	Unobserved	Unobserved	Unobserved	Unobserved	Unobserved	Unobserved	Unobserved	Unobserved	Unobserved	Unobserved	Unobserved	Unobserved	Unobserved	Unobserved	Unobserved	Unobserved	Unobserved	0	FALSE	FALSE	FALSE
10N.236.47.E9	Observed	Observed	Unobserved	Unobserved	Unobserved	Unobserved	Unobserved	Unobserved	Unobserved	Observed	Observed	Observed	Observed	Unobserved	Unobserved	Unobserved	Unobserved	Unobserved	Unobserved	Observed	Observed	Observed	Observed	Unobserved	Unobserved	Unobserved	Unobserved	Observed	Observed	Observed	Observed	Unobserved	Unobserved	Unobserved	Unobserved	Unobserved	Unobserved	Observed	Observed	Observed	Observed	Unobserved	Unobserved	Unobserved	Unobserved	Observed	Unobserved	Unobserved	Observed	Observed	Observed	Unobserved	Unobserved	Unobserved	Unobserved	Observed	Unobserved	Observed	Observed	Observed	Unobserved	Unobserved	Unobserved	Unobserved	Unobserved	Observed	Unobserved	Observed	Observed	Observed	Unobserved	Unobserved	Unobserved	Unobserved	Unobserved	Unobserved	Unobserved	30	TRUE	TRUE	TRUE
10N.236.47.F10	Unobserved	Unobserved	Unobserved	Observed	Unobserved	Unobserved	Unobserved	Unobserved	Unobserved	Unobserved	Unobserved	Unobserved	Unobserved	Unobserved	Unobserved	Unobserved	Unobserved	Unobserved	Unobserved	Unobserved	Unobserved	Unobserved	Unobserved	Unobserved	Unobserved	Unobserved	Unobserved	Unobserved	Unobserved	Unobserved	Unobserved	Unobserved	Unobserved	Unobserved	Unobserved	Unobserved	Unobserved	Unobserved	Unobserved	Unobserved	Unobserved	Unobserved	Unobserved	Unobserved	Unobserved	Unobserved	Unobserved	Unobserved	Unobserved	Unobserved	Unobserved	Unobserved	Unobserved	Unobserved	Unobserved	Unobserved	Unobserved	Unobserved	Unobserved	Unobserved	Unobserved	Unobserved	Unobserved	Unobserved	Unobserved	Unobserved	Unobserved	Unobserved	Unobserved	Unobserved	Unobserved	Unobserved	Unobserved	Unobserved	Unobserved	Unobserved	Unobserved	1	TRUE	FALSE	FALSE
10N.236.47.G7	Unobserved	Unobserved	Unobserved	Unobserved	Unobserved	Unobserved	Unobserved	Unobserved	Unobserved	Unobserved	Unobserved	Unobserved	Unobserved	Unobserved	Unobserved	Unobserved	Unobserved	Unobserved	Unobserved	Unobserved	Unobserved	Unobserved	Unobserved	Unobserved	Unobserved	Unobserved	Unobserved	Unobserved	Unobserved	Unobserved	Unobserved	Unobserved	Unobserved	Unobserved	Unobserved	Unobserved	Unobserved	Unobserved	Unobserved	Unobserved	Unobserved	Unobserved	Unobserved	Unobserved	Unobserved	Unobserved	Unobserved	Unobserved	Unobserved	Unobserved	Unobserved	Unobserved	Unobserved	Unobserved	Unobserved	Unobserved	Unobserved	Unobserved	Unobserved	Unobserved	Unobserved	Unobserved	Unobserved	Unobserved	Unobserved	Unobserved	Unobserved	Unobserved	Unobserved	Unobserved	Unobserved	Unobserved	Unobserved	Unobserved	Unobserved	Unobserved	Unobserved	0	FALSE	FALSE	FALSE
10N.236.47.G8	Unobserved	Unobserved	Unobserved	Unobserved	Unobserved	Unobserved	Unobserved	Unobserved	Unobserved	Unobserved	Unobserved	Unobserved	Unobserved	Unobserved	Unobserved	Unobserved	Unobserved	Unobserved	Unobserved	Unobserved	Unobserved	Unobserved	Unobserved	Unobserved	Unobserved	Unobserved	Unobserved	Unobserved	Unobserved	Unobserved	Unobserved	Unobserved	Unobserved	Unobserved	Unobserved	Unobserved	Unobserved	Unobserved	Unobserved	Unobserved	Unobserved	Unobserved	Unobserved	Unobserved	Unobserved	Unobserved	Unobserved	Unobserved	Unobserved	Unobserved	Unobserved	Unobserved	Unobserved	Unobserved	Unobserved	Unobserved	Unobserved	Unobserved	Unobserved	Unobserved	Unobserved	Unobserved	Unobserved	Unobserved	Unobserved	Unobserved	Unobserved	Unobserved	Unobserved	Unobserved	Unobserved	Unobserved	Unobserved	Unobserved	Unobserved	Unobserved	Unobserved	0	FALSE	FALSE	FALSE
10N.236.47.H8	Unobserved	Unobserved	Unobserved	Unobserved	Unobserved	Unobserved	Unobserved	Unobserved	Unobserved	Unobserved	Unobserved	Unobserved	Unobserved	Unobserved	Unobserved	Unobserved	Unobserved	Unobserved	Unobserved	Unobserved	Unobserved	Unobserved	Unobserved	Unobserved	Unobserved	Unobserved	Unobserved	Unobserved	Unobserved	Unobserved	Unobserved	Unobserved	Unobserved	Unobserved	Unobserved	Observed	Unobserved	Unobserved	Unobserved	Unobserved	Unobserved	Unobserved	Unobserved	Unobserved	Unobserved	Unobserved	Unobserved	Unobserved	Unobserved	Unobserved	Unobserved	Unobserved	Unobserved	Unobserved	Unobserved	Unobserved	Unobserved	Unobserved	Unobserved	Unobserved	Unobserved	Unobserved	Unobserved	Unobserved	Unobserved	Unobserved	Unobserved	Unobserved	Unobserved	Unobserved	Unobserved	Unobserved	Unobserved	Unobserved	Unobserved	Unobserved	Unobserved	1	TRUE	FALSE	FALSE
10N.237.312.A05	Unobserved	Unobserved	Unobserved	Unobserved	Unobserved	Unobserved	Unobserved	Unobserved	Unobserved	Unobserved	Unobserved	Unobserved	Unobserved	Unobserved	Unobserved	Unobserved	Unobserved	Unobserved	Unobserved	Unobserved	Unobserved	Unobserved	Unobserved	Unobserved	Unobserved	Unobserved	Unobserved	Unobserved	Unobserved	Unobserved	Unobserved	Unobserved	Unobserved	Unobserved	Unobserved	Unobserved	Unobserved	Unobserved	Unobserved	Unobserved	Unobserved	Unobserved	Unobserved	Unobserved	Unobserved	Unobserved	Unobserved	Unobserved	Unobserved	Unobserved	Unobserved	Unobserved	Unobserved	Unobserved	Unobserved	Unobserved	Unobserved	Unobserved	Unobserved	Unobserved	Unobserved	Unobserved	Unobserved	Unobserved	Unobserved	Unobserved	Unobserved	Unobserved	Unobserved	Unobserved	Unobserved	Unobserved	Unobserved	Unobserved	Unobserved	Unobserved	Unobserved	0	FALSE	FALSE	FALSE
10N.237.312.A09	Unobserved	Unobserved	Unobserved	Unobserved	Unobserved	Unobserved	Unobserved	Unobserved	Unobserved	Unobserved	Unobserved	Unobserved	Unobserved	Unobserved	Unobserved	Unobserved	Unobserved	Unobserved	Unobserved	Unobserved	Unobserved	Unobserved	Unobserved	Unobserved	Unobserved	Unobserved	Unobserved	Unobserved	Unobserved	Unobserved	Unobserved	Unobserved	Unobserved	Unobserved	Unobserved	Unobserved	Unobserved	Unobserved	Unobserved	Unobserved	Unobserved	Unobserved	Unobserved	Unobserved	Unobserved	Unobserved	Unobserved	Unobserved	Unobserved	Unobserved	Unobserved	Unobserved	Unobserved	Unobserved	Unobserved	Unobserved	Unobserved	Unobserved	Unobserved	Unobserved	Unobserved	Unobserved	Unobserved	Unobserved	Unobserved	Unobserved	Unobserved	Unobserved	Unobserved	Unobserved	Unobserved	Unobserved	Observed	Unobserved	Unobserved	Unobserved	Unobserved	1	TRUE	FALSE	FALSE
10N.237.312.B04	Unobserved	Unobserved	Unobserved	Unobserved	Unobserved	Unobserved	Unobserved	Unobserved	Unobserved	Unobserved	Unobserved	Unobserved	Unobserved	Unobserved	Unobserved	Unobserved	Unobserved	Unobserved	Unobserved	Unobserved	Unobserved	Unobserved	Unobserved	Unobserved	Unobserved	Unobserved	Unobserved	Unobserved	Unobserved	Unobserved	Unobserved	Unobserved	Unobserved	Unobserved	Unobserved	Unobserved	Unobserved	Unobserved	Unobserved	Unobserved	Unobserved	Unobserved	Unobserved	Unobserved	Unobserved	Unobserved	Unobserved	Unobserved	Unobserved	Unobserved	Unobserved	Unobserved	Unobserved	Unobserved	Unobserved	Unobserved	Unobserved	Unobserved	Unobserved	Unobserved	Unobserved	Unobserved	Unobserved	Unobserved	Unobserved	Unobserved	Unobserved	Unobserved	Unobserved	Unobserved	Unobserved	Unobserved	Unobserved	Unobserved	Unobserved	Unobserved	Unobserved	0	FALSE	FALSE	FALSE
10N.237.312.B10	Unobserved	Unobserved	Unobserved	Unobserved	Unobserved	Unobserved	Unobserved	Unobserved	Unobserved	Unobserved	Unobserved	Unobserved	Unobserved	Unobserved	Unobserved	Unobserved	Unobserved	Unobserved	Unobserved	Unobserved	Unobserved	Unobserved	Unobserved	Unobserved	Unobserved	Unobserved	Observed	Unobserved	Unobserved	Unobserved	Unobserved	Unobserved	Unobserved	Unobserved	Unobserved	Observed	Observed	Unobserved	Unobserved	Unobserved	Unobserved	Unobserved	Unobserved	Unobserved	Unobserved	Unobserved	Unobserved	Unobserved	Unobserved	Unobserved	Unobserved	Unobserved	Unobserved	Unobserved	Unobserved	Unobserved	Unobserved	Unobserved	Unobserved	Unobserved	Unobserved	Unobserved	Unobserved	Unobserved	Unobserved	Unobserved	Unobserved	Unobserved	Unobserved	Unobserved	Unobserved	Unobserved	Unobserved	Unobserved	Unobserved	Unobserved	Unobserved	3	TRUE	TRUE	TRUE
10N.237.312.C05	Unobserved	Unobserved	Unobserved	Unobserved	Unobserved	Unobserved	Unobserved	Unobserved	Unobserved	Unobserved	Unobserved	Unobserved	Unobserved	Unobserved	Unobserved	Unobserved	Unobserved	Unobserved	Unobserved	Unobserved	Unobserved	Unobserved	Unobserved	Unobserved	Unobserved	Unobserved	Unobserved	Unobserved	Unobserved	Unobserved	Unobserved	Unobserved	Unobserved	Unobserved	Unobserved	Unobserved	Unobserved	Unobserved	Unobserved	Unobserved	Unobserved	Unobserved	Unobserved	Unobserved	Unobserved	Unobserved	Unobserved	Unobserved	Unobserved	Unobserved	Unobserved	Unobserved	Unobserved	Unobserved	Unobserved	Unobserved	Unobserved	Unobserved	Unobserved	Unobserved	Unobserved	Unobserved	Unobserved	Unobserved	Unobserved	Unobserved	Unobserved	Unobserved	Unobserved	Unobserved	Unobserved	Unobserved	Unobserved	Unobserved	Unobserved	Unobserved	Unobserved	0	FALSE	FALSE	FALSE
10N.237.312.C08	Unobserved	Unobserved	Unobserved	Unobserved	Unobserved	Unobserved	Unobserved	Unobserved	Unobserved	Unobserved	Unobserved	Unobserved	Unobserved	Unobserved	Unobserved	Unobserved	Unobserved	Unobserved	Unobserved	Unobserved	Unobserved	Unobserved	Unobserved	Unobserved	Unobserved	Unobserved	Unobserved	Unobserved	Unobserved	Unobserved	Unobserved	Unobserved	Unobserved	Unobserved	Unobserved	Unobserved	Unobserved	Unobserved	Unobserved	Unobserved	Unobserved	Unobserved	Unobserved	Unobserved	Unobserved	Unobserved	Unobserved	Unobserved	Unobserved	Unobserved	Unobserved	Unobserved	Unobserved	Unobserved	Unobserved	Unobserved	Unobserved	Unobserved	Unobserved	Unobserved	Unobserved	Unobserved	Unobserved	Unobserved	Unobserved	Unobserved	Unobserved	Unobserved	Unobserved	Unobserved	Unobserved	Unobserved	Observed	Unobserved	Unobserved	Unobserved	Unobserved	1	TRUE	FALSE	FALSE
10N.237.312.C11	Unobserved	Unobserved	Unobserved	Observed	Unobserved	Unobserved	Unobserved	Unobserved	Unobserved	Unobserved	Unobserved	Unobserved	Unobserved	Observed	Unobserved	Unobserved	Unobserved	Unobserved	Unobserved	Unobserved	Unobserved	Unobserved	Unobserved	Unobserved	Unobserved	Unobserved	Unobserved	Unobserved	Unobserved	Unobserved	Unobserved	Unobserved	Unobserved	Unobserved	Unobserved	Unobserved	Unobserved	Unobserved	Unobserved	Unobserved	Unobserved	Unobserved	Unobserved	Unobserved	Unobserved	Unobserved	Unobserved	Unobserved	Unobserved	Unobserved	Unobserved	Unobserved	Unobserved	Unobserved	Unobserved	Unobserved	Unobserved	Unobserved	Unobserved	Unobserved	Unobserved	Unobserved	Unobserved	Unobserved	Unobserved	Unobserved	Unobserved	Unobserved	Unobserved	Unobserved	Unobserved	Unobserved	Unobserved	Unobserved	Unobserved	Unobserved	Unobserved	2	TRUE	TRUE	FALSE
10N.237.312.D05	Unobserved	Unobserved	Unobserved	Unobserved	Unobserved	Unobserved	Unobserved	Unobserved	Unobserved	Unobserved	Unobserved	Unobserved	Unobserved	Unobserved	Unobserved	Unobserved	Unobserved	Unobserved	Unobserved	Unobserved	Unobserved	Unobserved	Unobserved	Unobserved	Unobserved	Unobserved	Unobserved	Unobserved	Unobserved	Unobserved	Unobserved	Unobserved	Unobserved	Unobserved	Unobserved	Unobserved	Unobserved	Unobserved	Unobserved	Unobserved	Unobserved	Unobserved	Unobserved	Unobserved	Unobserved	Unobserved	Unobserved	Unobserved	Unobserved	Unobserved	Unobserved	Unobserved	Unobserved	Unobserved	Unobserved	Unobserved	Unobserved	Unobserved	Unobserved	Unobserved	Unobserved	Unobserved	Unobserved	Unobserved	Unobserved	Unobserved	Unobserved	Unobserved	Unobserved	Unobserved	Unobserved	Unobserved	Unobserved	Unobserved	Unobserved	Unobserved	Unobserved	0	FALSE	FALSE	FALSE
10N.237.312.D10	Unobserved	Unobserved	Unobserved	Unobserved	Unobserved	Unobserved	Unobserved	Unobserved	Unobserved	Unobserved	Unobserved	Unobserved	Unobserved	Unobserved	Unobserved	Unobserved	Unobserved	Unobserved	Unobserved	Unobserved	Unobserved	Unobserved	Unobserved	Unobserved	Unobserved	Unobserved	Unobserved	Unobserved	Unobserved	Unobserved	Unobserved	Unobserved	Unobserved	Unobserved	Unobserved	Unobserved	Unobserved	Unobserved	Unobserved	Unobserved	Unobserved	Unobserved	Unobserved	Unobserved	Unobserved	Unobserved	Unobserved	Unobserved	Unobserved	Unobserved	Unobserved	Unobserved	Unobserved	Unobserved	Unobserved	Unobserved	Unobserved	Unobserved	Unobserved	Unobserved	Unobserved	Unobserved	Unobserved	Unobserved	Unobserved	Unobserved	Unobserved	Unobserved	Unobserved	Unobserved	Unobserved	Unobserved	Unobserved	Unobserved	Unobserved	Unobserved	Unobserved	0	FALSE	FALSE	FALSE
10N.237.312.D11	Unobserved	Unobserved	Unobserved	Unobserved	Unobserved	Unobserved	Unobserved	Unobserved	Unobserved	Unobserved	Unobserved	Unobserved	Unobserved	Unobserved	Unobserved	Unobserved	Unobserved	Unobserved	Unobserved	Unobserved	Unobserved	Unobserved	Unobserved	Unobserved	Unobserved	Unobserved	Unobserved	Unobserved	Unobserved	Unobserved	Unobserved	Unobserved	Unobserved	Unobserved	Unobserved	Unobserved	Unobserved	Unobserved	Unobserved	Unobserved	Unobserved	Unobserved	Unobserved	Unobserved	Unobserved	Unobserved	Unobserved	Unobserved	Unobserved	Unobserved	Unobserved	Unobserved	Unobserved	Unobserved	Unobserved	Unobserved	Unobserved	Unobserved	Unobserved	Unobserved	Unobserved	Unobserved	Unobserved	Unobserved	Unobserved	Unobserved	Unobserved	Unobserved	Unobserved	Unobserved	Unobserved	Unobserved	Unobserved	Unobserved	Unobserved	Unobserved	Unobserved	0	FALSE	FALSE	FALSE
10N.237.312.E09	Unobserved	Unobserved	Unobserved	Unobserved	Unobserved	Unobserved	Unobserved	Unobserved	Unobserved	Unobserved	Unobserved	Unobserved	Unobserved	Unobserved	Unobserved	Unobserved	Unobserved	Unobserved	Unobserved	Unobserved	Unobserved	Unobserved	Unobserved	Unobserved	Unobserved	Unobserved	Unobserved	Unobserved	Unobserved	Unobserved	Unobserved	Unobserved	Unobserved	Unobserved	Unobserved	Observed	Observed	Unobserved	Unobserved	Unobserved	Unobserved	Unobserved	Unobserved	Unobserved	Unobserved	Unobserved	Unobserved	Unobserved	Unobserved	Unobserved	Unobserved	Unobserved	Unobserved	Unobserved	Unobserved	Unobserved	Unobserved	Unobserved	Unobserved	Unobserved	Unobserved	Unobserved	Unobserved	Unobserved	Unobserved	Unobserved	Unobserved	Unobserved	Unobserved	Unobserved	Unobserved	Unobserved	Unobserved	Unobserved	Unobserved	Unobserved	Unobserved	2	TRUE	TRUE	FALSE
10N.237.312.E11	Unobserved	Unobserved	Unobserved	Unobserved	Unobserved	Unobserved	Unobserved	Unobserved	Unobserved	Unobserved	Unobserved	Unobserved	Unobserved	Unobserved	Unobserved	Unobserved	Unobserved	Unobserved	Unobserved	Unobserved	Unobserved	Unobserved	Unobserved	Unobserved	Unobserved	Unobserved	Unobserved	Unobserved	Unobserved	Unobserved	Unobserved	Unobserved	Unobserved	Unobserved	Unobserved	Unobserved	Unobserved	Unobserved	Unobserved	Unobserved	Unobserved	Unobserved	Unobserved	Unobserved	Unobserved	Unobserved	Unobserved	Unobserved	Unobserved	Unobserved	Unobserved	Unobserved	Unobserved	Unobserved	Unobserved	Unobserved	Unobserved	Unobserved	Unobserved	Unobserved	Unobserved	Unobserved	Unobserved	Unobserved	Unobserved	Unobserved	Unobserved	Unobserved	Unobserved	Unobserved	Unobserved	Unobserved	Observed	Unobserved	Unobserved	Unobserved	Unobserved	1	TRUE	FALSE	FALSE
10N.237.312.G08	Unobserved	Unobserved	Unobserved	Unobserved	Unobserved	Unobserved	Unobserved	Unobserved	Unobserved	Unobserved	Unobserved	Unobserved	Unobserved	Unobserved	Unobserved	Unobserved	Unobserved	Unobserved	Unobserved	Unobserved	Unobserved	Unobserved	Unobserved	Unobserved	Unobserved	Unobserved	Unobserved	Unobserved	Unobserved	Unobserved	Unobserved	Unobserved	Unobserved	Unobserved	Unobserved	Unobserved	Unobserved	Unobserved	Unobserved	Unobserved	Unobserved	Unobserved	Unobserved	Unobserved	Unobserved	Unobserved	Unobserved	Unobserved	Unobserved	Unobserved	Unobserved	Unobserved	Unobserved	Unobserved	Unobserved	Unobserved	Unobserved	Unobserved	Unobserved	Unobserved	Unobserved	Unobserved	Unobserved	Unobserved	Unobserved	Unobserved	Unobserved	Unobserved	Unobserved	Unobserved	Unobserved	Unobserved	Unobserved	Unobserved	Unobserved	Unobserved	Unobserved	0	FALSE	FALSE	FALSE
10N.239.311.A05	Unobserved	Unobserved	Unobserved	Unobserved	Unobserved	Unobserved	Unobserved	Unobserved	Unobserved	Unobserved	Unobserved	Unobserved	Unobserved	Unobserved	Unobserved	Unobserved	Unobserved	Unobserved	Unobserved	Unobserved	Unobserved	Unobserved	Unobserved	Unobserved	Unobserved	Unobserved	Unobserved	Unobserved	Unobserved	Unobserved	Unobserved	Unobserved	Unobserved	Unobserved	Unobserved	Unobserved	Unobserved	Unobserved	Unobserved	Unobserved	Unobserved	Unobserved	Unobserved	Unobserved	Unobserved	Unobserved	Unobserved	Unobserved	Unobserved	Unobserved	Unobserved	Unobserved	Unobserved	Unobserved	Unobserved	Unobserved	Unobserved	Unobserved	Unobserved	Unobserved	Unobserved	Unobserved	Unobserved	Unobserved	Unobserved	Unobserved	Unobserved	Unobserved	Unobserved	Unobserved	Unobserved	Unobserved	Unobserved	Unobserved	Unobserved	Unobserved	Unobserved	0	FALSE	FALSE	FALSE
10N.239.311.A09	Unobserved	Unobserved	Unobserved	Unobserved	Unobserved	Unobserved	Unobserved	Unobserved	Unobserved	Unobserved	Unobserved	Unobserved	Unobserved	Unobserved	Unobserved	Unobserved	Unobserved	Unobserved	Unobserved	Unobserved	Unobserved	Unobserved	Unobserved	Unobserved	Unobserved	Unobserved	Unobserved	Unobserved	Unobserved	Unobserved	Unobserved	Unobserved	Unobserved	Unobserved	Unobserved	Unobserved	Unobserved	Unobserved	Unobserved	Unobserved	Unobserved	Unobserved	Unobserved	Unobserved	Unobserved	Unobserved	Unobserved	Unobserved	Unobserved	Unobserved	Unobserved	Unobserved	Unobserved	Unobserved	Unobserved	Unobserved	Unobserved	Unobserved	Unobserved	Unobserved	Unobserved	Unobserved	Unobserved	Unobserved	Unobserved	Unobserved	Unobserved	Unobserved	Unobserved	Unobserved	Unobserved	Unobserved	Unobserved	Unobserved	Unobserved	Unobserved	Unobserved	0	FALSE	FALSE	FALSE
10N.239.311.B02	Unobserved	Unobserved	Unobserved	Unobserved	Unobserved	Unobserved	Unobserved	Unobserved	Unobserved	Unobserved	Unobserved	Unobserved	Unobserved	Unobserved	Unobserved	Unobserved	Unobserved	Unobserved	Unobserved	Unobserved	Unobserved	Unobserved	Unobserved	Unobserved	Unobserved	Unobserved	Observed	Unobserved	Unobserved	Unobserved	Unobserved	Unobserved	Unobserved	Unobserved	Unobserved	Observed	Observed	Unobserved	Unobserved	Unobserved	Unobserved	Unobserved	Unobserved	Unobserved	Unobserved	Unobserved	Unobserved	Unobserved	Unobserved	Unobserved	Unobserved	Unobserved	Unobserved	Unobserved	Unobserved	Unobserved	Unobserved	Unobserved	Unobserved	Unobserved	Unobserved	Unobserved	Unobserved	Unobserved	Unobserved	Unobserved	Unobserved	Unobserved	Unobserved	Unobserved	Unobserved	Unobserved	Unobserved	Unobserved	Unobserved	Unobserved	Unobserved	3	TRUE	TRUE	TRUE
10N.239.311.B03	Unobserved	Unobserved	Unobserved	Unobserved	Unobserved	Unobserved	Unobserved	Unobserved	Unobserved	Unobserved	Unobserved	Unobserved	Unobserved	Unobserved	Unobserved	Unobserved	Observed	Unobserved	Unobserved	Unobserved	Unobserved	Unobserved	Unobserved	Unobserved	Unobserved	Unobserved	Unobserved	Unobserved	Unobserved	Unobserved	Unobserved	Unobserved	Unobserved	Unobserved	Unobserved	Unobserved	Unobserved	Unobserved	Unobserved	Unobserved	Unobserved	Unobserved	Unobserved	Unobserved	Unobserved	Unobserved	Unobserved	Unobserved	Unobserved	Unobserved	Unobserved	Unobserved	Unobserved	Unobserved	Unobserved	Unobserved	Unobserved	Unobserved	Unobserved	Unobserved	Unobserved	Unobserved	Unobserved	Unobserved	Unobserved	Unobserved	Unobserved	Unobserved	Unobserved	Unobserved	Unobserved	Unobserved	Unobserved	Unobserved	Unobserved	Unobserved	Unobserved	1	TRUE	FALSE	FALSE
10N.239.311.B10	Unobserved	Unobserved	Unobserved	Unobserved	Unobserved	Unobserved	Unobserved	Unobserved	Unobserved	Unobserved	Unobserved	Unobserved	Unobserved	Unobserved	Unobserved	Unobserved	Unobserved	Unobserved	Unobserved	Unobserved	Unobserved	Unobserved	Unobserved	Unobserved	Unobserved	Unobserved	Unobserved	Unobserved	Unobserved	Unobserved	Unobserved	Observed	Unobserved	Unobserved	Unobserved	Observed	Unobserved	Unobserved	Unobserved	Unobserved	Unobserved	Observed	Unobserved	Unobserved	Unobserved	Unobserved	Unobserved	Unobserved	Unobserved	Unobserved	Unobserved	Unobserved	Unobserved	Unobserved	Unobserved	Unobserved	Unobserved	Unobserved	Unobserved	Unobserved	Unobserved	Unobserved	Unobserved	Unobserved	Unobserved	Unobserved	Unobserved	Unobserved	Unobserved	Unobserved	Unobserved	Unobserved	Unobserved	Unobserved	Unobserved	Unobserved	Unobserved	3	TRUE	TRUE	TRUE
10N.239.311.B11	Unobserved	Unobserved	Unobserved	Unobserved	Unobserved	Unobserved	Unobserved	Unobserved	Unobserved	Unobserved	Unobserved	Unobserved	Unobserved	Unobserved	Unobserved	Unobserved	Unobserved	Unobserved	Unobserved	Unobserved	Unobserved	Unobserved	Unobserved	Unobserved	Unobserved	Unobserved	Unobserved	Unobserved	Unobserved	Unobserved	Unobserved	Unobserved	Unobserved	Unobserved	Unobserved	Unobserved	Unobserved	Unobserved	Unobserved	Unobserved	Unobserved	Unobserved	Unobserved	Unobserved	Unobserved	Unobserved	Unobserved	Unobserved	Unobserved	Unobserved	Unobserved	Unobserved	Unobserved	Unobserved	Unobserved	Unobserved	Unobserved	Unobserved	Unobserved	Unobserved	Unobserved	Unobserved	Unobserved	Unobserved	Unobserved	Unobserved	Unobserved	Unobserved	Unobserved	Unobserved	Unobserved	Unobserved	Unobserved	Unobserved	Unobserved	Unobserved	Unobserved	0	FALSE	FALSE	FALSE
10N.239.311.C11	Unobserved	Unobserved	Unobserved	Observed	Unobserved	Unobserved	Unobserved	Unobserved	Unobserved	Unobserved	Unobserved	Unobserved	Unobserved	Observed	Unobserved	Unobserved	Unobserved	Unobserved	Unobserved	Unobserved	Unobserved	Unobserved	Unobserved	Unobserved	Unobserved	Unobserved	Unobserved	Unobserved	Unobserved	Unobserved	Unobserved	Unobserved	Unobserved	Unobserved	Unobserved	Unobserved	Unobserved	Unobserved	Unobserved	Unobserved	Unobserved	Unobserved	Unobserved	Unobserved	Unobserved	Unobserved	Unobserved	Unobserved	Unobserved	Unobserved	Unobserved	Unobserved	Unobserved	Unobserved	Unobserved	Unobserved	Unobserved	Unobserved	Unobserved	Unobserved	Unobserved	Unobserved	Unobserved	Unobserved	Unobserved	Unobserved	Unobserved	Unobserved	Unobserved	Unobserved	Unobserved	Unobserved	Unobserved	Unobserved	Unobserved	Unobserved	Unobserved	2	TRUE	TRUE	FALSE
10N.239.311.D05	Unobserved	Unobserved	Unobserved	Unobserved	Unobserved	Unobserved	Unobserved	Unobserved	Unobserved	Unobserved	Unobserved	Unobserved	Unobserved	Unobserved	Unobserved	Unobserved	Unobserved	Unobserved	Unobserved	Unobserved	Unobserved	Unobserved	Unobserved	Unobserved	Unobserved	Unobserved	Unobserved	Unobserved	Unobserved	Unobserved	Unobserved	Unobserved	Unobserved	Unobserved	Unobserved	Unobserved	Unobserved	Unobserved	Unobserved	Unobserved	Unobserved	Unobserved	Unobserved	Unobserved	Unobserved	Unobserved	Unobserved	Unobserved	Unobserved	Unobserved	Unobserved	Unobserved	Unobserved	Unobserved	Unobserved	Unobserved	Unobserved	Unobserved	Unobserved	Unobserved	Unobserved	Unobserved	Unobserved	Unobserved	Unobserved	Unobserved	Unobserved	Unobserved	Unobserved	Unobserved	Unobserved	Unobserved	Unobserved	Unobserved	Unobserved	Unobserved	Unobserved	0	FALSE	FALSE	FALSE
10N.239.311.D07	Unobserved	Unobserved	Unobserved	Unobserved	Unobserved	Unobserved	Unobserved	Unobserved	Unobserved	Unobserved	Unobserved	Unobserved	Unobserved	Unobserved	Unobserved	Unobserved	Unobserved	Unobserved	Unobserved	Unobserved	Unobserved	Unobserved	Unobserved	Unobserved	Unobserved	Unobserved	Unobserved	Unobserved	Unobserved	Unobserved	Unobserved	Unobserved	Unobserved	Unobserved	Unobserved	Unobserved	Unobserved	Unobserved	Unobserved	Unobserved	Unobserved	Unobserved	Unobserved	Unobserved	Unobserved	Unobserved	Unobserved	Unobserved	Unobserved	Unobserved	Unobserved	Unobserved	Unobserved	Unobserved	Unobserved	Unobserved	Unobserved	Unobserved	Unobserved	Unobserved	Unobserved	Unobserved	Unobserved	Unobserved	Unobserved	Unobserved	Unobserved	Unobserved	Unobserved	Unobserved	Unobserved	Unobserved	Unobserved	Unobserved	Unobserved	Unobserved	Unobserved	0	FALSE	FALSE	FALSE
10N.239.311.E01	Unobserved	Unobserved	Unobserved	Unobserved	Unobserved	Unobserved	Unobserved	Unobserved	Unobserved	Unobserved	Unobserved	Unobserved	Unobserved	Unobserved	Unobserved	Unobserved	Unobserved	Unobserved	Unobserved	Unobserved	Unobserved	Unobserved	Unobserved	Unobserved	Unobserved	Unobserved	Unobserved	Unobserved	Unobserved	Unobserved	Unobserved	Observed	Unobserved	Unobserved	Unobserved	Unobserved	Unobserved	Unobserved	Unobserved	Unobserved	Unobserved	Observed	Unobserved	Unobserved	Unobserved	Unobserved	Unobserved	Unobserved	Unobserved	Unobserved	Unobserved	Unobserved	Unobserved	Unobserved	Unobserved	Unobserved	Unobserved	Unobserved	Unobserved	Unobserved	Unobserved	Unobserved	Unobserved	Unobserved	Unobserved	Unobserved	Unobserved	Unobserved	Unobserved	Unobserved	Unobserved	Unobserved	Unobserved	Unobserved	Unobserved	Unobserved	Unobserved	2	TRUE	TRUE	FALSE
10N.239.311.E03	Unobserved	Unobserved	Unobserved	Unobserved	Unobserved	Unobserved	Unobserved	Unobserved	Unobserved	Unobserved	Unobserved	Unobserved	Unobserved	Unobserved	Unobserved	Unobserved	Unobserved	Unobserved	Unobserved	Unobserved	Unobserved	Unobserved	Unobserved	Unobserved	Unobserved	Unobserved	Unobserved	Unobserved	Unobserved	Unobserved	Unobserved	Unobserved	Unobserved	Unobserved	Unobserved	Unobserved	Unobserved	Unobserved	Unobserved	Unobserved	Unobserved	Unobserved	Unobserved	Unobserved	Unobserved	Unobserved	Unobserved	Unobserved	Unobserved	Unobserved	Unobserved	Unobserved	Unobserved	Unobserved	Unobserved	Unobserved	Unobserved	Unobserved	Unobserved	Unobserved	Unobserved	Unobserved	Unobserved	Unobserved	Unobserved	Unobserved	Unobserved	Unobserved	Unobserved	Unobserved	Unobserved	Unobserved	Unobserved	Unobserved	Unobserved	Unobserved	Unobserved	0	FALSE	FALSE	FALSE
10N.239.311.F08	Unobserved	Unobserved	Unobserved	Unobserved	Unobserved	Unobserved	Unobserved	Unobserved	Observed	Unobserved	Unobserved	Unobserved	Unobserved	Unobserved	Unobserved	Unobserved	Unobserved	Unobserved	Observed	Unobserved	Unobserved	Unobserved	Unobserved	Unobserved	Unobserved	Unobserved	Unobserved	Unobserved	Unobserved	Unobserved	Unobserved	Unobserved	Unobserved	Unobserved	Unobserved	Unobserved	Unobserved	Unobserved	Unobserved	Unobserved	Unobserved	Unobserved	Unobserved	Unobserved	Unobserved	Unobserved	Unobserved	Unobserved	Unobserved	Unobserved	Unobserved	Unobserved	Unobserved	Unobserved	Unobserved	Unobserved	Unobserved	Unobserved	Unobserved	Unobserved	Observed	Unobserved	Unobserved	Unobserved	Unobserved	Unobserved	Unobserved	Unobserved	Unobserved	Unobserved	Unobserved	Unobserved	Unobserved	Unobserved	Unobserved	Observed	Unobserved	4	TRUE	TRUE	TRUE
10N.239.311.G07	Unobserved	Unobserved	Unobserved	Unobserved	Unobserved	Unobserved	Unobserved	Unobserved	Unobserved	Unobserved	Unobserved	Unobserved	Unobserved	Unobserved	Unobserved	Unobserved	Unobserved	Unobserved	Unobserved	Unobserved	Unobserved	Unobserved	Unobserved	Unobserved	Unobserved	Unobserved	Observed	Unobserved	Unobserved	Unobserved	Unobserved	Unobserved	Unobserved	Unobserved	Unobserved	Unobserved	Observed	Unobserved	Unobserved	Unobserved	Unobserved	Unobserved	Unobserved	Unobserved	Unobserved	Unobserved	Observed	Unobserved	Unobserved	Unobserved	Unobserved	Unobserved	Unobserved	Unobserved	Unobserved	Unobserved	Unobserved	Unobserved	Unobserved	Unobserved	Unobserved	Unobserved	Unobserved	Unobserved	Unobserved	Unobserved	Unobserved	Unobserved	Unobserved	Unobserved	Unobserved	Unobserved	Unobserved	Unobserved	Unobserved	Unobserved	Unobserved	3	TRUE	TRUE	TRUE
10N.239.311.G11	Unobserved	Unobserved	Unobserved	Unobserved	Unobserved	Unobserved	Unobserved	Unobserved	Unobserved	Unobserved	Unobserved	Unobserved	Unobserved	Unobserved	Unobserved	Unobserved	Unobserved	Unobserved	Unobserved	Unobserved	Unobserved	Unobserved	Unobserved	Unobserved	Unobserved	Unobserved	Unobserved	Unobserved	Unobserved	Unobserved	Unobserved	Unobserved	Unobserved	Unobserved	Unobserved	Unobserved	Unobserved	Unobserved	Unobserved	Unobserved	Unobserved	Unobserved	Unobserved	Unobserved	Unobserved	Unobserved	Unobserved	Unobserved	Unobserved	Unobserved	Unobserved	Unobserved	Unobserved	Unobserved	Unobserved	Unobserved	Unobserved	Unobserved	Unobserved	Unobserved	Unobserved	Unobserved	Unobserved	Unobserved	Unobserved	Unobserved	Unobserved	Unobserved	Unobserved	Unobserved	Unobserved	Unobserved	Unobserved	Unobserved	Unobserved	Unobserved	Unobserved	0	FALSE	FALSE	FALSE
10N.239.311.H11	Unobserved	Unobserved	Unobserved	Unobserved	Unobserved	Unobserved	Unobserved	Unobserved	Unobserved	Unobserved	Unobserved	Unobserved	Unobserved	Unobserved	Unobserved	Unobserved	Unobserved	Unobserved	Unobserved	Unobserved	Unobserved	Unobserved	Unobserved	Unobserved	Unobserved	Unobserved	Unobserved	Unobserved	Unobserved	Unobserved	Unobserved	Unobserved	Unobserved	Unobserved	Unobserved	Unobserved	Unobserved	Unobserved	Unobserved	Unobserved	Unobserved	Unobserved	Unobserved	Unobserved	Unobserved	Unobserved	Unobserved	Unobserved	Unobserved	Unobserved	Unobserved	Unobserved	Unobserved	Unobserved	Unobserved	Unobserved	Unobserved	Unobserved	Unobserved	Unobserved	Unobserved	Unobserved	Unobserved	Unobserved	Unobserved	Unobserved	Unobserved	Unobserved	Unobserved	Unobserved	Unobserved	Unobserved	Unobserved	Unobserved	Unobserved	Unobserved	Unobserved	0	FALSE	FALSE	FALSE
10N.239.312.A01	Observed	Observed	Observed	Unobserved	Unobserved	Unobserved	Unobserved	Unobserved	Unobserved	Observed	Observed	Observed	Observed	Unobserved	Unobserved	Unobserved	Unobserved	Unobserved	Unobserved	Observed	Observed	Observed	Observed	Unobserved	Unobserved	Unobserved	Unobserved	Observed	Observed	Observed	Observed	Unobserved	Unobserved	Unobserved	Unobserved	Unobserved	Unobserved	Observed	Observed	Observed	Observed	Unobserved	Unobserved	Unobserved	Unobserved	Observed	Unobserved	Observed	Observed	Observed	Observed	Unobserved	Unobserved	Unobserved	Unobserved	Observed	Unobserved	Observed	Observed	Observed	Unobserved	Unobserved	Unobserved	Unobserved	Unobserved	Observed	Unobserved	Observed	Observed	Observed	Unobserved	Unobserved	Unobserved	Unobserved	Unobserved	Unobserved	Unobserved	32	TRUE	TRUE	TRUE
10N.239.312.B09	Unobserved	Unobserved	Unobserved	Unobserved	Unobserved	Unobserved	Unobserved	Unobserved	Unobserved	Unobserved	Unobserved	Unobserved	Unobserved	Unobserved	Unobserved	Unobserved	Unobserved	Unobserved	Unobserved	Unobserved	Unobserved	Unobserved	Unobserved	Unobserved	Unobserved	Unobserved	Unobserved	Unobserved	Unobserved	Unobserved	Unobserved	Unobserved	Unobserved	Unobserved	Unobserved	Unobserved	Unobserved	Unobserved	Unobserved	Unobserved	Unobserved	Unobserved	Unobserved	Unobserved	Unobserved	Unobserved	Unobserved	Unobserved	Unobserved	Unobserved	Unobserved	Unobserved	Unobserved	Unobserved	Unobserved	Unobserved	Unobserved	Unobserved	Unobserved	Unobserved	Unobserved	Unobserved	Unobserved	Unobserved	Unobserved	Unobserved	Unobserved	Unobserved	Unobserved	Unobserved	Unobserved	Unobserved	Observed	Unobserved	Unobserved	Unobserved	Unobserved	1	TRUE	FALSE	FALSE
10N.239.312.D01	Unobserved	Unobserved	Unobserved	Unobserved	Unobserved	Unobserved	Unobserved	Unobserved	Unobserved	Unobserved	Unobserved	Unobserved	Unobserved	Unobserved	Unobserved	Unobserved	Unobserved	Unobserved	Unobserved	Unobserved	Unobserved	Unobserved	Unobserved	Unobserved	Unobserved	Unobserved	Unobserved	Unobserved	Unobserved	Unobserved	Unobserved	Unobserved	Unobserved	Unobserved	Unobserved	Unobserved	Unobserved	Unobserved	Unobserved	Unobserved	Unobserved	Unobserved	Unobserved	Unobserved	Unobserved	Unobserved	Unobserved	Unobserved	Unobserved	Unobserved	Unobserved	Unobserved	Unobserved	Unobserved	Unobserved	Unobserved	Unobserved	Unobserved	Unobserved	Unobserved	Unobserved	Unobserved	Unobserved	Unobserved	Unobserved	Unobserved	Unobserved	Unobserved	Unobserved	Unobserved	Unobserved	Unobserved	Unobserved	Unobserved	Unobserved	Unobserved	Unobserved	0	FALSE	FALSE	FALSE
10N.239.312.H01	Unobserved	Unobserved	Unobserved	Observed	Unobserved	Unobserved	Unobserved	Unobserved	Unobserved	Unobserved	Unobserved	Unobserved	Unobserved	Observed	Unobserved	Unobserved	Unobserved	Unobserved	Unobserved	Unobserved	Unobserved	Unobserved	Unobserved	Unobserved	Unobserved	Unobserved	Unobserved	Unobserved	Unobserved	Unobserved	Unobserved	Unobserved	Unobserved	Unobserved	Unobserved	Unobserved	Unobserved	Unobserved	Unobserved	Unobserved	Unobserved	Unobserved	Unobserved	Unobserved	Unobserved	Unobserved	Unobserved	Unobserved	Unobserved	Unobserved	Unobserved	Unobserved	Unobserved	Unobserved	Unobserved	Unobserved	Observed	Unobserved	Unobserved	Unobserved	Unobserved	Unobserved	Unobserved	Unobserved	Unobserved	Unobserved	Unobserved	Unobserved	Unobserved	Unobserved	Observed	Unobserved	Unobserved	Unobserved	Unobserved	Unobserved	Unobserved	4	TRUE	TRUE	TRUE
10N.239.312.H11	Unobserved	Unobserved	Unobserved	Unobserved	Unobserved	Unobserved	Unobserved	Unobserved	Unobserved	Unobserved	Unobserved	Unobserved	Unobserved	Unobserved	Unobserved	Unobserved	Unobserved	Unobserved	Unobserved	Unobserved	Unobserved	Unobserved	Unobserved	Unobserved	Unobserved	Unobserved	Unobserved	Unobserved	Unobserved	Unobserved	Unobserved	Unobserved	Unobserved	Unobserved	Unobserved	Observed	Unobserved	Unobserved	Unobserved	Unobserved	Unobserved	Unobserved	Unobserved	Unobserved	Unobserved	Unobserved	Unobserved	Unobserved	Unobserved	Unobserved	Unobserved	Unobserved	Unobserved	Unobserved	Unobserved	Unobserved	Unobserved	Unobserved	Unobserved	Unobserved	Unobserved	Unobserved	Unobserved	Unobserved	Unobserved	Unobserved	Unobserved	Unobserved	Unobserved	Unobserved	Unobserved	Unobserved	Unobserved	Unobserved	Unobserved	Unobserved	Unobserved	1	TRUE	FALSE	FALSE
10N.247.310.01	Unobserved	Unobserved	Unobserved	Unobserved	Unobserved	Unobserved	Unobserved	Unobserved	Unobserved	Unobserved	Unobserved	Unobserved	Unobserved	Unobserved	Unobserved	Unobserved	Unobserved	Unobserved	Unobserved	Unobserved	Unobserved	Unobserved	Unobserved	Unobserved	Unobserved	Unobserved	Unobserved	Unobserved	Unobserved	Unobserved	Unobserved	Unobserved	Unobserved	Unobserved	Unobserved	Unobserved	Unobserved	Unobserved	Unobserved	Unobserved	Unobserved	Unobserved	Unobserved	Unobserved	Unobserved	Unobserved	Unobserved	Unobserved	Unobserved	Unobserved	Unobserved	Unobserved	Unobserved	Unobserved	Unobserved	Unobserved	Unobserved	Unobserved	Unobserved	Unobserved	Unobserved	Unobserved	Unobserved	Unobserved	Unobserved	Unobserved	Unobserved	Unobserved	Unobserved	Unobserved	Unobserved	Unobserved	Unobserved	Unobserved	Unobserved	Unobserved	Unobserved	0	FALSE	FALSE	FALSE
10N.247.310.22	Unobserved	Unobserved	Unobserved	Unobserved	Unobserved	Unobserved	Unobserved	Unobserved	Unobserved	Unobserved	Unobserved	Unobserved	Unobserved	Unobserved	Unobserved	Unobserved	Unobserved	Unobserved	Unobserved	Unobserved	Unobserved	Unobserved	Unobserved	Unobserved	Unobserved	Unobserved	Unobserved	Unobserved	Unobserved	Unobserved	Unobserved	Unobserved	Unobserved	Unobserved	Unobserved	Unobserved	Unobserved	Unobserved	Unobserved	Unobserved	Unobserved	Unobserved	Unobserved	Unobserved	Unobserved	Unobserved	Unobserved	Unobserved	Unobserved	Unobserved	Unobserved	Unobserved	Unobserved	Unobserved	Unobserved	Unobserved	Unobserved	Unobserved	Unobserved	Unobserved	Unobserved	Unobserved	Unobserved	Unobserved	Unobserved	Unobserved	Unobserved	Unobserved	Unobserved	Unobserved	Unobserved	Unobserved	Unobserved	Unobserved	Unobserved	Unobserved	Unobserved	0	FALSE	FALSE	FALSE
10N.247.310.38	Unobserved	Unobserved	Unobserved	Unobserved	Unobserved	Unobserved	Unobserved	Unobserved	Unobserved	Unobserved	Unobserved	Unobserved	Unobserved	Unobserved	Unobserved	Unobserved	Unobserved	Unobserved	Unobserved	Unobserved	Unobserved	Unobserved	Unobserved	Unobserved	Unobserved	Unobserved	Unobserved	Unobserved	Unobserved	Unobserved	Unobserved	Unobserved	Unobserved	Unobserved	Unobserved	Unobserved	Unobserved	Unobserved	Unobserved	Unobserved	Unobserved	Unobserved	Unobserved	Unobserved	Unobserved	Unobserved	Unobserved	Unobserved	Unobserved	Unobserved	Unobserved	Unobserved	Unobserved	Unobserved	Unobserved	Unobserved	Unobserved	Unobserved	Unobserved	Unobserved	Unobserved	Unobserved	Unobserved	Unobserved	Unobserved	Unobserved	Unobserved	Unobserved	Unobserved	Unobserved	Unobserved	Unobserved	Unobserved	Unobserved	Unobserved	Unobserved	Unobserved	0	FALSE	FALSE	FALSE
10N.247.310.82	Unobserved	Unobserved	Unobserved	Unobserved	Unobserved	Unobserved	Unobserved	Unobserved	Unobserved	Unobserved	Unobserved	Unobserved	Unobserved	Unobserved	Unobserved	Unobserved	Unobserved	Unobserved	Unobserved	Unobserved	Unobserved	Unobserved	Unobserved	Unobserved	Unobserved	Unobserved	Unobserved	Unobserved	Unobserved	Unobserved	Unobserved	Unobserved	Unobserved	Unobserved	Unobserved	Unobserved	Unobserved	Unobserved	Unobserved	Unobserved	Unobserved	Unobserved	Unobserved	Unobserved	Unobserved	Unobserved	Unobserved	Unobserved	Unobserved	Unobserved	Unobserved	Unobserved	Unobserved	Unobserved	Unobserved	Unobserved	Unobserved	Unobserved	Unobserved	Unobserved	Unobserved	Unobserved	Unobserved	Unobserved	Unobserved	Unobserved	Unobserved	Unobserved	Unobserved	Unobserved	Unobserved	Unobserved	Unobserved	Unobserved	Unobserved	Unobserved	Unobserved	0	FALSE	FALSE	FALSE
10N.247.310.87	Unobserved	Unobserved	Unobserved	Unobserved	Unobserved	Unobserved	Unobserved	Unobserved	Unobserved	Unobserved	Unobserved	Unobserved	Unobserved	Unobserved	Unobserved	Unobserved	Unobserved	Unobserved	Unobserved	Unobserved	Unobserved	Unobserved	Unobserved	Unobserved	Unobserved	Unobserved	Unobserved	Unobserved	Unobserved	Unobserved	Unobserved	Unobserved	Unobserved	Unobserved	Unobserved	Unobserved	Unobserved	Unobserved	Unobserved	Unobserved	Unobserved	Unobserved	Unobserved	Unobserved	Unobserved	Unobserved	Unobserved	Unobserved	Unobserved	Unobserved	Unobserved	Unobserved	Unobserved	Unobserved	Unobserved	Unobserved	Unobserved	Unobserved	Unobserved	Unobserved	Unobserved	Unobserved	Unobserved	Unobserved	Unobserved	Unobserved	Unobserved	Unobserved	Unobserved	Unobserved	Unobserved	Unobserved	Unobserved	Unobserved	Unobserved	Unobserved	Unobserved	0	FALSE	FALSE	FALSE
10N.247.310.92	Unobserved	Unobserved	Unobserved	Unobserved	Unobserved	Unobserved	Unobserved	Unobserved	Unobserved	Unobserved	Unobserved	Unobserved	Unobserved	Unobserved	Unobserved	Unobserved	Unobserved	Unobserved	Unobserved	Unobserved	Unobserved	Unobserved	Unobserved	Unobserved	Unobserved	Unobserved	Unobserved	Unobserved	Unobserved	Unobserved	Unobserved	Unobserved	Unobserved	Unobserved	Unobserved	Unobserved	Unobserved	Unobserved	Unobserved	Unobserved	Unobserved	Unobserved	Unobserved	Unobserved	Unobserved	Unobserved	Unobserved	Unobserved	Unobserved	Unobserved	Unobserved	Unobserved	Unobserved	Unobserved	Unobserved	Unobserved	Unobserved	Unobserved	Unobserved	Unobserved	Unobserved	Unobserved	Unobserved	Unobserved	Unobserved	Unobserved	Unobserved	Unobserved	Unobserved	Unobserved	Unobserved	Unobserved	Observed	Unobserved	Unobserved	Unobserved	Unobserved	1	TRUE	FALSE	FALSE
10N.247.310.95	Unobserved	Unobserved	Unobserved	Unobserved	Unobserved	Unobserved	Unobserved	Unobserved	Unobserved	Unobserved	Unobserved	Unobserved	Unobserved	Unobserved	Unobserved	Unobserved	Unobserved	Unobserved	Unobserved	Unobserved	Unobserved	Unobserved	Unobserved	Unobserved	Unobserved	Unobserved	Unobserved	Unobserved	Unobserved	Unobserved	Unobserved	Unobserved	Unobserved	Unobserved	Unobserved	Unobserved	Unobserved	Unobserved	Unobserved	Unobserved	Unobserved	Unobserved	Unobserved	Unobserved	Unobserved	Unobserved	Unobserved	Unobserved	Unobserved	Unobserved	Unobserved	Unobserved	Unobserved	Unobserved	Unobserved	Unobserved	Unobserved	Unobserved	Unobserved	Unobserved	Unobserved	Unobserved	Unobserved	Unobserved	Unobserved	Unobserved	Unobserved	Unobserved	Unobserved	Unobserved	Unobserved	Unobserved	Unobserved	Unobserved	Unobserved	Unobserved	Unobserved	0	FALSE	FALSE	FALSE
10N.247.310.97	Unobserved	Unobserved	Unobserved	Unobserved	Unobserved	Unobserved	Unobserved	Unobserved	Unobserved	Unobserved	Unobserved	Unobserved	Unobserved	Unobserved	Unobserved	Unobserved	Unobserved	Unobserved	Unobserved	Unobserved	Unobserved	Unobserved	Unobserved	Unobserved	Unobserved	Unobserved	Unobserved	Unobserved	Unobserved	Unobserved	Unobserved	Unobserved	Unobserved	Unobserved	Unobserved	Observed	Unobserved	Unobserved	Unobserved	Unobserved	Unobserved	Unobserved	Unobserved	Unobserved	Unobserved	Unobserved	Unobserved	Unobserved	Unobserved	Unobserved	Unobserved	Unobserved	Unobserved	Unobserved	Unobserved	Unobserved	Unobserved	Unobserved	Unobserved	Unobserved	Unobserved	Unobserved	Unobserved	Unobserved	Unobserved	Unobserved	Unobserved	Unobserved	Unobserved	Unobserved	Unobserved	Unobserved	Unobserved	Unobserved	Unobserved	Unobserved	Unobserved	1	TRUE	FALSE	FALSE
10N.247.311.43	Unobserved	Unobserved	Unobserved	Unobserved	Unobserved	Unobserved	Unobserved	Unobserved	Unobserved	Unobserved	Unobserved	Unobserved	Unobserved	Unobserved	Unobserved	Unobserved	Unobserved	Unobserved	Unobserved	Unobserved	Unobserved	Unobserved	Unobserved	Unobserved	Unobserved	Unobserved	Unobserved	Unobserved	Unobserved	Unobserved	Unobserved	Unobserved	Unobserved	Unobserved	Unobserved	Unobserved	Unobserved	Unobserved	Unobserved	Unobserved	Unobserved	Unobserved	Unobserved	Unobserved	Unobserved	Unobserved	Unobserved	Unobserved	Unobserved	Unobserved	Unobserved	Unobserved	Unobserved	Unobserved	Unobserved	Unobserved	Unobserved	Unobserved	Unobserved	Unobserved	Unobserved	Unobserved	Unobserved	Unobserved	Unobserved	Unobserved	Unobserved	Unobserved	Unobserved	Unobserved	Unobserved	Unobserved	Unobserved	Unobserved	Unobserved	Unobserved	Unobserved	0	FALSE	FALSE	FALSE
10N.247.311.45	Unobserved	Unobserved	Unobserved	Unobserved	Unobserved	Unobserved	Unobserved	Unobserved	Unobserved	Unobserved	Unobserved	Unobserved	Unobserved	Unobserved	Unobserved	Unobserved	Unobserved	Unobserved	Unobserved	Unobserved	Unobserved	Unobserved	Unobserved	Unobserved	Unobserved	Unobserved	Unobserved	Unobserved	Unobserved	Unobserved	Unobserved	Unobserved	Unobserved	Unobserved	Unobserved	Unobserved	Unobserved	Unobserved	Unobserved	Unobserved	Unobserved	Unobserved	Unobserved	Unobserved	Unobserved	Unobserved	Unobserved	Unobserved	Unobserved	Unobserved	Unobserved	Unobserved	Unobserved	Unobserved	Unobserved	Unobserved	Unobserved	Unobserved	Unobserved	Unobserved	Unobserved	Unobserved	Unobserved	Unobserved	Unobserved	Unobserved	Unobserved	Unobserved	Unobserved	Unobserved	Unobserved	Unobserved	Unobserved	Unobserved	Unobserved	Unobserved	Unobserved	0	FALSE	FALSE	FALSE
10N.247.311.58	Unobserved	Unobserved	Unobserved	Unobserved	Unobserved	Unobserved	Unobserved	Unobserved	Unobserved	Unobserved	Unobserved	Unobserved	Unobserved	Unobserved	Unobserved	Unobserved	Unobserved	Unobserved	Unobserved	Unobserved	Unobserved	Unobserved	Unobserved	Unobserved	Unobserved	Unobserved	Unobserved	Unobserved	Unobserved	Unobserved	Unobserved	Unobserved	Unobserved	Unobserved	Unobserved	Unobserved	Unobserved	Unobserved	Unobserved	Unobserved	Unobserved	Unobserved	Unobserved	Unobserved	Unobserved	Unobserved	Unobserved	Unobserved	Unobserved	Unobserved	Unobserved	Unobserved	Unobserved	Unobserved	Unobserved	Unobserved	Unobserved	Unobserved	Unobserved	Unobserved	Unobserved	Unobserved	Unobserved	Unobserved	Unobserved	Unobserved	Unobserved	Unobserved	Unobserved	Unobserved	Unobserved	Unobserved	Unobserved	Unobserved	Unobserved	Unobserved	Unobserved	0	FALSE	FALSE	FALSE
10N.247.311.62	Unobserved	Unobserved	Unobserved	Unobserved	Unobserved	Unobserved	Unobserved	Unobserved	Unobserved	Unobserved	Unobserved	Unobserved	Unobserved	Unobserved	Unobserved	Unobserved	Unobserved	Unobserved	Unobserved	Unobserved	Unobserved	Unobserved	Unobserved	Unobserved	Unobserved	Unobserved	Unobserved	Unobserved	Unobserved	Unobserved	Unobserved	Unobserved	Unobserved	Unobserved	Unobserved	Unobserved	Unobserved	Unobserved	Unobserved	Unobserved	Unobserved	Unobserved	Unobserved	Unobserved	Unobserved	Unobserved	Unobserved	Unobserved	Unobserved	Unobserved	Unobserved	Unobserved	Unobserved	Unobserved	Unobserved	Unobserved	Unobserved	Unobserved	Unobserved	Unobserved	Unobserved	Unobserved	Unobserved	Unobserved	Unobserved	Unobserved	Unobserved	Unobserved	Unobserved	Unobserved	Unobserved	Unobserved	Unobserved	Unobserved	Unobserved	Unobserved	Unobserved	0	FALSE	FALSE	FALSE
10N.247.311.81	Unobserved	Unobserved	Unobserved	Unobserved	Unobserved	Unobserved	Unobserved	Unobserved	Unobserved	Unobserved	Unobserved	Unobserved	Unobserved	Unobserved	Unobserved	Unobserved	Unobserved	Unobserved	Unobserved	Unobserved	Unobserved	Unobserved	Unobserved	Unobserved	Unobserved	Unobserved	Unobserved	Unobserved	Unobserved	Unobserved	Unobserved	Unobserved	Unobserved	Unobserved	Unobserved	Unobserved	Unobserved	Unobserved	Unobserved	Unobserved	Unobserved	Unobserved	Unobserved	Unobserved	Unobserved	Unobserved	Unobserved	Unobserved	Unobserved	Unobserved	Unobserved	Unobserved	Unobserved	Unobserved	Unobserved	Unobserved	Unobserved	Unobserved	Unobserved	Unobserved	Unobserved	Unobserved	Unobserved	Unobserved	Unobserved	Unobserved	Unobserved	Unobserved	Unobserved	Unobserved	Unobserved	Unobserved	Unobserved	Unobserved	Unobserved	Unobserved	Unobserved	0	FALSE	FALSE	FALSE
10N.247.311.82	Unobserved	Unobserved	Unobserved	Unobserved	Unobserved	Unobserved	Unobserved	Unobserved	Unobserved	Unobserved	Unobserved	Unobserved	Unobserved	Unobserved	Unobserved	Unobserved	Unobserved	Unobserved	Unobserved	Unobserved	Unobserved	Unobserved	Unobserved	Unobserved	Unobserved	Unobserved	Unobserved	Unobserved	Unobserved	Unobserved	Unobserved	Unobserved	Unobserved	Unobserved	Unobserved	Observed	Unobserved	Unobserved	Unobserved	Unobserved	Unobserved	Unobserved	Unobserved	Unobserved	Unobserved	Unobserved	Unobserved	Unobserved	Unobserved	Unobserved	Unobserved	Unobserved	Unobserved	Unobserved	Unobserved	Unobserved	Unobserved	Unobserved	Unobserved	Unobserved	Unobserved	Unobserved	Unobserved	Unobserved	Unobserved	Unobserved	Unobserved	Unobserved	Unobserved	Unobserved	Unobserved	Unobserved	Unobserved	Unobserved	Unobserved	Unobserved	Unobserved	1	TRUE	FALSE	FALSE
10N.247.311.85	Unobserved	Unobserved	Unobserved	Unobserved	Unobserved	Unobserved	Unobserved	Unobserved	Unobserved	Unobserved	Unobserved	Unobserved	Unobserved	Unobserved	Unobserved	Unobserved	Unobserved	Unobserved	Unobserved	Unobserved	Unobserved	Unobserved	Unobserved	Unobserved	Unobserved	Unobserved	Unobserved	Unobserved	Unobserved	Unobserved	Unobserved	Unobserved	Unobserved	Unobserved	Unobserved	Unobserved	Unobserved	Unobserved	Unobserved	Unobserved	Unobserved	Unobserved	Unobserved	Unobserved	Unobserved	Unobserved	Unobserved	Unobserved	Unobserved	Unobserved	Unobserved	Unobserved	Unobserved	Unobserved	Unobserved	Unobserved	Unobserved	Unobserved	Unobserved	Unobserved	Unobserved	Unobserved	Unobserved	Unobserved	Unobserved	Unobserved	Unobserved	Unobserved	Unobserved	Unobserved	Unobserved	Unobserved	Unobserved	Unobserved	Unobserved	Unobserved	Unobserved	0	FALSE	FALSE	FALSE
10N.247.311.86	Unobserved	Unobserved	Unobserved	Unobserved	Unobserved	Unobserved	Unobserved	Unobserved	Unobserved	Unobserved	Unobserved	Unobserved	Unobserved	Unobserved	Unobserved	Unobserved	Unobserved	Unobserved	Unobserved	Unobserved	Unobserved	Unobserved	Unobserved	Unobserved	Unobserved	Unobserved	Unobserved	Unobserved	Unobserved	Unobserved	Unobserved	Unobserved	Unobserved	Unobserved	Unobserved	Unobserved	Unobserved	Unobserved	Unobserved	Unobserved	Unobserved	Unobserved	Unobserved	Unobserved	Unobserved	Unobserved	Unobserved	Unobserved	Unobserved	Unobserved	Unobserved	Unobserved	Unobserved	Unobserved	Unobserved	Unobserved	Unobserved	Unobserved	Unobserved	Unobserved	Unobserved	Unobserved	Unobserved	Unobserved	Unobserved	Unobserved	Unobserved	Unobserved	Unobserved	Unobserved	Unobserved	Unobserved	Unobserved	Unobserved	Unobserved	Unobserved	Unobserved	0	FALSE	FALSE	FALSE
10N.261.45.A3	Unobserved	Unobserved	Unobserved	Unobserved	Unobserved	Unobserved	Unobserved	Unobserved	Unobserved	Unobserved	Unobserved	Unobserved	Unobserved	Unobserved	Unobserved	Unobserved	Unobserved	Unobserved	Unobserved	Unobserved	Unobserved	Unobserved	Unobserved	Unobserved	Unobserved	Unobserved	Unobserved	Unobserved	Unobserved	Unobserved	Unobserved	Unobserved	Unobserved	Unobserved	Unobserved	Unobserved	Unobserved	Unobserved	Unobserved	Unobserved	Unobserved	Unobserved	Unobserved	Unobserved	Unobserved	Unobserved	Unobserved	Unobserved	Unobserved	Unobserved	Unobserved	Unobserved	Unobserved	Unobserved	Unobserved	Unobserved	Unobserved	Unobserved	Unobserved	Unobserved	Unobserved	Unobserved	Unobserved	Unobserved	Unobserved	Unobserved	Unobserved	Unobserved	Unobserved	Unobserved	Unobserved	Unobserved	Unobserved	Unobserved	Unobserved	Unobserved	Unobserved	0	FALSE	FALSE	FALSE
10N.261.45.E6	Unobserved	Unobserved	Unobserved	Unobserved	Unobserved	Unobserved	Unobserved	Unobserved	Unobserved	Unobserved	Unobserved	Unobserved	Unobserved	Unobserved	Unobserved	Unobserved	Unobserved	Unobserved	Unobserved	Unobserved	Unobserved	Unobserved	Unobserved	Unobserved	Unobserved	Unobserved	Unobserved	Unobserved	Unobserved	Unobserved	Unobserved	Unobserved	Unobserved	Unobserved	Unobserved	Unobserved	Unobserved	Unobserved	Unobserved	Unobserved	Unobserved	Unobserved	Unobserved	Unobserved	Unobserved	Unobserved	Unobserved	Unobserved	Unobserved	Unobserved	Unobserved	Unobserved	Unobserved	Unobserved	Unobserved	Unobserved	Unobserved	Unobserved	Unobserved	Unobserved	Unobserved	Unobserved	Unobserved	Unobserved	Unobserved	Unobserved	Unobserved	Unobserved	Unobserved	Unobserved	Unobserved	Unobserved	Observed	Unobserved	Unobserved	Unobserved	Unobserved	1	TRUE	FALSE	FALSE
10N.261.45.F7	Unobserved	Unobserved	Unobserved	Unobserved	Unobserved	Unobserved	Unobserved	Unobserved	Unobserved	Unobserved	Unobserved	Unobserved	Unobserved	Unobserved	Unobserved	Unobserved	Unobserved	Unobserved	Unobserved	Unobserved	Unobserved	Unobserved	Unobserved	Unobserved	Unobserved	Unobserved	Unobserved	Unobserved	Unobserved	Unobserved	Unobserved	Unobserved	Unobserved	Unobserved	Unobserved	Unobserved	Unobserved	Unobserved	Unobserved	Unobserved	Unobserved	Unobserved	Unobserved	Unobserved	Unobserved	Unobserved	Unobserved	Unobserved	Unobserved	Unobserved	Unobserved	Unobserved	Unobserved	Unobserved	Unobserved	Unobserved	Unobserved	Unobserved	Unobserved	Unobserved	Unobserved	Unobserved	Unobserved	Unobserved	Unobserved	Unobserved	Unobserved	Unobserved	Unobserved	Unobserved	Unobserved	Unobserved	Observed	Unobserved	Unobserved	Unobserved	Unobserved	1	TRUE	FALSE	FALSE
10N.261.46.A5	Unobserved	Unobserved	Unobserved	Unobserved	Unobserved	Unobserved	Unobserved	Unobserved	Unobserved	Unobserved	Unobserved	Unobserved	Unobserved	Unobserved	Unobserved	Unobserved	Unobserved	Unobserved	Unobserved	Unobserved	Unobserved	Unobserved	Unobserved	Unobserved	Unobserved	Unobserved	Unobserved	Unobserved	Unobserved	Unobserved	Unobserved	Unobserved	Unobserved	Unobserved	Unobserved	Unobserved	Unobserved	Unobserved	Unobserved	Unobserved	Unobserved	Unobserved	Unobserved	Unobserved	Unobserved	Unobserved	Unobserved	Unobserved	Unobserved	Unobserved	Unobserved	Unobserved	Unobserved	Unobserved	Unobserved	Unobserved	Unobserved	Unobserved	Unobserved	Unobserved	Unobserved	Unobserved	Unobserved	Unobserved	Unobserved	Unobserved	Unobserved	Unobserved	Unobserved	Unobserved	Unobserved	Unobserved	Unobserved	Unobserved	Unobserved	Unobserved	Unobserved	0	FALSE	FALSE	FALSE
10N.261.48.A6	Unobserved	Unobserved	Unobserved	Unobserved	Unobserved	Unobserved	Unobserved	Unobserved	Unobserved	Unobserved	Unobserved	Unobserved	Unobserved	Unobserved	Unobserved	Unobserved	Unobserved	Unobserved	Unobserved	Unobserved	Unobserved	Unobserved	Unobserved	Unobserved	Unobserved	Unobserved	Unobserved	Unobserved	Unobserved	Unobserved	Unobserved	Unobserved	Unobserved	Unobserved	Unobserved	Unobserved	Unobserved	Unobserved	Unobserved	Unobserved	Unobserved	Unobserved	Unobserved	Unobserved	Unobserved	Unobserved	Unobserved	Unobserved	Unobserved	Unobserved	Unobserved	Unobserved	Unobserved	Unobserved	Unobserved	Unobserved	Unobserved	Unobserved	Unobserved	Unobserved	Unobserved	Unobserved	Unobserved	Unobserved	Unobserved	Unobserved	Unobserved	Unobserved	Unobserved	Unobserved	Unobserved	Unobserved	Observed	Unobserved	Unobserved	Unobserved	Unobserved	1	TRUE	FALSE	FALSE
10N.261.48.F6	Unobserved	Unobserved	Unobserved	Unobserved	Unobserved	Unobserved	Unobserved	Unobserved	Unobserved	Unobserved	Unobserved	Unobserved	Unobserved	Unobserved	Unobserved	Unobserved	Unobserved	Unobserved	Unobserved	Unobserved	Unobserved	Unobserved	Unobserved	Unobserved	Unobserved	Unobserved	Unobserved	Unobserved	Unobserved	Unobserved	Unobserved	Unobserved	Unobserved	Unobserved	Unobserved	Unobserved	Unobserved	Unobserved	Unobserved	Unobserved	Unobserved	Unobserved	Unobserved	Unobserved	Unobserved	Unobserved	Unobserved	Unobserved	Unobserved	Unobserved	Unobserved	Unobserved	Unobserved	Unobserved	Unobserved	Unobserved	Unobserved	Unobserved	Unobserved	Unobserved	Unobserved	Unobserved	Unobserved	Unobserved	Unobserved	Unobserved	Unobserved	Unobserved	Unobserved	Unobserved	Unobserved	Unobserved	Unobserved	Unobserved	Unobserved	Unobserved	Unobserved	0	FALSE	FALSE	FALSE
10N.261.51.F5	Unobserved	Unobserved	Unobserved	Unobserved	Unobserved	Unobserved	Unobserved	Unobserved	Unobserved	Unobserved	Unobserved	Unobserved	Unobserved	Unobserved	Unobserved	Unobserved	Unobserved	Unobserved	Unobserved	Unobserved	Unobserved	Unobserved	Unobserved	Unobserved	Unobserved	Unobserved	Unobserved	Unobserved	Unobserved	Unobserved	Unobserved	Observed	Unobserved	Unobserved	Unobserved	Unobserved	Unobserved	Unobserved	Unobserved	Unobserved	Unobserved	Observed	Unobserved	Unobserved	Unobserved	Unobserved	Unobserved	Unobserved	Unobserved	Unobserved	Unobserved	Unobserved	Unobserved	Unobserved	Unobserved	Unobserved	Unobserved	Unobserved	Unobserved	Unobserved	Unobserved	Unobserved	Unobserved	Unobserved	Unobserved	Unobserved	Unobserved	Unobserved	Unobserved	Unobserved	Unobserved	Unobserved	Unobserved	Unobserved	Unobserved	Unobserved	Unobserved	2	TRUE	TRUE	FALSE
10N.261.52.C4	Unobserved	Unobserved	Unobserved	Unobserved	Unobserved	Unobserved	Unobserved	Unobserved	Unobserved	Unobserved	Unobserved	Unobserved	Unobserved	Unobserved	Unobserved	Unobserved	Unobserved	Unobserved	Unobserved	Unobserved	Unobserved	Unobserved	Unobserved	Unobserved	Unobserved	Unobserved	Unobserved	Unobserved	Unobserved	Unobserved	Unobserved	Unobserved	Unobserved	Unobserved	Unobserved	Observed	Unobserved	Unobserved	Unobserved	Unobserved	Unobserved	Unobserved	Unobserved	Unobserved	Unobserved	Unobserved	Unobserved	Unobserved	Unobserved	Unobserved	Unobserved	Unobserved	Unobserved	Unobserved	Unobserved	Unobserved	Unobserved	Unobserved	Unobserved	Unobserved	Unobserved	Unobserved	Unobserved	Unobserved	Unobserved	Unobserved	Unobserved	Unobserved	Unobserved	Unobserved	Unobserved	Unobserved	Unobserved	Observed	Unobserved	Unobserved	Unobserved	2	TRUE	TRUE	FALSE
10N.261.52.E1	Unobserved	Unobserved	Unobserved	Unobserved	Unobserved	Unobserved	Unobserved	Unobserved	Unobserved	Unobserved	Unobserved	Unobserved	Unobserved	Unobserved	Unobserved	Unobserved	Unobserved	Unobserved	Unobserved	Unobserved	Unobserved	Unobserved	Unobserved	Unobserved	Unobserved	Unobserved	Unobserved	Unobserved	Unobserved	Unobserved	Unobserved	Unobserved	Unobserved	Unobserved	Unobserved	Observed	Unobserved	Unobserved	Unobserved	Unobserved	Unobserved	Unobserved	Unobserved	Unobserved	Unobserved	Unobserved	Unobserved	Unobserved	Unobserved	Unobserved	Unobserved	Unobserved	Unobserved	Unobserved	Unobserved	Unobserved	Unobserved	Unobserved	Unobserved	Unobserved	Unobserved	Unobserved	Unobserved	Unobserved	Unobserved	Unobserved	Unobserved	Unobserved	Unobserved	Unobserved	Unobserved	Unobserved	Observed	Unobserved	Unobserved	Unobserved	Unobserved	2	TRUE	TRUE	FALSE
10N.261.54.A3	Unobserved	Unobserved	Unobserved	Unobserved	Unobserved	Unobserved	Unobserved	Unobserved	Unobserved	Unobserved	Unobserved	Unobserved	Unobserved	Unobserved	Unobserved	Unobserved	Unobserved	Unobserved	Unobserved	Unobserved	Unobserved	Unobserved	Unobserved	Unobserved	Unobserved	Unobserved	Unobserved	Unobserved	Unobserved	Unobserved	Unobserved	Unobserved	Unobserved	Unobserved	Unobserved	Unobserved	Unobserved	Unobserved	Unobserved	Unobserved	Unobserved	Unobserved	Unobserved	Unobserved	Unobserved	Unobserved	Unobserved	Unobserved	Unobserved	Unobserved	Unobserved	Unobserved	Unobserved	Unobserved	Unobserved	Unobserved	Unobserved	Unobserved	Unobserved	Unobserved	Unobserved	Unobserved	Unobserved	Unobserved	Unobserved	Unobserved	Unobserved	Unobserved	Unobserved	Unobserved	Unobserved	Unobserved	Observed	Unobserved	Unobserved	Unobserved	Unobserved	1	TRUE	FALSE	FALSE
10N.261.54.A7	Unobserved	Unobserved	Unobserved	Unobserved	Unobserved	Unobserved	Unobserved	Unobserved	Unobserved	Unobserved	Unobserved	Unobserved	Unobserved	Unobserved	Unobserved	Unobserved	Unobserved	Unobserved	Unobserved	Unobserved	Unobserved	Unobserved	Unobserved	Unobserved	Unobserved	Unobserved	Unobserved	Unobserved	Unobserved	Unobserved	Unobserved	Unobserved	Unobserved	Unobserved	Unobserved	Observed	Unobserved	Unobserved	Unobserved	Unobserved	Unobserved	Unobserved	Unobserved	Unobserved	Unobserved	Unobserved	Unobserved	Unobserved	Unobserved	Unobserved	Unobserved	Unobserved	Unobserved	Unobserved	Unobserved	Unobserved	Unobserved	Unobserved	Unobserved	Unobserved	Unobserved	Unobserved	Unobserved	Unobserved	Unobserved	Unobserved	Unobserved	Unobserved	Unobserved	Unobserved	Unobserved	Unobserved	Unobserved	Unobserved	Unobserved	Unobserved	Unobserved	1	TRUE	FALSE	FALSE
10N.261.54.B8	Unobserved	Unobserved	Unobserved	Unobserved	Unobserved	Unobserved	Unobserved	Unobserved	Unobserved	Unobserved	Unobserved	Unobserved	Unobserved	Unobserved	Unobserved	Unobserved	Unobserved	Unobserved	Unobserved	Unobserved	Unobserved	Unobserved	Unobserved	Unobserved	Unobserved	Unobserved	Unobserved	Unobserved	Unobserved	Unobserved	Unobserved	Unobserved	Unobserved	Unobserved	Unobserved	Observed	Unobserved	Unobserved	Unobserved	Unobserved	Unobserved	Unobserved	Unobserved	Unobserved	Unobserved	Unobserved	Unobserved	Unobserved	Unobserved	Unobserved	Unobserved	Unobserved	Unobserved	Unobserved	Unobserved	Unobserved	Unobserved	Unobserved	Unobserved	Unobserved	Unobserved	Unobserved	Unobserved	Unobserved	Unobserved	Unobserved	Unobserved	Unobserved	Unobserved	Unobserved	Unobserved	Unobserved	Unobserved	Unobserved	Unobserved	Unobserved	Unobserved	1	TRUE	FALSE	FALSE
10N.261.54.F1	Unobserved	Unobserved	Unobserved	Unobserved	Unobserved	Unobserved	Unobserved	Unobserved	Unobserved	Unobserved	Unobserved	Unobserved	Unobserved	Unobserved	Unobserved	Unobserved	Observed	Unobserved	Unobserved	Unobserved	Unobserved	Unobserved	Unobserved	Unobserved	Unobserved	Unobserved	Observed	Unobserved	Unobserved	Unobserved	Unobserved	Unobserved	Unobserved	Unobserved	Unobserved	Observed	Observed	Unobserved	Unobserved	Unobserved	Unobserved	Unobserved	Unobserved	Unobserved	Unobserved	Unobserved	Unobserved	Unobserved	Unobserved	Unobserved	Unobserved	Unobserved	Unobserved	Unobserved	Unobserved	Unobserved	Unobserved	Unobserved	Unobserved	Unobserved	Unobserved	Unobserved	Unobserved	Unobserved	Unobserved	Unobserved	Unobserved	Unobserved	Unobserved	Unobserved	Unobserved	Unobserved	Unobserved	Unobserved	Unobserved	Unobserved	Unobserved	4	TRUE	TRUE	TRUE
10N.261.54.F12	Unobserved	Unobserved	Unobserved	Unobserved	Unobserved	Unobserved	Observed	Unobserved	Unobserved	Unobserved	Unobserved	Unobserved	Unobserved	Unobserved	Unobserved	Unobserved	Unobserved	Unobserved	Unobserved	Unobserved	Unobserved	Unobserved	Unobserved	Unobserved	Unobserved	Unobserved	Unobserved	Unobserved	Unobserved	Unobserved	Unobserved	Unobserved	Unobserved	Unobserved	Unobserved	Unobserved	Unobserved	Unobserved	Unobserved	Unobserved	Unobserved	Unobserved	Unobserved	Unobserved	Unobserved	Unobserved	Unobserved	Unobserved	Unobserved	Unobserved	Unobserved	Unobserved	Unobserved	Unobserved	Unobserved	Unobserved	Unobserved	Unobserved	Unobserved	Unobserved	Unobserved	Unobserved	Unobserved	Unobserved	Unobserved	Unobserved	Unobserved	Unobserved	Unobserved	Unobserved	Unobserved	Unobserved	Unobserved	Unobserved	Unobserved	Unobserved	Unobserved	1	TRUE	FALSE	FALSE
10N.261.54.F8	Unobserved	Unobserved	Unobserved	Unobserved	Unobserved	Unobserved	Unobserved	Unobserved	Unobserved	Unobserved	Unobserved	Unobserved	Unobserved	Unobserved	Unobserved	Unobserved	Unobserved	Unobserved	Unobserved	Unobserved	Unobserved	Unobserved	Unobserved	Unobserved	Unobserved	Unobserved	Unobserved	Unobserved	Unobserved	Unobserved	Unobserved	Unobserved	Unobserved	Unobserved	Unobserved	Unobserved	Unobserved	Unobserved	Unobserved	Unobserved	Unobserved	Unobserved	Unobserved	Unobserved	Unobserved	Unobserved	Unobserved	Unobserved	Unobserved	Unobserved	Unobserved	Unobserved	Unobserved	Unobserved	Unobserved	Unobserved	Unobserved	Unobserved	Unobserved	Unobserved	Unobserved	Unobserved	Unobserved	Unobserved	Unobserved	Unobserved	Unobserved	Unobserved	Unobserved	Unobserved	Unobserved	Unobserved	Unobserved	Unobserved	Unobserved	Unobserved	Unobserved	0	FALSE	FALSE	FALSE
10N.261.54.F9	Unobserved	Unobserved	Unobserved	Unobserved	Unobserved	Unobserved	Unobserved	Unobserved	Unobserved	Unobserved	Unobserved	Unobserved	Unobserved	Unobserved	Unobserved	Unobserved	Unobserved	Unobserved	Unobserved	Unobserved	Unobserved	Unobserved	Unobserved	Unobserved	Unobserved	Unobserved	Unobserved	Unobserved	Unobserved	Unobserved	Unobserved	Unobserved	Unobserved	Unobserved	Unobserved	Unobserved	Unobserved	Unobserved	Unobserved	Unobserved	Unobserved	Unobserved	Unobserved	Unobserved	Unobserved	Unobserved	Unobserved	Unobserved	Unobserved	Unobserved	Unobserved	Unobserved	Unobserved	Unobserved	Unobserved	Unobserved	Unobserved	Unobserved	Unobserved	Unobserved	Unobserved	Unobserved	Unobserved	Unobserved	Unobserved	Unobserved	Unobserved	Unobserved	Unobserved	Unobserved	Unobserved	Unobserved	Unobserved	Unobserved	Unobserved	Unobserved	Unobserved	0	FALSE	FALSE	FALSE
10N.261.55.A1	Unobserved	Unobserved	Unobserved	Unobserved	Unobserved	Unobserved	Unobserved	Unobserved	Unobserved	Unobserved	Unobserved	Unobserved	Unobserved	Unobserved	Unobserved	Unobserved	Unobserved	Unobserved	Unobserved	Unobserved	Unobserved	Unobserved	Unobserved	Unobserved	Unobserved	Unobserved	Unobserved	Unobserved	Unobserved	Unobserved	Unobserved	Unobserved	Unobserved	Unobserved	Unobserved	Observed	Unobserved	Unobserved	Unobserved	Unobserved	Unobserved	Unobserved	Unobserved	Unobserved	Unobserved	Unobserved	Unobserved	Unobserved	Unobserved	Unobserved	Unobserved	Unobserved	Unobserved	Unobserved	Unobserved	Unobserved	Unobserved	Unobserved	Unobserved	Unobserved	Unobserved	Unobserved	Unobserved	Unobserved	Unobserved	Unobserved	Unobserved	Unobserved	Unobserved	Unobserved	Unobserved	Unobserved	Observed	Unobserved	Unobserved	Unobserved	Unobserved	2	TRUE	TRUE	FALSE
10N.261.55.A11	Unobserved	Unobserved	Unobserved	Unobserved	Unobserved	Observed	Unobserved	Unobserved	Unobserved	Unobserved	Unobserved	Unobserved	Unobserved	Unobserved	Unobserved	Unobserved	Unobserved	Unobserved	Unobserved	Unobserved	Unobserved	Unobserved	Unobserved	Unobserved	Unobserved	Unobserved	Unobserved	Unobserved	Unobserved	Unobserved	Unobserved	Unobserved	Unobserved	Unobserved	Unobserved	Unobserved	Unobserved	Unobserved	Unobserved	Unobserved	Unobserved	Unobserved	Unobserved	Unobserved	Unobserved	Unobserved	Unobserved	Unobserved	Unobserved	Unobserved	Unobserved	Unobserved	Unobserved	Unobserved	Unobserved	Unobserved	Unobserved	Unobserved	Unobserved	Unobserved	Unobserved	Unobserved	Unobserved	Unobserved	Unobserved	Unobserved	Unobserved	Unobserved	Unobserved	Unobserved	Observed	Unobserved	Observed	Unobserved	Unobserved	Unobserved	Unobserved	3	TRUE	TRUE	TRUE
10N.261.55.A5	Unobserved	Unobserved	Unobserved	Unobserved	Unobserved	Unobserved	Unobserved	Unobserved	Unobserved	Unobserved	Unobserved	Unobserved	Unobserved	Unobserved	Unobserved	Unobserved	Unobserved	Unobserved	Unobserved	Unobserved	Unobserved	Unobserved	Unobserved	Unobserved	Unobserved	Unobserved	Unobserved	Unobserved	Unobserved	Unobserved	Unobserved	Unobserved	Unobserved	Unobserved	Unobserved	Observed	Unobserved	Unobserved	Unobserved	Unobserved	Unobserved	Unobserved	Unobserved	Unobserved	Unobserved	Unobserved	Unobserved	Unobserved	Unobserved	Unobserved	Unobserved	Unobserved	Unobserved	Unobserved	Observed	Unobserved	Unobserved	Unobserved	Unobserved	Unobserved	Unobserved	Unobserved	Unobserved	Unobserved	Unobserved	Unobserved	Unobserved	Unobserved	Unobserved	Unobserved	Unobserved	Unobserved	Observed	Unobserved	Unobserved	Unobserved	Unobserved	3	TRUE	TRUE	TRUE
10N.261.55.B4	Unobserved	Unobserved	Unobserved	Unobserved	Unobserved	Unobserved	Unobserved	Unobserved	Unobserved	Unobserved	Unobserved	Unobserved	Unobserved	Unobserved	Unobserved	Unobserved	Unobserved	Unobserved	Unobserved	Unobserved	Unobserved	Unobserved	Unobserved	Unobserved	Unobserved	Unobserved	Unobserved	Unobserved	Unobserved	Unobserved	Unobserved	Unobserved	Unobserved	Unobserved	Unobserved	Unobserved	Unobserved	Unobserved	Unobserved	Unobserved	Unobserved	Unobserved	Unobserved	Unobserved	Unobserved	Unobserved	Unobserved	Unobserved	Unobserved	Unobserved	Unobserved	Unobserved	Unobserved	Unobserved	Unobserved	Unobserved	Unobserved	Unobserved	Unobserved	Unobserved	Unobserved	Unobserved	Unobserved	Unobserved	Unobserved	Unobserved	Unobserved	Unobserved	Unobserved	Unobserved	Unobserved	Unobserved	Observed	Unobserved	Unobserved	Unobserved	Unobserved	1	TRUE	FALSE	FALSE
10N.261.55.B9	Unobserved	Unobserved	Unobserved	Unobserved	Unobserved	Unobserved	Unobserved	Unobserved	Unobserved	Unobserved	Unobserved	Unobserved	Unobserved	Unobserved	Unobserved	Unobserved	Unobserved	Unobserved	Unobserved	Unobserved	Unobserved	Unobserved	Unobserved	Unobserved	Unobserved	Unobserved	Unobserved	Unobserved	Unobserved	Unobserved	Unobserved	Unobserved	Unobserved	Unobserved	Unobserved	Unobserved	Unobserved	Unobserved	Unobserved	Unobserved	Unobserved	Unobserved	Unobserved	Unobserved	Unobserved	Unobserved	Unobserved	Unobserved	Unobserved	Unobserved	Unobserved	Unobserved	Unobserved	Unobserved	Unobserved	Unobserved	Unobserved	Unobserved	Unobserved	Unobserved	Unobserved	Unobserved	Unobserved	Unobserved	Unobserved	Unobserved	Unobserved	Unobserved	Unobserved	Unobserved	Unobserved	Unobserved	Unobserved	Unobserved	Unobserved	Unobserved	Unobserved	0	FALSE	FALSE	FALSE
10N.261.55.E6	Unobserved	Unobserved	Unobserved	Unobserved	Unobserved	Unobserved	Unobserved	Unobserved	Unobserved	Unobserved	Unobserved	Unobserved	Unobserved	Unobserved	Unobserved	Unobserved	Unobserved	Unobserved	Unobserved	Unobserved	Unobserved	Unobserved	Unobserved	Unobserved	Unobserved	Unobserved	Unobserved	Unobserved	Unobserved	Unobserved	Unobserved	Unobserved	Unobserved	Unobserved	Unobserved	Unobserved	Unobserved	Unobserved	Unobserved	Unobserved	Unobserved	Unobserved	Unobserved	Unobserved	Unobserved	Unobserved	Unobserved	Unobserved	Unobserved	Unobserved	Unobserved	Unobserved	Unobserved	Unobserved	Unobserved	Unobserved	Unobserved	Unobserved	Unobserved	Unobserved	Unobserved	Unobserved	Unobserved	Unobserved	Unobserved	Unobserved	Unobserved	Unobserved	Unobserved	Unobserved	Unobserved	Unobserved	Unobserved	Unobserved	Unobserved	Unobserved	Unobserved	0	FALSE	FALSE	FALSE
10N.261.55.F11	Unobserved	Unobserved	Unobserved	Unobserved	Unobserved	Unobserved	Unobserved	Unobserved	Unobserved	Unobserved	Unobserved	Unobserved	Unobserved	Unobserved	Unobserved	Unobserved	Unobserved	Unobserved	Unobserved	Unobserved	Unobserved	Unobserved	Unobserved	Unobserved	Unobserved	Unobserved	Unobserved	Unobserved	Unobserved	Unobserved	Unobserved	Unobserved	Unobserved	Unobserved	Unobserved	Unobserved	Unobserved	Unobserved	Unobserved	Unobserved	Unobserved	Unobserved	Unobserved	Unobserved	Unobserved	Unobserved	Unobserved	Unobserved	Unobserved	Unobserved	Unobserved	Unobserved	Unobserved	Unobserved	Unobserved	Unobserved	Unobserved	Unobserved	Unobserved	Unobserved	Unobserved	Unobserved	Unobserved	Unobserved	Observed	Unobserved	Unobserved	Unobserved	Unobserved	Unobserved	Unobserved	Unobserved	Unobserved	Unobserved	Unobserved	Unobserved	Unobserved	1	TRUE	FALSE	FALSE
10N.261.55.F3	Unobserved	Unobserved	Unobserved	Unobserved	Unobserved	Unobserved	Unobserved	Unobserved	Unobserved	Unobserved	Unobserved	Unobserved	Unobserved	Unobserved	Unobserved	Unobserved	Unobserved	Unobserved	Unobserved	Unobserved	Unobserved	Unobserved	Unobserved	Unobserved	Unobserved	Unobserved	Unobserved	Unobserved	Unobserved	Unobserved	Unobserved	Unobserved	Unobserved	Unobserved	Unobserved	Unobserved	Unobserved	Unobserved	Unobserved	Unobserved	Unobserved	Unobserved	Unobserved	Unobserved	Unobserved	Unobserved	Unobserved	Unobserved	Unobserved	Unobserved	Unobserved	Unobserved	Unobserved	Unobserved	Unobserved	Unobserved	Unobserved	Unobserved	Unobserved	Unobserved	Unobserved	Unobserved	Unobserved	Unobserved	Unobserved	Unobserved	Unobserved	Unobserved	Unobserved	Unobserved	Unobserved	Unobserved	Unobserved	Unobserved	Unobserved	Unobserved	Unobserved	0	FALSE	FALSE	FALSE
10N.261.55.F9	Unobserved	Unobserved	Unobserved	Unobserved	Unobserved	Unobserved	Unobserved	Unobserved	Unobserved	Unobserved	Unobserved	Unobserved	Unobserved	Unobserved	Unobserved	Unobserved	Unobserved	Unobserved	Unobserved	Unobserved	Unobserved	Unobserved	Unobserved	Unobserved	Unobserved	Unobserved	Unobserved	Unobserved	Unobserved	Unobserved	Unobserved	Unobserved	Unobserved	Unobserved	Unobserved	Unobserved	Unobserved	Unobserved	Unobserved	Unobserved	Unobserved	Unobserved	Unobserved	Unobserved	Unobserved	Unobserved	Unobserved	Unobserved	Unobserved	Unobserved	Unobserved	Unobserved	Unobserved	Unobserved	Unobserved	Unobserved	Unobserved	Unobserved	Unobserved	Unobserved	Unobserved	Unobserved	Unobserved	Unobserved	Unobserved	Unobserved	Unobserved	Unobserved	Unobserved	Unobserved	Unobserved	Unobserved	Observed	Unobserved	Unobserved	Unobserved	Unobserved	1	TRUE	FALSE	FALSE
10N.286.45.A5	Unobserved	Unobserved	Unobserved	Unobserved	Unobserved	Unobserved	Unobserved	Unobserved	Unobserved	Unobserved	Unobserved	Unobserved	Unobserved	Unobserved	Unobserved	Unobserved	Unobserved	Unobserved	Unobserved	Unobserved	Unobserved	Unobserved	Unobserved	Unobserved	Unobserved	Unobserved	Unobserved	Unobserved	Unobserved	Unobserved	Unobserved	Unobserved	Unobserved	Unobserved	Unobserved	Unobserved	Unobserved	Unobserved	Unobserved	Unobserved	Unobserved	Unobserved	Unobserved	Unobserved	Unobserved	Unobserved	Unobserved	Unobserved	Unobserved	Unobserved	Unobserved	Unobserved	Unobserved	Unobserved	Unobserved	Unobserved	Unobserved	Unobserved	Unobserved	Unobserved	Unobserved	Unobserved	Unobserved	Unobserved	Unobserved	Unobserved	Unobserved	Unobserved	Unobserved	Unobserved	Unobserved	Unobserved	Unobserved	Unobserved	Unobserved	Unobserved	Unobserved	0	FALSE	FALSE	FALSE
10N.286.45.B12	Unobserved	Unobserved	Unobserved	Unobserved	Unobserved	Unobserved	Unobserved	Unobserved	Unobserved	Unobserved	Unobserved	Unobserved	Unobserved	Unobserved	Observed	Unobserved	Unobserved	Unobserved	Unobserved	Unobserved	Unobserved	Unobserved	Unobserved	Unobserved	Unobserved	Unobserved	Observed	Unobserved	Unobserved	Unobserved	Unobserved	Unobserved	Unobserved	Unobserved	Unobserved	Observed	Unobserved	Unobserved	Unobserved	Unobserved	Unobserved	Unobserved	Unobserved	Unobserved	Unobserved	Unobserved	Unobserved	Unobserved	Unobserved	Unobserved	Unobserved	Unobserved	Unobserved	Unobserved	Unobserved	Unobserved	Unobserved	Unobserved	Unobserved	Unobserved	Unobserved	Unobserved	Unobserved	Unobserved	Unobserved	Unobserved	Unobserved	Unobserved	Unobserved	Unobserved	Unobserved	Unobserved	Unobserved	Unobserved	Unobserved	Unobserved	Unobserved	3	TRUE	TRUE	TRUE
10N.286.45.B7	Unobserved	Unobserved	Unobserved	Unobserved	Unobserved	Unobserved	Unobserved	Unobserved	Unobserved	Unobserved	Unobserved	Unobserved	Unobserved	Unobserved	Unobserved	Unobserved	Unobserved	Unobserved	Unobserved	Unobserved	Unobserved	Unobserved	Unobserved	Unobserved	Unobserved	Unobserved	Unobserved	Unobserved	Unobserved	Unobserved	Unobserved	Unobserved	Unobserved	Unobserved	Unobserved	Unobserved	Unobserved	Unobserved	Unobserved	Unobserved	Unobserved	Unobserved	Unobserved	Unobserved	Unobserved	Unobserved	Unobserved	Unobserved	Unobserved	Unobserved	Unobserved	Unobserved	Unobserved	Unobserved	Unobserved	Unobserved	Unobserved	Unobserved	Unobserved	Unobserved	Unobserved	Unobserved	Unobserved	Unobserved	Unobserved	Unobserved	Unobserved	Unobserved	Unobserved	Unobserved	Unobserved	Unobserved	Unobserved	Unobserved	Unobserved	Unobserved	Unobserved	0	FALSE	FALSE	FALSE
10N.286.45.E12	Unobserved	Unobserved	Unobserved	Unobserved	Unobserved	Unobserved	Unobserved	Unobserved	Unobserved	Unobserved	Unobserved	Unobserved	Unobserved	Unobserved	Unobserved	Observed	Unobserved	Unobserved	Unobserved	Unobserved	Unobserved	Unobserved	Unobserved	Unobserved	Unobserved	Unobserved	Unobserved	Unobserved	Unobserved	Unobserved	Unobserved	Unobserved	Unobserved	Unobserved	Unobserved	Observed	Unobserved	Unobserved	Unobserved	Unobserved	Unobserved	Unobserved	Unobserved	Unobserved	Unobserved	Unobserved	Unobserved	Unobserved	Unobserved	Unobserved	Unobserved	Unobserved	Unobserved	Unobserved	Unobserved	Unobserved	Unobserved	Unobserved	Unobserved	Unobserved	Unobserved	Unobserved	Unobserved	Unobserved	Unobserved	Unobserved	Unobserved	Unobserved	Unobserved	Unobserved	Unobserved	Unobserved	Unobserved	Unobserved	Unobserved	Unobserved	Unobserved	2	TRUE	TRUE	FALSE
10N.286.45.F6	Unobserved	Unobserved	Unobserved	Unobserved	Unobserved	Unobserved	Unobserved	Unobserved	Unobserved	Unobserved	Unobserved	Unobserved	Unobserved	Unobserved	Unobserved	Unobserved	Unobserved	Unobserved	Unobserved	Unobserved	Unobserved	Unobserved	Unobserved	Unobserved	Unobserved	Unobserved	Unobserved	Unobserved	Unobserved	Unobserved	Unobserved	Unobserved	Unobserved	Unobserved	Unobserved	Unobserved	Unobserved	Unobserved	Unobserved	Unobserved	Unobserved	Unobserved	Unobserved	Unobserved	Unobserved	Unobserved	Unobserved	Unobserved	Unobserved	Unobserved	Unobserved	Unobserved	Unobserved	Unobserved	Unobserved	Unobserved	Unobserved	Unobserved	Unobserved	Unobserved	Unobserved	Unobserved	Unobserved	Unobserved	Unobserved	Unobserved	Unobserved	Unobserved	Unobserved	Unobserved	Unobserved	Unobserved	Unobserved	Unobserved	Unobserved	Unobserved	Unobserved	0	FALSE	FALSE	FALSE
10N.286.45.F7	Unobserved	Unobserved	Unobserved	Unobserved	Unobserved	Unobserved	Unobserved	Unobserved	Unobserved	Unobserved	Unobserved	Unobserved	Unobserved	Unobserved	Unobserved	Unobserved	Unobserved	Unobserved	Unobserved	Unobserved	Unobserved	Unobserved	Unobserved	Unobserved	Unobserved	Unobserved	Unobserved	Unobserved	Unobserved	Unobserved	Unobserved	Unobserved	Unobserved	Unobserved	Unobserved	Unobserved	Unobserved	Unobserved	Unobserved	Unobserved	Unobserved	Unobserved	Observed	Unobserved	Unobserved	Unobserved	Unobserved	Unobserved	Unobserved	Unobserved	Unobserved	Unobserved	Unobserved	Unobserved	Unobserved	Unobserved	Unobserved	Unobserved	Unobserved	Unobserved	Unobserved	Unobserved	Unobserved	Unobserved	Unobserved	Unobserved	Unobserved	Unobserved	Unobserved	Unobserved	Unobserved	Unobserved	Observed	Unobserved	Unobserved	Unobserved	Unobserved	2	TRUE	TRUE	FALSE
10N.286.45.F8	Unobserved	Unobserved	Unobserved	Unobserved	Unobserved	Unobserved	Unobserved	Unobserved	Unobserved	Unobserved	Unobserved	Unobserved	Unobserved	Unobserved	Unobserved	Unobserved	Unobserved	Unobserved	Unobserved	Unobserved	Unobserved	Unobserved	Unobserved	Unobserved	Unobserved	Unobserved	Unobserved	Unobserved	Unobserved	Unobserved	Unobserved	Unobserved	Unobserved	Unobserved	Unobserved	Unobserved	Unobserved	Unobserved	Unobserved	Unobserved	Unobserved	Unobserved	Observed	Unobserved	Unobserved	Unobserved	Unobserved	Unobserved	Unobserved	Unobserved	Unobserved	Unobserved	Unobserved	Unobserved	Unobserved	Unobserved	Unobserved	Unobserved	Unobserved	Unobserved	Unobserved	Unobserved	Unobserved	Unobserved	Unobserved	Unobserved	Unobserved	Unobserved	Unobserved	Unobserved	Unobserved	Unobserved	Observed	Unobserved	Unobserved	Unobserved	Unobserved	2	TRUE	TRUE	FALSE
10N.286.46.B3	Unobserved	Unobserved	Unobserved	Unobserved	Unobserved	Unobserved	Unobserved	Unobserved	Unobserved	Unobserved	Unobserved	Unobserved	Unobserved	Unobserved	Unobserved	Unobserved	Unobserved	Unobserved	Unobserved	Unobserved	Unobserved	Unobserved	Unobserved	Unobserved	Unobserved	Unobserved	Unobserved	Unobserved	Unobserved	Unobserved	Unobserved	Unobserved	Unobserved	Unobserved	Unobserved	Unobserved	Unobserved	Unobserved	Unobserved	Unobserved	Unobserved	Unobserved	Unobserved	Unobserved	Unobserved	Unobserved	Unobserved	Unobserved	Unobserved	Unobserved	Unobserved	Unobserved	Unobserved	Unobserved	Unobserved	Unobserved	Unobserved	Unobserved	Unobserved	Unobserved	Unobserved	Unobserved	Unobserved	Unobserved	Unobserved	Unobserved	Unobserved	Unobserved	Unobserved	Unobserved	Unobserved	Unobserved	Unobserved	Unobserved	Unobserved	Unobserved	Unobserved	0	FALSE	FALSE	FALSE
10N.286.46.B5	Unobserved	Unobserved	Unobserved	Unobserved	Unobserved	Unobserved	Unobserved	Unobserved	Unobserved	Unobserved	Unobserved	Unobserved	Unobserved	Unobserved	Unobserved	Unobserved	Unobserved	Unobserved	Unobserved	Unobserved	Unobserved	Unobserved	Unobserved	Unobserved	Unobserved	Unobserved	Unobserved	Unobserved	Unobserved	Unobserved	Unobserved	Unobserved	Unobserved	Unobserved	Unobserved	Observed	Unobserved	Unobserved	Unobserved	Unobserved	Unobserved	Unobserved	Unobserved	Unobserved	Unobserved	Unobserved	Unobserved	Unobserved	Unobserved	Unobserved	Unobserved	Unobserved	Unobserved	Unobserved	Unobserved	Unobserved	Unobserved	Unobserved	Unobserved	Unobserved	Unobserved	Unobserved	Unobserved	Unobserved	Unobserved	Unobserved	Unobserved	Unobserved	Unobserved	Unobserved	Unobserved	Unobserved	Unobserved	Unobserved	Unobserved	Unobserved	Unobserved	1	TRUE	FALSE	FALSE
10N.286.46.B6	Unobserved	Unobserved	Unobserved	Unobserved	Unobserved	Unobserved	Unobserved	Unobserved	Unobserved	Unobserved	Unobserved	Unobserved	Unobserved	Unobserved	Unobserved	Unobserved	Unobserved	Unobserved	Unobserved	Unobserved	Unobserved	Unobserved	Unobserved	Unobserved	Unobserved	Unobserved	Unobserved	Unobserved	Unobserved	Unobserved	Unobserved	Unobserved	Unobserved	Unobserved	Unobserved	Unobserved	Unobserved	Unobserved	Unobserved	Unobserved	Unobserved	Unobserved	Unobserved	Unobserved	Unobserved	Unobserved	Unobserved	Unobserved	Unobserved	Unobserved	Unobserved	Unobserved	Unobserved	Unobserved	Unobserved	Unobserved	Unobserved	Unobserved	Unobserved	Unobserved	Unobserved	Unobserved	Unobserved	Unobserved	Unobserved	Unobserved	Unobserved	Unobserved	Unobserved	Unobserved	Unobserved	Unobserved	Unobserved	Unobserved	Unobserved	Unobserved	Unobserved	0	FALSE	FALSE	FALSE
10N.286.46.F8	Unobserved	Unobserved	Unobserved	Unobserved	Unobserved	Unobserved	Unobserved	Unobserved	Unobserved	Unobserved	Unobserved	Unobserved	Unobserved	Unobserved	Unobserved	Unobserved	Unobserved	Unobserved	Unobserved	Unobserved	Unobserved	Unobserved	Unobserved	Unobserved	Unobserved	Unobserved	Unobserved	Unobserved	Unobserved	Unobserved	Unobserved	Observed	Unobserved	Unobserved	Unobserved	Observed	Unobserved	Unobserved	Unobserved	Unobserved	Unobserved	Observed	Unobserved	Unobserved	Unobserved	Unobserved	Unobserved	Unobserved	Unobserved	Unobserved	Unobserved	Unobserved	Unobserved	Unobserved	Unobserved	Unobserved	Unobserved	Unobserved	Unobserved	Unobserved	Unobserved	Unobserved	Unobserved	Unobserved	Unobserved	Unobserved	Unobserved	Unobserved	Unobserved	Unobserved	Unobserved	Unobserved	Unobserved	Unobserved	Unobserved	Unobserved	Unobserved	3	TRUE	TRUE	TRUE
10N.286.48.C5	Unobserved	Unobserved	Unobserved	Unobserved	Unobserved	Unobserved	Unobserved	Unobserved	Observed	Unobserved	Unobserved	Unobserved	Unobserved	Unobserved	Unobserved	Unobserved	Unobserved	Unobserved	Observed	Unobserved	Unobserved	Unobserved	Unobserved	Unobserved	Unobserved	Unobserved	Unobserved	Unobserved	Unobserved	Unobserved	Unobserved	Unobserved	Unobserved	Unobserved	Unobserved	Unobserved	Unobserved	Unobserved	Unobserved	Unobserved	Unobserved	Unobserved	Unobserved	Unobserved	Unobserved	Unobserved	Unobserved	Unobserved	Unobserved	Unobserved	Unobserved	Unobserved	Unobserved	Unobserved	Unobserved	Unobserved	Unobserved	Unobserved	Unobserved	Unobserved	Observed	Unobserved	Unobserved	Unobserved	Unobserved	Unobserved	Unobserved	Unobserved	Unobserved	Unobserved	Unobserved	Unobserved	Unobserved	Unobserved	Unobserved	Observed	Unobserved	4	TRUE	TRUE	TRUE
10N.286.48.E2	Unobserved	Unobserved	Unobserved	Unobserved	Unobserved	Unobserved	Unobserved	Unobserved	Unobserved	Unobserved	Unobserved	Unobserved	Unobserved	Unobserved	Unobserved	Unobserved	Unobserved	Unobserved	Unobserved	Unobserved	Unobserved	Unobserved	Unobserved	Unobserved	Unobserved	Unobserved	Unobserved	Unobserved	Unobserved	Unobserved	Unobserved	Unobserved	Unobserved	Unobserved	Unobserved	Unobserved	Unobserved	Unobserved	Unobserved	Unobserved	Unobserved	Unobserved	Unobserved	Unobserved	Unobserved	Unobserved	Unobserved	Unobserved	Unobserved	Unobserved	Unobserved	Unobserved	Unobserved	Unobserved	Unobserved	Unobserved	Unobserved	Unobserved	Unobserved	Unobserved	Unobserved	Unobserved	Unobserved	Unobserved	Unobserved	Unobserved	Unobserved	Unobserved	Unobserved	Unobserved	Unobserved	Unobserved	Unobserved	Unobserved	Unobserved	Unobserved	Unobserved	0	FALSE	FALSE	FALSE
10N.286.48.E9	Unobserved	Unobserved	Unobserved	Unobserved	Unobserved	Unobserved	Unobserved	Unobserved	Unobserved	Unobserved	Unobserved	Unobserved	Unobserved	Unobserved	Unobserved	Unobserved	Unobserved	Unobserved	Unobserved	Unobserved	Unobserved	Unobserved	Unobserved	Unobserved	Unobserved	Unobserved	Unobserved	Unobserved	Unobserved	Unobserved	Unobserved	Unobserved	Unobserved	Unobserved	Unobserved	Unobserved	Unobserved	Unobserved	Unobserved	Unobserved	Unobserved	Unobserved	Unobserved	Unobserved	Unobserved	Unobserved	Unobserved	Unobserved	Unobserved	Unobserved	Unobserved	Unobserved	Unobserved	Unobserved	Unobserved	Unobserved	Unobserved	Unobserved	Unobserved	Unobserved	Unobserved	Unobserved	Unobserved	Unobserved	Unobserved	Unobserved	Unobserved	Unobserved	Unobserved	Unobserved	Unobserved	Unobserved	Unobserved	Unobserved	Unobserved	Unobserved	Unobserved	0	FALSE	FALSE	FALSE
10N.286.49.A12	Unobserved	Unobserved	Unobserved	Unobserved	Unobserved	Unobserved	Unobserved	Unobserved	Unobserved	Unobserved	Unobserved	Unobserved	Unobserved	Unobserved	Unobserved	Unobserved	Unobserved	Unobserved	Unobserved	Unobserved	Unobserved	Unobserved	Unobserved	Unobserved	Unobserved	Unobserved	Unobserved	Unobserved	Unobserved	Unobserved	Unobserved	Unobserved	Unobserved	Unobserved	Unobserved	Unobserved	Unobserved	Unobserved	Unobserved	Unobserved	Unobserved	Unobserved	Unobserved	Unobserved	Unobserved	Unobserved	Unobserved	Unobserved	Unobserved	Unobserved	Unobserved	Unobserved	Unobserved	Unobserved	Unobserved	Unobserved	Unobserved	Unobserved	Unobserved	Unobserved	Unobserved	Unobserved	Unobserved	Unobserved	Unobserved	Unobserved	Unobserved	Unobserved	Unobserved	Unobserved	Unobserved	Unobserved	Unobserved	Unobserved	Unobserved	Unobserved	Unobserved	0	FALSE	FALSE	FALSE
10N.286.49.A5	Unobserved	Unobserved	Unobserved	Unobserved	Unobserved	Unobserved	Unobserved	Unobserved	Unobserved	Unobserved	Unobserved	Unobserved	Unobserved	Unobserved	Unobserved	Unobserved	Unobserved	Unobserved	Unobserved	Unobserved	Unobserved	Unobserved	Unobserved	Unobserved	Unobserved	Unobserved	Unobserved	Unobserved	Unobserved	Unobserved	Unobserved	Unobserved	Unobserved	Unobserved	Unobserved	Unobserved	Unobserved	Unobserved	Unobserved	Unobserved	Unobserved	Unobserved	Unobserved	Unobserved	Unobserved	Unobserved	Unobserved	Unobserved	Unobserved	Unobserved	Unobserved	Unobserved	Unobserved	Unobserved	Unobserved	Unobserved	Unobserved	Unobserved	Unobserved	Unobserved	Unobserved	Unobserved	Unobserved	Unobserved	Unobserved	Unobserved	Unobserved	Unobserved	Unobserved	Unobserved	Unobserved	Unobserved	Unobserved	Unobserved	Unobserved	Unobserved	Unobserved	0	FALSE	FALSE	FALSE
10N.286.49.B1	Unobserved	Unobserved	Unobserved	Unobserved	Unobserved	Unobserved	Unobserved	Unobserved	Unobserved	Unobserved	Unobserved	Unobserved	Unobserved	Unobserved	Unobserved	Unobserved	Unobserved	Unobserved	Unobserved	Unobserved	Unobserved	Unobserved	Unobserved	Unobserved	Unobserved	Unobserved	Unobserved	Unobserved	Unobserved	Unobserved	Unobserved	Unobserved	Unobserved	Unobserved	Unobserved	Unobserved	Unobserved	Unobserved	Unobserved	Unobserved	Unobserved	Unobserved	Unobserved	Unobserved	Unobserved	Unobserved	Unobserved	Unobserved	Unobserved	Unobserved	Unobserved	Unobserved	Unobserved	Unobserved	Unobserved	Unobserved	Unobserved	Unobserved	Unobserved	Unobserved	Unobserved	Unobserved	Unobserved	Unobserved	Unobserved	Unobserved	Unobserved	Unobserved	Unobserved	Unobserved	Unobserved	Unobserved	Unobserved	Unobserved	Unobserved	Unobserved	Unobserved	0	FALSE	FALSE	FALSE
10N.286.49.B11	Unobserved	Unobserved	Unobserved	Unobserved	Unobserved	Unobserved	Unobserved	Unobserved	Unobserved	Unobserved	Unobserved	Unobserved	Unobserved	Unobserved	Unobserved	Unobserved	Unobserved	Unobserved	Unobserved	Unobserved	Unobserved	Unobserved	Unobserved	Unobserved	Unobserved	Unobserved	Unobserved	Unobserved	Unobserved	Unobserved	Unobserved	Unobserved	Unobserved	Unobserved	Unobserved	Unobserved	Unobserved	Unobserved	Unobserved	Unobserved	Unobserved	Unobserved	Unobserved	Unobserved	Unobserved	Unobserved	Unobserved	Unobserved	Unobserved	Unobserved	Unobserved	Unobserved	Unobserved	Unobserved	Unobserved	Unobserved	Unobserved	Unobserved	Unobserved	Unobserved	Unobserved	Unobserved	Unobserved	Unobserved	Unobserved	Unobserved	Observed	Unobserved	Unobserved	Unobserved	Unobserved	Unobserved	Unobserved	Unobserved	Unobserved	Unobserved	Observed	2	TRUE	TRUE	FALSE
10N.286.49.B4	Unobserved	Unobserved	Unobserved	Unobserved	Unobserved	Unobserved	Unobserved	Unobserved	Unobserved	Unobserved	Unobserved	Unobserved	Unobserved	Unobserved	Unobserved	Unobserved	Unobserved	Unobserved	Unobserved	Unobserved	Unobserved	Unobserved	Unobserved	Unobserved	Unobserved	Unobserved	Unobserved	Unobserved	Unobserved	Unobserved	Unobserved	Unobserved	Unobserved	Unobserved	Unobserved	Observed	Unobserved	Unobserved	Unobserved	Unobserved	Unobserved	Unobserved	Unobserved	Unobserved	Unobserved	Unobserved	Unobserved	Unobserved	Unobserved	Unobserved	Unobserved	Observed	Unobserved	Unobserved	Unobserved	Unobserved	Unobserved	Unobserved	Unobserved	Unobserved	Unobserved	Unobserved	Unobserved	Unobserved	Unobserved	Unobserved	Unobserved	Unobserved	Unobserved	Unobserved	Unobserved	Unobserved	Unobserved	Unobserved	Unobserved	Unobserved	Unobserved	2	TRUE	TRUE	FALSE
10N.286.49.B7	Unobserved	Unobserved	Unobserved	Unobserved	Unobserved	Unobserved	Unobserved	Unobserved	Unobserved	Unobserved	Unobserved	Unobserved	Unobserved	Unobserved	Unobserved	Unobserved	Unobserved	Unobserved	Unobserved	Unobserved	Unobserved	Unobserved	Unobserved	Unobserved	Unobserved	Unobserved	Unobserved	Unobserved	Unobserved	Unobserved	Unobserved	Unobserved	Unobserved	Unobserved	Unobserved	Unobserved	Unobserved	Unobserved	Unobserved	Unobserved	Unobserved	Unobserved	Unobserved	Unobserved	Unobserved	Unobserved	Unobserved	Unobserved	Unobserved	Unobserved	Unobserved	Unobserved	Unobserved	Unobserved	Unobserved	Unobserved	Unobserved	Unobserved	Unobserved	Unobserved	Unobserved	Unobserved	Unobserved	Unobserved	Unobserved	Unobserved	Unobserved	Unobserved	Unobserved	Unobserved	Unobserved	Unobserved	Unobserved	Unobserved	Unobserved	Unobserved	Unobserved	0	FALSE	FALSE	FALSE
10N.286.49.B9	Unobserved	Unobserved	Unobserved	Unobserved	Unobserved	Unobserved	Unobserved	Unobserved	Unobserved	Unobserved	Unobserved	Unobserved	Unobserved	Unobserved	Unobserved	Unobserved	Unobserved	Unobserved	Unobserved	Unobserved	Unobserved	Unobserved	Unobserved	Unobserved	Unobserved	Unobserved	Unobserved	Unobserved	Unobserved	Unobserved	Unobserved	Unobserved	Unobserved	Unobserved	Unobserved	Unobserved	Unobserved	Unobserved	Unobserved	Unobserved	Unobserved	Unobserved	Unobserved	Unobserved	Unobserved	Unobserved	Unobserved	Unobserved	Unobserved	Unobserved	Unobserved	Unobserved	Unobserved	Unobserved	Unobserved	Unobserved	Unobserved	Unobserved	Unobserved	Unobserved	Unobserved	Unobserved	Unobserved	Unobserved	Unobserved	Unobserved	Unobserved	Unobserved	Unobserved	Unobserved	Unobserved	Unobserved	Unobserved	Unobserved	Unobserved	Unobserved	Unobserved	0	FALSE	FALSE	FALSE
10N.286.49.E10	Unobserved	Unobserved	Unobserved	Unobserved	Unobserved	Unobserved	Unobserved	Unobserved	Unobserved	Unobserved	Unobserved	Unobserved	Unobserved	Unobserved	Unobserved	Unobserved	Unobserved	Unobserved	Unobserved	Unobserved	Unobserved	Unobserved	Unobserved	Unobserved	Unobserved	Unobserved	Unobserved	Unobserved	Unobserved	Unobserved	Unobserved	Unobserved	Unobserved	Unobserved	Unobserved	Unobserved	Unobserved	Unobserved	Unobserved	Unobserved	Unobserved	Unobserved	Unobserved	Unobserved	Unobserved	Unobserved	Unobserved	Unobserved	Unobserved	Unobserved	Unobserved	Unobserved	Unobserved	Unobserved	Unobserved	Unobserved	Unobserved	Unobserved	Unobserved	Unobserved	Unobserved	Unobserved	Unobserved	Unobserved	Unobserved	Unobserved	Unobserved	Unobserved	Unobserved	Unobserved	Unobserved	Unobserved	Unobserved	Unobserved	Unobserved	Unobserved	Unobserved	0	FALSE	FALSE	FALSE
10N.286.49.E3	Unobserved	Unobserved	Unobserved	Unobserved	Unobserved	Unobserved	Unobserved	Unobserved	Unobserved	Unobserved	Unobserved	Unobserved	Unobserved	Unobserved	Unobserved	Unobserved	Unobserved	Unobserved	Unobserved	Unobserved	Unobserved	Unobserved	Unobserved	Observed	Unobserved	Unobserved	Unobserved	Unobserved	Unobserved	Unobserved	Unobserved	Unobserved	Unobserved	Unobserved	Unobserved	Observed	Unobserved	Unobserved	Unobserved	Unobserved	Unobserved	Unobserved	Unobserved	Unobserved	Unobserved	Unobserved	Unobserved	Unobserved	Unobserved	Unobserved	Unobserved	Unobserved	Observed	Unobserved	Unobserved	Unobserved	Unobserved	Unobserved	Unobserved	Unobserved	Unobserved	Unobserved	Unobserved	Unobserved	Unobserved	Unobserved	Unobserved	Unobserved	Unobserved	Unobserved	Unobserved	Unobserved	Observed	Unobserved	Unobserved	Unobserved	Unobserved	4	TRUE	TRUE	TRUE
10N.286.49.F10	Unobserved	Unobserved	Unobserved	Unobserved	Unobserved	Unobserved	Unobserved	Unobserved	Unobserved	Unobserved	Unobserved	Unobserved	Unobserved	Unobserved	Unobserved	Unobserved	Unobserved	Unobserved	Unobserved	Unobserved	Unobserved	Unobserved	Unobserved	Unobserved	Unobserved	Unobserved	Unobserved	Unobserved	Unobserved	Unobserved	Unobserved	Unobserved	Unobserved	Unobserved	Unobserved	Unobserved	Unobserved	Unobserved	Unobserved	Unobserved	Unobserved	Unobserved	Unobserved	Unobserved	Unobserved	Unobserved	Unobserved	Unobserved	Unobserved	Unobserved	Unobserved	Unobserved	Unobserved	Unobserved	Unobserved	Unobserved	Unobserved	Unobserved	Unobserved	Unobserved	Unobserved	Unobserved	Unobserved	Unobserved	Unobserved	Unobserved	Unobserved	Unobserved	Unobserved	Unobserved	Unobserved	Unobserved	Unobserved	Unobserved	Unobserved	Unobserved	Unobserved	0	FALSE	FALSE	FALSE
10N.286.51.A5	Unobserved	Unobserved	Unobserved	Unobserved	Unobserved	Unobserved	Unobserved	Unobserved	Unobserved	Unobserved	Unobserved	Unobserved	Unobserved	Unobserved	Unobserved	Unobserved	Unobserved	Unobserved	Unobserved	Unobserved	Unobserved	Unobserved	Unobserved	Unobserved	Unobserved	Unobserved	Unobserved	Unobserved	Unobserved	Unobserved	Unobserved	Unobserved	Unobserved	Unobserved	Unobserved	Observed	Unobserved	Unobserved	Unobserved	Unobserved	Unobserved	Unobserved	Unobserved	Unobserved	Unobserved	Unobserved	Unobserved	Unobserved	Unobserved	Unobserved	Unobserved	Unobserved	Unobserved	Unobserved	Unobserved	Unobserved	Unobserved	Unobserved	Unobserved	Unobserved	Unobserved	Unobserved	Unobserved	Unobserved	Unobserved	Unobserved	Unobserved	Unobserved	Unobserved	Unobserved	Unobserved	Unobserved	Unobserved	Unobserved	Unobserved	Unobserved	Unobserved	1	TRUE	FALSE	FALSE
10N.286.51.B1	Unobserved	Unobserved	Unobserved	Unobserved	Unobserved	Unobserved	Unobserved	Unobserved	Unobserved	Unobserved	Unobserved	Unobserved	Unobserved	Unobserved	Unobserved	Unobserved	Unobserved	Unobserved	Unobserved	Unobserved	Unobserved	Unobserved	Unobserved	Unobserved	Unobserved	Unobserved	Unobserved	Unobserved	Unobserved	Unobserved	Unobserved	Unobserved	Unobserved	Unobserved	Observed	Unobserved	Unobserved	Unobserved	Unobserved	Unobserved	Unobserved	Unobserved	Unobserved	Unobserved	Unobserved	Unobserved	Unobserved	Unobserved	Unobserved	Unobserved	Unobserved	Unobserved	Unobserved	Unobserved	Unobserved	Unobserved	Unobserved	Unobserved	Unobserved	Unobserved	Unobserved	Unobserved	Unobserved	Unobserved	Unobserved	Unobserved	Unobserved	Unobserved	Unobserved	Unobserved	Unobserved	Unobserved	Observed	Unobserved	Unobserved	Unobserved	Unobserved	2	TRUE	TRUE	FALSE
10N.286.51.C11	Unobserved	Unobserved	Unobserved	Unobserved	Unobserved	Unobserved	Unobserved	Unobserved	Unobserved	Unobserved	Unobserved	Unobserved	Unobserved	Unobserved	Unobserved	Unobserved	Unobserved	Unobserved	Unobserved	Unobserved	Unobserved	Unobserved	Unobserved	Unobserved	Unobserved	Unobserved	Unobserved	Unobserved	Unobserved	Unobserved	Unobserved	Unobserved	Unobserved	Unobserved	Unobserved	Unobserved	Unobserved	Unobserved	Unobserved	Unobserved	Unobserved	Unobserved	Unobserved	Unobserved	Unobserved	Unobserved	Unobserved	Unobserved	Unobserved	Unobserved	Unobserved	Unobserved	Unobserved	Unobserved	Unobserved	Unobserved	Unobserved	Unobserved	Unobserved	Unobserved	Unobserved	Unobserved	Unobserved	Unobserved	Unobserved	Unobserved	Unobserved	Unobserved	Unobserved	Unobserved	Unobserved	Unobserved	Unobserved	Unobserved	Unobserved	Unobserved	Unobserved	0	FALSE	FALSE	FALSE
10N.286.51.E10	Unobserved	Unobserved	Unobserved	Unobserved	Unobserved	Unobserved	Unobserved	Unobserved	Unobserved	Unobserved	Unobserved	Unobserved	Unobserved	Unobserved	Unobserved	Unobserved	Unobserved	Unobserved	Unobserved	Unobserved	Unobserved	Unobserved	Unobserved	Unobserved	Unobserved	Unobserved	Unobserved	Unobserved	Unobserved	Unobserved	Unobserved	Unobserved	Unobserved	Unobserved	Unobserved	Observed	Unobserved	Unobserved	Unobserved	Unobserved	Unobserved	Unobserved	Unobserved	Unobserved	Unobserved	Unobserved	Unobserved	Unobserved	Unobserved	Unobserved	Unobserved	Unobserved	Unobserved	Unobserved	Unobserved	Unobserved	Unobserved	Unobserved	Unobserved	Unobserved	Unobserved	Unobserved	Unobserved	Unobserved	Unobserved	Unobserved	Unobserved	Unobserved	Unobserved	Unobserved	Unobserved	Unobserved	Unobserved	Unobserved	Unobserved	Unobserved	Unobserved	1	TRUE	FALSE	FALSE
10N.286.51.F7	Unobserved	Unobserved	Unobserved	Unobserved	Unobserved	Unobserved	Unobserved	Unobserved	Unobserved	Unobserved	Unobserved	Unobserved	Unobserved	Unobserved	Unobserved	Unobserved	Unobserved	Unobserved	Unobserved	Unobserved	Unobserved	Unobserved	Unobserved	Unobserved	Unobserved	Unobserved	Unobserved	Unobserved	Unobserved	Unobserved	Unobserved	Unobserved	Unobserved	Unobserved	Unobserved	Unobserved	Unobserved	Unobserved	Unobserved	Unobserved	Unobserved	Unobserved	Unobserved	Unobserved	Unobserved	Unobserved	Unobserved	Unobserved	Unobserved	Unobserved	Unobserved	Unobserved	Unobserved	Unobserved	Unobserved	Unobserved	Unobserved	Unobserved	Unobserved	Unobserved	Unobserved	Unobserved	Unobserved	Unobserved	Unobserved	Unobserved	Unobserved	Unobserved	Unobserved	Unobserved	Unobserved	Unobserved	Observed	Unobserved	Unobserved	Unobserved	Unobserved	1	TRUE	FALSE	FALSE
10N.286.51.F9	Unobserved	Unobserved	Unobserved	Unobserved	Unobserved	Unobserved	Unobserved	Unobserved	Unobserved	Unobserved	Unobserved	Unobserved	Unobserved	Unobserved	Unobserved	Unobserved	Unobserved	Unobserved	Unobserved	Unobserved	Unobserved	Unobserved	Unobserved	Unobserved	Unobserved	Unobserved	Unobserved	Unobserved	Unobserved	Unobserved	Unobserved	Unobserved	Unobserved	Unobserved	Unobserved	Unobserved	Unobserved	Unobserved	Unobserved	Unobserved	Unobserved	Unobserved	Unobserved	Unobserved	Unobserved	Unobserved	Unobserved	Unobserved	Unobserved	Unobserved	Unobserved	Unobserved	Unobserved	Unobserved	Unobserved	Unobserved	Unobserved	Unobserved	Unobserved	Unobserved	Unobserved	Unobserved	Unobserved	Unobserved	Unobserved	Unobserved	Unobserved	Unobserved	Unobserved	Unobserved	Unobserved	Unobserved	Unobserved	Unobserved	Unobserved	Unobserved	Unobserved	0	FALSE	FALSE	FALSE
10N.286.52.A2	Unobserved	Unobserved	Unobserved	Unobserved	Unobserved	Unobserved	Unobserved	Unobserved	Unobserved	Unobserved	Unobserved	Unobserved	Unobserved	Unobserved	Unobserved	Unobserved	Unobserved	Unobserved	Unobserved	Unobserved	Unobserved	Unobserved	Unobserved	Unobserved	Unobserved	Unobserved	Unobserved	Unobserved	Unobserved	Unobserved	Unobserved	Unobserved	Unobserved	Unobserved	Unobserved	Unobserved	Unobserved	Unobserved	Unobserved	Unobserved	Unobserved	Unobserved	Unobserved	Unobserved	Unobserved	Unobserved	Unobserved	Unobserved	Unobserved	Unobserved	Unobserved	Unobserved	Unobserved	Unobserved	Unobserved	Unobserved	Unobserved	Unobserved	Unobserved	Unobserved	Unobserved	Unobserved	Unobserved	Unobserved	Unobserved	Unobserved	Unobserved	Unobserved	Unobserved	Unobserved	Unobserved	Unobserved	Unobserved	Unobserved	Unobserved	Unobserved	Unobserved	0	FALSE	FALSE	FALSE
10N.286.52.C10	Unobserved	Unobserved	Unobserved	Unobserved	Unobserved	Unobserved	Unobserved	Unobserved	Unobserved	Unobserved	Unobserved	Unobserved	Unobserved	Unobserved	Unobserved	Unobserved	Unobserved	Unobserved	Unobserved	Unobserved	Unobserved	Unobserved	Unobserved	Observed	Unobserved	Unobserved	Unobserved	Unobserved	Unobserved	Unobserved	Unobserved	Unobserved	Unobserved	Unobserved	Unobserved	Unobserved	Unobserved	Unobserved	Unobserved	Unobserved	Unobserved	Unobserved	Unobserved	Unobserved	Unobserved	Unobserved	Unobserved	Unobserved	Unobserved	Unobserved	Unobserved	Unobserved	Unobserved	Unobserved	Unobserved	Unobserved	Unobserved	Unobserved	Unobserved	Unobserved	Unobserved	Unobserved	Unobserved	Unobserved	Unobserved	Unobserved	Observed	Unobserved	Unobserved	Unobserved	Unobserved	Unobserved	Observed	Unobserved	Unobserved	Unobserved	Observed	4	TRUE	TRUE	TRUE
10N.286.52.C9	Unobserved	Unobserved	Unobserved	Unobserved	Unobserved	Unobserved	Unobserved	Unobserved	Unobserved	Unobserved	Unobserved	Unobserved	Unobserved	Unobserved	Unobserved	Unobserved	Unobserved	Unobserved	Unobserved	Unobserved	Unobserved	Unobserved	Unobserved	Unobserved	Unobserved	Unobserved	Observed	Unobserved	Unobserved	Unobserved	Unobserved	Unobserved	Unobserved	Unobserved	Unobserved	Unobserved	Observed	Unobserved	Unobserved	Unobserved	Unobserved	Unobserved	Unobserved	Unobserved	Unobserved	Unobserved	Unobserved	Unobserved	Unobserved	Unobserved	Unobserved	Unobserved	Unobserved	Unobserved	Unobserved	Unobserved	Unobserved	Unobserved	Unobserved	Unobserved	Unobserved	Unobserved	Unobserved	Unobserved	Unobserved	Unobserved	Unobserved	Unobserved	Unobserved	Unobserved	Unobserved	Unobserved	Unobserved	Unobserved	Unobserved	Unobserved	Unobserved	2	TRUE	TRUE	FALSE
10N.286.52.F6	Unobserved	Unobserved	Unobserved	Unobserved	Unobserved	Unobserved	Unobserved	Unobserved	Unobserved	Unobserved	Unobserved	Unobserved	Unobserved	Unobserved	Unobserved	Unobserved	Unobserved	Unobserved	Unobserved	Unobserved	Unobserved	Unobserved	Unobserved	Unobserved	Unobserved	Unobserved	Unobserved	Unobserved	Unobserved	Unobserved	Unobserved	Unobserved	Unobserved	Unobserved	Unobserved	Unobserved	Unobserved	Unobserved	Unobserved	Unobserved	Unobserved	Unobserved	Unobserved	Unobserved	Observed	Unobserved	Unobserved	Unobserved	Unobserved	Unobserved	Unobserved	Unobserved	Unobserved	Unobserved	Unobserved	Unobserved	Unobserved	Unobserved	Unobserved	Unobserved	Unobserved	Unobserved	Unobserved	Unobserved	Unobserved	Unobserved	Unobserved	Unobserved	Unobserved	Unobserved	Unobserved	Unobserved	Unobserved	Unobserved	Unobserved	Unobserved	Unobserved	1	TRUE	FALSE	FALSE
10N.286.54.C11	Unobserved	Unobserved	Unobserved	Unobserved	Unobserved	Unobserved	Unobserved	Unobserved	Unobserved	Unobserved	Unobserved	Unobserved	Unobserved	Unobserved	Unobserved	Unobserved	Unobserved	Unobserved	Unobserved	Unobserved	Unobserved	Unobserved	Unobserved	Unobserved	Unobserved	Unobserved	Unobserved	Unobserved	Unobserved	Unobserved	Unobserved	Unobserved	Unobserved	Unobserved	Unobserved	Unobserved	Unobserved	Unobserved	Unobserved	Unobserved	Unobserved	Unobserved	Unobserved	Unobserved	Unobserved	Unobserved	Unobserved	Unobserved	Unobserved	Unobserved	Unobserved	Unobserved	Unobserved	Unobserved	Unobserved	Unobserved	Unobserved	Unobserved	Unobserved	Unobserved	Unobserved	Unobserved	Unobserved	Unobserved	Unobserved	Unobserved	Unobserved	Unobserved	Unobserved	Unobserved	Unobserved	Unobserved	Unobserved	Unobserved	Unobserved	Unobserved	Unobserved	0	FALSE	FALSE	FALSE
10N.286.54.C7	Unobserved	Unobserved	Unobserved	Unobserved	Unobserved	Unobserved	Unobserved	Unobserved	Unobserved	Unobserved	Unobserved	Unobserved	Unobserved	Unobserved	Unobserved	Unobserved	Unobserved	Unobserved	Unobserved	Unobserved	Unobserved	Unobserved	Unobserved	Observed	Unobserved	Unobserved	Unobserved	Unobserved	Unobserved	Unobserved	Unobserved	Unobserved	Unobserved	Unobserved	Unobserved	Unobserved	Unobserved	Unobserved	Unobserved	Unobserved	Unobserved	Unobserved	Unobserved	Unobserved	Unobserved	Unobserved	Unobserved	Unobserved	Unobserved	Unobserved	Unobserved	Unobserved	Observed	Unobserved	Unobserved	Unobserved	Unobserved	Unobserved	Unobserved	Unobserved	Unobserved	Unobserved	Unobserved	Unobserved	Unobserved	Unobserved	Unobserved	Unobserved	Unobserved	Unobserved	Unobserved	Unobserved	Unobserved	Unobserved	Unobserved	Unobserved	Unobserved	2	TRUE	TRUE	FALSE
10N.286.54.E11	Unobserved	Unobserved	Unobserved	Unobserved	Unobserved	Unobserved	Unobserved	Unobserved	Unobserved	Unobserved	Unobserved	Unobserved	Unobserved	Unobserved	Unobserved	Unobserved	Unobserved	Unobserved	Unobserved	Unobserved	Unobserved	Unobserved	Unobserved	Unobserved	Unobserved	Unobserved	Observed	Unobserved	Unobserved	Unobserved	Unobserved	Unobserved	Unobserved	Unobserved	Unobserved	Observed	Observed	Unobserved	Unobserved	Unobserved	Unobserved	Unobserved	Unobserved	Unobserved	Unobserved	Unobserved	Unobserved	Unobserved	Unobserved	Unobserved	Unobserved	Unobserved	Unobserved	Unobserved	Observed	Unobserved	Unobserved	Unobserved	Observed	Unobserved	Unobserved	Unobserved	Unobserved	Unobserved	Unobserved	Unobserved	Unobserved	Unobserved	Unobserved	Unobserved	Unobserved	Unobserved	Observed	Unobserved	Unobserved	Unobserved	Unobserved	6	TRUE	TRUE	TRUE
10N.286.54.E3	Unobserved	Unobserved	Unobserved	Unobserved	Unobserved	Unobserved	Unobserved	Unobserved	Unobserved	Unobserved	Unobserved	Unobserved	Unobserved	Unobserved	Unobserved	Unobserved	Unobserved	Unobserved	Unobserved	Unobserved	Unobserved	Unobserved	Unobserved	Unobserved	Unobserved	Unobserved	Unobserved	Unobserved	Unobserved	Unobserved	Unobserved	Unobserved	Unobserved	Unobserved	Unobserved	Unobserved	Unobserved	Unobserved	Unobserved	Unobserved	Unobserved	Unobserved	Unobserved	Unobserved	Unobserved	Unobserved	Unobserved	Unobserved	Unobserved	Unobserved	Unobserved	Unobserved	Unobserved	Unobserved	Unobserved	Unobserved	Unobserved	Unobserved	Unobserved	Unobserved	Unobserved	Unobserved	Unobserved	Unobserved	Unobserved	Unobserved	Unobserved	Unobserved	Unobserved	Unobserved	Unobserved	Unobserved	Unobserved	Unobserved	Unobserved	Unobserved	Unobserved	0	FALSE	FALSE	FALSE
10N.286.54.E4	Unobserved	Unobserved	Unobserved	Unobserved	Unobserved	Unobserved	Unobserved	Unobserved	Unobserved	Unobserved	Unobserved	Unobserved	Unobserved	Unobserved	Unobserved	Unobserved	Unobserved	Unobserved	Unobserved	Unobserved	Unobserved	Unobserved	Unobserved	Unobserved	Unobserved	Unobserved	Unobserved	Unobserved	Unobserved	Unobserved	Unobserved	Unobserved	Unobserved	Unobserved	Unobserved	Unobserved	Unobserved	Unobserved	Unobserved	Unobserved	Unobserved	Unobserved	Unobserved	Unobserved	Unobserved	Unobserved	Unobserved	Unobserved	Unobserved	Unobserved	Unobserved	Unobserved	Unobserved	Unobserved	Unobserved	Unobserved	Unobserved	Unobserved	Unobserved	Unobserved	Unobserved	Unobserved	Unobserved	Unobserved	Observed	Unobserved	Unobserved	Unobserved	Unobserved	Unobserved	Unobserved	Unobserved	Unobserved	Unobserved	Unobserved	Unobserved	Unobserved	1	TRUE	FALSE	FALSE
10N.286.54.E5	Unobserved	Unobserved	Unobserved	Unobserved	Unobserved	Unobserved	Unobserved	Unobserved	Unobserved	Unobserved	Unobserved	Unobserved	Unobserved	Unobserved	Unobserved	Unobserved	Unobserved	Observed	Unobserved	Unobserved	Unobserved	Unobserved	Unobserved	Unobserved	Unobserved	Unobserved	Unobserved	Unobserved	Unobserved	Unobserved	Unobserved	Unobserved	Unobserved	Unobserved	Unobserved	Unobserved	Unobserved	Unobserved	Unobserved	Unobserved	Unobserved	Unobserved	Unobserved	Unobserved	Unobserved	Unobserved	Unobserved	Unobserved	Unobserved	Unobserved	Unobserved	Unobserved	Unobserved	Unobserved	Unobserved	Unobserved	Unobserved	Unobserved	Unobserved	Unobserved	Unobserved	Unobserved	Unobserved	Unobserved	Unobserved	Unobserved	Observed	Unobserved	Unobserved	Unobserved	Unobserved	Unobserved	Unobserved	Unobserved	Unobserved	Unobserved	Observed	3	TRUE	TRUE	TRUE
10N.286.54.E8	Unobserved	Unobserved	Unobserved	Unobserved	Unobserved	Observed	Unobserved	Unobserved	Unobserved	Unobserved	Unobserved	Unobserved	Unobserved	Unobserved	Unobserved	Unobserved	Unobserved	Unobserved	Unobserved	Unobserved	Unobserved	Unobserved	Unobserved	Unobserved	Observed	Unobserved	Unobserved	Unobserved	Unobserved	Unobserved	Unobserved	Unobserved	Unobserved	Unobserved	Unobserved	Unobserved	Unobserved	Unobserved	Unobserved	Unobserved	Unobserved	Unobserved	Unobserved	Unobserved	Unobserved	Unobserved	Unobserved	Unobserved	Unobserved	Unobserved	Unobserved	Unobserved	Unobserved	Unobserved	Unobserved	Unobserved	Unobserved	Unobserved	Unobserved	Unobserved	Unobserved	Unobserved	Unobserved	Unobserved	Unobserved	Unobserved	Unobserved	Unobserved	Unobserved	Unobserved	Unobserved	Unobserved	Unobserved	Unobserved	Unobserved	Unobserved	Unobserved	2	TRUE	TRUE	FALSE
10N.286.54.F11	Unobserved	Unobserved	Unobserved	Unobserved	Unobserved	Unobserved	Unobserved	Unobserved	Unobserved	Unobserved	Unobserved	Unobserved	Unobserved	Unobserved	Unobserved	Unobserved	Unobserved	Unobserved	Unobserved	Unobserved	Unobserved	Unobserved	Unobserved	Unobserved	Unobserved	Unobserved	Unobserved	Unobserved	Unobserved	Unobserved	Unobserved	Unobserved	Unobserved	Unobserved	Unobserved	Observed	Unobserved	Unobserved	Unobserved	Unobserved	Unobserved	Unobserved	Unobserved	Unobserved	Unobserved	Unobserved	Unobserved	Unobserved	Unobserved	Unobserved	Unobserved	Unobserved	Unobserved	Unobserved	Unobserved	Unobserved	Unobserved	Unobserved	Unobserved	Unobserved	Unobserved	Unobserved	Unobserved	Unobserved	Unobserved	Unobserved	Unobserved	Unobserved	Unobserved	Unobserved	Unobserved	Unobserved	Unobserved	Unobserved	Unobserved	Unobserved	Unobserved	1	TRUE	FALSE	FALSE
10N.286.54.F2	Unobserved	Unobserved	Unobserved	Unobserved	Unobserved	Unobserved	Unobserved	Unobserved	Unobserved	Unobserved	Unobserved	Unobserved	Unobserved	Unobserved	Unobserved	Unobserved	Unobserved	Unobserved	Unobserved	Unobserved	Unobserved	Unobserved	Unobserved	Unobserved	Unobserved	Unobserved	Unobserved	Unobserved	Unobserved	Unobserved	Unobserved	Unobserved	Unobserved	Unobserved	Unobserved	Unobserved	Unobserved	Unobserved	Unobserved	Unobserved	Unobserved	Unobserved	Unobserved	Unobserved	Unobserved	Unobserved	Unobserved	Unobserved	Unobserved	Unobserved	Unobserved	Unobserved	Unobserved	Unobserved	Unobserved	Unobserved	Unobserved	Unobserved	Unobserved	Unobserved	Unobserved	Unobserved	Unobserved	Unobserved	Unobserved	Unobserved	Unobserved	Unobserved	Observed	Unobserved	Unobserved	Unobserved	Unobserved	Unobserved	Unobserved	Unobserved	Unobserved	1	TRUE	FALSE	FALSE
10N.286.54.F4	Unobserved	Unobserved	Unobserved	Unobserved	Unobserved	Unobserved	Unobserved	Unobserved	Unobserved	Unobserved	Unobserved	Unobserved	Unobserved	Unobserved	Unobserved	Unobserved	Unobserved	Unobserved	Unobserved	Unobserved	Unobserved	Unobserved	Unobserved	Unobserved	Unobserved	Unobserved	Unobserved	Unobserved	Unobserved	Unobserved	Unobserved	Unobserved	Unobserved	Unobserved	Unobserved	Unobserved	Unobserved	Unobserved	Unobserved	Unobserved	Unobserved	Unobserved	Unobserved	Unobserved	Unobserved	Unobserved	Unobserved	Unobserved	Unobserved	Unobserved	Unobserved	Unobserved	Unobserved	Unobserved	Unobserved	Unobserved	Unobserved	Unobserved	Unobserved	Unobserved	Unobserved	Unobserved	Unobserved	Unobserved	Unobserved	Unobserved	Unobserved	Unobserved	Unobserved	Unobserved	Unobserved	Unobserved	Unobserved	Unobserved	Unobserved	Unobserved	Unobserved	0	FALSE	FALSE	FALSE
10N.286.54.F9	Unobserved	Unobserved	Unobserved	Unobserved	Unobserved	Unobserved	Unobserved	Unobserved	Unobserved	Unobserved	Unobserved	Unobserved	Unobserved	Unobserved	Unobserved	Unobserved	Unobserved	Unobserved	Unobserved	Unobserved	Unobserved	Unobserved	Unobserved	Unobserved	Unobserved	Unobserved	Unobserved	Unobserved	Unobserved	Unobserved	Unobserved	Unobserved	Unobserved	Unobserved	Unobserved	Observed	Unobserved	Unobserved	Unobserved	Unobserved	Unobserved	Unobserved	Unobserved	Unobserved	Unobserved	Unobserved	Unobserved	Unobserved	Unobserved	Unobserved	Unobserved	Unobserved	Unobserved	Unobserved	Unobserved	Unobserved	Unobserved	Unobserved	Unobserved	Unobserved	Unobserved	Unobserved	Unobserved	Observed	Unobserved	Unobserved	Unobserved	Unobserved	Unobserved	Unobserved	Unobserved	Observed	Unobserved	Unobserved	Unobserved	Unobserved	Unobserved	3	TRUE	TRUE	TRUE
10N.286.55.A12	Unobserved	Unobserved	Unobserved	Unobserved	Observed	Unobserved	Unobserved	Unobserved	Unobserved	Unobserved	Unobserved	Unobserved	Unobserved	Unobserved	Unobserved	Unobserved	Unobserved	Unobserved	Unobserved	Unobserved	Unobserved	Unobserved	Unobserved	Unobserved	Unobserved	Unobserved	Unobserved	Unobserved	Unobserved	Unobserved	Unobserved	Unobserved	Unobserved	Unobserved	Unobserved	Unobserved	Unobserved	Unobserved	Unobserved	Unobserved	Unobserved	Unobserved	Unobserved	Unobserved	Unobserved	Unobserved	Unobserved	Unobserved	Unobserved	Unobserved	Unobserved	Unobserved	Unobserved	Unobserved	Unobserved	Unobserved	Unobserved	Unobserved	Unobserved	Unobserved	Unobserved	Unobserved	Unobserved	Unobserved	Unobserved	Unobserved	Unobserved	Unobserved	Unobserved	Unobserved	Unobserved	Unobserved	Unobserved	Unobserved	Unobserved	Unobserved	Unobserved	1	TRUE	FALSE	FALSE
10N.286.55.A5	Unobserved	Unobserved	Unobserved	Unobserved	Unobserved	Unobserved	Unobserved	Observed	Unobserved	Unobserved	Unobserved	Unobserved	Unobserved	Unobserved	Unobserved	Unobserved	Unobserved	Unobserved	Unobserved	Unobserved	Unobserved	Unobserved	Unobserved	Unobserved	Unobserved	Observed	Unobserved	Unobserved	Unobserved	Unobserved	Unobserved	Unobserved	Unobserved	Unobserved	Unobserved	Unobserved	Unobserved	Unobserved	Unobserved	Unobserved	Unobserved	Unobserved	Unobserved	Unobserved	Unobserved	Unobserved	Unobserved	Unobserved	Unobserved	Unobserved	Unobserved	Unobserved	Unobserved	Unobserved	Unobserved	Unobserved	Unobserved	Unobserved	Unobserved	Unobserved	Unobserved	Unobserved	Observed	Unobserved	Unobserved	Unobserved	Unobserved	Unobserved	Unobserved	Unobserved	Unobserved	Unobserved	Unobserved	Unobserved	Unobserved	Unobserved	Unobserved	3	TRUE	TRUE	TRUE
10N.286.55.B10	Unobserved	Unobserved	Unobserved	Unobserved	Unobserved	Unobserved	Unobserved	Observed	Unobserved	Unobserved	Unobserved	Unobserved	Unobserved	Unobserved	Unobserved	Unobserved	Unobserved	Unobserved	Unobserved	Unobserved	Unobserved	Unobserved	Unobserved	Unobserved	Unobserved	Observed	Unobserved	Unobserved	Unobserved	Unobserved	Unobserved	Unobserved	Unobserved	Unobserved	Unobserved	Unobserved	Unobserved	Unobserved	Unobserved	Unobserved	Unobserved	Unobserved	Unobserved	Unobserved	Unobserved	Unobserved	Unobserved	Unobserved	Unobserved	Unobserved	Unobserved	Unobserved	Unobserved	Unobserved	Unobserved	Unobserved	Unobserved	Unobserved	Unobserved	Unobserved	Unobserved	Unobserved	Unobserved	Unobserved	Unobserved	Unobserved	Unobserved	Unobserved	Unobserved	Unobserved	Unobserved	Unobserved	Unobserved	Unobserved	Unobserved	Unobserved	Unobserved	2	TRUE	TRUE	FALSE
10N.286.55.B11	Unobserved	Unobserved	Unobserved	Unobserved	Unobserved	Unobserved	Unobserved	Unobserved	Unobserved	Unobserved	Unobserved	Unobserved	Unobserved	Unobserved	Unobserved	Unobserved	Unobserved	Unobserved	Unobserved	Unobserved	Unobserved	Unobserved	Unobserved	Unobserved	Unobserved	Unobserved	Unobserved	Unobserved	Unobserved	Unobserved	Unobserved	Unobserved	Unobserved	Unobserved	Unobserved	Unobserved	Unobserved	Unobserved	Unobserved	Unobserved	Unobserved	Unobserved	Unobserved	Unobserved	Unobserved	Unobserved	Unobserved	Unobserved	Unobserved	Unobserved	Unobserved	Unobserved	Unobserved	Unobserved	Unobserved	Unobserved	Unobserved	Unobserved	Unobserved	Unobserved	Unobserved	Unobserved	Unobserved	Unobserved	Unobserved	Unobserved	Unobserved	Unobserved	Unobserved	Unobserved	Unobserved	Unobserved	Unobserved	Unobserved	Unobserved	Unobserved	Unobserved	0	FALSE	FALSE	FALSE
10N.286.55.B3	Unobserved	Unobserved	Unobserved	Unobserved	Unobserved	Unobserved	Unobserved	Unobserved	Unobserved	Unobserved	Unobserved	Unobserved	Unobserved	Unobserved	Unobserved	Unobserved	Unobserved	Unobserved	Unobserved	Unobserved	Unobserved	Unobserved	Unobserved	Unobserved	Unobserved	Unobserved	Unobserved	Unobserved	Unobserved	Unobserved	Unobserved	Unobserved	Unobserved	Unobserved	Unobserved	Unobserved	Unobserved	Unobserved	Unobserved	Unobserved	Unobserved	Unobserved	Unobserved	Unobserved	Unobserved	Unobserved	Unobserved	Unobserved	Unobserved	Unobserved	Unobserved	Unobserved	Unobserved	Unobserved	Unobserved	Unobserved	Unobserved	Unobserved	Unobserved	Unobserved	Unobserved	Unobserved	Unobserved	Unobserved	Unobserved	Unobserved	Unobserved	Unobserved	Unobserved	Unobserved	Unobserved	Unobserved	Unobserved	Unobserved	Unobserved	Unobserved	Unobserved	0	FALSE	FALSE	FALSE
10N.286.55.B4	Unobserved	Unobserved	Unobserved	Unobserved	Unobserved	Unobserved	Unobserved	Unobserved	Unobserved	Unobserved	Unobserved	Unobserved	Unobserved	Unobserved	Unobserved	Unobserved	Unobserved	Unobserved	Unobserved	Unobserved	Unobserved	Unobserved	Unobserved	Unobserved	Unobserved	Unobserved	Unobserved	Unobserved	Unobserved	Unobserved	Unobserved	Unobserved	Unobserved	Unobserved	Unobserved	Observed	Unobserved	Unobserved	Unobserved	Unobserved	Unobserved	Unobserved	Unobserved	Unobserved	Unobserved	Unobserved	Unobserved	Unobserved	Unobserved	Unobserved	Unobserved	Unobserved	Unobserved	Unobserved	Unobserved	Unobserved	Unobserved	Unobserved	Unobserved	Unobserved	Unobserved	Unobserved	Unobserved	Unobserved	Unobserved	Unobserved	Unobserved	Unobserved	Unobserved	Unobserved	Unobserved	Unobserved	Unobserved	Unobserved	Unobserved	Unobserved	Unobserved	1	TRUE	FALSE	FALSE
10N.286.55.B8	Unobserved	Unobserved	Unobserved	Unobserved	Unobserved	Unobserved	Unobserved	Observed	Unobserved	Unobserved	Unobserved	Unobserved	Unobserved	Unobserved	Unobserved	Unobserved	Unobserved	Unobserved	Unobserved	Unobserved	Unobserved	Unobserved	Unobserved	Unobserved	Unobserved	Observed	Unobserved	Unobserved	Unobserved	Unobserved	Unobserved	Unobserved	Unobserved	Unobserved	Unobserved	Unobserved	Unobserved	Unobserved	Unobserved	Unobserved	Unobserved	Unobserved	Unobserved	Unobserved	Unobserved	Unobserved	Unobserved	Unobserved	Unobserved	Unobserved	Unobserved	Unobserved	Unobserved	Unobserved	Unobserved	Unobserved	Unobserved	Unobserved	Unobserved	Unobserved	Unobserved	Unobserved	Unobserved	Unobserved	Unobserved	Unobserved	Unobserved	Unobserved	Unobserved	Unobserved	Unobserved	Unobserved	Unobserved	Unobserved	Unobserved	Unobserved	Unobserved	2	TRUE	TRUE	FALSE
10N.286.55.C10	Unobserved	Unobserved	Unobserved	Unobserved	Unobserved	Unobserved	Unobserved	Unobserved	Unobserved	Unobserved	Unobserved	Unobserved	Unobserved	Unobserved	Unobserved	Unobserved	Unobserved	Unobserved	Unobserved	Unobserved	Unobserved	Unobserved	Unobserved	Unobserved	Unobserved	Unobserved	Unobserved	Unobserved	Unobserved	Unobserved	Unobserved	Unobserved	Unobserved	Observed	Unobserved	Unobserved	Unobserved	Unobserved	Unobserved	Unobserved	Unobserved	Unobserved	Unobserved	Observed	Unobserved	Unobserved	Unobserved	Unobserved	Unobserved	Unobserved	Unobserved	Unobserved	Unobserved	Unobserved	Unobserved	Unobserved	Unobserved	Unobserved	Unobserved	Unobserved	Unobserved	Unobserved	Unobserved	Unobserved	Unobserved	Unobserved	Unobserved	Unobserved	Unobserved	Unobserved	Unobserved	Unobserved	Unobserved	Unobserved	Unobserved	Unobserved	Unobserved	2	TRUE	TRUE	FALSE
10N.286.55.C3	Unobserved	Unobserved	Unobserved	Unobserved	Unobserved	Unobserved	Observed	Unobserved	Unobserved	Unobserved	Unobserved	Unobserved	Unobserved	Unobserved	Unobserved	Unobserved	Unobserved	Unobserved	Unobserved	Unobserved	Unobserved	Unobserved	Unobserved	Unobserved	Unobserved	Unobserved	Unobserved	Unobserved	Unobserved	Unobserved	Unobserved	Unobserved	Unobserved	Unobserved	Unobserved	Unobserved	Unobserved	Unobserved	Unobserved	Unobserved	Unobserved	Unobserved	Unobserved	Observed	Unobserved	Unobserved	Unobserved	Unobserved	Unobserved	Unobserved	Unobserved	Unobserved	Unobserved	Unobserved	Unobserved	Unobserved	Unobserved	Unobserved	Unobserved	Unobserved	Unobserved	Unobserved	Unobserved	Unobserved	Unobserved	Unobserved	Observed	Unobserved	Unobserved	Unobserved	Unobserved	Unobserved	Unobserved	Unobserved	Unobserved	Unobserved	Observed	4	TRUE	TRUE	TRUE
10N.286.55.C4	Unobserved	Unobserved	Unobserved	Unobserved	Unobserved	Unobserved	Unobserved	Unobserved	Unobserved	Unobserved	Unobserved	Unobserved	Unobserved	Unobserved	Unobserved	Unobserved	Unobserved	Observed	Unobserved	Unobserved	Unobserved	Unobserved	Unobserved	Unobserved	Unobserved	Unobserved	Unobserved	Unobserved	Unobserved	Unobserved	Unobserved	Unobserved	Unobserved	Unobserved	Unobserved	Unobserved	Unobserved	Unobserved	Unobserved	Unobserved	Unobserved	Unobserved	Unobserved	Unobserved	Unobserved	Unobserved	Unobserved	Unobserved	Unobserved	Unobserved	Unobserved	Unobserved	Unobserved	Observed	Unobserved	Unobserved	Unobserved	Unobserved	Unobserved	Unobserved	Unobserved	Unobserved	Unobserved	Unobserved	Unobserved	Unobserved	Unobserved	Unobserved	Unobserved	Unobserved	Unobserved	Unobserved	Unobserved	Unobserved	Unobserved	Unobserved	Unobserved	2	TRUE	TRUE	FALSE
10N.286.55.C7	Unobserved	Unobserved	Unobserved	Unobserved	Unobserved	Unobserved	Unobserved	Observed	Unobserved	Unobserved	Unobserved	Unobserved	Unobserved	Unobserved	Unobserved	Unobserved	Unobserved	Unobserved	Unobserved	Unobserved	Unobserved	Unobserved	Unobserved	Unobserved	Unobserved	Observed	Unobserved	Unobserved	Unobserved	Unobserved	Unobserved	Unobserved	Unobserved	Unobserved	Unobserved	Unobserved	Unobserved	Unobserved	Unobserved	Unobserved	Unobserved	Unobserved	Unobserved	Unobserved	Unobserved	Unobserved	Unobserved	Unobserved	Unobserved	Unobserved	Unobserved	Unobserved	Unobserved	Unobserved	Unobserved	Unobserved	Unobserved	Unobserved	Unobserved	Unobserved	Unobserved	Unobserved	Observed	Unobserved	Unobserved	Unobserved	Unobserved	Unobserved	Unobserved	Unobserved	Unobserved	Unobserved	Unobserved	Unobserved	Unobserved	Unobserved	Unobserved	3	TRUE	TRUE	TRUE
10N.286.55.E11	Unobserved	Unobserved	Unobserved	Unobserved	Unobserved	Unobserved	Unobserved	Unobserved	Unobserved	Unobserved	Unobserved	Unobserved	Unobserved	Unobserved	Unobserved	Unobserved	Unobserved	Unobserved	Unobserved	Unobserved	Unobserved	Unobserved	Unobserved	Unobserved	Unobserved	Unobserved	Unobserved	Unobserved	Unobserved	Unobserved	Unobserved	Unobserved	Unobserved	Unobserved	Unobserved	Unobserved	Unobserved	Unobserved	Unobserved	Unobserved	Unobserved	Unobserved	Unobserved	Unobserved	Unobserved	Unobserved	Unobserved	Unobserved	Unobserved	Unobserved	Unobserved	Unobserved	Unobserved	Unobserved	Unobserved	Unobserved	Unobserved	Unobserved	Unobserved	Unobserved	Unobserved	Unobserved	Unobserved	Unobserved	Unobserved	Unobserved	Unobserved	Unobserved	Unobserved	Unobserved	Unobserved	Unobserved	Observed	Unobserved	Unobserved	Unobserved	Unobserved	1	TRUE	FALSE	FALSE
10N.286.55.E4	Unobserved	Unobserved	Unobserved	Unobserved	Unobserved	Unobserved	Unobserved	Unobserved	Unobserved	Unobserved	Unobserved	Unobserved	Unobserved	Unobserved	Unobserved	Unobserved	Unobserved	Unobserved	Unobserved	Unobserved	Unobserved	Unobserved	Unobserved	Unobserved	Unobserved	Unobserved	Unobserved	Unobserved	Unobserved	Unobserved	Unobserved	Unobserved	Unobserved	Unobserved	Unobserved	Unobserved	Unobserved	Unobserved	Unobserved	Unobserved	Unobserved	Unobserved	Unobserved	Unobserved	Unobserved	Unobserved	Unobserved	Unobserved	Unobserved	Unobserved	Unobserved	Unobserved	Unobserved	Unobserved	Unobserved	Unobserved	Unobserved	Unobserved	Unobserved	Unobserved	Unobserved	Unobserved	Unobserved	Unobserved	Unobserved	Unobserved	Unobserved	Unobserved	Unobserved	Unobserved	Unobserved	Unobserved	Unobserved	Unobserved	Unobserved	Unobserved	Unobserved	0	FALSE	FALSE	FALSE
10N.286.55.E6	Unobserved	Unobserved	Unobserved	Unobserved	Unobserved	Unobserved	Unobserved	Unobserved	Unobserved	Unobserved	Unobserved	Unobserved	Unobserved	Unobserved	Observed	Unobserved	Unobserved	Unobserved	Unobserved	Unobserved	Unobserved	Unobserved	Unobserved	Unobserved	Unobserved	Unobserved	Unobserved	Unobserved	Unobserved	Unobserved	Unobserved	Unobserved	Unobserved	Unobserved	Unobserved	Unobserved	Unobserved	Unobserved	Unobserved	Unobserved	Unobserved	Unobserved	Unobserved	Unobserved	Unobserved	Unobserved	Unobserved	Unobserved	Unobserved	Unobserved	Unobserved	Unobserved	Unobserved	Unobserved	Unobserved	Unobserved	Unobserved	Unobserved	Unobserved	Unobserved	Unobserved	Unobserved	Unobserved	Unobserved	Unobserved	Unobserved	Unobserved	Unobserved	Unobserved	Unobserved	Unobserved	Unobserved	Observed	Unobserved	Unobserved	Unobserved	Unobserved	2	TRUE	TRUE	FALSE
10N.286.55.E8	Unobserved	Unobserved	Unobserved	Unobserved	Unobserved	Unobserved	Unobserved	Observed	Unobserved	Unobserved	Unobserved	Unobserved	Unobserved	Unobserved	Unobserved	Unobserved	Unobserved	Unobserved	Unobserved	Unobserved	Unobserved	Unobserved	Unobserved	Unobserved	Unobserved	Observed	Unobserved	Unobserved	Unobserved	Unobserved	Unobserved	Unobserved	Unobserved	Unobserved	Unobserved	Unobserved	Unobserved	Unobserved	Unobserved	Unobserved	Unobserved	Unobserved	Unobserved	Unobserved	Unobserved	Unobserved	Unobserved	Unobserved	Unobserved	Unobserved	Unobserved	Unobserved	Unobserved	Unobserved	Unobserved	Unobserved	Unobserved	Unobserved	Unobserved	Unobserved	Unobserved	Unobserved	Observed	Unobserved	Unobserved	Unobserved	Unobserved	Unobserved	Unobserved	Unobserved	Unobserved	Unobserved	Unobserved	Unobserved	Unobserved	Unobserved	Unobserved	3	TRUE	TRUE	TRUE
10N.286.55.F1	Unobserved	Unobserved	Unobserved	Unobserved	Unobserved	Unobserved	Unobserved	Unobserved	Unobserved	Unobserved	Unobserved	Unobserved	Unobserved	Unobserved	Unobserved	Unobserved	Unobserved	Observed	Observed	Unobserved	Unobserved	Unobserved	Unobserved	Unobserved	Unobserved	Unobserved	Unobserved	Unobserved	Unobserved	Unobserved	Unobserved	Unobserved	Unobserved	Unobserved	Unobserved	Unobserved	Unobserved	Unobserved	Unobserved	Unobserved	Unobserved	Unobserved	Unobserved	Unobserved	Unobserved	Unobserved	Unobserved	Unobserved	Unobserved	Unobserved	Unobserved	Unobserved	Unobserved	Observed	Unobserved	Unobserved	Unobserved	Unobserved	Unobserved	Unobserved	Unobserved	Unobserved	Unobserved	Unobserved	Unobserved	Unobserved	Unobserved	Unobserved	Unobserved	Unobserved	Unobserved	Unobserved	Unobserved	Unobserved	Unobserved	Unobserved	Unobserved	3	TRUE	TRUE	TRUE
10N.286.55.F11	Unobserved	Unobserved	Unobserved	Unobserved	Unobserved	Unobserved	Unobserved	Unobserved	Unobserved	Unobserved	Unobserved	Unobserved	Unobserved	Unobserved	Unobserved	Unobserved	Unobserved	Unobserved	Unobserved	Unobserved	Unobserved	Unobserved	Unobserved	Unobserved	Unobserved	Unobserved	Unobserved	Unobserved	Unobserved	Unobserved	Unobserved	Unobserved	Unobserved	Unobserved	Unobserved	Unobserved	Unobserved	Unobserved	Unobserved	Unobserved	Unobserved	Unobserved	Unobserved	Unobserved	Unobserved	Unobserved	Unobserved	Unobserved	Unobserved	Unobserved	Unobserved	Unobserved	Unobserved	Unobserved	Unobserved	Unobserved	Unobserved	Unobserved	Unobserved	Unobserved	Unobserved	Unobserved	Unobserved	Unobserved	Unobserved	Unobserved	Unobserved	Unobserved	Unobserved	Unobserved	Unobserved	Unobserved	Unobserved	Unobserved	Unobserved	Unobserved	Unobserved	0	FALSE	FALSE	FALSE
10N.286.55.F6	Unobserved	Unobserved	Unobserved	Unobserved	Unobserved	Unobserved	Unobserved	Unobserved	Unobserved	Unobserved	Unobserved	Unobserved	Unobserved	Unobserved	Unobserved	Unobserved	Unobserved	Unobserved	Unobserved	Unobserved	Unobserved	Unobserved	Unobserved	Unobserved	Unobserved	Unobserved	Unobserved	Unobserved	Unobserved	Unobserved	Unobserved	Unobserved	Unobserved	Unobserved	Unobserved	Unobserved	Unobserved	Unobserved	Unobserved	Unobserved	Unobserved	Unobserved	Unobserved	Unobserved	Unobserved	Unobserved	Unobserved	Unobserved	Unobserved	Unobserved	Unobserved	Unobserved	Unobserved	Unobserved	Unobserved	Unobserved	Unobserved	Unobserved	Unobserved	Unobserved	Unobserved	Unobserved	Unobserved	Unobserved	Unobserved	Unobserved	Unobserved	Unobserved	Unobserved	Unobserved	Unobserved	Unobserved	Unobserved	Unobserved	Unobserved	Unobserved	Unobserved	0	FALSE	FALSE	FALSE
