sample_name	GPSC	GPSC type	Continent	Predicted_PEN_MIC	Predicted_PEN_MIC_CLSI	folA	folP	Predicted_Cotrimoxazole_susceptibility	cat1	Predicted_Chloramphenicol_susceptibility	ermB1	mef1	Predicted_Erythromycin_susceptibility	tet	Predicted_Tetracycline_susceptibility	PEN-SXT-CHL-ERY-TET	No_of_nonsusceptible	MDR	Phenotypic_Penicillin	Phenotypic_Cotrimoxazole	Phenotypic_Chloramphenicol	Phenotypic_Erythromycin	Phenotypic_Tetracycline
ERR316671	21	Dominant	Africa	0.25	R	I100L detected	indel(s) between 56th and 69th amino acid NOT detected	I	neg	S	neg	neg	S	neg	S	R-I-S-S-S	2	No	NA	NA	NA	NA	NA
ERR316670	40	Dominant	Africa	0.03	S	I100L detected	indel(s) between 56th and 69th amino acid NOT detected	I	neg	S	neg	neg	S	neg	S	S-I-S-S-S	1	No	NA	NA	NA	NA	NA
ERR316669	5	Dominant	Africa	0.06	S	I100L detected	indel(s) between 56th and 69th amino acid detected	R	neg	S	neg	neg	S	neg	S	S-R-S-S-S	1	No	NA	NA	NA	NA	NA
ERR316666	2	Dominant	Africa	0.03	S	I100L NOT detected	indel(s) between 56th and 69th amino acid detected	I	cat1	R	neg	neg	S	tetM	R	S-I-R-S-R	3	Yes	NA	NA	NA	NA	NA
ERR316681	56	Intermediate	Africa	0.03	S	I100L NOT detected	indel(s) between 56th and 69th amino acid NOT detected	S	neg	S	neg	neg	S	neg	S	S-S-S-S-S	0	No	NA	NA	NA	NA	NA
ERR316678	13	Dominant	Africa	0.03	S	I100L NOT detected	indel(s) between 56th and 69th amino acid detected	I	neg	S	neg	neg	S	neg	S	S-I-S-S-S	1	No	NA	NA	NA	NA	NA
ERR316673	40	Dominant	Africa	0.03	S	I100L detected	indel(s) between 56th and 69th amino acid detected	R	neg	S	neg	neg	S	neg	S	S-R-S-S-S	1	No	NA	NA	NA	NA	NA
ERR316663	120	Intermediate	Africa	0.03	S	I100L NOT detected	indel(s) between 56th and 69th amino acid detected	I	neg	S	neg	neg	S	tetM	R	S-I-S-S-R	2	No	NA	NA	NA	NA	NA
ERR316662	183	Intermediate	Africa	0.06	S	I100L detected	indel(s) between 56th and 69th amino acid detected	R	neg	S	neg	neg	S	tetM	R	S-R-S-S-R	2	No	NA	NA	NA	NA	NA
ERR316661	21	Dominant	Africa	0.25	R	I100L detected	indel(s) between 56th and 69th amino acid NOT detected	I	neg	S	neg	neg	S	neg	S	R-I-S-S-S	2	No	NA	NA	NA	NA	NA
ERR316580	9	Dominant	Africa	0.25	R	I100L detected	indel(s) between 56th and 69th amino acid detected	R	neg	S	neg	neg	S	tetM	R	R-R-S-S-R	3	Yes	NA	NA	NA	NA	NA
ERR316659	578	Rare	Africa	0.12	R	I100L detected	indel(s) between 56th and 69th amino acid NOT detected	I	neg	S	neg	neg	S	neg	S	R-I-S-S-S	2	No	NA	NA	NA	NA	NA
ERR316657	2	Dominant	Africa	0.03	S	I100L detected	indel(s) between 56th and 69th amino acid detected	R	cat1	R	neg	neg	S	tetM	R	S-R-R-S-R	3	Yes	NA	NA	NA	NA	NA
ERR316655	21	Dominant	Africa	0.25	R	I100L detected	indel(s) between 56th and 69th amino acid detected	R	neg	S	neg	neg	S	tetM	R	R-R-S-S-R	3	Yes	NA	NA	NA	NA	NA
ERR316654	9	Dominant	Africa	0.25	R	I100L detected	indel(s) between 56th and 69th amino acid detected	R	neg	S	neg	neg	S	tetM	R	R-R-S-S-R	3	Yes	NA	NA	NA	NA	NA
ERR316653	268	Rare	Africa	0.25	R	I100L detected	indel(s) between 56th and 69th amino acid NOT detected	I	neg	S	neg	neg	S	tetM	R	R-I-S-S-R	3	Yes	NA	NA	NA	NA	NA
ERR316579	30	Dominant	Africa	0.03	S	I100L detected	indel(s) between 56th and 69th amino acid detected	R	neg	S	neg	neg	S	tetM	R	S-R-S-S-R	2	No	NA	NA	NA	NA	NA
ERR316578	62	Intermediate	Africa	0.06	S	I100L detected	indel(s) between 56th and 69th amino acid detected	R	neg	S	neg	neg	S	tetM	R	S-R-S-S-R	2	No	NA	NA	NA	NA	NA
ERR316632	20	Intermediate	Africa	0.03	S	I100L NOT detected	indel(s) between 56th and 69th amino acid detected	I	neg	S	neg	neg	S	tetM	R	S-I-S-S-R	2	No	NA	NA	NA	NA	NA
ERR316631	13	Dominant	Africa	0.03	S	I100L NOT detected	indel(s) between 56th and 69th amino acid NOT detected	S	neg	S	neg	neg	S	neg	S	S-S-S-S-S	0	No	NA	NA	NA	NA	NA
ERR316577	8	Dominant	Africa	0.06	S	I100L detected	indel(s) between 56th and 69th amino acid detected	R	neg	S	neg	neg	S	neg	S	S-R-S-S-S	1	No	NA	NA	NA	NA	NA
ERR316629	2	Dominant	Africa	0.03	S	I100L NOT detected	indel(s) between 56th and 69th amino acid detected	I	cat1	R	neg	neg	S	tetM	R	S-I-R-S-R	3	Yes	NA	NA	NA	NA	NA
ERR316613	223	Rare	Africa	0.25	R	I100L detected	indel(s) between 56th and 69th amino acid NOT detected	I	neg	S	neg	neg	S	neg	S	R-I-S-S-S	2	No	NA	NA	NA	NA	NA
ERR316612	54	Intermediate	Africa	0.25	R	I100L detected	indel(s) between 56th and 69th amino acid NOT detected	I	neg	S	neg	neg	S	neg	S	R-I-S-S-S	2	No	NA	NA	NA	NA	NA
ERR316610	120	Intermediate	Africa	0.03	S	I100L NOT detected	indel(s) between 56th and 69th amino acid detected	I	neg	S	neg	neg	S	tetM	R	S-I-S-S-R	2	No	NA	NA	NA	NA	NA
ERR316609	176	Intermediate	Africa	0.12	R	I100L detected	indel(s) between 56th and 69th amino acid detected	R	neg	S	neg	neg	S	neg	S	R-R-S-S-S	2	No	NA	NA	NA	NA	NA
ERR316606	53	Intermediate	Africa	0.03	S	I100L detected	indel(s) between 56th and 69th amino acid detected	R	neg	S	neg	neg	S	neg	S	S-R-S-S-S	1	No	NA	NA	NA	NA	NA
ERR316605	8	Dominant	Africa	0.06	S	I100L detected	indel(s) between 56th and 69th amino acid detected	R	neg	S	neg	neg	S	neg	S	S-R-S-S-S	1	No	NA	NA	NA	NA	NA
ERR316602	17	Dominant	Africa	0.25	R	I100L NOT detected	indel(s) between 56th and 69th amino acid detected	I	neg	S	neg	neg	S	neg	S	R-I-S-S-S	2	No	NA	NA	NA	NA	NA
ERR316601	20	Intermediate	Africa	0.03	S	I100L detected	indel(s) between 56th and 69th amino acid detected	R	neg	S	ermB1	neg	R	tetM	R	S-R-S-R-R	3	Yes	NA	NA	NA	NA	NA
ERR316574	8	Dominant	Africa	0.03	S	I100L NOT detected	indel(s) between 56th and 69th amino acid detected	I	neg	S	neg	neg	S	tetM	R	S-I-S-S-R	2	No	NA	NA	NA	NA	NA
ERR316598	13	Dominant	Africa	0.03	S	I100L detected	indel(s) between 56th and 69th amino acid detected	R	neg	S	neg	neg	S	neg	S	S-R-S-S-S	1	No	NA	NA	NA	NA	NA
ERR316597	40	Dominant	Africa	0.03	S	I100L detected	indel(s) between 56th and 69th amino acid detected	R	neg	S	neg	neg	S	neg	S	S-R-S-S-S	1	No	NA	NA	NA	NA	NA
ERR316595	120	Intermediate	Africa	0.03	S	I100L detected	indel(s) between 56th and 69th amino acid detected	R	neg	S	neg	neg	S	tetM	R	S-R-S-S-R	2	No	NA	NA	NA	NA	NA
ERR316594	8	Dominant	Africa	0.06	S	I100L detected	indel(s) between 56th and 69th amino acid detected	R	neg	S	neg	neg	S	neg	S	S-R-S-S-S	1	No	NA	NA	NA	NA	NA
ERR316592	20	Intermediate	Africa	0.03	S	I100L NOT detected	indel(s) between 56th and 69th amino acid detected	I	neg	S	neg	neg	S	tetM	R	S-I-S-S-R	2	No	NA	NA	NA	NA	NA
ERR316591	183	Intermediate	Africa	0.03	S	I100L detected	indel(s) between 56th and 69th amino acid detected	R	neg	S	neg	neg	S	tetM	R	S-R-S-S-R	2	No	NA	NA	NA	NA	NA
ERR316573	8	Dominant	Africa	0.06	S	I100L detected	indel(s) between 56th and 69th amino acid detected	R	neg	S	neg	neg	S	neg	S	S-R-S-S-S	1	No	NA	NA	NA	NA	NA
ERR316590	53	Intermediate	Africa	0.03	S	I100L detected	indel(s) between 56th and 69th amino acid detected	R	neg	S	neg	neg	S	neg	S	S-R-S-S-S	1	No	NA	NA	NA	NA	NA
ERR316587	8	Dominant	Africa	0.06	S	I100L detected	indel(s) between 56th and 69th amino acid detected	R	neg	S	neg	neg	S	neg	S	S-R-S-S-S	1	No	NA	NA	NA	NA	NA
ERR316584	8	Dominant	Africa	0.06	S	I100L detected	indel(s) between 56th and 69th amino acid detected	R	neg	S	neg	neg	S	neg	S	S-R-S-S-S	1	No	NA	NA	NA	NA	NA
ERR316582	8	Dominant	Africa	0.06	S	I100L detected	indel(s) between 56th and 69th amino acid detected	R	neg	S	neg	neg	S	neg	S	S-R-S-S-S	1	No	NA	NA	NA	NA	NA
ERR316572	11	Dominant	Africa	0.25	R	I100L detected	indel(s) between 56th and 69th amino acid detected	R	neg	S	neg	neg	S	tetM	R	R-R-S-S-R	3	Yes	NA	NA	NA	NA	NA
ERR1638466	184	Intermediate	Africa	0.03	S	I100L NOT detected	indel(s) between 56th and 69th amino acid NOT detected	S	neg	S	neg	neg	S	neg	S	S-S-S-S-S	0	No	NA	NA	NA	NA	NA
ERR1638464	13	Dominant	Africa	0.03	S	I100L NOT detected	indel(s) between 56th and 69th amino acid NOT detected	S	neg	S	neg	neg	S	neg	S	S-S-S-S-S	0	No	NA	NA	NA	NA	NA
ERR1638463	10	Dominant	Africa	0.5	R	I100L detected	indel(s) between 56th and 69th amino acid NOT detected	I	neg	S	neg	neg	S	tetM	R	R-I-S-S-R	3	Yes	NA	NA	NA	NA	NA
ERR1453526	5	Dominant	Africa	0.5	R	I100L detected	indel(s) between 56th and 69th amino acid detected	R	neg	S	neg	neg	S	neg	S	R-R-S-S-S	2	No	NA	NA	NA	NA	NA
ERR1453518	8	Dominant	Africa	0.06	S	I100L detected	indel(s) between 56th and 69th amino acid detected	R	neg	S	neg	neg	S	neg	S	S-R-S-S-S	1	No	NA	NA	NA	NA	NA
ERR1453513	11	Dominant	Africa	0.03	S	I100L detected	indel(s) between 56th and 69th amino acid detected	R	neg	S	neg	neg	S	neg	S	S-R-S-S-S	1	No	NA	NA	NA	NA	NA
ERR1453510	5	Dominant	Africa	0.25	R	I100L detected	indel(s) between 56th and 69th amino acid detected	R	neg	S	neg	neg	S	neg	S	R-R-S-S-S	2	No	NA	NA	NA	NA	NA
ERR1453508	56	Intermediate	Africa	0.03	S	I100L detected	indel(s) between 56th and 69th amino acid NOT detected	I	neg	S	neg	neg	S	neg	S	S-I-S-S-S	1	No	NA	NA	NA	NA	NA
ERR1453499	5	Dominant	Africa	0.25	R	I100L detected	indel(s) between 56th and 69th amino acid detected	R	neg	S	neg	neg	S	neg	S	R-R-S-S-S	2	No	NA	NA	NA	NA	NA
ERR1453495	176	Intermediate	Africa	0.12	R	I100L detected	indel(s) between 56th and 69th amino acid detected	R	neg	S	neg	neg	S	neg	S	R-R-S-S-S	2	No	NA	NA	NA	NA	NA
ERR1453490	2	Dominant	Africa	0.03	S	I100L detected	indel(s) between 56th and 69th amino acid detected	R	cat1	R	neg	neg	S	tetM	R	S-R-R-S-R	3	Yes	NA	NA	NA	NA	NA
ERR1422694	4	Dominant	North America	0.12	R	I100L NOT detected	indel(s) between 56th and 69th amino acid NOT detected	S	neg	S	neg	neg	S	neg	S	R-S-S-S-S	1	No	R	S	S	S	S
ERR1422688	4	Dominant	North America	0.03	S	I100L NOT detected	indel(s) between 56th and 69th amino acid NOT detected	S	neg	S	neg	neg	S	neg	S	S-S-S-S-S	0	No	S	S	S	S	I
ERR1422687	11	Dominant	North America	0.03	S	I100L NOT detected	indel(s) between 56th and 69th amino acid NOT detected	S	neg	S	neg	neg	S	neg	S	S-S-S-S-S	0	No	S	S	S	S	I
ERR1422686	36	Intermediate	North America	0.03	S	I100L NOT detected	indel(s) between 56th and 69th amino acid NOT detected	S	neg	S	neg	neg	S	neg	S	S-S-S-S-S	0	No	S	S	S	S	I
ERR1422685	4	Dominant	North America	0.12	R	I100L NOT detected	indel(s) between 56th and 69th amino acid detected	I	neg	S	neg	neg	S	neg	S	R-I-S-S-S	2	No	R	S	S	S	I
ERR1422684	89	Intermediate	North America	0.03	S	I100L NOT detected	indel(s) between 56th and 69th amino acid NOT detected	S	neg	S	neg	neg	S	neg	S	S-S-S-S-S	0	No	S	S	S	S	I
ERR1422683	49	Intermediate	North America	0.03	S	I100L NOT detected	indel(s) between 56th and 69th amino acid NOT detected	S	neg	S	neg	neg	S	neg	S	S-S-S-S-S	0	No	S	S	S	S	I
ERR1422682	9	Dominant	North America	0.25	R	I100L NOT detected	indel(s) between 56th and 69th amino acid NOT detected	S	neg	S	ermB1	neg	R	tetM	R	R-S-S-R-R	3	Yes	R	S	R	R	R
ERR1422681	8	Dominant	North America	0.06	S	I100L NOT detected	indel(s) between 56th and 69th amino acid detected	I	neg	S	neg	neg	S	neg	S	S-I-S-S-S	1	No	S	I	S	S	I
ERR1422680	4	Dominant	North America	0.03	S	I100L NOT detected	indel(s) between 56th and 69th amino acid NOT detected	S	neg	S	neg	neg	S	neg	S	S-S-S-S-S	0	No	S	S	S	S	I
ERR1422679	12	Dominant	North America	0.03	S	I100L NOT detected	indel(s) between 56th and 69th amino acid NOT detected	S	neg	S	neg	neg	S	neg	S	S-S-S-S-S	0	No	S	S	S	S	I
ERR1422671	1	Dominant	North America	2	R	I100L detected	indel(s) between 56th and 69th amino acid detected	R	neg	S	neg	mef1	R	tetM	R	R-R-S-R-R	4	Yes	R	R	S	R	R
ERR1422662	119	Intermediate	North America	0.03	S	I100L NOT detected	indel(s) between 56th and 69th amino acid NOT detected	S	neg	S	neg	neg	S	neg	S	S-S-S-S-S	0	No	S	S	S	S	S
ERR1422661	6	Dominant	North America	4	R	I100L detected	indel(s) between 56th and 69th amino acid detected	R	neg	S	neg	neg	S	neg	S	R-R-S-S-S	2	No	R	R	S	S	S
ERR1422660	3	Dominant	North America	0.03	S	I100L NOT detected	indel(s) between 56th and 69th amino acid NOT detected	S	neg	S	neg	neg	S	neg	S	S-S-S-S-S	0	No	S	S	S	S	S
ERR1422659	23	Dominant	North America	0.5	R	I100L detected	indel(s) between 56th and 69th amino acid detected	R	neg	S	neg	mef1	R	neg	S	R-R-S-R-S	3	Yes	R	R	S	R	S
ERR1422658	18	Dominant	North America	0.03	S	I100L detected	indel(s) between 56th and 69th amino acid detected	R	neg	S	neg	mef1	R	neg	S	S-R-S-R-S	2	No	S	R	S	R	S
ERR1422654	15	Dominant	North America	0.03	S	I100L NOT detected	indel(s) between 56th and 69th amino acid NOT detected	S	neg	S	neg	neg	S	neg	S	S-S-S-S-S	0	No	S	S	S	S	I
ERR1422653	12	Dominant	North America	0.03	S	I100L NOT detected	indel(s) between 56th and 69th amino acid NOT detected	S	neg	S	neg	neg	S	neg	S	S-S-S-S-S	0	No	S	S	S	S	I
ERR1422652	1	Dominant	North America	4	R	I100L detected	indel(s) between 56th and 69th amino acid detected	R	neg	S	ermB1	mef1	R	tetM	R	R-R-S-R-R	4	Yes	R	R	S	R	R
ERR1422651	45	Intermediate	North America	0.03	S	I100L NOT detected	indel(s) between 56th and 69th amino acid NOT detected	S	neg	S	neg	neg	S	neg	S	S-S-S-S-S	0	No	S	S	S	S	I
ERR1422650	4	Dominant	North America	0.12	R	I100L detected	indel(s) between 56th and 69th amino acid detected	R	neg	S	neg	neg	S	neg	S	R-R-S-S-S	2	No	R	R	S	S	S
ERR1422649	5	Dominant	North America	1	R	I100L NOT detected	indel(s) between 56th and 69th amino acid detected	I	neg	S	neg	neg	S	neg	S	R-I-S-S-S	2	No	R	I	S	S	S
ERR1422648	1	Dominant	North America	8	R	I100L detected	indel(s) between 56th and 69th amino acid detected	R	neg	S	ermB1	mef1	R	tetM	R	R-R-S-R-R	4	Yes	R	R	S	R	R
ERR1422647	3	Dominant	North America	0.03	S	I100L NOT detected	indel(s) between 56th and 69th amino acid detected	I	neg	S	neg	mef1	R	neg	S	S-I-S-R-S	2	No	S	I	S	R	S
ERR1422646	10	Dominant	North America	0.5	R	I100L detected	indel(s) between 56th and 69th amino acid NOT detected	I	neg	S	neg	neg	S	tetM	R	R-I-S-S-R	3	Yes	R	R	S	S	R
ERR1333964	32	Dominant	North America	0.03	S	I100L NOT detected	indel(s) between 56th and 69th amino acid NOT detected	S	neg	S	neg	neg	S	neg	S	S-S-S-S-S	0	No	S	S	S	S	I
ERR1333963	32	Dominant	North America	0.03	S	I100L NOT detected	indel(s) between 56th and 69th amino acid NOT detected	S	neg	S	neg	mef1	R	neg	S	S-S-S-R-S	1	No	S	S	S	R	I
ERR1333962	12	Dominant	North America	0.03	S	I100L NOT detected	indel(s) between 56th and 69th amino acid NOT detected	S	neg	S	neg	neg	S	neg	S	S-S-S-S-S	0	No	S	S	S	S	I
ERR1288908	13	Dominant	Africa	0.03	S	I100L detected	indel(s) between 56th and 69th amino acid detected	R	neg	S	neg	neg	S	neg	S	S-R-S-S-S	1	No	NA	NA	NA	NA	NA
ERR1288905	10	Dominant	Africa	0.5	R	I100L detected	indel(s) between 56th and 69th amino acid NOT detected	I	cat1	R	neg	neg	S	tetM	R	R-I-R-S-R	4	Yes	NA	NA	NA	NA	NA
ERR1288903	8	Dominant	Africa	0.03	S	I100L detected	indel(s) between 56th and 69th amino acid detected	R	neg	S	neg	neg	S	tetM	R	S-R-S-S-R	2	No	NA	NA	NA	NA	NA
ERR1288902	5	Dominant	Africa	0.25	R	I100L detected	indel(s) between 56th and 69th amino acid detected	R	neg	S	neg	neg	S	neg	S	R-R-S-S-S	2	No	NA	NA	NA	NA	NA
ERR1288901	30	Dominant	Africa	0.03	S	I100L detected	indel(s) between 56th and 69th amino acid detected	R	neg	S	neg	neg	S	tetM	R	S-R-S-S-R	2	No	NA	NA	NA	NA	NA
ERR1288900	120	Intermediate	Africa	0.03	S	I100L NOT detected	indel(s) between 56th and 69th amino acid detected	I	neg	S	neg	neg	S	tetM	R	S-I-S-S-R	2	No	NA	NA	NA	NA	NA
ERR1288935	86	Intermediate	Africa	0.03	S	I100L detected	indel(s) between 56th and 69th amino acid detected	R	neg	S	neg	neg	S	tetM	R	S-R-S-S-R	2	No	NA	NA	NA	NA	NA
ERR1288934	56	Intermediate	Africa	0.03	S	I100L NOT detected	indel(s) between 56th and 69th amino acid detected	I	neg	S	neg	neg	S	neg	S	S-I-S-S-S	1	No	NA	NA	NA	NA	NA
ERR1288933	5	Dominant	Africa	0.25	R	I100L detected	indel(s) between 56th and 69th amino acid detected	R	neg	S	neg	neg	S	neg	S	R-R-S-S-S	2	No	NA	NA	NA	NA	NA
ERR1288932	8	Dominant	Africa	0.06	S	I100L detected	indel(s) between 56th and 69th amino acid detected	R	neg	S	neg	neg	S	neg	S	S-R-S-S-S	1	No	NA	NA	NA	NA	NA
ERR1288930	26	Dominant	Africa	0.03	S	I100L detected	indel(s) between 56th and 69th amino acid detected	R	cat1	R	neg	neg	S	tetM	R	S-R-R-S-R	3	Yes	NA	NA	NA	NA	NA
ERR1288927	535	Rare	Africa	0.03	S	I100L detected	indel(s) between 56th and 69th amino acid detected	R	neg	S	neg	neg	S	tetM	R	S-R-S-S-R	2	No	NA	NA	NA	NA	NA
ERR1288926	145	Intermediate	Africa	0.06	S	I100L NOT detected	indel(s) between 56th and 69th amino acid detected	I	neg	S	neg	neg	S	tetM	R	S-I-S-S-R	2	No	NA	NA	NA	NA	NA
ERR1288925	120	Intermediate	Africa	0.03	S	I100L detected	indel(s) between 56th and 69th amino acid detected	R	neg	S	neg	neg	S	tetM	R	S-R-S-S-R	2	No	NA	NA	NA	NA	NA
ERR1288920	22	Dominant	Africa	0.06	S	I100L detected	indel(s) between 56th and 69th amino acid NOT detected	I	neg	S	neg	neg	S	neg	S	S-I-S-S-S	1	No	NA	NA	NA	NA	NA
ERR1288919	183	Intermediate	Africa	0.03	S	I100L detected	indel(s) between 56th and 69th amino acid detected	R	neg	S	neg	neg	S	tetM	R	S-R-S-S-R	2	No	NA	NA	NA	NA	NA
ERR1288918	2	Dominant	Africa	0.03	S	I100L NOT detected	indel(s) between 56th and 69th amino acid detected	I	cat1	R	neg	neg	S	tetM	R	S-I-R-S-R	3	Yes	NA	NA	NA	NA	NA
ERR1288915	86	Intermediate	Africa	0.03	S	I100L detected	indel(s) between 56th and 69th amino acid detected	R	neg	S	neg	neg	S	tetM	R	S-R-S-S-R	2	No	NA	NA	NA	NA	NA
ERR1214707	12	Dominant	Africa	0.03	S	I100L NOT detected	indel(s) between 56th and 69th amino acid NOT detected	S	neg	S	neg	neg	S	neg	S	S-S-S-S-S	0	No	S	S	NA	S	S
ERR1202544	96	Intermediate	Africa	0.03	S	I100L NOT detected	indel(s) between 56th and 69th amino acid NOT detected	S	neg	S	neg	neg	S	neg	S	S-S-S-S-S	0	No	NA	NA	NA	NA	NA
ERR1202537	26	Dominant	Africa	0.03	S	I100L detected	indel(s) between 56th and 69th amino acid detected	R	neg	S	neg	neg	S	tetM	R	S-R-S-S-R	2	No	NA	NA	NA	NA	NA
ERR1202527	65	Intermediate	Africa	0.12	R	I100L detected	indel(s) between 56th and 69th amino acid NOT detected	I	neg	S	neg	neg	S	neg	S	R-I-S-S-S	2	No	NA	NA	NA	NA	NA
ERR1202522	40	Dominant	Africa	0.03	S	I100L detected	indel(s) between 56th and 69th amino acid NOT detected	I	neg	S	neg	neg	S	neg	S	S-I-S-S-S	1	No	NA	NA	NA	NA	NA
ERR1202518	91	Intermediate	Africa	0.06	S	I100L detected	indel(s) between 56th and 69th amino acid detected	R	neg	S	neg	neg	S	neg	S	S-R-S-S-S	1	No	NA	NA	NA	NA	NA
ERR1202516	8	Dominant	Africa	0.06	S	I100L NOT detected	indel(s) between 56th and 69th amino acid detected	I	neg	S	neg	neg	S	neg	S	S-I-S-S-S	1	No	NA	NA	NA	NA	NA
ERR1202514	176	Intermediate	Africa	0.12	R	I100L detected	indel(s) between 56th and 69th amino acid detected	R	neg	S	neg	neg	S	neg	S	R-R-S-S-S	2	No	NA	NA	NA	NA	NA
ERR1202513	96	Intermediate	Africa	0.03	S	I100L NOT detected	indel(s) between 56th and 69th amino acid NOT detected	S	neg	S	neg	neg	S	neg	S	S-S-S-S-S	0	No	NA	NA	NA	NA	NA
ERR1202512	22	Dominant	Africa	0.03	S	I100L detected	indel(s) between 56th and 69th amino acid NOT detected	I	neg	S	neg	neg	S	neg	S	S-I-S-S-S	1	No	NA	NA	NA	NA	NA
ERR1202511	22	Dominant	Africa	0.03	S	I100L detected	indel(s) between 56th and 69th amino acid NOT detected	I	neg	S	neg	neg	S	neg	S	S-I-S-S-S	1	No	NA	NA	NA	NA	NA
ERR1202510	8	Dominant	Africa	0.06	S	I100L detected	indel(s) between 56th and 69th amino acid detected	R	neg	S	neg	neg	S	neg	S	S-R-S-S-S	1	No	NA	NA	NA	NA	NA
ERR1202509	86	Intermediate	Africa	0.03	S	I100L detected	indel(s) between 56th and 69th amino acid detected	R	neg	S	neg	neg	S	neg	S	S-R-S-S-S	1	No	NA	NA	NA	NA	NA
ERR1202508	2	Dominant	Africa	0.03	S	I100L detected	indel(s) between 56th and 69th amino acid detected	R	cat1	R	neg	neg	S	tetM	R	S-R-R-S-R	3	Yes	NA	NA	NA	NA	NA
ERR1202507	216	Rare	Africa	0.03	S	I100L detected	indel(s) between 56th and 69th amino acid detected	R	neg	S	neg	neg	S	neg	S	S-R-S-S-S	1	No	NA	NA	NA	NA	NA
ERR1202506	117	Intermediate	Africa	0.03	S	I100L detected	indel(s) between 56th and 69th amino acid detected	R	neg	S	neg	neg	S	neg	S	S-R-S-S-S	1	No	NA	NA	NA	NA	NA
ERR1202505	183	Intermediate	Africa	0.03	S	I100L detected	indel(s) between 56th and 69th amino acid detected	R	neg	S	neg	neg	S	neg	S	S-R-S-S-S	1	No	NA	NA	NA	NA	NA
ERR1202504	277	Rare	Africa	0.03	S	I100L NOT detected	indel(s) between 56th and 69th amino acid NOT detected	S	neg	S	neg	neg	S	neg	S	S-S-S-S-S	0	No	NA	NA	NA	NA	NA
ERR1202503	2	Dominant	Africa	0.03	S	I100L detected	indel(s) between 56th and 69th amino acid detected	R	cat1	R	neg	neg	S	tetM	R	S-R-R-S-R	3	Yes	NA	NA	NA	NA	NA
ERR1202502	21	Dominant	Africa	0.25	R	I100L detected	indel(s) between 56th and 69th amino acid detected	R	neg	S	neg	neg	S	neg	S	R-R-S-S-S	2	No	NA	NA	NA	NA	NA
ERR1202500	183	Intermediate	Africa	0.03	S	I100L detected	indel(s) between 56th and 69th amino acid detected	R	neg	S	neg	neg	S	tetM	R	S-R-S-S-R	2	No	NA	NA	NA	NA	NA
ERR1202499	8	Dominant	Africa	0.06	S	I100L detected	indel(s) between 56th and 69th amino acid detected	R	neg	S	neg	neg	S	neg	S	S-R-S-S-S	1	No	NA	NA	NA	NA	NA
ERR1202496	190	Intermediate	Africa	0.06	S	I100L detected	indel(s) between 56th and 69th amino acid NOT detected	I	neg	S	neg	neg	S	tetM	R	S-I-S-S-R	2	No	NA	NA	NA	NA	NA
ERR1202494	218	Rare	Africa	0.03	S	I100L detected	indel(s) between 56th and 69th amino acid NOT detected	I	neg	S	neg	neg	S	neg	S	S-I-S-S-S	1	No	NA	NA	NA	NA	NA
ERR1202493	86	Intermediate	Africa	0.03	S	I100L detected	indel(s) between 56th and 69th amino acid detected	R	neg	S	neg	neg	S	tetM	R	S-R-S-S-R	2	No	NA	NA	NA	NA	NA
ERR1202490	26	Dominant	Africa	0.03	S	I100L detected	indel(s) between 56th and 69th amino acid detected	R	cat1	R	neg	neg	S	tetM	R	S-R-R-S-R	3	Yes	NA	NA	NA	NA	NA
ERR1202489	2	Dominant	Africa	0.03	S	I100L detected	indel(s) between 56th and 69th amino acid detected	R	cat1	R	neg	neg	S	tetM	R	S-R-R-S-R	3	Yes	NA	NA	NA	NA	NA
ERR1202487	20	Intermediate	Africa	0.03	S	I100L detected	indel(s) between 56th and 69th amino acid detected	R	neg	S	neg	neg	S	tetM	R	S-R-S-S-R	2	No	NA	NA	NA	NA	NA
ERR1202486	143	Intermediate	Africa	0.03	S	I100L detected	indel(s) between 56th and 69th amino acid NOT detected	I	neg	S	neg	neg	S	neg	S	S-I-S-S-S	1	No	NA	NA	NA	NA	NA
ERR1202485	92	Intermediate	Africa	0.03	S	I100L detected	indel(s) between 56th and 69th amino acid detected	R	neg	S	neg	neg	S	neg	S	S-R-S-S-S	1	No	NA	NA	NA	NA	NA
ERR1202484	20	Intermediate	Africa	0.03	S	I100L detected	indel(s) between 56th and 69th amino acid detected	R	neg	S	neg	neg	S	tetM	R	S-R-S-S-R	2	No	NA	NA	NA	NA	NA
ERR1202483	183	Intermediate	Africa	0.03	S	I100L detected	indel(s) between 56th and 69th amino acid detected	R	neg	S	neg	neg	S	tetM	R	S-R-S-S-R	2	No	NA	NA	NA	NA	NA
ERR1202482	116	Intermediate	Africa	0.03	S	I100L detected	indel(s) between 56th and 69th amino acid detected	R	neg	S	neg	neg	S	neg	S	S-R-S-S-S	1	No	NA	NA	NA	NA	NA
ERR1202477	9	Dominant	Africa	0.25	R	I100L detected	indel(s) between 56th and 69th amino acid detected	R	neg	S	neg	neg	S	tetM	R	R-R-S-S-R	3	Yes	NA	NA	NA	NA	NA
ERR1202476	303	Rare	Africa	0.06	S	I100L detected	indel(s) between 56th and 69th amino acid detected	R	neg	S	neg	neg	S	neg	S	S-R-S-S-S	1	No	NA	NA	NA	NA	NA
ERR1202473	40	Dominant	Africa	0.06	S	I100L detected	indel(s) between 56th and 69th amino acid NOT detected	I	neg	S	neg	neg	S	neg	S	S-I-S-S-S	1	No	NA	NA	NA	NA	NA
ERR1202595	38	Intermediate	North America	0.03	S	I100L NOT detected	indel(s) between 56th and 69th amino acid NOT detected	S	neg	S	neg	neg	S	neg	S	S-S-S-S-S	0	No	S	S	S	S	I
ERR1202594	9	Dominant	North America	0.25	R	I100L NOT detected	indel(s) between 56th and 69th amino acid detected	I	neg	S	ermB1	neg	R	tetM	R	R-I-S-R-R	4	Yes	R	I	S	R	R
ERR1202593	59	Intermediate	North America	2	R	I100L NOT detected	indel(s) between 56th and 69th amino acid NOT detected	S	neg	S	neg	mef1	R	neg	S	R-S-S-R-S	2	No	R	S	S	R	I
ERR1202592	24	Intermediate	North America	0.03	S	I100L NOT detected	indel(s) between 56th and 69th amino acid NOT detected	S	neg	S	neg	neg	S	neg	S	S-S-S-S-S	0	No	S	S	S	S	I
ERR1202591	15	Dominant	North America	0.03	S	I100L NOT detected	indel(s) between 56th and 69th amino acid NOT detected	S	neg	S	neg	neg	S	neg	S	S-S-S-S-S	0	No	S	S	S	S	I
ERR1202590	27	Dominant	North America	0.12	R	I100L NOT detected	indel(s) between 56th and 69th amino acid NOT detected	S	neg	S	neg	neg	S	neg	S	R-S-S-S-S	1	No	R	S	S	S	I
ERR1202589	15	Dominant	North America	0.03	S	I100L NOT detected	indel(s) between 56th and 69th amino acid NOT detected	S	neg	S	neg	neg	S	neg	S	S-S-S-S-S	0	No	S	S	S	S	I
ERR1202588	32	Dominant	North America	0.03	S	I100L NOT detected	indel(s) between 56th and 69th amino acid NOT detected	S	neg	S	neg	neg	S	neg	S	S-S-S-S-S	0	No	S	S	S	S	I
ERR1202587	5	Dominant	North America	1	R	I100L NOT detected	indel(s) between 56th and 69th amino acid detected	I	neg	S	neg	neg	S	neg	S	R-I-S-S-S	2	No	R	I	S	S	I
ERR1202586	3	Dominant	North America	0.03	S	I100L NOT detected	indel(s) between 56th and 69th amino acid NOT detected	S	neg	S	neg	neg	S	neg	S	S-S-S-S-S	0	No	S	S	S	S	I
ERR1202585	27	Dominant	North America	0.12	R	I100L NOT detected	indel(s) between 56th and 69th amino acid NOT detected	S	neg	S	neg	neg	S	neg	S	R-S-S-S-S	1	No	R	S	S	S	I
ERR1202584	9	Dominant	North America	0.25	R	I100L NOT detected	indel(s) between 56th and 69th amino acid NOT detected	S	neg	S	ermB1	neg	R	tetM	R	R-S-S-R-R	3	Yes	R	S	S	R	R
ERR1202583	38	Intermediate	North America	0.03	S	I100L NOT detected	indel(s) between 56th and 69th amino acid NOT detected	S	neg	S	neg	neg	S	neg	S	S-S-S-S-S	0	No	S	S	S	S	I
ERR1202580	15	Dominant	North America	0.03	S	I100L NOT detected	indel(s) between 56th and 69th amino acid NOT detected	S	neg	S	neg	neg	S	neg	S	S-S-S-S-S	0	No	S	S	S	S	I
ERR1202579	12	Dominant	North America	0.03	S	I100L NOT detected	indel(s) between 56th and 69th amino acid NOT detected	S	neg	S	neg	neg	S	neg	S	S-S-S-S-S	0	No	S	S	S	S	I
ERR1202578	4	Dominant	North America	0.03	S	I100L NOT detected	indel(s) between 56th and 69th amino acid NOT detected	S	neg	S	neg	neg	S	neg	S	S-S-S-S-S	0	No	S	S	S	S	I
ERR1202577	5	Dominant	North America	0.25	R	I100L NOT detected	indel(s) between 56th and 69th amino acid NOT detected	S	neg	S	ermB1	neg	R	tetM	R	R-S-S-R-R	3	Yes	R	S	S	R	R
ERR1202576	5	Dominant	North America	0.25	R	I100L detected	indel(s) between 56th and 69th amino acid NOT detected	I	neg	S	neg	neg	S	neg	S	R-I-S-S-S	2	No	R	I	S	S	I
ERR1202575	15	Dominant	North America	0.03	S	I100L NOT detected	indel(s) between 56th and 69th amino acid NOT detected	S	neg	S	neg	neg	S	neg	S	S-S-S-S-S	0	No	S	S	S	S	I
ERR1202574	4	Dominant	North America	0.12	R	I100L NOT detected	indel(s) between 56th and 69th amino acid NOT detected	S	neg	S	neg	neg	S	neg	S	R-S-S-S-S	1	No	R	S	S	S	I
ERR1202573	15	Dominant	North America	0.03	S	I100L NOT detected	indel(s) between 56th and 69th amino acid NOT detected	S	neg	S	neg	neg	S	neg	S	S-S-S-S-S	0	No	S	S	S	S	I
ERR1202572	59	Intermediate	North America	2	R	I100L NOT detected	indel(s) between 56th and 69th amino acid NOT detected	S	neg	S	neg	mef1	R	neg	S	R-S-S-R-S	2	No	R	S	S	R	I
ERR1202571	12	Dominant	North America	0.03	S	I100L NOT detected	indel(s) between 56th and 69th amino acid NOT detected	S	neg	S	neg	neg	S	neg	S	S-S-S-S-S	0	No	S	S	S	S	I
ERR1202570	15	Dominant	North America	0.03	S	I100L NOT detected	indel(s) between 56th and 69th amino acid NOT detected	S	neg	S	neg	neg	S	neg	S	S-S-S-S-S	0	No	S	S	S	S	I
ERR1202569	12	Dominant	North America	0.03	S	I100L NOT detected	indel(s) between 56th and 69th amino acid NOT detected	S	neg	S	neg	neg	S	neg	S	S-S-S-S-S	0	No	S	S	S	S	I
ERR1202568	4	Dominant	North America	0.12	R	I100L detected	indel(s) between 56th and 69th amino acid detected	R	neg	S	neg	mef1	R	neg	S	R-R-S-R-S	3	Yes	R	R	S	R	I
ERR1202567	32	Dominant	North America	0.03	S	I100L NOT detected	indel(s) between 56th and 69th amino acid NOT detected	S	neg	S	neg	mef1	R	neg	S	S-S-S-R-S	1	No	S	S	S	R	I
ERR1202566	15	Dominant	North America	0.03	S	I100L NOT detected	indel(s) between 56th and 69th amino acid NOT detected	S	neg	S	neg	neg	S	neg	S	S-S-S-S-S	0	No	S	S	S	S	S
ERR1202565	35	Intermediate	North America	0.03	S	I100L NOT detected	indel(s) between 56th and 69th amino acid NOT detected	S	neg	S	neg	neg	S	neg	S	S-S-S-S-S	0	No	S	S	S	S	S
ERR1202564	4	Dominant	North America	0.12	R	I100L detected	indel(s) between 56th and 69th amino acid detected	R	neg	S	neg	mef1	R	neg	S	R-R-S-R-S	3	Yes	R	R	S	R	S
ERR1202268	233	Rare	Africa	0.06	S	I100L detected	indel(s) between 56th and 69th amino acid detected	R	neg	S	neg	neg	S	neg	S	S-R-S-S-S	1	No	NA	NA	NA	NA	NA
ERR1202300	8	Dominant	Africa	0.03	S	I100L detected	indel(s) between 56th and 69th amino acid detected	R	neg	S	neg	neg	S	tetM	R	S-R-S-S-R	2	No	NA	NA	NA	NA	NA
ERR1202264	22	Dominant	Africa	0.06	S	I100L detected	indel(s) between 56th and 69th amino acid NOT detected	I	neg	S	neg	neg	S	neg	S	S-I-S-S-S	1	No	NA	NA	NA	NA	NA
ERR1202296	8	Dominant	Africa	0.03	S	I100L NOT detected	indel(s) between 56th and 69th amino acid NOT detected	S	neg	S	neg	neg	S	neg	S	S-S-S-S-S	0	No	NA	NA	NA	NA	NA
ERR1202288	8	Dominant	Africa	0.06	S	I100L NOT detected	indel(s) between 56th and 69th amino acid detected	I	neg	S	neg	neg	S	neg	S	S-I-S-S-S	1	No	NA	NA	NA	NA	NA
ERR1202286	2	Dominant	Africa	0.03	S	I100L NOT detected	indel(s) between 56th and 69th amino acid detected	I	cat1	R	neg	neg	S	tetM	R	S-I-R-S-R	3	Yes	NA	NA	NA	NA	NA
ERR1202285	9	Dominant	Africa	0.25	R	I100L detected	indel(s) between 56th and 69th amino acid detected	R	neg	S	neg	neg	S	tetM	R	R-R-S-S-R	3	Yes	NA	NA	NA	NA	NA
ERR1202284	26	Dominant	Africa	0.03	S	I100L detected	indel(s) between 56th and 69th amino acid detected	R	cat1	R	neg	neg	S	tetM	R	S-R-R-S-R	3	Yes	NA	NA	NA	NA	NA
ERR1202283	2	Dominant	Africa	0.03	S	I100L NOT detected	indel(s) between 56th and 69th amino acid detected	I	cat1	R	neg	neg	S	tetM	R	S-I-R-S-R	3	Yes	NA	NA	NA	NA	NA
ERR1202282	21	Dominant	Africa	0.12	R	I100L detected	indel(s) between 56th and 69th amino acid detected	R	neg	S	neg	neg	S	neg	S	R-R-S-S-S	2	No	NA	NA	NA	NA	NA
ERR1202279	8	Dominant	Africa	0.06	S	I100L NOT detected	indel(s) between 56th and 69th amino acid detected	I	neg	S	neg	neg	S	neg	S	S-I-S-S-S	1	No	NA	NA	NA	NA	NA
ERR1202278	9	Dominant	Africa	0.12	R	I100L NOT detected	indel(s) between 56th and 69th amino acid detected	I	neg	S	neg	neg	S	tetM	R	R-I-S-S-R	3	Yes	NA	NA	NA	NA	NA
ERR1202276	21	Dominant	Africa	0.25	R	I100L detected	indel(s) between 56th and 69th amino acid NOT detected	I	neg	S	neg	neg	S	neg	S	R-I-S-S-S	2	No	NA	NA	NA	NA	NA
ERR1202274	20	Intermediate	Africa	0.03	S	I100L detected	indel(s) between 56th and 69th amino acid detected	R	neg	S	neg	neg	S	tetM	R	S-R-S-S-R	2	No	NA	NA	NA	NA	NA
ERR1202376	277	Rare	Africa	0.03	S	I100L NOT detected	indel(s) between 56th and 69th amino acid NOT detected	S	neg	S	neg	neg	S	neg	S	S-S-S-S-S	0	No	NA	NA	NA	NA	NA
ERR1202375	13	Dominant	Africa	0.03	S	I100L detected	indel(s) between 56th and 69th amino acid detected	R	neg	S	neg	neg	S	neg	S	S-R-S-S-S	1	No	NA	NA	NA	NA	NA
ERR1202271	233	Rare	Africa	0.06	S	I100L detected	indel(s) between 56th and 69th amino acid detected	R	neg	S	neg	neg	S	neg	S	S-R-S-S-S	1	No	NA	NA	NA	NA	NA
ERR1202261	13	Dominant	Africa	0.03	S	I100L NOT detected	indel(s) between 56th and 69th amino acid NOT detected	S	neg	S	neg	neg	S	neg	S	S-S-S-S-S	0	No	NA	NA	NA	NA	NA
ERR1202260	56	Intermediate	Africa	0.03	S	I100L detected	indel(s) between 56th and 69th amino acid NOT detected	I	neg	S	neg	neg	S	neg	S	S-I-S-S-S	1	No	NA	NA	NA	NA	NA
ERR1202259	171	Intermediate	Africa	0.03	S	I100L detected	indel(s) between 56th and 69th amino acid detected	R	neg	S	neg	neg	S	neg	S	S-R-S-S-S	1	No	NA	NA	NA	NA	NA
ERR1202253	85	Intermediate	Africa	0.06	S	I100L detected	indel(s) between 56th and 69th amino acid detected	R	neg	S	neg	neg	S	tetM	R	S-R-S-S-R	2	No	NA	NA	NA	NA	NA
ERR1202252	9	Dominant	Africa	0.25	R	I100L detected	indel(s) between 56th and 69th amino acid detected	R	neg	S	neg	neg	S	tetM	R	R-R-S-S-R	3	Yes	NA	NA	NA	NA	NA
ERR1202249	26	Dominant	Africa	0.03	S	I100L NOT detected	indel(s) between 56th and 69th amino acid detected	I	neg	S	neg	neg	S	tetM	R	S-I-S-S-R	2	No	NA	NA	NA	NA	NA
ERR1202248	5	Dominant	Africa	0.25	R	I100L detected	indel(s) between 56th and 69th amino acid detected	R	neg	S	neg	neg	S	neg	S	R-R-S-S-S	2	No	NA	NA	NA	NA	NA
ERR1202080	8	Dominant	Africa	0.03	S	I100L detected	indel(s) between 56th and 69th amino acid detected	R	neg	S	neg	neg	S	tetM	R	S-R-S-S-R	2	No	NA	NA	NA	NA	NA
ERR1191907	3	Dominant	North America	0.03	S	I100L NOT detected	indel(s) between 56th and 69th amino acid detected	I	neg	S	neg	mef1	R	neg	S	S-I-S-R-S	2	No	S	I	S	R	I
ERR1191906	98	Intermediate	North America	0.03	S	I100L NOT detected	indel(s) between 56th and 69th amino acid NOT detected	S	neg	S	neg	neg	S	neg	S	S-S-S-S-S	0	No	S	S	S	S	I
ERR1066377	14	Dominant	Africa	2	R	I100L NOT detected	indel(s) between 56th and 69th amino acid detected	I	neg	S	ermB1	mef1	R	tetM	R	R-I-S-R-R	4	Yes	R	S	NA	R	R
ERR1066373	5	Dominant	Africa	0.25	R	I100L NOT detected	indel(s) between 56th and 69th amino acid detected	I	neg	S	neg	neg	S	neg	S	R-I-S-S-S	2	No	R	S	NA	S	S
ERR1066371	17	Dominant	Africa	0.25	R	I100L detected	indel(s) between 56th and 69th amino acid detected	R	neg	S	neg	neg	S	neg	S	R-R-S-S-S	2	No	R	R	NA	S	S
ERR1066370	3	Dominant	Africa	0.03	S	I100L NOT detected	indel(s) between 56th and 69th amino acid NOT detected	S	neg	S	neg	neg	S	neg	S	S-S-S-S-S	0	No	S	S	NA	S	S
ERR1066369	56	Intermediate	Africa	0.03	S	I100L NOT detected	indel(s) between 56th and 69th amino acid NOT detected	S	neg	S	neg	neg	S	neg	S	S-S-S-S-S	0	No	S	S	NA	R	S
ERR1066366	11	Dominant	Africa	0.03	S	I100L NOT detected	indel(s) between 56th and 69th amino acid NOT detected	S	neg	S	neg	neg	S	neg	S	S-S-S-S-S	0	No	S	S	NA	S	S
ERR1066365	1	Dominant	Africa	4	R	I100L detected	indel(s) between 56th and 69th amino acid detected	R	neg	S	ermB1	mef1	R	tetM	R	R-R-S-R-R	4	Yes	R	R	NA	R	R
ERR1066363	25	Dominant	Africa	0.06	S	I100L detected	indel(s) between 56th and 69th amino acid detected	R	neg	S	neg	neg	S	neg	S	S-R-S-S-S	1	No	S	R	NA	S	S
ERR1066362	114	Intermediate	Africa	0.03	S	I100L detected	indel(s) between 56th and 69th amino acid NOT detected	I	neg	S	neg	neg	S	neg	S	S-I-S-S-S	1	No	S	R	NA	S	S
ERR1066361	17	Dominant	Africa	0.25	R	I100L detected	indel(s) between 56th and 69th amino acid detected	R	neg	S	neg	neg	S	neg	S	R-R-S-S-S	2	No	R	R	NA	S	S
ERR1066358	70	Intermediate	Africa	0.03	S	I100L NOT detected	indel(s) between 56th and 69th amino acid NOT detected	S	neg	S	neg	neg	S	neg	S	S-S-S-S-S	0	No	S	S	NA	S	S
ERR1066353	92	Intermediate	Africa	0.03	S	I100L NOT detected	indel(s) between 56th and 69th amino acid detected	I	neg	S	neg	neg	S	neg	S	S-I-S-S-S	1	No	S	I	NA	S	S
ERR1066351	5	Dominant	Africa	0.25	R	I100L NOT detected	indel(s) between 56th and 69th amino acid detected	I	neg	S	neg	neg	S	neg	S	R-I-S-S-S	2	No	R	I	NA	S	S
ERR1066349	207	Intermediate	Africa	0.03	S	I100L NOT detected	indel(s) between 56th and 69th amino acid detected	I	neg	S	neg	neg	S	neg	S	S-I-S-S-S	1	No	S	NA	NA	NA	NA
ERR1066348	33	Dominant	Africa	0.03	S	I100L NOT detected	indel(s) between 56th and 69th amino acid NOT detected	S	neg	S	neg	neg	S	neg	S	S-S-S-S-S	0	No	S	S	NA	S	S
ERR1066346	17	Dominant	Africa	0.25	R	I100L detected	indel(s) between 56th and 69th amino acid detected	R	neg	S	neg	neg	S	neg	S	R-R-S-S-S	2	No	R	R	NA	S	S
ERR1066345	24	Intermediate	Africa	0.03	S	I100L detected	indel(s) between 56th and 69th amino acid NOT detected	I	neg	S	neg	neg	S	neg	S	S-I-S-S-S	1	No	S	I	NA	S	S
ERR1066344	228	Rare	Africa	0.03	S	I100L detected	indel(s) between 56th and 69th amino acid detected	R	neg	S	neg	neg	S	neg	S	S-R-S-S-S	1	No	S	R	NA	S	S
ERR1066290	17	Dominant	Africa	0.25	R	I100L NOT detected	indel(s) between 56th and 69th amino acid detected	I	neg	S	neg	neg	S	neg	S	R-I-S-S-S	2	No	R	I	NA	S	I
ERR1066342	52	Intermediate	Africa	0.03	S	I100L NOT detected	indel(s) between 56th and 69th amino acid NOT detected	S	neg	S	neg	neg	S	neg	S	S-S-S-S-S	0	No	S	S	NA	S	S
ERR1066341	93	Intermediate	Africa	0.03	S	I100L NOT detected	indel(s) between 56th and 69th amino acid NOT detected	S	neg	S	neg	neg	S	neg	S	S-S-S-S-S	0	No	S	I	NA	S	S
ERR1066339	179	Intermediate	Africa	0.03	S	I100L NOT detected	indel(s) between 56th and 69th amino acid NOT detected	S	neg	S	neg	neg	S	neg	S	S-S-S-S-S	0	No	S	S	NA	S	S
ERR1066338	3	Dominant	Africa	0.03	S	I100L NOT detected	indel(s) between 56th and 69th amino acid NOT detected	S	neg	S	neg	neg	S	neg	S	S-S-S-S-S	0	No	S	S	NA	S	S
ERR1066337	3	Dominant	Africa	0.03	S	I100L NOT detected	indel(s) between 56th and 69th amino acid NOT detected	S	neg	S	neg	neg	S	neg	S	S-S-S-S-S	0	No	S	S	NA	S	S
ERR1066336	168	Intermediate	Africa	0.25	R	I100L detected	indel(s) between 56th and 69th amino acid detected	R	neg	S	neg	neg	S	neg	S	R-R-S-S-S	2	No	R	R	NA	S	S
ERR1066335	14	Dominant	Africa	0.25	R	I100L detected	indel(s) between 56th and 69th amino acid detected	R	neg	S	neg	mef1	R	tetM	R	R-R-S-R-R	4	Yes	R	R	NA	R	R
ERR1066289	5	Dominant	Africa	0.25	R	I100L NOT detected	indel(s) between 56th and 69th amino acid detected	I	neg	S	neg	neg	S	neg	S	R-I-S-S-S	2	No	R	S	NA	S	S
ERR1066332	14	Dominant	Africa	0.5	R	I100L detected	indel(s) between 56th and 69th amino acid detected	R	neg	S	neg	mef1	R	tetM	R	R-R-S-R-R	4	Yes	R	R	NA	R	R
ERR1066331	11	Dominant	Africa	0.03	S	I100L NOT detected	indel(s) between 56th and 69th amino acid NOT detected	S	neg	S	neg	neg	S	neg	S	S-S-S-S-S	0	No	S	S	NA	S	S
ERR1066330	3	Dominant	Africa	0.03	S	I100L NOT detected	indel(s) between 56th and 69th amino acid NOT detected	S	neg	S	neg	neg	S	neg	S	S-S-S-S-S	0	No	S	S	NA	S	S
ERR1066328	5	Dominant	Africa	0.25	R	I100L NOT detected	indel(s) between 56th and 69th amino acid detected	I	neg	S	neg	neg	S	neg	S	R-I-S-S-S	2	No	R	R	NA	S	I
ERR1066327	25	Dominant	Africa	0.06	S	I100L detected	indel(s) between 56th and 69th amino acid detected	R	neg	S	neg	neg	S	neg	S	S-R-S-S-S	1	No	S	R	NA	S	S
ERR1066288	3	Dominant	Africa	0.03	S	I100L NOT detected	indel(s) between 56th and 69th amino acid NOT detected	S	neg	S	neg	neg	S	neg	S	S-S-S-S-S	0	No	S	S	NA	S	S
ERR1066318	3	Dominant	Africa	0.03	S	I100L NOT detected	indel(s) between 56th and 69th amino acid NOT detected	S	neg	S	neg	neg	S	neg	S	S-S-S-S-S	0	No	S	S	NA	S	S
ERR1066314	56	Intermediate	Africa	0.03	S	I100L NOT detected	indel(s) between 56th and 69th amino acid detected	I	neg	S	neg	neg	S	neg	S	S-I-S-S-S	1	No	S	S	NA	S	S
ERR1066287	3	Dominant	Africa	0.03	S	I100L NOT detected	indel(s) between 56th and 69th amino acid NOT detected	S	neg	S	neg	neg	S	neg	S	S-S-S-S-S	0	No	S	S	NA	S	S
ERR1066310	3	Dominant	Africa	0.03	S	I100L NOT detected	indel(s) between 56th and 69th amino acid NOT detected	S	neg	S	neg	neg	S	neg	S	S-S-S-S-S	0	No	S	S	NA	S	S
ERR1066308	10	Dominant	Africa	0.25	R	I100L detected	indel(s) between 56th and 69th amino acid NOT detected	I	neg	S	neg	neg	S	tetM	R	R-I-S-S-R	3	Yes	R	R	NA	S	R
ERR1066306	56	Intermediate	Africa	0.03	S	I100L NOT detected	indel(s) between 56th and 69th amino acid NOT detected	S	neg	S	neg	neg	S	neg	S	S-S-S-S-S	0	No	S	S	NA	S	S
ERR1066286	194	Intermediate	Africa	0.03	S	I100L NOT detected	indel(s) between 56th and 69th amino acid NOT detected	S	neg	S	neg	neg	S	neg	S	S-S-S-S-S	0	No	S	S	NA	S	S
ERR1066303	114	Intermediate	Africa	0.03	S	I100L detected	indel(s) between 56th and 69th amino acid NOT detected	I	neg	S	neg	neg	S	neg	S	S-I-S-S-S	1	No	S	R	NA	S	S
ERR1066301	33	Dominant	Africa	0.03	S	I100L NOT detected	indel(s) between 56th and 69th amino acid NOT detected	S	neg	S	neg	neg	S	neg	S	S-S-S-S-S	0	No	S	S	NA	S	S
ERR1066299	13	Dominant	Africa	0.03	S	I100L NOT detected	indel(s) between 56th and 69th amino acid detected	I	neg	S	neg	neg	S	neg	S	S-I-S-S-S	1	No	S	I	NA	S	S
ERR1066298	3	Dominant	Africa	0.03	S	I100L NOT detected	indel(s) between 56th and 69th amino acid NOT detected	S	neg	S	neg	neg	S	neg	S	S-S-S-S-S	0	No	S	S	NA	S	S
ERR1066297	2	Dominant	Africa	0.03	S	I100L NOT detected	indel(s) between 56th and 69th amino acid NOT detected	S	neg	S	neg	neg	S	neg	S	S-S-S-S-S	0	No	S	S	NA	S	S
ERR1066296	26	Dominant	Africa	0.03	S	I100L NOT detected	indel(s) between 56th and 69th amino acid detected	I	cat1	R	neg	neg	S	tetM	R	S-I-R-S-R	3	Yes	S	S	NA	S	R
ERR1066295	67	Intermediate	Africa	0.03	S	I100L detected	indel(s) between 56th and 69th amino acid NOT detected	I	neg	S	neg	neg	S	neg	S	S-I-S-S-S	1	No	S	R	NA	S	S
ERR1066294	8	Dominant	Africa	0.12	R	I100L detected	indel(s) between 56th and 69th amino acid detected	R	neg	S	neg	neg	S	neg	S	R-R-S-S-S	2	No	R	R	NA	S	S
ERR1066285	32	Dominant	Africa	0.03	S	I100L NOT detected	indel(s) between 56th and 69th amino acid NOT detected	S	neg	S	neg	neg	S	neg	S	S-S-S-S-S	0	No	S	S	NA	S	S
ERR1066280	68	Intermediate	Africa	0.03	S	I100L NOT detected	indel(s) between 56th and 69th amino acid NOT detected	S	neg	S	neg	neg	S	neg	S	S-S-S-S-S	0	No	S	S	NA	S	S
ERR1066279	13	Dominant	Africa	0.06	S	I100L detected	indel(s) between 56th and 69th amino acid detected	R	neg	S	neg	neg	S	neg	S	S-R-S-S-S	1	No	S	R	NA	S	S
ERR1066278	61	Intermediate	Africa	0.06	S	I100L NOT detected	indel(s) between 56th and 69th amino acid NOT detected	S	neg	S	neg	neg	S	neg	S	S-S-S-S-S	0	No	S	S	NA	S	S
ERR1066277	61	Intermediate	Africa	0.06	S	I100L NOT detected	indel(s) between 56th and 69th amino acid NOT detected	S	neg	S	neg	neg	S	neg	S	S-S-S-S-S	0	No	S	S	NA	S	S
ERR1066275	38	Intermediate	Africa	0.03	S	I100L NOT detected	indel(s) between 56th and 69th amino acid NOT detected	S	neg	S	neg	neg	S	neg	S	S-S-S-S-S	0	No	S	S	NA	S	S
ERR1066272	46	Intermediate	Africa	0.03	S	I100L NOT detected	indel(s) between 56th and 69th amino acid detected	I	neg	S	neg	neg	S	neg	S	S-I-S-S-S	1	No	S	R	NA	S	S
ERR1066270	16	Dominant	Africa	0.03	S	I100L NOT detected	indel(s) between 56th and 69th amino acid NOT detected	S	neg	S	neg	neg	S	neg	S	S-S-S-S-S	0	No	S	S	NA	S	S
ERR1066269	14	Dominant	Africa	0.06	S	I100L detected	indel(s) between 56th and 69th amino acid detected	R	neg	S	neg	mef1	R	tetM	R	S-R-S-R-R	3	Yes	S	R	NA	R	R
ERR1066268	17	Dominant	Africa	0.25	R	I100L detected	indel(s) between 56th and 69th amino acid NOT detected	I	neg	S	neg	neg	S	neg	S	R-I-S-S-S	2	No	R	R	NA	R	R
ERR1066267	34	Dominant	Africa	0.03	S	I100L NOT detected	indel(s) between 56th and 69th amino acid detected	I	neg	S	neg	neg	S	neg	S	S-I-S-S-S	1	No	S	I	NA	S	S
ERR1066266	90	Intermediate	Africa	0.12	R	I100L NOT detected	indel(s) between 56th and 69th amino acid detected	I	neg	S	neg	neg	S	neg	S	R-I-S-S-S	2	No	R	I	NA	S	S
ERR1066263	49	Intermediate	Africa	0.03	S	I100L NOT detected	indel(s) between 56th and 69th amino acid NOT detected	S	neg	S	neg	neg	S	neg	S	S-S-S-S-S	0	No	S	S	NA	S	S
ERR1066261	3	Dominant	Africa	0.03	S	I100L detected	indel(s) between 56th and 69th amino acid detected	R	neg	S	ermB1	neg	R	tetM	R	S-R-S-R-R	3	Yes	S	R	NA	R	R
ERR1066260	2	Dominant	Africa	0.06	S	I100L detected	indel(s) between 56th and 69th amino acid detected	R	cat1	R	neg	neg	S	tetM	R	S-R-R-S-R	3	Yes	S	R	NA	S	R
ERR1066259	13	Dominant	Africa	0.12	R	I100L NOT detected	indel(s) between 56th and 69th amino acid detected	I	neg	S	neg	neg	S	neg	S	R-I-S-S-S	2	No	S	S	NA	S	S
ERR1066257	5	Dominant	Africa	0.25	R	I100L NOT detected	indel(s) between 56th and 69th amino acid detected	I	neg	S	neg	neg	S	neg	S	R-I-S-S-S	2	No	R	S	NA	S	S
ERR1066253	48	Intermediate	Africa	0.25	R	I100L detected	indel(s) between 56th and 69th amino acid NOT detected	I	neg	S	neg	neg	S	neg	S	R-I-S-S-S	2	No	R	R	NA	S	S
ERR1066252	5	Dominant	Africa	0.25	R	I100L detected	indel(s) between 56th and 69th amino acid detected	R	neg	S	neg	neg	S	neg	S	R-R-S-S-S	2	No	R	R	NA	S	S
ERR1066248	3	Dominant	Africa	0.03	S	I100L NOT detected	indel(s) between 56th and 69th amino acid NOT detected	S	neg	S	neg	neg	S	neg	S	S-S-S-S-S	0	No	S	S	NA	S	S
ERR1066247	33	Dominant	Africa	0.25	R	I100L NOT detected	indel(s) between 56th and 69th amino acid NOT detected	S	neg	S	neg	neg	S	neg	S	R-S-S-S-S	1	No	R	S	NA	S	S
ERR1066246	25	Dominant	Africa	0.06	S	I100L detected	indel(s) between 56th and 69th amino acid detected	R	neg	S	neg	neg	S	neg	S	S-R-S-S-S	1	No	S	R	NA	S	S
ERR1066245	13	Dominant	Africa	0.12	R	I100L detected	indel(s) between 56th and 69th amino acid detected	R	neg	S	neg	neg	S	neg	S	R-R-S-S-S	2	No	S	I	NA	S	S
ERR1066244	3	Dominant	Africa	0.03	S	I100L NOT detected	indel(s) between 56th and 69th amino acid NOT detected	S	neg	S	neg	neg	S	neg	S	S-S-S-S-S	0	No	S	S	NA	S	S
ERR1066241	207	Intermediate	Africa	0.03	S	I100L detected	indel(s) between 56th and 69th amino acid detected	R	neg	S	neg	neg	S	neg	S	S-R-S-S-S	1	No	S	I	NA	S	S
ERR1066240	137	Intermediate	Africa	0.03	S	I100L detected	indel(s) between 56th and 69th amino acid detected	R	neg	S	neg	neg	S	neg	S	S-R-S-S-S	1	No	S	R	NA	S	S
ERR1066238	14	Dominant	Africa	0.25	R	I100L detected	indel(s) between 56th and 69th amino acid detected	R	neg	S	neg	mef1	R	tetM	R	R-R-S-R-R	4	Yes	R	R	NA	R	R
ERR1066237	4	Dominant	Africa	0.03	S	I100L NOT detected	indel(s) between 56th and 69th amino acid NOT detected	S	neg	S	neg	neg	S	neg	S	S-S-S-S-S	0	No	S	S	NA	S	S
ERR1066234	22	Dominant	Africa	0.03	S	I100L detected	indel(s) between 56th and 69th amino acid detected	R	neg	S	neg	neg	S	neg	S	S-R-S-S-S	1	No	S	R	NA	S	S
ERR1066233	17	Dominant	Africa	0.25	R	I100L detected	indel(s) between 56th and 69th amino acid NOT detected	I	neg	S	neg	neg	S	neg	S	R-I-S-S-S	2	No	R	R	NA	S	S
ERR1066230	3	Dominant	Africa	0.03	S	I100L NOT detected	indel(s) between 56th and 69th amino acid NOT detected	S	neg	S	neg	neg	S	neg	S	S-S-S-S-S	0	No	S	S	NA	S	S
ERR1066229	3	Dominant	Africa	0.03	S	I100L NOT detected	indel(s) between 56th and 69th amino acid NOT detected	S	neg	S	neg	neg	S	neg	S	S-S-S-S-S	0	No	S	S	NA	S	S
ERR1066226	3	Dominant	Africa	0.03	S	I100L NOT detected	indel(s) between 56th and 69th amino acid NOT detected	S	neg	S	neg	neg	S	neg	S	S-S-S-S-S	0	No	S	S	NA	S	S
ERR1066225	56	Intermediate	Africa	0.03	S	I100L NOT detected	indel(s) between 56th and 69th amino acid NOT detected	S	neg	S	neg	neg	S	neg	S	S-S-S-S-S	0	No	S	S	NA	S	S
ERR1066223	25	Dominant	Africa	0.06	S	I100L detected	indel(s) between 56th and 69th amino acid detected	R	neg	S	neg	neg	S	neg	S	S-R-S-S-S	1	No	S	R	NA	S	S
ERR1066196	49	Intermediate	Africa	0.03	S	I100L NOT detected	indel(s) between 56th and 69th amino acid NOT detected	S	neg	S	neg	neg	S	neg	S	S-S-S-S-S	0	No	S	S	NA	S	S
ERR1066221	168	Intermediate	Africa	0.25	R	I100L detected	indel(s) between 56th and 69th amino acid detected	R	neg	S	neg	neg	S	neg	S	R-R-S-S-S	2	No	R	R	NA	S	S
ERR1066215	77	Intermediate	Africa	0.25	R	I100L NOT detected	indel(s) between 56th and 69th amino acid NOT detected	S	neg	S	neg	neg	S	neg	S	R-S-S-S-S	1	No	R	I	NA	S	S
ERR1066214	25	Dominant	Africa	0.06	S	I100L detected	indel(s) between 56th and 69th amino acid detected	R	neg	S	neg	neg	S	neg	S	S-R-S-S-S	1	No	S	R	NA	S	I
ERR1066213	3	Dominant	Africa	0.03	S	I100L NOT detected	indel(s) between 56th and 69th amino acid NOT detected	S	neg	S	neg	neg	S	neg	S	S-S-S-S-S	0	No	S	S	NA	S	S
ERR1066195	9	Dominant	Africa	2	R	I100L NOT detected	indel(s) between 56th and 69th amino acid NOT detected	S	neg	S	ermB1	neg	R	tetM	R	R-S-S-R-R	3	Yes	R	S	NA	R	R
ERR1066211	13	Dominant	Africa	0.12	R	I100L detected	indel(s) between 56th and 69th amino acid NOT detected	I	neg	S	neg	neg	S	neg	S	R-I-S-S-S	2	No	S	S	NA	S	S
ERR1066207	21	Dominant	Africa	0.25	R	I100L detected	indel(s) between 56th and 69th amino acid detected	R	neg	S	neg	neg	S	neg	S	R-R-S-S-S	2	No	R	R	NA	S	S
ERR1066206	33	Dominant	Africa	0.03	S	I100L NOT detected	indel(s) between 56th and 69th amino acid NOT detected	S	neg	S	neg	neg	S	neg	S	S-S-S-S-S	0	No	S	S	NA	S	S
ERR1065918	5	Dominant	Africa	0.25	R	I100L NOT detected	indel(s) between 56th and 69th amino acid detected	I	neg	S	neg	neg	S	neg	S	R-I-S-S-S	2	No	R	I	NA	S	S
ERR1065835	3	Dominant	Africa	0.03	S	I100L NOT detected	indel(s) between 56th and 69th amino acid detected	I	neg	S	neg	neg	S	neg	S	S-I-S-S-S	1	No	S	S	NA	S	S
ERR1065914	52	Intermediate	Africa	0.03	S	I100L NOT detected	indel(s) between 56th and 69th amino acid NOT detected	S	neg	S	neg	neg	S	neg	S	S-S-S-S-S	0	No	S	S	NA	S	S
ERR1065910	125	Intermediate	Africa	0.03	S	I100L NOT detected	indel(s) between 56th and 69th amino acid NOT detected	S	neg	S	neg	neg	S	neg	S	S-S-S-S-S	0	No	S	I	NA	S	S
ERR1065906	6	Dominant	Africa	2	R	I100L detected	indel(s) between 56th and 69th amino acid detected	R	neg	S	neg	neg	S	neg	S	R-R-S-S-S	2	No	R	R	NA	S	S
ERR1065834	5	Dominant	Africa	0.25	R	I100L NOT detected	indel(s) between 56th and 69th amino acid detected	I	neg	S	neg	neg	S	neg	S	R-I-S-S-S	2	No	R	S	NA	S	S
ERR1065902	56	Intermediate	Africa	0.03	S	I100L NOT detected	indel(s) between 56th and 69th amino acid NOT detected	S	neg	S	neg	neg	S	neg	S	S-S-S-S-S	0	No	S	S	NA	S	S
ERR1065901	10	Dominant	Africa	2	R	I100L detected	indel(s) between 56th and 69th amino acid detected	R	neg	S	ermB1	neg	R	tet(S/M)	R	R-R-S-R-R	4	Yes	R	R	NA	R	R
ERR1065900	26	Dominant	Africa	0.03	S	I100L NOT detected	indel(s) between 56th and 69th amino acid detected	I	cat1	R	neg	neg	S	tetM	R	S-I-R-S-R	3	Yes	S	S	NA	S	S
ERR1065833	56	Intermediate	Africa	0.03	S	I100L NOT detected	indel(s) between 56th and 69th amino acid detected	I	neg	S	neg	neg	S	neg	S	S-I-S-S-S	1	No	S	S	NA	S	S
ERR1065894	5	Dominant	Africa	0.25	R	I100L NOT detected	indel(s) between 56th and 69th amino acid detected	I	neg	S	neg	neg	S	neg	S	R-I-S-S-S	2	No	R	I	NA	S	S
ERR1065893	11	Dominant	Africa	0.03	S	I100L NOT detected	indel(s) between 56th and 69th amino acid NOT detected	S	neg	S	neg	neg	S	neg	S	S-S-S-S-S	0	No	S	S	NA	S	S
ERR1065892	7	Dominant	Africa	0.03	S	I100L NOT detected	indel(s) between 56th and 69th amino acid NOT detected	S	neg	S	neg	neg	S	neg	S	S-S-S-S-S	0	No	S	S	NA	S	S
ERR1065891	125	Intermediate	Africa	0.03	S	I100L NOT detected	indel(s) between 56th and 69th amino acid NOT detected	S	neg	S	neg	neg	S	neg	S	S-S-S-S-S	0	No	S	S	NA	S	S
ERR1065886	22	Dominant	Africa	0.03	S	I100L NOT detected	indel(s) between 56th and 69th amino acid detected	I	neg	S	neg	neg	S	neg	S	S-I-S-S-S	1	No	R	I	NA	S	S
ERR1065885	48	Intermediate	Africa	0.25	R	I100L detected	indel(s) between 56th and 69th amino acid NOT detected	I	neg	S	neg	neg	S	neg	S	R-I-S-S-S	2	No	R	R	NA	S	S
ERR1065877	3	Dominant	Africa	0.03	S	I100L NOT detected	indel(s) between 56th and 69th amino acid NOT detected	S	neg	S	neg	neg	S	neg	S	S-S-S-S-S	0	No	S	S	NA	S	S
ERR1065831	5	Dominant	Africa	0.25	R	I100L NOT detected	indel(s) between 56th and 69th amino acid detected	I	neg	S	neg	neg	S	neg	S	R-I-S-S-S	2	No	R	S	NA	S	S
ERR1065871	26	Dominant	Africa	0.03	S	I100L detected	indel(s) between 56th and 69th amino acid detected	R	cat1	R	neg	neg	S	tetM	R	S-R-R-S-R	3	Yes	S	S	NA	S	R
ERR1065869	36	Intermediate	Africa	0.03	S	I100L NOT detected	indel(s) between 56th and 69th amino acid detected	I	neg	S	neg	neg	S	neg	S	S-I-S-S-S	1	No	S	I	NA	S	S
ERR1065868	26	Dominant	Africa	0.03	S	I100L detected	indel(s) between 56th and 69th amino acid detected	R	cat1	R	neg	neg	S	tetM	R	S-R-R-S-R	3	Yes	S	R	NA	S	R
ERR1065861	48	Intermediate	Africa	0.25	R	I100L detected	indel(s) between 56th and 69th amino acid NOT detected	I	neg	S	neg	neg	S	neg	S	R-I-S-S-S	2	No	R	R	NA	S	S
ERR1065860	5	Dominant	Africa	0.03	S	I100L NOT detected	indel(s) between 56th and 69th amino acid detected	I	neg	S	neg	neg	S	neg	S	S-I-S-S-S	1	No	S	S	NA	S	S
ERR1065829	33	Dominant	Africa	0.12	R	I100L detected	indel(s) between 56th and 69th amino acid detected	R	neg	S	neg	neg	S	neg	S	R-R-S-S-S	2	No	R	R	NA	S	S
ERR1065855	37	Dominant	Africa	1	R	I100L detected	indel(s) between 56th and 69th amino acid detected	R	neg	S	neg	neg	S	neg	S	R-R-S-S-S	2	No	R	R	NA	S	S
ERR1065854	5	Dominant	Africa	0.25	R	I100L NOT detected	indel(s) between 56th and 69th amino acid detected	I	neg	S	neg	neg	S	neg	S	R-I-S-S-S	2	No	R	S	NA	S	S
ERR1065853	10	Dominant	Africa	0.06	S	I100L NOT detected	indel(s) between 56th and 69th amino acid NOT detected	S	neg	S	neg	neg	S	neg	S	S-S-S-S-S	0	No	S	S	NA	S	S
ERR1065852	25	Dominant	Africa	0.06	S	I100L detected	indel(s) between 56th and 69th amino acid detected	R	neg	S	neg	neg	S	neg	S	S-R-S-S-S	1	No	S	R	NA	S	S
ERR1065850	5	Dominant	Africa	0.25	R	I100L NOT detected	indel(s) between 56th and 69th amino acid detected	I	neg	S	neg	neg	S	neg	S	R-I-S-S-S	2	No	R	I	NA	S	S
ERR1065847	93	Intermediate	Africa	0.03	S	I100L NOT detected	indel(s) between 56th and 69th amino acid NOT detected	S	neg	S	neg	neg	S	neg	S	S-S-S-S-S	0	No	S	S	NA	S	S
ERR1065828	30	Dominant	Africa	0.03	S	I100L detected	indel(s) between 56th and 69th amino acid detected	R	neg	S	neg	neg	S	neg	S	S-R-S-S-S	1	No	S	R	NA	S	S
ERR1065845	30	Dominant	Africa	0.03	S	I100L detected	indel(s) between 56th and 69th amino acid detected	R	neg	S	neg	neg	S	neg	S	S-R-S-S-S	1	No	S	R	NA	S	S
ERR1065844	33	Dominant	Africa	0.03	S	I100L NOT detected	indel(s) between 56th and 69th amino acid NOT detected	S	neg	S	neg	neg	S	neg	S	S-S-S-S-S	0	No	S	S	NA	S	S
ERR1065842	37	Dominant	Africa	0.25	R	I100L detected	indel(s) between 56th and 69th amino acid detected	R	neg	S	neg	neg	S	neg	S	R-R-S-S-S	2	No	R	R	NA	S	S
ERR1065841	17	Dominant	Africa	0.25	R	I100L NOT detected	indel(s) between 56th and 69th amino acid detected	I	neg	S	neg	neg	S	neg	S	R-I-S-S-S	2	No	R	I	NA	S	S
ERR1065840	169	Intermediate	Africa	0.03	S	I100L NOT detected	indel(s) between 56th and 69th amino acid NOT detected	S	neg	S	neg	neg	S	neg	S	S-S-S-S-S	0	No	S	S	NA	S	S
ERR1065837	2	Dominant	Africa	0.03	S	I100L NOT detected	indel(s) between 56th and 69th amino acid NOT detected	S	neg	S	neg	neg	S	neg	S	S-S-S-S-S	0	No	S	S	NA	S	S
ERR1065836	5	Dominant	Africa	0.25	R	I100L NOT detected	indel(s) between 56th and 69th amino acid detected	I	neg	S	neg	neg	S	neg	S	R-I-S-S-S	2	No	R	I	NA	S	S
ERR1065827	25	Dominant	Africa	0.06	S	I100L detected	indel(s) between 56th and 69th amino acid detected	R	neg	S	neg	neg	S	neg	S	S-R-S-S-S	1	No	S	I	NA	S	S
ERR1065821	3	Dominant	Africa	0.03	S	I100L NOT detected	indel(s) between 56th and 69th amino acid NOT detected	S	neg	S	neg	neg	S	neg	S	S-S-S-S-S	0	No	S	S	NA	S	S
ERR1065812	10	Dominant	Africa	2	R	I100L detected	indel(s) between 56th and 69th amino acid detected	R	neg	S	ermB1	neg	R	tet(S/M)	R	R-R-S-R-R	4	Yes	R	R	NA	R	R
ERR1065789	36	Intermediate	Africa	0.03	S	I100L NOT detected	indel(s) between 56th and 69th amino acid detected	I	neg	S	neg	neg	S	neg	S	S-I-S-S-S	1	No	S	I	NA	S	S
ERR1065782	3	Dominant	Africa	0.03	S	I100L NOT detected	indel(s) between 56th and 69th amino acid NOT detected	S	neg	S	neg	neg	S	neg	S	S-S-S-S-S	0	No	S	S	NA	S	S
ERR1065781	93	Intermediate	Africa	0.03	S	I100L NOT detected	indel(s) between 56th and 69th amino acid NOT detected	S	neg	S	neg	neg	S	neg	S	S-S-S-S-S	0	No	S	S	NA	S	S
ERR1065780	10	Dominant	Africa	2	R	I100L detected	indel(s) between 56th and 69th amino acid detected	R	neg	S	ermB1	neg	R	tet(S/M)	R	R-R-S-R-R	4	Yes	R	R	NA	R	R
ERR1065765	1	Dominant	Africa	4	R	I100L detected	indel(s) between 56th and 69th amino acid detected	R	neg	S	ermB1	mef1	R	tetM	R	R-R-S-R-R	4	Yes	R	R	NA	R	R
ERR1065750	30	Dominant	Africa	0.03	S	I100L NOT detected	indel(s) between 56th and 69th amino acid NOT detected	S	neg	S	neg	neg	S	neg	S	S-S-S-S-S	0	No	S	S	NA	S	S
ERR1065749	258	Rare	Africa	0.5	R	I100L detected	indel(s) between 56th and 69th amino acid detected	R	neg	S	neg	mef1	R	neg	S	R-R-S-R-S	3	Yes	R	R	NA	R	S
ERR1065534	79	Intermediate	Africa	0.25	R	I100L NOT detected	indel(s) between 56th and 69th amino acid detected	I	neg	S	neg	neg	S	neg	S	R-I-S-S-S	2	No	R	I	NA	NA	NA
ERR1065528	145	Intermediate	Africa	0.06	S	I100L NOT detected	indel(s) between 56th and 69th amino acid detected	I	neg	S	neg	neg	S	neg	S	S-I-S-S-S	1	No	NA	I	NA	NA	NA
ERR1065469	56	Intermediate	Africa	0.03	S	I100L NOT detected	indel(s) between 56th and 69th amino acid NOT detected	S	neg	S	neg	neg	S	neg	S	S-S-S-S-S	0	No	S	S	NA	S	S
ERR1065461	3	Dominant	Africa	0.03	S	I100L NOT detected	indel(s) between 56th and 69th amino acid detected	I	neg	S	neg	neg	S	neg	S	S-I-S-S-S	1	No	S	I	NA	S	S
ERR1065453	17	Dominant	Africa	0.25	R	I100L detected	indel(s) between 56th and 69th amino acid NOT detected	I	neg	S	neg	neg	S	neg	S	R-I-S-S-S	2	No	R	I	NA	S	S
ERR1065396	52	Intermediate	Africa	0.03	S	I100L detected	indel(s) between 56th and 69th amino acid detected	R	neg	S	neg	neg	S	neg	S	S-R-S-S-S	1	No	S	R	NA	S	S
ERR1065395	3	Dominant	Africa	0.03	S	I100L NOT detected	indel(s) between 56th and 69th amino acid NOT detected	S	neg	S	neg	neg	S	neg	S	S-S-S-S-S	0	No	S	S	NA	S	S
ERR1065405	137	Intermediate	Africa	0.03	S	I100L detected	indel(s) between 56th and 69th amino acid detected	R	neg	S	neg	neg	S	neg	S	S-R-S-S-S	1	No	S	R	NA	S	S
ERR1065404	26	Dominant	Africa	0.03	S	I100L NOT detected	indel(s) between 56th and 69th amino acid detected	I	cat1	R	neg	neg	S	tetM_promoter_deleted	S	S-I-R-S-S	2	No	S	I	NA	S	S
ERR1065403	21	Dominant	Africa	0.25	R	I100L detected	indel(s) between 56th and 69th amino acid detected	R	neg	S	neg	neg	S	neg	S	R-R-S-S-S	2	No	R	R	NA	S	S
ERR1065402	17	Dominant	Africa	0.25	R	I100L detected	indel(s) between 56th and 69th amino acid detected	R	neg	S	neg	neg	S	neg	S	R-R-S-S-S	2	No	R	R	NA	S	S
ERR997622	91	Intermediate	Africa	0.03	S	I100L NOT detected	indel(s) between 56th and 69th amino acid detected	I	neg	S	neg	neg	S	neg	S	S-I-S-S-S	1	No	NA	R	NA	S	R
ERR997521	32	Dominant	Africa	0.03	S	I100L detected	indel(s) between 56th and 69th amino acid detected	R	cat1	R	neg	neg	S	tetM	R	S-R-R-S-R	3	Yes	NA	NA	NA	NA	NA
ERR913420	8	Dominant	Africa	0.03	S	I100L NOT detected	indel(s) between 56th and 69th amino acid detected	I	neg	S	neg	neg	S	neg	S	S-I-S-S-S	1	No	S	I	S	S	S
ERR913259	20	Intermediate	Africa	0.06	S	I100L detected	indel(s) between 56th and 69th amino acid detected	R	neg	S	neg	neg	S	tetM	R	S-R-S-S-R	2	No	S	R	S	S	R
ERR913255	47	Dominant	Africa	0.03	S	I100L detected	indel(s) between 56th and 69th amino acid detected	R	neg	S	neg	neg	S	tetM	R	S-R-S-S-R	2	No	S	NA	NA	NA	NA
ERR913251	9	Dominant	Africa	0.25	R	I100L detected	indel(s) between 56th and 69th amino acid detected	R	neg	S	neg	neg	S	tetM	R	R-R-S-S-R	3	Yes	R	R	S	S	R
ERR909333	52	Intermediate	Africa	0.25	R	I100L NOT detected	indel(s) between 56th and 69th amino acid NOT detected	S	neg	S	neg	neg	S	neg	S	R-S-S-S-S	1	No	R	S	NA	NA	NA
ERR909328	5	Dominant	Africa	0.25	R	I100L detected	indel(s) between 56th and 69th amino acid detected	R	neg	S	neg	neg	S	neg	S	R-R-S-S-S	2	No	R	R	S	S	S
ERR876553	23	Dominant	North America	0.03	S	I100L detected	indel(s) between 56th and 69th amino acid detected	R	neg	S	neg	neg	S	neg	S	S-R-S-S-S	1	No	S	R	S	S	S
ERR876552	50	Intermediate	North America	0.03	S	I100L NOT detected	indel(s) between 56th and 69th amino acid NOT detected	S	neg	S	neg	neg	S	neg	S	S-S-S-S-S	0	No	S	S	S	S	S
ERR876525	23	Dominant	North America	4	R	I100L detected	indel(s) between 56th and 69th amino acid detected	R	neg	S	neg	mef1	R	neg	S	R-R-S-R-S	3	Yes	R	R	S	R	S
ERR876481	7	Dominant	North America	0.12	R	I100L NOT detected	indel(s) between 56th and 69th amino acid NOT detected	S	neg	S	neg	neg	S	neg	S	R-S-S-S-S	1	No	R	S	S	S	S
ERR876480	1	Dominant	North America	4	R	I100L detected	indel(s) between 56th and 69th amino acid detected	R	neg	S	neg	mef1	R	neg	S	R-R-S-R-S	3	Yes	R	R	S	R	S
ERR876479	6	Dominant	North America	4	R	I100L detected	indel(s) between 56th and 69th amino acid detected	R	neg	S	neg	neg	S	neg	S	R-R-S-S-S	2	No	R	R	S	S	S
ERR876478	36	Intermediate	North America	0.03	S	I100L NOT detected	indel(s) between 56th and 69th amino acid NOT detected	S	neg	S	neg	neg	S	neg	S	S-S-S-S-S	0	No	S	S	S	S	S
ERR876477	23	Dominant	North America	2	R	I100L detected	indel(s) between 56th and 69th amino acid detected	R	neg	S	ermB1	neg	R	tetM	R	R-R-S-R-R	4	Yes	R	R	S	R	R
ERR876476	50	Intermediate	North America	0.03	S	I100L NOT detected	indel(s) between 56th and 69th amino acid NOT detected	S	neg	S	neg	neg	S	neg	S	S-S-S-S-S	0	No	S	S	S	S	S
ERR876475	27	Dominant	North America	0.03	S	I100L NOT detected	indel(s) between 56th and 69th amino acid NOT detected	S	neg	S	neg	neg	S	neg	S	S-S-S-S-S	0	No	S	S	S	S	S
ERR876474	44	Intermediate	North America	0.06	S	I100L NOT detected	indel(s) between 56th and 69th amino acid detected	I	neg	S	neg	mef1	R	neg	S	S-I-S-R-S	2	No	S	I	S	R	S
ERR876473	6	Dominant	North America	0.03	S	I100L NOT detected	indel(s) between 56th and 69th amino acid NOT detected	S	neg	S	neg	neg	S	neg	S	S-S-S-S-S	0	No	S	S	S	S	S
ERR876472	18	Dominant	North America	2	R	I100L detected	indel(s) between 56th and 69th amino acid detected	R	neg	S	neg	mef1	R	neg	S	R-R-S-R-S	3	Yes	R	R	S	R	S
ERR876471	18	Dominant	North America	0.03	S	I100L NOT detected	indel(s) between 56th and 69th amino acid NOT detected	S	neg	S	neg	mef1	R	neg	S	S-S-S-R-S	1	No	S	S	S	R	S
ERR876470	18	Dominant	North America	4	R	I100L detected	indel(s) between 56th and 69th amino acid detected	R	neg	S	neg	mef1	R	neg	S	R-R-S-R-S	3	Yes	R	R	S	R	S
ERR876469	39	Intermediate	North America	0.03	S	I100L NOT detected	indel(s) between 56th and 69th amino acid NOT detected	S	neg	S	neg	mef1	R	neg	S	S-S-S-R-S	1	No	S	S	S	R	S
ERR876468	1	Dominant	North America	2	R	I100L detected	indel(s) between 56th and 69th amino acid detected	R	neg	S	neg	mef1	R	tetM	R	R-R-S-R-R	4	Yes	R	R	S	R	R
ERR876467	3	Dominant	North America	0.03	S	I100L NOT detected	indel(s) between 56th and 69th amino acid detected	I	neg	S	neg	neg	S	neg	S	S-I-S-S-S	1	No	S	I	S	S	S
ERR876466	16	Dominant	North America	4	R	I100L detected	indel(s) between 56th and 69th amino acid detected	R	cat1	R	neg	mef1	R	tetM	R	R-R-R-R-R	5	Yes	R	R	R	R	R
ERR876465	18	Dominant	North America	0.03	S	I100L detected	indel(s) between 56th and 69th amino acid detected	R	neg	S	neg	mef1	R	neg	S	S-R-S-R-S	2	No	S	R	S	R	S
ERR876464	27	Dominant	North America	0.03	S	I100L NOT detected	indel(s) between 56th and 69th amino acid NOT detected	S	neg	S	neg	neg	S	neg	S	S-S-S-S-S	0	No	S	S	S	S	S
ERR876463	39	Intermediate	North America	0.03	S	I100L NOT detected	indel(s) between 56th and 69th amino acid NOT detected	S	neg	S	neg	neg	S	neg	S	S-S-S-S-S	0	No	S	S	S	S	S
ERR876462	23	Dominant	North America	0.03	S	I100L NOT detected	indel(s) between 56th and 69th amino acid detected	I	neg	S	neg	neg	S	neg	S	S-I-S-S-S	1	No	S	S	S	S	S
ERR876461	18	Dominant	North America	4	R	I100L detected	indel(s) between 56th and 69th amino acid detected	R	neg	S	neg	mef1	R	neg	S	R-R-S-R-S	3	Yes	R	R	S	R	S
ERR876460	39	Intermediate	North America	0.03	S	I100L NOT detected	indel(s) between 56th and 69th amino acid NOT detected	S	neg	S	neg	neg	S	neg	S	S-S-S-S-S	0	No	R	S	S	S	S
ERR876459	6	Dominant	North America	0.03	S	I100L NOT detected	indel(s) between 56th and 69th amino acid NOT detected	S	neg	S	neg	neg	S	neg	S	S-S-S-S-S	0	No	S	S	S	S	S
ERR870328	26	Dominant	Africa	0.03	S	I100L detected	indel(s) between 56th and 69th amino acid detected	R	cat1	R	neg	neg	S	tetM	R	S-R-R-S-R	3	Yes	NA	NA	NA	NA	NA
ERR870327	32	Dominant	Africa	0.03	S	I100L detected	indel(s) between 56th and 69th amino acid detected	R	cat1	R	neg	neg	S	tetM	R	S-R-R-S-R	3	Yes	NA	NA	NA	NA	NA
ERR870326	2	Dominant	Africa	0.03	S	I100L NOT detected	indel(s) between 56th and 69th amino acid NOT detected	S	neg	S	neg	neg	S	neg	S	S-S-S-S-S	0	No	NA	NA	NA	NA	NA
ERR870325	58	Intermediate	Africa	0.03	S	I100L detected	indel(s) between 56th and 69th amino acid detected	R	neg	S	neg	neg	S	neg	S	S-R-S-S-S	1	No	NA	NA	NA	NA	NA
ERR870263	220	Rare	Africa	0.03	S	I100L NOT detected	indel(s) between 56th and 69th amino acid NOT detected	S	neg	S	neg	neg	S	neg	S	S-S-S-S-S	0	No	NA	NA	NA	NA	NA
ERR870260	9	Dominant	Africa	0.25	R	I100L detected	indel(s) between 56th and 69th amino acid detected	R	neg	S	neg	neg	S	tetM	R	R-R-S-S-R	3	Yes	NA	NA	NA	NA	NA
ERR870259	96	Intermediate	Africa	0.03	S	I100L NOT detected	indel(s) between 56th and 69th amino acid NOT detected	S	neg	S	neg	neg	S	neg	S	S-S-S-S-S	0	No	NA	NA	NA	NA	NA
ERR870258	67	Intermediate	Africa	0.03	S	I100L detected	indel(s) between 56th and 69th amino acid detected	R	neg	S	neg	neg	S	tetM	R	S-R-S-S-R	2	No	NA	NA	NA	NA	NA
ERR870257	150	Intermediate	Africa	0.03	S	I100L detected	indel(s) between 56th and 69th amino acid detected	R	neg	S	neg	neg	S	neg	S	S-R-S-S-S	1	No	NA	NA	NA	NA	NA
ERR870254	220	Rare	Africa	0.03	S	I100L detected	indel(s) between 56th and 69th amino acid detected	R	neg	S	neg	neg	S	neg	S	S-R-S-S-S	1	No	NA	NA	NA	NA	NA
ERR870253	72	Intermediate	Africa	0.06	S	I100L NOT detected	indel(s) between 56th and 69th amino acid NOT detected	S	neg	S	neg	neg	S	neg	S	S-S-S-S-S	0	No	NA	NA	NA	NA	NA
ERR870252	2	Dominant	Africa	0.03	S	I100L NOT detected	indel(s) between 56th and 69th amino acid detected	I	neg	S	neg	neg	S	neg	S	S-I-S-S-S	1	No	NA	NA	NA	NA	NA
ERR870251	112	Intermediate	Africa	0.03	S	I100L detected	indel(s) between 56th and 69th amino acid detected	R	neg	S	neg	neg	S	neg	S	S-R-S-S-S	1	No	NA	NA	NA	NA	NA
ERR870250	2	Dominant	Africa	0.03	S	I100L NOT detected	indel(s) between 56th and 69th amino acid detected	I	neg	S	neg	neg	S	neg	S	S-I-S-S-S	1	No	NA	NA	NA	NA	NA
ERR870249	8	Dominant	Africa	0.03	S	I100L detected	indel(s) between 56th and 69th amino acid detected	R	neg	S	neg	neg	S	neg	S	S-R-S-S-S	1	No	NA	NA	NA	NA	NA
ERR870248	61	Intermediate	Africa	0.06	S	I100L NOT detected	indel(s) between 56th and 69th amino acid NOT detected	S	neg	S	neg	neg	S	neg	S	S-S-S-S-S	0	No	NA	NA	NA	NA	NA
ERR870247	26	Dominant	Africa	0.03	S	I100L detected	indel(s) between 56th and 69th amino acid NOT detected	I	cat1	R	neg	neg	S	tetM	R	S-I-R-S-R	3	Yes	NA	NA	NA	NA	NA
ERR870246	2	Dominant	Africa	0.03	S	I100L NOT detected	indel(s) between 56th and 69th amino acid detected	I	neg	S	neg	neg	S	neg	S	S-I-S-S-S	1	No	NA	NA	NA	NA	NA
ERR870243	72	Intermediate	Africa	0.03	S	I100L detected	indel(s) between 56th and 69th amino acid detected	R	neg	S	neg	neg	S	neg	S	S-R-S-S-S	1	No	NA	NA	NA	NA	NA
ERR870242	3	Dominant	Africa	0.03	S	I100L detected	indel(s) between 56th and 69th amino acid NOT detected	I	neg	S	neg	neg	S	neg	S	S-I-S-S-S	1	No	NA	NA	NA	NA	NA
ERR870241	30	Dominant	Africa	0.03	S	I100L detected	indel(s) between 56th and 69th amino acid detected	R	neg	S	neg	neg	S	neg	S	S-R-S-S-S	1	No	NA	NA	NA	NA	NA
ERR870240	72	Intermediate	Africa	0.03	S	I100L detected	indel(s) between 56th and 69th amino acid detected	R	neg	S	neg	neg	S	neg	S	S-R-S-S-S	1	No	NA	NA	NA	NA	NA
ERR870239	26	Dominant	Africa	0.03	S	I100L detected	indel(s) between 56th and 69th amino acid detected	R	neg	S	neg	neg	S	tetM	R	S-R-S-S-R	2	No	NA	NA	NA	NA	NA
ERR870238	26	Dominant	Africa	0.03	S	I100L detected	indel(s) between 56th and 69th amino acid NOT detected	I	cat1	R	neg	neg	S	tetM	R	S-I-R-S-R	3	Yes	NA	NA	NA	NA	NA
ERR870237	2	Dominant	Africa	0.03	S	I100L NOT detected	indel(s) between 56th and 69th amino acid detected	I	neg	S	neg	neg	S	neg	S	S-I-S-S-S	1	No	NA	NA	NA	NA	NA
ERR870236	26	Dominant	Africa	0.03	S	I100L detected	indel(s) between 56th and 69th amino acid NOT detected	I	neg	S	neg	neg	S	tetM	R	S-I-S-S-R	2	No	NA	NA	NA	NA	NA
ERR870235	72	Intermediate	Africa	0.06	S	I100L NOT detected	indel(s) between 56th and 69th amino acid NOT detected	S	neg	S	neg	neg	S	neg	S	S-S-S-S-S	0	No	NA	NA	NA	NA	NA
ERR870234	112	Intermediate	Africa	0.03	S	I100L detected	indel(s) between 56th and 69th amino acid detected	R	neg	S	neg	neg	S	neg	S	S-R-S-S-S	1	No	NA	NA	NA	NA	NA
ERR870233	26	Dominant	Africa	0.03	S	I100L detected	indel(s) between 56th and 69th amino acid NOT detected	I	cat1	R	neg	neg	S	tetM	R	S-I-R-S-R	3	Yes	NA	NA	NA	NA	NA
ERR870232	155	Intermediate	Africa	0.03	S	I100L NOT detected	indel(s) between 56th and 69th amino acid detected	I	neg	S	neg	neg	S	neg	S	S-I-S-S-S	1	No	NA	NA	NA	NA	NA
ERR870231	3	Dominant	Africa	0.03	S	I100L detected	indel(s) between 56th and 69th amino acid NOT detected	I	neg	S	neg	neg	S	neg	S	S-I-S-S-S	1	No	NA	NA	NA	NA	NA
ERR870227	9	Dominant	Africa	0.25	R	I100L NOT detected	indel(s) between 56th and 69th amino acid detected	I	neg	S	neg	neg	S	tetM	R	R-I-S-S-R	3	Yes	NA	NA	NA	NA	NA
ERR870225	26	Dominant	Africa	0.03	S	I100L detected	indel(s) between 56th and 69th amino acid NOT detected	I	cat1	R	neg	neg	S	tetM	R	S-I-R-S-R	3	Yes	NA	NA	NA	NA	NA
ERR870223	112	Intermediate	Africa	0.03	S	I100L detected	indel(s) between 56th and 69th amino acid detected	R	neg	S	neg	neg	S	neg	S	S-R-S-S-S	1	No	NA	NA	NA	NA	NA
ERR870222	26	Dominant	Africa	0.03	S	I100L detected	indel(s) between 56th and 69th amino acid NOT detected	I	cat1	R	neg	neg	S	tetM_promoter_deleted	S	S-I-R-S-S	2	No	NA	NA	NA	NA	NA
ERR870219	220	Rare	Africa	0.03	S	I100L detected	indel(s) between 56th and 69th amino acid detected	R	neg	S	neg	neg	S	neg	S	S-R-S-S-S	1	No	NA	NA	NA	NA	NA
ERR870218	220	Rare	Africa	0.03	S	I100L detected	indel(s) between 56th and 69th amino acid detected	R	neg	S	neg	neg	S	neg	S	S-R-S-S-S	1	No	NA	NA	NA	NA	NA
ERR870217	117	Intermediate	Africa	0.03	S	I100L detected	indel(s) between 56th and 69th amino acid detected	R	neg	S	neg	neg	S	neg	S	S-R-S-S-S	1	No	NA	NA	NA	NA	NA
ERR870215	26	Dominant	Africa	0.03	S	I100L detected	indel(s) between 56th and 69th amino acid NOT detected	I	cat1	R	neg	neg	S	tetM_promoter_deleted	S	S-I-R-S-S	2	No	NA	NA	NA	NA	NA
ERR870214	2	Dominant	Africa	0.03	S	I100L NOT detected	indel(s) between 56th and 69th amino acid detected	I	neg	S	neg	neg	S	neg	S	S-I-S-S-S	1	No	NA	NA	NA	NA	NA
ERR870213	112	Intermediate	Africa	0.03	S	I100L detected	indel(s) between 56th and 69th amino acid detected	R	neg	S	neg	neg	S	neg	S	S-R-S-S-S	1	No	NA	NA	NA	NA	NA
ERR870212	150	Intermediate	Africa	0.03	S	I100L detected	indel(s) between 56th and 69th amino acid detected	R	neg	S	neg	neg	S	neg	S	S-R-S-S-S	1	No	NA	NA	NA	NA	NA
ERR870211	11	Dominant	Africa	0.12	R	I100L detected	indel(s) between 56th and 69th amino acid detected	R	neg	S	neg	neg	S	neg	S	R-R-S-S-S	2	No	NA	NA	NA	NA	NA
ERR870209	150	Intermediate	Africa	0.03	S	I100L detected	indel(s) between 56th and 69th amino acid NOT detected	I	neg	S	neg	neg	S	neg	S	S-I-S-S-S	1	No	NA	NA	NA	NA	NA
ERR870208	30	Dominant	Africa	0.03	S	I100L detected	indel(s) between 56th and 69th amino acid detected	R	neg	S	neg	neg	S	neg	S	S-R-S-S-S	1	No	NA	NA	NA	NA	NA
ERR870207	103	Intermediate	Africa	0.03	S	I100L detected	indel(s) between 56th and 69th amino acid detected	R	neg	S	neg	neg	S	tetM	R	S-R-S-S-R	2	No	NA	NA	NA	NA	NA
ERR870148	26	Dominant	Africa	0.03	S	I100L detected	indel(s) between 56th and 69th amino acid NOT detected	I	cat1	R	neg	neg	S	tetM	R	S-I-R-S-R	3	Yes	NA	NA	NA	NA	NA
ERR870145	67	Intermediate	Africa	0.03	S	I100L detected	indel(s) between 56th and 69th amino acid detected	R	neg	S	neg	neg	S	tetM	R	S-R-S-S-R	2	No	NA	NA	NA	NA	NA
ERR870144	88	Intermediate	Africa	0.03	S	I100L detected	indel(s) between 56th and 69th amino acid detected	R	neg	S	neg	neg	S	neg	S	S-R-S-S-S	1	No	NA	NA	NA	NA	NA
ERR870143	80	Intermediate	Africa	0.03	S	I100L detected	indel(s) between 56th and 69th amino acid detected	R	neg	S	neg	neg	S	neg	S	S-R-S-S-S	1	No	NA	NA	NA	NA	NA
ERR870139	20	Intermediate	Africa	0.03	S	I100L detected	indel(s) between 56th and 69th amino acid detected	R	neg	S	neg	neg	S	tetM	R	S-R-S-S-R	2	No	NA	NA	NA	NA	NA
ERR870138	26	Dominant	Africa	0.03	S	I100L detected	indel(s) between 56th and 69th amino acid NOT detected	I	cat1	R	neg	neg	S	tetM	R	S-I-R-S-R	3	Yes	NA	NA	NA	NA	NA
ERR870136	85	Intermediate	Africa	0.03	S	I100L NOT detected	indel(s) between 56th and 69th amino acid NOT detected	S	neg	S	neg	neg	S	neg	S	S-S-S-S-S	0	No	NA	NA	NA	NA	NA
ERR870130	43	Dominant	Africa	0.03	S	I100L NOT detected	indel(s) between 56th and 69th amino acid NOT detected	S	neg	S	neg	neg	S	neg	S	S-S-S-S-S	0	No	NA	NA	NA	NA	NA
ERR870094	108	Intermediate	Africa	0.03	S	I100L NOT detected	indel(s) between 56th and 69th amino acid detected	I	neg	S	neg	neg	S	neg	S	S-I-S-S-S	1	No	NA	NA	NA	NA	NA
ERR870092	26	Dominant	Africa	0.03	S	I100L detected	indel(s) between 56th and 69th amino acid NOT detected	I	cat1	R	neg	neg	S	tetM	R	S-I-R-S-R	3	Yes	NA	NA	NA	NA	NA
ERR870090	9	Dominant	Africa	0.25	R	I100L detected	indel(s) between 56th and 69th amino acid detected	R	neg	S	neg	neg	S	tetM	R	R-R-S-S-R	3	Yes	NA	NA	NA	NA	NA
ERR870067	2	Dominant	Africa	0.03	S	I100L NOT detected	indel(s) between 56th and 69th amino acid detected	I	neg	S	neg	neg	S	neg	S	S-I-S-S-S	1	No	NA	NA	NA	NA	NA
ERR870066	2	Dominant	Africa	0.03	S	I100L NOT detected	indel(s) between 56th and 69th amino acid detected	I	neg	S	neg	neg	S	neg	S	S-I-S-S-S	1	No	NA	NA	NA	NA	NA
ERR870065	85	Intermediate	Africa	0.03	S	I100L NOT detected	indel(s) between 56th and 69th amino acid NOT detected	S	neg	S	neg	neg	S	neg	S	S-S-S-S-S	0	No	NA	NA	NA	NA	NA
ERR870064	26	Dominant	Africa	0.03	S	I100L detected	indel(s) between 56th and 69th amino acid NOT detected	I	cat1	R	neg	neg	S	tetM	R	S-I-R-S-R	3	Yes	NA	NA	NA	NA	NA
ERR870059	8	Dominant	Africa	0.03	S	I100L detected	indel(s) between 56th and 69th amino acid detected	R	neg	S	neg	neg	S	neg	S	S-R-S-S-S	1	No	NA	NA	NA	NA	NA
ERR870058	5	Dominant	Africa	0.5	R	I100L detected	indel(s) between 56th and 69th amino acid detected	R	neg	S	neg	mef1	R	tetM	R	R-R-S-R-R	4	Yes	NA	NA	NA	NA	NA
ERR870057	26	Dominant	Africa	0.03	S	I100L detected	indel(s) between 56th and 69th amino acid NOT detected	I	cat1	R	neg	neg	S	tetM	R	S-I-R-S-R	3	Yes	NA	NA	S	NA	R
ERR870056	8	Dominant	Africa	0.03	S	I100L detected	indel(s) between 56th and 69th amino acid detected	R	neg	S	neg	neg	S	tetM	R	S-R-S-S-R	2	No	NA	NA	S	S	R
ERR870054	20	Intermediate	Africa	0.03	S	I100L detected	indel(s) between 56th and 69th amino acid detected	R	neg	S	neg	neg	S	tetM	R	S-R-S-S-R	2	No	NA	NA	NA	NA	NA
ERR870001	5	Dominant	Africa	0.25	R	I100L detected	indel(s) between 56th and 69th amino acid detected	R	neg	S	neg	neg	S	neg	S	R-R-S-S-S	2	No	NA	NA	NA	NA	NA
ERR869961	8	Dominant	Africa	0.06	S	I100L detected	indel(s) between 56th and 69th amino acid detected	R	neg	S	neg	neg	S	neg	S	S-R-S-S-S	1	No	NA	NA	NA	NA	NA
ERR869912	2	Dominant	Africa	0.03	S	I100L NOT detected	indel(s) between 56th and 69th amino acid detected	I	cat1	R	neg	neg	S	tetM	R	S-I-R-S-R	3	Yes	NA	NA	NA	NA	NA
ERR869909	40	Dominant	Africa	0.03	S	I100L detected	indel(s) between 56th and 69th amino acid NOT detected	I	neg	S	neg	neg	S	neg	S	S-I-S-S-S	1	No	NA	NA	NA	NA	NA
ERR869879	8	Dominant	Africa	0.06	S	I100L detected	indel(s) between 56th and 69th amino acid detected	R	neg	S	neg	neg	S	neg	S	S-R-S-S-S	1	No	NA	NA	NA	NA	NA
ERR862347	192	Intermediate	Africa	0.12	R	I100L detected	indel(s) between 56th and 69th amino acid NOT detected	I	neg	S	neg	neg	S	neg	S	R-I-S-S-S	2	No	NA	NA	NA	NA	NA
ERR862346	120	Intermediate	Africa	0.03	S	I100L NOT detected	indel(s) between 56th and 69th amino acid detected	I	neg	S	neg	neg	S	tetM	R	S-I-S-S-R	2	No	NA	NA	NA	NA	NA
ERR862345	30	Dominant	Africa	0.03	S	I100L detected	indel(s) between 56th and 69th amino acid detected	R	neg	S	neg	neg	S	neg	S	S-R-S-S-S	1	No	NA	NA	NA	NA	NA
ERR862342	13	Dominant	Africa	0.03	S	I100L detected	indel(s) between 56th and 69th amino acid detected	R	neg	S	neg	neg	S	neg	S	S-R-S-S-S	1	No	NA	NA	NA	NA	NA
ERR862341	218	Rare	Africa	0.03	S	I100L detected	indel(s) between 56th and 69th amino acid NOT detected	I	neg	S	neg	neg	S	neg	S	S-I-S-S-S	1	No	NA	NA	NA	NA	NA
ERR862336	22	Dominant	Africa	0.03	S	I100L NOT detected	indel(s) between 56th and 69th amino acid NOT detected	S	neg	S	neg	neg	S	neg	S	S-S-S-S-S	0	No	NA	NA	NA	NA	NA
ERR862335	218	Rare	Africa	0.03	S	I100L detected	indel(s) between 56th and 69th amino acid NOT detected	I	neg	S	neg	neg	S	neg	S	S-I-S-S-S	1	No	NA	NA	NA	NA	NA
ERR862324	65	Intermediate	Africa	0.12	R	I100L detected	indel(s) between 56th and 69th amino acid NOT detected	I	neg	S	neg	neg	S	neg	S	R-I-S-S-S	2	No	NA	NA	NA	NA	NA
ERR862323	183	Intermediate	Africa	0.03	S	I100L detected	indel(s) between 56th and 69th amino acid detected	R	neg	S	neg	neg	S	tetM	R	S-R-S-S-R	2	No	NA	NA	NA	NA	NA
ERR862322	183	Intermediate	Africa	0.03	S	I100L detected	indel(s) between 56th and 69th amino acid detected	R	neg	S	neg	neg	S	tetM	R	S-R-S-S-R	2	No	NA	NA	NA	NA	NA
ERR862321	8	Dominant	Africa	0.03	S	I100L detected	indel(s) between 56th and 69th amino acid detected	R	neg	S	neg	neg	S	neg	S	S-R-S-S-S	1	No	NA	NA	NA	NA	NA
ERR862264	13	Dominant	Africa	0.03	S	I100L detected	indel(s) between 56th and 69th amino acid detected	R	neg	S	neg	neg	S	neg	S	S-R-S-S-S	1	No	NA	NA	NA	NA	NA
ERR862307	2	Dominant	Africa	0.03	S	I100L NOT detected	indel(s) between 56th and 69th amino acid detected	I	neg	S	neg	neg	S	neg	S	S-I-S-S-S	1	No	NA	NA	NA	NA	NA
ERR862299	8	Dominant	Africa	0.03	S	I100L detected	indel(s) between 56th and 69th amino acid detected	R	neg	S	neg	neg	S	neg	S	S-R-S-S-S	1	No	NA	NA	NA	NA	NA
ERR862297	26	Dominant	Africa	0.03	S	I100L detected	indel(s) between 56th and 69th amino acid NOT detected	I	cat1	R	neg	neg	S	tetM	R	S-I-R-S-R	3	Yes	NA	NA	NA	NA	NA
ERR862296	8	Dominant	Africa	0.03	S	I100L detected	indel(s) between 56th and 69th amino acid detected	R	neg	S	neg	neg	S	tetM	R	S-R-S-S-R	2	No	NA	NA	NA	NA	NA
ERR862294	103	Intermediate	Africa	0.03	S	I100L detected	indel(s) between 56th and 69th amino acid detected	R	neg	S	neg	neg	S	tetM	R	S-R-S-S-R	2	No	NA	NA	NA	NA	NA
ERR862291	8	Dominant	Africa	0.03	S	I100L detected	indel(s) between 56th and 69th amino acid detected	R	neg	S	neg	neg	S	neg	S	S-R-S-S-S	1	No	NA	NA	NA	NA	NA
ERR862288	2	Dominant	Africa	0.03	S	I100L NOT detected	indel(s) between 56th and 69th amino acid detected	I	neg	S	neg	neg	S	neg	S	S-I-S-S-S	1	No	NA	NA	NA	NA	NA
ERR862260	5	Dominant	Africa	0.25	R	I100L detected	indel(s) between 56th and 69th amino acid detected	R	neg	S	neg	neg	S	neg	S	R-R-S-S-S	2	No	NA	NA	NA	NA	NA
ERR845799	120	Intermediate	Africa	0.03	S	I100L NOT detected	indel(s) between 56th and 69th amino acid detected	I	neg	S	neg	neg	S	tetM	R	S-I-S-S-R	2	No	NA	NA	NA	NA	NA
ERR845797	461	Rare	Africa	0.06	S	I100L detected	indel(s) between 56th and 69th amino acid detected	R	neg	S	neg	neg	S	neg	S	S-R-S-S-S	1	No	NA	NA	NA	NA	NA
ERR845795	36	Intermediate	Africa	0.03	S	I100L NOT detected	indel(s) between 56th and 69th amino acid NOT detected	S	neg	S	neg	neg	S	neg	S	S-S-S-S-S	0	No	S	S	S	S	S
ERR845742	3	Dominant	North America	0.03	S	I100L NOT detected	indel(s) between 56th and 69th amino acid NOT detected	S	neg	S	neg	neg	S	neg	S	S-S-S-S-S	0	No	S	S	S	S	S
ERR845741	4	Dominant	North America	0.03	S	I100L NOT detected	indel(s) between 56th and 69th amino acid NOT detected	S	neg	S	neg	neg	S	neg	S	S-S-S-S-S	0	No	S	S	S	S	S
ERR845739	36	Intermediate	North America	0.03	S	I100L NOT detected	indel(s) between 56th and 69th amino acid NOT detected	S	neg	S	neg	neg	S	neg	S	S-S-S-S-S	0	No	S	S	S	S	S
ERR845737	27	Dominant	North America	0.03	S	I100L NOT detected	indel(s) between 56th and 69th amino acid NOT detected	S	neg	S	neg	neg	S	neg	S	S-S-S-S-S	0	No	S	S	S	S	S
ERR845747	135	Intermediate	North America	0.03	S	I100L NOT detected	indel(s) between 56th and 69th amino acid NOT detected	S	neg	S	neg	neg	S	neg	S	S-S-S-S-S	0	No	S	S	S	S	S
ERR845746	4	Dominant	North America	0.5	R	I100L detected	indel(s) between 56th and 69th amino acid detected	R	neg	S	neg	mef1	R	neg	S	R-R-S-R-S	3	Yes	R	R	S	R	S
ERR845745	35	Intermediate	North America	0.03	S	I100L NOT detected	indel(s) between 56th and 69th amino acid NOT detected	S	neg	S	neg	neg	S	neg	S	S-S-S-S-S	0	No	S	S	S	S	S
ERR845743	4	Dominant	North America	0.03	S	I100L NOT detected	indel(s) between 56th and 69th amino acid NOT detected	S	neg	S	neg	neg	S	neg	S	S-S-S-S-S	0	No	S	S	S	S	S
ERR774746	56	Intermediate	Africa	0.03	S	I100L detected	indel(s) between 56th and 69th amino acid NOT detected	I	neg	S	neg	neg	S	neg	S	S-I-S-S-S	1	No	NA	NA	NA	NA	NA
ERR774690	86	Intermediate	Africa	0.03	S	I100L detected	indel(s) between 56th and 69th amino acid detected	R	neg	S	neg	neg	S	neg	S	S-R-S-S-S	1	No	NA	NA	NA	NA	NA
ERR774689	8	Dominant	Africa	0.06	S	I100L NOT detected	indel(s) between 56th and 69th amino acid detected	I	neg	S	neg	neg	S	neg	S	S-I-S-S-S	1	No	NA	NA	NA	NA	NA
ERR774688	2	Dominant	Africa	0.03	S	I100L NOT detected	indel(s) between 56th and 69th amino acid detected	I	cat1	R	neg	neg	S	tetM	R	S-I-R-S-R	3	Yes	NA	NA	NA	NA	NA
ERR774687	120	Intermediate	Africa	0.03	S	I100L NOT detected	indel(s) between 56th and 69th amino acid detected	I	neg	S	neg	neg	S	tetM	R	S-I-S-S-R	2	No	NA	NA	NA	NA	NA
ERR774648	5	Dominant	Africa	0.12	R	I100L detected	indel(s) between 56th and 69th amino acid detected	R	neg	S	neg	neg	S	neg	S	R-R-S-S-S	2	No	NA	NA	NA	NA	NA
ERR774647	13	Dominant	Africa	0.03	S	I100L detected	indel(s) between 56th and 69th amino acid detected	R	neg	S	neg	neg	S	neg	S	S-R-S-S-S	1	No	NA	NA	NA	NA	NA
ERR774574	190	Intermediate	Africa	0.12	R	I100L NOT detected	indel(s) between 56th and 69th amino acid NOT detected	S	neg	S	neg	neg	S	neg	S	R-S-S-S-S	1	No	NA	NA	NA	NA	NA
ERR774643	8	Dominant	Africa	0.06	S	I100L detected	indel(s) between 56th and 69th amino acid detected	R	neg	S	neg	neg	S	neg	S	S-R-S-S-S	1	No	NA	NA	NA	NA	NA
ERR774631	460	Rare	Africa	0.25	R	I100L detected	indel(s) between 56th and 69th amino acid NOT detected	I	neg	S	neg	neg	S	neg	S	R-I-S-S-S	2	No	NA	NA	NA	NA	NA
ERR774628	9	Dominant	Africa	0.06	S	I100L detected	indel(s) between 56th and 69th amino acid detected	R	neg	S	neg	neg	S	neg	S	S-R-S-S-S	1	No	NA	NA	NA	NA	NA
ERR774572	2	Dominant	Africa	0.03	S	I100L NOT detected	indel(s) between 56th and 69th amino acid detected	I	cat1	R	neg	neg	S	tetM	R	S-I-R-S-R	3	Yes	NA	NA	NA	NA	NA
ERR774618	20	Intermediate	Africa	0.03	S	I100L detected	indel(s) between 56th and 69th amino acid detected	R	neg	S	neg	neg	S	tetM	R	S-R-S-S-R	2	No	NA	NA	NA	NA	NA
ERR774608	86	Intermediate	Africa	0.03	S	I100L detected	indel(s) between 56th and 69th amino acid detected	R	neg	S	neg	neg	S	tetM	R	S-R-S-S-R	2	No	NA	NA	NA	NA	NA
ERR774606	223	Rare	Africa	0.25	R	I100L detected	indel(s) between 56th and 69th amino acid detected	R	neg	S	neg	neg	S	neg	S	R-R-S-S-S	2	No	NA	NA	NA	NA	NA
ERR774604	5	Dominant	Africa	0.25	R	I100L detected	indel(s) between 56th and 69th amino acid detected	R	neg	S	neg	neg	S	neg	S	R-R-S-S-S	2	No	NA	NA	NA	NA	NA
ERR774602	20	Intermediate	Africa	0.03	S	I100L NOT detected	indel(s) between 56th and 69th amino acid detected	I	neg	S	neg	neg	S	tetM	R	S-I-S-S-R	2	No	NA	NA	NA	NA	NA
ERR774601	176	Intermediate	Africa	0.12	R	I100L detected	indel(s) between 56th and 69th amino acid detected	R	neg	S	neg	neg	S	neg	S	R-R-S-S-S	2	No	NA	NA	NA	NA	NA
ERR774600	96	Intermediate	Africa	0.03	S	I100L NOT detected	indel(s) between 56th and 69th amino acid NOT detected	S	neg	S	neg	neg	S	neg	S	S-S-S-S-S	0	No	NA	NA	NA	NA	NA
ERR774598	9	Dominant	Africa	0.25	R	I100L detected	indel(s) between 56th and 69th amino acid detected	R	neg	S	neg	neg	S	tetM	R	R-R-S-S-R	3	Yes	NA	NA	NA	NA	NA
ERR774597	8	Dominant	Africa	0.03	S	I100L NOT detected	indel(s) between 56th and 69th amino acid detected	I	neg	S	neg	neg	S	tetM	R	S-I-S-S-R	2	No	NA	NA	NA	NA	NA
ERR774594	20	Intermediate	Africa	0.03	S	I100L detected	indel(s) between 56th and 69th amino acid detected	R	neg	S	neg	neg	S	tetM	R	S-R-S-S-R	2	No	NA	NA	NA	NA	NA
ERR774591	2	Dominant	Africa	0.03	S	I100L NOT detected	indel(s) between 56th and 69th amino acid detected	I	cat1	R	neg	neg	S	tetM	R	S-I-R-S-R	3	Yes	NA	NA	NA	NA	NA
ERR774590	328	Rare	Africa	0.03	S	I100L detected	indel(s) between 56th and 69th amino acid detected	R	neg	S	neg	neg	S	neg	S	S-R-S-S-S	1	No	NA	NA	NA	NA	NA
ERR774588	116	Intermediate	Africa	0.03	S	I100L detected	indel(s) between 56th and 69th amino acid detected	R	neg	S	neg	neg	S	neg	S	S-R-S-S-S	1	No	NA	NA	NA	NA	NA
ERR774586	2	Dominant	Africa	0.03	S	I100L NOT detected	indel(s) between 56th and 69th amino acid detected	I	cat1	R	neg	neg	S	tetM	R	S-I-R-S-R	3	Yes	NA	NA	NA	NA	NA
ERR774579	8	Dominant	Africa	0.03	S	I100L NOT detected	indel(s) between 56th and 69th amino acid detected	I	neg	S	neg	neg	S	tetM	R	S-I-S-S-R	2	No	NA	NA	NA	NA	NA
ERR774577	8	Dominant	Africa	0.06	S	I100L NOT detected	indel(s) between 56th and 69th amino acid detected	I	neg	S	neg	neg	S	neg	S	S-I-S-S-S	1	No	NA	NA	NA	NA	NA
ERR774576	2	Dominant	Africa	0.03	S	I100L NOT detected	indel(s) between 56th and 69th amino acid detected	I	cat1	R	neg	neg	S	tetM	R	S-I-R-S-R	3	Yes	NA	NA	NA	NA	NA
ERR774568	26	Dominant	Africa	0.03	S	I100L NOT detected	indel(s) between 56th and 69th amino acid detected	I	cat1	R	neg	neg	S	tetM	R	S-I-R-S-R	3	Yes	S	I	R	S	R
ERR774567	33	Dominant	Africa	0.03	S	I100L NOT detected	indel(s) between 56th and 69th amino acid NOT detected	S	neg	S	neg	neg	S	neg	S	S-S-S-S-S	0	No	S	I	S	S	S
ERR774565	3	Dominant	Africa	0.03	S	I100L NOT detected	indel(s) between 56th and 69th amino acid NOT detected	S	neg	S	neg	neg	S	neg	S	S-S-S-S-S	0	No	S	S	S	S	S
ERR774482	25	Dominant	Africa	0.06	S	I100L detected	indel(s) between 56th and 69th amino acid detected	R	neg	S	neg	neg	S	neg	S	S-R-S-S-S	1	No	S	R	S	S	S
ERR774556	46	Intermediate	Africa	0.03	S	I100L NOT detected	indel(s) between 56th and 69th amino acid detected	I	neg	S	neg	neg	S	neg	S	S-I-S-S-S	1	No	S	S	S	S	S
ERR774555	12	Dominant	Africa	0.03	S	I100L NOT detected	indel(s) between 56th and 69th amino acid NOT detected	S	neg	S	neg	neg	S	neg	S	S-S-S-S-S	0	No	S	S	S	S	S
ERR774554	48	Intermediate	Africa	0.25	R	I100L detected	indel(s) between 56th and 69th amino acid NOT detected	I	neg	S	neg	neg	S	neg	S	R-I-S-S-S	2	No	R	R	S	S	S
ERR774553	1	Dominant	Africa	4	R	I100L detected	indel(s) between 56th and 69th amino acid detected	R	neg	S	ermB1	mef1	R	tetM	R	R-R-S-R-R	4	Yes	R	R	S	R	R
ERR774552	145	Intermediate	Africa	0.03	S	I100L NOT detected	indel(s) between 56th and 69th amino acid detected	I	neg	S	neg	neg	S	neg	S	S-I-S-S-S	1	No	S	I	S	S	S
ERR774551	24	Intermediate	Africa	0.06	S	I100L NOT detected	indel(s) between 56th and 69th amino acid NOT detected	S	neg	S	neg	neg	S	neg	S	S-S-S-S-S	0	No	S	S	S	S	S
ERR774550	3	Dominant	Africa	0.03	S	I100L NOT detected	indel(s) between 56th and 69th amino acid NOT detected	S	neg	S	neg	neg	S	neg	S	S-S-S-S-S	0	No	S	S	S	S	S
ERR774547	459	Rare	Africa	0.03	S	I100L detected	indel(s) between 56th and 69th amino acid detected	R	neg	S	neg	neg	S	neg	S	S-R-S-S-S	1	No	S	R	S	S	S
ERR774545	77	Intermediate	Africa	0.25	R	I100L detected	indel(s) between 56th and 69th amino acid NOT detected	I	neg	S	neg	neg	S	neg	S	R-I-S-S-S	2	No	R	R	S	S	S
ERR774480	26	Dominant	Africa	0.03	S	I100L NOT detected	indel(s) between 56th and 69th amino acid detected	I	cat1	R	neg	neg	S	tetM	R	S-I-R-S-R	3	Yes	S	I	R	S	R
ERR774542	51	Intermediate	Africa	0.03	S	I100L NOT detected	indel(s) between 56th and 69th amino acid NOT detected	S	neg	S	neg	neg	S	neg	S	S-S-S-S-S	0	No	S	S	S	S	S
ERR774541	33	Dominant	Africa	0.03	S	I100L NOT detected	indel(s) between 56th and 69th amino acid detected	I	neg	S	neg	neg	S	neg	S	S-I-S-S-S	1	No	S	I	S	S	S
ERR774538	43	Dominant	Africa	0.06	S	I100L detected	indel(s) between 56th and 69th amino acid detected	R	neg	S	neg	mef1	R	tetM	R	S-R-S-R-R	3	Yes	S	R	S	R	R
ERR774537	114	Intermediate	Africa	0.03	S	I100L detected	indel(s) between 56th and 69th amino acid NOT detected	I	neg	S	neg	neg	S	neg	S	S-I-S-S-S	1	No	S	R	S	S	S
ERR774536	10	Dominant	Africa	2	R	I100L detected	indel(s) between 56th and 69th amino acid detected	R	neg	S	ermB1	neg	R	tet(S/M)	R	R-R-S-R-R	4	Yes	R	R	S	R	R
ERR774535	56	Intermediate	Africa	0.03	S	I100L NOT detected	indel(s) between 56th and 69th amino acid NOT detected	S	neg	S	neg	neg	S	neg	S	S-S-S-S-S	0	No	S	S	S	S	S
ERR774479	25	Dominant	Africa	0.06	S	I100L detected	indel(s) between 56th and 69th amino acid detected	R	neg	S	neg	neg	S	neg	S	S-R-S-S-S	1	No	S	R	S	S	S
ERR774532	46	Intermediate	Africa	0.03	S	I100L detected	indel(s) between 56th and 69th amino acid detected	R	neg	S	neg	neg	S	neg	S	S-R-S-S-S	1	No	S	R	S	S	S
ERR774531	5	Dominant	Africa	0.25	R	I100L NOT detected	indel(s) between 56th and 69th amino acid detected	I	neg	S	neg	neg	S	neg	S	R-I-S-S-S	2	No	R	I	S	S	S
ERR774530	49	Intermediate	Africa	0.03	S	I100L NOT detected	indel(s) between 56th and 69th amino acid NOT detected	S	neg	S	neg	neg	S	neg	S	S-S-S-S-S	0	No	S	S	S	S	S
ERR774529	3	Dominant	Africa	0.03	S	I100L NOT detected	indel(s) between 56th and 69th amino acid NOT detected	S	neg	S	neg	neg	S	neg	S	S-S-S-S-S	0	No	S	S	S	S	S
ERR774528	17	Dominant	Africa	0.25	R	I100L detected	indel(s) between 56th and 69th amino acid NOT detected	I	neg	S	neg	neg	S	neg	S	R-I-S-S-S	2	No	R	R	S	S	S
ERR774524	48	Intermediate	Africa	0.25	R	I100L detected	indel(s) between 56th and 69th amino acid NOT detected	I	neg	S	neg	neg	S	neg	S	R-I-S-S-S	2	No	R	R	S	S	S
ERR774478	36	Intermediate	Africa	0.03	S	I100L NOT detected	indel(s) between 56th and 69th amino acid detected	I	neg	S	neg	neg	S	neg	S	S-I-S-S-S	1	No	R	I	S	S	S
ERR774521	226	Rare	Africa	0.03	S	I100L NOT detected	indel(s) between 56th and 69th amino acid NOT detected	S	neg	S	neg	neg	S	neg	S	S-S-S-S-S	0	No	S	S	S	S	S
ERR774517	3	Dominant	Africa	0.03	S	I100L NOT detected	indel(s) between 56th and 69th amino acid NOT detected	S	neg	S	neg	neg	S	neg	S	S-S-S-S-S	0	No	S	S	S	S	S
ERR774516	3	Dominant	Africa	0.03	S	I100L NOT detected	indel(s) between 56th and 69th amino acid NOT detected	S	neg	S	neg	neg	S	neg	S	S-S-S-S-S	0	No	S	S	S	S	S
ERR774515	5	Dominant	Africa	0.25	R	I100L NOT detected	indel(s) between 56th and 69th amino acid detected	I	neg	S	neg	neg	S	neg	S	R-I-S-S-S	2	No	R	S	S	S	S
ERR774514	34	Dominant	Africa	0.03	S	I100L NOT detected	indel(s) between 56th and 69th amino acid detected	I	neg	S	neg	neg	S	neg	S	S-I-S-S-S	1	No	S	I	S	S	S
ERR774477	17	Dominant	Africa	2	R	I100L NOT detected	indel(s) between 56th and 69th amino acid detected	I	neg	S	neg	neg	S	neg	S	R-I-S-S-S	2	No	R	R	S	S	I
ERR774511	61	Intermediate	Africa	0.06	S	I100L NOT detected	indel(s) between 56th and 69th amino acid NOT detected	S	neg	S	neg	neg	S	neg	S	S-S-S-S-S	0	No	S	S	S	S	S
ERR774508	16	Dominant	Africa	4	R	I100L detected	indel(s) between 56th and 69th amino acid detected	R	cat1	R	ermB1	neg	R	tetM	R	R-R-R-R-R	5	Yes	R	R	R	R	R
ERR774507	14	Dominant	Africa	0.25	R	I100L detected	indel(s) between 56th and 69th amino acid NOT detected	I	cat1	R	ermB1	neg	R	tetM	R	R-I-R-R-R	5	Yes	R	R	R	R	R
ERR774506	168	Intermediate	Africa	0.25	R	I100L detected	indel(s) between 56th and 69th amino acid detected	R	neg	S	neg	neg	S	neg	S	R-R-S-S-S	2	No	R	R	S	S	S
ERR774505	160	Intermediate	Africa	0.03	S	I100L NOT detected	indel(s) between 56th and 69th amino acid detected	I	neg	S	neg	neg	S	neg	S	S-I-S-S-S	1	No	S	S	S	S	S
ERR774504	3	Dominant	Africa	0.03	S	I100L NOT detected	indel(s) between 56th and 69th amino acid NOT detected	S	neg	S	neg	neg	S	neg	S	S-S-S-S-S	0	No	S	S	S	S	S
ERR774503	14	Dominant	Africa	0.25	R	I100L NOT detected	indel(s) between 56th and 69th amino acid NOT detected	S	cat1	R	ermB1	neg	R	tetM	R	R-S-R-R-R	4	Yes	R	I	R	R	R
ERR774501	1	Dominant	Africa	2	R	I100L detected	indel(s) between 56th and 69th amino acid detected	R	neg	S	ermB1	mef1	R	tetM	R	R-R-S-R-R	4	Yes	R	R	S	R	R
ERR774497	17	Dominant	Africa	0.25	R	I100L NOT detected	indel(s) between 56th and 69th amino acid detected	I	neg	S	neg	neg	S	neg	S	R-I-S-S-S	2	No	R	I	S	S	S
ERR774496	48	Intermediate	Africa	0.25	R	I100L detected	indel(s) between 56th and 69th amino acid NOT detected	I	neg	S	neg	neg	S	neg	S	R-I-S-S-S	2	No	R	R	S	S	S
ERR774494	67	Intermediate	Africa	0.03	S	I100L NOT detected	indel(s) between 56th and 69th amino acid NOT detected	S	neg	S	neg	neg	S	neg	S	S-S-S-S-S	0	No	S	S	S	S	S
ERR774475	21	Dominant	Africa	0.25	R	I100L detected	indel(s) between 56th and 69th amino acid detected	R	neg	S	neg	neg	S	neg	S	R-R-S-S-S	2	No	R	R	S	S	S
ERR774492	7	Dominant	Africa	0.03	S	I100L NOT detected	indel(s) between 56th and 69th amino acid NOT detected	S	neg	S	neg	neg	S	neg	S	S-S-S-S-S	0	No	S	S	S	S	S
ERR774491	48	Intermediate	Africa	0.25	R	I100L detected	indel(s) between 56th and 69th amino acid NOT detected	I	neg	S	neg	neg	S	neg	S	R-I-S-S-S	2	No	R	R	S	S	S
ERR774489	234	Rare	Africa	0.03	S	I100L NOT detected	indel(s) between 56th and 69th amino acid NOT detected	S	neg	S	neg	neg	S	neg	S	S-S-S-S-S	0	No	S	S	S	S	S
ERR774487	22	Dominant	Africa	0.03	S	I100L detected	indel(s) between 56th and 69th amino acid detected	R	neg	S	neg	neg	S	neg	S	S-R-S-S-S	1	No	S	R	S	S	S
ERR774485	11	Dominant	Africa	0.03	S	I100L NOT detected	indel(s) between 56th and 69th amino acid detected	I	neg	S	neg	neg	S	neg	S	S-I-S-S-S	1	No	S	I	S	S	S
ERR774483	14	Dominant	Africa	0.25	R	I100L detected	indel(s) between 56th and 69th amino acid detected	R	neg	S	neg	mef1	R	tetM	R	R-R-S-R-R	4	Yes	R	R	S	R	R
ERR774379	3	Dominant	Africa	0.03	S	I100L NOT detected	indel(s) between 56th and 69th amino acid NOT detected	S	neg	S	neg	neg	S	neg	S	S-S-S-S-S	0	No	S	S	S	S	S
ERR774377	26	Dominant	Africa	0.03	S	I100L NOT detected	indel(s) between 56th and 69th amino acid detected	I	cat1	R	neg	neg	S	tetM	R	S-I-R-S-R	3	Yes	S	I	R	S	R
ERR774372	458	Rare	Africa	0.03	S	I100L detected	indel(s) between 56th and 69th amino acid detected	R	neg	S	neg	neg	S	neg	S	S-R-S-S-S	1	No	R	R	S	S	S
ERR774371	194	Intermediate	Africa	0.03	S	I100L NOT detected	indel(s) between 56th and 69th amino acid NOT detected	S	neg	S	neg	neg	S	neg	S	S-S-S-S-S	0	No	S	S	S	S	S
ERR774370	14	Dominant	Africa	0.06	S	I100L detected	indel(s) between 56th and 69th amino acid detected	R	neg	S	neg	mef1	R	tetM	R	S-R-S-R-R	3	Yes	R	R	S	R	S
ERR774364	16	Dominant	Africa	4	R	I100L detected	indel(s) between 56th and 69th amino acid NOT detected	I	cat1	R	neg	mef1	R	tetM	R	R-I-R-R-R	5	Yes	R	I	R	R	R
ERR774292	4	Dominant	Africa	0.03	S	I100L NOT detected	indel(s) between 56th and 69th amino acid NOT detected	S	neg	S	neg	neg	S	neg	S	S-S-S-S-S	0	No	S	S	S	S	S
ERR774363	3	Dominant	Africa	0.03	S	I100L NOT detected	indel(s) between 56th and 69th amino acid NOT detected	S	neg	S	neg	neg	S	neg	S	S-S-S-S-S	0	No	S	S	S	S	S
ERR774359	3	Dominant	Africa	0.03	S	I100L NOT detected	indel(s) between 56th and 69th amino acid NOT detected	S	neg	S	neg	neg	S	neg	S	S-S-S-S-S	0	No	S	S	S	S	I
ERR774356	14	Dominant	Africa	0.5	R	I100L detected	indel(s) between 56th and 69th amino acid detected	R	neg	S	neg	mef1	R	tetM	R	R-R-S-R-R	4	Yes	R	R	S	R	R
ERR774355	38	Intermediate	Africa	0.03	S	I100L NOT detected	indel(s) between 56th and 69th amino acid NOT detected	S	neg	S	neg	neg	S	neg	S	S-S-S-S-S	0	No	S	S	S	S	S
ERR774354	1	Dominant	Africa	4	R	I100L detected	indel(s) between 56th and 69th amino acid detected	R	neg	S	neg	neg	S	neg	S	R-R-S-S-S	2	No	R	R	S	S	S
ERR774291	9	Dominant	Africa	0.5	R	I100L NOT detected	indel(s) between 56th and 69th amino acid NOT detected	S	neg	S	ermB1	neg	R	tetM	R	R-S-S-R-R	3	Yes	R	S	S	R	R
ERR774351	1	Dominant	Africa	4	R	I100L detected	indel(s) between 56th and 69th amino acid detected	R	neg	S	ermB1	mef1	R	tetM	R	R-R-S-R-R	4	Yes	R	R	S	R	R
ERR774348	11	Dominant	Africa	0.03	S	I100L NOT detected	indel(s) between 56th and 69th amino acid detected	I	neg	S	neg	neg	S	neg	S	S-I-S-S-S	1	No	S	S	S	S	S
ERR774346	34	Dominant	Africa	0.06	S	I100L detected	indel(s) between 56th and 69th amino acid detected	R	neg	S	neg	neg	S	neg	S	S-R-S-S-S	1	No	S	R	S	S	S
ERR774343	17	Dominant	Africa	0.25	R	I100L NOT detected	indel(s) between 56th and 69th amino acid detected	I	neg	S	neg	neg	S	neg	S	R-I-S-S-S	2	No	R	I	S	S	I
ERR774339	179	Intermediate	Africa	0.03	S	I100L NOT detected	indel(s) between 56th and 69th amino acid NOT detected	S	neg	S	neg	neg	S	neg	S	S-S-S-S-S	0	No	S	S	S	S	S
ERR774338	70	Intermediate	Africa	0.03	S	I100L NOT detected	indel(s) between 56th and 69th amino acid NOT detected	S	neg	S	neg	neg	S	neg	S	S-S-S-S-S	0	No	S	S	S	S	S
ERR774335	21	Dominant	Africa	0.25	R	I100L detected	indel(s) between 56th and 69th amino acid detected	R	neg	S	neg	neg	S	neg	S	R-R-S-S-S	2	No	R	R	S	S	I
ERR774332	36	Intermediate	Africa	0.03	S	I100L NOT detected	indel(s) between 56th and 69th amino acid detected	I	neg	S	neg	neg	S	neg	S	S-I-S-S-S	1	No	S	I	S	S	S
ERR774327	25	Dominant	Africa	0.06	S	I100L detected	indel(s) between 56th and 69th amino acid detected	R	neg	S	neg	neg	S	neg	S	S-R-S-S-S	1	No	S	R	S	S	I
ERR774319	17	Dominant	Africa	0.25	R	I100L NOT detected	indel(s) between 56th and 69th amino acid detected	I	neg	S	neg	neg	S	neg	S	R-I-S-S-S	2	No	R	R	S	S	I
ERR774316	14	Dominant	Africa	0.25	R	I100L detected	indel(s) between 56th and 69th amino acid detected	R	neg	S	neg	mef1	R	tetM	R	R-R-S-R-R	4	Yes	R	R	S	R	R
ERR774311	37	Dominant	Africa	0.25	R	I100L detected	indel(s) between 56th and 69th amino acid detected	R	neg	S	neg	neg	S	neg	S	R-R-S-S-S	2	No	R	R	S	S	I
ERR774308	22	Dominant	Africa	0.03	S	I100L NOT detected	indel(s) between 56th and 69th amino acid NOT detected	S	neg	S	neg	neg	S	neg	S	S-S-S-S-S	0	No	S	S	S	S	I
ERR774307	68	Intermediate	Africa	0.03	S	I100L NOT detected	indel(s) between 56th and 69th amino acid NOT detected	S	neg	S	neg	neg	S	neg	S	S-S-S-S-S	0	No	S	S	S	S	S
ERR774306	13	Dominant	Africa	0.03	S	I100L detected	indel(s) between 56th and 69th amino acid detected	R	neg	S	neg	neg	S	neg	S	S-R-S-S-S	1	No	S	R	S	S	S
ERR774299	22	Dominant	Africa	0.03	S	I100L NOT detected	indel(s) between 56th and 69th amino acid NOT detected	S	neg	S	neg	neg	S	neg	S	S-S-S-S-S	0	No	S	S	S	S	S
ERR774298	33	Dominant	Africa	0.03	S	I100L NOT detected	indel(s) between 56th and 69th amino acid NOT detected	S	neg	S	neg	neg	S	neg	S	S-S-S-S-S	0	No	S	S	S	S	S
ERR774296	46	Intermediate	Africa	0.03	S	I100L NOT detected	indel(s) between 56th and 69th amino acid detected	I	neg	S	neg	neg	S	neg	S	S-I-S-S-S	1	No	S	I	S	S	I
ERR774280	30	Dominant	Africa	0.03	S	I100L NOT detected	indel(s) between 56th and 69th amino acid detected	I	neg	S	neg	neg	S	neg	S	S-I-S-S-S	1	No	S	I	S	S	S
ERR774279	49	Intermediate	Africa	0.03	S	I100L NOT detected	indel(s) between 56th and 69th amino acid NOT detected	S	neg	S	neg	neg	S	neg	S	S-S-S-S-S	0	No	S	S	S	S	S
ERR774278	3	Dominant	Africa	0.03	S	I100L NOT detected	indel(s) between 56th and 69th amino acid NOT detected	S	neg	S	neg	neg	S	neg	S	S-S-S-S-S	0	No	S	S	S	S	S
ERR774271	2	Dominant	Africa	0.03	S	I100L NOT detected	indel(s) between 56th and 69th amino acid NOT detected	S	neg	S	neg	neg	S	neg	S	S-S-S-S-S	0	No	S	S	S	S	S
ERR774267	10	Dominant	Africa	2	R	I100L detected	indel(s) between 56th and 69th amino acid detected	R	neg	S	ermB1	neg	R	tet(S/M)	R	R-R-S-R-R	4	Yes	R	R	NA	R	R
ERR774263	255	Rare	Africa	0.03	S	I100L NOT detected	indel(s) between 56th and 69th amino acid detected	I	neg	S	neg	neg	S	neg	S	S-I-S-S-S	1	No	S	I	S	S	S
ERR774262	365	Rare	Africa	0.03	S	I100L NOT detected	indel(s) between 56th and 69th amino acid NOT detected	S	neg	S	neg	neg	S	neg	S	S-S-S-S-S	0	No	S	S	S	S	S
ERR774255	168	Intermediate	Africa	0.25	R	I100L detected	indel(s) between 56th and 69th amino acid detected	R	neg	S	neg	neg	S	neg	S	R-R-S-S-S	2	No	R	R	S	S	S
ERR774254	3	Dominant	Africa	0.03	S	I100L NOT detected	indel(s) between 56th and 69th amino acid NOT detected	S	neg	S	neg	neg	S	neg	S	S-S-S-S-S	0	No	S	S	S	S	S
ERR774251	142	Intermediate	Africa	0.03	S	I100L NOT detected	indel(s) between 56th and 69th amino acid NOT detected	S	neg	S	neg	neg	S	neg	S	S-S-S-S-S	0	No	NA	S	NA	NA	NA
ERR774247	22	Dominant	Africa	0.03	S	I100L NOT detected	indel(s) between 56th and 69th amino acid detected	I	neg	S	neg	neg	S	neg	S	S-I-S-S-S	1	No	S	I	S	S	S
ERR774246	26	Dominant	Africa	0.03	S	I100L NOT detected	indel(s) between 56th and 69th amino acid detected	I	cat1	R	neg	neg	S	tetM	R	S-I-R-S-R	3	Yes	S	S	R	S	R
ERR774235	13	Dominant	Africa	0.03	S	I100L NOT detected	indel(s) between 56th and 69th amino acid detected	I	neg	S	neg	neg	S	neg	S	S-I-S-S-S	1	No	NA	S	NA	NA	NA
ERR774193	56	Intermediate	Africa	0.03	S	I100L NOT detected	indel(s) between 56th and 69th amino acid NOT detected	S	neg	S	neg	neg	S	neg	S	S-S-S-S-S	0	No	S	S	S	S	S
ERR774227	10	Dominant	Africa	2	R	I100L detected	indel(s) between 56th and 69th amino acid detected	R	neg	S	ermB1	neg	R	tet(S/M)	R	R-R-S-R-R	4	Yes	R	R	S	R	R
ERR774219	41	Dominant	Africa	0.25	R	I100L detected	indel(s) between 56th and 69th amino acid detected	R	neg	S	neg	neg	S	neg	S	R-R-S-S-S	2	No	R	R	S	S	I
ERR774192	3	Dominant	Africa	0.03	S	I100L NOT detected	indel(s) between 56th and 69th amino acid NOT detected	S	neg	S	neg	neg	S	neg	S	S-S-S-S-S	0	No	S	S	S	S	S
ERR774188	116	Intermediate	Africa	0.03	S	I100L detected	indel(s) between 56th and 69th amino acid detected	R	neg	S	neg	neg	S	neg	S	S-R-S-S-S	1	No	S	R	S	S	S
ERR774187	21	Dominant	Africa	0.25	R	I100L detected	indel(s) between 56th and 69th amino acid detected	R	neg	S	neg	neg	S	neg	S	R-R-S-S-S	2	No	R	R	S	S	S
ERR774186	30	Dominant	Africa	0.03	S	I100L detected	indel(s) between 56th and 69th amino acid detected	R	neg	S	neg	neg	S	neg	S	S-R-S-S-S	1	No	S	R	S	S	S
ERR774185	33	Dominant	Africa	0.03	S	I100L NOT detected	indel(s) between 56th and 69th amino acid NOT detected	S	neg	S	neg	neg	S	neg	S	S-S-S-S-S	0	No	S	I	S	S	S
ERR774184	4	Dominant	Africa	0.03	S	I100L NOT detected	indel(s) between 56th and 69th amino acid NOT detected	S	neg	S	neg	neg	S	neg	S	S-S-S-S-S	0	No	S	S	S	S	S
ERR774106	11	Dominant	Africa	0.03	S	I100L detected	indel(s) between 56th and 69th amino acid detected	R	neg	S	neg	neg	S	neg	S	S-R-S-S-S	1	No	S	R	S	S	S
ERR774179	17	Dominant	Africa	0.25	R	I100L detected	indel(s) between 56th and 69th amino acid detected	R	neg	S	neg	neg	S	neg	S	R-R-S-S-S	2	No	R	R	S	S	S
ERR774178	11	Dominant	Africa	0.03	S	I100L NOT detected	indel(s) between 56th and 69th amino acid NOT detected	S	neg	S	neg	neg	S	neg	S	S-S-S-S-S	0	No	S	S	S	S	S
ERR774177	5	Dominant	Africa	0.25	R	I100L NOT detected	indel(s) between 56th and 69th amino acid detected	I	neg	S	neg	neg	S	neg	S	R-I-S-S-S	2	No	R	I	S	S	S
ERR774176	7	Dominant	Africa	0.03	S	I100L detected	indel(s) between 56th and 69th amino acid detected	R	neg	S	neg	neg	S	neg	S	S-R-S-S-S	1	No	S	R	S	S	S
ERR774175	3	Dominant	Africa	0.03	S	I100L NOT detected	indel(s) between 56th and 69th amino acid NOT detected	S	neg	S	neg	neg	S	neg	S	S-S-S-S-S	0	No	S	S	S	S	S
ERR774174	30	Dominant	Africa	0.03	S	I100L NOT detected	indel(s) between 56th and 69th amino acid NOT detected	S	neg	S	neg	neg	S	neg	S	S-S-S-S-S	0	No	S	S	S	S	S
ERR774105	77	Intermediate	Africa	0.25	R	I100L detected	indel(s) between 56th and 69th amino acid NOT detected	I	neg	S	neg	neg	S	neg	S	R-I-S-S-S	2	No	R	R	S	S	S
ERR774172	22	Dominant	Africa	0.06	S	I100L detected	indel(s) between 56th and 69th amino acid NOT detected	I	neg	S	neg	neg	S	neg	S	S-I-S-S-S	1	No	S	R	S	S	S
ERR774170	52	Intermediate	Africa	0.03	S	I100L NOT detected	indel(s) between 56th and 69th amino acid NOT detected	S	neg	S	neg	neg	S	neg	S	S-S-S-S-S	0	No	S	S	S	S	S
ERR774164	3	Dominant	Africa	0.03	S	I100L NOT detected	indel(s) between 56th and 69th amino acid NOT detected	S	neg	S	neg	neg	S	neg	S	S-S-S-S-S	0	No	S	S	S	S	S
ERR774163	54	Intermediate	Africa	4	R	I100L NOT detected	indel(s) between 56th and 69th amino acid NOT detected	S	neg	S	neg	neg	S	neg	S	R-S-S-S-S	1	No	R	R	S	S	S
ERR774162	191	Intermediate	Africa	0.03	S	I100L NOT detected	indel(s) between 56th and 69th amino acid NOT detected	S	neg	S	neg	neg	S	neg	S	S-S-S-S-S	0	No	S	S	S	S	S
ERR774161	30	Dominant	Africa	0.12	R	I100L detected	indel(s) between 56th and 69th amino acid detected	R	neg	S	neg	mef1	R	tetM	R	R-R-S-R-R	4	Yes	R	R	S	R	R
ERR774159	3	Dominant	Africa	0.03	S	I100L NOT detected	indel(s) between 56th and 69th amino acid NOT detected	S	neg	S	neg	neg	S	neg	S	S-S-S-S-S	0	No	S	S	S	S	S
ERR774155	32	Dominant	Africa	0.03	S	I100L NOT detected	indel(s) between 56th and 69th amino acid NOT detected	S	neg	S	neg	neg	S	neg	S	S-S-S-S-S	0	No	S	S	S	S	S
ERR774153	56	Intermediate	Africa	0.03	S	I100L NOT detected	indel(s) between 56th and 69th amino acid NOT detected	S	neg	S	neg	neg	S	neg	S	S-S-S-S-S	0	No	S	S	S	S	S
ERR774152	3	Dominant	Africa	0.03	S	I100L NOT detected	indel(s) between 56th and 69th amino acid NOT detected	S	neg	S	neg	neg	S	neg	S	S-S-S-S-S	0	No	S	S	S	S	S
ERR774150	25	Dominant	Africa	0.06	S	I100L detected	indel(s) between 56th and 69th amino acid detected	R	neg	S	neg	neg	S	neg	S	S-R-S-S-S	1	No	S	R	S	S	S
ERR774149	5	Dominant	Africa	0.25	R	I100L detected	indel(s) between 56th and 69th amino acid detected	R	neg	S	neg	neg	S	neg	S	R-R-S-S-S	2	No	R	R	S	S	S
ERR774148	3	Dominant	Africa	0.03	S	I100L NOT detected	indel(s) between 56th and 69th amino acid NOT detected	S	neg	S	neg	neg	S	neg	S	S-S-S-S-S	0	No	S	S	S	S	S
ERR774145	114	Intermediate	Africa	0.03	S	I100L detected	indel(s) between 56th and 69th amino acid NOT detected	I	neg	S	neg	neg	S	neg	S	S-I-S-S-S	1	No	S	R	S	S	S
ERR774143	54	Intermediate	Africa	0.03	S	I100L NOT detected	indel(s) between 56th and 69th amino acid NOT detected	S	neg	S	neg	neg	S	neg	S	S-S-S-S-S	0	No	S	S	S	S	S
ERR774142	5	Dominant	Africa	0.25	R	I100L NOT detected	indel(s) between 56th and 69th amino acid detected	I	neg	S	neg	neg	S	neg	S	R-I-S-S-S	2	No	R	I	S	S	S
ERR774141	34	Dominant	Africa	0.03	S	I100L NOT detected	indel(s) between 56th and 69th amino acid detected	I	neg	S	neg	neg	S	neg	S	S-I-S-S-S	1	No	S	R	S	S	S
ERR774139	13	Dominant	Africa	0.03	S	I100L NOT detected	indel(s) between 56th and 69th amino acid NOT detected	S	neg	S	neg	neg	S	neg	S	S-S-S-S-S	0	No	S	S	S	S	S
ERR774138	168	Intermediate	Africa	0.25	R	I100L detected	indel(s) between 56th and 69th amino acid detected	R	neg	S	neg	neg	S	neg	S	R-R-S-S-S	2	No	R	R	S	S	S
ERR774137	13	Dominant	Africa	0.06	S	I100L detected	indel(s) between 56th and 69th amino acid detected	R	neg	S	neg	neg	S	neg	S	S-R-S-S-S	1	No	S	R	S	S	S
ERR774136	102	Intermediate	Africa	0.25	R	I100L detected	indel(s) between 56th and 69th amino acid detected	R	neg	S	neg	neg	S	neg	S	R-R-S-S-S	2	No	R	R	S	S	S
ERR774135	17	Dominant	Africa	0.25	R	I100L detected	indel(s) between 56th and 69th amino acid detected	R	neg	S	neg	neg	S	neg	S	R-R-S-S-S	2	No	R	R	S	S	S
ERR774134	2	Dominant	Africa	0.03	S	I100L NOT detected	indel(s) between 56th and 69th amino acid NOT detected	S	neg	S	neg	neg	S	neg	S	S-S-S-S-S	0	No	S	S	S	S	S
ERR774133	56	Intermediate	Africa	0.03	S	I100L NOT detected	indel(s) between 56th and 69th amino acid NOT detected	S	neg	S	neg	neg	S	neg	S	S-S-S-S-S	0	No	S	S	S	S	S
ERR774132	26	Dominant	Africa	0.03	S	I100L NOT detected	indel(s) between 56th and 69th amino acid detected	I	cat1	R	neg	neg	S	tetM	R	S-I-R-S-R	3	Yes	S	I	R	S	R
ERR774131	67	Intermediate	Africa	0.03	S	I100L NOT detected	indel(s) between 56th and 69th amino acid NOT detected	S	neg	S	neg	neg	S	neg	S	S-S-S-S-S	0	No	S	S	S	S	S
ERR774130	5	Dominant	Africa	0.25	R	I100L detected	indel(s) between 56th and 69th amino acid detected	R	neg	S	neg	neg	S	neg	S	R-R-S-S-S	2	No	R	R	S	S	S
ERR774128	25	Dominant	Africa	0.06	S	I100L detected	indel(s) between 56th and 69th amino acid detected	R	neg	S	neg	neg	S	neg	S	S-R-S-S-S	1	No	S	R	S	S	S
ERR774123	14	Dominant	Africa	0.25	R	I100L detected	indel(s) between 56th and 69th amino acid detected	R	neg	S	neg	mef1	R	tetM	R	R-R-S-R-R	4	Yes	R	R	S	R	R
ERR774122	67	Intermediate	Africa	0.03	S	I100L NOT detected	indel(s) between 56th and 69th amino acid NOT detected	S	neg	S	neg	neg	S	neg	S	S-S-S-S-S	0	No	S	S	S	S	S
ERR774121	59	Intermediate	Africa	2	R	I100L NOT detected	indel(s) between 56th and 69th amino acid NOT detected	S	neg	S	neg	mef1	R	neg	S	R-S-S-R-S	2	No	R	S	S	R	S
ERR774117	37	Dominant	Africa	0.03	S	I100L NOT detected	indel(s) between 56th and 69th amino acid detected	I	neg	S	neg	neg	S	neg	S	S-I-S-S-S	1	No	S	I	S	S	S
ERR774116	30	Dominant	Africa	0.03	S	I100L detected	indel(s) between 56th and 69th amino acid detected	R	neg	S	neg	neg	S	neg	S	S-R-S-S-S	1	No	S	R	S	S	S
ERR774115	25	Dominant	Africa	0.06	S	I100L detected	indel(s) between 56th and 69th amino acid detected	R	neg	S	neg	neg	S	neg	S	S-R-S-S-S	1	No	S	R	S	S	S
ERR774113	3	Dominant	Africa	0.03	S	I100L NOT detected	indel(s) between 56th and 69th amino acid NOT detected	S	neg	S	neg	neg	S	neg	S	S-S-S-S-S	0	No	S	S	S	S	S
ERR774110	5	Dominant	Africa	0.25	R	I100L detected	indel(s) between 56th and 69th amino acid detected	R	neg	S	neg	mef1	R	neg	S	R-R-S-R-S	3	Yes	R	R	S	R	S
ERR774108	56	Intermediate	Africa	0.03	S	I100L NOT detected	indel(s) between 56th and 69th amino acid detected	I	neg	S	neg	neg	S	neg	S	S-I-S-S-S	1	No	S	I	S	S	S
ERR774107	36	Intermediate	Africa	0.03	S	I100L NOT detected	indel(s) between 56th and 69th amino acid detected	I	neg	S	neg	neg	S	neg	S	S-I-S-S-S	1	No	S	I	S	S	S
ERR774098	160	Intermediate	Africa	0.03	S	I100L NOT detected	indel(s) between 56th and 69th amino acid detected	I	neg	S	neg	neg	S	neg	S	S-I-S-S-S	1	No	S	S	S	S	S
ERR774014	5	Dominant	Africa	1	R	I100L detected	indel(s) between 56th and 69th amino acid detected	R	neg	S	neg	neg	S	neg	S	R-R-S-S-S	2	No	R	R	R	R	R
ERR774002	1	Dominant	Africa	4	R	I100L detected	indel(s) between 56th and 69th amino acid detected	R	neg	S	neg	neg	S	neg	S	R-R-S-S-S	2	No	R	R	S	S	I
ERR774000	77	Intermediate	Africa	0.25	R	I100L detected	indel(s) between 56th and 69th amino acid NOT detected	I	neg	S	neg	neg	S	neg	S	R-I-S-S-S	2	No	R	R	NA	NA	NA
ERR773998	5	Dominant	Africa	1	R	I100L NOT detected	indel(s) between 56th and 69th amino acid detected	I	neg	S	ermB1	neg	R	tetM	R	R-I-S-R-R	4	Yes	R	S	NA	R	R
ERR773918	14	Dominant	Africa	0.03	S	I100L detected	indel(s) between 56th and 69th amino acid detected	R	neg	S	neg	mef1	R	tetM	R	S-R-S-R-R	3	Yes	NA	R	NA	R	R
ERR773997	1	Dominant	Africa	4	R	I100L detected	indel(s) between 56th and 69th amino acid detected	R	neg	S	neg	neg	S	neg	S	R-R-S-S-S	2	No	R	R	S	S	I
ERR773995	17	Dominant	Africa	0.25	R	I100L detected	indel(s) between 56th and 69th amino acid NOT detected	I	neg	S	neg	neg	S	neg	S	R-I-S-S-S	2	No	R	R	S	S	I
ERR773994	77	Intermediate	Africa	0.25	R	I100L NOT detected	indel(s) between 56th and 69th amino acid NOT detected	S	neg	S	neg	neg	S	neg	S	R-S-S-S-S	1	No	R	I	S	S	I
ERR773991	13	Dominant	Africa	0.03	S	I100L NOT detected	indel(s) between 56th and 69th amino acid detected	I	neg	S	neg	neg	S	neg	S	S-I-S-S-S	1	No	NA	S	NA	NA	NA
ERR773917	49	Intermediate	Africa	0.03	S	I100L NOT detected	indel(s) between 56th and 69th amino acid NOT detected	S	neg	S	neg	neg	S	neg	S	S-S-S-S-S	0	No	S	S	S	S	I
ERR773986	26	Dominant	Africa	0.03	S	I100L NOT detected	indel(s) between 56th and 69th amino acid detected	I	cat1	R	neg	neg	S	neg	S	S-I-R-S-S	2	No	S	S	R	S	R
ERR773984	10	Dominant	Africa	2	R	I100L detected	indel(s) between 56th and 69th amino acid detected	R	neg	S	ermB1	neg	R	tet(S/M)	R	R-R-S-R-R	4	Yes	R	R	NA	R	R
ERR773982	2	Dominant	Africa	0.03	S	I100L NOT detected	indel(s) between 56th and 69th amino acid NOT detected	S	neg	S	neg	neg	S	neg	S	S-S-S-S-S	0	No	S	S	S	S	I
ERR773981	52	Intermediate	Africa	0.25	R	I100L NOT detected	indel(s) between 56th and 69th amino acid NOT detected	S	neg	S	neg	neg	S	neg	S	R-S-S-S-S	1	No	R	S	S	S	I
ERR773979	10	Dominant	Africa	2	R	I100L detected	indel(s) between 56th and 69th amino acid detected	R	neg	S	ermB1	neg	R	tet(S/M)	R	R-R-S-R-R	4	Yes	R	R	S	R	R
ERR773916	26	Dominant	Africa	0.03	S	I100L NOT detected	indel(s) between 56th and 69th amino acid detected	I	cat1	R	neg	neg	S	tetM	R	S-I-R-S-R	3	Yes	S	I	R	S	R
ERR773975	2	Dominant	Africa	0.03	S	I100L NOT detected	indel(s) between 56th and 69th amino acid NOT detected	S	neg	S	neg	neg	S	neg	S	S-S-S-S-S	0	No	NA	S	NA	NA	NA
ERR773973	56	Intermediate	Africa	0.03	S	I100L NOT detected	indel(s) between 56th and 69th amino acid detected	I	neg	S	neg	neg	S	neg	S	S-I-S-S-S	1	No	NA	S	NA	NA	NA
ERR773972	20	Intermediate	Africa	0.03	S	I100L NOT detected	indel(s) between 56th and 69th amino acid detected	I	neg	S	neg	neg	S	tetM	R	S-I-S-S-R	2	No	S	R	S	S	R
ERR773968	14	Dominant	Africa	0.03	S	I100L detected	indel(s) between 56th and 69th amino acid detected	R	neg	S	neg	mef1	R	tetM	R	S-R-S-R-R	3	Yes	NA	R	NA	R	R
ERR773967	8	Dominant	Africa	0.06	S	I100L detected	indel(s) between 56th and 69th amino acid detected	R	neg	S	neg	neg	S	neg	S	S-R-S-S-S	1	No	S	R	S	S	I
ERR773964	17	Dominant	Africa	0.25	R	I100L NOT detected	indel(s) between 56th and 69th amino acid detected	I	neg	S	neg	neg	S	neg	S	R-I-S-S-S	2	No	R	I	S	S	I
ERR773963	41	Dominant	Africa	0.25	R	I100L detected	indel(s) between 56th and 69th amino acid detected	R	neg	S	neg	neg	S	neg	S	R-R-S-S-S	2	No	R	R	S	S	I
ERR773962	77	Intermediate	Africa	0.25	R	I100L detected	indel(s) between 56th and 69th amino acid NOT detected	I	neg	S	neg	neg	S	neg	S	R-I-S-S-S	2	No	R	S	NA	NA	NA
ERR773959	38	Intermediate	Africa	0.03	S	I100L NOT detected	indel(s) between 56th and 69th amino acid NOT detected	S	neg	S	neg	neg	S	neg	S	S-S-S-S-S	0	No	S	S	S	S	I
ERR773958	3	Dominant	Africa	0.03	S	I100L NOT detected	indel(s) between 56th and 69th amino acid NOT detected	S	neg	S	neg	neg	S	neg	S	S-S-S-S-S	0	No	R	R	NA	NA	NA
ERR773956	14	Dominant	Africa	0.25	R	I100L detected	indel(s) between 56th and 69th amino acid detected	R	neg	S	neg	mef1	R	tetM	R	R-R-S-R-R	4	Yes	R	R	S	R	R
ERR773952	14	Dominant	Africa	0.25	R	I100L detected	indel(s) between 56th and 69th amino acid detected	R	neg	S	neg	mef1	R	tetM	R	R-R-S-R-R	4	Yes	R	R	NA	R	R
ERR773913	10	Dominant	Africa	2	R	I100L detected	indel(s) between 56th and 69th amino acid detected	R	neg	S	ermB1	neg	R	tet(S/M)	R	R-R-S-R-R	4	Yes	R	I	NA	R	R
ERR773948	8	Dominant	Africa	0.03	S	I100L detected	indel(s) between 56th and 69th amino acid detected	R	neg	S	neg	neg	S	neg	S	S-R-S-S-S	1	No	S	R	S	S	I
ERR773947	238	Rare	Africa	0.12	R	I100L detected	indel(s) between 56th and 69th amino acid detected	R	neg	S	neg	neg	S	neg	S	R-R-S-S-S	2	No	R	I	NA	NA	NA
ERR773941	145	Intermediate	Africa	0.03	S	I100L NOT detected	indel(s) between 56th and 69th amino acid detected	I	neg	S	neg	neg	S	neg	S	S-I-S-S-S	1	No	S	S	S	S	I
ERR773939	2	Dominant	Africa	0.03	S	I100L NOT detected	indel(s) between 56th and 69th amino acid NOT detected	S	neg	S	neg	neg	S	neg	S	S-S-S-S-S	0	No	NA	S	NA	NA	NA
ERR773936	113	Intermediate	Africa	2	R	I100L detected	indel(s) between 56th and 69th amino acid detected	R	neg	S	neg	neg	S	neg	S	R-R-S-S-S	2	No	R	I	NA	NA	NA
ERR773935	56	Intermediate	Africa	0.03	S	I100L NOT detected	indel(s) between 56th and 69th amino acid NOT detected	S	neg	S	neg	neg	S	neg	S	S-S-S-S-S	0	No	S	S	S	S	I
ERR773933	8	Dominant	Africa	0.06	S	I100L detected	indel(s) between 56th and 69th amino acid NOT detected	I	neg	S	neg	neg	S	neg	S	S-I-S-S-S	1	No	S	R	S	S	I
ERR773932	17	Dominant	Africa	0.25	R	I100L detected	indel(s) between 56th and 69th amino acid NOT detected	I	neg	S	neg	neg	S	neg	S	R-I-S-S-S	2	No	R	R	S	S	I
ERR773926	239	Rare	Africa	0.03	S	I100L NOT detected	indel(s) between 56th and 69th amino acid NOT detected	S	neg	S	neg	neg	S	neg	S	S-S-S-S-S	0	No	NA	S	NA	NA	NA
ERR773922	77	Intermediate	Africa	0.25	R	I100L detected	indel(s) between 56th and 69th amino acid NOT detected	I	neg	S	neg	neg	S	neg	S	R-I-S-S-S	2	No	R	I	NA	NA	NA
ERR773921	17	Dominant	Africa	0.03	S	I100L NOT detected	indel(s) between 56th and 69th amino acid detected	I	neg	S	neg	neg	S	neg	S	S-I-S-S-S	1	No	NA	I	NA	NA	NA
ERR773920	239	Rare	Africa	0.03	S	I100L NOT detected	indel(s) between 56th and 69th amino acid NOT detected	S	neg	S	neg	neg	S	neg	S	S-S-S-S-S	0	No	NA	S	NA	NA	NA
ERR773919	24	Intermediate	Africa	0.03	S	I100L detected	indel(s) between 56th and 69th amino acid detected	R	neg	S	neg	neg	S	neg	S	S-R-S-S-S	1	No	S	R	S	S	I
ERR773910	301	Rare	Africa	0.03	S	I100L NOT detected	indel(s) between 56th and 69th amino acid detected	I	neg	S	neg	neg	S	neg	S	S-I-S-S-S	1	No	NA	S	NA	NA	NA
ERR773908	456	Rare	Africa	0.03	S	I100L detected	indel(s) between 56th and 69th amino acid detected	R	neg	S	neg	neg	S	neg	S	S-R-S-S-S	1	No	S	R	S	S	I
ERR773904	17	Dominant	Africa	0.25	R	I100L NOT detected	indel(s) between 56th and 69th amino acid detected	I	neg	S	neg	neg	S	neg	S	R-I-S-S-S	2	No	R	I	S	S	I
ERR773823	17	Dominant	Africa	0.25	R	I100L NOT detected	indel(s) between 56th and 69th amino acid detected	I	neg	S	neg	neg	S	neg	S	R-I-S-S-S	2	No	R	I	S	S	I
ERR773903	41	Dominant	Africa	0.25	R	I100L detected	indel(s) between 56th and 69th amino acid detected	R	neg	S	neg	neg	S	neg	S	R-R-S-S-S	2	No	R	R	S	S	I
ERR773900	10	Dominant	Africa	2	R	I100L detected	indel(s) between 56th and 69th amino acid detected	R	neg	S	ermB1	neg	R	tet(S/M)	R	R-R-S-R-R	4	Yes	R	R	S	R	R
ERR773899	17	Dominant	Africa	0.25	R	I100L detected	indel(s) between 56th and 69th amino acid detected	R	neg	S	neg	neg	S	neg	S	R-R-S-S-S	2	No	R	R	S	S	I
ERR773898	17	Dominant	Africa	0.25	R	I100L NOT detected	indel(s) between 56th and 69th amino acid detected	I	neg	S	neg	neg	S	neg	S	R-I-S-S-S	2	No	R	I	S	S	I
ERR773897	24	Intermediate	Africa	0.03	S	I100L detected	indel(s) between 56th and 69th amino acid NOT detected	I	neg	S	neg	neg	S	neg	S	S-I-S-S-S	1	No	R	S	S	S	I
ERR773896	168	Intermediate	Africa	0.25	R	I100L detected	indel(s) between 56th and 69th amino acid detected	R	neg	S	neg	neg	S	neg	S	R-R-S-S-S	2	No	R	R	S	S	I
ERR773895	241	Rare	Africa	0.03	S	I100L NOT detected	indel(s) between 56th and 69th amino acid NOT detected	S	neg	S	neg	neg	S	neg	S	S-S-S-S-S	0	No	S	S	S	S	I
ERR773893	20	Intermediate	Africa	0.03	S	I100L NOT detected	indel(s) between 56th and 69th amino acid detected	I	neg	S	neg	neg	S	tetM	R	S-I-S-S-R	2	No	R	R	S	R	R
ERR773892	2	Dominant	Africa	0.03	S	I100L NOT detected	indel(s) between 56th and 69th amino acid NOT detected	S	neg	S	neg	neg	S	neg	S	S-S-S-S-S	0	No	S	S	S	S	I
ERR773890	26	Dominant	Africa	0.03	S	I100L NOT detected	indel(s) between 56th and 69th amino acid detected	I	cat1	R	neg	neg	S	tetM	R	S-I-R-S-R	3	Yes	S	I	R	S	R
ERR773889	24	Intermediate	Africa	0.03	S	I100L detected	indel(s) between 56th and 69th amino acid NOT detected	I	neg	S	neg	neg	S	neg	S	S-I-S-S-S	1	No	S	R	S	S	I
ERR773887	10	Dominant	Africa	2	R	I100L detected	indel(s) between 56th and 69th amino acid detected	R	neg	S	ermB1	neg	R	tet(S/M)	R	R-R-S-R-R	4	Yes	R	R	S	R	R
ERR773885	20	Intermediate	Africa	0.03	S	I100L NOT detected	indel(s) between 56th and 69th amino acid detected	I	neg	S	neg	neg	S	tetM	R	S-I-S-S-R	2	No	S	I	S	R	R
ERR773821	67	Intermediate	Africa	0.03	S	I100L NOT detected	indel(s) between 56th and 69th amino acid NOT detected	S	neg	S	neg	neg	S	neg	S	S-S-S-S-S	0	No	S	S	S	S	I
ERR773877	8	Dominant	Africa	0.03	S	I100L detected	indel(s) between 56th and 69th amino acid detected	R	neg	S	neg	neg	S	neg	S	S-R-S-S-S	1	No	R	S	S	S	I
ERR773875	2	Dominant	Africa	0.03	S	I100L NOT detected	indel(s) between 56th and 69th amino acid NOT detected	S	neg	S	neg	neg	S	neg	S	S-S-S-S-S	0	No	S	S	S	S	I
ERR773820	2	Dominant	Africa	0.03	S	I100L NOT detected	indel(s) between 56th and 69th amino acid NOT detected	S	neg	S	neg	neg	S	neg	S	S-S-S-S-S	0	No	S	S	S	S	I
ERR773869	17	Dominant	Africa	0.25	R	I100L detected	indel(s) between 56th and 69th amino acid NOT detected	I	neg	S	neg	neg	S	neg	S	R-I-S-S-S	2	No	R	I	S	S	I
ERR773867	3	Dominant	Africa	0.03	S	I100L NOT detected	indel(s) between 56th and 69th amino acid NOT detected	S	neg	S	neg	neg	S	neg	S	S-S-S-S-S	0	No	S	S	S	S	I
ERR773864	10	Dominant	Africa	2	R	I100L detected	indel(s) between 56th and 69th amino acid detected	R	neg	S	ermB1	neg	R	tet(S/M)	R	R-R-S-R-R	4	Yes	R	R	S	R	R
ERR773819	38	Intermediate	Africa	0.03	S	I100L NOT detected	indel(s) between 56th and 69th amino acid NOT detected	S	neg	S	neg	neg	S	neg	S	S-S-S-S-S	0	No	S	S	S	S	I
ERR773863	10	Dominant	Africa	2	R	I100L detected	indel(s) between 56th and 69th amino acid detected	R	neg	S	ermB1	neg	R	tet(S/M)	R	R-R-S-R-R	4	Yes	R	R	S	R	R
ERR773861	17	Dominant	Africa	0.25	R	I100L detected	indel(s) between 56th and 69th amino acid NOT detected	I	neg	S	neg	neg	S	neg	S	R-I-S-S-S	2	No	R	I	S	S	I
ERR773858	3	Dominant	Africa	0.03	S	I100L NOT detected	indel(s) between 56th and 69th amino acid NOT detected	S	neg	S	neg	neg	S	neg	S	S-S-S-S-S	0	No	S	S	S	S	I
ERR773818	24	Intermediate	Africa	0.03	S	I100L detected	indel(s) between 56th and 69th amino acid NOT detected	I	neg	S	neg	neg	S	neg	S	S-I-S-S-S	1	No	S	R	S	R	R
ERR773853	233	Rare	Africa	0.06	S	I100L detected	indel(s) between 56th and 69th amino acid detected	R	neg	S	neg	neg	S	neg	S	S-R-S-S-S	1	No	R	R	S	S	I
ERR773852	56	Intermediate	Africa	0.03	S	I100L NOT detected	indel(s) between 56th and 69th amino acid NOT detected	S	neg	S	neg	neg	S	neg	S	S-S-S-S-S	0	No	S	S	S	S	I
ERR773851	2	Dominant	Africa	0.03	S	I100L NOT detected	indel(s) between 56th and 69th amino acid NOT detected	S	neg	S	neg	neg	S	neg	S	S-S-S-S-S	0	No	S	S	S	R	I
ERR773847	17	Dominant	Africa	0.25	R	I100L detected	indel(s) between 56th and 69th amino acid NOT detected	I	neg	S	neg	neg	S	neg	S	R-I-S-S-S	2	No	R	R	S	S	I
ERR773845	2	Dominant	Africa	0.03	S	I100L NOT detected	indel(s) between 56th and 69th amino acid NOT detected	S	neg	S	neg	neg	S	neg	S	S-S-S-S-S	0	No	S	S	S	S	I
ERR773842	13	Dominant	Africa	0.03	S	I100L NOT detected	indel(s) between 56th and 69th amino acid detected	I	neg	S	neg	neg	S	neg	S	S-I-S-S-S	1	No	S	S	S	S	I
ERR773841	8	Dominant	Africa	0.06	S	I100L NOT detected	indel(s) between 56th and 69th amino acid NOT detected	S	neg	S	neg	neg	S	neg	S	S-S-S-S-S	0	No	S	S	S	S	I
ERR773838	8	Dominant	Africa	0.06	S	I100L NOT detected	indel(s) between 56th and 69th amino acid NOT detected	S	neg	S	neg	neg	S	neg	S	S-S-S-S-S	0	No	S	S	S	S	I
ERR773837	3	Dominant	Africa	0.03	S	I100L NOT detected	indel(s) between 56th and 69th amino acid NOT detected	S	neg	S	neg	neg	S	neg	S	S-S-S-S-S	0	No	S	S	S	S	I
ERR773834	22	Dominant	Africa	0.03	S	I100L NOT detected	indel(s) between 56th and 69th amino acid NOT detected	S	neg	S	neg	neg	S	neg	S	S-S-S-S-S	0	No	S	S	S	S	I
ERR773816	14	Dominant	Africa	0.25	R	I100L detected	indel(s) between 56th and 69th amino acid detected	R	neg	S	neg	mef1	R	tetM	R	R-R-S-R-R	4	Yes	R	R	S	R	R
ERR773830	10	Dominant	Africa	2	R	I100L detected	indel(s) between 56th and 69th amino acid detected	R	neg	S	ermB1	neg	R	tet(S/M)	R	R-R-S-R-R	4	Yes	R	R	S	R	R
ERR773812	41	Dominant	Africa	0.25	R	I100L detected	indel(s) between 56th and 69th amino acid detected	R	neg	S	neg	neg	S	neg	S	R-R-S-S-S	2	No	R	R	S	S	I
ERR742663	3	Dominant	North America	0.03	S	I100L NOT detected	indel(s) between 56th and 69th amino acid NOT detected	S	neg	S	neg	neg	S	neg	S	S-S-S-S-S	0	No	S	S	S	S	I
ERR742662	13	Dominant	North America	0.03	S	I100L NOT detected	indel(s) between 56th and 69th amino acid NOT detected	S	neg	S	neg	neg	S	neg	S	S-S-S-S-S	0	No	S	S	S	S	I
ERR742642	38	Intermediate	North America	0.03	S	I100L NOT detected	indel(s) between 56th and 69th amino acid NOT detected	S	neg	S	neg	neg	S	neg	S	S-S-S-S-S	0	No	S	S	S	S	I
ERR742641	3	Dominant	North America	0.03	S	I100L NOT detected	indel(s) between 56th and 69th amino acid NOT detected	S	neg	S	neg	mef1	R	neg	S	S-S-S-R-S	1	No	S	S	S	R	S
ERR742640	24	Intermediate	North America	0.03	S	I100L NOT detected	indel(s) between 56th and 69th amino acid detected	I	neg	S	neg	neg	S	neg	S	S-I-S-S-S	1	No	S	R	S	S	S
ERR742639	15	Dominant	North America	0.03	S	I100L NOT detected	indel(s) between 56th and 69th amino acid NOT detected	S	neg	S	neg	neg	S	neg	S	S-S-S-S-S	0	No	S	S	S	S	S
ERR742638	27	Dominant	North America	0.12	R	I100L NOT detected	indel(s) between 56th and 69th amino acid NOT detected	S	neg	S	neg	neg	S	neg	S	R-S-S-S-S	1	No	S	S	S	S	S
ERR742637	3	Dominant	North America	0.03	S	I100L NOT detected	indel(s) between 56th and 69th amino acid detected	I	neg	S	neg	mef1	R	neg	S	S-I-S-R-S	2	No	S	I	S	R	S
ERR742636	9	Dominant	North America	0.25	R	I100L NOT detected	indel(s) between 56th and 69th amino acid NOT detected	S	neg	S	ermB1	neg	R	tetM	R	R-S-S-R-R	3	Yes	R	S	R	R	R
ERR742634	3	Dominant	North America	0.03	S	I100L NOT detected	indel(s) between 56th and 69th amino acid detected	I	neg	S	neg	neg	S	neg	S	S-I-S-S-S	1	No	S	I	S	S	S
ERR742633	12	Dominant	North America	0.03	S	I100L NOT detected	indel(s) between 56th and 69th amino acid NOT detected	S	neg	S	neg	neg	S	neg	S	S-S-S-S-S	0	No	S	S	S	S	S
ERR742632	5	Dominant	North America	0.25	R	I100L NOT detected	indel(s) between 56th and 69th amino acid NOT detected	S	neg	S	neg	neg	S	neg	S	R-S-S-S-S	1	No	R	S	S	S	S
ERR742631	3	Dominant	North America	0.03	S	I100L NOT detected	indel(s) between 56th and 69th amino acid detected	I	neg	S	neg	mef1	R	neg	S	S-I-S-R-S	2	No	S	I	S	R	S
ERR742630	4	Dominant	North America	0.12	R	I100L NOT detected	indel(s) between 56th and 69th amino acid detected	I	neg	S	neg	neg	S	neg	S	R-I-S-S-S	2	No	R	I	S	S	S
ERR742629	4	Dominant	North America	0.12	R	I100L detected	indel(s) between 56th and 69th amino acid detected	R	neg	S	neg	mef1	R	neg	S	R-R-S-R-S	3	Yes	R	R	S	R	S
ERR742628	1	Dominant	North America	4	R	I100L detected	indel(s) between 56th and 69th amino acid detected	R	neg	S	ermB1	mef1	R	tetM	R	R-R-S-R-R	4	Yes	R	R	S	R	R
ERR742627	48	Intermediate	North America	0.5	R	I100L NOT detected	indel(s) between 56th and 69th amino acid NOT detected	S	neg	S	neg	neg	S	neg	S	R-S-S-S-S	1	No	R	S	S	S	S
ERR742626	1	Dominant	North America	4	R	I100L detected	indel(s) between 56th and 69th amino acid detected	R	neg	S	ermB1	mef1	R	tetM	R	R-R-S-R-R	4	Yes	R	R	S	R	R
ERR742625	5	Dominant	North America	0.25	R	I100L NOT detected	indel(s) between 56th and 69th amino acid detected	I	neg	S	neg	neg	S	neg	S	R-I-S-S-S	2	No	S	I	S	S	S
ERR742624	97	Intermediate	North America	4	R	I100L NOT detected	indel(s) between 56th and 69th amino acid detected	I	neg	S	neg	mef1	R	neg	S	R-I-S-R-S	3	Yes	R	I	S	R	S
ERR742623	15	Dominant	North America	0.03	S	I100L NOT detected	indel(s) between 56th and 69th amino acid NOT detected	S	neg	S	neg	neg	S	neg	S	S-S-S-S-S	0	No	S	S	S	S	S
ERR742428	15	Dominant	North America	0.03	S	I100L NOT detected	indel(s) between 56th and 69th amino acid NOT detected	S	neg	S	neg	neg	S	neg	S	S-S-S-S-S	0	No	S	S	S	S	S
ERR742427	4	Dominant	North America	0.03	S	I100L NOT detected	indel(s) between 56th and 69th amino acid NOT detected	S	neg	S	neg	neg	S	neg	S	S-S-S-S-S	0	No	S	S	S	S	S
ERR742425	3	Dominant	North America	0.03	S	I100L NOT detected	indel(s) between 56th and 69th amino acid NOT detected	S	neg	S	neg	neg	S	neg	S	S-S-S-S-S	0	No	S	S	S	S	S
ERR742424	4	Dominant	North America	0.12	R	I100L NOT detected	indel(s) between 56th and 69th amino acid NOT detected	S	neg	S	neg	neg	S	neg	S	R-S-S-S-S	1	No	R	S	S	S	S
ERR742452	4	Dominant	North America	0.12	R	I100L detected	indel(s) between 56th and 69th amino acid detected	R	neg	S	neg	neg	S	neg	S	R-R-S-S-S	2	No	R	R	S	S	S
ERR742451	1	Dominant	North America	4	R	I100L detected	indel(s) between 56th and 69th amino acid detected	R	neg	S	ermB1	mef1	R	tetM	R	R-R-S-R-R	4	Yes	R	R	S	R	R
ERR742450	64	Intermediate	North America	0.06	S	I100L detected	indel(s) between 56th and 69th amino acid detected	R	neg	S	neg	neg	S	neg	S	S-R-S-S-S	1	No	S	R	S	S	S
ERR742449	61	Intermediate	North America	0.03	S	I100L NOT detected	indel(s) between 56th and 69th amino acid NOT detected	S	neg	S	neg	neg	S	neg	S	S-S-S-S-S	0	No	S	S	S	S	S
ERR742448	38	Intermediate	North America	0.03	S	I100L NOT detected	indel(s) between 56th and 69th amino acid NOT detected	S	neg	S	neg	neg	S	neg	S	S-S-S-S-S	0	No	S	S	S	S	S
ERR742423	19	Dominant	North America	0.03	S	I100L NOT detected	indel(s) between 56th and 69th amino acid NOT detected	S	neg	S	neg	neg	S	neg	S	S-S-S-S-S	0	No	S	S	S	S	S
ERR742447	1	Dominant	North America	4	R	I100L detected	indel(s) between 56th and 69th amino acid detected	R	neg	S	ermB1	mef1	R	tetM	R	R-R-S-R-R	4	Yes	R	R	S	R	R
ERR742446	50	Intermediate	North America	0.03	S	I100L NOT detected	indel(s) between 56th and 69th amino acid NOT detected	S	neg	S	neg	neg	S	neg	S	S-S-S-S-S	0	No	S	S	S	S	S
ERR742445	4	Dominant	North America	0.12	R	I100L NOT detected	indel(s) between 56th and 69th amino acid NOT detected	S	neg	S	neg	neg	S	neg	S	R-S-S-S-S	1	No	R	S	S	S	S
ERR742444	131	Intermediate	North America	0.03	S	I100L detected	indel(s) between 56th and 69th amino acid detected	R	neg	S	neg	neg	S	neg	S	S-R-S-S-S	1	No	S	R	S	S	S
ERR742442	4	Dominant	North America	0.03	S	I100L NOT detected	indel(s) between 56th and 69th amino acid NOT detected	S	neg	S	neg	neg	S	neg	S	S-S-S-S-S	0	No	S	S	S	S	S
ERR742441	23	Dominant	North America	0.03	S	I100L NOT detected	indel(s) between 56th and 69th amino acid NOT detected	S	neg	S	neg	neg	S	neg	S	S-S-S-S-S	0	No	S	S	S	S	S
ERR742440	119	Intermediate	North America	0.03	S	I100L NOT detected	indel(s) between 56th and 69th amino acid NOT detected	S	neg	S	neg	neg	S	neg	S	S-S-S-S-S	0	No	S	S	S	S	S
ERR742435	19	Dominant	North America	0.03	S	I100L NOT detected	indel(s) between 56th and 69th amino acid NOT detected	S	neg	S	neg	neg	S	neg	S	S-S-S-S-S	0	No	S	S	S	S	S
ERR742434	3	Dominant	North America	0.03	S	I100L NOT detected	indel(s) between 56th and 69th amino acid detected	I	neg	S	neg	mef1	R	neg	S	S-I-S-R-S	2	No	S	I	S	R	S
ERR742419	6	Dominant	North America	0.03	S	I100L NOT detected	indel(s) between 56th and 69th amino acid NOT detected	S	neg	S	neg	neg	S	neg	S	S-S-S-S-S	0	No	S	S	S	S	S
ERR742418	18	Dominant	North America	4	R	I100L detected	indel(s) between 56th and 69th amino acid detected	R	neg	S	neg	mef1	R	neg	S	R-R-S-R-S	3	Yes	R	R	S	R	S
ERR742417	18	Dominant	North America	2	R	I100L detected	indel(s) between 56th and 69th amino acid detected	R	neg	S	neg	mef1	R	neg	S	R-R-S-R-S	3	Yes	R	R	S	R	S
ERR742415	59	Intermediate	North America	2	R	I100L NOT detected	indel(s) between 56th and 69th amino acid NOT detected	S	neg	S	neg	neg	S	neg	S	R-S-S-S-S	1	No	R	S	S	S	S
ERR742414	19	Dominant	North America	0.03	S	I100L NOT detected	indel(s) between 56th and 69th amino acid NOT detected	S	neg	S	neg	neg	S	neg	S	S-S-S-S-S	0	No	S	S	S	S	S
ERR742413	16	Dominant	North America	4	R	I100L detected	indel(s) between 56th and 69th amino acid detected	R	cat1	R	ermB1	neg	R	tetM	R	R-R-R-R-R	5	Yes	R	R	R	R	R
ERR742412	3	Dominant	North America	0.03	S	I100L NOT detected	indel(s) between 56th and 69th amino acid detected	I	neg	S	neg	mef1	R	neg	S	S-I-S-R-S	2	No	S	I	S	R	S
ERR742411	1	Dominant	North America	4	R	I100L detected	indel(s) between 56th and 69th amino acid detected	R	neg	S	ermB1	mef1	R	tetM	R	R-R-S-R-R	4	Yes	R	R	S	R	R
ERR742410	15	Dominant	North America	0.03	S	I100L NOT detected	indel(s) between 56th and 69th amino acid NOT detected	S	neg	S	neg	neg	S	neg	S	S-S-S-S-S	0	No	S	S	S	S	S
ERR742409	1	Dominant	North America	4	R	I100L detected	indel(s) between 56th and 69th amino acid detected	R	neg	S	ermB1	mef1	R	tetM	R	R-R-S-R-R	4	Yes	R	R	S	R	R
ERR742408	38	Intermediate	North America	0.03	S	I100L NOT detected	indel(s) between 56th and 69th amino acid NOT detected	S	neg	S	neg	neg	S	neg	S	S-S-S-S-S	0	No	S	S	S	S	S
ERR742407	1	Dominant	North America	4	R	I100L detected	indel(s) between 56th and 69th amino acid detected	R	neg	S	ermB1	mef1	R	tetM	R	R-R-S-R-R	4	Yes	R	R	S	R	R
ERR742406	1	Dominant	North America	4	R	I100L detected	indel(s) between 56th and 69th amino acid detected	R	neg	S	ermB1	mef1	R	tetM	R	R-R-S-R-R	4	Yes	R	R	S	R	R
ERR742405	75	Rare	North America	0.03	S	I100L NOT detected	indel(s) between 56th and 69th amino acid NOT detected	S	neg	S	neg	neg	S	neg	S	S-S-S-S-S	0	No	S	S	S	S	S
ERR742404	9	Dominant	North America	0.25	R	I100L NOT detected	indel(s) between 56th and 69th amino acid NOT detected	S	neg	S	ermB1	neg	R	tetM	R	R-S-S-R-R	3	Yes	R	S	S	R	R
ERR742403	15	Dominant	North America	0.03	S	I100L NOT detected	indel(s) between 56th and 69th amino acid NOT detected	S	neg	S	neg	neg	S	neg	S	S-S-S-S-S	0	No	S	S	S	S	S
ERR742402	15	Dominant	North America	0.03	S	I100L NOT detected	indel(s) between 56th and 69th amino acid NOT detected	S	neg	S	neg	neg	S	neg	S	S-S-S-S-S	0	No	S	S	S	S	S
ERR742401	4	Dominant	North America	0.12	R	I100L detected	indel(s) between 56th and 69th amino acid detected	R	neg	S	neg	mef1	R	neg	S	R-R-S-R-S	3	Yes	R	R	S	R	S
ERR742400	38	Intermediate	North America	0.03	S	I100L NOT detected	indel(s) between 56th and 69th amino acid NOT detected	S	neg	S	neg	neg	S	neg	S	S-S-S-S-S	0	No	S	S	S	S	S
ERR742399	98	Intermediate	North America	0.03	S	I100L NOT detected	indel(s) between 56th and 69th amino acid NOT detected	S	neg	S	neg	neg	S	neg	S	S-S-S-S-S	0	No	S	S	S	S	S
ERR742396	1	Dominant	North America	8	R	I100L detected	indel(s) between 56th and 69th amino acid detected	R	neg	S	ermB1	mef1	R	tetM	R	R-R-S-R-R	4	Yes	R	R	S	R	R
ERR742395	4	Dominant	North America	0.12	R	I100L NOT detected	indel(s) between 56th and 69th amino acid detected	I	neg	S	neg	neg	S	neg	S	R-I-S-S-S	2	No	R	I	S	S	S
ERR742394	19	Dominant	North America	0.03	S	I100L NOT detected	indel(s) between 56th and 69th amino acid NOT detected	S	neg	S	neg	neg	S	neg	S	S-S-S-S-S	0	No	S	S	S	S	S
ERR742393	111	Intermediate	North America	0.03	S	I100L NOT detected	indel(s) between 56th and 69th amino acid NOT detected	S	neg	S	neg	neg	S	neg	S	S-S-S-S-S	0	No	S	S	S	S	S
ERR742392	1	Dominant	North America	4	R	I100L detected	indel(s) between 56th and 69th amino acid detected	R	neg	S	ermB1	mef1	R	tetM	R	R-R-S-R-R	4	Yes	R	R	S	R	R
ERR742391	27	Dominant	North America	0.12	R	I100L NOT detected	indel(s) between 56th and 69th amino acid NOT detected	S	neg	S	neg	neg	S	neg	S	R-S-S-S-S	1	No	S	S	S	S	S
ERR742390	32	Dominant	North America	0.03	S	I100L NOT detected	indel(s) between 56th and 69th amino acid NOT detected	S	neg	S	neg	neg	S	neg	S	S-S-S-S-S	0	No	S	S	S	S	S
ERR742389	16	Dominant	North America	4	R	I100L detected	indel(s) between 56th and 69th amino acid detected	R	cat1	R	ermB1	neg	R	tetM	R	R-R-R-R-R	5	Yes	R	R	R	R	R
ERR742388	27	Dominant	North America	0.12	R	I100L NOT detected	indel(s) between 56th and 69th amino acid NOT detected	S	neg	S	neg	neg	S	neg	S	R-S-S-S-S	1	No	R	S	S	S	S
ERR742387	1	Dominant	North America	4	R	I100L detected	indel(s) between 56th and 69th amino acid detected	R	neg	S	ermB1	mef1	R	tetM	R	R-R-S-R-R	4	Yes	R	R	S	R	R
ERR742386	5	Dominant	North America	0.25	R	I100L detected	indel(s) between 56th and 69th amino acid detected	R	neg	S	neg	neg	S	neg	S	R-R-S-S-S	2	No	R	R	S	S	S
ERR742385	12	Dominant	North America	0.03	S	I100L NOT detected	indel(s) between 56th and 69th amino acid NOT detected	S	neg	S	neg	neg	S	neg	S	S-S-S-S-S	0	No	S	S	S	S	S
ERR742384	119	Intermediate	North America	0.03	S	I100L NOT detected	indel(s) between 56th and 69th amino acid NOT detected	S	neg	S	neg	neg	S	neg	S	S-S-S-S-S	0	No	S	S	S	S	S
ERR742383	38	Intermediate	North America	0.03	S	I100L NOT detected	indel(s) between 56th and 69th amino acid NOT detected	S	neg	S	neg	neg	S	neg	S	S-S-S-S-S	0	No	S	S	S	S	S
ERR742382	3	Dominant	North America	0.03	S	I100L NOT detected	indel(s) between 56th and 69th amino acid detected	I	neg	S	neg	neg	S	neg	S	S-I-S-S-S	1	No	S	I	S	S	S
ERR742381	363	Rare	North America	0.03	S	I100L NOT detected	indel(s) between 56th and 69th amino acid NOT detected	S	neg	S	neg	neg	S	neg	S	S-S-S-S-S	0	No	S	S	S	S	S
ERR742380	4	Dominant	North America	0.12	R	I100L NOT detected	indel(s) between 56th and 69th amino acid NOT detected	S	neg	S	neg	neg	S	neg	S	R-S-S-S-S	1	No	R	S	S	S	S
ERR742379	11	Dominant	North America	0.03	S	I100L NOT detected	indel(s) between 56th and 69th amino acid detected	I	neg	S	neg	neg	S	neg	S	S-I-S-S-S	1	No	S	S	S	S	S
ERR742378	31	Dominant	North America	0.03	S	I100L NOT detected	indel(s) between 56th and 69th amino acid NOT detected	S	neg	S	neg	neg	S	neg	S	S-S-S-S-S	0	No	S	S	S	S	S
ERR742377	1	Dominant	North America	4	R	I100L detected	indel(s) between 56th and 69th amino acid detected	R	neg	S	ermB1	mef1	R	tetM	R	R-R-S-R-R	4	Yes	R	R	S	R	R
ERR742376	19	Dominant	North America	0.03	S	I100L NOT detected	indel(s) between 56th and 69th amino acid NOT detected	S	neg	S	neg	neg	S	neg	S	S-S-S-S-S	0	No	S	S	S	S	S
ERR742375	4	Dominant	North America	0.12	R	I100L NOT detected	indel(s) between 56th and 69th amino acid NOT detected	S	neg	S	neg	neg	S	neg	S	R-S-S-S-S	1	No	R	S	S	S	S
ERR742374	4	Dominant	North America	0.12	R	I100L NOT detected	indel(s) between 56th and 69th amino acid NOT detected	S	neg	S	neg	neg	S	neg	S	R-S-S-S-S	1	No	R	S	S	S	S
ERR742373	1	Dominant	North America	4	R	I100L detected	indel(s) between 56th and 69th amino acid detected	R	neg	S	ermB1	mef1	R	tetM	R	R-R-S-R-R	4	Yes	R	R	S	R	R
ERR742372	89	Intermediate	North America	0.03	S	I100L NOT detected	indel(s) between 56th and 69th amino acid NOT detected	S	neg	S	neg	neg	S	neg	S	S-S-S-S-S	0	No	S	S	S	S	S
ERR742371	97	Intermediate	North America	2	R	I100L detected	indel(s) between 56th and 69th amino acid detected	R	neg	S	neg	mef1	R	neg	S	R-R-S-R-S	3	Yes	R	R	S	R	R
ERR742370	12	Dominant	North America	0.03	S	I100L NOT detected	indel(s) between 56th and 69th amino acid NOT detected	S	cat1	R	ermB1	neg	R	tetM	R	S-S-R-R-R	3	Yes	S	S	R	R	R
ERR742369	4	Dominant	North America	0.03	S	I100L NOT detected	indel(s) between 56th and 69th amino acid NOT detected	S	neg	S	neg	neg	S	neg	S	S-S-S-S-S	0	No	S	S	S	S	S
ERR742366	4	Dominant	North America	0.03	S	I100L NOT detected	indel(s) between 56th and 69th amino acid NOT detected	S	neg	S	neg	mef1	R	neg	S	S-S-S-R-S	1	No	S	S	S	R	S
ERR742365	6	Dominant	North America	4	R	I100L detected	indel(s) between 56th and 69th amino acid NOT detected	I	neg	S	neg	mef1	R	neg	S	R-I-S-R-S	3	Yes	R	R	S	R	S
ERR742364	119	Intermediate	North America	0.03	S	I100L NOT detected	indel(s) between 56th and 69th amino acid NOT detected	S	neg	S	neg	neg	S	neg	S	S-S-S-S-S	0	No	S	S	S	S	S
ERR742363	16	Dominant	North America	4	R	I100L detected	indel(s) between 56th and 69th amino acid detected	R	cat1	R	neg	mef1	R	tetM	R	R-R-R-R-R	5	Yes	R	R	R	R	R
ERR742362	24	Intermediate	North America	0.12	R	I100L NOT detected	indel(s) between 56th and 69th amino acid NOT detected	S	neg	S	neg	neg	S	neg	S	R-S-S-S-S	1	No	S	S	S	S	S
ERR742361	23	Dominant	North America	0.03	S	I100L detected	indel(s) between 56th and 69th amino acid NOT detected	I	neg	S	neg	neg	S	neg	S	S-I-S-S-S	1	No	S	R	S	S	S
ERR742359	19	Dominant	North America	0.03	S	I100L NOT detected	indel(s) between 56th and 69th amino acid NOT detected	S	neg	S	neg	neg	S	neg	S	S-S-S-S-S	0	No	S	S	S	S	S
ERR742358	12	Dominant	North America	0.03	S	I100L NOT detected	indel(s) between 56th and 69th amino acid NOT detected	S	neg	S	neg	neg	S	neg	S	S-S-S-S-S	0	No	S	S	S	S	S
ERR742354	39	Intermediate	North America	0.03	S	I100L NOT detected	indel(s) between 56th and 69th amino acid NOT detected	S	neg	S	neg	neg	S	neg	S	S-S-S-S-S	0	No	S	S	S	S	S
ERR742353	4	Dominant	North America	0.5	R	I100L detected	indel(s) between 56th and 69th amino acid detected	R	neg	S	neg	mef1	R	neg	S	R-R-S-R-S	3	Yes	R	R	S	R	S
ERR742352	16	Dominant	North America	0.03	S	I100L NOT detected	indel(s) between 56th and 69th amino acid NOT detected	S	neg	S	neg	neg	S	neg	S	S-S-S-S-S	0	No	S	S	S	S	S
ERR742351	32	Dominant	North America	0.03	S	I100L NOT detected	indel(s) between 56th and 69th amino acid NOT detected	S	neg	S	neg	neg	S	neg	S	S-S-S-S-S	0	No	S	S	S	S	S
ERR742350	50	Intermediate	North America	0.03	S	I100L NOT detected	indel(s) between 56th and 69th amino acid NOT detected	S	neg	S	neg	neg	S	neg	S	S-S-S-S-S	0	No	S	S	S	S	S
ERR742349	50	Intermediate	North America	0.03	S	I100L NOT detected	indel(s) between 56th and 69th amino acid NOT detected	S	neg	S	neg	neg	S	neg	S	S-S-S-S-S	0	No	S	S	S	S	S
ERR742348	9	Dominant	North America	0.25	R	I100L detected	indel(s) between 56th and 69th amino acid detected	R	neg	S	neg	neg	S	tetM	R	R-R-S-S-R	3	Yes	R	R	S	S	R
ERR742347	19	Dominant	North America	0.03	S	I100L NOT detected	indel(s) between 56th and 69th amino acid NOT detected	S	neg	S	neg	neg	S	neg	S	S-S-S-S-S	0	No	S	S	S	S	S
ERR742346	32	Dominant	North America	0.03	S	I100L NOT detected	indel(s) between 56th and 69th amino acid NOT detected	S	neg	S	neg	neg	S	neg	S	S-S-S-S-S	0	No	S	S	S	S	S
ERR742345	19	Dominant	North America	0.03	S	I100L NOT detected	indel(s) between 56th and 69th amino acid NOT detected	S	neg	S	neg	neg	S	neg	S	S-S-S-S-S	0	No	S	S	S	S	S
ERR742344	4	Dominant	North America	0.03	S	I100L NOT detected	indel(s) between 56th and 69th amino acid NOT detected	S	neg	S	neg	neg	S	neg	S	S-S-S-S-S	0	No	S	S	S	S	S
ERR742343	19	Dominant	North America	0.06	S	I100L NOT detected	indel(s) between 56th and 69th amino acid NOT detected	S	neg	S	neg	neg	S	neg	S	S-S-S-S-S	0	No	S	S	S	S	S
ERR742334	6	Dominant	North America	0.03	S	I100L NOT detected	indel(s) between 56th and 69th amino acid NOT detected	S	neg	S	neg	neg	S	neg	S	S-S-S-S-S	0	No	S	S	S	S	S
ERR730945	330	Rare	Africa	0.03	S	I100L NOT detected	indel(s) between 56th and 69th amino acid NOT detected	S	neg	S	neg	neg	S	neg	S	S-S-S-S-S	0	No	S	S	S	S	I
ERR730943	14	Dominant	Africa	0.25	R	I100L detected	indel(s) between 56th and 69th amino acid detected	R	neg	S	neg	mef1	R	tetM	R	R-R-S-R-R	4	Yes	S	R	S	R	I
ERR730940	14	Dominant	Africa	0.25	R	I100L detected	indel(s) between 56th and 69th amino acid detected	R	neg	S	ermB1	neg	R	tetM	R	R-R-S-R-R	4	Yes	R	R	S	R	R
ERR730937	3	Dominant	Africa	0.03	S	I100L NOT detected	indel(s) between 56th and 69th amino acid NOT detected	S	neg	S	neg	neg	S	neg	S	S-S-S-S-S	0	No	S	S	S	S	I
ERR730936	18	Dominant	Africa	2	R	I100L detected	indel(s) between 56th and 69th amino acid detected	R	neg	S	ermB1	neg	R	tetM	R	R-R-S-R-R	4	Yes	R	R	S	R	R
ERR730935	38	Intermediate	Africa	0.03	S	I100L NOT detected	indel(s) between 56th and 69th amino acid NOT detected	S	neg	S	neg	neg	S	neg	S	S-S-S-S-S	0	No	S	S	S	S	I
ERR730934	98	Intermediate	Africa	0.03	S	I100L NOT detected	indel(s) between 56th and 69th amino acid NOT detected	S	neg	S	neg	neg	S	neg	S	S-S-S-S-S	0	No	S	S	S	S	I
ERR730932	13	Dominant	Africa	0.03	S	I100L detected	indel(s) between 56th and 69th amino acid NOT detected	I	neg	S	neg	neg	S	neg	S	S-I-S-S-S	1	No	S	R	S	S	I
ERR730929	41	Dominant	Africa	0.25	R	I100L detected	indel(s) between 56th and 69th amino acid detected	R	neg	S	neg	neg	S	neg	S	R-R-S-S-S	2	No	S	S	S	S	I
ERR730928	79	Intermediate	Africa	0.25	R	I100L detected	indel(s) between 56th and 69th amino acid detected	R	neg	S	neg	neg	S	neg	S	R-R-S-S-S	2	No	R	R	S	S	I
ERR730927	17	Dominant	Africa	0.25	R	I100L detected	indel(s) between 56th and 69th amino acid NOT detected	I	neg	S	neg	neg	S	neg	S	R-I-S-S-S	2	No	R	R	S	S	I
ERR730926	137	Intermediate	Africa	0.03	S	I100L NOT detected	indel(s) between 56th and 69th amino acid NOT detected	S	neg	S	neg	neg	S	neg	S	S-S-S-S-S	0	No	S	S	S	S	I
ERR730925	3	Dominant	Africa	0.03	S	I100L NOT detected	indel(s) between 56th and 69th amino acid NOT detected	S	neg	S	neg	neg	S	neg	S	S-S-S-S-S	0	No	S	S	S	S	I
ERR730862	169	Intermediate	Africa	0.03	S	I100L NOT detected	indel(s) between 56th and 69th amino acid detected	I	neg	S	neg	neg	S	neg	S	S-I-S-S-S	1	No	S	S	S	S	I
ERR730922	49	Intermediate	Africa	0.03	S	I100L NOT detected	indel(s) between 56th and 69th amino acid NOT detected	S	neg	S	neg	neg	S	neg	S	S-S-S-S-S	0	No	S	S	S	S	I
ERR730921	10	Dominant	Africa	2	R	I100L detected	indel(s) between 56th and 69th amino acid detected	R	neg	S	ermB1	neg	R	tet(S/M)	R	R-R-S-R-R	4	Yes	R	R	S	R	R
ERR730919	207	Intermediate	Africa	0.03	S	I100L NOT detected	indel(s) between 56th and 69th amino acid detected	I	neg	S	neg	neg	S	neg	S	S-I-S-S-S	1	No	S	S	S	S	I
ERR730918	79	Intermediate	Africa	0.25	R	I100L detected	indel(s) between 56th and 69th amino acid detected	R	neg	S	neg	neg	S	neg	S	R-R-S-S-S	2	No	R	R	S	S	I
ERR730917	14	Dominant	Africa	0.25	R	I100L detected	indel(s) between 56th and 69th amino acid detected	R	neg	S	ermB1	neg	R	tetM	R	R-R-S-R-R	4	Yes	R	R	S	R	R
ERR730861	9	Dominant	Africa	0.25	R	I100L NOT detected	indel(s) between 56th and 69th amino acid detected	I	neg	S	neg	neg	S	tetM	R	R-I-S-S-R	3	Yes	R	I	S	S	R
ERR730914	2	Dominant	Africa	0.03	S	I100L NOT detected	indel(s) between 56th and 69th amino acid NOT detected	S	neg	S	neg	neg	S	neg	S	S-S-S-S-S	0	No	S	S	S	S	I
ERR730913	10	Dominant	Africa	2	R	I100L detected	indel(s) between 56th and 69th amino acid detected	R	neg	S	ermB1	neg	R	tet(S/M)	R	R-R-S-R-R	4	Yes	R	R	S	R	R
ERR730912	21	Dominant	Africa	0.25	R	I100L detected	indel(s) between 56th and 69th amino acid detected	R	neg	S	neg	neg	S	neg	S	R-R-S-S-S	2	No	R	R	S	S	I
ERR730909	24	Intermediate	Africa	0.03	S	I100L NOT detected	indel(s) between 56th and 69th amino acid NOT detected	S	neg	S	neg	neg	S	neg	S	S-S-S-S-S	0	No	S	S	S	S	I
ERR730908	13	Dominant	Africa	0.03	S	I100L detected	indel(s) between 56th and 69th amino acid NOT detected	I	neg	S	neg	neg	S	neg	S	S-I-S-S-S	1	No	S	I	S	S	I
ERR730906	3	Dominant	Africa	0.03	S	I100L NOT detected	indel(s) between 56th and 69th amino acid NOT detected	S	neg	S	neg	neg	S	neg	S	S-S-S-S-S	0	No	S	S	S	S	I
ERR730905	37	Dominant	Africa	0.25	R	I100L detected	indel(s) between 56th and 69th amino acid detected	R	neg	S	neg	neg	S	neg	S	R-R-S-S-S	2	No	R	R	S	S	I
ERR730904	13	Dominant	Africa	0.03	S	I100L detected	indel(s) between 56th and 69th amino acid detected	R	neg	S	neg	neg	S	neg	S	S-R-S-S-S	1	No	S	R	S	S	I
ERR730903	90	Intermediate	Africa	0.12	R	I100L detected	indel(s) between 56th and 69th amino acid detected	R	neg	S	neg	neg	S	neg	S	R-R-S-S-S	2	No	R	R	S	S	I
ERR730902	33	Dominant	Africa	0.06	S	I100L detected	indel(s) between 56th and 69th amino acid detected	R	neg	S	neg	neg	S	neg	S	S-R-S-S-S	1	No	S	R	S	S	I
ERR730899	1	Dominant	Africa	4	R	I100L detected	indel(s) between 56th and 69th amino acid detected	R	neg	S	ermB1	mef1	R	tetM	R	R-R-S-R-R	4	Yes	R	R	S	R	R
ERR730897	6	Dominant	Africa	0.06	S	I100L detected	indel(s) between 56th and 69th amino acid detected	R	neg	S	neg	neg	S	neg	S	S-R-S-S-S	1	No	S	R	S	S	I
ERR730895	52	Intermediate	Africa	0.03	S	I100L NOT detected	indel(s) between 56th and 69th amino acid NOT detected	S	neg	S	neg	neg	S	neg	S	S-S-S-S-S	0	No	S	S	S	S	I
ERR730859	41	Dominant	Africa	0.25	R	I100L detected	indel(s) between 56th and 69th amino acid detected	R	neg	S	neg	neg	S	neg	S	R-R-S-S-S	2	No	R	R	S	S	I
ERR730893	2	Dominant	Africa	0.03	S	I100L NOT detected	indel(s) between 56th and 69th amino acid detected	I	neg	S	neg	neg	S	neg	S	S-I-S-S-S	1	No	S	I	S	S	I
ERR730891	41	Dominant	Africa	0.25	R	I100L detected	indel(s) between 56th and 69th amino acid detected	R	neg	S	neg	neg	S	neg	S	R-R-S-S-S	2	No	R	R	S	S	I
ERR730890	10	Dominant	Africa	2	R	I100L detected	indel(s) between 56th and 69th amino acid detected	R	neg	S	ermB1	neg	R	tet(S/M)	R	R-R-S-R-R	4	Yes	R	R	S	R	R
ERR730889	41	Dominant	Africa	0.25	R	I100L detected	indel(s) between 56th and 69th amino acid detected	R	neg	S	neg	neg	S	neg	S	R-R-S-S-S	2	No	R	R	S	S	I
ERR730887	17	Dominant	Africa	0.25	R	I100L detected	indel(s) between 56th and 69th amino acid detected	R	neg	S	neg	neg	S	neg	S	R-R-S-S-S	2	No	R	R	S	S	I
ERR730885	6	Dominant	Africa	4	R	I100L detected	indel(s) between 56th and 69th amino acid detected	R	neg	S	neg	neg	S	neg	S	R-R-S-S-S	2	No	R	R	S	S	I
ERR730884	25	Dominant	Africa	0.06	S	I100L detected	indel(s) between 56th and 69th amino acid detected	R	neg	S	neg	neg	S	neg	S	S-R-S-S-S	1	No	S	R	S	S	I
ERR730882	26	Dominant	Africa	0.03	S	I100L NOT detected	indel(s) between 56th and 69th amino acid detected	I	cat1	R	neg	neg	S	tetM	R	S-I-R-S-R	3	Yes	S	I	R	S	R
ERR730880	90	Intermediate	Africa	0.25	R	I100L detected	indel(s) between 56th and 69th amino acid NOT detected	I	neg	S	neg	neg	S	neg	S	R-I-S-S-S	2	No	R	R	S	S	I
ERR730879	93	Intermediate	Africa	0.03	S	I100L NOT detected	indel(s) between 56th and 69th amino acid NOT detected	S	neg	S	neg	neg	S	neg	S	S-S-S-S-S	0	No	S	S	S	S	I
ERR730857	37	Dominant	Africa	0.25	R	I100L detected	indel(s) between 56th and 69th amino acid detected	R	neg	S	neg	neg	S	neg	S	R-R-S-S-S	2	No	R	R	S	S	I
ERR730873	18	Dominant	Africa	2	R	I100L detected	indel(s) between 56th and 69th amino acid detected	R	neg	S	ermB1	neg	R	tetM	R	R-R-S-R-R	4	Yes	R	R	S	R	R
ERR730871	17	Dominant	Africa	0.25	R	I100L detected	indel(s) between 56th and 69th amino acid NOT detected	I	neg	S	neg	neg	S	neg	S	R-I-S-S-S	2	No	R	R	S	S	I
ERR730870	13	Dominant	Africa	0.03	S	I100L NOT detected	indel(s) between 56th and 69th amino acid detected	I	neg	S	neg	neg	S	neg	S	S-I-S-S-S	1	No	S	I	S	S	I
ERR730869	41	Dominant	Africa	0.25	R	I100L detected	indel(s) between 56th and 69th amino acid detected	R	neg	S	neg	neg	S	neg	S	R-R-S-S-S	2	No	R	R	S	S	I
ERR730866	14	Dominant	Africa	0.25	R	I100L detected	indel(s) between 56th and 69th amino acid detected	R	neg	S	neg	mef1	R	tetM	R	R-R-S-R-R	4	Yes	R	R	S	R	R
ERR730865	41	Dominant	Africa	0.25	R	I100L detected	indel(s) between 56th and 69th amino acid detected	R	neg	S	neg	neg	S	neg	S	R-R-S-S-S	2	No	R	R	S	S	I
ERR730856	114	Intermediate	Africa	0.03	S	I100L detected	indel(s) between 56th and 69th amino acid NOT detected	I	neg	S	neg	neg	S	neg	S	S-I-S-S-S	1	No	S	R	S	S	I
ERR730855	10	Dominant	Africa	2	R	I100L detected	indel(s) between 56th and 69th amino acid detected	R	neg	S	ermB1	neg	R	tet(S/M)	R	R-R-S-R-R	4	Yes	R	R	S	R	R
ERR730853	17	Dominant	Africa	0.25	R	I100L detected	indel(s) between 56th and 69th amino acid NOT detected	I	neg	S	neg	neg	S	neg	S	R-I-S-S-S	2	No	R	R	S	S	I
ERR730852	41	Dominant	Africa	0.25	R	I100L detected	indel(s) between 56th and 69th amino acid detected	R	neg	S	neg	mef1	R	neg	S	R-R-S-R-S	3	Yes	R	R	S	R	I
ERR730850	9	Dominant	Africa	0.25	R	I100L detected	indel(s) between 56th and 69th amino acid detected	R	neg	S	ermB1	neg	R	tetM	R	R-R-S-R-R	4	Yes	R	R	S	R	R
ERR730769	145	Intermediate	Africa	0.03	S	I100L detected	indel(s) between 56th and 69th amino acid detected	R	neg	S	neg	neg	S	neg	S	S-R-S-S-S	1	No	S	R	S	S	I
ERR730849	37	Dominant	Africa	0.25	R	I100L detected	indel(s) between 56th and 69th amino acid detected	R	neg	S	ermB1	neg	R	tetM	R	R-R-S-R-R	4	Yes	R	R	S	R	R
ERR730845	41	Dominant	Africa	0.25	R	I100L detected	indel(s) between 56th and 69th amino acid detected	R	neg	S	neg	neg	S	neg	S	R-R-S-S-S	2	No	R	R	S	S	I
ERR730844	13	Dominant	Africa	0.03	S	I100L detected	indel(s) between 56th and 69th amino acid detected	R	neg	S	neg	neg	S	neg	S	S-R-S-S-S	1	No	S	R	S	S	I
ERR730839	90	Intermediate	Africa	0.25	R	I100L detected	indel(s) between 56th and 69th amino acid detected	R	neg	S	neg	neg	S	neg	S	R-R-S-S-S	2	No	R	R	S	S	I
ERR730837	21	Dominant	Africa	0.25	R	I100L detected	indel(s) between 56th and 69th amino acid detected	R	neg	S	neg	neg	S	neg	S	R-R-S-S-S	2	No	R	R	S	S	I
ERR730836	13	Dominant	Africa	0.03	S	I100L NOT detected	indel(s) between 56th and 69th amino acid NOT detected	S	neg	S	neg	neg	S	neg	S	S-S-S-S-S	0	No	R	R	S	R	R
ERR730835	21	Dominant	Africa	0.25	R	I100L detected	indel(s) between 56th and 69th amino acid detected	R	neg	S	neg	mef1	R	neg	S	R-R-S-R-S	3	Yes	R	R	S	R	I
ERR730833	37	Dominant	Africa	0.25	R	I100L detected	indel(s) between 56th and 69th amino acid detected	R	neg	S	neg	neg	S	neg	S	R-R-S-S-S	2	No	R	R	S	S	I
ERR730832	37	Dominant	Africa	0.25	R	I100L detected	indel(s) between 56th and 69th amino acid detected	R	neg	S	neg	neg	S	neg	S	R-R-S-S-S	2	No	R	R	S	S	I
ERR730767	12	Dominant	Africa	0.03	S	I100L NOT detected	indel(s) between 56th and 69th amino acid NOT detected	S	neg	S	neg	neg	S	neg	S	S-S-S-S-S	0	No	S	S	S	S	I
ERR730827	2	Dominant	Africa	0.03	S	I100L NOT detected	indel(s) between 56th and 69th amino acid NOT detected	S	neg	S	neg	neg	S	neg	S	S-S-S-S-S	0	No	S	S	S	S	I
ERR730825	205	Intermediate	Africa	0.12	R	I100L detected	indel(s) between 56th and 69th amino acid detected	R	neg	S	neg	neg	S	neg	S	R-R-S-S-S	2	No	S	R	S	S	I
ERR730824	68	Intermediate	Africa	0.03	S	I100L NOT detected	indel(s) between 56th and 69th amino acid NOT detected	S	neg	S	neg	neg	S	neg	S	S-S-S-S-S	0	No	S	S	S	S	I
ERR730821	21	Dominant	Africa	0.25	R	I100L detected	indel(s) between 56th and 69th amino acid detected	R	neg	S	neg	neg	S	neg	S	R-R-S-S-S	2	No	R	R	S	S	I
ERR730819	21	Dominant	Africa	0.25	R	I100L detected	indel(s) between 56th and 69th amino acid detected	R	neg	S	neg	neg	S	neg	S	R-R-S-S-S	2	No	R	R	S	S	I
ERR730817	17	Dominant	Africa	0.25	R	I100L detected	indel(s) between 56th and 69th amino acid NOT detected	I	neg	S	neg	neg	S	neg	S	R-I-S-S-S	2	No	R	R	S	S	I
ERR730816	17	Dominant	Africa	0.25	R	I100L detected	indel(s) between 56th and 69th amino acid NOT detected	I	neg	S	neg	neg	S	neg	S	R-I-S-S-S	2	No	R	R	S	S	I
ERR730815	41	Dominant	Africa	0.25	R	I100L NOT detected	indel(s) between 56th and 69th amino acid detected	I	neg	S	neg	neg	S	neg	S	R-I-S-S-S	2	No	R	I	S	S	I
ERR730814	17	Dominant	Africa	0.25	R	I100L detected	indel(s) between 56th and 69th amino acid detected	R	neg	S	neg	neg	S	neg	S	R-R-S-S-S	2	No	R	R	S	S	I
ERR730809	8	Dominant	Africa	0.06	S	I100L detected	indel(s) between 56th and 69th amino acid NOT detected	I	neg	S	neg	neg	S	neg	S	S-I-S-S-S	1	No	S	R	S	S	I
ERR730807	1	Dominant	Africa	4	R	I100L detected	indel(s) between 56th and 69th amino acid detected	R	neg	S	neg	neg	S	neg	S	R-R-S-S-S	2	No	R	R	S	S	I
ERR730804	1	Dominant	Africa	2	R	I100L detected	indel(s) between 56th and 69th amino acid detected	R	neg	S	ermB1	mef1	R	tetM	R	R-R-S-R-R	4	Yes	R	R	S	R	R
ERR730803	5	Dominant	Africa	0.25	R	I100L detected	indel(s) between 56th and 69th amino acid detected	R	neg	S	neg	neg	S	neg	S	R-R-S-S-S	2	No	R	R	S	S	I
ERR730802	1	Dominant	Africa	4	R	I100L detected	indel(s) between 56th and 69th amino acid detected	R	neg	S	ermB1	mef1	R	tetM	R	R-R-S-R-R	4	Yes	R	R	S	R	R
ERR730801	14	Dominant	Africa	0.25	R	I100L detected	indel(s) between 56th and 69th amino acid detected	R	neg	S	neg	mef1	R	tetM	R	R-R-S-R-R	4	Yes	R	R	S	R	R
ERR730800	14	Dominant	Africa	0.25	R	I100L NOT detected	indel(s) between 56th and 69th amino acid NOT detected	S	cat1	R	ermB1	neg	R	tetM	R	R-S-R-R-R	4	Yes	R	I	R	R	R
ERR730799	41	Dominant	Africa	0.25	R	I100L detected	indel(s) between 56th and 69th amino acid detected	R	neg	S	neg	neg	S	neg	S	R-R-S-S-S	2	No	R	R	S	S	I
ERR730794	7	Dominant	Africa	0.03	S	I100L NOT detected	indel(s) between 56th and 69th amino acid NOT detected	S	neg	S	neg	neg	S	neg	S	S-S-S-S-S	0	No	S	S	S	S	I
ERR730792	18	Dominant	Africa	2	R	I100L detected	indel(s) between 56th and 69th amino acid detected	R	neg	S	ermB1	neg	R	tetM	R	R-R-S-R-R	4	Yes	R	R	S	R	R
ERR730763	13	Dominant	Africa	0.03	S	I100L detected	indel(s) between 56th and 69th amino acid detected	R	neg	S	neg	neg	S	neg	S	S-R-S-S-S	1	No	S	R	S	S	I
ERR730788	9	Dominant	Africa	0.25	R	I100L detected	indel(s) between 56th and 69th amino acid detected	R	neg	S	neg	neg	S	tetM	R	R-R-S-S-R	3	Yes	R	R	S	S	I
ERR730787	41	Dominant	Africa	0.25	R	I100L detected	indel(s) between 56th and 69th amino acid detected	R	neg	S	neg	neg	S	neg	S	R-R-S-S-S	2	No	R	R	S	S	I
ERR730786	14	Dominant	Africa	0.25	R	I100L NOT detected	indel(s) between 56th and 69th amino acid detected	I	cat1	R	ermB1	neg	R	tetM	R	R-I-R-R-R	5	Yes	R	I	R	R	R
ERR730785	30	Dominant	Africa	0.03	S	I100L NOT detected	indel(s) between 56th and 69th amino acid NOT detected	S	neg	S	neg	neg	S	neg	S	S-S-S-S-S	0	No	S	S	S	S	I
ERR730783	41	Dominant	Africa	0.25	R	I100L detected	indel(s) between 56th and 69th amino acid detected	R	neg	S	neg	neg	S	neg	S	R-R-S-S-S	2	No	R	R	S	S	I
ERR730782	22	Dominant	Africa	0.03	S	I100L detected	indel(s) between 56th and 69th amino acid NOT detected	I	neg	S	neg	neg	S	neg	S	S-I-S-S-S	1	No	S	R	S	S	I
ERR730775	25	Dominant	Africa	0.06	S	I100L detected	indel(s) between 56th and 69th amino acid detected	R	neg	S	neg	neg	S	neg	S	S-R-S-S-S	1	No	S	R	S	S	I
ERR730772	10	Dominant	Africa	2	R	I100L detected	indel(s) between 56th and 69th amino acid detected	R	neg	S	ermB1	neg	R	tet(S/M)	R	R-R-S-R-R	4	Yes	R	R	S	R	R
ERR730771	38	Intermediate	Africa	0.03	S	I100L NOT detected	indel(s) between 56th and 69th amino acid NOT detected	S	neg	S	neg	neg	S	neg	S	S-S-S-S-S	0	No	S	S	S	S	I
ERR730770	61	Intermediate	Africa	0.06	S	I100L NOT detected	indel(s) between 56th and 69th amino acid NOT detected	S	neg	S	neg	neg	S	neg	S	S-S-S-S-S	0	No	S	S	S	S	I
ERR730761	41	Dominant	Africa	0.25	R	I100L detected	indel(s) between 56th and 69th amino acid detected	R	neg	S	neg	neg	S	neg	S	R-R-S-S-S	2	No	R	R	S	S	I
ERR730760	11	Dominant	Africa	0.03	S	I100L NOT detected	indel(s) between 56th and 69th amino acid detected	I	neg	S	neg	neg	S	neg	S	S-I-S-S-S	1	No	NA	S	NA	NA	NA
ERR730759	448	Rare	Africa	0.03	S	I100L NOT detected	indel(s) between 56th and 69th amino acid NOT detected	S	neg	S	neg	neg	S	neg	S	S-S-S-S-S	0	No	NA	S	NA	NA	NA
ERR730757	14	Dominant	Africa	0.03	S	I100L detected	indel(s) between 56th and 69th amino acid detected	R	neg	S	ermB1	neg	R	tetM	R	S-R-S-R-R	3	Yes	R	R	S	R	R
ERR730753	56	Intermediate	Africa	0.06	S	I100L NOT detected	indel(s) between 56th and 69th amino acid detected	I	neg	S	neg	neg	S	neg	S	S-I-S-S-S	1	No	NA	I	NA	NA	NA
ERR730750	70	Intermediate	Africa	0.03	S	I100L NOT detected	indel(s) between 56th and 69th amino acid NOT detected	S	neg	S	neg	neg	S	neg	S	S-S-S-S-S	0	No	NA	S	NA	NA	NA
ERR730745	1	Dominant	Africa	4	R	I100L detected	indel(s) between 56th and 69th amino acid detected	R	neg	S	neg	neg	S	neg	S	R-R-S-S-S	2	No	R	R	S	S	I
ERR730744	5	Dominant	Africa	1	R	I100L detected	indel(s) between 56th and 69th amino acid detected	R	neg	S	neg	neg	S	neg	S	R-R-S-S-S	2	No	R	R	S	S	S
ERR730743	10	Dominant	Africa	2	R	I100L detected	indel(s) between 56th and 69th amino acid detected	R	neg	S	ermB1	neg	R	tet(S/M)	R	R-R-S-R-R	4	Yes	R	R	S	R	R
ERR730740	14	Dominant	Africa	0.25	R	I100L detected	indel(s) between 56th and 69th amino acid detected	R	neg	S	neg	mef1	R	tetM	R	R-R-S-R-R	4	Yes	R	R	S	R	R
ERR730739	21	Dominant	Africa	0.25	R	I100L detected	indel(s) between 56th and 69th amino acid detected	R	neg	S	neg	neg	S	neg	S	R-R-S-S-S	2	No	R	R	S	S	I
ERR730738	2	Dominant	Africa	0.03	S	I100L NOT detected	indel(s) between 56th and 69th amino acid NOT detected	S	neg	S	neg	neg	S	neg	S	S-S-S-S-S	0	No	NA	S	NA	NA	NA
ERR730672	17	Dominant	Africa	0.25	R	I100L NOT detected	indel(s) between 56th and 69th amino acid detected	I	neg	S	neg	neg	S	neg	S	R-I-S-S-S	2	No	R	I	S	S	I
ERR730733	61	Intermediate	Africa	0.06	S	I100L NOT detected	indel(s) between 56th and 69th amino acid NOT detected	S	neg	S	neg	neg	S	neg	S	S-S-S-S-S	0	No	NA	S	NA	NA	NA
ERR730730	41	Dominant	Africa	0.25	R	I100L detected	indel(s) between 56th and 69th amino acid detected	R	neg	S	neg	neg	S	neg	S	R-R-S-S-S	2	No	R	I	NA	NA	NA
ERR730728	2	Dominant	Africa	0.03	S	I100L NOT detected	indel(s) between 56th and 69th amino acid NOT detected	S	neg	S	neg	neg	S	neg	S	S-S-S-S-S	0	No	NA	S	NA	NA	NA
ERR730727	41	Dominant	Africa	0.25	R	I100L detected	indel(s) between 56th and 69th amino acid detected	R	neg	S	neg	neg	S	neg	S	R-R-S-S-S	2	No	R	R	S	S	I
ERR730726	17	Dominant	Africa	0.25	R	I100L detected	indel(s) between 56th and 69th amino acid NOT detected	I	neg	S	neg	neg	S	neg	S	R-I-S-S-S	2	No	R	R	S	S	I
ERR730671	14	Dominant	Africa	2	R	I100L NOT detected	indel(s) between 56th and 69th amino acid detected	I	cat1	R	ermB1	neg	R	tetM	R	R-I-R-R-R	5	Yes	R	R	R	R	R
ERR730721	17	Dominant	Africa	0.25	R	I100L detected	indel(s) between 56th and 69th amino acid NOT detected	I	neg	S	neg	neg	S	neg	S	R-I-S-S-S	2	No	R	R	S	S	I
ERR730719	21	Dominant	Africa	0.25	R	I100L detected	indel(s) between 56th and 69th amino acid detected	R	neg	S	neg	neg	S	neg	S	R-R-S-S-S	2	No	R	R	S	S	I
ERR730717	38	Intermediate	Africa	0.03	S	I100L NOT detected	indel(s) between 56th and 69th amino acid NOT detected	S	neg	S	neg	neg	S	neg	S	S-S-S-S-S	0	No	NA	S	NA	NA	NA
ERR730716	5	Dominant	Africa	0.25	R	I100L detected	indel(s) between 56th and 69th amino acid detected	R	neg	S	neg	mef1	R	neg	S	R-R-S-R-S	3	Yes	R	R	S	R	I
ERR730715	5	Dominant	Africa	0.25	R	I100L detected	indel(s) between 56th and 69th amino acid detected	R	neg	S	neg	neg	S	neg	S	R-R-S-S-S	2	No	R	R	S	S	I
ERR730670	41	Dominant	Africa	0.25	R	I100L detected	indel(s) between 56th and 69th amino acid detected	R	neg	S	neg	neg	S	neg	S	R-R-S-S-S	2	No	R	R	S	S	I
ERR730714	2	Dominant	Africa	0.03	S	I100L NOT detected	indel(s) between 56th and 69th amino acid NOT detected	S	neg	S	neg	neg	S	neg	S	S-S-S-S-S	0	No	NA	S	NA	NA	NA
ERR730713	10	Dominant	Africa	2	R	I100L detected	indel(s) between 56th and 69th amino acid NOT detected	I	neg	S	neg	neg	S	tetM	R	R-I-S-S-R	3	Yes	R	R	S	S	R
ERR730712	48	Intermediate	Africa	0.25	R	I100L detected	indel(s) between 56th and 69th amino acid NOT detected	I	neg	S	neg	neg	S	neg	S	R-I-S-S-S	2	No	R	R	S	S	I
ERR730710	129	Intermediate	Africa	0.12	R	I100L detected	indel(s) between 56th and 69th amino acid detected	R	neg	S	neg	neg	S	tetM	R	R-R-S-S-R	3	Yes	R	R	S	S	R
ERR730707	18	Dominant	Africa	2	R	I100L detected	indel(s) between 56th and 69th amino acid detected	R	neg	S	ermB1	neg	R	tetM	R	R-R-S-R-R	4	Yes	R	R	S	R	R
ERR730705	10	Dominant	Africa	0.5	R	I100L detected	indel(s) between 56th and 69th amino acid NOT detected	I	neg	S	neg	neg	S	tetM	R	R-I-S-S-R	3	Yes	R	R	S	S	R
ERR730701	37	Dominant	Africa	0.5	R	I100L detected	indel(s) between 56th and 69th amino acid detected	R	neg	S	neg	neg	S	neg	S	R-R-S-S-S	2	No	R	R	S	S	I
ERR730700	68	Intermediate	Africa	0.03	S	I100L NOT detected	indel(s) between 56th and 69th amino acid NOT detected	S	neg	S	neg	neg	S	neg	S	S-S-S-S-S	0	No	NA	S	NA	NA	NA
ERR730699	37	Dominant	Africa	0.25	R	I100L NOT detected	indel(s) between 56th and 69th amino acid detected	I	neg	S	neg	neg	S	neg	S	R-I-S-S-S	2	No	R	I	S	S	I
ERR730698	14	Dominant	Africa	0.25	R	I100L detected	indel(s) between 56th and 69th amino acid detected	R	neg	S	neg	mef1	R	tetM	R	R-R-S-R-R	4	Yes	R	R	NA	R	R
ERR730668	41	Dominant	Africa	0.25	R	I100L detected	indel(s) between 56th and 69th amino acid detected	R	neg	S	ermB1	neg	R	tetM	R	R-R-S-R-R	4	Yes	R	R	S	R	R
ERR730694	17	Dominant	Africa	0.25	R	I100L NOT detected	indel(s) between 56th and 69th amino acid detected	I	neg	S	neg	neg	S	neg	S	R-I-S-S-S	2	No	R	I	S	S	I
ERR730693	14	Dominant	Africa	0.25	R	I100L detected	indel(s) between 56th and 69th amino acid detected	R	neg	S	neg	mef1	R	tetM	R	R-R-S-R-R	4	Yes	R	I	S	R	R
ERR730690	17	Dominant	Africa	0.25	R	I100L NOT detected	indel(s) between 56th and 69th amino acid detected	I	neg	S	neg	neg	S	neg	S	R-I-S-S-S	2	No	R	S	NA	NA	NA
ERR730687	2	Dominant	Africa	0.03	S	I100L NOT detected	indel(s) between 56th and 69th amino acid NOT detected	S	neg	S	neg	neg	S	neg	S	S-S-S-S-S	0	No	NA	S	NA	NA	NA
ERR730683	17	Dominant	Africa	0.25	R	I100L detected	indel(s) between 56th and 69th amino acid NOT detected	I	neg	S	neg	neg	S	neg	S	R-I-S-S-S	2	No	S	R	NA	NA	NA
ERR730682	17	Dominant	Africa	0.25	R	I100L NOT detected	indel(s) between 56th and 69th amino acid detected	I	neg	S	neg	neg	S	neg	S	R-I-S-S-S	2	No	R	S	NA	NA	NA
ERR730681	17	Dominant	Africa	0.25	R	I100L NOT detected	indel(s) between 56th and 69th amino acid detected	I	neg	S	neg	neg	S	neg	S	R-I-S-S-S	2	No	R	I	S	S	I
ERR730680	21	Dominant	Africa	4	R	I100L detected	indel(s) between 56th and 69th amino acid detected	R	neg	S	neg	neg	S	neg	S	R-R-S-S-S	2	No	R	R	S	S	I
ERR730679	242	Rare	Africa	0.06	S	I100L detected	indel(s) between 56th and 69th amino acid NOT detected	I	neg	S	neg	neg	S	neg	S	S-I-S-S-S	1	No	S	I	S	S	I
ERR730678	79	Intermediate	Africa	0.25	R	I100L NOT detected	indel(s) between 56th and 69th amino acid detected	I	neg	S	neg	neg	S	neg	S	R-I-S-S-S	2	No	R	I	S	S	I
ERR730677	13	Dominant	Africa	0.06	S	I100L NOT detected	indel(s) between 56th and 69th amino acid detected	I	neg	S	neg	neg	S	neg	S	S-I-S-S-S	1	No	S	I	S	S	I
ERR730676	5	Dominant	Africa	0.25	R	I100L detected	indel(s) between 56th and 69th amino acid detected	R	neg	S	neg	mef1	R	neg	S	R-R-S-R-S	3	Yes	R	R	S	R	I
ERR730675	17	Dominant	Africa	0.25	R	I100L detected	indel(s) between 56th and 69th amino acid detected	R	neg	S	neg	neg	S	neg	S	R-R-S-S-S	2	No	R	R	NA	NA	NA
ERR730665	10	Dominant	Africa	2	R	I100L detected	indel(s) between 56th and 69th amino acid detected	R	neg	S	ermB1	neg	R	tet(S/M)	R	R-R-S-R-R	4	Yes	R	R	S	R	R
ERR730664	14	Dominant	Africa	0.03	S	I100L detected	indel(s) between 56th and 69th amino acid detected	R	neg	S	neg	mef1	R	tetM	R	S-R-S-R-R	3	Yes	S	R	S	R	R
ERR730661	17	Dominant	Africa	0.25	R	I100L detected	indel(s) between 56th and 69th amino acid detected	R	neg	S	neg	neg	S	neg	S	R-R-S-S-S	2	No	R	R	S	S	I
ERR730660	17	Dominant	Africa	0.25	R	I100L detected	indel(s) between 56th and 69th amino acid detected	R	neg	S	neg	neg	S	neg	S	R-R-S-S-S	2	No	R	R	S	S	I
ERR730659	2	Dominant	Africa	0.03	S	I100L NOT detected	indel(s) between 56th and 69th amino acid NOT detected	S	neg	S	neg	neg	S	neg	S	S-S-S-S-S	0	No	S	S	S	S	I
ERR730658	14	Dominant	Africa	0.03	S	I100L detected	indel(s) between 56th and 69th amino acid detected	R	neg	S	neg	mef1	R	tetM	R	S-R-S-R-R	3	Yes	S	R	S	R	R
ERR730657	52	Intermediate	Africa	0.25	R	I100L NOT detected	indel(s) between 56th and 69th amino acid NOT detected	S	neg	S	neg	neg	S	neg	S	R-S-S-S-S	1	No	R	S	S	S	I
ERR730653	51	Intermediate	Africa	0.03	S	I100L NOT detected	indel(s) between 56th and 69th amino acid NOT detected	S	neg	S	neg	neg	S	neg	S	S-S-S-S-S	0	No	S	S	S	S	I
ERR730650	200	Intermediate	Africa	0.25	R	I100L detected	indel(s) between 56th and 69th amino acid NOT detected	I	neg	S	neg	neg	S	neg	S	R-I-S-S-S	2	No	R	S	NA	NA	NA
ERR730614	17	Dominant	Africa	0.25	R	I100L detected	indel(s) between 56th and 69th amino acid NOT detected	I	neg	S	neg	neg	S	neg	S	R-I-S-S-S	2	No	R	R	S	S	I
ERR730649	2	Dominant	Africa	0.03	S	I100L NOT detected	indel(s) between 56th and 69th amino acid NOT detected	S	neg	S	neg	neg	S	neg	S	S-S-S-S-S	0	No	S	I	S	S	I
ERR730647	21	Dominant	Africa	0.25	R	I100L detected	indel(s) between 56th and 69th amino acid detected	R	neg	S	neg	neg	S	neg	S	R-R-S-S-S	2	No	R	R	S	S	I
ERR730646	8	Dominant	Africa	0.03	S	I100L detected	indel(s) between 56th and 69th amino acid detected	R	neg	S	neg	neg	S	neg	S	S-R-S-S-S	1	No	S	R	S	S	I
ERR730645	17	Dominant	Africa	0.25	R	I100L detected	indel(s) between 56th and 69th amino acid NOT detected	I	neg	S	neg	neg	S	neg	S	R-I-S-S-S	2	No	R	R	S	S	I
ERR730643	9	Dominant	Africa	0.25	R	I100L NOT detected	indel(s) between 56th and 69th amino acid detected	I	neg	S	neg	neg	S	tetM	R	R-I-S-S-R	3	Yes	R	I	R	S	R
ERR730642	41	Dominant	Africa	0.25	R	I100L detected	indel(s) between 56th and 69th amino acid detected	R	neg	S	neg	neg	S	neg	S	R-R-S-S-S	2	No	R	R	S	S	I
ERR730640	48	Intermediate	Africa	0.25	R	I100L detected	indel(s) between 56th and 69th amino acid NOT detected	I	neg	S	neg	neg	S	neg	S	R-I-S-S-S	2	No	R	R	S	S	I
ERR730613	125	Intermediate	Africa	0.06	S	I100L detected	indel(s) between 56th and 69th amino acid NOT detected	I	neg	S	neg	neg	S	neg	S	S-I-S-S-S	1	No	S	R	S	S	I
ERR730639	13	Dominant	Africa	0.03	S	I100L NOT detected	indel(s) between 56th and 69th amino acid detected	I	neg	S	neg	neg	S	neg	S	S-I-S-S-S	1	No	S	I	S	S	I
ERR730637	17	Dominant	Africa	0.25	R	I100L detected	indel(s) between 56th and 69th amino acid NOT detected	I	neg	S	neg	neg	S	neg	S	R-I-S-S-S	2	No	R	I	S	S	I
ERR730631	52	Intermediate	Africa	0.03	S	I100L NOT detected	indel(s) between 56th and 69th amino acid NOT detected	S	neg	S	neg	neg	S	neg	S	S-S-S-S-S	0	No	S	S	S	S	I
ERR730612	47	Dominant	Africa	0.12	R	I100L NOT detected	indel(s) between 56th and 69th amino acid detected	I	neg	S	ermB1	neg	R	tetM	R	R-I-S-R-R	4	Yes	R	I	S	R	I
ERR730629	17	Dominant	Africa	0.25	R	I100L detected	indel(s) between 56th and 69th amino acid NOT detected	I	neg	S	neg	neg	S	neg	S	R-I-S-S-S	2	No	R	R	S	S	I
ERR730628	17	Dominant	Africa	0.25	R	I100L detected	indel(s) between 56th and 69th amino acid NOT detected	I	neg	S	neg	neg	S	neg	S	R-I-S-S-S	2	No	R	R	S	S	I
ERR730625	11	Dominant	Africa	0.03	S	I100L NOT detected	indel(s) between 56th and 69th amino acid detected	I	neg	S	neg	neg	S	neg	S	S-I-S-S-S	1	No	S	S	S	S	I
ERR730623	3	Dominant	Africa	0.03	S	I100L NOT detected	indel(s) between 56th and 69th amino acid NOT detected	S	neg	S	neg	neg	S	neg	S	S-S-S-S-S	0	No	S	S	S	S	I
ERR730621	17	Dominant	Africa	0.25	R	I100L detected	indel(s) between 56th and 69th amino acid NOT detected	I	neg	S	neg	neg	S	neg	S	R-I-S-S-S	2	No	R	R	S	S	I
ERR736941	17	Dominant	Africa	0.25	R	I100L detected	indel(s) between 56th and 69th amino acid NOT detected	I	neg	S	neg	neg	S	neg	S	R-I-S-S-S	2	No	R	R	S	S	I
ERR730620	37	Dominant	Africa	0.25	R	I100L detected	indel(s) between 56th and 69th amino acid detected	R	neg	S	neg	neg	S	neg	S	R-R-S-S-S	2	No	R	I	S	S	I
ERR736939	2	Dominant	Africa	0.03	S	I100L NOT detected	indel(s) between 56th and 69th amino acid detected	I	cat1	R	neg	neg	S	tetM	R	S-I-R-S-R	3	Yes	S	I	R	S	R
ERR730619	4	Dominant	Africa	0.03	S	I100L NOT detected	indel(s) between 56th and 69th amino acid NOT detected	S	neg	S	neg	neg	S	neg	S	S-S-S-S-S	0	No	S	S	S	S	I
ERR730618	56	Intermediate	Africa	0.03	S	I100L NOT detected	indel(s) between 56th and 69th amino acid NOT detected	S	neg	S	neg	neg	S	neg	S	S-S-S-S-S	0	No	S	S	S	S	I
ERR736934	8	Dominant	Africa	0.06	S	I100L NOT detected	indel(s) between 56th and 69th amino acid NOT detected	S	neg	S	neg	neg	S	neg	S	S-S-S-S-S	0	No	S	S	S	S	I
ERR736933	8	Dominant	Africa	0.06	S	I100L detected	indel(s) between 56th and 69th amino acid detected	R	neg	S	neg	neg	S	neg	S	S-R-S-S-S	1	No	S	R	S	S	I
ERR736932	26	Dominant	Africa	0.03	S	I100L NOT detected	indel(s) between 56th and 69th amino acid detected	I	cat1	R	neg	neg	S	tetM	R	S-I-R-S-R	3	Yes	S	I	R	S	R
ERR736928	51	Intermediate	Africa	0.03	S	I100L NOT detected	indel(s) between 56th and 69th amino acid NOT detected	S	neg	S	neg	neg	S	neg	S	S-S-S-S-S	0	No	NA	S	NA	NA	NA
ERR736927	17	Dominant	Africa	0.25	R	I100L NOT detected	indel(s) between 56th and 69th amino acid detected	I	neg	S	neg	neg	S	neg	S	R-I-S-S-S	2	No	R	I	S	S	I
ERR736926	17	Dominant	Africa	0.25	R	I100L detected	indel(s) between 56th and 69th amino acid NOT detected	I	neg	S	neg	neg	S	neg	S	R-I-S-S-S	2	No	R	R	S	S	I
ERR736925	41	Dominant	Africa	0.25	R	I100L detected	indel(s) between 56th and 69th amino acid detected	R	neg	S	neg	neg	S	neg	S	R-R-S-S-S	2	No	R	R	S	S	I
ERR736905	13	Dominant	Africa	0.03	S	I100L NOT detected	indel(s) between 56th and 69th amino acid NOT detected	S	neg	S	neg	neg	S	neg	S	S-S-S-S-S	0	No	S	S	S	S	I
ERR736924	223	Rare	Africa	0.25	R	I100L detected	indel(s) between 56th and 69th amino acid detected	R	neg	S	neg	neg	S	neg	S	R-R-S-S-S	2	No	R	R	S	S	I
ERR736923	192	Intermediate	Africa	0.25	R	I100L NOT detected	indel(s) between 56th and 69th amino acid NOT detected	S	neg	S	neg	neg	S	neg	S	R-S-S-S-S	1	No	R	S	S	S	I
ERR736918	13	Dominant	Africa	0.03	S	I100L NOT detected	indel(s) between 56th and 69th amino acid NOT detected	S	neg	S	neg	neg	S	neg	S	S-S-S-S-S	0	No	S	S	S	R	I
ERR736904	24	Intermediate	Africa	0.03	S	I100L NOT detected	indel(s) between 56th and 69th amino acid NOT detected	S	neg	S	neg	neg	S	neg	S	S-S-S-S-S	0	No	R	R	S	S	I
ERR736916	41	Dominant	Africa	0.25	R	I100L detected	indel(s) between 56th and 69th amino acid detected	R	neg	S	neg	neg	S	neg	S	R-R-S-S-S	2	No	R	R	S	S	I
ERR736912	297	Rare	Africa	0.12	R	I100L NOT detected	indel(s) between 56th and 69th amino acid NOT detected	S	neg	S	ermB1	neg	R	tetM	R	R-S-S-R-R	3	Yes	S	I	S	R	R
ERR736908	51	Intermediate	Africa	0.03	S	I100L NOT detected	indel(s) between 56th and 69th amino acid NOT detected	S	neg	S	neg	neg	S	neg	S	S-S-S-S-S	0	No	S	S	S	S	I
ERR736907	9	Dominant	Africa	0.25	R	I100L NOT detected	indel(s) between 56th and 69th amino acid detected	I	neg	S	neg	neg	S	tetM	R	R-I-S-S-R	3	Yes	R	R	S	R	R
ERR736902	9	Dominant	Africa	0.25	R	I100L NOT detected	indel(s) between 56th and 69th amino acid detected	I	neg	S	neg	neg	S	tetM	R	R-I-S-S-R	3	Yes	S	I	NA	NA	R
ERR736901	1	Dominant	Africa	4	R	I100L detected	indel(s) between 56th and 69th amino acid detected	R	neg	S	ermB1	mef1	R	tetM	R	R-R-S-R-R	4	Yes	R	R	NA	R	S
ERR730610	13	Dominant	Africa	0.12	R	I100L detected	indel(s) between 56th and 69th amino acid NOT detected	I	neg	S	neg	neg	S	neg	S	R-I-S-S-S	2	No	NA	S	NA	NA	NA
ERR730609	2	Dominant	Africa	0.03	S	I100L NOT detected	indel(s) between 56th and 69th amino acid NOT detected	S	neg	S	neg	neg	S	neg	S	S-S-S-S-S	0	No	NA	S	NA	NA	NA
ERR730607	37	Dominant	Africa	0.25	R	I100L NOT detected	indel(s) between 56th and 69th amino acid detected	I	neg	S	neg	neg	S	neg	S	R-I-S-S-S	2	No	R	I	NA	NA	NA
ERR730605	37	Dominant	Africa	0.5	R	I100L detected	indel(s) between 56th and 69th amino acid detected	R	neg	S	neg	neg	S	neg	S	R-R-S-S-S	2	No	R	R	NA	NA	NA
ERR730601	41	Dominant	Africa	0.25	R	I100L detected	indel(s) between 56th and 69th amino acid detected	R	neg	S	neg	neg	S	neg	S	R-R-S-S-S	2	No	R	R	R	NA	R
ERR730600	1	Dominant	Africa	4	R	I100L detected	indel(s) between 56th and 69th amino acid detected	R	neg	S	ermB1	mef1	R	tetM	R	R-R-S-R-R	4	Yes	R	R	NA	R	I
ERR730599	13	Dominant	Africa	0.03	S	I100L NOT detected	indel(s) between 56th and 69th amino acid detected	I	neg	S	neg	neg	S	neg	S	S-I-S-S-S	1	No	NA	R	NA	NA	NA
ERR730526	155	Intermediate	Africa	0.03	S	I100L NOT detected	indel(s) between 56th and 69th amino acid detected	I	neg	S	neg	neg	S	tetM	R	S-I-S-S-R	2	No	NA	S	NA	NA	R
ERR730594	178	Intermediate	Africa	0.03	S	I100L NOT detected	indel(s) between 56th and 69th amino acid detected	I	neg	S	neg	neg	S	neg	S	S-I-S-S-S	1	No	S	I	S	S	I
ERR730593	77	Intermediate	Africa	0.25	R	I100L detected	indel(s) between 56th and 69th amino acid NOT detected	I	neg	S	neg	neg	S	neg	S	R-I-S-S-S	2	No	R	R	NA	NA	NA
ERR730592	2	Dominant	Africa	0.03	S	I100L NOT detected	indel(s) between 56th and 69th amino acid NOT detected	S	neg	S	neg	neg	S	neg	S	S-S-S-S-S	0	No	NA	S	NA	NA	NA
ERR730591	3	Dominant	Africa	0.03	S	I100L NOT detected	indel(s) between 56th and 69th amino acid NOT detected	S	neg	S	neg	neg	S	neg	S	S-S-S-S-S	0	No	NA	S	NA	NA	NA
ERR730589	10	Dominant	Africa	2	R	I100L detected	indel(s) between 56th and 69th amino acid detected	R	neg	S	ermB1	neg	R	tet(S/M)	R	R-R-S-R-R	4	Yes	R	R	NA	R	R
ERR730588	77	Intermediate	Africa	0.25	R	I100L detected	indel(s) between 56th and 69th amino acid NOT detected	I	neg	S	neg	neg	S	neg	S	R-I-S-S-S	2	No	R	I	NA	NA	NA
ERR730584	21	Dominant	Africa	0.25	R	I100L detected	indel(s) between 56th and 69th amino acid detected	R	neg	S	neg	neg	S	neg	S	R-R-S-S-S	2	No	R	R	NA	NA	NA
ERR730583	14	Dominant	Africa	0.03	S	I100L detected	indel(s) between 56th and 69th amino acid detected	R	neg	S	neg	mef1	R	tetM	R	S-R-S-R-R	3	Yes	NA	R	NA	R	R
ERR730581	17	Dominant	Africa	0.25	R	I100L detected	indel(s) between 56th and 69th amino acid NOT detected	I	neg	S	neg	neg	S	neg	S	R-I-S-S-S	2	No	R	R	NA	NA	NA
ERR730577	3	Dominant	Africa	0.03	S	I100L NOT detected	indel(s) between 56th and 69th amino acid NOT detected	S	neg	S	neg	neg	S	neg	S	S-S-S-S-S	0	No	NA	S	NA	NA	NA
ERR730576	52	Intermediate	Africa	0.25	R	I100L NOT detected	indel(s) between 56th and 69th amino acid NOT detected	S	neg	S	neg	neg	S	neg	S	R-S-S-S-S	1	No	R	S	NA	NA	NA
ERR730575	77	Intermediate	Africa	0.25	R	I100L NOT detected	indel(s) between 56th and 69th amino acid NOT detected	S	neg	S	neg	neg	S	neg	S	R-S-S-S-S	1	No	R	R	NA	NA	NA
ERR730572	5	Dominant	Africa	1	R	I100L detected	indel(s) between 56th and 69th amino acid detected	R	neg	S	neg	neg	S	neg	S	R-R-S-S-S	2	No	R	R	NA	NA	NA
ERR730571	9	Dominant	Africa	0.25	R	I100L NOT detected	indel(s) between 56th and 69th amino acid detected	I	neg	S	neg	neg	S	tetM	R	R-I-S-S-R	3	Yes	R	I	NA	NA	R
ERR730570	77	Intermediate	Africa	0.5	R	I100L detected	indel(s) between 56th and 69th amino acid NOT detected	I	neg	S	neg	neg	S	neg	S	R-I-S-S-S	2	No	R	R	NA	NA	NA
ERR730568	1	Dominant	Africa	2	R	I100L detected	indel(s) between 56th and 69th amino acid detected	R	neg	S	ermB1	mef1	R	tetM	R	R-R-S-R-R	4	Yes	R	R	NA	R	S
ERR730523	13	Dominant	Africa	0.03	S	I100L NOT detected	indel(s) between 56th and 69th amino acid detected	I	neg	S	neg	neg	S	neg	S	S-I-S-S-S	1	No	NA	I	NA	NA	NA
ERR730567	18	Dominant	Africa	0.25	R	I100L detected	indel(s) between 56th and 69th amino acid detected	R	neg	S	ermB1	neg	R	tetM	R	R-R-S-R-R	4	Yes	R	R	NA	R	R
ERR730565	37	Dominant	Africa	0.25	R	I100L detected	indel(s) between 56th and 69th amino acid detected	R	neg	S	neg	neg	S	neg	S	R-R-S-S-S	2	No	R	I	NA	NA	NA
ERR730564	14	Dominant	Africa	0.03	S	I100L detected	indel(s) between 56th and 69th amino acid detected	R	neg	S	neg	mef1	R	tetM	R	S-R-S-R-R	3	Yes	NA	R	NA	R	R
ERR730563	17	Dominant	Africa	0.25	R	I100L detected	indel(s) between 56th and 69th amino acid detected	R	neg	S	neg	neg	S	neg	S	R-R-S-S-S	2	No	R	R	NA	NA	NA
ERR730562	23	Dominant	Africa	2	R	I100L detected	indel(s) between 56th and 69th amino acid detected	R	cat1	R	ermB1	neg	R	tetM	R	R-R-R-R-R	5	Yes	R	R	R	R	R
ERR730560	10	Dominant	Africa	2	R	I100L detected	indel(s) between 56th and 69th amino acid detected	R	neg	S	ermB1	neg	R	tet(S/M)	R	R-R-S-R-R	4	Yes	R	R	NA	R	R
ERR730559	9	Dominant	Africa	0.25	R	I100L NOT detected	indel(s) between 56th and 69th amino acid detected	I	neg	S	neg	neg	S	tetM_promoter_deleted	S	R-I-S-S-S	2	No	S	I	NA	NA	NA
ERR730558	8	Dominant	Africa	0.06	S	I100L NOT detected	indel(s) between 56th and 69th amino acid NOT detected	S	neg	S	neg	neg	S	neg	S	S-S-S-S-S	0	No	R	S	NA	NA	NA
ERR730522	41	Dominant	Africa	0.25	R	I100L detected	indel(s) between 56th and 69th amino acid detected	R	neg	S	neg	neg	S	neg	S	R-R-S-S-S	2	No	R	R	NA	NA	NA
ERR730557	10	Dominant	Africa	2	R	I100L detected	indel(s) between 56th and 69th amino acid detected	R	neg	S	ermB1	neg	R	tet(S/M)	R	R-R-S-R-R	4	Yes	R	R	NA	R	R
ERR730556	37	Dominant	Africa	0.03	S	I100L NOT detected	indel(s) between 56th and 69th amino acid NOT detected	S	neg	S	neg	neg	S	neg	S	S-S-S-S-S	0	No	NA	S	NA	NA	NA
ERR730555	10	Dominant	Africa	2	R	I100L detected	indel(s) between 56th and 69th amino acid detected	R	neg	S	ermB1	neg	R	tet(S/M)	R	R-R-S-R-R	4	Yes	R	R	NA	R	R
ERR730552	2	Dominant	Africa	0.03	S	I100L NOT detected	indel(s) between 56th and 69th amino acid NOT detected	S	neg	S	neg	neg	S	neg	S	S-S-S-S-S	0	No	NA	S	NA	NA	NA
ERR730551	5	Dominant	Africa	1	R	I100L detected	indel(s) between 56th and 69th amino acid detected	R	neg	S	neg	neg	S	neg	S	R-R-S-S-S	2	No	R	R	NA	NA	NA
ERR730550	17	Dominant	Africa	0.25	R	I100L detected	indel(s) between 56th and 69th amino acid detected	R	neg	S	neg	neg	S	neg	S	R-R-S-S-S	2	No	R	R	NA	NA	NA
ERR730548	13	Dominant	Africa	0.5	R	I100L NOT detected	indel(s) between 56th and 69th amino acid NOT detected	S	neg	S	neg	mef1	R	neg	S	R-S-S-R-S	2	No	R	S	NA	R	NA
ERR730521	2	Dominant	Africa	0.03	S	I100L NOT detected	indel(s) between 56th and 69th amino acid NOT detected	S	neg	S	neg	neg	S	neg	S	S-S-S-S-S	0	No	NA	S	NA	NA	NA
ERR730547	13	Dominant	Africa	0.03	S	I100L NOT detected	indel(s) between 56th and 69th amino acid detected	I	neg	S	neg	neg	S	neg	S	S-I-S-S-S	1	No	NA	S	NA	NA	NA
ERR730543	2	Dominant	Africa	0.03	S	I100L NOT detected	indel(s) between 56th and 69th amino acid NOT detected	S	neg	S	neg	neg	S	neg	S	S-S-S-S-S	0	No	NA	S	NA	NA	NA
ERR730542	2	Dominant	Africa	0.03	S	I100L NOT detected	indel(s) between 56th and 69th amino acid NOT detected	S	neg	S	neg	neg	S	neg	S	S-S-S-S-S	0	No	NA	S	NA	NA	NA
ERR730541	13	Dominant	Africa	0.03	S	I100L NOT detected	indel(s) between 56th and 69th amino acid detected	I	neg	S	neg	neg	S	neg	S	S-I-S-S-S	1	No	NA	S	NA	NA	NA
ERR730539	125	Intermediate	Africa	0.03	S	I100L detected	indel(s) between 56th and 69th amino acid NOT detected	I	neg	S	neg	neg	S	neg	S	S-I-S-S-S	1	No	NA	R	NA	NA	NA
ERR730520	30	Dominant	Africa	0.03	S	I100L NOT detected	indel(s) between 56th and 69th amino acid NOT detected	S	neg	S	neg	neg	S	neg	S	S-S-S-S-S	0	No	NA	S	NA	NA	NA
ERR730537	41	Dominant	Africa	0.25	R	I100L detected	indel(s) between 56th and 69th amino acid detected	R	neg	S	neg	neg	S	neg	S	R-R-S-S-S	2	No	R	I	NA	NA	NA
ERR730536	14	Dominant	Africa	2	R	I100L NOT detected	indel(s) between 56th and 69th amino acid detected	I	cat1	R	ermB1	neg	R	tetM	R	R-I-R-R-R	5	Yes	R	I	R	R	R
ERR730535	14	Dominant	Africa	0.03	S	I100L detected	indel(s) between 56th and 69th amino acid detected	R	neg	S	neg	mef1	R	tetM	R	S-R-S-R-R	3	Yes	NA	R	NA	R	R
ERR730534	18	Dominant	Africa	4	R	I100L detected	indel(s) between 56th and 69th amino acid detected	R	neg	S	ermB1	neg	R	tetM	R	R-R-S-R-R	4	Yes	R	R	NA	R	R
ERR730533	13	Dominant	Africa	0.03	S	I100L NOT detected	indel(s) between 56th and 69th amino acid NOT detected	S	neg	S	neg	neg	S	neg	S	S-S-S-S-S	0	No	NA	S	NA	NA	NA
ERR730529	17	Dominant	Africa	0.12	R	I100L detected	indel(s) between 56th and 69th amino acid detected	R	neg	S	neg	neg	S	neg	S	R-R-S-S-S	2	No	S	R	NA	NA	NA
ERR730528	9	Dominant	Africa	0.25	R	I100L NOT detected	indel(s) between 56th and 69th amino acid detected	I	neg	S	neg	neg	S	tetM	R	R-I-S-S-R	3	Yes	R	R	NA	NA	R
ERR730497	8	Dominant	Africa	0.03	S	I100L detected	indel(s) between 56th and 69th amino acid detected	R	neg	S	neg	neg	S	neg	S	S-R-S-S-S	1	No	NA	NA	NA	NA	NA
ERR730380	8	Dominant	Africa	0.03	S	I100L detected	indel(s) between 56th and 69th amino acid detected	R	neg	S	neg	neg	S	neg	S	S-R-S-S-S	1	No	NA	NA	S	S	S
ERR714726	48	Intermediate	Africa	0.25	R	I100L detected	indel(s) between 56th and 69th amino acid NOT detected	I	neg	S	neg	neg	S	neg	S	R-I-S-S-S	2	No	R	R	S	S	I
ERR714724	54	Intermediate	Africa	0.03	S	I100L detected	indel(s) between 56th and 69th amino acid NOT detected	I	neg	S	neg	neg	S	neg	S	S-I-S-S-S	1	No	S	R	S	S	I
ERR714723	5	Dominant	Africa	0.25	R	I100L NOT detected	indel(s) between 56th and 69th amino acid detected	I	neg	S	neg	neg	S	neg	S	R-I-S-S-S	2	No	R	I	S	S	I
ERR714721	41	Dominant	Africa	0.25	R	I100L detected	indel(s) between 56th and 69th amino acid detected	R	neg	S	neg	neg	S	neg	S	R-R-S-S-S	2	No	S	S	NA	NA	NA
ERR714720	33	Dominant	Africa	0.03	S	I100L NOT detected	indel(s) between 56th and 69th amino acid NOT detected	S	neg	S	neg	neg	S	neg	S	S-S-S-S-S	0	No	S	S	S	S	I
ERR714717	25	Dominant	Africa	0.06	S	I100L detected	indel(s) between 56th and 69th amino acid detected	R	neg	S	neg	neg	S	neg	S	S-R-S-S-S	1	No	S	R	S	S	I
ERR714716	30	Dominant	Africa	0.03	S	I100L detected	indel(s) between 56th and 69th amino acid detected	R	neg	S	neg	neg	S	neg	S	S-R-S-S-S	1	No	S	R	S	S	I
ERR714715	25	Dominant	Africa	0.06	S	I100L detected	indel(s) between 56th and 69th amino acid detected	R	neg	S	neg	neg	S	neg	S	S-R-S-S-S	1	No	S	R	S	S	I
ERR714713	3	Dominant	Africa	0.03	S	I100L NOT detected	indel(s) between 56th and 69th amino acid NOT detected	S	neg	S	neg	neg	S	neg	S	S-S-S-S-S	0	No	S	S	S	S	I
ERR714710	178	Intermediate	Africa	0.03	S	I100L NOT detected	indel(s) between 56th and 69th amino acid detected	I	neg	S	neg	neg	S	neg	S	S-I-S-S-S	1	No	S	S	S	S	I
ERR714709	30	Dominant	Africa	0.03	S	I100L detected	indel(s) between 56th and 69th amino acid detected	R	neg	S	neg	neg	S	neg	S	S-R-S-S-S	1	No	S	R	S	S	I
ERR714705	13	Dominant	Africa	0.12	R	I100L detected	indel(s) between 56th and 69th amino acid detected	R	neg	S	neg	neg	S	neg	S	R-R-S-S-S	2	No	S	R	S	S	I
ERR714704	10	Dominant	Africa	2	R	I100L detected	indel(s) between 56th and 69th amino acid detected	R	neg	S	ermB1	neg	R	tet(S/M)	R	R-R-S-R-R	4	Yes	R	R	S	R	R
ERR714703	17	Dominant	Africa	0.25	R	I100L detected	indel(s) between 56th and 69th amino acid NOT detected	I	neg	S	neg	neg	S	neg	S	R-I-S-S-S	2	No	R	R	S	S	I
ERR714702	10	Dominant	Africa	2	R	I100L detected	indel(s) between 56th and 69th amino acid detected	R	neg	S	ermB1	neg	R	tet(S/M)	R	R-R-S-R-R	4	Yes	R	R	S	R	R
ERR714639	159	Intermediate	Africa	0.5	R	I100L detected	indel(s) between 56th and 69th amino acid detected	R	neg	S	neg	neg	S	neg	S	R-R-S-S-S	2	No	R	R	S	S	I
ERR714699	17	Dominant	Africa	0.25	R	I100L detected	indel(s) between 56th and 69th amino acid NOT detected	I	neg	S	neg	neg	S	neg	S	R-I-S-S-S	2	No	R	R	S	S	I
ERR714697	1	Dominant	Africa	4	R	I100L detected	indel(s) between 56th and 69th amino acid detected	R	neg	S	neg	neg	S	neg	S	R-R-S-S-S	2	No	R	R	S	S	I
ERR714695	54	Intermediate	Africa	0.03	S	I100L NOT detected	indel(s) between 56th and 69th amino acid detected	I	neg	S	neg	neg	S	neg	S	S-I-S-S-S	1	No	S	I	S	S	I
ERR714693	1	Dominant	Africa	2	R	I100L detected	indel(s) between 56th and 69th amino acid detected	R	neg	S	ermB1	mef1	R	tetM	R	R-R-S-R-R	4	Yes	R	R	S	R	R
ERR714638	17	Dominant	Africa	0.25	R	I100L detected	indel(s) between 56th and 69th amino acid detected	R	neg	S	neg	neg	S	neg	S	R-R-S-S-S	2	No	R	R	S	S	I
ERR714689	17	Dominant	Africa	0.25	R	I100L detected	indel(s) between 56th and 69th amino acid NOT detected	I	neg	S	neg	neg	S	neg	S	R-I-S-S-S	2	No	R	R	S	S	I
ERR714688	33	Dominant	Africa	0.25	R	I100L NOT detected	indel(s) between 56th and 69th amino acid NOT detected	S	neg	S	neg	neg	S	neg	S	R-S-S-S-S	1	No	R	I	S	S	I
ERR714687	41	Dominant	Africa	0.25	R	I100L detected	indel(s) between 56th and 69th amino acid detected	R	neg	S	neg	neg	S	neg	S	R-R-S-S-S	2	No	R	R	S	S	I
ERR714686	37	Dominant	Africa	2	R	I100L detected	indel(s) between 56th and 69th amino acid detected	R	neg	S	ermB1	neg	R	tetM	R	R-R-S-R-R	4	Yes	R	R	S	R	R
ERR714683	13	Dominant	Africa	0.03	S	I100L NOT detected	indel(s) between 56th and 69th amino acid detected	I	neg	S	neg	neg	S	neg	S	S-I-S-S-S	1	No	S	I	S	S	I
ERR714682	21	Dominant	Africa	0.5	R	I100L detected	indel(s) between 56th and 69th amino acid detected	R	neg	S	neg	neg	S	neg	S	R-R-S-S-S	2	No	R	R	S	S	I
ERR714681	3	Dominant	Africa	0.03	S	I100L NOT detected	indel(s) between 56th and 69th amino acid detected	I	neg	S	neg	neg	S	neg	S	S-I-S-S-S	1	No	S	R	S	S	I
ERR714679	14	Dominant	Africa	0.25	R	I100L detected	indel(s) between 56th and 69th amino acid detected	R	neg	S	neg	mef1	R	tetM	R	R-R-S-R-R	4	Yes	R	R	S	R	R
ERR714678	10	Dominant	Africa	2	R	I100L detected	indel(s) between 56th and 69th amino acid detected	R	neg	S	ermB1	neg	R	tet(S/M)	R	R-R-S-R-R	4	Yes	R	R	S	R	R
ERR714676	79	Intermediate	Africa	0.25	R	I100L NOT detected	indel(s) between 56th and 69th amino acid detected	I	neg	S	neg	neg	S	neg	S	R-I-S-S-S	2	No	R	I	S	S	I
ERR714675	54	Intermediate	Africa	0.12	R	I100L NOT detected	indel(s) between 56th and 69th amino acid NOT detected	S	neg	S	neg	neg	S	neg	S	R-S-S-S-S	1	No	R	I	S	S	I
ERR714674	14	Dominant	Africa	0.25	R	I100L NOT detected	indel(s) between 56th and 69th amino acid NOT detected	S	neg	S	ermB1	neg	R	tetM	R	R-S-S-R-R	3	Yes	R	I	S	R	R
ERR714671	37	Dominant	Africa	0.25	R	I100L detected	indel(s) between 56th and 69th amino acid detected	R	neg	S	neg	neg	S	neg	S	R-R-S-S-S	2	No	R	R	S	S	I
ERR714669	3	Dominant	Africa	0.03	S	I100L NOT detected	indel(s) between 56th and 69th amino acid NOT detected	S	neg	S	neg	neg	S	neg	S	S-S-S-S-S	0	No	S	S	S	S	I
ERR714666	2	Dominant	Africa	0.03	S	I100L NOT detected	indel(s) between 56th and 69th amino acid NOT detected	S	neg	S	neg	neg	S	neg	S	S-S-S-S-S	0	No	S	S	S	S	I
ERR714665	159	Intermediate	Africa	0.5	R	I100L detected	indel(s) between 56th and 69th amino acid detected	R	neg	S	neg	neg	S	neg	S	R-R-S-S-S	2	No	R	R	S	S	I
ERR714664	41	Dominant	Africa	0.25	R	I100L detected	indel(s) between 56th and 69th amino acid detected	R	neg	S	neg	neg	S	neg	S	R-R-S-S-S	2	No	R	R	S	S	I
ERR714635	2	Dominant	Africa	0.03	S	I100L NOT detected	indel(s) between 56th and 69th amino acid NOT detected	S	neg	S	neg	neg	S	neg	S	S-S-S-S-S	0	No	S	S	S	S	I
ERR714661	243	Rare	Africa	0.03	S	I100L NOT detected	indel(s) between 56th and 69th amino acid detected	I	neg	S	neg	neg	S	neg	S	S-I-S-S-S	1	No	S	S	S	S	I
ERR714654	90	Intermediate	Africa	0.12	R	I100L detected	indel(s) between 56th and 69th amino acid detected	R	neg	S	neg	neg	S	neg	S	R-R-S-S-S	2	No	R	R	S	S	I
ERR714652	5	Dominant	Africa	2	R	I100L detected	indel(s) between 56th and 69th amino acid detected	R	neg	S	neg	neg	S	neg	S	R-R-S-S-S	2	No	R	R	S	S	I
ERR714650	17	Dominant	Africa	0.25	R	I100L detected	indel(s) between 56th and 69th amino acid detected	R	neg	S	neg	neg	S	neg	S	R-R-S-S-S	2	No	R	I	NA	NA	NA
ERR714647	21	Dominant	Africa	0.25	R	I100L detected	indel(s) between 56th and 69th amino acid detected	R	neg	S	neg	neg	S	neg	S	R-R-S-S-S	2	No	R	R	S	S	I
ERR714645	10	Dominant	Africa	2	R	I100L detected	indel(s) between 56th and 69th amino acid detected	R	neg	S	ermB1	neg	R	tet(S/M)	R	R-R-S-R-R	4	Yes	R	R	S	R	R
ERR714643	30	Dominant	Africa	0.03	S	I100L NOT detected	indel(s) between 56th and 69th amino acid NOT detected	S	neg	S	neg	neg	S	neg	S	S-S-S-S-S	0	No	S	S	S	S	I
ERR714632	18	Dominant	Africa	2	R	I100L detected	indel(s) between 56th and 69th amino acid detected	R	neg	S	ermB1	neg	R	tetM	R	R-R-S-R-R	4	Yes	R	R	NA	R	R
ERR714631	181	Intermediate	Africa	0.12	R	I100L NOT detected	indel(s) between 56th and 69th amino acid detected	I	neg	S	neg	neg	S	neg	S	R-I-S-S-S	2	No	NA	S	NA	NA	NA
ERR714623	67	Intermediate	Africa	0.03	S	I100L NOT detected	indel(s) between 56th and 69th amino acid NOT detected	S	neg	S	neg	neg	S	neg	S	S-S-S-S-S	0	No	NA	S	NA	NA	NA
ERR714622	14	Dominant	Africa	4	R	I100L NOT detected	indel(s) between 56th and 69th amino acid detected	I	neg	S	neg	mef1	R	tetM	R	R-I-S-R-R	4	Yes	R	I	NA	R	R
ERR714618	14	Dominant	Africa	0.5	R	I100L NOT detected	indel(s) between 56th and 69th amino acid detected	I	neg	S	neg	mef1	R	tetM	R	R-I-S-R-R	4	Yes	R	S	NA	R	NA
ERR714545	79	Intermediate	Africa	0.25	R	I100L NOT detected	indel(s) between 56th and 69th amino acid detected	I	neg	S	neg	neg	S	neg	S	R-I-S-S-S	2	No	R	S	NA	NA	NA
ERR714615	10	Dominant	Africa	2	R	I100L detected	indel(s) between 56th and 69th amino acid detected	R	neg	S	ermB1	neg	R	tet(S/M)	R	R-R-S-R-R	4	Yes	R	I	NA	R	R
ERR714614	5	Dominant	Africa	1	R	I100L detected	indel(s) between 56th and 69th amino acid detected	R	neg	S	neg	neg	S	neg	S	R-R-S-S-S	2	No	R	I	NA	NA	NA
ERR714612	37	Dominant	Africa	0.25	R	I100L detected	indel(s) between 56th and 69th amino acid detected	R	neg	S	neg	neg	S	neg	S	R-R-S-S-S	2	No	R	I	NA	NA	NA
ERR714610	21	Dominant	Africa	0.25	R	I100L detected	indel(s) between 56th and 69th amino acid detected	R	neg	S	neg	neg	S	neg	S	R-R-S-S-S	2	No	R	I	NA	NA	NA
ERR714609	17	Dominant	Africa	0.25	R	I100L NOT detected	indel(s) between 56th and 69th amino acid detected	I	neg	S	neg	neg	S	neg	S	R-I-S-S-S	2	No	R	I	NA	NA	NA
ERR714607	2	Dominant	Africa	0.03	S	I100L NOT detected	indel(s) between 56th and 69th amino acid NOT detected	S	neg	S	neg	neg	S	neg	S	S-S-S-S-S	0	No	NA	S	NA	NA	NA
ERR714544	1	Dominant	Africa	4	R	I100L detected	indel(s) between 56th and 69th amino acid detected	R	neg	S	neg	neg	S	neg	S	R-R-S-S-S	2	No	R	R	NA	NA	NA
ERR714606	1	Dominant	Africa	4	R	I100L detected	indel(s) between 56th and 69th amino acid detected	R	neg	S	neg	neg	S	neg	S	R-R-S-S-S	2	No	R	R	NA	NA	NA
ERR714602	7	Dominant	Africa	0.03	S	I100L NOT detected	indel(s) between 56th and 69th amino acid NOT detected	S	neg	S	neg	neg	S	neg	S	S-S-S-S-S	0	No	NA	S	NA	NA	NA
ERR714600	17	Dominant	Africa	0.25	R	I100L detected	indel(s) between 56th and 69th amino acid NOT detected	I	neg	S	neg	neg	S	neg	S	R-I-S-S-S	2	No	R	R	NA	NA	NA
ERR714598	69	Intermediate	Africa	0.03	S	I100L NOT detected	indel(s) between 56th and 69th amino acid NOT detected	S	neg	S	neg	neg	S	neg	S	S-S-S-S-S	0	No	NA	S	NA	NA	NA
ERR714597	67	Intermediate	Africa	0.03	S	I100L detected	indel(s) between 56th and 69th amino acid NOT detected	I	neg	S	neg	neg	S	neg	S	S-I-S-S-S	1	No	NA	S	NA	NA	NA
ERR714543	68	Intermediate	Africa	0.03	S	I100L NOT detected	indel(s) between 56th and 69th amino acid NOT detected	S	neg	S	neg	neg	S	neg	S	S-S-S-S-S	0	No	NA	S	NA	NA	NA
ERR714591	2	Dominant	Africa	0.03	S	I100L NOT detected	indel(s) between 56th and 69th amino acid NOT detected	S	neg	S	neg	neg	S	neg	S	S-S-S-S-S	0	No	NA	S	NA	NA	NA
ERR714590	2	Dominant	Africa	0.03	S	I100L NOT detected	indel(s) between 56th and 69th amino acid NOT detected	S	neg	S	neg	neg	S	neg	S	S-S-S-S-S	0	No	NA	S	NA	NA	NA
ERR714589	48	Intermediate	Africa	1	R	I100L NOT detected	indel(s) between 56th and 69th amino acid NOT detected	S	neg	S	neg	neg	S	neg	S	R-S-S-S-S	1	No	R	S	NA	NA	NA
ERR714586	17	Dominant	Africa	0.25	R	I100L NOT detected	indel(s) between 56th and 69th amino acid detected	I	neg	S	neg	neg	S	neg	S	R-I-S-S-S	2	No	R	I	NA	NA	NA
ERR714585	9	Dominant	Africa	0.25	R	I100L NOT detected	indel(s) between 56th and 69th amino acid detected	I	neg	S	neg	neg	S	tetM	R	R-I-S-S-R	3	Yes	R	I	NA	NA	R
ERR714583	5	Dominant	Africa	1	R	I100L detected	indel(s) between 56th and 69th amino acid detected	R	neg	S	neg	neg	S	neg	S	R-R-S-S-S	2	No	R	I	NA	NA	NA
ERR714582	11	Dominant	Africa	0.03	S	I100L NOT detected	indel(s) between 56th and 69th amino acid detected	I	neg	S	neg	neg	S	neg	S	S-I-S-S-S	1	No	NA	S	NA	NA	NA
ERR714578	9	Dominant	Africa	0.25	R	I100L detected	indel(s) between 56th and 69th amino acid detected	R	neg	S	neg	neg	S	tetM	R	R-R-S-S-R	3	Yes	S	R	NA	NA	R
ERR714574	13	Dominant	Africa	0.03	S	I100L NOT detected	indel(s) between 56th and 69th amino acid NOT detected	S	neg	S	neg	neg	S	neg	S	S-S-S-S-S	0	No	NA	S	NA	NA	NA
ERR714571	37	Dominant	Africa	0.25	R	I100L detected	indel(s) between 56th and 69th amino acid detected	R	neg	S	neg	neg	S	neg	S	R-R-S-S-S	2	No	S	R	NA	NA	NA
ERR714570	11	Dominant	Africa	0.03	S	I100L NOT detected	indel(s) between 56th and 69th amino acid NOT detected	S	neg	S	neg	neg	S	neg	S	S-S-S-S-S	0	No	R	R	NA	NA	NA
ERR714569	22	Dominant	Africa	0.03	S	I100L NOT detected	indel(s) between 56th and 69th amino acid NOT detected	S	neg	S	neg	neg	S	neg	S	S-S-S-S-S	0	No	NA	S	NA	NA	NA
ERR714567	56	Intermediate	Africa	0.03	S	I100L NOT detected	indel(s) between 56th and 69th amino acid NOT detected	S	neg	S	neg	neg	S	neg	S	S-S-S-S-S	0	No	NA	S	NA	NA	NA
ERR714566	77	Intermediate	Africa	0.25	R	I100L detected	indel(s) between 56th and 69th amino acid NOT detected	I	neg	S	neg	neg	S	neg	S	R-I-S-S-S	2	No	R	S	NA	NA	NA
ERR714561	11	Dominant	Africa	0.03	S	I100L NOT detected	indel(s) between 56th and 69th amino acid detected	I	neg	S	neg	neg	S	neg	S	S-I-S-S-S	1	No	NA	S	NA	NA	NA
ERR714560	3	Dominant	Africa	0.03	S	I100L NOT detected	indel(s) between 56th and 69th amino acid NOT detected	S	neg	S	neg	neg	S	neg	S	S-S-S-S-S	0	No	NA	S	NA	NA	NA
ERR714559	14	Dominant	Africa	1	R	I100L detected	indel(s) between 56th and 69th amino acid detected	R	neg	S	neg	mef1	R	tetM	R	R-R-S-R-R	4	Yes	R	I	NA	R	R
ERR714555	5	Dominant	Africa	1	R	I100L detected	indel(s) between 56th and 69th amino acid detected	R	neg	S	neg	neg	S	neg	S	R-R-S-S-S	2	No	S	R	NA	NA	NA
ERR714553	2	Dominant	Africa	0.03	S	I100L NOT detected	indel(s) between 56th and 69th amino acid NOT detected	S	neg	S	neg	neg	S	neg	S	S-S-S-S-S	0	No	NA	S	NA	NA	NA
ERR714550	11	Dominant	Africa	0.03	S	I100L NOT detected	indel(s) between 56th and 69th amino acid detected	I	neg	S	neg	neg	S	neg	S	S-I-S-S-S	1	No	NA	S	NA	NA	NA
ERR714549	9	Dominant	Africa	0.25	R	I100L detected	indel(s) between 56th and 69th amino acid detected	R	neg	S	neg	neg	S	tetM	R	R-R-S-S-R	3	Yes	R	R	NA	NA	R
ERR714547	37	Dominant	Africa	0.25	R	I100L NOT detected	indel(s) between 56th and 69th amino acid detected	I	neg	S	neg	neg	S	neg	S	R-I-S-S-S	2	No	S	S	NA	NA	NA
ERR714538	14	Dominant	Africa	0.25	R	I100L NOT detected	indel(s) between 56th and 69th amino acid NOT detected	S	cat1	R	ermB1	neg	R	tetM	R	R-S-R-R-R	4	Yes	R	R	R	R	R
ERR714536	13	Dominant	Africa	0.12	R	I100L NOT detected	indel(s) between 56th and 69th amino acid detected	I	neg	S	neg	neg	S	neg	S	R-I-S-S-S	2	No	NA	S	NA	NA	NA
ERR714534	5	Dominant	Africa	0.5	R	I100L detected	indel(s) between 56th and 69th amino acid detected	R	neg	S	neg	neg	S	neg	S	R-R-S-S-S	2	No	R	R	S	S	I
ERR714451	13	Dominant	Africa	0.03	S	I100L NOT detected	indel(s) between 56th and 69th amino acid NOT detected	S	neg	S	neg	neg	S	neg	S	S-S-S-S-S	0	No	NA	S	NA	NA	NA
ERR714531	41	Dominant	Africa	0.25	R	I100L detected	indel(s) between 56th and 69th amino acid detected	R	neg	S	neg	neg	S	neg	S	R-R-S-S-S	2	No	R	I	NA	NA	NA
ERR714528	5	Dominant	Africa	0.25	R	I100L detected	indel(s) between 56th and 69th amino acid detected	R	neg	S	neg	mef1	R	neg	S	R-R-S-R-S	3	Yes	R	I	NA	R	NA
ERR714527	10	Dominant	Africa	4	R	I100L detected	indel(s) between 56th and 69th amino acid detected	R	neg	S	ermB1	neg	R	tet(S/M)	R	R-R-S-R-R	4	Yes	R	I	NA	R	R
ERR714526	37	Dominant	Africa	0.25	R	I100L detected	indel(s) between 56th and 69th amino acid detected	R	neg	S	neg	neg	S	neg	S	R-R-S-S-S	2	No	R	R	S	S	I
ERR714524	17	Dominant	Africa	0.25	R	I100L detected	indel(s) between 56th and 69th amino acid detected	R	neg	S	neg	mef1	R	tetM	R	R-R-S-R-R	4	Yes	R	R	NA	NA	NA
ERR714523	24	Intermediate	Africa	0.03	S	I100L detected	indel(s) between 56th and 69th amino acid detected	R	neg	S	neg	neg	S	neg	S	S-R-S-S-S	1	No	NA	R	NA	NA	NA
ERR714522	37	Dominant	Africa	0.03	S	I100L NOT detected	indel(s) between 56th and 69th amino acid detected	I	neg	S	neg	neg	S	neg	S	S-I-S-S-S	1	No	NA	S	NA	NA	NA
ERR714520	14	Dominant	Africa	0.25	R	I100L detected	indel(s) between 56th and 69th amino acid detected	R	neg	S	neg	mef1	R	tetM	R	R-R-S-R-R	4	Yes	S	R	NA	R	R
ERR714519	9	Dominant	Africa	0.25	R	I100L NOT detected	indel(s) between 56th and 69th amino acid detected	I	neg	S	neg	neg	S	tetM	R	R-I-S-S-R	3	Yes	R	S	NA	NA	R
ERR714518	14	Dominant	Africa	0.25	R	I100L detected	indel(s) between 56th and 69th amino acid detected	R	neg	S	neg	mef1	R	tetM	R	R-R-S-R-R	4	Yes	R	R	S	R	R
ERR714516	114	Intermediate	Africa	0.03	S	I100L detected	indel(s) between 56th and 69th amino acid detected	R	neg	S	neg	neg	S	neg	S	S-R-S-S-S	1	No	NA	R	NA	NA	NA
ERR714515	2	Dominant	Africa	0.03	S	I100L NOT detected	indel(s) between 56th and 69th amino acid NOT detected	S	neg	S	neg	neg	S	neg	S	S-S-S-S-S	0	No	NA	S	NA	NA	NA
ERR714514	13	Dominant	Africa	0.03	S	I100L NOT detected	indel(s) between 56th and 69th amino acid NOT detected	S	neg	S	neg	neg	S	neg	S	S-S-S-S-S	0	No	NA	S	NA	NA	NA
ERR714513	10	Dominant	Africa	2	R	I100L detected	indel(s) between 56th and 69th amino acid detected	R	neg	S	ermB1	neg	R	tet(S/M)	R	R-R-S-R-R	4	Yes	R	R	NA	R	R
ERR714512	5	Dominant	Africa	1	R	I100L detected	indel(s) between 56th and 69th amino acid detected	R	neg	S	neg	neg	S	neg	S	R-R-S-S-S	2	No	R	I	NA	NA	NA
ERR714449	17	Dominant	Africa	0.25	R	I100L detected	indel(s) between 56th and 69th amino acid detected	R	neg	S	neg	neg	S	neg	S	R-R-S-S-S	2	No	R	I	NA	NA	NA
ERR714511	13	Dominant	Africa	0.5	R	I100L NOT detected	indel(s) between 56th and 69th amino acid NOT detected	S	neg	S	neg	mef1	R	neg	S	R-S-S-R-S	2	No	R	S	NA	R	NA
ERR714510	301	Rare	Africa	0.03	S	I100L NOT detected	indel(s) between 56th and 69th amino acid detected	I	neg	S	neg	neg	S	neg	S	S-I-S-S-S	1	No	NA	S	NA	NA	NA
ERR714508	18	Dominant	Africa	2	R	I100L detected	indel(s) between 56th and 69th amino acid detected	R	neg	S	ermB1	neg	R	tetM	R	R-R-S-R-R	4	Yes	R	R	NA	R	R
ERR714505	90	Intermediate	Africa	0.25	R	I100L NOT detected	indel(s) between 56th and 69th amino acid detected	I	neg	S	neg	neg	S	neg	S	R-I-S-S-S	2	No	R	S	NA	NA	NA
ERR714503	93	Intermediate	Africa	0.03	S	I100L NOT detected	indel(s) between 56th and 69th amino acid NOT detected	S	neg	S	neg	neg	S	neg	S	S-S-S-S-S	0	No	NA	S	NA	NA	NA
ERR714502	2	Dominant	Africa	0.03	S	I100L NOT detected	indel(s) between 56th and 69th amino acid NOT detected	S	neg	S	neg	neg	S	neg	S	S-S-S-S-S	0	No	NA	S	NA	NA	NA
ERR714448	10	Dominant	Africa	2	R	I100L detected	indel(s) between 56th and 69th amino acid detected	R	neg	S	ermB1	neg	R	tet(S/M)	R	R-R-S-R-R	4	Yes	R	I	NA	R	R
ERR714499	9	Dominant	Africa	0.25	R	I100L detected	indel(s) between 56th and 69th amino acid detected	R	cat1	R	neg	neg	S	tetM	R	R-R-R-S-R	4	Yes	R	R	R	NA	R
ERR714498	1	Dominant	Africa	2	R	I100L detected	indel(s) between 56th and 69th amino acid detected	R	neg	S	ermB1	mef1	R	tetM	R	R-R-S-R-R	4	Yes	R	R	NA	R	R
ERR714495	56	Intermediate	Africa	0.03	S	I100L NOT detected	indel(s) between 56th and 69th amino acid NOT detected	S	neg	S	neg	neg	S	neg	S	S-S-S-S-S	0	No	NA	S	NA	NA	NA
ERR714492	21	Dominant	Africa	0.25	R	I100L detected	indel(s) between 56th and 69th amino acid detected	R	neg	S	neg	neg	S	neg	S	R-R-S-S-S	2	No	R	R	NA	NA	NA
ERR714447	41	Dominant	Africa	0.25	R	I100L detected	indel(s) between 56th and 69th amino acid detected	R	neg	S	neg	neg	S	neg	S	R-R-S-S-S	2	No	R	R	S	S	I
ERR714490	10	Dominant	Africa	2	R	I100L detected	indel(s) between 56th and 69th amino acid detected	R	neg	S	ermB1	neg	R	tet(S/M)	R	R-R-S-R-R	4	Yes	R	I	NA	R	R
ERR714489	13	Dominant	Africa	0.03	S	I100L NOT detected	indel(s) between 56th and 69th amino acid NOT detected	S	neg	S	neg	neg	S	neg	S	S-S-S-S-S	0	No	NA	S	NA	NA	NA
ERR714488	24	Intermediate	Africa	0.03	S	I100L detected	indel(s) between 56th and 69th amino acid detected	R	neg	S	neg	neg	S	neg	S	S-R-S-S-S	1	No	NA	I	NA	NA	NA
ERR714487	14	Dominant	Africa	0.25	R	I100L NOT detected	indel(s) between 56th and 69th amino acid detected	I	cat1	R	ermB1	neg	R	tetM	R	R-I-R-R-R	5	Yes	R	I	R	R	R
ERR714486	6	Dominant	Africa	4	R	I100L detected	indel(s) between 56th and 69th amino acid detected	R	neg	S	neg	neg	S	neg	S	R-R-S-S-S	2	No	R	R	NA	NA	NA
ERR714483	17	Dominant	Africa	0.25	R	I100L detected	indel(s) between 56th and 69th amino acid detected	R	neg	S	neg	neg	S	neg	S	R-R-S-S-S	2	No	R	I	NA	NA	NA
ERR714482	54	Intermediate	Africa	4	R	I100L NOT detected	indel(s) between 56th and 69th amino acid NOT detected	S	neg	S	neg	neg	S	neg	S	R-S-S-S-S	1	No	R	R	NA	NA	NA
ERR714481	10	Dominant	Africa	0.5	R	I100L detected	indel(s) between 56th and 69th amino acid NOT detected	I	neg	S	ermB1	neg	R	tetM	R	R-I-S-R-R	4	Yes	R	R	NA	R	R
ERR714480	3	Dominant	Africa	0.03	S	I100L NOT detected	indel(s) between 56th and 69th amino acid NOT detected	S	neg	S	neg	neg	S	neg	S	S-S-S-S-S	0	No	NA	S	NA	NA	NA
ERR714479	17	Dominant	Africa	0.25	R	I100L NOT detected	indel(s) between 56th and 69th amino acid detected	I	neg	S	neg	neg	S	neg	S	R-I-S-S-S	2	No	R	I	S	S	I
ERR714478	21	Dominant	Africa	0.03	S	I100L NOT detected	indel(s) between 56th and 69th amino acid NOT detected	S	neg	S	neg	neg	S	neg	S	S-S-S-S-S	0	No	NA	S	NA	NA	NA
ERR714472	14	Dominant	Africa	0.03	S	I100L detected	indel(s) between 56th and 69th amino acid detected	R	neg	S	neg	mef1	R	tetM	R	S-R-S-R-R	3	Yes	NA	I	NA	R	R
ERR714471	201	Intermediate	Africa	0.03	S	I100L NOT detected	indel(s) between 56th and 69th amino acid detected	I	neg	S	neg	neg	S	neg	S	S-I-S-S-S	1	No	NA	S	NA	NA	NA
ERR714469	26	Dominant	Africa	0.03	S	I100L detected	indel(s) between 56th and 69th amino acid detected	R	cat1	R	neg	neg	S	tetM	R	S-R-R-S-R	3	Yes	NA	I	R	NA	R
ERR714468	54	Intermediate	Africa	0.03	S	I100L NOT detected	indel(s) between 56th and 69th amino acid NOT detected	S	neg	S	neg	neg	S	neg	S	S-S-S-S-S	0	No	NA	S	NA	NA	NA
ERR714467	14	Dominant	Africa	0.25	R	I100L detected	indel(s) between 56th and 69th amino acid NOT detected	I	cat1	R	ermB1	neg	R	tetM	R	R-I-R-R-R	5	Yes	R	R	R	R	R
ERR714466	18	Dominant	Africa	2	R	I100L detected	indel(s) between 56th and 69th amino acid detected	R	neg	S	ermB1	neg	R	tetM	R	R-R-S-R-R	4	Yes	R	R	NA	R	R
ERR714463	47	Dominant	Africa	0.12	R	I100L NOT detected	indel(s) between 56th and 69th amino acid detected	I	neg	S	ermB1	neg	R	tetM	R	R-I-S-R-R	4	Yes	R	S	S	R	R
ERR714444	90	Intermediate	Africa	0.25	R	I100L detected	indel(s) between 56th and 69th amino acid NOT detected	I	neg	S	neg	neg	S	neg	S	R-I-S-S-S	2	No	R	I	NA	NA	NA
ERR714461	171	Intermediate	Africa	0.03	S	I100L NOT detected	indel(s) between 56th and 69th amino acid NOT detected	S	neg	S	neg	neg	S	neg	S	S-S-S-S-S	0	No	NA	S	NA	NA	NA
ERR714460	37	Dominant	Africa	0.03	S	I100L NOT detected	indel(s) between 56th and 69th amino acid detected	I	neg	S	neg	neg	S	neg	S	S-I-S-S-S	1	No	NA	I	NA	NA	NA
ERR714459	126	Intermediate	Africa	0.03	S	I100L NOT detected	indel(s) between 56th and 69th amino acid NOT detected	S	neg	S	neg	neg	S	neg	S	S-S-S-S-S	0	No	NA	S	NA	NA	NA
ERR714458	1	Dominant	Africa	4	R	I100L detected	indel(s) between 56th and 69th amino acid detected	R	neg	S	ermB1	mef1	R	tetM	R	R-R-S-R-R	4	Yes	R	R	NA	R	I
ERR714457	270	Rare	Africa	0.25	R	I100L detected	indel(s) between 56th and 69th amino acid NOT detected	I	neg	S	neg	neg	S	neg	S	R-I-S-S-S	2	No	R	I	NA	NA	NA
ERR714456	3	Dominant	Africa	0.03	S	I100L NOT detected	indel(s) between 56th and 69th amino acid NOT detected	S	neg	S	neg	neg	S	neg	S	S-S-S-S-S	0	No	NA	S	NA	NA	NA
ERR714455	155	Intermediate	Africa	0.03	S	I100L NOT detected	indel(s) between 56th and 69th amino acid detected	I	neg	S	neg	neg	S	tetM	R	S-I-S-S-R	2	No	NA	I	NA	NA	NA
ERR714453	41	Dominant	Africa	0.25	R	I100L NOT detected	indel(s) between 56th and 69th amino acid detected	I	neg	S	neg	neg	S	neg	S	R-I-S-S-S	2	No	R	I	NA	NA	NA
ERR714452	5	Dominant	Africa	0.5	R	I100L detected	indel(s) between 56th and 69th amino acid detected	R	neg	S	neg	neg	S	neg	S	R-R-S-S-S	2	No	R	I	NA	NA	NA
ERR714443	70	Intermediate	Africa	0.03	S	I100L NOT detected	indel(s) between 56th and 69th amino acid NOT detected	S	neg	S	neg	neg	S	neg	S	S-S-S-S-S	0	No	NA	S	NA	NA	NA
ERR714441	58	Intermediate	Africa	0.03	S	I100L detected	indel(s) between 56th and 69th amino acid detected	R	neg	S	neg	neg	S	neg	S	S-R-S-S-S	1	No	NA	NA	NA	NA	NA
ERR714365	193	Intermediate	Africa	0.25	R	I100L detected	indel(s) between 56th and 69th amino acid detected	R	neg	S	neg	neg	S	tetM	R	R-R-S-S-R	3	Yes	NA	NA	NA	NA	NA
ERR714435	96	Intermediate	Africa	0.03	S	I100L NOT detected	indel(s) between 56th and 69th amino acid NOT detected	S	neg	S	neg	neg	S	neg	S	S-S-S-S-S	0	No	NA	NA	NA	NA	NA
ERR714431	8	Dominant	Africa	0.03	S	I100L NOT detected	indel(s) between 56th and 69th amino acid detected	I	neg	S	neg	neg	S	neg	S	S-I-S-S-S	1	No	NA	NA	NA	NA	NA
ERR714429	8	Dominant	Africa	0.03	S	I100L NOT detected	indel(s) between 56th and 69th amino acid detected	I	neg	S	neg	neg	S	tetM	R	S-I-S-S-R	2	No	NA	NA	NA	NA	NA
ERR714428	9	Dominant	Africa	0.25	R	I100L detected	indel(s) between 56th and 69th amino acid detected	R	neg	S	neg	neg	S	tetM	R	R-R-S-S-R	3	Yes	NA	NA	NA	NA	NA
ERR714421	1	Dominant	Africa	0.03	S	I100L NOT detected	indel(s) between 56th and 69th amino acid detected	I	neg	S	neg	neg	S	tetM	R	S-I-S-S-R	2	No	NA	NA	NA	NA	NA
ERR714413	9	Dominant	Africa	0.25	R	I100L detected	indel(s) between 56th and 69th amino acid detected	R	neg	S	neg	neg	S	tetM	R	R-R-S-S-R	3	Yes	NA	NA	NA	NA	NA
ERR714406	112	Intermediate	Africa	0.03	S	I100L detected	indel(s) between 56th and 69th amino acid detected	R	neg	S	neg	neg	S	neg	S	S-R-S-S-S	1	No	NA	NA	NA	NA	NA
ERR714401	67	Intermediate	Africa	0.03	S	I100L NOT detected	indel(s) between 56th and 69th amino acid detected	I	neg	S	neg	neg	S	neg	S	S-I-S-S-S	1	No	NA	NA	NA	NA	NA
ERR714392	9	Dominant	Africa	0.25	R	I100L detected	indel(s) between 56th and 69th amino acid detected	R	neg	S	neg	neg	S	tetM	R	R-R-S-S-R	3	Yes	NA	NA	NA	NA	NA
ERR714387	108	Intermediate	Africa	0.03	S	I100L NOT detected	indel(s) between 56th and 69th amino acid detected	I	neg	S	neg	neg	S	neg	S	S-I-S-S-S	1	No	NA	NA	NA	NA	NA
ERR714385	103	Intermediate	Africa	0.03	S	I100L detected	indel(s) between 56th and 69th amino acid detected	R	neg	S	neg	neg	S	tetM	R	S-R-S-S-R	2	No	NA	NA	NA	NA	NA
ERR714381	96	Intermediate	Africa	0.03	S	I100L NOT detected	indel(s) between 56th and 69th amino acid NOT detected	S	neg	S	neg	neg	S	neg	S	S-S-S-S-S	0	No	NA	NA	NA	NA	NA
ERR714379	72	Intermediate	Africa	0.03	S	I100L detected	indel(s) between 56th and 69th amino acid detected	R	neg	S	neg	neg	S	neg	S	S-R-S-S-S	1	No	NA	NA	NA	NA	NA
ERR714378	8	Dominant	Africa	0.03	S	I100L NOT detected	indel(s) between 56th and 69th amino acid detected	I	neg	S	neg	neg	S	neg	S	S-I-S-S-S	1	No	NA	NA	NA	NA	NA
ERR714359	43	Dominant	Africa	0.03	S	I100L NOT detected	indel(s) between 56th and 69th amino acid NOT detected	S	neg	S	neg	neg	S	neg	S	S-S-S-S-S	0	No	NA	NA	NA	NA	NA
ERR714373	23	Dominant	Africa	0.03	S	I100L NOT detected	indel(s) between 56th and 69th amino acid NOT detected	S	neg	S	neg	neg	S	neg	S	S-S-S-S-S	0	No	NA	NA	NA	NA	NA
ERR714367	8	Dominant	Africa	0.03	S	I100L NOT detected	indel(s) between 56th and 69th amino acid detected	I	neg	S	neg	neg	S	neg	S	S-I-S-S-S	1	No	NA	NA	NA	NA	NA
ERR714358	2	Dominant	Africa	0.03	S	I100L NOT detected	indel(s) between 56th and 69th amino acid detected	I	neg	S	neg	neg	S	neg	S	S-I-S-S-S	1	No	NA	NA	NA	NA	NA
ERR714281	2	Dominant	Africa	0.03	S	I100L NOT detected	indel(s) between 56th and 69th amino acid detected	I	neg	S	neg	neg	S	neg	S	S-I-S-S-S	1	No	NA	NA	NA	NA	NA
ERR714351	94	Intermediate	Africa	0.03	S	I100L detected	indel(s) between 56th and 69th amino acid NOT detected	I	neg	S	neg	neg	S	tetM	R	S-I-S-S-R	2	No	NA	NA	NA	NA	NA
ERR714344	273	Rare	Africa	0.03	S	I100L NOT detected	indel(s) between 56th and 69th amino acid NOT detected	S	neg	S	neg	neg	S	neg	S	S-S-S-S-S	0	No	NA	NA	NA	NA	NA
ERR714331	83	Intermediate	Africa	0.03	S	I100L NOT detected	indel(s) between 56th and 69th amino acid detected	I	cat1	R	neg	neg	S	tetM	R	S-I-R-S-R	3	Yes	NA	NA	NA	NA	NA
ERR714330	58	Intermediate	Africa	0.03	S	I100L detected	indel(s) between 56th and 69th amino acid detected	R	neg	S	neg	neg	S	neg	S	S-R-S-S-S	1	No	NA	NA	NA	S	R
ERR714324	30	Dominant	Africa	0.03	S	I100L detected	indel(s) between 56th and 69th amino acid detected	R	neg	S	neg	neg	S	neg	S	S-R-S-S-S	1	No	NA	NA	NA	S	S
ERR714277	26	Dominant	Africa	0.03	S	I100L detected	indel(s) between 56th and 69th amino acid NOT detected	I	cat1	R	neg	neg	S	tetM	R	S-I-R-S-R	3	Yes	NA	NA	NA	S	R
ERR714320	2	Dominant	Africa	0.03	S	I100L detected	indel(s) between 56th and 69th amino acid detected	R	cat1	R	neg	neg	S	tetM	R	S-R-R-S-R	3	Yes	NA	NA	NA	S	R
ERR714314	26	Dominant	Africa	0.03	S	I100L detected	indel(s) between 56th and 69th amino acid NOT detected	I	cat1	R	neg	neg	S	tetM	R	S-I-R-S-R	3	Yes	NA	NA	NA	S	R
ERR714313	2	Dominant	Africa	0.03	S	I100L NOT detected	indel(s) between 56th and 69th amino acid detected	I	neg	S	neg	neg	S	neg	S	S-I-S-S-S	1	No	NA	NA	NA	R	R
ERR714276	2	Dominant	Africa	0.03	S	I100L NOT detected	indel(s) between 56th and 69th amino acid detected	I	neg	S	neg	neg	S	neg	S	S-I-S-S-S	1	No	NA	NA	NA	S	S
ERR714310	2	Dominant	Africa	0.03	S	I100L NOT detected	indel(s) between 56th and 69th amino acid detected	I	neg	S	neg	neg	S	neg	S	S-I-S-S-S	1	No	NA	NA	NA	S	R
ERR714302	2	Dominant	Africa	0.03	S	I100L NOT detected	indel(s) between 56th and 69th amino acid detected	I	neg	S	neg	neg	S	neg	S	S-I-S-S-S	1	No	NA	NA	NA	S	R
ERR714298	2	Dominant	Africa	0.03	S	I100L NOT detected	indel(s) between 56th and 69th amino acid detected	I	neg	S	neg	neg	S	neg	S	S-I-S-S-S	1	No	NA	NA	NA	S	R
ERR714297	94	Intermediate	Africa	0.03	S	I100L detected	indel(s) between 56th and 69th amino acid detected	R	neg	S	neg	neg	S	tetM	R	S-R-S-S-R	2	No	NA	S	NA	NA	S
ERR714296	8	Dominant	Africa	0.03	S	I100L detected	indel(s) between 56th and 69th amino acid detected	R	neg	S	neg	neg	S	neg	S	S-R-S-S-S	1	No	NA	NA	NA	S	I
ERR714274	26	Dominant	Africa	0.03	S	I100L detected	indel(s) between 56th and 69th amino acid detected	R	neg	S	neg	neg	S	tetM	R	S-R-S-S-R	2	No	NA	NA	NA	S	R
ERR714289	8	Dominant	Africa	0.03	S	I100L detected	indel(s) between 56th and 69th amino acid detected	R	neg	S	neg	neg	S	neg	S	S-R-S-S-S	1	No	NA	S	NA	S	NA
ERR714287	8	Dominant	Africa	0.03	S	I100L detected	indel(s) between 56th and 69th amino acid detected	R	neg	S	neg	neg	S	tetM	R	S-R-S-S-R	2	No	NA	NA	NA	S	S
ERR714286	2	Dominant	Africa	0.03	S	I100L NOT detected	indel(s) between 56th and 69th amino acid detected	I	neg	S	neg	neg	S	neg	S	S-I-S-S-S	1	No	NA	NA	NA	S	R
ERR714285	193	Intermediate	Africa	0.25	R	I100L detected	indel(s) between 56th and 69th amino acid detected	R	neg	S	neg	neg	S	tetM	R	R-R-S-S-R	3	Yes	NA	NA	NA	I	R
ERR714283	58	Intermediate	Africa	0.03	S	I100L detected	indel(s) between 56th and 69th amino acid detected	R	neg	S	neg	neg	S	tetM	R	S-R-S-S-R	2	No	NA	NA	NA	S	R
ERR714282	1	Dominant	Africa	0.03	S	I100L detected	indel(s) between 56th and 69th amino acid detected	R	neg	S	neg	neg	S	tetM	R	S-R-S-S-R	2	No	NA	NA	NA	S	S
ERR714273	2	Dominant	Africa	0.03	S	I100L detected	indel(s) between 56th and 69th amino acid detected	R	neg	S	neg	neg	S	tetM	R	S-R-S-S-R	2	No	NA	S	NA	S	I
ERR714195	62	Intermediate	Africa	0.06	S	I100L detected	indel(s) between 56th and 69th amino acid detected	R	neg	S	neg	neg	S	tetM	R	S-R-S-S-R	2	No	NA	R	NA	S	R
ERR714266	9	Dominant	Africa	0.25	R	I100L detected	indel(s) between 56th and 69th amino acid detected	R	neg	S	neg	neg	S	tetM	R	R-R-S-S-R	3	Yes	NA	NA	NA	S	NA
ERR714194	2	Dominant	Africa	0.03	S	I100L NOT detected	indel(s) between 56th and 69th amino acid detected	I	neg	S	neg	neg	S	neg	S	S-I-S-S-S	1	No	NA	NA	NA	S	S
ERR714253	193	Intermediate	Africa	0.25	R	I100L detected	indel(s) between 56th and 69th amino acid detected	R	neg	S	neg	neg	S	tetM	R	R-R-S-S-R	3	Yes	NA	NA	NA	S	R
ERR714252	40	Dominant	Africa	0.06	S	I100L detected	indel(s) between 56th and 69th amino acid detected	R	neg	S	neg	neg	S	tetM	R	S-R-S-S-R	2	No	NA	NA	NA	S	R
ERR714250	26	Dominant	Africa	0.03	S	I100L detected	indel(s) between 56th and 69th amino acid NOT detected	I	cat1	R	neg	neg	S	tetM	R	S-I-R-S-R	3	Yes	NA	NA	NA	S	R
ERR714193	26	Dominant	Africa	0.03	S	I100L detected	indel(s) between 56th and 69th amino acid NOT detected	I	cat1	R	neg	neg	S	tetM	R	S-I-R-S-R	3	Yes	NA	NA	NA	S	R
ERR714246	193	Intermediate	Africa	0.25	R	I100L detected	indel(s) between 56th and 69th amino acid detected	R	neg	S	neg	neg	S	tetM	R	R-R-S-S-R	3	Yes	NA	NA	NA	S	R
ERR714245	193	Intermediate	Africa	0.25	R	I100L detected	indel(s) between 56th and 69th amino acid detected	R	neg	S	neg	neg	S	tetM	R	R-R-S-S-R	3	Yes	NA	NA	NA	S	R
ERR714240	193	Intermediate	Africa	0.25	R	I100L detected	indel(s) between 56th and 69th amino acid detected	R	neg	S	neg	neg	S	tetM	R	R-R-S-S-R	3	Yes	NA	NA	NA	S	R
ERR714237	2	Dominant	Africa	0.03	S	I100L NOT detected	indel(s) between 56th and 69th amino acid detected	I	neg	S	neg	neg	S	neg	S	S-I-S-S-S	1	No	NA	NA	NA	S	S
ERR714235	2	Dominant	Africa	0.03	S	I100L NOT detected	indel(s) between 56th and 69th amino acid detected	I	neg	S	neg	neg	S	neg	S	S-I-S-S-S	1	No	NA	NA	NA	S	R
ERR714234	2	Dominant	Africa	0.03	S	I100L NOT detected	indel(s) between 56th and 69th amino acid detected	I	neg	S	neg	neg	S	neg	S	S-I-S-S-S	1	No	NA	NA	NA	S	S
ERR714230	2	Dominant	Africa	0.03	S	I100L NOT detected	indel(s) between 56th and 69th amino acid detected	I	neg	S	neg	neg	S	neg	S	S-I-S-S-S	1	No	NA	NA	NA	S	I
ERR714227	51	Intermediate	Africa	0.03	S	I100L NOT detected	indel(s) between 56th and 69th amino acid NOT detected	S	neg	S	neg	neg	S	neg	S	S-S-S-S-S	0	No	NA	S	NA	S	I
ERR714191	26	Dominant	Africa	0.03	S	I100L detected	indel(s) between 56th and 69th amino acid NOT detected	I	cat1	R	neg	neg	S	tetM	R	S-I-R-S-R	3	Yes	NA	NA	NA	S	R
ERR714222	2	Dominant	Africa	0.03	S	I100L NOT detected	indel(s) between 56th and 69th amino acid detected	I	neg	S	neg	neg	S	neg	S	S-I-S-S-S	1	No	NA	NA	NA	NA	NA
ERR714221	8	Dominant	Africa	0.03	S	I100L detected	indel(s) between 56th and 69th amino acid detected	R	neg	S	neg	neg	S	neg	S	S-R-S-S-S	1	No	NA	NA	NA	S	S
ERR714220	26	Dominant	Africa	0.03	S	I100L detected	indel(s) between 56th and 69th amino acid NOT detected	I	cat1	R	neg	neg	S	tetM	R	S-I-R-S-R	3	Yes	NA	NA	NA	S	R
ERR714218	8	Dominant	Africa	0.03	S	I100L detected	indel(s) between 56th and 69th amino acid detected	R	neg	S	neg	neg	S	neg	S	S-R-S-S-S	1	No	NA	NA	NA	S	S
ERR714190	1	Dominant	Africa	0.03	S	I100L detected	indel(s) between 56th and 69th amino acid detected	R	neg	S	neg	neg	S	tetM	R	S-R-S-S-R	2	No	NA	NA	NA	S	R
ERR714216	193	Intermediate	Africa	0.03	S	I100L detected	indel(s) between 56th and 69th amino acid detected	R	neg	S	neg	neg	S	tetM	R	S-R-S-S-R	2	No	NA	NA	NA	S	R
ERR714212	8	Dominant	Africa	0.03	S	I100L detected	indel(s) between 56th and 69th amino acid detected	R	neg	S	neg	neg	S	tetM	R	S-R-S-S-R	2	No	NA	NA	NA	S	R
ERR714210	8	Dominant	Africa	0.03	S	I100L detected	indel(s) between 56th and 69th amino acid detected	R	neg	S	neg	neg	S	neg	S	S-R-S-S-S	1	No	NA	NA	NA	S	R
ERR714209	8	Dominant	Africa	0.03	S	I100L detected	indel(s) between 56th and 69th amino acid detected	R	neg	S	neg	neg	S	neg	S	S-R-S-S-S	1	No	NA	NA	NA	NA	NA
ERR714208	2	Dominant	Africa	0.03	S	I100L NOT detected	indel(s) between 56th and 69th amino acid detected	I	neg	S	neg	neg	S	neg	S	S-I-S-S-S	1	No	NA	NA	NA	S	I
ERR714207	8	Dominant	Africa	0.03	S	I100L detected	indel(s) between 56th and 69th amino acid detected	R	neg	S	neg	neg	S	tetM	R	S-R-S-S-R	2	No	NA	NA	NA	S	R
ERR714189	8	Dominant	Africa	0.03	S	I100L detected	indel(s) between 56th and 69th amino acid detected	R	neg	S	neg	neg	S	neg	S	S-R-S-S-S	1	No	NA	NA	NA	S	I
ERR714205	2	Dominant	Africa	0.03	S	I100L NOT detected	indel(s) between 56th and 69th amino acid detected	I	neg	S	neg	neg	S	neg	S	S-I-S-S-S	1	No	NA	NA	NA	NA	NA
ERR714204	331	Rare	Africa	0.03	S	I100L NOT detected	indel(s) between 56th and 69th amino acid NOT detected	S	neg	S	neg	neg	S	neg	S	S-S-S-S-S	0	No	NA	R	NA	S	S
ERR714203	8	Dominant	Africa	0.03	S	I100L detected	indel(s) between 56th and 69th amino acid detected	R	neg	S	neg	neg	S	tetM	R	S-R-S-S-R	2	No	NA	NA	NA	S	R
ERR714201	9	Dominant	Africa	0.25	R	I100L detected	indel(s) between 56th and 69th amino acid detected	R	neg	S	neg	neg	S	tetM	R	R-R-S-S-R	3	Yes	NA	NA	NA	S	R
ERR714199	26	Dominant	Africa	0.03	S	I100L detected	indel(s) between 56th and 69th amino acid NOT detected	I	cat1	R	neg	neg	S	tetM	R	S-I-R-S-R	3	Yes	NA	NA	NA	S	R
ERR714198	26	Dominant	Africa	0.03	S	I100L detected	indel(s) between 56th and 69th amino acid NOT detected	I	cat1	R	neg	neg	S	tetM	R	S-I-R-S-R	3	Yes	NA	NA	NA	S	R
ERR714188	26	Dominant	Africa	0.03	S	I100L detected	indel(s) between 56th and 69th amino acid NOT detected	I	cat1	R	neg	neg	S	tetM	R	S-I-R-S-R	3	Yes	NA	NA	NA	NA	NA
ERR714111	96	Intermediate	Africa	0.03	S	I100L NOT detected	indel(s) between 56th and 69th amino acid NOT detected	S	neg	S	neg	neg	S	neg	S	S-S-S-S-S	0	No	NA	R	NA	S	S
ERR714187	2	Dominant	Africa	0.03	S	I100L NOT detected	indel(s) between 56th and 69th amino acid detected	I	neg	S	neg	neg	S	neg	S	S-I-S-S-S	1	No	NA	NA	NA	NA	NA
ERR714186	26	Dominant	Africa	0.03	S	I100L detected	indel(s) between 56th and 69th amino acid NOT detected	I	cat1	R	neg	neg	S	tetM	R	S-I-R-S-R	3	Yes	NA	NA	NA	S	I
ERR714183	2	Dominant	Africa	0.03	S	I100L NOT detected	indel(s) between 56th and 69th amino acid detected	I	neg	S	neg	neg	S	neg	S	S-I-S-S-S	1	No	NA	NA	NA	S	S
ERR714182	9	Dominant	Africa	0.25	R	I100L detected	indel(s) between 56th and 69th amino acid detected	R	neg	S	neg	neg	S	tetM	R	R-R-S-S-R	3	Yes	NA	NA	NA	S	R
ERR714180	62	Intermediate	Africa	0.06	S	I100L detected	indel(s) between 56th and 69th amino acid detected	R	neg	S	neg	neg	S	tetM	R	S-R-S-S-R	2	No	NA	NA	NA	S	S
ERR714179	23	Dominant	Africa	0.03	S	I100L detected	indel(s) between 56th and 69th amino acid detected	R	cat1	R	neg	neg	S	tetM	R	S-R-R-S-R	3	Yes	NA	NA	NA	S	R
ERR714175	5	Dominant	Africa	0.5	R	I100L detected	indel(s) between 56th and 69th amino acid detected	R	neg	S	neg	mef1	R	tetM	R	R-R-S-R-R	4	Yes	NA	NA	NA	S	R
ERR714173	2	Dominant	Africa	0.03	S	I100L NOT detected	indel(s) between 56th and 69th amino acid detected	I	neg	S	neg	neg	S	neg	S	S-I-S-S-S	1	No	NA	NA	NA	S	S
ERR714170	91	Intermediate	Africa	0.03	S	I100L detected	indel(s) between 56th and 69th amino acid detected	R	neg	S	neg	neg	S	neg	S	S-R-S-S-S	1	No	NA	S	NA	S	R
ERR714156	2	Dominant	Africa	0.03	S	I100L NOT detected	indel(s) between 56th and 69th amino acid detected	I	neg	S	neg	neg	S	neg	S	S-I-S-S-S	1	No	NA	NA	NA	S	I
ERR714141	43	Dominant	Africa	0.03	S	I100L detected	indel(s) between 56th and 69th amino acid detected	R	neg	S	neg	neg	S	neg	S	S-R-S-S-S	1	No	NA	NA	NA	S	R
ERR714132	94	Intermediate	Africa	0.03	S	I100L detected	indel(s) between 56th and 69th amino acid detected	R	neg	S	neg	neg	S	tetM	R	S-R-S-S-R	2	No	NA	NA	NA	S	R
ERR714105	26	Dominant	Africa	0.03	S	I100L detected	indel(s) between 56th and 69th amino acid NOT detected	I	cat1	R	neg	neg	S	tetM	R	S-I-R-S-R	3	Yes	NA	NA	NA	NA	NA
ERR714127	150	Intermediate	Africa	0.03	S	I100L NOT detected	indel(s) between 56th and 69th amino acid NOT detected	S	neg	S	neg	neg	S	neg	S	S-S-S-S-S	0	No	NA	R	NA	S	S
ERR714125	182	Intermediate	Africa	0.03	S	I100L detected	indel(s) between 56th and 69th amino acid detected	R	neg	S	neg	neg	S	neg	S	S-R-S-S-S	1	No	NA	NA	NA	NA	NA
ERR714124	26	Dominant	Africa	0.03	S	I100L detected	indel(s) between 56th and 69th amino acid NOT detected	I	cat1	R	neg	neg	S	tetM	R	S-I-R-S-R	3	Yes	NA	NA	NA	R	R
ERR714104	80	Intermediate	Africa	0.03	S	I100L detected	indel(s) between 56th and 69th amino acid detected	R	neg	S	neg	neg	S	neg	S	S-R-S-S-S	1	No	NA	NA	NA	S	S
ERR714121	72	Intermediate	Africa	0.03	S	I100L detected	indel(s) between 56th and 69th amino acid detected	R	neg	S	neg	neg	S	neg	S	S-R-S-S-S	1	No	NA	NA	NA	S	S
ERR714120	22	Dominant	Africa	0.03	S	I100L detected	indel(s) between 56th and 69th amino acid detected	R	neg	S	neg	neg	S	neg	S	S-R-S-S-S	1	No	NA	NA	NA	S	R
ERR714118	26	Dominant	Africa	0.03	S	I100L detected	indel(s) between 56th and 69th amino acid NOT detected	I	cat1	R	neg	neg	S	tetM	R	S-I-R-S-R	3	Yes	NA	NA	NA	S	R
ERR714114	193	Intermediate	Africa	0.25	R	I100L detected	indel(s) between 56th and 69th amino acid detected	R	neg	S	neg	neg	S	tetM	R	R-R-S-S-R	3	Yes	NA	NA	NA	S	R
ERR708303	41	Dominant	Africa	0.25	R	I100L detected	indel(s) between 56th and 69th amino acid detected	R	neg	S	neg	neg	S	neg	S	R-R-S-S-S	2	No	R	R	S	S	I
ERR708300	5	Dominant	Africa	0.5	R	I100L NOT detected	indel(s) between 56th and 69th amino acid NOT detected	S	neg	S	neg	neg	S	neg	S	R-S-S-S-S	1	No	R	S	S	S	I
ERR708299	41	Dominant	Africa	0.25	R	I100L detected	indel(s) between 56th and 69th amino acid detected	R	neg	S	neg	neg	S	neg	S	R-R-S-S-S	2	No	R	R	S	S	I
ERR708297	77	Intermediate	Africa	0.25	R	I100L NOT detected	indel(s) between 56th and 69th amino acid NOT detected	S	neg	S	neg	neg	S	neg	S	R-S-S-S-S	1	No	R	I	NA	NA	NA
ERR701872	205	Intermediate	Africa	0.12	R	I100L detected	indel(s) between 56th and 69th amino acid detected	R	neg	S	neg	neg	S	neg	S	R-R-S-S-S	2	No	NA	I	NA	NA	NA
ERR701869	41	Dominant	Africa	0.25	R	I100L detected	indel(s) between 56th and 69th amino acid detected	R	neg	S	neg	neg	S	neg	S	R-R-S-S-S	2	No	S	I	NA	NA	NA
ERR701868	54	Intermediate	Africa	0.12	R	I100L detected	indel(s) between 56th and 69th amino acid detected	R	neg	S	neg	neg	S	neg	S	R-R-S-S-S	2	No	S	I	NA	NA	NA
ERR701867	30	Dominant	Africa	0.03	S	I100L detected	indel(s) between 56th and 69th amino acid detected	R	neg	S	neg	neg	S	neg	S	S-R-S-S-S	1	No	NA	R	NA	NA	NA
ERR701786	37	Dominant	Africa	0.25	R	I100L NOT detected	indel(s) between 56th and 69th amino acid detected	I	neg	S	neg	neg	S	neg	S	R-I-S-S-S	2	No	R	S	NA	NA	NA
ERR701866	37	Dominant	Africa	0.25	R	I100L detected	indel(s) between 56th and 69th amino acid detected	R	neg	S	neg	neg	S	neg	S	R-R-S-S-S	2	No	R	R	NA	NA	NA
ERR701864	41	Dominant	Africa	0.25	R	I100L NOT detected	indel(s) between 56th and 69th amino acid detected	I	neg	S	neg	neg	S	neg	S	R-I-S-S-S	2	No	R	I	NA	NA	NA
ERR701858	142	Intermediate	Africa	0.03	S	I100L NOT detected	indel(s) between 56th and 69th amino acid NOT detected	S	neg	S	neg	neg	S	neg	S	S-S-S-S-S	0	No	NA	S	NA	NA	NA
ERR701857	10	Dominant	Africa	2	R	I100L detected	indel(s) between 56th and 69th amino acid detected	R	neg	S	ermB1	neg	R	tet(S/M)	R	R-R-S-R-R	4	Yes	R	R	NA	R	R
ERR701856	5	Dominant	Africa	1	R	I100L detected	indel(s) between 56th and 69th amino acid detected	R	neg	S	neg	neg	S	neg	S	R-R-S-S-S	2	No	R	I	NA	NA	NA
ERR701855	2	Dominant	Africa	0.03	S	I100L NOT detected	indel(s) between 56th and 69th amino acid NOT detected	S	neg	S	neg	neg	S	neg	S	S-S-S-S-S	0	No	NA	S	NA	NA	NA
ERR701852	51	Intermediate	Africa	0.03	S	I100L NOT detected	indel(s) between 56th and 69th amino acid NOT detected	S	neg	S	neg	neg	S	neg	S	S-S-S-S-S	0	No	NA	S	NA	NA	NA
ERR701784	38	Intermediate	Africa	0.03	S	I100L NOT detected	indel(s) between 56th and 69th amino acid NOT detected	S	neg	S	neg	neg	S	neg	S	S-S-S-S-S	0	No	NA	S	NA	NA	NA
ERR701843	159	Intermediate	Africa	0.5	R	I100L detected	indel(s) between 56th and 69th amino acid detected	R	neg	S	neg	neg	S	neg	S	R-R-S-S-S	2	No	R	R	NA	NA	NA
ERR701842	14	Dominant	Africa	0.25	R	I100L detected	indel(s) between 56th and 69th amino acid detected	R	cat1	R	ermB1	neg	R	tetM	R	R-R-R-R-R	5	Yes	S	R	R	R	R
ERR701841	11	Dominant	Africa	0.03	S	I100L NOT detected	indel(s) between 56th and 69th amino acid detected	I	neg	S	neg	neg	S	neg	S	S-I-S-S-S	1	No	S	S	NA	NA	NA
ERR701839	37	Dominant	Africa	0.25	R	I100L detected	indel(s) between 56th and 69th amino acid detected	R	neg	S	neg	neg	S	neg	S	R-R-S-S-S	2	No	R	R	NA	NA	NA
ERR701783	10	Dominant	Africa	2	R	I100L detected	indel(s) between 56th and 69th amino acid NOT detected	I	neg	S	neg	neg	S	tetM	R	R-I-S-S-R	3	Yes	R	R	NA	NA	R
ERR701836	37	Dominant	Africa	0.25	R	I100L NOT detected	indel(s) between 56th and 69th amino acid detected	I	neg	S	neg	neg	S	neg	S	R-I-S-S-S	2	No	R	S	NA	NA	NA
ERR701834	171	Intermediate	Africa	0.03	S	I100L NOT detected	indel(s) between 56th and 69th amino acid detected	I	neg	S	neg	neg	S	neg	S	S-I-S-S-S	1	No	NA	I	NA	NA	NA
ERR701830	46	Intermediate	Africa	0.03	S	I100L NOT detected	indel(s) between 56th and 69th amino acid NOT detected	S	neg	S	neg	neg	S	neg	S	S-S-S-S-S	0	No	NA	S	NA	NA	NA
ERR701824	48	Intermediate	Africa	0.25	R	I100L detected	indel(s) between 56th and 69th amino acid NOT detected	I	neg	S	neg	neg	S	neg	S	R-I-S-S-S	2	No	R	R	NA	NA	NA
ERR701823	26	Dominant	Africa	0.03	S	I100L NOT detected	indel(s) between 56th and 69th amino acid detected	I	cat1	R	neg	neg	S	tetM	R	S-I-R-S-R	3	Yes	NA	S	R	NA	R
ERR701820	17	Dominant	Africa	0.25	R	I100L detected	indel(s) between 56th and 69th amino acid detected	R	neg	S	neg	mef1	R	tetM	R	R-R-S-R-R	4	Yes	R	R	NA	R	R
ERR701819	3	Dominant	Africa	0.03	S	I100L NOT detected	indel(s) between 56th and 69th amino acid NOT detected	S	neg	S	neg	neg	S	neg	S	S-S-S-S-S	0	No	NA	S	NA	NA	NA
ERR701817	37	Dominant	Africa	0.12	R	I100L detected	indel(s) between 56th and 69th amino acid NOT detected	I	neg	S	neg	neg	S	neg	S	R-I-S-S-S	2	No	S	I	NA	NA	NA
ERR701816	17	Dominant	Africa	0.25	R	I100L NOT detected	indel(s) between 56th and 69th amino acid detected	I	neg	S	neg	neg	S	neg	S	R-I-S-S-S	2	No	R	S	NA	NA	NA
ERR701815	24	Intermediate	Africa	0.03	S	I100L detected	indel(s) between 56th and 69th amino acid detected	R	neg	S	neg	neg	S	neg	S	S-R-S-S-S	1	No	NA	I	NA	NA	NA
ERR701812	9	Dominant	Africa	0.25	R	I100L detected	indel(s) between 56th and 69th amino acid detected	R	cat1	R	neg	neg	S	tetM	R	R-R-R-S-R	4	Yes	S	R	R	NA	R
ERR701808	54	Intermediate	Africa	0.03	S	I100L detected	indel(s) between 56th and 69th amino acid detected	R	neg	S	neg	neg	S	neg	S	S-R-S-S-S	1	No	NA	I	NA	NA	NA
ERR701805	41	Dominant	Africa	0.25	R	I100L detected	indel(s) between 56th and 69th amino acid detected	R	neg	S	ermB1	neg	R	tetM	R	R-R-S-R-R	4	Yes	R	I	NA	R	R
ERR701804	3	Dominant	Africa	0.03	S	I100L NOT detected	indel(s) between 56th and 69th amino acid NOT detected	S	neg	S	neg	neg	S	neg	S	S-S-S-S-S	0	No	NA	S	NA	NA	NA
ERR701802	10	Dominant	Africa	2	R	I100L detected	indel(s) between 56th and 69th amino acid detected	R	neg	S	ermB1	neg	R	tet(S/M)	R	R-R-S-R-R	4	Yes	R	R	NA	R	R
ERR701801	18	Dominant	Africa	2	R	I100L detected	indel(s) between 56th and 69th amino acid detected	R	neg	S	ermB1	neg	R	tetM	R	R-R-S-R-R	4	Yes	R	R	NA	R	R
ERR701800	14	Dominant	Africa	0.03	S	I100L NOT detected	indel(s) between 56th and 69th amino acid detected	I	neg	S	neg	mef1	R	tetM	R	S-I-S-R-R	3	Yes	NA	I	NA	R	R
ERR701799	14	Dominant	Africa	0.25	R	I100L detected	indel(s) between 56th and 69th amino acid detected	R	neg	S	neg	mef1	R	tetM	R	R-R-S-R-R	4	Yes	R	R	NA	R	R
ERR701797	17	Dominant	Africa	0.25	R	I100L detected	indel(s) between 56th and 69th amino acid NOT detected	I	neg	S	neg	neg	S	neg	S	R-I-S-S-S	2	No	R	R	NA	NA	NA
ERR701779	41	Dominant	Africa	0.25	R	I100L detected	indel(s) between 56th and 69th amino acid detected	R	neg	S	neg	neg	S	neg	S	R-R-S-S-S	2	No	R	R	NA	NA	NA
ERR701795	145	Intermediate	Africa	0.03	S	I100L NOT detected	indel(s) between 56th and 69th amino acid detected	I	neg	S	neg	neg	S	neg	S	S-I-S-S-S	1	No	NA	I	NA	NA	NA
ERR701794	77	Intermediate	Africa	0.25	R	I100L detected	indel(s) between 56th and 69th amino acid NOT detected	I	neg	S	neg	neg	S	neg	S	R-I-S-S-S	2	No	R	I	NA	NA	NA
ERR701792	145	Intermediate	Africa	0.03	S	I100L NOT detected	indel(s) between 56th and 69th amino acid detected	I	neg	S	neg	neg	S	neg	S	S-I-S-S-S	1	No	NA	I	NA	NA	NA
ERR701788	11	Dominant	Africa	0.03	S	I100L detected	indel(s) between 56th and 69th amino acid detected	R	neg	S	neg	neg	S	neg	S	S-R-S-S-S	1	No	NA	I	NA	NA	NA
ERR662396	59	Intermediate	North America	2	R	I100L NOT detected	indel(s) between 56th and 69th amino acid NOT detected	S	neg	S	neg	mef1	R	neg	S	R-S-S-R-S	2	No	R	S	S	R	S
ERR662460	27	Dominant	North America	0.12	R	I100L NOT detected	indel(s) between 56th and 69th amino acid NOT detected	S	neg	S	neg	neg	S	neg	S	R-S-S-S-S	1	No	S	S	S	S	I
ERR662459	3	Dominant	North America	0.03	S	I100L NOT detected	indel(s) between 56th and 69th amino acid NOT detected	S	neg	S	neg	neg	S	neg	S	S-S-S-S-S	0	No	S	S	S	S	I
ERR662458	32	Dominant	North America	0.03	S	I100L NOT detected	indel(s) between 56th and 69th amino acid NOT detected	S	neg	S	neg	neg	S	neg	S	S-S-S-S-S	0	No	S	S	S	S	I
ERR662395	3	Dominant	North America	0.03	S	I100L NOT detected	indel(s) between 56th and 69th amino acid NOT detected	S	neg	S	neg	neg	S	neg	S	S-S-S-S-S	0	No	S	S	S	S	S
ERR662457	15	Dominant	North America	0.03	S	I100L NOT detected	indel(s) between 56th and 69th amino acid NOT detected	S	neg	S	neg	neg	S	neg	S	S-S-S-S-S	0	No	S	S	S	S	I
ERR662456	4	Dominant	North America	0.03	S	I100L NOT detected	indel(s) between 56th and 69th amino acid NOT detected	S	neg	S	neg	neg	S	neg	S	S-S-S-S-S	0	No	S	S	S	S	I
ERR662394	32	Dominant	North America	0.03	S	I100L NOT detected	indel(s) between 56th and 69th amino acid NOT detected	S	neg	S	neg	neg	S	neg	S	S-S-S-S-S	0	No	S	S	S	S	S
ERR662393	4	Dominant	North America	0.03	S	I100L NOT detected	indel(s) between 56th and 69th amino acid NOT detected	S	neg	S	neg	neg	S	neg	S	S-S-S-S-S	0	No	S	S	S	S	S
ERR662392	57	Intermediate	North America	0.03	S	I100L NOT detected	indel(s) between 56th and 69th amino acid NOT detected	S	neg	S	neg	neg	S	neg	S	S-S-S-S-S	0	No	S	S	S	S	S
ERR662391	5	Dominant	North America	0.25	R	I100L NOT detected	indel(s) between 56th and 69th amino acid NOT detected	S	neg	S	neg	mef1	R	neg	S	R-S-S-R-S	2	No	R	S	S	R	S
ERR662390	4	Dominant	North America	0.03	S	I100L NOT detected	indel(s) between 56th and 69th amino acid NOT detected	S	neg	S	neg	neg	S	neg	S	S-S-S-S-S	0	No	S	S	S	S	S
ERR662402	3	Dominant	North America	0.03	S	I100L NOT detected	indel(s) between 56th and 69th amino acid NOT detected	S	neg	S	neg	neg	S	neg	S	S-S-S-S-S	0	No	S	S	S	S	S
ERR662401	59	Intermediate	North America	2	R	I100L NOT detected	indel(s) between 56th and 69th amino acid NOT detected	S	neg	S	neg	neg	S	neg	S	R-S-S-S-S	1	No	R	S	S	S	S
ERR662400	4	Dominant	North America	0.12	R	I100L NOT detected	indel(s) between 56th and 69th amino acid detected	I	neg	S	neg	neg	S	neg	S	R-I-S-S-S	2	No	R	I	S	S	S
ERR662399	59	Intermediate	North America	2	R	I100L NOT detected	indel(s) between 56th and 69th amino acid NOT detected	S	neg	S	neg	mef1	R	neg	S	R-S-S-R-S	2	No	R	S	S	R	S
ERR662398	57	Intermediate	North America	0.03	S	I100L NOT detected	indel(s) between 56th and 69th amino acid NOT detected	S	neg	S	neg	neg	S	neg	S	S-S-S-S-S	0	No	S	S	S	S	S
ERR662389	9	Dominant	North America	0.5	R	I100L NOT detected	indel(s) between 56th and 69th amino acid detected	I	neg	S	ermB1	neg	R	tetM	R	R-I-S-R-R	4	Yes	R	I	R	R	R
ERR662388	132	Intermediate	North America	0.25	R	I100L NOT detected	indel(s) between 56th and 69th amino acid detected	I	neg	S	neg	mef1	R	tetM	R	R-I-S-R-R	4	Yes	R	I	S	R	R
ERR662387	3	Dominant	North America	0.03	S	I100L NOT detected	indel(s) between 56th and 69th amino acid NOT detected	S	neg	S	neg	mef1	R	neg	S	S-S-S-R-S	1	No	S	S	S	R	S
ERR662386	32	Dominant	North America	0.03	S	I100L NOT detected	indel(s) between 56th and 69th amino acid NOT detected	S	neg	S	neg	neg	S	neg	S	S-S-S-S-S	0	No	S	S	S	S	S
ERR662385	4	Dominant	North America	0.03	S	I100L NOT detected	indel(s) between 56th and 69th amino acid NOT detected	S	neg	S	neg	neg	S	neg	S	S-S-S-S-S	0	No	S	S	S	S	S
ERR662384	59	Intermediate	North America	2	R	I100L NOT detected	indel(s) between 56th and 69th amino acid NOT detected	S	neg	S	neg	mef1	R	neg	S	R-S-S-R-S	2	No	R	S	S	R	S
ERR662383	3	Dominant	North America	0.03	S	I100L NOT detected	indel(s) between 56th and 69th amino acid NOT detected	S	neg	S	neg	mef1	R	neg	S	S-S-S-R-S	1	No	S	S	S	R	S
ERR662382	36	Intermediate	North America	0.03	S	I100L NOT detected	indel(s) between 56th and 69th amino acid NOT detected	S	neg	S	neg	neg	S	neg	S	S-S-S-S-S	0	No	S	S	S	S	S
ERR662380	132	Intermediate	North America	0.25	R	I100L NOT detected	indel(s) between 56th and 69th amino acid detected	I	neg	S	neg	mef1	R	tetM	R	R-I-S-R-R	4	Yes	R	I	S	R	R
ERR662379	5	Dominant	North America	0.03	S	I100L NOT detected	indel(s) between 56th and 69th amino acid NOT detected	S	neg	S	ermB1	neg	R	tetM	R	S-S-S-R-R	2	No	S	S	S	R	R
ERR662378	59	Intermediate	North America	2	R	I100L NOT detected	indel(s) between 56th and 69th amino acid NOT detected	S	neg	S	neg	mef1	R	neg	S	R-S-S-R-S	2	No	R	S	S	R	S
ERR662377	12	Dominant	North America	0.03	S	I100L NOT detected	indel(s) between 56th and 69th amino acid NOT detected	S	neg	S	neg	neg	S	neg	S	S-S-S-S-S	0	No	S	S	S	S	S
ERR662376	59	Intermediate	North America	2	R	I100L NOT detected	indel(s) between 56th and 69th amino acid NOT detected	S	neg	S	neg	neg	S	neg	S	R-S-S-S-S	1	No	R	S	S	S	S
ERR662375	59	Intermediate	North America	2	R	I100L NOT detected	indel(s) between 56th and 69th amino acid NOT detected	S	neg	S	neg	mef1	R	neg	S	R-S-S-R-S	2	No	R	S	S	R	S
ERR662374	132	Intermediate	North America	0.25	R	I100L NOT detected	indel(s) between 56th and 69th amino acid detected	I	neg	S	neg	mef1	R	tetM	R	R-I-S-R-R	4	Yes	R	I	S	R	R
ERR662373	32	Dominant	North America	0.03	S	I100L NOT detected	indel(s) between 56th and 69th amino acid NOT detected	S	neg	S	neg	neg	S	neg	S	S-S-S-S-S	0	No	S	S	S	S	S
ERR662311	4	Dominant	North America	0.12	R	I100L NOT detected	indel(s) between 56th and 69th amino acid NOT detected	S	neg	S	neg	neg	S	neg	S	R-S-S-S-S	1	No	R	S	S	S	I
ERR662310	119	Intermediate	North America	0.03	S	I100L NOT detected	indel(s) between 56th and 69th amino acid NOT detected	S	neg	S	neg	neg	S	neg	S	S-S-S-S-S	0	No	S	S	S	S	I
ERR662305	8	Dominant	North America	0.06	S	I100L NOT detected	indel(s) between 56th and 69th amino acid detected	I	neg	S	neg	neg	S	neg	S	S-I-S-S-S	1	No	S	I	S	S	I
ERR646619	21	Dominant	Africa	0.25	R	I100L detected	indel(s) between 56th and 69th amino acid detected	R	neg	S	neg	neg	S	neg	S	R-R-S-S-S	2	No	R	I	NA	NA	NA
ERR646538	41	Dominant	Africa	0.25	R	I100L detected	indel(s) between 56th and 69th amino acid detected	R	neg	S	neg	neg	S	neg	S	R-R-S-S-S	2	No	R	R	NA	NA	NA
ERR646618	18	Dominant	Africa	0.25	R	I100L detected	indel(s) between 56th and 69th amino acid detected	R	neg	S	ermB1	neg	R	tetM	R	R-R-S-R-R	4	Yes	R	R	NA	R	R
ERR646617	37	Dominant	Africa	0.03	S	I100L NOT detected	indel(s) between 56th and 69th amino acid detected	I	neg	S	neg	neg	S	neg	S	S-I-S-S-S	1	No	NA	I	NA	NA	NA
ERR646616	14	Dominant	Africa	0.03	S	I100L detected	indel(s) between 56th and 69th amino acid detected	R	neg	S	neg	mef1	R	tetM	R	S-R-S-R-R	3	Yes	NA	R	NA	R	R
ERR646615	17	Dominant	Africa	0.25	R	I100L detected	indel(s) between 56th and 69th amino acid detected	R	neg	S	neg	neg	S	neg	S	R-R-S-S-S	2	No	R	R	S	S	I
ERR646614	18	Dominant	Africa	0.25	R	I100L detected	indel(s) between 56th and 69th amino acid detected	R	neg	S	neg	neg	S	neg	S	R-R-S-S-S	2	No	R	R	S	S	I
ERR646611	14	Dominant	Africa	0.25	R	I100L detected	indel(s) between 56th and 69th amino acid detected	R	neg	S	neg	mef1	R	tetM	R	R-R-S-R-R	4	Yes	R	R	NA	R	R
ERR646609	24	Intermediate	Africa	0.03	S	I100L detected	indel(s) between 56th and 69th amino acid NOT detected	I	neg	S	neg	neg	S	neg	S	S-I-S-S-S	1	No	NA	R	NA	NA	S
ERR646537	14	Dominant	Africa	2	R	I100L detected	indel(s) between 56th and 69th amino acid detected	R	neg	S	ermB1	mef1	R	tetM	R	R-R-S-R-R	4	Yes	R	R	NA	R	R
ERR646608	90	Intermediate	Africa	0.12	R	I100L detected	indel(s) between 56th and 69th amino acid detected	R	neg	S	neg	neg	S	neg	S	R-R-S-S-S	2	No	S	R	NA	NA	NA
ERR646606	133	Intermediate	Africa	0.03	S	I100L NOT detected	indel(s) between 56th and 69th amino acid detected	I	neg	S	neg	neg	S	neg	S	S-I-S-S-S	1	No	S	I	S	S	I
ERR646605	17	Dominant	Africa	0.25	R	I100L detected	indel(s) between 56th and 69th amino acid NOT detected	I	neg	S	neg	neg	S	neg	S	R-I-S-S-S	2	No	R	R	S	S	I
ERR646603	77	Intermediate	Africa	0.25	R	I100L detected	indel(s) between 56th and 69th amino acid NOT detected	I	neg	S	neg	neg	S	neg	S	R-I-S-S-S	2	No	R	R	NA	NA	NA
ERR646601	14	Dominant	Africa	0.25	R	I100L NOT detected	indel(s) between 56th and 69th amino acid detected	I	neg	S	ermB1	neg	R	tetM	R	R-I-S-R-R	4	Yes	R	I	NA	R	R
ERR646600	10	Dominant	Africa	0.5	R	I100L detected	indel(s) between 56th and 69th amino acid NOT detected	I	neg	S	neg	neg	S	tetM	R	R-I-S-S-R	3	Yes	R	R	NA	NA	R
ERR646595	23	Dominant	Africa	2	R	I100L detected	indel(s) between 56th and 69th amino acid detected	R	cat1	R	ermB1	neg	R	tetM	R	R-R-R-R-R	5	Yes	R	R	R	R	R
ERR646593	48	Intermediate	Africa	0.25	R	I100L detected	indel(s) between 56th and 69th amino acid NOT detected	I	neg	S	neg	neg	S	neg	S	R-I-S-S-S	2	No	R	R	NA	NA	NA
ERR646592	56	Intermediate	Africa	0.03	S	I100L NOT detected	indel(s) between 56th and 69th amino acid NOT detected	S	neg	S	neg	neg	S	neg	S	S-S-S-S-S	0	No	NA	S	NA	NA	NA
ERR646591	21	Dominant	Africa	2	R	I100L detected	indel(s) between 56th and 69th amino acid detected	R	neg	S	neg	neg	S	neg	S	R-R-S-S-S	2	No	R	R	S	S	I
ERR646590	9	Dominant	Africa	0.25	R	I100L detected	indel(s) between 56th and 69th amino acid detected	R	cat1	R	neg	neg	S	tetM	R	R-R-R-S-R	4	Yes	R	R	R	S	R
ERR646589	18	Dominant	Africa	0.5	R	I100L NOT detected	indel(s) between 56th and 69th amino acid detected	I	neg	S	ermB1	neg	R	tetM	R	R-I-S-R-R	4	Yes	R	R	S	R	R
ERR646588	77	Intermediate	Africa	0.25	R	I100L detected	indel(s) between 56th and 69th amino acid NOT detected	I	neg	S	neg	neg	S	neg	S	R-I-S-S-S	2	No	R	I	NA	NA	NA
ERR646587	13	Dominant	Africa	0.03	S	I100L detected	indel(s) between 56th and 69th amino acid detected	R	neg	S	neg	neg	S	neg	S	S-R-S-S-S	1	No	NA	R	NA	NA	NA
ERR646585	33	Dominant	Africa	0.03	S	I100L NOT detected	indel(s) between 56th and 69th amino acid detected	I	neg	S	neg	neg	S	neg	S	S-I-S-S-S	1	No	NA	I	NA	NA	NA
ERR646584	10	Dominant	Africa	4	R	I100L detected	indel(s) between 56th and 69th amino acid detected	R	neg	S	ermB1	neg	R	tet(S/M)	R	R-R-S-R-R	4	Yes	R	R	NA	R	R
ERR646580	10	Dominant	Africa	4	R	I100L detected	indel(s) between 56th and 69th amino acid detected	R	neg	S	ermB1	neg	R	tet(S/M)	R	R-R-S-R-R	4	Yes	R	I	NA	R	R
ERR646535	21	Dominant	Africa	0.25	R	I100L detected	indel(s) between 56th and 69th amino acid detected	R	neg	S	neg	neg	S	neg	S	R-R-S-S-S	2	No	R	R	S	S	I
ERR646577	56	Intermediate	Africa	0.03	S	I100L NOT detected	indel(s) between 56th and 69th amino acid NOT detected	S	neg	S	neg	neg	S	neg	S	S-S-S-S-S	0	No	NA	S	NA	NA	NA
ERR646576	1	Dominant	Africa	4	R	I100L detected	indel(s) between 56th and 69th amino acid detected	R	neg	S	ermB1	mef1	R	tetM	R	R-R-S-R-R	4	Yes	R	R	NA	R	I
ERR646572	5	Dominant	Africa	0.5	R	I100L detected	indel(s) between 56th and 69th amino acid detected	R	neg	S	neg	neg	S	neg	S	R-R-S-S-S	2	No	R	R	NA	NA	NA
ERR646569	1	Dominant	Africa	4	R	I100L detected	indel(s) between 56th and 69th amino acid detected	R	neg	S	ermB1	mef1	R	tetM	R	R-R-S-R-R	4	Yes	R	R	NA	R	I
ERR646534	14	Dominant	Africa	0.25	R	I100L detected	indel(s) between 56th and 69th amino acid detected	R	neg	S	neg	mef1	R	tetM	R	R-R-S-R-R	4	Yes	R	R	S	R	R
ERR646568	17	Dominant	Africa	0.25	R	I100L NOT detected	indel(s) between 56th and 69th amino acid detected	I	neg	S	neg	neg	S	neg	S	R-I-S-S-S	2	No	S	R	NA	NA	NA
ERR646566	16	Dominant	Africa	0.25	R	I100L detected	indel(s) between 56th and 69th amino acid detected	R	cat1	R	ermB1	neg	R	tetM	R	R-R-R-R-R	5	Yes	R	R	R	R	R
ERR646565	17	Dominant	Africa	0.25	R	I100L detected	indel(s) between 56th and 69th amino acid detected	R	neg	S	neg	neg	S	neg	S	R-R-S-S-S	2	No	R	R	S	S	I
ERR646564	13	Dominant	Africa	0.03	S	I100L NOT detected	indel(s) between 56th and 69th amino acid detected	I	neg	S	neg	neg	S	neg	S	S-I-S-S-S	1	No	NA	S	NA	NA	NA
ERR646563	48	Intermediate	Africa	0.25	R	I100L detected	indel(s) between 56th and 69th amino acid NOT detected	I	neg	S	neg	neg	S	neg	S	R-I-S-S-S	2	No	R	R	NA	NA	NA
ERR646561	22	Dominant	Africa	0.06	S	I100L detected	indel(s) between 56th and 69th amino acid NOT detected	I	neg	S	neg	neg	S	neg	S	S-I-S-S-S	1	No	S	R	NA	NA	NA
ERR646533	11	Dominant	Africa	0.03	S	I100L NOT detected	indel(s) between 56th and 69th amino acid detected	I	neg	S	neg	neg	S	neg	S	S-I-S-S-S	1	No	NA	S	NA	NA	NA
ERR646558	37	Dominant	Africa	0.25	R	I100L detected	indel(s) between 56th and 69th amino acid detected	R	neg	S	neg	neg	S	neg	S	R-R-S-S-S	2	No	R	R	S	S	I
ERR646554	9	Dominant	Africa	0.25	R	I100L detected	indel(s) between 56th and 69th amino acid detected	R	neg	S	neg	neg	S	tetM	R	R-R-S-S-R	3	Yes	R	R	NA	NA	R
ERR646553	8	Dominant	Africa	0.06	S	I100L NOT detected	indel(s) between 56th and 69th amino acid NOT detected	S	neg	S	neg	neg	S	neg	S	S-S-S-S-S	0	No	S	S	NA	NA	NA
ERR646550	14	Dominant	Africa	0.25	R	I100L NOT detected	indel(s) between 56th and 69th amino acid NOT detected	S	cat1	R	ermB1	neg	R	tetM	R	R-S-R-R-R	4	Yes	R	I	R	R	R
ERR646548	270	Rare	Africa	0.25	R	I100L detected	indel(s) between 56th and 69th amino acid NOT detected	I	neg	S	neg	neg	S	neg	S	R-I-S-S-S	2	No	R	I	NA	NA	NA
ERR646546	18	Dominant	Africa	2	R	I100L detected	indel(s) between 56th and 69th amino acid detected	R	neg	S	ermB1	neg	R	tetM	R	R-R-S-R-R	4	Yes	R	R	NA	R	R
ERR646545	79	Intermediate	Africa	0.25	R	I100L NOT detected	indel(s) between 56th and 69th amino acid detected	I	neg	S	neg	neg	S	neg	S	R-I-S-S-S	2	No	R	I	NA	NA	NA
ERR646539	37	Dominant	Africa	2	R	I100L detected	indel(s) between 56th and 69th amino acid detected	R	neg	S	ermB1	neg	R	tetM	R	R-R-S-R-R	4	Yes	R	R	NA	R	R
ERR646531	41	Dominant	Africa	0.25	R	I100L detected	indel(s) between 56th and 69th amino acid detected	R	neg	S	neg	neg	S	neg	S	R-R-S-S-S	2	No	R	R	NA	NA	NA
ERR633118	9	Dominant	Africa	0.25	R	I100L NOT detected	indel(s) between 56th and 69th amino acid detected	I	neg	S	neg	neg	S	tetM	R	R-I-S-S-R	3	Yes	S	R	NA	NA	R
ERR633117	17	Dominant	Africa	0.25	R	I100L detected	indel(s) between 56th and 69th amino acid NOT detected	I	neg	S	neg	neg	S	neg	S	R-I-S-S-S	2	No	R	R	S	S	I
ERR633114	41	Dominant	Africa	0.25	R	I100L detected	indel(s) between 56th and 69th amino acid detected	R	neg	S	neg	neg	S	neg	S	R-R-S-S-S	2	No	R	R	S	S	I
ERR633113	2	Dominant	Africa	0.03	S	I100L NOT detected	indel(s) between 56th and 69th amino acid NOT detected	S	neg	S	neg	neg	S	neg	S	S-S-S-S-S	0	No	NA	S	S	S	I
ERR633111	13	Dominant	Africa	0.12	R	I100L detected	indel(s) between 56th and 69th amino acid NOT detected	I	neg	S	neg	neg	S	neg	S	R-I-S-S-S	2	No	S	I	S	S	I
ERR633110	37	Dominant	Africa	0.25	R	I100L detected	indel(s) between 56th and 69th amino acid detected	R	neg	S	ermB1	neg	R	tetM	R	R-R-S-R-R	4	Yes	R	R	S	R	R
ERR633109	10	Dominant	Africa	2	R	I100L detected	indel(s) between 56th and 69th amino acid detected	R	neg	S	ermB1	neg	R	tet(S/M)	R	R-R-S-R-R	4	Yes	R	R	S	R	R
ERR633107	77	Intermediate	Africa	0.25	R	I100L NOT detected	indel(s) between 56th and 69th amino acid NOT detected	S	neg	S	neg	neg	S	neg	S	R-S-S-S-S	1	No	R	I	S	S	I
ERR633106	17	Dominant	Africa	0.25	R	I100L NOT detected	indel(s) between 56th and 69th amino acid detected	I	neg	S	neg	neg	S	neg	S	R-I-S-S-S	2	No	R	I	S	S	I
ERR633105	36	Intermediate	Africa	0.03	S	I100L NOT detected	indel(s) between 56th and 69th amino acid detected	I	neg	S	neg	neg	S	neg	S	S-I-S-S-S	1	No	S	I	S	S	I
ERR633102	10	Dominant	Africa	2	R	I100L detected	indel(s) between 56th and 69th amino acid detected	R	neg	S	ermB1	neg	R	tet(S/M)	R	R-R-S-R-R	4	Yes	R	R	S	R	R
ERR633032	17	Dominant	Africa	0.25	R	I100L detected	indel(s) between 56th and 69th amino acid detected	R	neg	S	neg	mef1	R	neg	S	R-R-S-R-S	3	Yes	R	R	S	R	I
ERR633099	13	Dominant	Africa	0.03	S	I100L NOT detected	indel(s) between 56th and 69th amino acid detected	I	neg	S	neg	neg	S	neg	S	S-I-S-S-S	1	No	NA	S	NA	NA	NA
ERR633092	169	Intermediate	Africa	0.03	S	I100L NOT detected	indel(s) between 56th and 69th amino acid NOT detected	S	neg	S	neg	neg	S	neg	S	S-S-S-S-S	0	No	NA	S	NA	NA	NA
ERR633089	52	Intermediate	Africa	0.03	S	I100L NOT detected	indel(s) between 56th and 69th amino acid NOT detected	S	neg	S	neg	neg	S	neg	S	S-S-S-S-S	0	No	S	S	S	S	I
ERR633088	19	Dominant	Africa	0.03	S	I100L NOT detected	indel(s) between 56th and 69th amino acid NOT detected	S	neg	S	neg	neg	S	neg	S	S-S-S-S-S	0	No	S	S	S	S	I
ERR633086	1	Dominant	Africa	2	R	I100L detected	indel(s) between 56th and 69th amino acid detected	R	neg	S	ermB1	mef1	R	tetM	R	R-R-S-R-R	4	Yes	R	R	S	R	R
ERR633083	113	Intermediate	Africa	2	R	I100L detected	indel(s) between 56th and 69th amino acid detected	R	neg	S	neg	neg	S	neg	S	R-R-S-S-S	2	No	R	R	S	S	S
ERR633082	17	Dominant	Africa	0.25	R	I100L detected	indel(s) between 56th and 69th amino acid NOT detected	I	neg	S	neg	neg	S	neg	S	R-I-S-S-S	2	No	R	R	S	S	I
ERR633030	37	Dominant	Africa	0.12	R	I100L detected	indel(s) between 56th and 69th amino acid detected	R	neg	S	neg	neg	S	neg	S	R-R-S-S-S	2	No	R	R	S	S	I
ERR633081	3	Dominant	Africa	0.03	S	I100L NOT detected	indel(s) between 56th and 69th amino acid NOT detected	S	neg	S	neg	neg	S	neg	S	S-S-S-S-S	0	No	S	S	S	S	I
ERR633078	41	Dominant	Africa	0.25	R	I100L detected	indel(s) between 56th and 69th amino acid detected	R	neg	S	neg	neg	S	neg	S	R-R-S-S-S	2	No	R	R	S	S	I
ERR633077	10	Dominant	Africa	2	R	I100L detected	indel(s) between 56th and 69th amino acid detected	R	neg	S	ermB1	neg	R	tet(S/M)	R	R-R-S-R-R	4	Yes	R	R	S	R	R
ERR633075	14	Dominant	Africa	0.03	S	I100L detected	indel(s) between 56th and 69th amino acid detected	R	neg	S	neg	mef1	R	tetM	R	S-R-S-R-R	3	Yes	NA	R	NA	R	R
ERR633074	22	Dominant	Africa	0.03	S	I100L detected	indel(s) between 56th and 69th amino acid NOT detected	I	neg	S	neg	neg	S	neg	S	S-I-S-S-S	1	No	S	R	S	S	I
ERR633071	37	Dominant	Africa	0.25	R	I100L detected	indel(s) between 56th and 69th amino acid detected	R	neg	S	neg	neg	S	neg	S	R-R-S-S-S	2	No	R	R	S	S	I
ERR633070	1	Dominant	Africa	4	R	I100L detected	indel(s) between 56th and 69th amino acid detected	R	neg	S	neg	neg	S	neg	S	R-R-S-S-S	2	No	R	R	S	S	I
ERR633068	205	Intermediate	Africa	0.12	R	I100L detected	indel(s) between 56th and 69th amino acid detected	R	neg	S	neg	neg	S	neg	S	R-R-S-S-S	2	No	S	I	S	S	S
ERR633067	9	Dominant	Africa	0.25	R	I100L NOT detected	indel(s) between 56th and 69th amino acid detected	I	neg	S	neg	neg	S	tetM	R	R-I-S-S-R	3	Yes	R	I	S	S	R
ERR633066	5	Dominant	Africa	0.5	R	I100L detected	indel(s) between 56th and 69th amino acid detected	R	neg	S	neg	neg	S	neg	S	R-R-S-S-S	2	No	R	R	S	S	I
ERR633065	5	Dominant	Africa	0.25	R	I100L detected	indel(s) between 56th and 69th amino acid detected	R	neg	S	neg	mef1	R	neg	S	R-R-S-R-S	3	Yes	R	R	S	R	I
ERR633064	9	Dominant	Africa	0.25	R	I100L NOT detected	indel(s) between 56th and 69th amino acid detected	I	neg	S	neg	neg	S	tetM	R	R-I-S-S-R	3	Yes	R	I	S	S	R
ERR633063	2	Dominant	Africa	0.03	S	I100L NOT detected	indel(s) between 56th and 69th amino acid NOT detected	S	neg	S	neg	neg	S	neg	S	S-S-S-S-S	0	No	NA	S	NA	NA	NA
ERR633060	2	Dominant	Africa	0.03	S	I100L NOT detected	indel(s) between 56th and 69th amino acid NOT detected	S	neg	S	neg	neg	S	neg	S	S-S-S-S-S	0	No	NA	S	NA	NA	NA
ERR633058	10	Dominant	Africa	2	R	I100L detected	indel(s) between 56th and 69th amino acid detected	R	neg	S	ermB1	neg	R	tet(S/M)	R	R-R-S-R-R	4	Yes	R	R	S	R	R
ERR633057	56	Intermediate	Africa	0.03	S	I100L NOT detected	indel(s) between 56th and 69th amino acid NOT detected	S	neg	S	neg	neg	S	neg	S	S-S-S-S-S	0	No	S	S	S	S	I
ERR633054	14	Dominant	Africa	0.25	R	I100L detected	indel(s) between 56th and 69th amino acid detected	R	neg	S	neg	mef1	R	tetM	R	R-R-S-R-R	4	Yes	R	R	S	R	R
ERR633053	17	Dominant	Africa	0.25	R	I100L detected	indel(s) between 56th and 69th amino acid NOT detected	I	neg	S	neg	neg	S	neg	S	R-I-S-S-S	2	No	R	R	S	S	I
ERR633028	18	Dominant	Africa	2	R	I100L detected	indel(s) between 56th and 69th amino acid detected	R	neg	S	ermB1	neg	R	tetM	R	R-R-S-R-R	4	Yes	R	R	S	R	R
ERR633052	77	Intermediate	Africa	0.25	R	I100L NOT detected	indel(s) between 56th and 69th amino acid NOT detected	S	neg	S	neg	neg	S	neg	S	R-S-S-S-S	1	No	R	I	S	S	S
ERR633051	18	Dominant	Africa	2	R	I100L detected	indel(s) between 56th and 69th amino acid detected	R	neg	S	ermB1	neg	R	tetM	R	R-R-S-R-R	4	Yes	R	R	S	R	R
ERR633049	14	Dominant	Africa	0.25	R	I100L detected	indel(s) between 56th and 69th amino acid detected	R	cat1	R	ermB1	neg	R	tetM	R	R-R-R-R-R	5	Yes	R	R	R	R	R
ERR633046	51	Intermediate	Africa	0.03	S	I100L NOT detected	indel(s) between 56th and 69th amino acid NOT detected	S	neg	S	neg	neg	S	neg	S	S-S-S-S-S	0	No	NA	I	NA	NA	NA
ERR633044	37	Dominant	Africa	0.5	R	I100L detected	indel(s) between 56th and 69th amino acid detected	R	neg	S	ermB1	neg	R	tetM	R	R-R-S-R-R	4	Yes	R	R	S	R	R
ERR633040	9	Dominant	Africa	0.25	R	I100L NOT detected	indel(s) between 56th and 69th amino acid detected	I	neg	S	neg	neg	S	tetM	R	R-I-S-S-R	3	Yes	R	R	S	S	R
ERR633038	13	Dominant	Africa	0.03	S	I100L NOT detected	indel(s) between 56th and 69th amino acid NOT detected	S	neg	S	neg	neg	S	neg	S	S-S-S-S-S	0	No	NA	S	NA	NA	NA
ERR633037	2	Dominant	Africa	0.03	S	I100L NOT detected	indel(s) between 56th and 69th amino acid NOT detected	S	neg	S	neg	neg	S	neg	S	S-S-S-S-S	0	No	NA	S	NA	NA	NA
ERR633036	255	Rare	Africa	0.12	R	I100L NOT detected	indel(s) between 56th and 69th amino acid NOT detected	S	neg	S	neg	neg	S	neg	S	R-S-S-S-S	1	No	R	S	S	S	I
ERR633034	17	Dominant	Africa	0.25	R	I100L detected	indel(s) between 56th and 69th amino acid NOT detected	I	neg	S	neg	neg	S	neg	S	R-I-S-S-S	2	No	R	R	S	S	I
ERR633033	49	Intermediate	Africa	0.03	S	I100L NOT detected	indel(s) between 56th and 69th amino acid NOT detected	S	neg	S	neg	neg	S	neg	S	S-S-S-S-S	0	No	S	S	S	S	I
ERR633026	14	Dominant	Africa	0.25	R	I100L detected	indel(s) between 56th and 69th amino acid detected	R	neg	S	neg	mef1	R	tetM	R	R-R-S-R-R	4	Yes	R	R	S	I	R
ERR633025	37	Dominant	Africa	0.25	R	I100L detected	indel(s) between 56th and 69th amino acid detected	R	neg	S	neg	neg	S	neg	S	R-R-S-S-S	2	No	R	R	S	S	I
ERR633023	41	Dominant	Africa	0.25	R	I100L detected	indel(s) between 56th and 69th amino acid detected	R	neg	S	ermB1	neg	R	tetM	R	R-R-S-R-R	4	Yes	R	R	S	R	R
ERR633019	17	Dominant	Africa	0.25	R	I100L detected	indel(s) between 56th and 69th amino acid NOT detected	I	neg	S	neg	neg	S	neg	S	R-I-S-S-S	2	No	R	R	S	S	I
ERR633016	2	Dominant	Africa	0.03	S	I100L NOT detected	indel(s) between 56th and 69th amino acid NOT detected	S	neg	S	neg	neg	S	neg	S	S-S-S-S-S	0	No	NA	S	NA	NA	NA
ERR633013	37	Dominant	Africa	1	R	I100L detected	indel(s) between 56th and 69th amino acid detected	R	neg	S	ermB1	neg	R	tetM	R	R-R-S-R-R	4	Yes	R	R	S	R	R
ERR633012	1	Dominant	Africa	2	R	I100L detected	indel(s) between 56th and 69th amino acid detected	R	neg	S	ermB1	mef1	R	tetM	R	R-R-S-R-R	4	Yes	R	R	S	R	R
ERR633010	3	Dominant	Africa	0.03	S	I100L NOT detected	indel(s) between 56th and 69th amino acid NOT detected	S	neg	S	neg	neg	S	neg	S	S-S-S-S-S	0	No	NA	S	NA	NA	NA
ERR633006	18	Dominant	Africa	2	R	I100L detected	indel(s) between 56th and 69th amino acid detected	R	neg	S	ermB1	neg	R	tetM	R	R-R-S-R-R	4	Yes	R	R	S	R	R
ERR633003	10	Dominant	Africa	0.5	R	I100L detected	indel(s) between 56th and 69th amino acid NOT detected	I	neg	S	neg	neg	S	tetM	R	R-I-S-S-R	3	Yes	R	R	S	S	R
ERR633001	1	Dominant	Africa	4	R	I100L detected	indel(s) between 56th and 69th amino acid detected	R	neg	S	neg	neg	S	neg	S	R-R-S-S-S	2	No	R	R	S	S	S
ERR633000	24	Intermediate	Africa	0.03	S	I100L detected	indel(s) between 56th and 69th amino acid detected	R	neg	S	neg	neg	S	neg	S	S-R-S-S-S	1	No	NA	R	NA	NA	NA
ERR632998	3	Dominant	Africa	0.03	S	I100L NOT detected	indel(s) between 56th and 69th amino acid NOT detected	S	neg	S	neg	neg	S	neg	S	S-S-S-S-S	0	No	NA	S	NA	NA	NA
ERR632996	54	Intermediate	Africa	0.03	S	I100L NOT detected	indel(s) between 56th and 69th amino acid detected	I	neg	S	neg	neg	S	neg	S	S-I-S-S-S	1	No	NA	S	NA	NA	NA
ERR632994	14	Dominant	Africa	0.03	S	I100L detected	indel(s) between 56th and 69th amino acid detected	R	neg	S	neg	mef1	R	tetM	R	S-R-S-R-R	3	Yes	NA	I	NA	R	R
ERR632993	18	Dominant	Africa	0.25	R	I100L NOT detected	indel(s) between 56th and 69th amino acid detected	I	neg	S	ermB1	neg	R	tetM	R	R-I-S-R-R	4	Yes	R	I	S	R	R
ERR632992	23	Dominant	Africa	2	R	I100L detected	indel(s) between 56th and 69th amino acid detected	R	neg	S	ermB1	neg	R	tetM	R	R-R-S-R-R	4	Yes	R	R	S	R	R
ERR632965	67	Intermediate	Africa	0.03	S	I100L NOT detected	indel(s) between 56th and 69th amino acid NOT detected	S	neg	S	neg	neg	S	neg	S	S-S-S-S-S	0	No	NA	S	NA	NA	NA
ERR632987	79	Intermediate	Africa	0.25	R	I100L NOT detected	indel(s) between 56th and 69th amino acid detected	I	neg	S	neg	neg	S	neg	S	R-I-S-S-S	2	No	R	R	S	R	R
ERR632984	10	Dominant	Africa	0.5	R	I100L detected	indel(s) between 56th and 69th amino acid NOT detected	I	neg	S	neg	neg	S	tetM	R	R-I-S-S-R	3	Yes	R	R	S	S	R
ERR632983	9	Dominant	Africa	0.25	R	I100L NOT detected	indel(s) between 56th and 69th amino acid detected	I	neg	S	neg	neg	S	tetM	R	R-I-S-S-R	3	Yes	R	R	S	R	R
ERR632964	5	Dominant	Africa	0.03	S	I100L NOT detected	indel(s) between 56th and 69th amino acid detected	I	neg	S	neg	neg	S	neg	S	S-I-S-S-S	1	No	NA	S	NA	NA	NA
ERR632978	24	Intermediate	Africa	0.03	S	I100L detected	indel(s) between 56th and 69th amino acid NOT detected	I	neg	S	neg	neg	S	neg	S	S-I-S-S-S	1	No	NA	I	NA	NA	NA
ERR632975	54	Intermediate	Africa	0.03	S	I100L detected	indel(s) between 56th and 69th amino acid detected	R	neg	S	neg	neg	S	neg	S	S-R-S-S-S	1	No	NA	I	NA	NA	NA
ERR632971	32	Dominant	Africa	0.03	S	I100L NOT detected	indel(s) between 56th and 69th amino acid NOT detected	S	neg	S	neg	neg	S	neg	S	S-S-S-S-S	0	No	NA	S	NA	NA	NA
ERR632963	14	Dominant	Africa	0.25	R	I100L detected	indel(s) between 56th and 69th amino acid NOT detected	I	neg	S	ermB1	neg	R	tetM	R	R-I-S-R-R	4	Yes	R	R	S	R	R
ERR600628	5	Dominant	Africa	0.25	R	I100L detected	indel(s) between 56th and 69th amino acid detected	R	neg	S	neg	mef1	R	neg	S	R-R-S-R-S	3	Yes	R	R	S	R	I
ERR600627	13	Dominant	Africa	0.03	S	I100L NOT detected	indel(s) between 56th and 69th amino acid NOT detected	S	neg	S	neg	neg	S	neg	S	S-S-S-S-S	0	No	NA	S	NA	NA	NA
ERR600624	10	Dominant	Africa	2	R	I100L detected	indel(s) between 56th and 69th amino acid detected	R	neg	S	ermB1	neg	R	tet(S/M)	R	R-R-S-R-R	4	Yes	R	R	S	R	R
ERR600622	5	Dominant	Africa	0.25	R	I100L detected	indel(s) between 56th and 69th amino acid detected	R	neg	S	neg	mef1	R	neg	S	R-R-S-R-S	3	Yes	R	R	S	R	I
ERR600620	2	Dominant	Africa	0.03	S	I100L NOT detected	indel(s) between 56th and 69th amino acid NOT detected	S	neg	S	neg	neg	S	neg	S	S-S-S-S-S	0	No	NA	S	NA	NA	NA
ERR600598	47	Dominant	Africa	0.12	R	I100L NOT detected	indel(s) between 56th and 69th amino acid detected	I	neg	S	ermB1	neg	R	tetM	R	R-I-S-R-R	4	Yes	R	S	S	R	R
ERR600618	17	Dominant	Africa	0.25	R	I100L detected	indel(s) between 56th and 69th amino acid detected	R	neg	S	neg	neg	S	neg	S	R-R-S-S-S	2	No	R	R	S	S	S
ERR600617	24	Intermediate	Africa	0.03	S	I100L detected	indel(s) between 56th and 69th amino acid detected	R	neg	S	neg	neg	S	neg	S	S-R-S-S-S	1	No	NA	R	NA	NA	NA
ERR600615	37	Dominant	Africa	0.03	S	I100L detected	indel(s) between 56th and 69th amino acid detected	R	neg	S	neg	neg	S	neg	S	S-R-S-S-S	1	No	NA	I	NA	NA	NA
ERR600612	14	Dominant	Africa	0.25	R	I100L detected	indel(s) between 56th and 69th amino acid detected	R	neg	S	neg	mef1	R	tetM	R	R-R-S-R-R	4	Yes	R	R	S	R	R
ERR600609	18	Dominant	Africa	2	R	I100L detected	indel(s) between 56th and 69th amino acid detected	R	neg	S	ermB1	neg	R	tetM	R	R-R-S-R-R	4	Yes	R	R	S	R	R
ERR600597	13	Dominant	Africa	0.03	S	I100L NOT detected	indel(s) between 56th and 69th amino acid NOT detected	S	neg	S	neg	neg	S	neg	S	S-S-S-S-S	0	No	NA	S	NA	NA	NA
ERR600608	41	Dominant	Africa	0.25	R	I100L detected	indel(s) between 56th and 69th amino acid detected	R	neg	S	neg	neg	S	neg	S	R-R-S-S-S	2	No	R	R	S	S	I
ERR600604	14	Dominant	Africa	0.25	R	I100L detected	indel(s) between 56th and 69th amino acid detected	R	neg	S	neg	mef1	R	tetM	R	R-R-S-R-R	4	Yes	R	R	S	R	R
ERR600601	18	Dominant	Africa	2	R	I100L detected	indel(s) between 56th and 69th amino acid detected	R	neg	S	ermB1	neg	R	tetM	R	R-R-S-R-R	4	Yes	R	R	S	R	R
ERR600599	17	Dominant	Africa	0.25	R	I100L detected	indel(s) between 56th and 69th amino acid detected	R	neg	S	neg	neg	S	neg	S	R-R-S-S-S	2	No	R	R	S	S	I
ERR600596	32	Dominant	Africa	0.03	S	I100L NOT detected	indel(s) between 56th and 69th amino acid NOT detected	S	neg	S	neg	neg	S	neg	S	S-S-S-S-S	0	No	NA	S	NA	NA	NA
ERR600595	41	Dominant	Africa	0.25	R	I100L detected	indel(s) between 56th and 69th amino acid detected	R	neg	S	neg	neg	S	neg	S	R-R-S-S-S	2	No	R	R	S	S	I
ERR600592	2	Dominant	Africa	0.03	S	I100L NOT detected	indel(s) between 56th and 69th amino acid NOT detected	S	neg	S	neg	neg	S	neg	S	S-S-S-S-S	0	No	NA	S	NA	NA	NA
ERR600589	2	Dominant	Africa	0.03	S	I100L NOT detected	indel(s) between 56th and 69th amino acid NOT detected	S	neg	S	neg	neg	S	neg	S	S-S-S-S-S	0	No	NA	S	NA	NA	NA
ERR600509	18	Dominant	Africa	2	R	I100L detected	indel(s) between 56th and 69th amino acid detected	R	neg	S	ermB1	neg	R	tetM	R	R-R-S-R-R	4	Yes	R	R	NA	R	R
ERR600588	199	Intermediate	Africa	0.03	S	I100L NOT detected	indel(s) between 56th and 69th amino acid NOT detected	S	neg	S	neg	neg	S	neg	S	S-S-S-S-S	0	No	NA	S	NA	NA	NA
ERR600587	68	Intermediate	Africa	0.03	S	I100L NOT detected	indel(s) between 56th and 69th amino acid NOT detected	S	neg	S	neg	neg	S	neg	S	S-S-S-S-S	0	No	NA	S	NA	NA	NA
ERR600586	48	Intermediate	Africa	0.25	R	I100L detected	indel(s) between 56th and 69th amino acid NOT detected	I	neg	S	neg	neg	S	neg	S	R-I-S-S-S	2	No	R	R	NA	NA	NA
ERR600585	24	Intermediate	Africa	0.03	S	I100L detected	indel(s) between 56th and 69th amino acid NOT detected	I	neg	S	neg	neg	S	neg	S	S-I-S-S-S	1	No	NA	R	NA	NA	NA
ERR600584	70	Intermediate	Africa	0.03	S	I100L NOT detected	indel(s) between 56th and 69th amino acid NOT detected	S	neg	S	neg	neg	S	neg	S	S-S-S-S-S	0	No	NA	S	NA	NA	NA
ERR600582	21	Dominant	Africa	0.25	R	I100L detected	indel(s) between 56th and 69th amino acid detected	R	neg	S	neg	neg	S	neg	S	R-R-S-S-S	2	No	R	R	S	S	I
ERR600579	17	Dominant	Africa	0.25	R	I100L detected	indel(s) between 56th and 69th amino acid NOT detected	I	neg	S	neg	neg	S	neg	S	R-I-S-S-S	2	No	R	R	NA	NA	NA
ERR600576	14	Dominant	Africa	0.06	S	I100L detected	indel(s) between 56th and 69th amino acid detected	R	neg	S	neg	mef1	R	tetM	R	S-R-S-R-R	3	Yes	R	R	S	R	R
ERR600571	2	Dominant	Africa	0.03	S	I100L NOT detected	indel(s) between 56th and 69th amino acid NOT detected	S	neg	S	neg	neg	S	neg	S	S-S-S-S-S	0	No	NA	S	NA	NA	NA
ERR600570	10	Dominant	Africa	2	R	I100L detected	indel(s) between 56th and 69th amino acid detected	R	neg	S	ermB1	neg	R	tet(S/M)	R	R-R-S-R-R	4	Yes	R	R	NA	R	R
ERR600569	67	Intermediate	Africa	0.03	S	I100L NOT detected	indel(s) between 56th and 69th amino acid NOT detected	S	neg	S	neg	neg	S	neg	S	S-S-S-S-S	0	No	NA	S	NA	NA	NA
ERR600567	10	Dominant	Africa	2	R	I100L detected	indel(s) between 56th and 69th amino acid detected	R	neg	S	ermB1	neg	R	tet(S/M)	R	R-R-S-R-R	4	Yes	R	R	S	R	R
ERR600564	24	Intermediate	Africa	0.03	S	I100L detected	indel(s) between 56th and 69th amino acid detected	R	neg	S	neg	neg	S	neg	S	S-R-S-S-S	1	No	NA	R	NA	NA	NA
ERR600563	68	Intermediate	Africa	0.03	S	I100L NOT detected	indel(s) between 56th and 69th amino acid NOT detected	S	neg	S	neg	neg	S	neg	S	S-S-S-S-S	0	No	NA	S	NA	NA	NA
ERR600562	14	Dominant	Africa	0.03	S	I100L detected	indel(s) between 56th and 69th amino acid detected	R	neg	S	neg	mef1	R	tetM	R	S-R-S-R-R	3	Yes	NA	R	NA	R	R
ERR600556	205	Intermediate	Africa	0.12	R	I100L NOT detected	indel(s) between 56th and 69th amino acid detected	I	neg	S	neg	neg	S	neg	S	R-I-S-S-S	2	No	S	S	NA	NA	NA
ERR600555	3	Dominant	Africa	0.03	S	I100L NOT detected	indel(s) between 56th and 69th amino acid NOT detected	S	neg	S	neg	neg	S	neg	S	S-S-S-S-S	0	No	NA	S	NA	NA	NA
ERR600554	17	Dominant	Africa	0.25	R	I100L detected	indel(s) between 56th and 69th amino acid detected	R	neg	S	neg	neg	S	neg	S	R-R-S-S-S	2	No	R	R	S	S	I
ERR600553	68	Intermediate	Africa	0.03	S	I100L NOT detected	indel(s) between 56th and 69th amino acid NOT detected	S	neg	S	neg	neg	S	neg	S	S-S-S-S-S	0	No	NA	S	NA	NA	NA
ERR600549	14	Dominant	Africa	0.06	S	I100L detected	indel(s) between 56th and 69th amino acid detected	R	neg	S	neg	mef1	R	tetM	R	S-R-S-R-R	3	Yes	S	R	NA	R	NA
ERR600548	241	Rare	Africa	0.03	S	I100L NOT detected	indel(s) between 56th and 69th amino acid detected	I	neg	S	neg	neg	S	neg	S	S-I-S-S-S	1	No	NA	I	NA	NA	NA
ERR600547	37	Dominant	Africa	0.25	R	I100L detected	indel(s) between 56th and 69th amino acid detected	R	neg	S	neg	neg	S	neg	S	R-R-S-S-S	2	No	R	R	NA	NA	NA
ERR600541	41	Dominant	Africa	0.25	R	I100L detected	indel(s) between 56th and 69th amino acid detected	R	neg	S	neg	neg	S	neg	S	R-R-S-S-S	2	No	R	R	NA	NA	NA
ERR600540	255	Rare	Africa	0.06	S	I100L NOT detected	indel(s) between 56th and 69th amino acid NOT detected	S	neg	S	neg	neg	S	neg	S	S-S-S-S-S	0	No	S	S	NA	NA	NA
ERR600536	18	Dominant	Africa	1	R	I100L detected	indel(s) between 56th and 69th amino acid detected	R	neg	S	ermB1	neg	R	tetM	R	R-R-S-R-R	4	Yes	R	R	S	R	R
ERR600535	21	Dominant	Africa	0.25	R	I100L detected	indel(s) between 56th and 69th amino acid detected	R	neg	S	neg	neg	S	neg	S	R-R-S-S-S	2	No	R	R	S	S	I
ERR600533	114	Intermediate	Africa	0.03	S	I100L NOT detected	indel(s) between 56th and 69th amino acid NOT detected	S	neg	S	neg	neg	S	neg	S	S-S-S-S-S	0	No	NA	S	NA	NA	NA
ERR600531	8	Dominant	Africa	0.03	S	I100L NOT detected	indel(s) between 56th and 69th amino acid NOT detected	S	neg	S	neg	neg	S	neg	S	S-S-S-S-S	0	No	NA	S	NA	NA	NA
ERR600530	14	Dominant	Africa	0.5	R	I100L detected	indel(s) between 56th and 69th amino acid detected	R	neg	S	neg	mef1	R	tetM	R	R-R-S-R-R	4	Yes	R	R	S	R	R
ERR600503	21	Dominant	Africa	0.25	R	I100L detected	indel(s) between 56th and 69th amino acid detected	R	neg	S	neg	neg	S	neg	S	R-R-S-S-S	2	No	R	R	S	S	I
ERR600528	34	Dominant	Africa	0.03	S	I100L NOT detected	indel(s) between 56th and 69th amino acid detected	I	neg	S	neg	neg	S	neg	S	S-I-S-S-S	1	No	NA	S	NA	NA	NA
ERR600527	93	Intermediate	Africa	0.03	S	I100L NOT detected	indel(s) between 56th and 69th amino acid NOT detected	S	neg	S	neg	neg	S	neg	S	S-S-S-S-S	0	No	NA	S	NA	NA	NA
ERR600524	7	Dominant	Africa	0.03	S	I100L NOT detected	indel(s) between 56th and 69th amino acid NOT detected	S	neg	S	neg	neg	S	neg	S	S-S-S-S-S	0	No	NA	S	NA	NA	NA
ERR600523	1	Dominant	Africa	4	R	I100L detected	indel(s) between 56th and 69th amino acid detected	R	neg	S	neg	neg	S	neg	S	R-R-S-S-S	2	No	R	R	NA	NA	NA
ERR600522	37	Dominant	Africa	0.25	R	I100L detected	indel(s) between 56th and 69th amino acid detected	R	neg	S	neg	neg	S	neg	S	R-R-S-S-S	2	No	R	R	S	S	I
ERR600521	1	Dominant	Africa	2	R	I100L detected	indel(s) between 56th and 69th amino acid detected	R	neg	S	ermB1	mef1	R	tetM	R	R-R-S-R-R	4	Yes	R	R	S	R	R
ERR600502	13	Dominant	Africa	0.12	R	I100L detected	indel(s) between 56th and 69th amino acid detected	R	neg	S	neg	neg	S	neg	S	R-R-S-S-S	2	No	S	I	NA	NA	NA
ERR600519	41	Dominant	Africa	0.25	R	I100L detected	indel(s) between 56th and 69th amino acid detected	R	neg	S	neg	neg	S	neg	S	R-R-S-S-S	2	No	R	R	S	S	I
ERR600516	48	Intermediate	Africa	0.25	R	I100L detected	indel(s) between 56th and 69th amino acid NOT detected	I	neg	S	neg	neg	S	neg	S	R-I-S-S-S	2	No	R	R	NA	NA	NA
ERR600515	52	Intermediate	Africa	0.03	S	I100L NOT detected	indel(s) between 56th and 69th amino acid NOT detected	S	neg	S	neg	neg	S	neg	S	S-S-S-S-S	0	No	NA	S	NA	NA	NA
ERR600514	192	Intermediate	Africa	0.03	S	I100L NOT detected	indel(s) between 56th and 69th amino acid NOT detected	S	neg	S	neg	neg	S	neg	S	S-S-S-S-S	0	No	NA	S	NA	NA	NA
ERR600511	17	Dominant	Africa	0.25	R	I100L detected	indel(s) between 56th and 69th amino acid NOT detected	I	neg	S	neg	neg	S	neg	S	R-I-S-S-S	2	No	R	R	S	S	I
ERR600501	430	Rare	Africa	0.03	S	I100L NOT detected	indel(s) between 56th and 69th amino acid NOT detected	S	neg	S	neg	neg	S	neg	S	S-S-S-S-S	0	No	NA	S	NA	NA	NA
ERR600500	14	Dominant	Africa	0.06	S	I100L detected	indel(s) between 56th and 69th amino acid detected	R	neg	S	neg	mef1	R	tetM	R	S-R-S-R-R	3	Yes	S	R	NA	R	R
ERR600499	67	Intermediate	Africa	0.03	S	I100L detected	indel(s) between 56th and 69th amino acid NOT detected	I	neg	S	neg	neg	S	neg	S	S-I-S-S-S	1	No	NA	I	NA	NA	NA
ERR600498	14	Dominant	Africa	0.06	S	I100L NOT detected	indel(s) between 56th and 69th amino acid detected	I	neg	S	neg	mef1	R	tetM	R	S-I-S-R-R	3	Yes	NA	R	NA	R	R
ERR600495	3	Dominant	Africa	0.03	S	I100L NOT detected	indel(s) between 56th and 69th amino acid NOT detected	S	neg	S	neg	neg	S	neg	S	S-S-S-S-S	0	No	NA	S	NA	NA	NA
ERR600492	21	Dominant	Africa	0.25	R	I100L detected	indel(s) between 56th and 69th amino acid detected	R	neg	S	neg	neg	S	neg	S	R-R-S-S-S	2	No	R	R	NA	NA	NA
ERR600491	37	Dominant	Africa	0.25	R	I100L detected	indel(s) between 56th and 69th amino acid detected	R	neg	S	ermB1	neg	R	tetM	R	R-R-S-R-R	4	Yes	R	R	NA	R	R
ERR600490	13	Dominant	Africa	0.12	R	I100L detected	indel(s) between 56th and 69th amino acid detected	R	neg	S	neg	neg	S	neg	S	R-R-S-S-S	2	No	R	R	NA	NA	NA
ERR600489	24	Intermediate	Africa	0.03	S	I100L NOT detected	indel(s) between 56th and 69th amino acid detected	I	neg	S	neg	neg	S	neg	S	S-I-S-S-S	1	No	NA	I	NA	NA	NA
ERR600488	18	Dominant	Africa	0.25	R	I100L NOT detected	indel(s) between 56th and 69th amino acid detected	I	neg	S	ermB1	neg	R	tetM	R	R-I-S-R-R	4	Yes	R	I	NA	R	R
ERR600484	48	Intermediate	Africa	0.25	R	I100L detected	indel(s) between 56th and 69th amino acid NOT detected	I	neg	S	neg	neg	S	neg	S	R-I-S-S-S	2	No	R	R	NA	NA	NA
ERR600413	10	Dominant	Africa	2	R	I100L detected	indel(s) between 56th and 69th amino acid detected	R	neg	S	ermB1	neg	R	tet(S/M)	R	R-R-S-R-R	4	Yes	R	R	NA	R	R
ERR600483	241	Rare	Africa	0.03	S	I100L NOT detected	indel(s) between 56th and 69th amino acid NOT detected	S	neg	S	neg	neg	S	neg	S	S-S-S-S-S	0	No	NA	S	NA	NA	NA
ERR600481	18	Dominant	Africa	2	R	I100L detected	indel(s) between 56th and 69th amino acid detected	R	neg	S	ermB1	neg	R	tetM	R	R-R-S-R-R	4	Yes	R	R	NA	R	R
ERR600478	48	Intermediate	Africa	0.25	R	I100L detected	indel(s) between 56th and 69th amino acid NOT detected	I	neg	S	neg	neg	S	neg	S	R-I-S-S-S	2	No	R	R	NA	NA	NA
ERR600475	37	Dominant	Africa	0.25	R	I100L NOT detected	indel(s) between 56th and 69th amino acid detected	I	neg	S	neg	neg	S	neg	S	R-I-S-S-S	2	No	R	S	NA	NA	NA
ERR600474	67	Intermediate	Africa	0.03	S	I100L detected	indel(s) between 56th and 69th amino acid NOT detected	I	neg	S	neg	neg	S	neg	S	S-I-S-S-S	1	No	NA	I	NA	NA	NA
ERR600412	11	Dominant	Africa	0.03	S	I100L NOT detected	indel(s) between 56th and 69th amino acid NOT detected	S	neg	S	neg	neg	S	neg	S	S-S-S-S-S	0	No	NA	S	NA	NA	NA
ERR600468	5	Dominant	Africa	0.25	R	I100L NOT detected	indel(s) between 56th and 69th amino acid detected	I	neg	S	neg	neg	S	neg	S	R-I-S-S-S	2	No	R	I	NA	NA	NA
ERR600466	5	Dominant	Africa	0.5	R	I100L detected	indel(s) between 56th and 69th amino acid detected	R	neg	S	neg	neg	S	neg	S	R-R-S-S-S	2	No	R	R	NA	NA	NA
ERR600465	14	Dominant	Africa	0.5	R	I100L detected	indel(s) between 56th and 69th amino acid detected	R	neg	S	neg	neg	S	neg	S	R-R-S-S-S	2	No	R	R	NA	NA	NA
ERR600464	2	Dominant	Africa	0.03	S	I100L NOT detected	indel(s) between 56th and 69th amino acid NOT detected	S	neg	S	neg	neg	S	neg	S	S-S-S-S-S	0	No	NA	S	NA	NA	NA
ERR600411	77	Intermediate	Africa	0.5	R	I100L detected	indel(s) between 56th and 69th amino acid NOT detected	I	neg	S	neg	neg	S	neg	S	R-I-S-S-S	2	No	R	R	NA	NA	NA
ERR600462	21	Dominant	Africa	0.5	R	I100L detected	indel(s) between 56th and 69th amino acid detected	R	neg	S	neg	neg	S	neg	S	R-R-S-S-S	2	No	R	R	NA	NA	NA
ERR600460	18	Dominant	Africa	0.5	R	I100L NOT detected	indel(s) between 56th and 69th amino acid detected	I	neg	S	ermB1	neg	R	tetM	R	R-I-S-R-R	4	Yes	R	R	NA	R	R
ERR600459	24	Intermediate	Africa	0.03	S	I100L detected	indel(s) between 56th and 69th amino acid NOT detected	I	neg	S	neg	neg	S	neg	S	S-I-S-S-S	1	No	NA	R	NA	NA	NA
ERR600458	48	Intermediate	Africa	0.25	R	I100L detected	indel(s) between 56th and 69th amino acid NOT detected	I	neg	S	neg	neg	S	neg	S	R-I-S-S-S	2	No	R	R	NA	NA	NA
ERR600457	11	Dominant	Africa	0.03	S	I100L NOT detected	indel(s) between 56th and 69th amino acid detected	I	neg	S	neg	neg	S	neg	S	S-I-S-S-S	1	No	NA	S	NA	NA	NA
ERR600456	200	Intermediate	Africa	0.25	R	I100L detected	indel(s) between 56th and 69th amino acid detected	R	neg	S	neg	neg	S	neg	S	R-R-S-S-S	2	No	R	R	NA	NA	NA
ERR600455	68	Intermediate	Africa	0.03	S	I100L NOT detected	indel(s) between 56th and 69th amino acid NOT detected	S	neg	S	neg	neg	S	neg	S	S-S-S-S-S	0	No	NA	S	NA	NA	NA
ERR600452	18	Dominant	Africa	0.25	R	I100L detected	indel(s) between 56th and 69th amino acid detected	R	neg	S	ermB1	neg	R	tetM	R	R-R-S-R-R	4	Yes	R	R	NA	R	R
ERR600451	10	Dominant	Africa	2	R	I100L detected	indel(s) between 56th and 69th amino acid detected	R	neg	S	ermB1	neg	R	tet(S/M)	R	R-R-S-R-R	4	Yes	R	R	NA	R	R
ERR600450	5	Dominant	Africa	1	R	I100L detected	indel(s) between 56th and 69th amino acid detected	R	neg	S	ermB1	neg	R	tetM	R	R-R-S-R-R	4	Yes	R	R	NA	R	R
ERR600448	200	Intermediate	Africa	0.25	R	I100L detected	indel(s) between 56th and 69th amino acid detected	R	neg	S	neg	neg	S	neg	S	R-R-S-S-S	2	No	R	R	NA	NA	NA
ERR600409	21	Dominant	Africa	0.25	R	I100L detected	indel(s) between 56th and 69th amino acid detected	R	neg	S	neg	neg	S	neg	S	R-R-S-S-S	2	No	R	R	NA	NA	NA
ERR600443	35	Intermediate	Africa	0.03	S	I100L NOT detected	indel(s) between 56th and 69th amino acid NOT detected	S	neg	S	neg	neg	S	neg	S	S-S-S-S-S	0	No	NA	S	NA	R	NA
ERR600442	14	Dominant	Africa	0.25	R	I100L detected	indel(s) between 56th and 69th amino acid detected	R	neg	S	neg	mef1	R	tetM	R	R-R-S-R-R	4	Yes	R	R	NA	R	R
ERR600439	9	Dominant	Africa	0.06	S	I100L NOT detected	indel(s) between 56th and 69th amino acid detected	I	neg	S	neg	neg	S	tetM	R	S-I-S-S-R	2	No	S	I	NA	NA	R
ERR600438	18	Dominant	Africa	2	R	I100L detected	indel(s) between 56th and 69th amino acid detected	R	neg	S	ermB1	neg	R	tetM	R	R-R-S-R-R	4	Yes	R	R	NA	R	R
ERR600437	26	Dominant	Africa	0.03	S	I100L detected	indel(s) between 56th and 69th amino acid detected	R	cat1	R	neg	neg	S	tetM	R	S-R-R-S-R	3	Yes	NA	R	R	NA	R
ERR600434	77	Intermediate	Africa	0.25	R	I100L detected	indel(s) between 56th and 69th amino acid NOT detected	I	neg	S	neg	neg	S	neg	S	R-I-S-S-S	2	No	R	R	NA	NA	NA
ERR600431	2	Dominant	Africa	0.03	S	I100L NOT detected	indel(s) between 56th and 69th amino acid NOT detected	S	neg	S	neg	neg	S	neg	S	S-S-S-S-S	0	No	NA	S	NA	NA	NA
ERR600426	2	Dominant	Africa	0.03	S	I100L NOT detected	indel(s) between 56th and 69th amino acid NOT detected	S	neg	S	neg	neg	S	neg	S	S-S-S-S-S	0	No	NA	S	NA	NA	NA
ERR600422	21	Dominant	Africa	0.25	R	I100L detected	indel(s) between 56th and 69th amino acid detected	R	neg	S	neg	neg	S	neg	S	R-R-S-S-S	2	No	R	R	NA	NA	NA
ERR600421	3	Dominant	Africa	0.03	S	I100L NOT detected	indel(s) between 56th and 69th amino acid NOT detected	S	neg	S	neg	neg	S	neg	S	S-S-S-S-S	0	No	NA	S	NA	NA	NA
ERR600419	10	Dominant	Africa	2	R	I100L detected	indel(s) between 56th and 69th amino acid detected	R	neg	S	ermB1	neg	R	tet(S/M)	R	R-R-S-R-R	4	Yes	R	R	NA	R	R
ERR600418	14	Dominant	Africa	0.25	R	I100L detected	indel(s) between 56th and 69th amino acid detected	R	neg	S	ermB1	neg	R	tetM	R	R-R-S-R-R	4	Yes	R	R	NA	R	R
ERR600415	1	Dominant	Africa	4	R	I100L detected	indel(s) between 56th and 69th amino acid detected	R	neg	S	ermB1	mef1	R	tetM	R	R-R-S-R-R	4	Yes	R	R	NA	R	I
ERR600414	10	Dominant	Africa	2	R	I100L detected	indel(s) between 56th and 69th amino acid detected	R	neg	S	ermB1	neg	R	tet(S/M)	R	R-R-S-R-R	4	Yes	R	R	NA	R	R
ERR600405	10	Dominant	Africa	2	R	I100L detected	indel(s) between 56th and 69th amino acid detected	R	neg	S	ermB1	neg	R	tet(S/M)	R	R-R-S-R-R	4	Yes	R	R	NA	R	R
ERR600404	429	Rare	Africa	0.03	S	I100L detected	indel(s) between 56th and 69th amino acid NOT detected	I	neg	S	neg	neg	S	neg	S	S-I-S-S-S	1	No	NA	R	NA	NA	NA
ERR600395	22	Dominant	Africa	0.03	S	I100L NOT detected	indel(s) between 56th and 69th amino acid detected	I	neg	S	neg	neg	S	neg	S	S-I-S-S-S	1	No	NA	I	NA	NA	NA
ERR600376	30	Dominant	Africa	0.03	S	I100L NOT detected	indel(s) between 56th and 69th amino acid NOT detected	S	neg	S	neg	neg	S	neg	S	S-S-S-S-S	0	No	NA	S	NA	NA	NA
ERR600375	18	Dominant	Africa	1	R	I100L detected	indel(s) between 56th and 69th amino acid detected	R	neg	S	ermB1	neg	R	tetM	R	R-R-S-R-R	4	Yes	R	R	NA	R	R
ERR600371	51	Intermediate	Africa	0.03	S	I100L NOT detected	indel(s) between 56th and 69th amino acid NOT detected	S	neg	S	neg	neg	S	neg	S	S-S-S-S-S	0	No	NA	S	NA	NA	NA
ERR600370	113	Intermediate	Africa	2	R	I100L detected	indel(s) between 56th and 69th amino acid detected	R	neg	S	neg	neg	S	neg	S	R-R-S-S-S	2	No	R	R	NA	NA	NA
ERR600317	17	Dominant	Africa	0.25	R	I100L detected	indel(s) between 56th and 69th amino acid NOT detected	I	neg	S	neg	neg	S	neg	S	R-I-S-S-S	2	No	R	R	NA	NA	NA
ERR600316	13	Dominant	Africa	0.03	S	I100L NOT detected	indel(s) between 56th and 69th amino acid NOT detected	S	neg	S	neg	neg	S	neg	S	S-S-S-S-S	0	No	NA	S	NA	NA	NA
ERR600355	41	Dominant	Africa	0.25	R	I100L detected	indel(s) between 56th and 69th amino acid detected	R	neg	S	neg	neg	S	neg	S	R-R-S-S-S	2	No	S	R	NA	NA	NA
ERR600354	21	Dominant	Africa	0.25	R	I100L detected	indel(s) between 56th and 69th amino acid detected	R	neg	S	neg	neg	S	neg	S	R-R-S-S-S	2	No	R	R	NA	NA	NA
ERR600349	18	Dominant	Africa	2	R	I100L detected	indel(s) between 56th and 69th amino acid detected	R	neg	S	ermB1	neg	R	tetM	R	R-R-S-R-R	4	Yes	R	R	NA	R	R
ERR600342	21	Dominant	Africa	0.25	R	I100L detected	indel(s) between 56th and 69th amino acid detected	R	neg	S	neg	neg	S	neg	S	R-R-S-S-S	2	No	R	R	NA	NA	NA
ERR600339	18	Dominant	Africa	1	R	I100L detected	indel(s) between 56th and 69th amino acid detected	R	neg	S	ermB1	neg	R	tetM	R	R-R-S-R-R	4	Yes	R	R	NA	R	R
ERR600335	5	Dominant	Africa	2	R	I100L detected	indel(s) between 56th and 69th amino acid detected	R	neg	S	neg	neg	S	neg	S	R-R-S-S-S	2	No	R	R	NA	NA	NA
ERR600334	7	Dominant	Africa	0.03	S	I100L NOT detected	indel(s) between 56th and 69th amino acid NOT detected	S	neg	S	neg	neg	S	neg	S	S-S-S-S-S	0	No	NA	S	NA	NA	NA
ERR600332	41	Dominant	Africa	0.25	R	I100L detected	indel(s) between 56th and 69th amino acid detected	R	neg	S	neg	neg	S	neg	S	R-R-S-S-S	2	No	S	R	NA	NA	NA
ERR600331	33	Dominant	Africa	0.03	S	I100L NOT detected	indel(s) between 56th and 69th amino acid NOT detected	S	neg	S	neg	neg	S	neg	S	S-S-S-S-S	0	No	NA	S	NA	NA	NA
ERR600324	116	Intermediate	Africa	0.03	S	I100L detected	indel(s) between 56th and 69th amino acid detected	R	neg	S	neg	neg	S	neg	S	S-R-S-S-S	1	No	NA	R	NA	NA	NA
ERR632962	41	Dominant	Africa	0.25	R	I100L detected	indel(s) between 56th and 69th amino acid detected	R	neg	S	ermB1	neg	R	tetM	R	R-R-S-R-R	4	Yes	S	R	NA	R	R
ERR632960	4	Dominant	Africa	0.03	S	I100L NOT detected	indel(s) between 56th and 69th amino acid NOT detected	S	neg	S	neg	neg	S	neg	S	S-S-S-S-S	0	No	NA	S	NA	NA	NA
ERR632959	41	Dominant	Africa	0.25	R	I100L detected	indel(s) between 56th and 69th amino acid detected	R	neg	S	neg	neg	S	neg	S	R-R-S-S-S	2	No	S	R	NA	NA	NA
ERR632953	1	Dominant	Africa	2	R	I100L detected	indel(s) between 56th and 69th amino acid detected	R	neg	S	ermB1	mef1	R	tetM	R	R-R-S-R-R	4	Yes	R	R	NA	R	R
ERR632952	271	Rare	Africa	0.03	S	I100L NOT detected	indel(s) between 56th and 69th amino acid detected	I	neg	S	neg	neg	S	tetM	R	S-I-S-S-R	2	No	NA	S	NA	NA	I
ERR632951	21	Dominant	Africa	0.25	R	I100L detected	indel(s) between 56th and 69th amino acid detected	R	neg	S	neg	neg	S	neg	S	R-R-S-S-S	2	No	R	R	NA	NA	NA
ERR632950	90	Intermediate	Africa	0.25	R	I100L detected	indel(s) between 56th and 69th amino acid detected	R	neg	S	neg	neg	S	neg	S	R-R-S-S-S	2	No	R	R	NA	NA	NA
ERR632947	17	Dominant	Africa	0.25	R	I100L detected	indel(s) between 56th and 69th amino acid detected	R	neg	S	neg	neg	S	neg	S	R-R-S-S-S	2	No	R	R	NA	NA	NA
ERR632945	8	Dominant	Africa	0.06	S	I100L NOT detected	indel(s) between 56th and 69th amino acid NOT detected	S	neg	S	neg	neg	S	neg	S	S-S-S-S-S	0	No	S	S	NA	NA	NA
ERR632944	254	Rare	Africa	0.03	S	I100L NOT detected	indel(s) between 56th and 69th amino acid NOT detected	S	neg	S	neg	neg	S	neg	S	S-S-S-S-S	0	No	NA	S	NA	NA	NA
ERR632942	18	Dominant	Africa	2	R	I100L detected	indel(s) between 56th and 69th amino acid detected	R	neg	S	ermB1	neg	R	tetM	R	R-R-S-R-R	4	Yes	R	R	NA	R	R
ERR632939	79	Intermediate	Africa	0.25	R	I100L NOT detected	indel(s) between 56th and 69th amino acid detected	I	neg	S	neg	neg	S	neg	S	R-I-S-S-S	2	No	R	I	NA	NA	NA
ERR632937	5	Dominant	Africa	1	R	I100L detected	indel(s) between 56th and 69th amino acid detected	R	neg	S	neg	neg	S	neg	S	R-R-S-S-S	2	No	R	R	NA	NA	NA
ERR632874	5	Dominant	Africa	1	R	I100L detected	indel(s) between 56th and 69th amino acid detected	R	neg	S	neg	neg	S	neg	S	R-R-S-S-S	2	No	R	R	NA	NA	NA
ERR632936	41	Dominant	Africa	0.25	R	I100L detected	indel(s) between 56th and 69th amino acid detected	R	neg	S	neg	neg	S	neg	S	R-R-S-S-S	2	No	R	R	NA	NA	NA
ERR632935	39	Intermediate	Africa	0.03	S	I100L NOT detected	indel(s) between 56th and 69th amino acid NOT detected	S	neg	S	neg	neg	S	neg	S	S-S-S-S-S	0	No	NA	S	NA	NA	NA
ERR632934	18	Dominant	Africa	0.5	R	I100L NOT detected	indel(s) between 56th and 69th amino acid detected	I	neg	S	ermB1	neg	R	tetM	R	R-I-S-R-R	4	Yes	R	I	NA	R	R
ERR632933	17	Dominant	Africa	0.25	R	I100L NOT detected	indel(s) between 56th and 69th amino acid detected	I	neg	S	neg	neg	S	neg	S	R-I-S-S-S	2	No	S	I	NA	NA	NA
ERR632930	10	Dominant	Africa	0.25	R	I100L detected	indel(s) between 56th and 69th amino acid NOT detected	I	neg	S	neg	neg	S	tetM	R	R-I-S-S-R	3	Yes	R	R	NA	NA	R
ERR632873	14	Dominant	Africa	2	R	I100L detected	indel(s) between 56th and 69th amino acid detected	R	neg	S	ermB1	neg	R	tetM	R	R-R-S-R-R	4	Yes	R	R	NA	R	R
ERR632926	41	Dominant	Africa	0.25	R	I100L detected	indel(s) between 56th and 69th amino acid detected	R	neg	S	neg	neg	S	neg	S	R-R-S-S-S	2	No	S	R	NA	NA	NA
ERR632925	18	Dominant	Africa	2	R	I100L detected	indel(s) between 56th and 69th amino acid detected	R	neg	S	ermB1	neg	R	tetM	R	R-R-S-R-R	4	Yes	R	R	NA	R	R
ERR632924	37	Dominant	Africa	0.25	R	I100L detected	indel(s) between 56th and 69th amino acid detected	R	neg	S	neg	neg	S	neg	S	R-R-S-S-S	2	No	S	R	NA	NA	NA
ERR632921	2	Dominant	Africa	0.03	S	I100L NOT detected	indel(s) between 56th and 69th amino acid NOT detected	S	neg	S	neg	neg	S	neg	S	S-S-S-S-S	0	No	NA	I	NA	S	NA
ERR632920	56	Intermediate	Africa	0.03	S	I100L NOT detected	indel(s) between 56th and 69th amino acid NOT detected	S	neg	S	neg	neg	S	neg	S	S-S-S-S-S	0	No	NA	S	NA	NA	NA
ERR632916	18	Dominant	Africa	4	R	I100L detected	indel(s) between 56th and 69th amino acid detected	R	neg	S	ermB1	neg	R	tetM	R	R-R-S-R-R	4	Yes	R	R	NA	R	R
ERR632913	17	Dominant	Africa	0.25	R	I100L detected	indel(s) between 56th and 69th amino acid detected	R	neg	S	neg	neg	S	neg	S	R-R-S-S-S	2	No	S	R	NA	NA	NA
ERR632912	17	Dominant	Africa	0.25	R	I100L NOT detected	indel(s) between 56th and 69th amino acid detected	I	neg	S	neg	neg	S	neg	S	R-I-S-S-S	2	No	S	I	NA	NA	NA
ERR632911	18	Dominant	Africa	2	R	I100L detected	indel(s) between 56th and 69th amino acid detected	R	neg	S	ermB1	neg	R	tetM	R	R-R-S-R-R	4	Yes	R	R	NA	R	R
ERR632910	7	Dominant	Africa	0.12	R	I100L NOT detected	indel(s) between 56th and 69th amino acid detected	I	neg	S	neg	neg	S	neg	S	R-I-S-S-S	2	No	S	I	NA	NA	NA
ERR632906	14	Dominant	Africa	0.25	R	I100L NOT detected	indel(s) between 56th and 69th amino acid NOT detected	S	cat1	R	ermB1	neg	R	tetM	R	R-S-R-R-R	4	Yes	R	I	R	R	R
ERR632905	24	Intermediate	Africa	0.03	S	I100L detected	indel(s) between 56th and 69th amino acid detected	R	neg	S	neg	neg	S	neg	S	S-R-S-S-S	1	No	NA	R	NA	NA	NA
ERR632902	17	Dominant	Africa	0.25	R	I100L detected	indel(s) between 56th and 69th amino acid NOT detected	I	neg	S	neg	neg	S	neg	S	R-I-S-S-S	2	No	S	R	NA	NA	NA
ERR632901	48	Intermediate	Africa	0.25	R	I100L detected	indel(s) between 56th and 69th amino acid NOT detected	I	neg	S	neg	neg	S	neg	S	R-I-S-S-S	2	No	R	R	NA	NA	NA
ERR632900	145	Intermediate	Africa	0.03	S	I100L NOT detected	indel(s) between 56th and 69th amino acid detected	I	neg	S	neg	neg	S	neg	S	S-I-S-S-S	1	No	NA	S	NA	NA	NA
ERR632898	10	Dominant	Africa	2	R	I100L detected	indel(s) between 56th and 69th amino acid detected	R	neg	S	ermB1	neg	R	tet(S/M)	R	R-R-S-R-R	4	Yes	R	R	NA	R	R
ERR632897	2	Dominant	Africa	0.03	S	I100L NOT detected	indel(s) between 56th and 69th amino acid NOT detected	S	neg	S	neg	neg	S	neg	S	S-S-S-S-S	0	No	NA	S	NA	NA	NA
ERR632895	14	Dominant	Africa	0.25	R	I100L detected	indel(s) between 56th and 69th amino acid NOT detected	I	cat1	R	ermB1	neg	R	tetM	R	R-I-R-R-R	5	Yes	R	R	R	R	R
ERR632891	17	Dominant	Africa	0.25	R	I100L detected	indel(s) between 56th and 69th amino acid NOT detected	I	neg	S	neg	neg	S	neg	S	R-I-S-S-S	2	No	S	R	NA	NA	NA
ERR632888	56	Intermediate	Africa	0.03	S	I100L NOT detected	indel(s) between 56th and 69th amino acid NOT detected	S	neg	S	neg	neg	S	neg	S	S-S-S-S-S	0	No	NA	S	NA	NA	NA
ERR632887	41	Dominant	Africa	0.25	R	I100L detected	indel(s) between 56th and 69th amino acid detected	R	neg	S	neg	neg	S	neg	S	R-R-S-S-S	2	No	R	R	NA	NA	NA
ERR632886	13	Dominant	Africa	0.03	S	I100L NOT detected	indel(s) between 56th and 69th amino acid NOT detected	S	neg	S	neg	neg	S	neg	S	S-S-S-S-S	0	No	NA	S	NA	NA	NA
ERR632884	14	Dominant	Africa	0.06	S	I100L detected	indel(s) between 56th and 69th amino acid detected	R	neg	S	neg	mef1	R	tetM	R	S-R-S-R-R	3	Yes	R	R	NA	R	R
ERR632880	17	Dominant	Africa	0.25	R	I100L detected	indel(s) between 56th and 69th amino acid NOT detected	I	neg	S	neg	neg	S	neg	S	R-I-S-S-S	2	No	S	R	NA	NA	NA
ERR632878	98	Intermediate	Africa	0.03	S	I100L NOT detected	indel(s) between 56th and 69th amino acid NOT detected	S	neg	S	neg	neg	S	neg	S	S-S-S-S-S	0	No	NA	S	NA	NA	NA
ERR600308	1	Dominant	North America	4	R	I100L detected	indel(s) between 56th and 69th amino acid detected	R	neg	S	ermB1	mef1	R	tetM	R	R-R-S-R-R	4	Yes	R	R	S	R	R
ERR600307	3	Dominant	North America	0.03	S	I100L NOT detected	indel(s) between 56th and 69th amino acid NOT detected	S	neg	S	neg	neg	S	neg	S	S-S-S-S-S	0	No	S	S	S	S	I
ERR600306	4	Dominant	North America	0.12	R	I100L detected	indel(s) between 56th and 69th amino acid detected	R	neg	S	neg	mef1	R	neg	S	R-R-S-R-S	3	Yes	R	R	S	R	I
ERR600305	9	Dominant	North America	0.06	S	I100L NOT detected	indel(s) between 56th and 69th amino acid NOT detected	S	neg	S	ermB1	neg	R	tetM	R	S-S-S-R-R	2	No	S	S	S	R	R
ERR600304	4	Dominant	North America	0.03	S	I100L NOT detected	indel(s) between 56th and 69th amino acid NOT detected	S	neg	S	neg	neg	S	neg	S	S-S-S-S-S	0	No	S	S	S	S	I
ERR600303	4	Dominant	North America	0.03	S	I100L NOT detected	indel(s) between 56th and 69th amino acid NOT detected	S	neg	S	neg	neg	S	neg	S	S-S-S-S-S	0	No	S	S	S	S	I
ERR600302	1	Dominant	North America	2	R	I100L detected	indel(s) between 56th and 69th amino acid detected	R	neg	S	ermB1	mef1	R	tetM	R	R-R-S-R-R	4	Yes	R	R	S	R	R
ERR600301	36	Intermediate	North America	0.03	S	I100L NOT detected	indel(s) between 56th and 69th amino acid detected	I	neg	S	neg	neg	S	neg	S	S-I-S-S-S	1	No	S	I	S	S	I
ERR600300	15	Dominant	North America	0.03	S	I100L NOT detected	indel(s) between 56th and 69th amino acid NOT detected	S	neg	S	neg	neg	S	neg	S	S-S-S-S-S	0	No	S	S	S	S	I
ERR600299	3	Dominant	North America	0.03	S	I100L NOT detected	indel(s) between 56th and 69th amino acid detected	I	neg	S	neg	neg	S	neg	S	S-I-S-S-S	1	No	S	I	S	S	I
ERR600298	4	Dominant	North America	0.12	R	I100L NOT detected	indel(s) between 56th and 69th amino acid NOT detected	S	neg	S	neg	neg	S	neg	S	R-S-S-S-S	1	No	R	S	S	S	I
ERR600297	9	Dominant	North America	0.25	R	I100L detected	indel(s) between 56th and 69th amino acid detected	R	neg	S	neg	neg	S	tetM	R	R-R-S-S-R	3	Yes	R	R	R	S	R
ERR600296	24	Intermediate	North America	0.03	S	I100L NOT detected	indel(s) between 56th and 69th amino acid NOT detected	S	neg	S	neg	neg	S	neg	S	S-S-S-S-S	0	No	S	S	S	S	I
ERR600295	39	Intermediate	North America	0.03	S	I100L NOT detected	indel(s) between 56th and 69th amino acid NOT detected	S	neg	S	ermTR1	neg	R	neg	S	S-S-S-R-S	1	No	S	S	S	R	I
ERR600294	50	Intermediate	North America	0.03	S	I100L NOT detected	indel(s) between 56th and 69th amino acid detected	I	neg	S	neg	neg	S	neg	S	S-I-S-S-S	1	No	S	I	S	S	I
ERR600293	27	Dominant	North America	0.03	S	I100L NOT detected	indel(s) between 56th and 69th amino acid NOT detected	S	neg	S	neg	neg	S	neg	S	S-S-S-S-S	0	No	S	S	S	S	I
ERR600152	5	Dominant	North America	0.25	R	I100L NOT detected	indel(s) between 56th and 69th amino acid NOT detected	S	neg	S	neg	neg	S	neg	S	R-S-S-S-S	1	No	R	S	S	S	S
ERR600213	15	Dominant	North America	0.03	S	I100L NOT detected	indel(s) between 56th and 69th amino acid NOT detected	S	neg	S	neg	neg	S	neg	S	S-S-S-S-S	0	No	S	S	S	S	I
ERR600212	32	Dominant	North America	0.03	S	I100L NOT detected	indel(s) between 56th and 69th amino acid NOT detected	S	neg	S	neg	neg	S	neg	S	S-S-S-S-S	0	No	S	S	S	S	S
ERR600211	59	Intermediate	North America	2	R	I100L NOT detected	indel(s) between 56th and 69th amino acid NOT detected	S	neg	S	neg	mef1	R	neg	S	R-S-S-R-S	2	No	R	S	S	R	S
ERR600210	32	Dominant	North America	0.03	S	I100L NOT detected	indel(s) between 56th and 69th amino acid NOT detected	S	neg	S	neg	neg	S	neg	S	S-S-S-S-S	0	No	S	S	S	S	S
ERR600209	32	Dominant	North America	0.03	S	I100L NOT detected	indel(s) between 56th and 69th amino acid NOT detected	S	neg	S	neg	neg	S	neg	S	S-S-S-S-S	0	No	S	S	S	S	S
ERR600208	30	Dominant	North America	0.03	S	I100L NOT detected	indel(s) between 56th and 69th amino acid detected	I	neg	S	neg	neg	S	neg	S	S-I-S-S-S	1	No	S	I	S	S	S
ERR600207	3	Dominant	North America	0.03	S	I100L NOT detected	indel(s) between 56th and 69th amino acid detected	I	neg	S	neg	mef1	R	neg	S	S-I-S-R-S	2	No	S	I	S	R	S
ERR600206	16	Dominant	North America	0.03	S	I100L NOT detected	indel(s) between 56th and 69th amino acid NOT detected	S	neg	S	neg	neg	S	neg	S	S-S-S-S-S	0	No	S	S	S	S	S
ERR600205	19	Dominant	North America	0.03	S	I100L NOT detected	indel(s) between 56th and 69th amino acid NOT detected	S	neg	S	neg	neg	S	neg	S	S-S-S-S-S	0	No	S	S	S	S	S
ERR600204	98	Intermediate	North America	0.03	S	I100L NOT detected	indel(s) between 56th and 69th amino acid NOT detected	S	neg	S	neg	neg	S	neg	S	S-S-S-S-S	0	No	S	S	S	S	S
ERR600203	427	Rare	North America	0.03	S	I100L NOT detected	indel(s) between 56th and 69th amino acid detected	I	neg	S	neg	neg	S	neg	S	S-I-S-S-S	1	No	S	I	S	S	S
ERR600151	4	Dominant	North America	2	R	I100L detected	indel(s) between 56th and 69th amino acid detected	R	neg	S	neg	mef1	R	neg	S	R-R-S-R-S	3	Yes	R	R	S	R	S
ERR600202	3	Dominant	North America	0.03	S	I100L NOT detected	indel(s) between 56th and 69th amino acid detected	I	neg	S	neg	mef1	R	neg	S	S-I-S-R-S	2	No	S	I	S	R	S
ERR600201	3	Dominant	North America	0.03	S	I100L NOT detected	indel(s) between 56th and 69th amino acid detected	I	neg	S	neg	neg	S	neg	S	S-I-S-S-S	1	No	S	R	S	S	S
ERR600200	1	Dominant	North America	4	R	I100L detected	indel(s) between 56th and 69th amino acid detected	R	neg	S	ermB1	mef1	R	tetM	R	R-R-S-R-R	4	Yes	R	R	R	R	R
ERR600199	36	Intermediate	North America	0.03	S	I100L NOT detected	indel(s) between 56th and 69th amino acid NOT detected	S	neg	S	neg	mef1	R	neg	S	S-S-S-R-S	1	No	S	S	S	R	S
ERR600198	19	Dominant	North America	0.03	S	I100L NOT detected	indel(s) between 56th and 69th amino acid NOT detected	S	neg	S	neg	neg	S	neg	S	S-S-S-S-S	0	No	S	S	S	S	S
ERR600197	1	Dominant	North America	8	R	I100L detected	indel(s) between 56th and 69th amino acid detected	R	neg	S	ermB1	mef1	R	tetM	R	R-R-S-R-R	4	Yes	R	R	R	R	R
ERR600196	1	Dominant	North America	4	R	I100L detected	indel(s) between 56th and 69th amino acid detected	R	neg	S	ermB1	mef1	R	tetM	R	R-R-S-R-R	4	Yes	R	R	R	R	R
ERR600195	19	Dominant	North America	0.03	S	I100L NOT detected	indel(s) between 56th and 69th amino acid NOT detected	S	neg	S	neg	neg	S	neg	S	S-S-S-S-S	0	No	S	S	S	S	S
ERR600194	45	Intermediate	North America	0.03	S	I100L NOT detected	indel(s) between 56th and 69th amino acid NOT detected	S	neg	S	neg	neg	S	neg	S	S-S-S-S-S	0	No	S	S	S	S	S
ERR600193	59	Intermediate	North America	2	R	I100L NOT detected	indel(s) between 56th and 69th amino acid NOT detected	S	neg	S	neg	mef1	R	neg	S	R-S-S-R-S	2	No	R	S	S	R	S
ERR600150	7	Dominant	North America	0.03	S	I100L NOT detected	indel(s) between 56th and 69th amino acid NOT detected	S	neg	S	neg	neg	S	neg	S	S-S-S-S-S	0	No	S	S	S	S	S
ERR600192	10	Dominant	North America	0.5	R	I100L detected	indel(s) between 56th and 69th amino acid NOT detected	I	neg	S	neg	neg	S	tetM	R	R-I-S-S-R	3	Yes	R	R	S	S	R
ERR600191	76	Intermediate	North America	1	R	I100L detected	indel(s) between 56th and 69th amino acid detected	R	neg	S	neg	neg	S	neg	S	R-R-S-S-S	2	No	R	R	S	S	S
ERR600190	3	Dominant	North America	0.03	S	I100L NOT detected	indel(s) between 56th and 69th amino acid detected	I	neg	S	neg	neg	S	neg	S	S-I-S-S-S	1	No	S	I	S	S	S
ERR600189	59	Intermediate	North America	2	R	I100L NOT detected	indel(s) between 56th and 69th amino acid NOT detected	S	neg	S	neg	mef1	R	neg	S	R-S-S-R-S	2	No	R	S	S	R	S
ERR600188	18	Dominant	North America	0.03	S	I100L NOT detected	indel(s) between 56th and 69th amino acid NOT detected	S	neg	S	neg	neg	S	neg	S	S-S-S-S-S	0	No	S	S	S	S	S
ERR600187	24	Intermediate	North America	0.03	S	I100L NOT detected	indel(s) between 56th and 69th amino acid NOT detected	S	neg	S	neg	neg	S	neg	S	S-S-S-S-S	0	No	S	S	S	R	S
ERR600185	27	Dominant	North America	0.12	R	I100L NOT detected	indel(s) between 56th and 69th amino acid NOT detected	S	neg	S	neg	neg	S	neg	S	R-S-S-S-S	1	No	S	S	R	S	S
ERR600184	19	Dominant	North America	0.03	S	I100L NOT detected	indel(s) between 56th and 69th amino acid NOT detected	S	neg	S	neg	mef1	R	neg	S	S-S-S-R-S	1	No	S	S	S	R	S
ERR600183	19	Dominant	North America	0.03	S	I100L NOT detected	indel(s) between 56th and 69th amino acid NOT detected	S	neg	S	neg	neg	S	neg	S	S-S-S-S-S	0	No	S	S	S	S	S
ERR600182	4	Dominant	North America	0.03	S	I100L NOT detected	indel(s) between 56th and 69th amino acid NOT detected	S	neg	S	neg	neg	S	neg	S	S-S-S-S-S	0	No	S	S	S	S	S
ERR600181	4	Dominant	North America	0.03	S	I100L NOT detected	indel(s) between 56th and 69th amino acid NOT detected	S	neg	S	neg	neg	S	neg	S	S-S-S-S-S	0	No	S	S	S	S	S
ERR600180	9	Dominant	North America	0.5	R	I100L NOT detected	indel(s) between 56th and 69th amino acid detected	I	neg	S	ermB1	neg	R	tetM	R	R-I-S-R-R	4	Yes	R	I	R	R	R
ERR600179	32	Dominant	North America	0.03	S	I100L NOT detected	indel(s) between 56th and 69th amino acid NOT detected	S	neg	S	neg	neg	S	neg	S	S-S-S-S-S	0	No	S	S	S	S	S
ERR600178	132	Intermediate	North America	0.25	R	I100L NOT detected	indel(s) between 56th and 69th amino acid detected	I	neg	S	neg	mef1	R	tetM	R	R-I-S-R-R	4	Yes	R	I	S	R	R
ERR600177	35	Intermediate	North America	0.03	S	I100L NOT detected	indel(s) between 56th and 69th amino acid NOT detected	S	neg	S	neg	neg	S	neg	S	S-S-S-S-S	0	No	S	S	S	S	S
ERR600176	3	Dominant	North America	0.03	S	I100L NOT detected	indel(s) between 56th and 69th amino acid detected	I	neg	S	neg	mef1	R	neg	S	S-I-S-R-S	2	No	S	I	S	R	S
ERR600175	12	Dominant	North America	0.03	S	I100L NOT detected	indel(s) between 56th and 69th amino acid NOT detected	S	neg	S	neg	neg	S	neg	S	S-S-S-S-S	0	No	S	S	S	S	S
ERR600149	3	Dominant	North America	0.03	S	I100L NOT detected	indel(s) between 56th and 69th amino acid detected	I	neg	S	neg	mef1	R	neg	S	S-I-S-R-S	2	No	S	I	S	R	S
ERR600174	3	Dominant	North America	0.03	S	I100L NOT detected	indel(s) between 56th and 69th amino acid detected	I	neg	S	neg	mef1	R	neg	S	S-I-S-R-S	2	No	S	R	S	R	S
ERR600173	9	Dominant	North America	0.25	R	I100L NOT detected	indel(s) between 56th and 69th amino acid detected	I	neg	S	ermB1	neg	R	tetM	R	R-I-S-R-R	4	Yes	R	I	S	R	R
ERR600172	4	Dominant	North America	0.12	R	I100L NOT detected	indel(s) between 56th and 69th amino acid NOT detected	S	neg	S	neg	neg	S	neg	S	R-S-S-S-S	1	No	R	S	S	S	S
ERR600171	132	Intermediate	North America	0.25	R	I100L NOT detected	indel(s) between 56th and 69th amino acid detected	I	neg	S	neg	mef1	R	tetM	R	R-I-S-R-R	4	Yes	R	I	S	R	NA
ERR600170	6	Dominant	North America	0.03	S	I100L NOT detected	indel(s) between 56th and 69th amino acid NOT detected	S	neg	S	neg	neg	S	neg	S	S-S-S-S-S	0	No	S	S	S	S	S
ERR600169	3	Dominant	North America	0.03	S	I100L NOT detected	indel(s) between 56th and 69th amino acid NOT detected	S	neg	S	neg	mef1	R	neg	S	S-S-S-R-S	1	No	S	S	S	R	S
ERR600168	4	Dominant	North America	1	R	I100L detected	indel(s) between 56th and 69th amino acid detected	R	neg	S	neg	neg	S	neg	S	R-R-S-S-S	2	No	R	R	S	S	S
ERR600167	6	Dominant	North America	0.06	S	I100L detected	indel(s) between 56th and 69th amino acid NOT detected	I	neg	S	neg	neg	S	neg	S	S-I-S-S-S	1	No	S	I	S	S	S
ERR600148	19	Dominant	North America	0.03	S	I100L NOT detected	indel(s) between 56th and 69th amino acid NOT detected	S	neg	S	neg	neg	S	neg	S	S-S-S-S-S	0	No	S	S	S	S	S
ERR600166	32	Dominant	North America	0.03	S	I100L detected	indel(s) between 56th and 69th amino acid NOT detected	I	neg	S	neg	mef1	R	neg	S	S-I-S-R-S	2	No	S	I	R	R	S
ERR600164	36	Intermediate	North America	0.03	S	I100L NOT detected	indel(s) between 56th and 69th amino acid NOT detected	S	neg	S	neg	neg	S	neg	S	S-S-S-S-S	0	No	S	S	S	S	S
ERR600163	4	Dominant	North America	0.12	R	I100L detected	indel(s) between 56th and 69th amino acid detected	R	neg	S	neg	mef1	R	neg	S	R-R-S-R-S	3	Yes	R	R	S	R	S
ERR600162	6	Dominant	North America	0.03	S	I100L NOT detected	indel(s) between 56th and 69th amino acid NOT detected	S	neg	S	neg	neg	S	neg	S	S-S-S-S-S	0	No	S	S	S	S	S
ERR600161	1	Dominant	North America	2	R	I100L detected	indel(s) between 56th and 69th amino acid detected	R	neg	S	ermB1	mef1	R	tetM	R	R-R-S-R-R	4	Yes	R	R	S	R	R
ERR600160	3	Dominant	North America	0.03	S	I100L NOT detected	indel(s) between 56th and 69th amino acid NOT detected	S	neg	S	ermB1	neg	R	tetM	R	S-S-S-R-R	2	No	S	S	S	R	R
ERR600159	1	Dominant	North America	4	R	I100L detected	indel(s) between 56th and 69th amino acid detected	R	neg	S	ermB1	mef1	R	tetM	R	R-R-S-R-R	4	Yes	R	R	R	R	R
ERR600147	3	Dominant	North America	0.03	S	I100L NOT detected	indel(s) between 56th and 69th amino acid detected	I	neg	S	neg	mef1	R	neg	S	S-I-S-R-S	2	No	S	I	S	R	S
ERR600158	32	Dominant	North America	0.03	S	I100L NOT detected	indel(s) between 56th and 69th amino acid NOT detected	S	neg	S	neg	neg	S	neg	S	S-S-S-S-S	0	No	S	S	S	S	S
ERR600157	4	Dominant	North America	0.03	S	I100L NOT detected	indel(s) between 56th and 69th amino acid NOT detected	S	neg	S	neg	neg	S	neg	S	S-S-S-S-S	0	No	S	S	S	S	S
ERR600156	1	Dominant	North America	4	R	I100L detected	indel(s) between 56th and 69th amino acid detected	R	neg	S	ermB1	mef1	R	tetM	R	R-R-S-R-R	4	Yes	R	R	S	R	R
ERR600155	3	Dominant	North America	0.03	S	I100L NOT detected	indel(s) between 56th and 69th amino acid detected	I	neg	S	neg	mef1	R	neg	S	S-I-S-R-S	2	No	S	I	S	R	S
ERR600154	3	Dominant	North America	0.03	S	I100L NOT detected	indel(s) between 56th and 69th amino acid detected	I	neg	S	neg	mef1	R	neg	S	S-I-S-R-S	2	No	S	R	S	R	S
ERR600153	38	Intermediate	North America	0.03	S	I100L NOT detected	indel(s) between 56th and 69th amino acid NOT detected	S	neg	S	neg	neg	S	neg	S	S-S-S-S-S	0	No	S	S	S	S	S
ERR600146	19	Dominant	North America	0.03	S	I100L NOT detected	indel(s) between 56th and 69th amino acid NOT detected	S	neg	S	neg	neg	S	neg	S	S-S-S-S-S	0	No	S	S	S	S	S
ERR600145	19	Dominant	North America	0.03	S	I100L NOT detected	indel(s) between 56th and 69th amino acid NOT detected	S	neg	S	neg	mef1	R	neg	S	S-S-S-R-S	1	No	S	S	S	R	S
ERR600144	38	Intermediate	North America	0.03	S	I100L NOT detected	indel(s) between 56th and 69th amino acid NOT detected	S	neg	S	neg	neg	S	neg	S	S-S-S-S-S	0	No	S	S	S	S	S
ERR600143	38	Intermediate	North America	0.03	S	I100L NOT detected	indel(s) between 56th and 69th amino acid NOT detected	S	neg	S	neg	neg	S	neg	S	S-S-S-S-S	0	No	S	S	S	S	S
ERR600142	38	Intermediate	North America	0.03	S	I100L NOT detected	indel(s) between 56th and 69th amino acid NOT detected	S	neg	S	neg	neg	S	neg	S	S-S-S-S-S	0	No	S	S	S	S	S
ERR600141	11	Dominant	North America	0.03	S	I100L NOT detected	indel(s) between 56th and 69th amino acid detected	I	neg	S	neg	neg	S	neg	S	S-I-S-S-S	1	No	S	S	S	S	S
ERR600140	3	Dominant	North America	0.03	S	I100L NOT detected	indel(s) between 56th and 69th amino acid detected	I	neg	S	neg	mef1	R	neg	S	S-I-S-R-S	2	No	S	I	S	R	S
ERR600139	38	Intermediate	North America	0.03	S	I100L NOT detected	indel(s) between 56th and 69th amino acid NOT detected	S	neg	S	neg	neg	S	neg	S	S-S-S-S-S	0	No	S	S	S	S	S
ERR600138	4	Dominant	North America	0.03	S	I100L NOT detected	indel(s) between 56th and 69th amino acid NOT detected	S	neg	S	neg	neg	S	neg	S	S-S-S-S-S	0	No	S	S	S	S	S
ERR600137	4	Dominant	North America	0.03	S	I100L NOT detected	indel(s) between 56th and 69th amino acid NOT detected	S	neg	S	neg	neg	S	neg	S	S-S-S-S-S	0	No	S	S	S	S	S
ERR600136	32	Dominant	North America	0.03	S	I100L NOT detected	indel(s) between 56th and 69th amino acid NOT detected	S	neg	S	neg	mef1	R	neg	S	S-S-S-R-S	1	No	S	S	S	R	S
ERR600135	7	Dominant	North America	0.03	S	I100L NOT detected	indel(s) between 56th and 69th amino acid NOT detected	S	neg	S	neg	neg	S	neg	S	S-S-S-S-S	0	No	S	S	S	S	S
ERR600134	3	Dominant	North America	0.03	S	I100L NOT detected	indel(s) between 56th and 69th amino acid NOT detected	S	neg	S	neg	neg	S	neg	S	S-S-S-S-S	0	No	S	S	S	S	S
ERR600133	4	Dominant	North America	0.03	S	I100L NOT detected	indel(s) between 56th and 69th amino acid NOT detected	S	neg	S	neg	neg	S	neg	S	S-S-S-S-S	0	No	S	S	S	S	S
ERR600132	16	Dominant	North America	0.03	S	I100L NOT detected	indel(s) between 56th and 69th amino acid NOT detected	S	neg	S	neg	neg	S	neg	S	S-S-S-S-S	0	No	S	S	S	S	S
ERR600131	19	Dominant	North America	0.03	S	I100L NOT detected	indel(s) between 56th and 69th amino acid NOT detected	S	neg	S	neg	neg	S	neg	S	S-S-S-S-S	0	No	S	S	S	S	S
ERR600130	24	Intermediate	North America	0.03	S	I100L NOT detected	indel(s) between 56th and 69th amino acid NOT detected	S	neg	S	neg	mef1	R	neg	S	S-S-S-R-S	1	No	S	S	S	R	S
ERR600129	98	Intermediate	North America	0.03	S	I100L NOT detected	indel(s) between 56th and 69th amino acid NOT detected	S	neg	S	neg	neg	S	neg	S	S-S-S-S-S	0	No	S	S	S	S	S
ERR600128	35	Intermediate	North America	0.03	S	I100L NOT detected	indel(s) between 56th and 69th amino acid NOT detected	S	neg	S	neg	neg	S	neg	S	S-S-S-S-S	0	No	S	S	S	S	S
ERR600127	19	Dominant	North America	0.03	S	I100L NOT detected	indel(s) between 56th and 69th amino acid NOT detected	S	neg	S	neg	mef1	R	neg	S	S-S-S-R-S	1	No	S	S	S	R	S
ERR600126	19	Dominant	North America	0.03	S	I100L NOT detected	indel(s) between 56th and 69th amino acid NOT detected	S	neg	S	neg	neg	S	neg	S	S-S-S-S-S	0	No	S	S	S	S	S
ERR600125	38	Intermediate	North America	0.03	S	I100L NOT detected	indel(s) between 56th and 69th amino acid NOT detected	S	neg	S	neg	neg	S	neg	S	S-S-S-S-S	0	No	S	S	S	S	S
ERR600124	19	Dominant	North America	0.03	S	I100L NOT detected	indel(s) between 56th and 69th amino acid NOT detected	S	neg	S	neg	neg	S	neg	S	S-S-S-S-S	0	No	S	S	S	S	S
ERR600123	19	Dominant	North America	0.03	S	I100L NOT detected	indel(s) between 56th and 69th amino acid NOT detected	S	neg	S	neg	mef1	R	neg	S	S-S-S-R-S	1	No	S	S	S	R	S
ERR600122	38	Intermediate	North America	0.03	S	I100L NOT detected	indel(s) between 56th and 69th amino acid NOT detected	S	neg	S	neg	neg	S	neg	S	S-S-S-S-S	0	No	S	S	S	S	S
ERR600120	83	Intermediate	North America	0.03	S	I100L NOT detected	indel(s) between 56th and 69th amino acid NOT detected	S	neg	S	neg	neg	S	neg	S	S-S-S-S-S	0	No	S	S	S	S	S
ERR600119	19	Dominant	North America	0.03	S	I100L NOT detected	indel(s) between 56th and 69th amino acid NOT detected	S	neg	S	neg	neg	S	neg	S	S-S-S-S-S	0	No	S	S	S	S	S
ERR600118	99	Rare	North America	0.03	S	I100L NOT detected	indel(s) between 56th and 69th amino acid NOT detected	S	neg	S	neg	neg	S	neg	S	S-S-S-S-S	0	No	S	S	S	S	S
ERR600117	59	Intermediate	North America	2	R	I100L NOT detected	indel(s) between 56th and 69th amino acid NOT detected	S	neg	S	neg	mef1	R	neg	S	R-S-S-R-S	2	No	R	S	S	R	S
ERR600116	19	Dominant	North America	0.03	S	I100L NOT detected	indel(s) between 56th and 69th amino acid NOT detected	S	neg	S	neg	neg	S	neg	S	S-S-S-S-S	0	No	S	S	S	S	S
ERR600115	11	Dominant	North America	0.03	S	I100L NOT detected	indel(s) between 56th and 69th amino acid NOT detected	S	neg	S	neg	neg	S	neg	S	S-S-S-S-S	0	No	S	S	S	S	S
ERR600114	6	Dominant	North America	0.03	S	I100L NOT detected	indel(s) between 56th and 69th amino acid NOT detected	S	neg	S	neg	neg	S	neg	S	S-S-S-S-S	0	No	S	S	S	S	S
ERR600113	19	Dominant	North America	0.03	S	I100L NOT detected	indel(s) between 56th and 69th amino acid NOT detected	S	neg	S	neg	neg	S	neg	S	S-S-S-S-S	0	No	S	S	S	S	S
ERR600112	19	Dominant	North America	0.03	S	I100L NOT detected	indel(s) between 56th and 69th amino acid NOT detected	S	neg	S	neg	neg	S	neg	S	S-S-S-S-S	0	No	S	S	R	S	S
ERR600110	19	Dominant	North America	0.03	S	I100L NOT detected	indel(s) between 56th and 69th amino acid NOT detected	S	neg	S	neg	neg	S	neg	S	S-S-S-S-S	0	No	S	S	S	S	I
ERR600092	9	Dominant	North America	0.25	R	I100L NOT detected	indel(s) between 56th and 69th amino acid NOT detected	S	neg	S	ermB1	neg	R	tetM	R	R-S-S-R-R	3	Yes	R	S	R	R	R
ERR586466	77	Intermediate	Africa	0.25	R	I100L detected	indel(s) between 56th and 69th amino acid NOT detected	I	neg	S	neg	neg	S	neg	S	R-I-S-S-S	2	No	R	R	NA	NA	NA
ERR586463	13	Dominant	Africa	0.03	S	I100L NOT detected	indel(s) between 56th and 69th amino acid NOT detected	S	neg	S	neg	neg	S	neg	S	S-S-S-S-S	0	No	NA	S	NA	NA	NA
ERR586462	426	Rare	Africa	0.03	S	I100L NOT detected	indel(s) between 56th and 69th amino acid NOT detected	S	neg	S	neg	neg	S	neg	S	S-S-S-S-S	0	No	NA	S	NA	NA	NA
ERR586461	13	Dominant	Africa	0.03	S	I100L detected	indel(s) between 56th and 69th amino acid detected	R	neg	S	neg	neg	S	neg	S	S-R-S-S-S	1	No	NA	R	NA	NA	NA
ERR586460	13	Dominant	Africa	0.03	S	I100L NOT detected	indel(s) between 56th and 69th amino acid NOT detected	S	neg	S	neg	neg	S	neg	S	S-S-S-S-S	0	No	NA	I	NA	NA	NA
ERR586459	97	Intermediate	North America	2	R	I100L detected	indel(s) between 56th and 69th amino acid detected	R	neg	S	neg	mef1	R	neg	S	R-R-S-R-S	3	Yes	R	R	S	R	I
ERR586458	15	Dominant	North America	0.03	S	I100L NOT detected	indel(s) between 56th and 69th amino acid NOT detected	S	neg	S	neg	neg	S	neg	S	S-S-S-S-S	0	No	S	S	S	S	I
ERR586456	1	Dominant	North America	4	R	I100L NOT detected	indel(s) between 56th and 69th amino acid detected	I	neg	S	ermB1	mef1	R	tetM	R	R-I-S-R-R	4	Yes	R	R	S	R	R
ERR586455	24	Intermediate	North America	0.03	S	I100L NOT detected	indel(s) between 56th and 69th amino acid NOT detected	S	neg	S	neg	neg	S	neg	S	S-S-S-S-S	0	No	S	S	S	S	I
ERR586454	4	Dominant	North America	0.12	R	I100L detected	indel(s) between 56th and 69th amino acid detected	R	neg	S	neg	mef1	R	neg	S	R-R-S-R-S	3	Yes	R	R	S	R	I
ERR586451	32	Dominant	North America	0.03	S	I100L NOT detected	indel(s) between 56th and 69th amino acid NOT detected	S	neg	S	neg	neg	S	neg	S	S-S-S-S-S	0	No	S	S	S	S	I
ERR586450	15	Dominant	North America	0.03	S	I100L NOT detected	indel(s) between 56th and 69th amino acid NOT detected	S	neg	S	neg	neg	S	neg	S	S-S-S-S-S	0	No	S	S	S	S	I
ERR586449	15	Dominant	North America	0.03	S	I100L NOT detected	indel(s) between 56th and 69th amino acid NOT detected	S	neg	S	neg	mef1	R	neg	S	S-S-S-R-S	1	No	S	S	S	S	I
ERR586448	1	Dominant	North America	4	R	I100L detected	indel(s) between 56th and 69th amino acid detected	R	neg	S	ermB1	mef1	R	tetM	R	R-R-S-R-R	4	Yes	R	R	S	R	R
ERR586447	97	Intermediate	North America	2	R	I100L detected	indel(s) between 56th and 69th amino acid detected	R	neg	S	neg	mef1	R	neg	S	R-R-S-R-S	3	Yes	R	R	S	R	I
ERR586445	1	Dominant	North America	4	R	I100L detected	indel(s) between 56th and 69th amino acid detected	R	neg	S	ermB1	mef1	R	tetM	R	R-R-S-R-R	4	Yes	R	R	S	R	R
ERR586444	1	Dominant	North America	4	R	I100L detected	indel(s) between 56th and 69th amino acid detected	R	neg	S	ermB1	mef1	R	tetM	R	R-R-S-R-R	4	Yes	R	R	S	R	R
ERR586443	13	Dominant	North America	0.03	S	I100L NOT detected	indel(s) between 56th and 69th amino acid NOT detected	S	neg	S	neg	neg	S	neg	S	S-S-S-S-S	0	No	S	S	S	S	I
ERR586441	15	Dominant	North America	0.03	S	I100L NOT detected	indel(s) between 56th and 69th amino acid NOT detected	S	neg	S	neg	mef1	R	neg	S	S-S-S-R-S	1	No	S	S	S	S	I
ERR586440	97	Intermediate	North America	2	R	I100L detected	indel(s) between 56th and 69th amino acid detected	R	neg	S	neg	mef1	R	neg	S	R-R-S-R-S	3	Yes	R	R	S	R	I
ERR586388	36	Intermediate	North America	0.03	S	I100L NOT detected	indel(s) between 56th and 69th amino acid NOT detected	S	neg	S	neg	neg	S	neg	S	S-S-S-S-S	0	No	S	S	S	S	I
ERR586431	15	Dominant	North America	0.03	S	I100L NOT detected	indel(s) between 56th and 69th amino acid NOT detected	S	neg	S	neg	mef1	R	neg	S	S-S-S-R-S	1	No	S	S	S	S	I
ERR586428	10	Dominant	North America	2	R	I100L detected	indel(s) between 56th and 69th amino acid NOT detected	I	neg	S	neg	neg	S	tetM	R	R-I-S-S-R	3	Yes	R	R	S	S	R
ERR586426	326	Rare	North America	0.03	S	I100L NOT detected	indel(s) between 56th and 69th amino acid detected	I	neg	S	neg	neg	S	tetM	R	S-I-S-S-R	2	No	S	S	S	S	R
ERR586425	4	Dominant	North America	0.12	R	I100L detected	indel(s) between 56th and 69th amino acid detected	R	neg	S	neg	neg	S	neg	S	R-R-S-S-S	2	No	R	R	S	S	I
ERR586424	15	Dominant	North America	0.03	S	I100L NOT detected	indel(s) between 56th and 69th amino acid NOT detected	S	neg	S	neg	neg	S	neg	S	S-S-S-S-S	0	No	S	S	S	S	I
ERR586423	6	Dominant	North America	4	R	I100L detected	indel(s) between 56th and 69th amino acid detected	R	neg	S	neg	mef1	R	neg	S	R-R-S-R-S	3	Yes	R	R	S	R	I
ERR586422	15	Dominant	North America	0.03	S	I100L NOT detected	indel(s) between 56th and 69th amino acid NOT detected	S	neg	S	neg	neg	S	neg	S	S-S-S-S-S	0	No	S	S	S	S	I
ERR586421	15	Dominant	North America	0.03	S	I100L NOT detected	indel(s) between 56th and 69th amino acid NOT detected	S	neg	S	neg	mef1	R	neg	S	S-S-S-R-S	1	No	S	S	S	S	I
ERR586420	1	Dominant	North America	4	R	I100L detected	indel(s) between 56th and 69th amino acid detected	R	neg	S	ermB1	mef1	R	tetM	R	R-R-S-R-R	4	Yes	R	R	S	R	R
ERR586417	97	Intermediate	North America	2	R	I100L detected	indel(s) between 56th and 69th amino acid detected	R	neg	S	neg	mef1	R	neg	S	R-R-S-R-S	3	Yes	R	R	S	R	I
ERR586415	1	Dominant	North America	4	R	I100L detected	indel(s) between 56th and 69th amino acid detected	R	neg	S	ermB1	mef1	R	tetM	R	R-R-S-R-R	4	Yes	R	R	S	R	R
ERR586414	1	Dominant	North America	4	R	I100L detected	indel(s) between 56th and 69th amino acid detected	R	neg	S	ermB1	mef1	R	tetM	R	R-R-S-R-R	4	Yes	R	R	S	R	R
ERR586413	19	Dominant	North America	0.03	S	I100L NOT detected	indel(s) between 56th and 69th amino acid NOT detected	S	neg	S	ermB1	neg	R	tetM	R	S-S-S-R-R	2	No	S	S	S	S	I
ERR586411	19	Dominant	North America	0.03	S	I100L NOT detected	indel(s) between 56th and 69th amino acid NOT detected	S	neg	S	neg	mef1	R	neg	S	S-S-S-R-S	1	No	S	S	S	R	I
ERR586406	15	Dominant	North America	0.03	S	I100L NOT detected	indel(s) between 56th and 69th amino acid NOT detected	S	neg	S	neg	neg	S	neg	S	S-S-S-S-S	0	No	S	S	S	S	I
ERR586402	6	Dominant	North America	2	R	I100L detected	indel(s) between 56th and 69th amino acid detected	R	neg	S	neg	mef1	R	neg	S	R-R-S-R-S	3	Yes	R	R	S	R	I
ERR586399	35	Intermediate	North America	0.03	S	I100L NOT detected	indel(s) between 56th and 69th amino acid NOT detected	S	neg	S	neg	neg	S	tetM	R	S-S-S-S-R	1	No	S	S	S	S	I
ERR586396	27	Dominant	North America	0.12	R	I100L NOT detected	indel(s) between 56th and 69th amino acid NOT detected	S	neg	S	neg	neg	S	neg	S	R-S-S-S-S	1	No	R	S	S	S	I
ERR586395	59	Intermediate	North America	2	R	I100L NOT detected	indel(s) between 56th and 69th amino acid NOT detected	S	neg	S	neg	mef1	R	neg	S	R-S-S-R-S	2	No	R	S	S	R	I
ERR586394	19	Dominant	North America	0.03	S	I100L NOT detected	indel(s) between 56th and 69th amino acid NOT detected	S	neg	S	neg	neg	S	neg	S	S-S-S-S-S	0	No	S	S	S	S	I
ERR586317	1	Dominant	North America	4	R	I100L detected	indel(s) between 56th and 69th amino acid detected	R	neg	S	ermB1	mef1	R	tetM	R	R-R-S-R-R	4	Yes	R	R	S	R	R
ERR586316	1	Dominant	North America	4	R	I100L detected	indel(s) between 56th and 69th amino acid detected	R	neg	S	ermB1	mef1	R	tetM	R	R-R-S-R-R	4	Yes	R	R	S	R	R
ERR578031	15	Dominant	North America	0.03	S	I100L NOT detected	indel(s) between 56th and 69th amino acid NOT detected	S	neg	S	neg	neg	S	neg	S	S-S-S-S-S	0	No	S	S	S	S	I
ERR578023	1	Dominant	North America	4	R	I100L detected	indel(s) between 56th and 69th amino acid detected	R	neg	S	ermB1	mef1	R	tetM	R	R-R-S-R-R	4	Yes	R	R	S	R	R
ERR578022	1	Dominant	North America	4	R	I100L NOT detected	indel(s) between 56th and 69th amino acid detected	I	neg	S	ermB1	mef1	R	tetM	R	R-I-S-R-R	4	Yes	R	R	S	R	R
ERR568760	132	Intermediate	North America	0.25	R	I100L NOT detected	indel(s) between 56th and 69th amino acid detected	I	neg	S	neg	mef1	R	tetM	R	R-I-S-R-R	4	Yes	R	I	S	R	R
ERR568759	35	Intermediate	North America	0.03	S	I100L NOT detected	indel(s) between 56th and 69th amino acid NOT detected	S	neg	S	neg	neg	S	neg	S	S-S-S-S-S	0	No	S	S	S	S	I
ERR568758	35	Intermediate	North America	0.03	S	I100L NOT detected	indel(s) between 56th and 69th amino acid NOT detected	S	neg	S	neg	neg	S	neg	S	S-S-S-S-S	0	No	S	S	S	S	I
ERR570480	36	Intermediate	Africa	0.03	S	I100L NOT detected	indel(s) between 56th and 69th amino acid detected	I	neg	S	neg	neg	S	neg	S	S-I-S-S-S	1	No	NA	I	NA	NA	NA
ERR570479	205	Intermediate	Africa	0.12	R	I100L detected	indel(s) between 56th and 69th amino acid detected	R	neg	S	neg	neg	S	neg	S	R-R-S-S-S	2	No	NA	R	NA	NA	NA
ERR570409	142	Intermediate	Africa	0.03	S	I100L NOT detected	indel(s) between 56th and 69th amino acid NOT detected	S	neg	S	neg	neg	S	neg	S	S-S-S-S-S	0	No	NA	S	NA	NA	NA
ERR570476	2	Dominant	Africa	0.03	S	I100L NOT detected	indel(s) between 56th and 69th amino acid NOT detected	S	neg	S	neg	neg	S	neg	S	S-S-S-S-S	0	No	NA	S	NA	NA	NA
ERR570473	21	Dominant	Africa	0.25	R	I100L detected	indel(s) between 56th and 69th amino acid detected	R	neg	S	neg	neg	S	neg	S	R-R-S-S-S	2	No	R	R	NA	NA	NA
ERR570471	1	Dominant	Africa	2	R	I100L detected	indel(s) between 56th and 69th amino acid NOT detected	I	neg	S	ermB1	mef1	R	tetM	R	R-I-S-R-R	4	Yes	R	R	NA	R	R
ERR570469	67	Intermediate	Africa	0.03	S	I100L NOT detected	indel(s) between 56th and 69th amino acid NOT detected	S	neg	S	neg	neg	S	neg	S	S-S-S-S-S	0	No	NA	S	NA	NA	NA
ERR570408	90	Intermediate	Africa	0.25	R	I100L detected	indel(s) between 56th and 69th amino acid detected	R	neg	S	neg	neg	S	neg	S	R-R-S-S-S	2	No	R	R	NA	NA	NA
ERR570467	145	Intermediate	Africa	0.03	S	I100L NOT detected	indel(s) between 56th and 69th amino acid detected	I	neg	S	neg	neg	S	neg	S	S-I-S-S-S	1	No	NA	I	NA	NA	NA
ERR570466	21	Dominant	Africa	0.25	R	I100L detected	indel(s) between 56th and 69th amino acid detected	R	neg	S	neg	neg	S	neg	S	R-R-S-S-S	2	No	R	R	NA	NA	NA
ERR570464	90	Intermediate	Africa	0.25	R	I100L detected	indel(s) between 56th and 69th amino acid detected	R	neg	S	neg	neg	S	neg	S	R-R-S-S-S	2	No	R	R	NA	NA	NA
ERR570463	41	Dominant	Africa	0.25	R	I100L detected	indel(s) between 56th and 69th amino acid detected	R	neg	S	neg	neg	S	neg	S	R-R-S-S-S	2	No	R	R	NA	NA	NA
ERR570462	77	Intermediate	Africa	0.25	R	I100L NOT detected	indel(s) between 56th and 69th amino acid NOT detected	S	neg	S	neg	neg	S	neg	S	R-S-S-S-S	1	No	R	I	NA	NA	NA
ERR570461	49	Intermediate	Africa	0.03	S	I100L NOT detected	indel(s) between 56th and 69th amino acid NOT detected	S	neg	S	neg	neg	S	neg	S	S-S-S-S-S	0	No	NA	S	NA	NA	NA
ERR570460	10	Dominant	Africa	2	R	I100L detected	indel(s) between 56th and 69th amino acid detected	R	neg	S	ermB1	neg	R	tet(S/M)	R	R-R-S-R-R	4	Yes	R	R	NA	R	R
ERR570459	17	Dominant	Africa	0.25	R	I100L detected	indel(s) between 56th and 69th amino acid NOT detected	I	neg	S	neg	neg	S	neg	S	R-I-S-S-S	2	No	R	R	NA	NA	NA
ERR570407	24	Intermediate	Africa	0.03	S	I100L NOT detected	indel(s) between 56th and 69th amino acid NOT detected	S	neg	S	neg	neg	S	neg	S	S-S-S-S-S	0	No	NA	S	NA	NA	NA
ERR570458	51	Intermediate	Africa	0.03	S	I100L NOT detected	indel(s) between 56th and 69th amino acid NOT detected	S	neg	S	neg	neg	S	neg	S	S-S-S-S-S	0	No	NA	S	NA	NA	NA
ERR570457	90	Intermediate	Africa	0.25	R	I100L detected	indel(s) between 56th and 69th amino acid NOT detected	I	neg	S	neg	neg	S	neg	S	R-I-S-S-S	2	No	R	R	NA	NA	NA
ERR570455	14	Dominant	Africa	4	R	I100L NOT detected	indel(s) between 56th and 69th amino acid detected	I	neg	S	neg	mef1	R	tetM	R	R-I-S-R-R	4	Yes	S	R	NA	NA	NA
ERR570454	13	Dominant	Africa	0.03	S	I100L detected	indel(s) between 56th and 69th amino acid NOT detected	I	neg	S	neg	neg	S	neg	S	S-I-S-S-S	1	No	R	I	NA	R	R
ERR570450	205	Intermediate	Africa	0.12	R	I100L detected	indel(s) between 56th and 69th amino acid detected	R	neg	S	neg	neg	S	neg	S	R-R-S-S-S	2	No	S	R	NA	NA	NA
ERR570449	24	Intermediate	Africa	0.03	S	I100L detected	indel(s) between 56th and 69th amino acid detected	R	neg	S	neg	neg	S	neg	S	S-R-S-S-S	1	No	NA	R	NA	NA	NA
ERR570406	68	Intermediate	Africa	0.03	S	I100L NOT detected	indel(s) between 56th and 69th amino acid NOT detected	S	neg	S	neg	neg	S	neg	S	S-S-S-S-S	0	No	NA	S	NA	NA	NA
ERR570448	14	Dominant	Africa	0.06	S	I100L NOT detected	indel(s) between 56th and 69th amino acid detected	I	neg	S	neg	mef1	R	tetM	R	S-I-S-R-R	3	Yes	NA	I	NA	R	R
ERR570446	1	Dominant	Africa	4	R	I100L detected	indel(s) between 56th and 69th amino acid detected	R	neg	S	ermB1	mef1	R	tetM	R	R-R-S-R-R	4	Yes	R	R	NA	R	R
ERR570444	17	Dominant	Africa	0.25	R	I100L detected	indel(s) between 56th and 69th amino acid detected	R	neg	S	neg	neg	S	neg	S	R-R-S-S-S	2	No	R	R	NA	NA	NA
ERR570443	41	Dominant	Africa	0.25	R	I100L detected	indel(s) between 56th and 69th amino acid detected	R	neg	S	ermB1	neg	R	tetM	R	R-R-S-R-R	4	Yes	S	R	NA	R	R
ERR570438	16	Dominant	Africa	4	R	I100L detected	indel(s) between 56th and 69th amino acid detected	R	cat1	R	neg	neg	S	tetM	R	R-R-R-S-R	4	Yes	R	R	R	NA	R
ERR570437	2	Dominant	Africa	0.03	S	I100L NOT detected	indel(s) between 56th and 69th amino acid NOT detected	S	neg	S	neg	neg	S	neg	S	S-S-S-S-S	0	No	NA	S	NA	NA	NA
ERR570436	90	Intermediate	Africa	0.25	R	I100L detected	indel(s) between 56th and 69th amino acid detected	R	neg	S	neg	neg	S	neg	S	R-R-S-S-S	2	No	R	R	NA	NA	NA
ERR570434	18	Dominant	Africa	0.25	R	I100L NOT detected	indel(s) between 56th and 69th amino acid detected	I	neg	S	ermB1	neg	R	tetM	R	R-I-S-R-R	4	Yes	R	R	NA	R	R
ERR570433	51	Intermediate	Africa	0.03	S	I100L NOT detected	indel(s) between 56th and 69th amino acid NOT detected	S	neg	S	neg	neg	S	neg	S	S-S-S-S-S	0	No	NA	S	NA	NA	NA
ERR570432	18	Dominant	Africa	2	R	I100L detected	indel(s) between 56th and 69th amino acid detected	R	neg	S	ermB1	neg	R	tetM	R	R-R-S-R-R	4	Yes	R	R	NA	R	R
ERR570425	199	Intermediate	Africa	0.03	S	I100L NOT detected	indel(s) between 56th and 69th amino acid NOT detected	S	neg	S	neg	neg	S	neg	S	S-S-S-S-S	0	No	NA	S	NA	NA	NA
ERR570423	21	Dominant	Africa	0.25	R	I100L detected	indel(s) between 56th and 69th amino acid NOT detected	I	neg	S	neg	neg	S	neg	S	R-I-S-S-S	2	No	R	I	NA	NA	NA
ERR570422	17	Dominant	Africa	0.25	R	I100L detected	indel(s) between 56th and 69th amino acid detected	R	neg	S	neg	neg	S	neg	S	R-R-S-S-S	2	No	S	R	NA	NA	NA
ERR570420	37	Dominant	Africa	0.25	R	I100L NOT detected	indel(s) between 56th and 69th amino acid detected	I	neg	S	neg	neg	S	neg	S	R-I-S-S-S	2	No	R	S	NA	NA	NA
ERR570418	13	Dominant	Africa	0.06	S	I100L detected	indel(s) between 56th and 69th amino acid detected	R	neg	S	neg	neg	S	neg	S	S-R-S-S-S	1	No	NA	R	NA	NA	NA
ERR570416	52	Intermediate	Africa	0.25	R	I100L NOT detected	indel(s) between 56th and 69th amino acid NOT detected	S	neg	S	neg	neg	S	neg	S	R-S-S-S-S	1	No	R	S	NA	NA	NA
ERR570415	10	Dominant	Africa	0.5	R	I100L detected	indel(s) between 56th and 69th amino acid NOT detected	I	neg	S	neg	neg	S	tetM	R	R-I-S-S-R	3	Yes	R	R	NA	NA	R
ERR570414	5	Dominant	Africa	0.5	R	I100L detected	indel(s) between 56th and 69th amino acid detected	R	neg	S	neg	neg	S	neg	S	R-R-S-S-S	2	No	S	R	NA	NA	NA
ERR570413	3	Dominant	Africa	0.03	S	I100L NOT detected	indel(s) between 56th and 69th amino acid NOT detected	S	neg	S	neg	neg	S	neg	S	S-S-S-S-S	0	No	S	S	NA	NA	NA
ERR570411	67	Intermediate	Africa	0.03	S	I100L NOT detected	indel(s) between 56th and 69th amino acid NOT detected	S	neg	S	neg	neg	S	neg	S	S-S-S-S-S	0	No	NA	S	NA	NA	NA
ERR570376	13	Dominant	Africa	0.03	S	I100L NOT detected	indel(s) between 56th and 69th amino acid detected	I	neg	S	neg	neg	S	neg	S	S-I-S-S-S	1	No	NA	I	NA	NA	NA
ERR570401	13	Dominant	Africa	0.03	S	I100L NOT detected	indel(s) between 56th and 69th amino acid NOT detected	S	neg	S	neg	neg	S	neg	S	S-S-S-S-S	0	No	S	S	NA	NA	NA
ERR570400	14	Dominant	Africa	0.5	R	I100L detected	indel(s) between 56th and 69th amino acid detected	R	neg	S	neg	mef1	R	tetM	R	R-R-S-R-R	4	Yes	R	R	NA	R	R
ERR570399	54	Intermediate	Africa	0.03	S	I100L detected	indel(s) between 56th and 69th amino acid detected	R	neg	S	neg	neg	S	neg	S	S-R-S-S-S	1	No	NA	R	NA	NA	NA
ERR570398	90	Intermediate	Africa	0.12	R	I100L detected	indel(s) between 56th and 69th amino acid detected	R	neg	S	neg	neg	S	neg	S	R-R-S-S-S	2	No	R	R	NA	NA	NA
ERR570394	14	Dominant	Africa	4	R	I100L NOT detected	indel(s) between 56th and 69th amino acid detected	I	neg	S	neg	mef1	R	tetM	R	R-I-S-R-R	4	Yes	R	I	S	R	R
ERR570393	37	Dominant	Africa	0.25	R	I100L NOT detected	indel(s) between 56th and 69th amino acid detected	I	neg	S	neg	neg	S	neg	S	R-I-S-S-S	2	No	R	I	NA	NA	NA
ERR570390	10	Dominant	Africa	2	R	I100L detected	indel(s) between 56th and 69th amino acid detected	R	neg	S	ermB1	neg	R	tet(S/M)	R	R-R-S-R-R	4	Yes	R	R	NA	R	R
ERR570389	67	Intermediate	Africa	0.03	S	I100L detected	indel(s) between 56th and 69th amino acid NOT detected	I	neg	S	neg	neg	S	neg	S	S-I-S-S-S	1	No	NA	R	NA	NA	NA
ERR570385	10	Dominant	Africa	2	R	I100L detected	indel(s) between 56th and 69th amino acid detected	R	neg	S	ermB1	neg	R	tet(S/M)	R	R-R-S-R-R	4	Yes	R	R	NA	R	R
ERR570383	10	Dominant	Africa	2	R	I100L detected	indel(s) between 56th and 69th amino acid detected	R	neg	S	ermB1	neg	R	tet(S/M)	R	R-R-S-R-R	4	Yes	NA	NA	NA	NA	NA
ERR568748	13	Dominant	Africa	0.03	S	I100L detected	indel(s) between 56th and 69th amino acid detected	R	neg	S	neg	neg	S	neg	S	S-R-S-S-S	1	No	NA	R	NA	NA	NA
ERR568745	10	Dominant	Africa	2	R	I100L detected	indel(s) between 56th and 69th amino acid detected	R	neg	S	ermB1	neg	R	tet(S/M)	R	R-R-S-R-R	4	Yes	R	R	NA	R	R
ERR568744	21	Dominant	Africa	0.25	R	I100L detected	indel(s) between 56th and 69th amino acid detected	R	neg	S	neg	neg	S	neg	S	R-R-S-S-S	2	No	R	R	NA	NA	NA
ERR568742	9	Dominant	Africa	0.25	R	I100L NOT detected	indel(s) between 56th and 69th amino acid detected	I	neg	S	neg	neg	S	tetM	R	R-I-S-S-R	3	Yes	R	R	NA	NA	R
ERR568741	34	Dominant	Africa	0.03	S	I100L NOT detected	indel(s) between 56th and 69th amino acid detected	I	neg	S	neg	neg	S	neg	S	S-I-S-S-S	1	No	NA	R	NA	NA	NA
ERR568738	68	Intermediate	Africa	0.03	S	I100L NOT detected	indel(s) between 56th and 69th amino acid NOT detected	S	neg	S	neg	neg	S	neg	S	S-S-S-S-S	0	No	NA	S	NA	NA	NA
ERR568737	37	Dominant	Africa	0.25	R	I100L detected	indel(s) between 56th and 69th amino acid detected	R	neg	S	ermB1	neg	R	tetM	R	R-R-S-R-R	4	Yes	S	R	NA	R	R
ERR568736	32	Dominant	Africa	0.03	S	I100L NOT detected	indel(s) between 56th and 69th amino acid NOT detected	S	neg	S	neg	neg	S	neg	S	S-S-S-S-S	0	No	NA	S	NA	NA	NA
ERR568732	41	Dominant	Africa	0.25	R	I100L detected	indel(s) between 56th and 69th amino acid detected	R	neg	S	neg	neg	S	neg	S	R-R-S-S-S	2	No	S	R	NA	NA	NA
ERR568731	54	Intermediate	Africa	4	R	I100L NOT detected	indel(s) between 56th and 69th amino acid NOT detected	S	neg	S	neg	neg	S	neg	S	R-S-S-S-S	1	No	R	R	NA	NA	NA
ERR568730	68	Intermediate	Africa	0.03	S	I100L NOT detected	indel(s) between 56th and 69th amino acid NOT detected	S	neg	S	neg	neg	S	neg	S	S-S-S-S-S	0	No	NA	S	NA	NA	NA
ERR568729	37	Dominant	Africa	0.03	S	I100L NOT detected	indel(s) between 56th and 69th amino acid detected	I	neg	S	neg	neg	S	neg	S	S-I-S-S-S	1	No	NA	I	NA	NA	NA
ERR568728	24	Intermediate	Africa	0.03	S	I100L detected	indel(s) between 56th and 69th amino acid NOT detected	I	neg	S	neg	neg	S	neg	S	S-I-S-S-S	1	No	NA	I	NA	NA	NA
ERR568727	10	Dominant	Africa	2	R	I100L detected	indel(s) between 56th and 69th amino acid detected	R	neg	S	ermB1	neg	R	tet(S/M)	R	R-R-S-R-R	4	Yes	R	R	NA	R	R
ERR568723	142	Intermediate	Africa	0.03	S	I100L NOT detected	indel(s) between 56th and 69th amino acid NOT detected	S	neg	S	neg	neg	S	neg	S	S-S-S-S-S	0	No	NA	S	NA	NA	NA
ERR568721	3	Dominant	Africa	0.03	S	I100L NOT detected	indel(s) between 56th and 69th amino acid NOT detected	S	neg	S	neg	neg	S	neg	S	S-S-S-S-S	0	No	NA	S	NA	NA	NA
ERR568720	17	Dominant	Africa	0.25	R	I100L NOT detected	indel(s) between 56th and 69th amino acid detected	I	neg	S	neg	neg	S	neg	S	R-I-S-S-S	2	No	R	I	NA	NA	NA
ERR568719	10	Dominant	Africa	2	R	I100L detected	indel(s) between 56th and 69th amino acid detected	R	neg	S	ermB1	neg	R	tet(S/M)	R	R-R-S-R-R	4	Yes	R	R	NA	R	R
ERR568717	83	Intermediate	Africa	0.03	S	I100L NOT detected	indel(s) between 56th and 69th amino acid NOT detected	S	neg	S	neg	neg	S	neg	S	S-S-S-S-S	0	No	NA	S	NA	NA	NA
ERR568715	2	Dominant	Africa	0.03	S	I100L NOT detected	indel(s) between 56th and 69th amino acid NOT detected	S	neg	S	neg	neg	S	neg	S	S-S-S-S-S	0	No	NA	S	NA	NA	NA
ERR568714	14	Dominant	Africa	0.03	S	I100L detected	indel(s) between 56th and 69th amino acid detected	R	neg	S	neg	mef1	R	tetM	R	S-R-S-R-R	3	Yes	NA	R	NA	R	R
ERR568713	24	Intermediate	Africa	0.03	S	I100L detected	indel(s) between 56th and 69th amino acid NOT detected	I	neg	S	neg	neg	S	neg	S	S-I-S-S-S	1	No	NA	R	NA	NA	NA
ERR568710	68	Intermediate	Africa	0.03	S	I100L NOT detected	indel(s) between 56th and 69th amino acid NOT detected	S	neg	S	neg	neg	S	neg	S	S-S-S-S-S	0	No	NA	S	NA	NA	NA
ERR568708	1	Dominant	Africa	4	R	I100L detected	indel(s) between 56th and 69th amino acid detected	R	neg	S	ermB1	mef1	R	tetM	R	R-R-S-R-R	4	Yes	R	R	NA	R	I
ERR568707	51	Intermediate	Africa	0.03	S	I100L NOT detected	indel(s) between 56th and 69th amino acid NOT detected	S	neg	S	neg	neg	S	neg	S	S-S-S-S-S	0	No	NA	S	NA	NA	NA
ERR568706	67	Intermediate	Africa	0.03	S	I100L NOT detected	indel(s) between 56th and 69th amino acid NOT detected	S	neg	S	neg	neg	S	neg	S	S-S-S-S-S	0	No	NA	S	NA	NA	NA
ERR568691	1	Dominant	Africa	4	R	I100L detected	indel(s) between 56th and 69th amino acid detected	R	neg	S	ermB1	mef1	R	tetM	R	R-R-S-R-R	4	Yes	R	R	NA	R	R
ERR568705	14	Dominant	Africa	0.25	R	I100L detected	indel(s) between 56th and 69th amino acid detected	R	cat1	R	ermB1	neg	R	tetM	R	R-R-R-R-R	5	Yes	R	R	R	R	R
ERR568704	3	Dominant	Africa	0.03	S	I100L NOT detected	indel(s) between 56th and 69th amino acid NOT detected	S	neg	S	neg	neg	S	neg	S	S-S-S-S-S	0	No	NA	S	NA	NA	NA
ERR568702	10	Dominant	Africa	2	R	I100L detected	indel(s) between 56th and 69th amino acid detected	R	neg	S	ermB1	neg	R	tet(S/M)	R	R-R-S-R-R	4	Yes	R	R	NA	R	R
ERR568701	14	Dominant	Africa	0.12	R	I100L detected	indel(s) between 56th and 69th amino acid detected	R	neg	S	neg	mef1	R	tetM	R	R-R-S-R-R	4	Yes	S	R	NA	R	R
ERR568698	159	Intermediate	Africa	0.25	R	I100L NOT detected	indel(s) between 56th and 69th amino acid detected	I	neg	S	ermB1	neg	R	tetM	R	R-I-S-R-R	4	Yes	R	I	NA	R	R
ERR568697	14	Dominant	Africa	0.25	R	I100L detected	indel(s) between 56th and 69th amino acid detected	R	neg	S	neg	mef1	R	tetM	R	R-R-S-R-R	4	Yes	R	R	NA	R	R
ERR568689	14	Dominant	Africa	0.25	R	I100L NOT detected	indel(s) between 56th and 69th amino acid detected	I	cat1	R	ermB1	neg	R	tetM	R	R-I-R-R-R	5	Yes	R	I	R	R	R
ERR568687	14	Dominant	Africa	0.06	S	I100L detected	indel(s) between 56th and 69th amino acid detected	R	neg	S	neg	mef1	R	tetM	R	S-R-S-R-R	3	Yes	S	R	NA	R	R
ERR568682	52	Intermediate	Africa	0.03	S	I100L NOT detected	indel(s) between 56th and 69th amino acid NOT detected	S	neg	S	neg	neg	S	neg	S	S-S-S-S-S	0	No	NA	S	NA	NA	NA
ERR568681	3	Dominant	Africa	0.03	S	I100L NOT detected	indel(s) between 56th and 69th amino acid NOT detected	S	neg	S	neg	neg	S	neg	S	S-S-S-S-S	0	No	NA	S	NA	NA	NA
ERR568680	48	Intermediate	Africa	0.25	R	I100L detected	indel(s) between 56th and 69th amino acid NOT detected	I	neg	S	neg	neg	S	neg	S	R-I-S-S-S	2	No	R	R	NA	NA	NA
ERR568675	3	Dominant	Africa	0.03	S	I100L NOT detected	indel(s) between 56th and 69th amino acid NOT detected	S	neg	S	neg	neg	S	neg	S	S-S-S-S-S	0	No	NA	S	NA	NA	NA
ERR568673	3	Dominant	Africa	0.03	S	I100L NOT detected	indel(s) between 56th and 69th amino acid NOT detected	S	neg	S	neg	neg	S	neg	S	S-S-S-S-S	0	No	NA	S	NA	NA	NA
ERR568672	17	Dominant	Africa	0.25	R	I100L NOT detected	indel(s) between 56th and 69th amino acid detected	I	neg	S	neg	neg	S	neg	S	R-I-S-S-S	2	No	R	I	NA	NA	NA
ERR568670	90	Intermediate	Africa	0.25	R	I100L NOT detected	indel(s) between 56th and 69th amino acid detected	I	neg	S	neg	neg	S	neg	S	R-I-S-S-S	2	No	R	R	NA	NA	NA
ERR568669	5	Dominant	Africa	1	R	I100L detected	indel(s) between 56th and 69th amino acid detected	R	neg	S	neg	neg	S	neg	S	R-R-S-S-S	2	No	R	R	NA	NA	NA
ERR568668	2	Dominant	Africa	0.03	S	I100L NOT detected	indel(s) between 56th and 69th amino acid NOT detected	S	neg	S	neg	neg	S	neg	S	S-S-S-S-S	0	No	NA	S	NA	NA	NA
ERR568666	17	Dominant	Africa	0.25	R	I100L NOT detected	indel(s) between 56th and 69th amino acid detected	I	neg	S	neg	neg	S	neg	S	R-I-S-S-S	2	No	R	I	NA	NA	NA
ERR568665	14	Dominant	Africa	0.03	S	I100L detected	indel(s) between 56th and 69th amino acid detected	R	neg	S	neg	mef1	R	tetM	R	S-R-S-R-R	3	Yes	R	R	NA	R	R
ERR568611	3	Dominant	Africa	0.03	S	I100L NOT detected	indel(s) between 56th and 69th amino acid NOT detected	S	neg	S	neg	neg	S	neg	S	S-S-S-S-S	0	No	NA	S	NA	NA	NA
ERR568661	205	Intermediate	Africa	0.12	R	I100L detected	indel(s) between 56th and 69th amino acid detected	R	neg	S	neg	neg	S	neg	S	R-R-S-S-S	2	No	NA	R	NA	NA	NA
ERR568660	2	Dominant	Africa	0.03	S	I100L NOT detected	indel(s) between 56th and 69th amino acid NOT detected	S	neg	S	neg	neg	S	neg	S	S-S-S-S-S	0	No	NA	S	NA	NA	NA
ERR568658	17	Dominant	Africa	0.25	R	I100L NOT detected	indel(s) between 56th and 69th amino acid detected	I	neg	S	neg	neg	S	neg	S	R-I-S-S-S	2	No	R	I	NA	NA	NA
ERR568654	41	Dominant	Africa	0.25	R	I100L detected	indel(s) between 56th and 69th amino acid detected	R	neg	S	neg	neg	S	neg	S	R-R-S-S-S	2	No	S	R	NA	NA	NA
ERR568652	17	Dominant	Africa	0.25	R	I100L detected	indel(s) between 56th and 69th amino acid NOT detected	I	neg	S	neg	neg	S	neg	S	R-I-S-S-S	2	No	S	R	NA	NA	NA
ERR568650	16	Dominant	Africa	0.06	S	I100L NOT detected	indel(s) between 56th and 69th amino acid detected	I	neg	S	neg	neg	S	neg	S	S-I-S-S-S	1	No	S	I	NA	NA	NA
ERR568649	41	Dominant	Africa	0.25	R	I100L NOT detected	indel(s) between 56th and 69th amino acid detected	I	neg	S	neg	neg	S	neg	S	R-I-S-S-S	2	No	R	I	NA	NA	NA
ERR568646	21	Dominant	Africa	0.25	R	I100L detected	indel(s) between 56th and 69th amino acid NOT detected	I	neg	S	neg	neg	S	neg	S	R-I-S-S-S	2	No	R	R	NA	NA	NA
ERR568645	22	Dominant	Africa	0.03	S	I100L NOT detected	indel(s) between 56th and 69th amino acid detected	I	neg	S	neg	neg	S	neg	S	S-I-S-S-S	1	No	NA	I	NA	NA	NA
ERR568644	24	Intermediate	Africa	0.03	S	I100L NOT detected	indel(s) between 56th and 69th amino acid NOT detected	S	neg	S	neg	neg	S	neg	S	S-S-S-S-S	0	No	NA	S	NA	NA	NA
ERR568641	354	Rare	Africa	0.03	S	I100L detected	indel(s) between 56th and 69th amino acid detected	R	neg	S	neg	neg	S	neg	S	S-R-S-S-S	1	No	NA	R	NA	NA	NA
ERR568639	52	Intermediate	Africa	0.03	S	I100L NOT detected	indel(s) between 56th and 69th amino acid detected	I	neg	S	neg	neg	S	neg	S	S-I-S-S-S	1	No	NA	I	NA	NA	NA
ERR568638	17	Dominant	Africa	0.12	R	I100L detected	indel(s) between 56th and 69th amino acid detected	R	neg	S	neg	neg	S	neg	S	R-R-S-S-S	2	No	S	I	NA	NA	NA
ERR568634	10	Dominant	Africa	2	R	I100L detected	indel(s) between 56th and 69th amino acid detected	R	neg	S	ermB1	neg	R	tet(S/M)	R	R-R-S-R-R	4	Yes	R	R	NA	R	R
ERR568608	13	Dominant	Africa	0.12	R	I100L detected	indel(s) between 56th and 69th amino acid detected	R	neg	S	neg	neg	S	neg	S	R-R-S-S-S	2	No	NA	R	NA	NA	NA
ERR568633	37	Dominant	Africa	0.03	S	I100L NOT detected	indel(s) between 56th and 69th amino acid detected	I	neg	S	neg	neg	S	neg	S	S-I-S-S-S	1	No	R	R	NA	NA	NA
ERR568624	241	Rare	Africa	0.03	S	I100L NOT detected	indel(s) between 56th and 69th amino acid detected	I	neg	S	neg	neg	S	neg	S	S-I-S-S-S	1	No	NA	S	NA	NA	NA
ERR568623	8	Dominant	Africa	0.06	S	I100L NOT detected	indel(s) between 56th and 69th amino acid NOT detected	S	neg	S	neg	neg	S	neg	S	S-S-S-S-S	0	No	NA	S	NA	NA	NA
ERR568622	18	Dominant	Africa	0.25	R	I100L detected	indel(s) between 56th and 69th amino acid detected	R	neg	S	ermB1	neg	R	tetM	R	R-R-S-R-R	4	Yes	R	R	NA	R	R
ERR568621	125	Intermediate	Africa	0.03	S	I100L NOT detected	indel(s) between 56th and 69th amino acid detected	I	neg	S	neg	neg	S	neg	S	S-I-S-S-S	1	No	NA	S	NA	NA	NA
ERR568620	18	Dominant	Africa	4	R	I100L detected	indel(s) between 56th and 69th amino acid detected	R	neg	S	neg	mef1	R	neg	S	R-R-S-R-S	3	Yes	R	R	NA	R	NA
ERR568619	18	Dominant	Africa	4	R	I100L detected	indel(s) between 56th and 69th amino acid detected	R	neg	S	neg	mef1	R	neg	S	R-R-S-R-S	3	Yes	R	R	NA	R	NA
ERR568618	424	Rare	Africa	0.03	S	I100L NOT detected	indel(s) between 56th and 69th amino acid NOT detected	S	neg	S	neg	neg	S	neg	S	S-S-S-S-S	0	No	NA	I	NA	NA	NA
ERR568606	12	Dominant	Africa	0.03	S	I100L NOT detected	indel(s) between 56th and 69th amino acid NOT detected	S	neg	S	neg	neg	S	neg	S	S-S-S-S-S	0	No	NA	S	NA	NA	NA
ERR568526	77	Intermediate	Africa	0.12	R	I100L detected	indel(s) between 56th and 69th amino acid NOT detected	I	neg	S	neg	neg	S	neg	S	R-I-S-S-S	2	No	S	R	NA	NA	NA
ERR568604	77	Intermediate	Africa	0.25	R	I100L NOT detected	indel(s) between 56th and 69th amino acid NOT detected	S	neg	S	neg	neg	S	neg	S	R-S-S-S-S	1	No	R	I	NA	NA	NA
ERR568603	77	Intermediate	Africa	0.25	R	I100L NOT detected	indel(s) between 56th and 69th amino acid NOT detected	S	neg	S	neg	neg	S	neg	S	R-S-S-S-S	1	No	R	I	NA	NA	NA
ERR568599	5	Dominant	Africa	2	R	I100L detected	indel(s) between 56th and 69th amino acid detected	R	neg	S	neg	neg	S	neg	S	R-R-S-S-S	2	No	R	R	NA	NA	NA
ERR568598	5	Dominant	Africa	1	R	I100L detected	indel(s) between 56th and 69th amino acid detected	R	neg	S	neg	neg	S	neg	S	R-R-S-S-S	2	No	R	R	NA	NA	NA
ERR568525	14	Dominant	Africa	0.06	S	I100L detected	indel(s) between 56th and 69th amino acid detected	R	neg	S	neg	mef1	R	tetM	R	S-R-S-R-R	3	Yes	NA	R	NA	R	R
ERR568596	77	Intermediate	Africa	0.25	R	I100L NOT detected	indel(s) between 56th and 69th amino acid NOT detected	S	neg	S	neg	neg	S	neg	S	R-S-S-S-S	1	No	R	I	NA	NA	NA
ERR568594	77	Intermediate	Africa	0.25	R	I100L NOT detected	indel(s) between 56th and 69th amino acid NOT detected	S	neg	S	neg	neg	S	neg	S	R-S-S-S-S	1	No	R	I	NA	NA	NA
ERR568592	10	Dominant	Africa	2	R	I100L detected	indel(s) between 56th and 69th amino acid detected	R	neg	S	ermB1	neg	R	tet(S/M)	R	R-R-S-R-R	4	Yes	R	R	S	R	R
ERR568590	52	Intermediate	Africa	0.25	R	I100L detected	indel(s) between 56th and 69th amino acid detected	R	neg	S	neg	neg	S	neg	S	R-R-S-S-S	2	No	R	R	NA	NA	NA
ERR568589	14	Dominant	Africa	0.25	R	I100L NOT detected	indel(s) between 56th and 69th amino acid detected	I	neg	S	ermB1	neg	R	tetM	R	R-I-S-R-R	4	Yes	R	I	NA	R	R
ERR568587	79	Intermediate	Africa	0.25	R	I100L detected	indel(s) between 56th and 69th amino acid detected	R	neg	S	neg	neg	S	neg	S	R-R-S-S-S	2	No	S	R	NA	NA	NA
ERR568585	34	Dominant	Africa	0.03	S	I100L NOT detected	indel(s) between 56th and 69th amino acid detected	I	neg	S	neg	neg	S	neg	S	S-I-S-S-S	1	No	NA	I	NA	NA	NA
ERR568584	57	Intermediate	Africa	0.03	S	I100L NOT detected	indel(s) between 56th and 69th amino acid detected	I	neg	S	neg	neg	S	neg	S	S-I-S-S-S	1	No	NA	I	NA	NA	NA
ERR568523	10	Dominant	Africa	2	R	I100L detected	indel(s) between 56th and 69th amino acid detected	R	neg	S	ermB1	neg	R	tet(S/M)	R	R-R-S-R-R	4	Yes	R	R	NA	R	R
ERR568576	10	Dominant	Africa	2	R	I100L detected	indel(s) between 56th and 69th amino acid detected	R	neg	S	ermB1	neg	R	tet(S/M)	R	R-R-S-R-R	4	Yes	R	R	NA	R	R
ERR568574	10	Dominant	Africa	2	R	I100L detected	indel(s) between 56th and 69th amino acid detected	R	neg	S	ermB1	neg	R	tet(S/M)	R	R-R-S-R-R	4	Yes	R	R	NA	R	I
ERR568572	26	Dominant	Africa	0.03	S	I100L NOT detected	indel(s) between 56th and 69th amino acid detected	I	cat1	R	neg	neg	S	tetM	R	S-I-R-S-R	3	Yes	NA	S	R	NA	R
ERR568571	54	Intermediate	Africa	4	R	I100L NOT detected	indel(s) between 56th and 69th amino acid NOT detected	S	neg	S	neg	neg	S	neg	S	R-S-S-S-S	1	No	R	R	NA	NA	NA
ERR568570	92	Intermediate	Africa	0.03	S	I100L NOT detected	indel(s) between 56th and 69th amino acid detected	I	neg	S	neg	neg	S	neg	S	S-I-S-S-S	1	No	NA	I	NA	NA	NA
ERR568568	2	Dominant	Africa	0.03	S	I100L NOT detected	indel(s) between 56th and 69th amino acid NOT detected	S	neg	S	neg	neg	S	neg	S	S-S-S-S-S	0	No	NA	S	NA	NA	NA
ERR568567	5	Dominant	Africa	0.5	R	I100L detected	indel(s) between 56th and 69th amino acid detected	R	neg	S	neg	neg	S	neg	S	R-R-S-S-S	2	No	R	R	NA	NA	NA
ERR568566	14	Dominant	Africa	0.25	R	I100L detected	indel(s) between 56th and 69th amino acid detected	R	neg	S	neg	mef1	R	tetM	R	R-R-S-R-R	4	Yes	R	R	NA	R	R
ERR568563	2	Dominant	Africa	0.03	S	I100L NOT detected	indel(s) between 56th and 69th amino acid NOT detected	S	neg	S	neg	neg	S	neg	S	S-S-S-S-S	0	No	NA	S	NA	NA	NA
ERR568562	51	Intermediate	Africa	0.03	S	I100L NOT detected	indel(s) between 56th and 69th amino acid NOT detected	S	neg	S	neg	neg	S	neg	S	S-S-S-S-S	0	No	NA	S	NA	NA	NA
ERR568559	2	Dominant	Africa	0.03	S	I100L NOT detected	indel(s) between 56th and 69th amino acid NOT detected	S	neg	S	neg	neg	S	neg	S	S-S-S-S-S	0	No	NA	S	NA	NA	NA
ERR568558	54	Intermediate	Africa	0.03	S	I100L NOT detected	indel(s) between 56th and 69th amino acid NOT detected	S	neg	S	neg	neg	S	neg	S	S-S-S-S-S	0	No	NA	S	NA	NA	NA
ERR568557	422	Rare	Africa	0.06	S	I100L detected	indel(s) between 56th and 69th amino acid detected	R	neg	S	neg	neg	S	neg	S	S-R-S-S-S	1	No	NA	R	NA	NA	NA
ERR568556	1	Dominant	Africa	4	R	I100L detected	indel(s) between 56th and 69th amino acid detected	R	neg	S	neg	neg	S	neg	S	R-R-S-S-S	2	No	R	R	NA	NA	NA
ERR568554	21	Dominant	Africa	0.25	R	I100L detected	indel(s) between 56th and 69th amino acid detected	R	neg	S	neg	neg	S	neg	S	R-R-S-S-S	2	No	R	R	NA	NA	NA
ERR568553	17	Dominant	Africa	0.25	R	I100L detected	indel(s) between 56th and 69th amino acid detected	R	neg	S	neg	neg	S	neg	S	R-R-S-S-S	2	No	R	R	NA	NA	NA
ERR568547	41	Dominant	Africa	0.25	R	I100L detected	indel(s) between 56th and 69th amino acid detected	R	neg	S	neg	neg	S	neg	S	R-R-S-S-S	2	No	S	R	NA	NA	NA
ERR568546	8	Dominant	Africa	0.06	S	I100L NOT detected	indel(s) between 56th and 69th amino acid NOT detected	S	neg	S	neg	neg	S	neg	S	S-S-S-S-S	0	No	S	S	NA	NA	NA
ERR568544	51	Intermediate	Africa	0.03	S	I100L NOT detected	indel(s) between 56th and 69th amino acid NOT detected	S	neg	S	neg	neg	S	neg	S	S-S-S-S-S	0	No	NA	S	NA	NA	NA
ERR568540	17	Dominant	Africa	0.25	R	I100L detected	indel(s) between 56th and 69th amino acid detected	R	neg	S	neg	neg	S	neg	S	R-R-S-S-S	2	No	S	R	NA	NA	NA
ERR568538	8	Dominant	Africa	0.06	S	I100L NOT detected	indel(s) between 56th and 69th amino acid NOT detected	S	neg	S	neg	neg	S	neg	S	S-S-S-S-S	0	No	S	S	NA	NA	NA
ERR568532	14	Dominant	Africa	0.03	S	I100L detected	indel(s) between 56th and 69th amino acid detected	R	neg	S	neg	mef1	R	tetM	R	S-R-S-R-R	3	Yes	NA	R	NA	R	R
ERR568531	1	Dominant	Africa	4	R	I100L detected	indel(s) between 56th and 69th amino acid detected	R	neg	S	ermB1	mef1	R	tetM	R	R-R-S-R-R	4	Yes	R	R	NA	R	R
ERR568530	13	Dominant	Africa	0.03	S	I100L NOT detected	indel(s) between 56th and 69th amino acid detected	I	neg	S	neg	neg	S	neg	S	S-I-S-S-S	1	No	NA	I	NA	NA	NA
ERR568529	41	Dominant	Africa	0.25	R	I100L detected	indel(s) between 56th and 69th amino acid detected	R	neg	S	neg	neg	S	neg	S	R-R-S-S-S	2	No	S	R	NA	NA	NA
ERR568527	421	Rare	Africa	0.03	S	I100L NOT detected	indel(s) between 56th and 69th amino acid NOT detected	S	neg	S	neg	neg	S	neg	S	S-S-S-S-S	0	No	NA	S	NA	NA	NA
ERR568441	13	Dominant	Africa	0.12	R	I100L detected	indel(s) between 56th and 69th amino acid NOT detected	I	neg	S	neg	neg	S	neg	S	R-I-S-S-S	2	No	NA	I	NA	NA	NA
ERR568514	17	Dominant	Africa	0.25	R	I100L NOT detected	indel(s) between 56th and 69th amino acid detected	I	neg	S	neg	neg	S	neg	S	R-I-S-S-S	2	No	R	I	NA	NA	NA
ERR568513	10	Dominant	Africa	2	R	I100L detected	indel(s) between 56th and 69th amino acid detected	R	neg	S	ermB1	neg	R	tet(S/M)	R	R-R-S-R-R	4	Yes	R	R	NA	R	R
ERR568512	3	Dominant	Africa	0.03	S	I100L NOT detected	indel(s) between 56th and 69th amino acid NOT detected	S	neg	S	neg	neg	S	neg	S	S-S-S-S-S	0	No	NA	S	NA	NA	NA
ERR568507	5	Dominant	Africa	0.25	R	I100L detected	indel(s) between 56th and 69th amino acid detected	R	neg	S	neg	mef1	R	neg	S	R-R-S-R-S	3	Yes	R	R	NA	R	NA
ERR568506	77	Intermediate	Africa	0.25	R	I100L detected	indel(s) between 56th and 69th amino acid NOT detected	I	neg	S	neg	neg	S	neg	S	R-I-S-S-S	2	No	R	R	NA	NA	NA
ERR568505	13	Dominant	Africa	0.03	S	I100L NOT detected	indel(s) between 56th and 69th amino acid detected	I	neg	S	neg	neg	S	neg	S	S-I-S-S-S	1	No	NA	I	NA	NA	NA
ERR568504	2	Dominant	Africa	0.03	S	I100L NOT detected	indel(s) between 56th and 69th amino acid NOT detected	S	neg	S	neg	neg	S	neg	S	S-S-S-S-S	0	No	NA	S	NA	NA	NA
ERR568502	14	Dominant	Africa	0.25	R	I100L detected	indel(s) between 56th and 69th amino acid detected	R	cat1	R	ermB1	neg	R	tetM	R	R-R-R-R-R	5	Yes	R	R	R	R	R
ERR568501	355	Rare	Africa	0.03	S	I100L NOT detected	indel(s) between 56th and 69th amino acid NOT detected	S	neg	S	neg	neg	S	neg	S	S-S-S-S-S	0	No	NA	S	NA	NA	NA
ERR568499	13	Dominant	Africa	0.03	S	I100L NOT detected	indel(s) between 56th and 69th amino acid detected	I	neg	S	neg	neg	S	neg	S	S-I-S-S-S	1	No	NA	I	NA	NA	NA
ERR568498	13	Dominant	Africa	0.03	S	I100L NOT detected	indel(s) between 56th and 69th amino acid NOT detected	S	neg	S	neg	neg	S	neg	S	S-S-S-S-S	0	No	NA	S	NA	NA	NA
ERR568495	270	Rare	Africa	0.25	R	I100L detected	indel(s) between 56th and 69th amino acid NOT detected	I	neg	S	neg	neg	S	neg	S	R-I-S-S-S	2	No	R	R	NA	NA	NA
ERR568492	54	Intermediate	Africa	4	R	I100L NOT detected	indel(s) between 56th and 69th amino acid NOT detected	S	neg	S	neg	neg	S	neg	S	R-S-S-S-S	1	No	R	R	NA	NA	NA
ERR568490	13	Dominant	Africa	0.03	S	I100L NOT detected	indel(s) between 56th and 69th amino acid NOT detected	S	neg	S	neg	neg	S	neg	S	S-S-S-S-S	0	No	NA	S	NA	NA	NA
ERR568438	2	Dominant	Africa	0.03	S	I100L NOT detected	indel(s) between 56th and 69th amino acid NOT detected	S	neg	S	neg	neg	S	neg	S	S-S-S-S-S	0	No	NA	S	NA	NA	NA
ERR568487	34	Dominant	Africa	0.03	S	I100L NOT detected	indel(s) between 56th and 69th amino acid detected	I	neg	S	neg	neg	S	neg	S	S-I-S-S-S	1	No	NA	R	NA	NA	NA
ERR568486	354	Rare	Africa	0.03	S	I100L detected	indel(s) between 56th and 69th amino acid detected	R	neg	S	neg	neg	S	neg	S	S-R-S-S-S	1	No	NA	R	NA	NA	NA
ERR568485	9	Dominant	Africa	0.25	R	I100L detected	indel(s) between 56th and 69th amino acid detected	R	cat1	R	neg	neg	S	tetM	R	R-R-R-S-R	4	Yes	S	R	R	NA	R
ERR568478	205	Intermediate	Africa	0.12	R	I100L detected	indel(s) between 56th and 69th amino acid detected	R	neg	S	neg	neg	S	neg	S	R-R-S-S-S	2	No	NA	R	NA	NA	NA
ERR568477	56	Intermediate	Africa	0.03	S	I100L NOT detected	indel(s) between 56th and 69th amino acid NOT detected	S	neg	S	neg	neg	S	neg	S	S-S-S-S-S	0	No	S	S	NA	NA	NA
ERR568476	5	Dominant	Africa	0.5	R	I100L detected	indel(s) between 56th and 69th amino acid detected	R	neg	S	neg	neg	S	neg	S	R-R-S-S-S	2	No	NA	R	NA	NA	NA
ERR568475	10	Dominant	Africa	2	R	I100L detected	indel(s) between 56th and 69th amino acid detected	R	neg	S	ermB1	neg	R	tet(S/M)	R	R-R-S-R-R	4	Yes	R	R	NA	R	R
ERR568474	11	Dominant	Africa	0.03	S	I100L NOT detected	indel(s) between 56th and 69th amino acid detected	I	neg	S	neg	neg	S	neg	S	S-I-S-S-S	1	No	NA	I	NA	NA	NA
ERR568473	329	Rare	Africa	0.03	S	I100L NOT detected	indel(s) between 56th and 69th amino acid NOT detected	S	neg	S	neg	neg	S	neg	S	S-S-S-S-S	0	No	NA	S	NA	NA	NA
ERR568470	10	Dominant	Africa	2	R	I100L detected	indel(s) between 56th and 69th amino acid detected	R	neg	S	ermB1	neg	R	tet(S/M)	R	R-R-S-R-R	4	Yes	R	R	NA	R	R
ERR568467	218	Rare	Africa	0.03	S	I100L NOT detected	indel(s) between 56th and 69th amino acid NOT detected	S	neg	S	neg	neg	S	neg	S	S-S-S-S-S	0	No	NA	S	NA	NA	NA
ERR568466	17	Dominant	Africa	0.25	R	I100L detected	indel(s) between 56th and 69th amino acid detected	R	neg	S	neg	neg	S	neg	S	R-R-S-S-S	2	No	S	R	NA	NA	NA
ERR568464	10	Dominant	Africa	2	R	I100L detected	indel(s) between 56th and 69th amino acid detected	R	neg	S	ermB1	neg	R	tet(S/M)	R	R-R-S-R-R	4	Yes	R	R	NA	R	R
ERR568461	17	Dominant	Africa	0.25	R	I100L detected	indel(s) between 56th and 69th amino acid detected	R	neg	S	neg	neg	S	neg	S	R-R-S-S-S	2	No	R	R	NA	NA	NA
ERR568460	113	Intermediate	Africa	2	R	I100L detected	indel(s) between 56th and 69th amino acid detected	R	neg	S	neg	neg	S	neg	S	R-R-S-S-S	2	No	R	R	NA	NA	NA
ERR568458	77	Intermediate	Africa	0.25	R	I100L detected	indel(s) between 56th and 69th amino acid NOT detected	I	neg	S	neg	neg	S	neg	S	R-I-S-S-S	2	No	R	R	NA	NA	NA
ERR568457	1	Dominant	Africa	4	R	I100L detected	indel(s) between 56th and 69th amino acid detected	R	neg	S	neg	neg	S	neg	S	R-R-S-S-S	2	No	R	R	NA	NA	NA
ERR568455	10	Dominant	Africa	0.5	R	I100L detected	indel(s) between 56th and 69th amino acid NOT detected	I	neg	S	neg	neg	S	tetM	R	R-I-S-S-R	3	Yes	R	R	NA	NA	R
ERR568454	1	Dominant	Africa	2	R	I100L detected	indel(s) between 56th and 69th amino acid detected	R	neg	S	ermB1	mef1	R	tetM	R	R-R-S-R-R	4	Yes	R	R	NA	R	I
ERR568452	1	Dominant	Africa	0.03	S	I100L NOT detected	indel(s) between 56th and 69th amino acid detected	I	neg	S	neg	neg	S	neg	S	S-I-S-S-S	1	No	NA	I	NA	NA	NA
ERR568450	17	Dominant	Africa	0.25	R	I100L detected	indel(s) between 56th and 69th amino acid NOT detected	I	neg	S	neg	neg	S	neg	S	R-I-S-S-S	2	No	R	R	NA	NA	NA
ERR568449	10	Dominant	Africa	0.5	R	I100L detected	indel(s) between 56th and 69th amino acid NOT detected	I	neg	S	neg	neg	S	tetM	R	R-I-S-S-R	3	Yes	R	R	NA	NA	R
ERR568445	125	Intermediate	Africa	0.03	S	I100L detected	indel(s) between 56th and 69th amino acid NOT detected	I	neg	S	neg	neg	S	neg	S	S-I-S-S-S	1	No	NA	R	NA	NA	NA
ERR568444	68	Intermediate	Africa	0.03	S	I100L NOT detected	indel(s) between 56th and 69th amino acid NOT detected	S	neg	S	neg	neg	S	neg	S	S-S-S-S-S	0	No	NA	S	NA	NA	NA
ERR568443	17	Dominant	Africa	0.25	R	I100L NOT detected	indel(s) between 56th and 69th amino acid detected	I	neg	S	neg	neg	S	neg	S	R-I-S-S-S	2	No	R	I	NA	NA	NA
ERR568435	13	Dominant	Africa	0.06	S	I100L detected	indel(s) between 56th and 69th amino acid NOT detected	I	neg	S	neg	neg	S	neg	S	S-I-S-S-S	1	No	NA	I	NA	NA	NA
ERR516691	65	Intermediate	Africa	0.12	R	I100L detected	indel(s) between 56th and 69th amino acid NOT detected	I	neg	S	neg	mef1	R	tetM	R	R-I-S-R-R	4	Yes	NA	NA	NA	NA	NA
ERR516684	13	Dominant	Africa	0.03	S	I100L detected	indel(s) between 56th and 69th amino acid detected	R	neg	S	neg	neg	S	neg	S	S-R-S-S-S	1	No	NA	NA	NA	NA	NA
ERR516682	20	Intermediate	Africa	0.03	S	I100L detected	indel(s) between 56th and 69th amino acid detected	R	neg	S	neg	neg	S	tetM	R	S-R-S-S-R	2	No	NA	NA	NA	NA	NA
ERR516673	86	Intermediate	Africa	0.03	S	I100L detected	indel(s) between 56th and 69th amino acid detected	R	neg	S	neg	neg	S	neg	S	S-R-S-S-S	1	No	NA	NA	NA	NA	NA
ERR516672	53	Intermediate	Africa	0.03	S	I100L detected	indel(s) between 56th and 69th amino acid detected	R	neg	S	neg	neg	S	neg	S	S-R-S-S-S	1	No	NA	NA	NA	NA	NA
ERR516670	20	Intermediate	Africa	0.25	R	I100L detected	indel(s) between 56th and 69th amino acid detected	R	neg	S	ermB1	neg	R	tetM	R	R-R-S-R-R	4	Yes	NA	NA	NA	NA	NA
ERR516669	21	Dominant	Africa	0.25	R	I100L detected	indel(s) between 56th and 69th amino acid detected	R	neg	S	neg	neg	S	tetM	R	R-R-S-S-R	3	Yes	NA	NA	NA	NA	NA
ERR516668	353	Rare	Africa	0.25	R	I100L detected	indel(s) between 56th and 69th amino acid NOT detected	I	neg	S	neg	neg	S	neg	S	R-I-S-S-S	2	No	NA	NA	NA	NA	NA
ERR516655	2	Dominant	Africa	0.03	S	I100L NOT detected	indel(s) between 56th and 69th amino acid detected	I	cat1	R	neg	neg	S	tetM	R	S-I-R-S-R	3	Yes	NA	NA	NA	NA	NA
ERR516647	268	Rare	Africa	0.25	R	I100L detected	indel(s) between 56th and 69th amino acid NOT detected	I	neg	S	neg	neg	S	tetM	R	R-I-S-S-R	3	Yes	NA	NA	NA	NA	NA
ERR516639	328	Rare	Africa	0.03	S	I100L detected	indel(s) between 56th and 69th amino acid detected	R	neg	S	neg	neg	S	neg	S	S-R-S-S-S	1	No	NA	NA	NA	NA	NA
ERR516636	13	Dominant	Africa	0.03	S	I100L detected	indel(s) between 56th and 69th amino acid detected	R	neg	S	neg	neg	S	neg	S	S-R-S-S-S	1	No	NA	NA	NA	NA	NA
ERR506035	1	Dominant	North America	4	R	I100L detected	indel(s) between 56th and 69th amino acid detected	R	neg	S	ermB1	mef1	R	tetM	R	R-R-S-R-R	4	Yes	R	R	S	R	R
ERR506019	1	Dominant	North America	4	R	I100L detected	indel(s) between 56th and 69th amino acid detected	R	neg	S	ermB1	mef1	R	tetM	R	R-R-S-R-R	4	Yes	R	R	S	R	R
ERR505811	18	Dominant	North America	0.03	S	I100L NOT detected	indel(s) between 56th and 69th amino acid NOT detected	S	neg	S	neg	mef1	R	neg	S	S-S-S-R-S	1	No	S	R	S	R	S
ERR505874	15	Dominant	North America	0.03	S	I100L NOT detected	indel(s) between 56th and 69th amino acid NOT detected	S	neg	S	neg	neg	S	neg	S	S-S-S-S-S	0	No	S	S	S	S	I
ERR505808	3	Dominant	North America	0.03	S	I100L NOT detected	indel(s) between 56th and 69th amino acid detected	I	neg	S	neg	mef1	R	neg	S	S-I-S-R-S	2	No	S	I	S	R	I
ERR505855	15	Dominant	North America	0.03	S	I100L NOT detected	indel(s) between 56th and 69th amino acid NOT detected	S	neg	S	neg	neg	S	neg	S	S-S-S-S-S	0	No	S	S	S	S	I
ERR505807	15	Dominant	North America	0.03	S	I100L NOT detected	indel(s) between 56th and 69th amino acid NOT detected	S	neg	S	neg	neg	S	neg	S	S-S-S-S-S	0	No	S	S	S	S	I
ERR505849	10	Dominant	North America	0.5	R	I100L detected	indel(s) between 56th and 69th amino acid NOT detected	I	neg	S	neg	neg	S	tetM	R	R-I-S-S-R	3	Yes	R	R	S	S	R
ERR505848	97	Intermediate	North America	4	R	I100L detected	indel(s) between 56th and 69th amino acid detected	R	neg	S	neg	mef1	R	neg	S	R-R-S-R-S	3	Yes	R	R	S	R	I
ERR505847	1	Dominant	North America	4	R	I100L detected	indel(s) between 56th and 69th amino acid detected	R	neg	S	ermB1	mef1	R	tetM	R	R-R-S-R-R	4	Yes	R	R	S	R	R
ERR505846	3	Dominant	North America	0.03	S	I100L NOT detected	indel(s) between 56th and 69th amino acid detected	I	neg	S	neg	neg	S	neg	S	S-I-S-S-S	1	No	S	I	S	S	I
ERR505805	5	Dominant	North America	1	R	I100L NOT detected	indel(s) between 56th and 69th amino acid detected	I	neg	S	neg	neg	S	neg	S	R-I-S-S-S	2	No	R	I	S	S	I
ERR505804	3	Dominant	North America	0.03	S	I100L NOT detected	indel(s) between 56th and 69th amino acid NOT detected	S	neg	S	neg	neg	S	neg	S	S-S-S-S-S	0	No	S	S	S	S	I
ERR505819	23	Dominant	North America	0.06	S	I100L NOT detected	indel(s) between 56th and 69th amino acid NOT detected	S	neg	S	neg	neg	S	neg	S	S-S-S-S-S	0	No	S	S	S	S	S
ERR505818	7	Dominant	North America	0.03	S	I100L detected	indel(s) between 56th and 69th amino acid detected	R	neg	S	neg	neg	S	neg	S	S-R-S-S-S	1	No	S	R	S	S	S
ERR505813	16	Dominant	North America	4	R	I100L detected	indel(s) between 56th and 69th amino acid detected	R	neg	S	ermB1	neg	R	tetM	R	R-R-S-R-R	4	Yes	R	R	S	R	R
ERR505803	1	Dominant	North America	4	R	I100L detected	indel(s) between 56th and 69th amino acid detected	R	neg	S	ermB1	mef1	R	tetM	R	R-R-S-R-R	4	Yes	R	R	R	R	R
ERR505801	1	Dominant	North America	4	R	I100L detected	indel(s) between 56th and 69th amino acid detected	R	neg	S	ermB1	mef1	R	tetM	R	R-R-S-R-R	4	Yes	R	R	S	R	R
ERR505800	1	Dominant	North America	4	R	I100L detected	indel(s) between 56th and 69th amino acid detected	R	neg	S	ermB1	mef1	R	tetM	R	R-R-S-R-R	4	Yes	R	R	S	R	R
ERR505799	15	Dominant	North America	0.03	S	I100L NOT detected	indel(s) between 56th and 69th amino acid NOT detected	S	neg	S	neg	neg	S	neg	S	S-S-S-S-S	0	No	S	S	S	S	I
ERR505797	7	Dominant	North America	0.06	S	I100L NOT detected	indel(s) between 56th and 69th amino acid NOT detected	S	neg	S	neg	neg	S	neg	S	S-S-S-S-S	0	No	S	S	S	S	I
ERR505796	15	Dominant	North America	0.03	S	I100L NOT detected	indel(s) between 56th and 69th amino acid NOT detected	S	neg	S	neg	neg	S	neg	S	S-S-S-S-S	0	No	S	S	S	S	I
ERR505795	38	Intermediate	North America	0.03	S	I100L NOT detected	indel(s) between 56th and 69th amino acid NOT detected	S	neg	S	neg	neg	S	neg	S	S-S-S-S-S	0	No	S	S	S	S	I
ERR505794	1	Dominant	North America	4	R	I100L detected	indel(s) between 56th and 69th amino acid detected	R	neg	S	ermB1	mef1	R	tetM	R	R-R-S-R-R	4	Yes	R	R	S	R	R
ERR505793	4	Dominant	North America	0.12	R	I100L detected	indel(s) between 56th and 69th amino acid detected	R	neg	S	neg	mef1	R	neg	S	R-R-S-R-S	3	Yes	R	R	S	R	I
ERR505792	12	Dominant	North America	0.03	S	I100L NOT detected	indel(s) between 56th and 69th amino acid NOT detected	S	neg	S	neg	neg	S	neg	S	S-S-S-S-S	0	No	S	S	S	S	I
ERR505791	1	Dominant	North America	4	R	I100L detected	indel(s) between 56th and 69th amino acid detected	R	neg	S	ermB1	mef1	R	tetM	R	R-R-S-R-R	4	Yes	R	R	S	R	R
ERR505790	27	Dominant	North America	0.12	R	I100L NOT detected	indel(s) between 56th and 69th amino acid NOT detected	S	neg	S	neg	neg	S	neg	S	R-S-S-S-S	1	No	R	S	S	S	I
ERR505789	4	Dominant	North America	0.12	R	I100L NOT detected	indel(s) between 56th and 69th amino acid NOT detected	S	neg	S	neg	neg	S	neg	S	R-S-S-S-S	1	No	R	S	S	S	I
ERR505788	38	Intermediate	North America	0.03	S	I100L NOT detected	indel(s) between 56th and 69th amino acid NOT detected	S	neg	S	neg	neg	S	neg	S	S-S-S-S-S	0	No	S	S	S	S	I
ERR505786	1	Dominant	North America	4	R	I100L detected	indel(s) between 56th and 69th amino acid detected	R	neg	S	ermB1	mef1	R	tetM	R	R-R-S-R-R	4	Yes	R	R	S	R	R
ERR505782	1	Dominant	North America	8	R	I100L detected	indel(s) between 56th and 69th amino acid detected	R	neg	S	ermB1	mef1	R	tetM	R	R-R-S-R-R	4	Yes	R	R	S	R	R
ERR505779	1	Dominant	North America	4	R	I100L detected	indel(s) between 56th and 69th amino acid detected	R	neg	S	ermB1	mef1	R	tetM	R	R-R-S-R-R	4	Yes	R	R	S	R	R
ERR505778	1	Dominant	North America	8	R	I100L detected	indel(s) between 56th and 69th amino acid detected	R	neg	S	ermB1	mef1	R	tetM	R	R-R-S-R-R	4	Yes	R	R	S	R	R
ERR505777	27	Dominant	North America	0.03	S	I100L NOT detected	indel(s) between 56th and 69th amino acid NOT detected	S	neg	S	neg	neg	S	neg	S	S-S-S-S-S	0	No	S	S	S	S	I
ERR505776	11	Dominant	North America	0.03	S	I100L NOT detected	indel(s) between 56th and 69th amino acid detected	I	neg	S	neg	mef1	R	neg	S	S-I-S-R-S	2	No	S	I	S	R	I
ERR505774	1	Dominant	North America	4	R	I100L detected	indel(s) between 56th and 69th amino acid detected	R	neg	S	ermB1	mef1	R	tetM	R	R-R-S-R-R	4	Yes	R	R	S	R	R
ERR505773	27	Dominant	North America	0.12	R	I100L NOT detected	indel(s) between 56th and 69th amino acid NOT detected	S	neg	S	neg	neg	S	neg	S	R-S-S-S-S	1	No	R	S	S	S	I
ERR505772	4	Dominant	North America	0.03	S	I100L NOT detected	indel(s) between 56th and 69th amino acid NOT detected	S	neg	S	neg	neg	S	neg	S	S-S-S-S-S	0	No	S	S	S	S	I
ERR505771	1	Dominant	North America	4	R	I100L detected	indel(s) between 56th and 69th amino acid detected	R	neg	S	ermB1	mef1	R	tetM	R	R-R-S-R-R	4	Yes	R	R	S	R	R
ERR505770	27	Dominant	North America	0.12	R	I100L NOT detected	indel(s) between 56th and 69th amino acid NOT detected	S	neg	S	neg	neg	S	neg	S	R-S-S-S-S	1	No	R	S	S	S	I
ERR505769	36	Intermediate	North America	0.03	S	I100L NOT detected	indel(s) between 56th and 69th amino acid NOT detected	S	neg	S	neg	neg	S	neg	S	S-S-S-S-S	0	No	S	S	S	S	I
ERR505768	4	Dominant	North America	0.12	R	I100L NOT detected	indel(s) between 56th and 69th amino acid NOT detected	S	neg	S	neg	neg	S	neg	S	R-S-S-S-S	1	No	R	S	S	S	I
ERR505767	3	Dominant	North America	0.03	S	I100L NOT detected	indel(s) between 56th and 69th amino acid detected	I	neg	S	neg	mef1	R	neg	S	S-I-S-R-S	2	No	S	I	S	R	I
ERR505766	1	Dominant	North America	4	R	I100L detected	indel(s) between 56th and 69th amino acid detected	R	neg	S	ermB1	mef1	R	tetM	R	R-R-S-R-R	4	Yes	R	R	S	R	R
ERR505765	15	Dominant	North America	0.03	S	I100L NOT detected	indel(s) between 56th and 69th amino acid NOT detected	S	neg	S	neg	neg	S	neg	S	S-S-S-S-S	0	No	S	S	S	S	I
ERR505763	15	Dominant	North America	0.03	S	I100L NOT detected	indel(s) between 56th and 69th amino acid NOT detected	S	neg	S	neg	neg	S	neg	S	S-S-S-S-S	0	No	S	S	S	S	I
ERR505762	5	Dominant	North America	1	R	I100L NOT detected	indel(s) between 56th and 69th amino acid detected	I	neg	S	neg	neg	S	neg	S	R-I-S-S-S	2	No	R	I	S	S	I
ERR505761	135	Intermediate	North America	0.03	S	I100L NOT detected	indel(s) between 56th and 69th amino acid NOT detected	S	neg	S	neg	neg	S	neg	S	S-S-S-S-S	0	No	S	S	S	S	I
ERR505760	36	Intermediate	North America	0.03	S	I100L NOT detected	indel(s) between 56th and 69th amino acid NOT detected	S	neg	S	neg	neg	S	neg	S	S-S-S-S-S	0	No	S	S	S	S	I
ERR505758	158	Rare	North America	0.06	S	I100L NOT detected	indel(s) between 56th and 69th amino acid NOT detected	S	cat1	R	ermB1	neg	R	tetM	R	S-S-R-R-R	3	Yes	S	S	R	R	R
ERR505756	27	Dominant	North America	0.12	R	I100L NOT detected	indel(s) between 56th and 69th amino acid NOT detected	S	neg	S	neg	neg	S	neg	S	R-S-S-S-S	1	No	R	S	S	S	I
ERR505755	4	Dominant	North America	0.03	S	I100L NOT detected	indel(s) between 56th and 69th amino acid NOT detected	S	neg	S	neg	neg	S	neg	S	S-S-S-S-S	0	No	S	S	S	S	I
ERR505753	1	Dominant	North America	4	R	I100L detected	indel(s) between 56th and 69th amino acid detected	R	neg	S	ermB1	mef1	R	tetM	R	R-R-S-R-R	4	Yes	R	R	S	R	R
ERR505751	7	Dominant	North America	0.03	S	I100L NOT detected	indel(s) between 56th and 69th amino acid NOT detected	S	neg	S	neg	neg	S	neg	S	S-S-S-S-S	0	No	S	S	S	S	I
ERR505750	27	Dominant	North America	0.12	R	I100L NOT detected	indel(s) between 56th and 69th amino acid NOT detected	S	neg	S	neg	neg	S	neg	S	R-S-S-S-S	1	No	S	S	S	S	I
ERR505749	135	Intermediate	North America	0.03	S	I100L NOT detected	indel(s) between 56th and 69th amino acid NOT detected	S	neg	S	neg	neg	S	neg	S	S-S-S-S-S	0	No	S	S	S	S	I
ERR505748	1	Dominant	North America	4	R	I100L detected	indel(s) between 56th and 69th amino acid detected	R	neg	S	ermB1	mef1	R	tetM	R	R-R-S-R-R	4	Yes	R	R	S	R	R
ERR505747	27	Dominant	North America	0.12	R	I100L NOT detected	indel(s) between 56th and 69th amino acid NOT detected	S	neg	S	neg	mef1	R	neg	S	R-S-S-R-S	2	No	S	S	S	R	I
ERR505746	15	Dominant	North America	0.03	S	I100L NOT detected	indel(s) between 56th and 69th amino acid NOT detected	S	neg	S	neg	neg	S	neg	S	S-S-S-S-S	0	No	S	S	S	S	I
ERR505745	4	Dominant	North America	0.12	R	I100L detected	indel(s) between 56th and 69th amino acid detected	R	neg	S	neg	mef1	R	neg	S	R-R-S-R-S	3	Yes	R	R	S	R	I
ERR505744	1	Dominant	North America	4	R	I100L detected	indel(s) between 56th and 69th amino acid detected	R	neg	S	ermB1	mef1	R	tetM	R	R-R-S-R-R	4	Yes	R	R	S	R	I
ERR505743	15	Dominant	North America	0.03	S	I100L NOT detected	indel(s) between 56th and 69th amino acid NOT detected	S	neg	S	neg	neg	S	neg	S	S-S-S-S-S	0	No	S	S	S	S	I
ERR505742	6	Dominant	North America	4	R	I100L detected	indel(s) between 56th and 69th amino acid detected	R	neg	S	neg	mef1	R	neg	S	R-R-S-R-S	3	Yes	R	R	S	R	I
ERR505741	132	Intermediate	North America	0.25	R	I100L NOT detected	indel(s) between 56th and 69th amino acid detected	I	neg	S	neg	mef1	R	tetM	R	R-I-S-R-R	4	Yes	R	I	S	R	R
ERR505740	15	Dominant	North America	0.03	S	I100L NOT detected	indel(s) between 56th and 69th amino acid NOT detected	S	neg	S	neg	neg	S	neg	S	S-S-S-S-S	0	No	S	S	S	S	I
ERR505738	27	Dominant	North America	0.12	R	I100L NOT detected	indel(s) between 56th and 69th amino acid NOT detected	S	neg	S	ermB1	neg	R	neg	S	R-S-S-R-S	2	No	R	S	S	S	I
ERR505736	29	Intermediate	North America	0.03	S	I100L NOT detected	indel(s) between 56th and 69th amino acid NOT detected	S	neg	S	neg	neg	S	neg	S	S-S-S-S-S	0	No	S	S	S	S	I
ERR505735	9	Dominant	North America	0.5	R	I100L NOT detected	indel(s) between 56th and 69th amino acid NOT detected	S	neg	S	ermB1	neg	R	tetM	R	R-S-S-R-R	3	Yes	R	S	R	R	I
ERR505733	1	Dominant	North America	4	R	I100L detected	indel(s) between 56th and 69th amino acid detected	R	neg	S	ermB1	mef1	R	tetM	R	R-R-S-R-R	4	Yes	R	R	S	R	R
ERR505732	1	Dominant	North America	4	R	I100L detected	indel(s) between 56th and 69th amino acid detected	R	neg	S	ermB1	mef1	R	tetM	R	R-R-S-R-R	4	Yes	R	R	S	R	R
ERR505731	135	Intermediate	North America	0.03	S	I100L NOT detected	indel(s) between 56th and 69th amino acid NOT detected	S	neg	S	neg	neg	S	neg	S	S-S-S-S-S	0	No	S	S	S	S	I
ERR505730	1	Dominant	North America	4	R	I100L detected	indel(s) between 56th and 69th amino acid detected	R	neg	S	ermB1	mef1	R	tetM	R	R-R-S-R-R	4	Yes	R	R	S	R	R
ERR501618	86	Intermediate	Africa	0.03	S	I100L detected	indel(s) between 56th and 69th amino acid detected	R	neg	S	neg	neg	S	neg	S	S-R-S-S-S	1	No	NA	NA	NA	NA	NA
ERR501616	142	Intermediate	Africa	0.03	S	I100L detected	indel(s) between 56th and 69th amino acid detected	R	neg	S	neg	neg	S	neg	S	S-R-S-S-S	1	No	NA	NA	NA	NA	NA
ERR501611	217	Rare	Africa	0.03	S	I100L NOT detected	indel(s) between 56th and 69th amino acid detected	I	neg	S	neg	neg	S	neg	S	S-I-S-S-S	1	No	NA	NA	NA	NA	NA
ERR501610	20	Intermediate	Africa	0.03	S	I100L detected	indel(s) between 56th and 69th amino acid detected	R	neg	S	neg	neg	S	tetM	R	S-R-S-S-R	2	No	NA	NA	NA	NA	NA
ERR501609	20	Intermediate	Africa	0.03	S	I100L detected	indel(s) between 56th and 69th amino acid detected	R	neg	S	neg	neg	S	tetM	R	S-R-S-S-R	2	No	NA	NA	NA	NA	NA
ERR501607	13	Dominant	Africa	0.03	S	I100L detected	indel(s) between 56th and 69th amino acid NOT detected	I	neg	S	neg	neg	S	neg	S	S-I-S-S-S	1	No	NA	NA	NA	NA	NA
ERR501600	143	Intermediate	Africa	0.03	S	I100L NOT detected	indel(s) between 56th and 69th amino acid NOT detected	S	neg	S	neg	neg	S	neg	S	S-S-S-S-S	0	No	NA	NA	NA	NA	NA
ERR501588	233	Rare	Africa	0.06	S	I100L detected	indel(s) between 56th and 69th amino acid detected	R	neg	S	neg	neg	S	neg	S	S-R-S-S-S	1	No	NA	NA	NA	NA	NA
ERR501586	120	Intermediate	Africa	0.03	S	I100L NOT detected	indel(s) between 56th and 69th amino acid detected	I	neg	S	neg	neg	S	tetM	R	S-I-S-S-R	2	No	NA	NA	NA	NA	NA
ERR501585	5	Dominant	Africa	0.12	R	I100L detected	indel(s) between 56th and 69th amino acid detected	R	neg	S	neg	neg	S	neg	S	R-R-S-S-S	2	No	NA	NA	NA	NA	NA
ERR501584	65	Intermediate	Africa	0.12	R	I100L detected	indel(s) between 56th and 69th amino acid NOT detected	I	neg	S	neg	neg	S	neg	S	R-I-S-S-S	2	No	NA	NA	NA	NA	NA
ERR501582	143	Intermediate	Africa	0.03	S	I100L NOT detected	indel(s) between 56th and 69th amino acid NOT detected	S	neg	S	neg	neg	S	neg	S	S-S-S-S-S	0	No	NA	NA	NA	NA	NA
ERR501580	129	Intermediate	Africa	0.12	R	I100L detected	indel(s) between 56th and 69th amino acid detected	R	cat1	R	neg	neg	S	tetM	R	R-R-R-S-R	4	Yes	NA	NA	NA	NA	NA
ERR501578	53	Intermediate	Africa	0.03	S	I100L detected	indel(s) between 56th and 69th amino acid detected	R	neg	S	neg	neg	S	neg	S	S-R-S-S-S	1	No	NA	NA	NA	NA	NA
ERR501577	325	Rare	Africa	0.03	S	I100L detected	indel(s) between 56th and 69th amino acid NOT detected	I	neg	S	neg	neg	S	neg	S	S-I-S-S-S	1	No	NA	NA	NA	NA	NA
ERR501576	65	Intermediate	Africa	0.12	R	I100L detected	indel(s) between 56th and 69th amino acid NOT detected	I	neg	S	neg	neg	S	neg	S	R-I-S-S-S	2	No	NA	NA	NA	NA	NA
ERR501575	86	Intermediate	Africa	0.03	S	I100L detected	indel(s) between 56th and 69th amino acid detected	R	neg	S	neg	neg	S	neg	S	S-R-S-S-S	1	No	NA	NA	NA	NA	NA
ERR501574	20	Intermediate	Africa	0.25	R	I100L detected	indel(s) between 56th and 69th amino acid detected	R	neg	S	neg	mef1	R	tetM	R	R-R-S-R-R	4	Yes	NA	NA	NA	NA	NA
ERR501572	143	Intermediate	Africa	0.03	S	I100L detected	indel(s) between 56th and 69th amino acid NOT detected	I	neg	S	neg	neg	S	neg	S	S-I-S-S-S	1	No	NA	NA	NA	NA	NA
ERR501569	65	Intermediate	Africa	0.12	R	I100L detected	indel(s) between 56th and 69th amino acid NOT detected	I	neg	S	neg	neg	S	neg	S	R-I-S-S-S	2	No	NA	NA	NA	NA	NA
ERR501568	216	Rare	Africa	0.03	S	I100L detected	indel(s) between 56th and 69th amino acid detected	R	neg	S	neg	neg	S	neg	S	S-R-S-S-S	1	No	NA	NA	NA	NA	NA
ERR501567	30	Dominant	Africa	0.03	S	I100L detected	indel(s) between 56th and 69th amino acid detected	R	neg	S	neg	neg	S	tetM	R	S-R-S-S-R	2	No	NA	NA	NA	NA	NA
ERR501564	251	Rare	Africa	0.03	S	I100L detected	indel(s) between 56th and 69th amino acid detected	R	neg	S	neg	neg	S	neg	S	S-R-S-S-S	1	No	NA	NA	NA	NA	NA
ERR501562	86	Intermediate	Africa	0.03	S	I100L detected	indel(s) between 56th and 69th amino acid detected	R	neg	S	neg	neg	S	tetM	R	S-R-S-S-R	2	No	NA	NA	NA	NA	NA
ERR501561	2	Dominant	Africa	0.03	S	I100L detected	indel(s) between 56th and 69th amino acid detected	R	cat1	R	neg	neg	S	tetM	R	S-R-R-S-R	3	Yes	NA	NA	NA	NA	NA
ERR501554	8	Dominant	Africa	0.06	S	I100L NOT detected	indel(s) between 56th and 69th amino acid detected	I	neg	S	neg	neg	S	neg	S	S-I-S-S-S	1	No	NA	NA	NA	NA	NA
ERR501532	176	Intermediate	Africa	0.12	R	I100L detected	indel(s) between 56th and 69th amino acid detected	R	neg	S	neg	neg	S	neg	S	R-R-S-S-S	2	No	NA	NA	NA	NA	NA
ERR501523	268	Rare	Africa	0.25	R	I100L NOT detected	indel(s) between 56th and 69th amino acid NOT detected	S	neg	S	neg	neg	S	tetM	R	R-S-S-S-R	2	No	NA	NA	NA	NA	NA
ERR501522	8	Dominant	Africa	0.06	S	I100L detected	indel(s) between 56th and 69th amino acid detected	R	neg	S	neg	neg	S	neg	S	S-R-S-S-S	1	No	NA	NA	NA	NA	NA
ERR501503	161	Intermediate	Africa	0.03	S	I100L NOT detected	indel(s) between 56th and 69th amino acid detected	I	neg	S	neg	neg	S	tetM	R	S-I-S-S-R	2	No	NA	NA	NA	NA	NA
ERR501500	5	Dominant	Africa	0.25	R	I100L detected	indel(s) between 56th and 69th amino acid detected	R	neg	S	neg	neg	S	neg	S	R-R-S-S-S	2	No	NA	NA	NA	NA	NA
ERR501499	268	Rare	Africa	0.25	R	I100L detected	indel(s) between 56th and 69th amino acid NOT detected	I	neg	S	neg	neg	S	tetM	R	R-I-S-S-R	3	Yes	NA	NA	NA	NA	NA
ERR501496	20	Intermediate	Africa	0.25	R	I100L detected	indel(s) between 56th and 69th amino acid detected	R	neg	S	neg	mef1	R	tetM	R	R-R-S-R-R	4	Yes	NA	NA	NA	NA	NA
ERR501491	53	Intermediate	Africa	0.03	S	I100L detected	indel(s) between 56th and 69th amino acid detected	R	neg	S	neg	neg	S	neg	S	S-R-S-S-S	1	No	NA	NA	NA	NA	NA
ERR467045	2	Dominant	Africa	0.03	S	I100L NOT detected	indel(s) between 56th and 69th amino acid NOT detected	S	neg	S	neg	neg	S	neg	S	S-S-S-S-S	0	No	S	S	S	S	S
ERR467043	2	Dominant	Africa	0.03	S	I100L NOT detected	indel(s) between 56th and 69th amino acid NOT detected	S	neg	S	neg	neg	S	neg	S	S-S-S-S-S	0	No	NA	NA	S	S	I
ERR460190	6	Dominant	North America	4	R	I100L detected	indel(s) between 56th and 69th amino acid detected	R	neg	S	neg	mef1	R	neg	S	R-R-S-R-S	3	Yes	R	R	S	R	S
ERR460201	1	Dominant	North America	4	R	I100L NOT detected	indel(s) between 56th and 69th amino acid detected	I	neg	S	ermB1	mef1	R	tetM	R	R-I-S-R-R	4	Yes	R	R	S	R	R
ERR460200	97	Intermediate	North America	2	R	I100L detected	indel(s) between 56th and 69th amino acid detected	R	neg	S	neg	mef1	R	neg	S	R-R-S-R-S	3	Yes	R	R	S	R	S
ERR460197	1	Dominant	Africa	0.03	S	I100L detected	indel(s) between 56th and 69th amino acid detected	R	neg	S	neg	neg	S	tetM	R	S-R-S-S-R	2	No	S	R	S	S	R
ERR460189	18	Dominant	North America	4	R	I100L detected	indel(s) between 56th and 69th amino acid detected	R	neg	S	neg	mef1	R	neg	S	R-R-S-R-S	3	Yes	R	R	S	R	S
ERR449188	132	Intermediate	North America	0.25	R	I100L NOT detected	indel(s) between 56th and 69th amino acid detected	I	neg	S	neg	mef1	R	tetM	R	R-I-S-R-R	4	Yes	R	I	S	R	R
ERR449184	12	Dominant	North America	0.03	S	I100L NOT detected	indel(s) between 56th and 69th amino acid NOT detected	S	neg	S	neg	neg	S	neg	S	S-S-S-S-S	0	No	S	S	S	S	S
ERR449183	76	Intermediate	North America	1	R	I100L detected	indel(s) between 56th and 69th amino acid detected	R	neg	S	neg	neg	S	neg	S	R-R-S-S-S	2	No	R	R	S	S	S
ERR449100	6	Dominant	North America	4	R	I100L detected	indel(s) between 56th and 69th amino acid detected	R	neg	S	neg	neg	S	neg	S	R-R-S-S-S	2	No	R	R	S	S	S
ERR449143	15	Dominant	North America	0.03	S	I100L NOT detected	indel(s) between 56th and 69th amino acid NOT detected	S	neg	S	neg	neg	S	neg	S	S-S-S-S-S	0	No	S	S	S	S	S
ERR449142	18	Dominant	North America	4	R	I100L detected	indel(s) between 56th and 69th amino acid detected	R	neg	S	neg	mef1	R	neg	S	R-R-S-R-S	3	Yes	R	R	S	R	S
ERR449141	39	Intermediate	North America	0.03	S	I100L NOT detected	indel(s) between 56th and 69th amino acid NOT detected	S	neg	S	neg	neg	S	neg	S	S-S-S-S-S	0	No	S	S	S	S	S
ERR449140	18	Dominant	North America	4	R	I100L detected	indel(s) between 56th and 69th amino acid detected	R	neg	S	neg	mef1	R	neg	S	R-R-S-R-S	3	Yes	R	R	S	R	S
ERR449139	4	Dominant	North America	0.03	S	I100L NOT detected	indel(s) between 56th and 69th amino acid NOT detected	S	neg	S	neg	neg	S	neg	S	S-S-S-S-S	0	No	S	S	S	S	S
ERR449137	18	Dominant	North America	4	R	I100L detected	indel(s) between 56th and 69th amino acid detected	R	neg	S	neg	mef1	R	neg	S	R-R-S-R-S	3	Yes	R	R	S	R	S
ERR449136	50	Intermediate	North America	0.03	S	I100L NOT detected	indel(s) between 56th and 69th amino acid NOT detected	S	neg	S	neg	neg	S	neg	S	S-S-S-S-S	0	No	S	S	S	S	S
ERR449135	6	Dominant	North America	0.12	R	I100L detected	indel(s) between 56th and 69th amino acid detected	R	neg	S	neg	mef1	R	neg	S	R-R-S-R-S	3	Yes	R	R	S	R	S
ERR449134	39	Intermediate	North America	0.03	S	I100L NOT detected	indel(s) between 56th and 69th amino acid detected	I	neg	S	neg	neg	S	neg	S	S-I-S-S-S	1	No	S	I	S	S	S
ERR449132	39	Intermediate	North America	0.03	S	I100L NOT detected	indel(s) between 56th and 69th amino acid NOT detected	S	neg	S	neg	mef1	R	neg	S	S-S-S-R-S	1	No	S	S	S	S	S
ERR449130	39	Intermediate	North America	0.03	S	I100L NOT detected	indel(s) between 56th and 69th amino acid NOT detected	S	neg	S	neg	neg	S	neg	S	S-S-S-S-S	0	No	S	S	S	S	S
ERR449129	18	Dominant	North America	4	R	I100L detected	indel(s) between 56th and 69th amino acid detected	R	neg	S	neg	mef1	R	neg	S	R-R-S-R-S	3	Yes	R	R	S	R	S
ERR449128	64	Intermediate	North America	0.03	S	I100L detected	indel(s) between 56th and 69th amino acid detected	R	neg	S	neg	neg	S	neg	S	S-R-S-S-S	1	No	S	R	S	S	S
ERR449125	23	Dominant	North America	8	R	I100L detected	indel(s) between 56th and 69th amino acid detected	R	neg	S	neg	mef1	R	tetM	R	R-R-S-R-R	4	Yes	R	R	S	R	S
ERR449124	4	Dominant	North America	0.12	R	I100L NOT detected	indel(s) between 56th and 69th amino acid NOT detected	S	neg	S	neg	neg	S	tetM	R	R-S-S-S-R	2	No	R	S	S	S	I
ERR449123	39	Intermediate	North America	0.03	S	I100L NOT detected	indel(s) between 56th and 69th amino acid NOT detected	S	neg	S	neg	neg	S	neg	S	S-S-S-S-S	0	No	S	S	S	S	S
ERR449122	50	Intermediate	North America	0.03	S	I100L NOT detected	indel(s) between 56th and 69th amino acid NOT detected	S	neg	S	neg	neg	S	neg	S	S-S-S-S-S	0	No	S	S	S	S	S
ERR449121	39	Intermediate	North America	0.03	S	I100L NOT detected	indel(s) between 56th and 69th amino acid NOT detected	S	neg	S	neg	neg	S	neg	S	S-S-S-S-S	0	No	S	S	S	S	S
ERR449120	32	Dominant	North America	0.03	S	I100L NOT detected	indel(s) between 56th and 69th amino acid NOT detected	S	neg	S	neg	neg	S	neg	S	S-S-S-S-S	0	No	S	S	S	S	S
ERR449119	39	Intermediate	North America	0.03	S	I100L NOT detected	indel(s) between 56th and 69th amino acid NOT detected	S	neg	S	neg	neg	S	neg	S	S-S-S-S-S	0	No	S	S	S	S	S
ERR449118	27	Dominant	North America	0.03	S	I100L NOT detected	indel(s) between 56th and 69th amino acid NOT detected	S	neg	S	neg	neg	S	neg	S	S-S-S-S-S	0	No	S	S	S	S	S
ERR449117	27	Dominant	North America	0.03	S	I100L NOT detected	indel(s) between 56th and 69th amino acid NOT detected	S	neg	S	neg	neg	S	neg	S	S-S-S-S-S	0	No	S	S	S	S	S
ERR449116	3	Dominant	North America	0.03	S	I100L NOT detected	indel(s) between 56th and 69th amino acid NOT detected	S	neg	S	neg	neg	S	neg	S	S-S-S-S-S	0	No	S	S	S	S	S
ERR449115	18	Dominant	North America	0.03	S	I100L detected	indel(s) between 56th and 69th amino acid detected	R	neg	S	neg	mef1	R	neg	S	S-R-S-R-S	2	No	S	R	S	R	S
ERR449114	7	Dominant	North America	0.06	S	I100L NOT detected	indel(s) between 56th and 69th amino acid detected	I	neg	S	neg	neg	S	neg	S	S-I-S-S-S	1	No	S	I	S	S	S
ERR449112	6	Dominant	North America	0.03	S	I100L NOT detected	indel(s) between 56th and 69th amino acid NOT detected	S	neg	S	neg	neg	S	neg	S	S-S-S-S-S	0	No	S	S	S	S	S
ERR449106	18	Dominant	North America	4	R	I100L detected	indel(s) between 56th and 69th amino acid detected	R	neg	S	neg	mef1	R	neg	S	R-R-S-R-S	3	Yes	R	R	S	R	S
ERR449105	18	Dominant	North America	4	R	I100L detected	indel(s) between 56th and 69th amino acid detected	R	neg	S	neg	mef1	R	neg	S	R-R-S-R-S	3	Yes	R	R	S	R	S
ERR449104	18	Dominant	North America	4	R	I100L detected	indel(s) between 56th and 69th amino acid detected	R	neg	S	neg	mef1	R	neg	S	R-R-S-R-S	3	Yes	R	R	S	R	S
ERR449103	29	Intermediate	North America	0.03	S	I100L NOT detected	indel(s) between 56th and 69th amino acid NOT detected	S	neg	S	neg	neg	S	neg	S	S-S-S-S-S	0	No	S	S	S	S	S
ERR449102	50	Intermediate	North America	0.03	S	I100L NOT detected	indel(s) between 56th and 69th amino acid NOT detected	S	neg	S	neg	neg	S	neg	S	S-S-S-S-S	0	No	S	S	S	S	S
ERR439004	94	Intermediate	Africa	0.06	S	I100L NOT detected	indel(s) between 56th and 69th amino acid NOT detected	S	neg	S	neg	neg	S	tetM	R	S-S-S-S-R	1	No	R	S	S	S	R
ERR439002	53	Intermediate	Africa	0.06	S	I100L NOT detected	indel(s) between 56th and 69th amino acid detected	I	neg	S	neg	neg	S	neg	S	S-I-S-S-S	1	No	S	S	S	S	S
ERR439000	108	Intermediate	Africa	0.03	S	I100L NOT detected	indel(s) between 56th and 69th amino acid detected	I	neg	S	neg	neg	S	neg	S	S-I-S-S-S	1	No	S	S	S	S	S
ERR438995	9	Dominant	Africa	0.25	R	I100L detected	indel(s) between 56th and 69th amino acid detected	R	neg	S	neg	neg	S	tetM	R	R-R-S-S-R	3	Yes	R	R	S	S	R
ERR438992	88	Intermediate	Africa	0.12	R	I100L NOT detected	indel(s) between 56th and 69th amino acid detected	I	cat1	R	neg	neg	S	tetM	R	R-I-R-S-R	4	Yes	S	I	R	S	R
ERR438991	20	Intermediate	Africa	0.06	S	I100L NOT detected	indel(s) between 56th and 69th amino acid detected	I	neg	S	neg	neg	S	tetM	R	S-I-S-S-R	2	No	S	I	S	S	R
ERR438989	20	Intermediate	Africa	0.06	S	I100L NOT detected	indel(s) between 56th and 69th amino acid detected	I	neg	S	neg	neg	S	tetM	R	S-I-S-S-R	2	No	S	S	S	S	R
ERR438987	2	Dominant	Africa	0.03	S	I100L NOT detected	indel(s) between 56th and 69th amino acid detected	I	neg	S	neg	neg	S	neg	S	S-I-S-S-S	1	No	S	S	S	S	S
ERR438985	8	Dominant	Africa	0.03	S	I100L detected	indel(s) between 56th and 69th amino acid detected	R	neg	S	neg	neg	S	tetM	R	S-R-S-S-R	2	No	NA	NA	NA	NA	NA
ERR434018	16	Dominant	North America	0.03	S	I100L NOT detected	indel(s) between 56th and 69th amino acid NOT detected	S	neg	S	neg	neg	S	neg	S	S-S-S-S-S	0	No	S	S	S	S	S
ERR434017	1	Dominant	North America	4	R	I100L detected	indel(s) between 56th and 69th amino acid detected	R	neg	S	ermB1	mef1	R	tetM	R	R-R-S-R-R	4	Yes	R	R	S	R	R
ERR434016	4	Dominant	North America	0.12	R	I100L NOT detected	indel(s) between 56th and 69th amino acid NOT detected	S	neg	S	neg	neg	S	neg	S	R-S-S-S-S	1	No	R	S	S	S	S
ERR434015	32	Dominant	North America	0.03	S	I100L NOT detected	indel(s) between 56th and 69th amino acid NOT detected	S	neg	S	neg	neg	S	neg	S	S-S-S-S-S	0	No	S	S	R	S	S
ERR434009	6	Dominant	North America	0.03	S	I100L NOT detected	indel(s) between 56th and 69th amino acid NOT detected	S	neg	S	neg	neg	S	neg	S	S-S-S-S-S	0	No	S	S	S	S	S
ERR434007	16	Dominant	North America	0.03	S	I100L NOT detected	indel(s) between 56th and 69th amino acid NOT detected	S	neg	S	neg	neg	S	neg	S	S-S-S-S-S	0	No	S	S	S	S	S
ERR434004	15	Dominant	North America	0.03	S	I100L NOT detected	indel(s) between 56th and 69th amino acid NOT detected	S	neg	S	neg	neg	S	neg	S	S-S-S-S-S	0	No	S	S	S	S	S
ERR434003	12	Dominant	North America	0.03	S	I100L NOT detected	indel(s) between 56th and 69th amino acid NOT detected	S	neg	S	neg	neg	S	neg	S	S-S-S-S-S	0	No	S	S	S	S	S
ERR434002	324	Rare	North America	0.03	S	I100L NOT detected	indel(s) between 56th and 69th amino acid NOT detected	S	neg	S	neg	mef1	R	neg	S	S-S-S-R-S	1	No	S	S	S	S	S
ERR434001	10	Dominant	North America	0.5	R	I100L detected	indel(s) between 56th and 69th amino acid NOT detected	I	neg	S	neg	neg	S	tetM	R	R-I-S-S-R	3	Yes	R	R	S	S	R
ERR434000	89	Intermediate	North America	1	R	I100L detected	indel(s) between 56th and 69th amino acid detected	R	neg	S	neg	mef1	R	neg	S	R-R-S-R-S	3	Yes	R	R	S	R	S
ERR433997	4	Dominant	North America	0.12	R	I100L detected	indel(s) between 56th and 69th amino acid detected	R	neg	S	neg	mef1	R	neg	S	R-R-S-R-S	3	Yes	R	I	S	R	S
ERR433993	27	Dominant	North America	0.12	R	I100L NOT detected	indel(s) between 56th and 69th amino acid NOT detected	S	neg	S	neg	mef1	R	neg	S	R-S-S-R-S	2	No	R	S	S	R	S
ERR433992	1	Dominant	North America	4	R	I100L detected	indel(s) between 56th and 69th amino acid detected	R	neg	S	ermB1	mef1	R	tetM	R	R-R-S-R-R	4	Yes	R	R	S	R	R
ERR433945	3	Dominant	North America	0.03	S	I100L NOT detected	indel(s) between 56th and 69th amino acid NOT detected	S	neg	S	neg	neg	S	neg	S	S-S-S-S-S	0	No	S	S	S	S	S
ERR433944	3	Dominant	North America	0.03	S	I100L NOT detected	indel(s) between 56th and 69th amino acid detected	I	neg	S	neg	mef1	R	neg	S	S-I-S-R-S	2	No	S	I	S	S	S
ERR433964	2	Dominant	Africa	0.03	S	I100L NOT detected	indel(s) between 56th and 69th amino acid detected	I	neg	S	neg	neg	S	neg	S	S-I-S-S-S	1	No	S	I	S	S	S
ERR433931	15	Dominant	North America	0.03	S	I100L NOT detected	indel(s) between 56th and 69th amino acid NOT detected	S	neg	S	neg	neg	S	neg	S	S-S-S-S-S	0	No	S	S	S	S	S
ERR433930	11	Dominant	North America	0.03	S	I100L NOT detected	indel(s) between 56th and 69th amino acid NOT detected	S	neg	S	neg	neg	S	neg	S	S-S-S-S-S	0	No	S	S	S	S	S
ERR433929	1	Dominant	North America	16	R	I100L detected	indel(s) between 56th and 69th amino acid detected	R	neg	S	ermB1	mef1	R	tetM	R	R-R-S-R-R	4	Yes	R	R	S	R	R
ERR433927	15	Dominant	North America	0.03	S	I100L NOT detected	indel(s) between 56th and 69th amino acid NOT detected	S	neg	S	neg	neg	S	neg	S	S-S-S-S-S	0	No	S	S	S	S	S
ERR433925	19	Dominant	North America	0.03	S	I100L NOT detected	indel(s) between 56th and 69th amino acid NOT detected	S	neg	S	neg	neg	S	tetM	R	S-S-S-S-R	1	No	S	S	S	S	S
ERR433922	7	Dominant	North America	0.03	S	I100L NOT detected	indel(s) between 56th and 69th amino acid NOT detected	S	neg	S	neg	neg	S	neg	S	S-S-S-S-S	0	No	S	S	S	S	S
ERR433921	15	Dominant	North America	0.03	S	I100L NOT detected	indel(s) between 56th and 69th amino acid NOT detected	S	neg	S	neg	neg	S	neg	S	S-S-S-S-S	0	No	S	S	S	S	S
ERR433920	1	Dominant	North America	4	R	I100L detected	indel(s) between 56th and 69th amino acid detected	R	neg	S	ermB1	mef1	R	tetM	R	R-R-S-R-R	4	Yes	R	R	S	R	R
ERR433919	1	Dominant	North America	4	R	I100L detected	indel(s) between 56th and 69th amino acid detected	R	neg	S	ermB1	mef1	R	tetM	R	R-R-S-R-R	4	Yes	R	R	S	R	R
ERR433918	1	Dominant	North America	4	R	I100L detected	indel(s) between 56th and 69th amino acid detected	R	neg	S	ermB1	mef1	R	tetM	R	R-R-S-R-R	4	Yes	R	R	S	R	R
ERR433917	15	Dominant	North America	0.03	S	I100L NOT detected	indel(s) between 56th and 69th amino acid NOT detected	S	neg	S	neg	neg	S	neg	S	S-S-S-S-S	0	No	S	S	S	S	S
ERR433916	15	Dominant	North America	0.03	S	I100L NOT detected	indel(s) between 56th and 69th amino acid NOT detected	S	neg	S	neg	neg	S	neg	S	S-S-S-S-S	0	No	S	S	S	S	S
ERR433915	4	Dominant	North America	0.12	R	I100L NOT detected	indel(s) between 56th and 69th amino acid NOT detected	S	neg	S	neg	neg	S	neg	S	R-S-S-S-S	1	No	S	S	S	S	S
ERR433914	1	Dominant	North America	4	R	I100L detected	indel(s) between 56th and 69th amino acid detected	R	neg	S	ermB1	mef1	R	tetM	R	R-R-S-R-R	4	Yes	R	R	S	R	R
ERR433913	15	Dominant	North America	0.03	S	I100L NOT detected	indel(s) between 56th and 69th amino acid NOT detected	S	neg	S	neg	neg	S	neg	S	S-S-S-S-S	0	No	S	S	S	S	S
ERR433912	19	Dominant	North America	0.03	S	I100L NOT detected	indel(s) between 56th and 69th amino acid NOT detected	S	neg	S	neg	neg	S	neg	S	S-S-S-S-S	0	No	S	S	S	S	S
ERR433911	1	Dominant	North America	4	R	I100L detected	indel(s) between 56th and 69th amino acid detected	R	neg	S	ermB1	mef1	R	tetM	R	R-R-S-R-R	4	Yes	R	R	R	R	R
ERR433907	19	Dominant	North America	0.03	S	I100L NOT detected	indel(s) between 56th and 69th amino acid NOT detected	S	neg	S	neg	neg	S	neg	S	S-S-S-S-S	0	No	S	S	S	S	S
ERR433905	19	Dominant	North America	0.03	S	I100L NOT detected	indel(s) between 56th and 69th amino acid NOT detected	S	neg	S	neg	mef1	R	neg	S	S-S-S-R-S	1	No	S	S	S	R	S
ERR433903	31	Dominant	North America	0.03	S	I100L NOT detected	indel(s) between 56th and 69th amino acid NOT detected	S	neg	S	neg	neg	S	neg	S	S-S-S-S-S	0	No	S	I	S	S	S
ERR433902	4	Dominant	North America	0.03	S	I100L NOT detected	indel(s) between 56th and 69th amino acid NOT detected	S	neg	S	neg	mef1	R	neg	S	S-S-S-R-S	1	No	S	S	S	R	S
ERR433901	4	Dominant	North America	0.12	R	I100L detected	indel(s) between 56th and 69th amino acid detected	R	neg	S	neg	neg	S	neg	S	R-R-S-S-S	2	No	R	R	S	S	S
ERR433857	8	Dominant	Africa	0.03	S	I100L NOT detected	indel(s) between 56th and 69th amino acid detected	I	neg	S	neg	neg	S	neg	S	S-I-S-S-S	1	No	S	I	S	S	S
ERR433845	2	Dominant	Africa	0.03	S	I100L NOT detected	indel(s) between 56th and 69th amino acid NOT detected	S	neg	S	neg	neg	S	neg	S	S-S-S-S-S	0	No	NA	S	S	S	S
ERR433839	2	Dominant	Africa	0.03	S	I100L NOT detected	indel(s) between 56th and 69th amino acid detected	I	neg	S	neg	neg	S	neg	S	S-I-S-S-S	1	No	S	S	S	S	S
ERR433799	2	Dominant	Africa	0.03	S	I100L NOT detected	indel(s) between 56th and 69th amino acid detected	I	neg	S	neg	neg	S	neg	S	S-I-S-S-S	1	No	NA	NA	S	S	S
ERR433725	4	Dominant	North America	0.12	R	I100L NOT detected	indel(s) between 56th and 69th amino acid NOT detected	S	neg	S	neg	neg	S	neg	S	R-S-S-S-S	1	No	R	S	S	S	S
ERR433724	12	Dominant	North America	0.03	S	I100L NOT detected	indel(s) between 56th and 69th amino acid NOT detected	S	neg	S	neg	neg	S	neg	S	S-S-S-S-S	0	No	S	S	S	S	S
ERR433723	3	Dominant	North America	0.03	S	I100L NOT detected	indel(s) between 56th and 69th amino acid detected	I	neg	S	neg	mef1	R	neg	S	S-I-S-R-S	2	No	S	I	S	R	S
ERR433722	3	Dominant	North America	0.03	S	I100L NOT detected	indel(s) between 56th and 69th amino acid detected	I	neg	S	neg	neg	S	neg	S	S-I-S-S-S	1	No	S	I	S	S	S
ERR433721	13	Dominant	North America	0.06	S	I100L NOT detected	indel(s) between 56th and 69th amino acid NOT detected	S	neg	S	neg	neg	S	neg	S	S-S-S-S-S	0	No	S	S	S	S	S
ERR433720	4	Dominant	North America	0.12	R	I100L NOT detected	indel(s) between 56th and 69th amino acid NOT detected	S	neg	S	neg	neg	S	neg	S	R-S-S-S-S	1	No	S	S	S	S	S
ERR433718	1	Dominant	North America	4	R	I100L detected	indel(s) between 56th and 69th amino acid detected	R	neg	S	ermB1	mef1	R	tetM	R	R-R-S-R-R	4	Yes	R	R	S	R	R
ERR433716	15	Dominant	North America	0.03	S	I100L NOT detected	indel(s) between 56th and 69th amino acid NOT detected	S	neg	S	neg	neg	S	neg	S	S-S-S-S-S	0	No	S	S	S	S	S
ERR433714	135	Intermediate	North America	0.03	S	I100L NOT detected	indel(s) between 56th and 69th amino acid NOT detected	S	neg	S	neg	neg	S	neg	S	S-S-S-S-S	0	No	S	S	S	S	S
ERR433713	76	Intermediate	North America	4	R	I100L detected	indel(s) between 56th and 69th amino acid detected	R	neg	S	neg	neg	S	neg	S	R-R-S-S-S	2	No	R	R	S	S	S
ERR433710	4	Dominant	North America	0.03	S	I100L NOT detected	indel(s) between 56th and 69th amino acid NOT detected	S	neg	S	neg	neg	S	neg	S	S-S-S-S-S	0	No	S	S	S	S	S
ERR433708	3	Dominant	North America	0.03	S	I100L detected	indel(s) between 56th and 69th amino acid detected	R	neg	S	neg	neg	S	neg	S	S-R-S-S-S	1	No	S	R	S	S	S
ERR433707	1	Dominant	North America	4	R	I100L detected	indel(s) between 56th and 69th amino acid detected	R	neg	S	ermB1	mef1	R	tetM	R	R-R-S-R-R	4	Yes	R	R	S	R	R
ERR433706	1	Dominant	North America	8	R	I100L detected	indel(s) between 56th and 69th amino acid detected	R	neg	S	ermB1	mef1	R	tetM	R	R-R-S-R-R	4	Yes	R	R	S	R	R
ERR433695	50	Intermediate	North America	0.03	S	I100L NOT detected	indel(s) between 56th and 69th amino acid NOT detected	S	neg	S	neg	neg	S	neg	S	S-S-S-S-S	0	No	S	S	S	S	S
ERR433657	15	Dominant	North America	0.03	S	I100L NOT detected	indel(s) between 56th and 69th amino acid NOT detected	S	neg	S	neg	neg	S	neg	S	S-S-S-S-S	0	No	S	S	S	S	S
ERR433655	19	Dominant	North America	0.03	S	I100L NOT detected	indel(s) between 56th and 69th amino acid NOT detected	S	neg	S	neg	neg	S	neg	S	S-S-S-S-S	0	No	S	S	S	S	S
ERR433654	15	Dominant	North America	0.03	S	I100L NOT detected	indel(s) between 56th and 69th amino acid NOT detected	S	neg	S	neg	neg	S	neg	S	S-S-S-S-S	0	No	S	S	S	S	S
ERR433653	1	Dominant	North America	4	R	I100L detected	indel(s) between 56th and 69th amino acid detected	R	neg	S	ermB1	mef1	R	tetM	R	R-R-S-R-R	4	Yes	R	R	S	R	R
ERR433651	1	Dominant	North America	4	R	I100L detected	indel(s) between 56th and 69th amino acid detected	R	neg	S	ermB1	mef1	R	tetM	R	R-R-S-R-R	4	Yes	R	R	S	R	R
ERR433650	16	Dominant	North America	4	R	I100L detected	indel(s) between 56th and 69th amino acid detected	R	cat1	R	ermB1	neg	R	tetM	R	R-R-R-R-R	5	Yes	R	R	R	R	R
ERR433649	98	Intermediate	North America	0.03	S	I100L NOT detected	indel(s) between 56th and 69th amino acid NOT detected	S	neg	S	neg	neg	S	neg	S	S-S-S-S-S	0	No	S	S	S	S	S
ERR433648	15	Dominant	North America	0.03	S	I100L NOT detected	indel(s) between 56th and 69th amino acid NOT detected	S	neg	S	neg	neg	S	neg	S	S-S-S-S-S	0	No	S	S	S	S	S
ERR433647	6	Dominant	North America	4	R	I100L detected	indel(s) between 56th and 69th amino acid detected	R	neg	S	ermB1	neg	R	tetM	R	R-R-S-R-R	4	Yes	R	R	R	R	R
ERR433641	19	Dominant	North America	0.03	S	I100L NOT detected	indel(s) between 56th and 69th amino acid NOT detected	S	neg	S	neg	neg	S	neg	S	S-S-S-S-S	0	No	S	S	S	S	S
ERR433640	15	Dominant	North America	0.03	S	I100L NOT detected	indel(s) between 56th and 69th amino acid NOT detected	S	neg	S	neg	neg	S	neg	S	S-S-S-S-S	0	No	S	S	S	S	S
ERR433639	1	Dominant	North America	4	R	I100L NOT detected	indel(s) between 56th and 69th amino acid detected	I	neg	S	ermB1	mef1	R	tetM	R	R-I-S-R-R	4	Yes	R	R	S	R	R
ERR433637	89	Intermediate	North America	1	R	I100L detected	indel(s) between 56th and 69th amino acid detected	R	neg	S	neg	mef1	R	neg	S	R-R-S-R-S	3	Yes	R	R	S	R	S
ERR433636	9	Dominant	North America	0.25	R	I100L NOT detected	indel(s) between 56th and 69th amino acid detected	I	neg	S	ermB1	neg	R	tetM	R	R-I-S-R-R	4	Yes	R	I	R	R	R
ERR433635	27	Dominant	North America	0.12	R	I100L NOT detected	indel(s) between 56th and 69th amino acid NOT detected	S	neg	S	neg	neg	S	neg	S	R-S-S-S-S	1	No	S	S	S	S	S
ERR433630	1	Dominant	North America	4	R	I100L detected	indel(s) between 56th and 69th amino acid detected	R	neg	S	ermB1	mef1	R	tetM	R	R-R-S-R-R	4	Yes	R	R	S	R	R
ERR433627	1	Dominant	North America	4	R	I100L detected	indel(s) between 56th and 69th amino acid detected	R	neg	S	ermB1	mef1	R	tetM	R	R-R-S-R-R	4	Yes	R	R	S	R	R
ERR433572	39	Intermediate	North America	0.03	S	I100L NOT detected	indel(s) between 56th and 69th amino acid NOT detected	S	neg	S	neg	neg	S	neg	S	S-S-S-S-S	0	No	S	S	S	S	S
ERR433571	119	Intermediate	North America	0.03	S	I100L NOT detected	indel(s) between 56th and 69th amino acid NOT detected	S	neg	S	neg	neg	S	neg	S	S-S-S-S-S	0	No	S	S	S	S	S
ERR433570	50	Intermediate	North America	0.03	S	I100L NOT detected	indel(s) between 56th and 69th amino acid NOT detected	S	neg	S	neg	neg	S	neg	S	S-S-S-S-S	0	No	S	S	S	S	S
ERR433569	16	Dominant	North America	4	R	I100L detected	indel(s) between 56th and 69th amino acid detected	R	cat1	R	neg	mef1	R	tetM	R	R-R-R-R-R	5	Yes	R	R	R	R	R
ERR433567	39	Intermediate	North America	0.03	S	I100L NOT detected	indel(s) between 56th and 69th amino acid NOT detected	S	neg	S	neg	neg	S	neg	S	S-S-S-S-S	0	No	S	S	S	S	S
ERR433566	50	Intermediate	North America	0.03	S	I100L NOT detected	indel(s) between 56th and 69th amino acid NOT detected	S	neg	S	neg	neg	S	neg	S	S-S-S-S-S	0	No	S	S	S	S	S
ERR425498	15	Dominant	North America	0.03	S	I100L NOT detected	indel(s) between 56th and 69th amino acid NOT detected	S	neg	S	neg	neg	S	neg	S	S-S-S-S-S	0	No	S	S	S	S	S
ERR425497	6	Dominant	North America	8	R	I100L detected	indel(s) between 56th and 69th amino acid detected	R	neg	S	neg	mef1	R	neg	S	R-R-S-R-S	3	Yes	R	R	S	R	S
ERR425495	1	Dominant	North America	4	R	I100L detected	indel(s) between 56th and 69th amino acid detected	R	neg	S	ermB1	mef1	R	tetM	R	R-R-S-R-R	4	Yes	R	R	S	R	R
ERR425494	4	Dominant	North America	0.03	S	I100L NOT detected	indel(s) between 56th and 69th amino acid NOT detected	S	neg	S	neg	neg	S	neg	S	S-S-S-S-S	0	No	S	S	S	S	S
ERR425493	1	Dominant	North America	4	R	I100L detected	indel(s) between 56th and 69th amino acid detected	R	neg	S	ermB1	mef1	R	tetM	R	R-R-S-R-R	4	Yes	R	R	R	R	R
ERR425492	4	Dominant	North America	0.12	R	I100L detected	indel(s) between 56th and 69th amino acid detected	R	neg	S	neg	neg	S	neg	S	R-R-S-S-S	2	No	R	R	S	S	S
ERR425491	15	Dominant	North America	0.03	S	I100L NOT detected	indel(s) between 56th and 69th amino acid NOT detected	S	neg	S	neg	neg	S	neg	S	S-S-S-S-S	0	No	S	S	S	S	S
ERR425490	1	Dominant	North America	4	R	I100L detected	indel(s) between 56th and 69th amino acid detected	R	neg	S	ermB1	mef1	R	tetM	R	R-R-S-R-R	4	Yes	R	R	S	R	R
ERR425489	4	Dominant	North America	0.12	R	I100L NOT detected	indel(s) between 56th and 69th amino acid NOT detected	S	neg	S	neg	neg	S	neg	S	R-S-S-S-S	1	No	R	S	S	S	S
ERR425484	1	Dominant	North America	4	R	I100L detected	indel(s) between 56th and 69th amino acid detected	R	neg	S	ermB1	mef1	R	tetM	R	R-R-S-R-R	4	Yes	R	R	S	R	R
ERR425483	98	Intermediate	North America	0.03	S	I100L NOT detected	indel(s) between 56th and 69th amino acid NOT detected	S	neg	S	neg	neg	S	neg	S	S-S-S-S-S	0	No	S	S	S	S	S
ERR425482	27	Dominant	North America	0.12	R	I100L NOT detected	indel(s) between 56th and 69th amino acid NOT detected	S	neg	S	neg	neg	S	neg	S	R-S-S-S-S	1	No	S	S	S	S	S
ERR425480	27	Dominant	North America	0.03	S	I100L NOT detected	indel(s) between 56th and 69th amino acid NOT detected	S	neg	S	neg	neg	S	neg	S	S-S-S-S-S	0	No	S	I	S	S	S
ERR425478	4	Dominant	North America	0.12	R	I100L NOT detected	indel(s) between 56th and 69th amino acid NOT detected	S	neg	S	neg	neg	S	neg	S	R-S-S-S-S	1	No	S	S	S	S	S
ERR425477	1	Dominant	North America	4	R	I100L detected	indel(s) between 56th and 69th amino acid detected	R	neg	S	ermB1	mef1	R	tetM	R	R-R-S-R-R	4	Yes	R	R	S	R	R
ERR425476	15	Dominant	North America	0.03	S	I100L NOT detected	indel(s) between 56th and 69th amino acid NOT detected	S	neg	S	neg	neg	S	neg	S	S-S-S-S-S	0	No	R	S	S	S	R
ERR425475	1	Dominant	North America	4	R	I100L NOT detected	indel(s) between 56th and 69th amino acid detected	I	neg	S	ermB1	mef1	R	tetM	R	R-I-S-R-R	4	Yes	R	R	S	R	S
ERR425474	1	Dominant	North America	4	R	I100L detected	indel(s) between 56th and 69th amino acid detected	R	neg	S	ermB1	mef1	R	tetM	R	R-R-S-R-R	4	Yes	R	R	S	R	R
ERR425473	12	Dominant	North America	0.03	S	I100L NOT detected	indel(s) between 56th and 69th amino acid NOT detected	S	neg	S	neg	neg	S	neg	S	S-S-S-S-S	0	No	S	S	S	S	S
ERR425471	3	Dominant	North America	0.03	S	I100L NOT detected	indel(s) between 56th and 69th amino acid detected	I	neg	S	neg	mef1	R	neg	S	S-I-S-R-S	2	No	S	I	S	R	S
ERR425470	1	Dominant	North America	0.03	S	I100L detected	indel(s) between 56th and 69th amino acid detected	R	neg	S	ermB1	mef1	R	tetM	R	S-R-S-R-R	3	Yes	R	R	S	R	R
ERR425469	19	Dominant	North America	0.03	S	I100L NOT detected	indel(s) between 56th and 69th amino acid NOT detected	S	neg	S	neg	neg	S	neg	S	S-S-S-S-S	0	No	S	S	S	S	S
ERR425468	38	Intermediate	North America	0.03	S	I100L NOT detected	indel(s) between 56th and 69th amino acid NOT detected	S	neg	S	neg	neg	S	neg	S	S-S-S-S-S	0	No	S	S	S	S	S
ERR425467	19	Dominant	North America	0.03	S	I100L NOT detected	indel(s) between 56th and 69th amino acid NOT detected	S	neg	S	neg	neg	S	neg	S	S-S-S-S-S	0	No	S	S	S	S	S
ERR425465	19	Dominant	North America	0.03	S	I100L NOT detected	indel(s) between 56th and 69th amino acid NOT detected	S	neg	S	neg	neg	S	neg	S	S-S-S-S-S	0	No	S	S	S	S	S
ERR425464	6	Dominant	North America	4	R	I100L detected	indel(s) between 56th and 69th amino acid detected	R	neg	S	neg	mef1	R	neg	S	R-R-S-R-S	3	Yes	R	R	S	R	S
ERR425463	15	Dominant	North America	0.03	S	I100L NOT detected	indel(s) between 56th and 69th amino acid NOT detected	S	neg	S	neg	neg	S	neg	S	S-S-S-S-S	0	No	S	S	S	S	S
ERR425462	15	Dominant	North America	0.03	S	I100L NOT detected	indel(s) between 56th and 69th amino acid NOT detected	S	neg	S	neg	neg	S	neg	S	S-S-S-S-S	0	No	S	S	S	S	S
ERR425461	32	Dominant	North America	0.03	S	I100L NOT detected	indel(s) between 56th and 69th amino acid NOT detected	S	neg	S	neg	neg	S	neg	S	S-S-S-S-S	0	No	S	S	S	S	S
ERR425363	31	Dominant	North America	0.03	S	I100L NOT detected	indel(s) between 56th and 69th amino acid NOT detected	S	neg	S	neg	neg	S	neg	S	S-S-S-S-S	0	No	S	S	S	S	S
ERR425426	18	Dominant	North America	4	R	I100L detected	indel(s) between 56th and 69th amino acid detected	R	neg	S	neg	mef1	R	neg	S	R-R-S-R-S	3	Yes	R	R	S	R	S
ERR425425	16	Dominant	North America	4	R	I100L detected	indel(s) between 56th and 69th amino acid detected	R	cat1	R	ermB1	neg	R	tetM	R	R-R-R-R-R	5	Yes	R	R	R	R	R
ERR425424	97	Intermediate	North America	2	R	I100L detected	indel(s) between 56th and 69th amino acid detected	R	neg	S	neg	mef1	R	neg	S	R-R-S-R-S	3	Yes	R	R	S	R	S
ERR425423	13	Dominant	North America	0.5	R	I100L NOT detected	indel(s) between 56th and 69th amino acid NOT detected	S	neg	S	neg	mef1	R	neg	S	R-S-S-R-S	2	No	R	S	S	R	S
ERR425422	16	Dominant	North America	0.03	S	I100L NOT detected	indel(s) between 56th and 69th amino acid NOT detected	S	neg	S	neg	neg	S	neg	S	S-S-S-S-S	0	No	S	S	S	S	S
ERR425421	39	Intermediate	North America	0.03	S	I100L detected	indel(s) between 56th and 69th amino acid detected	R	neg	S	neg	neg	S	neg	S	S-R-S-S-S	1	No	S	R	S	S	S
ERR425419	27	Dominant	North America	0.03	S	I100L NOT detected	indel(s) between 56th and 69th amino acid NOT detected	S	neg	S	neg	mef1	R	neg	S	S-S-S-R-S	1	No	S	S	S	R	S
ERR425418	27	Dominant	North America	0.03	S	I100L NOT detected	indel(s) between 56th and 69th amino acid NOT detected	S	neg	S	neg	neg	S	neg	S	S-S-S-S-S	0	No	S	S	S	S	S
ERR425417	4	Dominant	North America	0.12	R	I100L detected	indel(s) between 56th and 69th amino acid detected	R	neg	S	neg	mef1	R	neg	S	R-R-S-R-S	3	Yes	R	R	S	R	S
ERR425416	39	Intermediate	North America	0.03	S	I100L NOT detected	indel(s) between 56th and 69th amino acid NOT detected	S	neg	S	neg	neg	S	neg	S	S-S-S-S-S	0	No	S	S	S	S	S
ERR425415	135	Intermediate	North America	0.03	S	I100L NOT detected	indel(s) between 56th and 69th amino acid NOT detected	S	neg	S	neg	neg	S	neg	S	S-S-S-S-S	0	No	S	S	S	S	S
ERR425414	10	Dominant	North America	0.5	R	I100L NOT detected	indel(s) between 56th and 69th amino acid NOT detected	S	neg	S	ermB1	neg	R	tetM	R	R-S-S-R-R	3	Yes	R	I	S	R	R
ERR425413	9	Dominant	North America	2	R	I100L detected	indel(s) between 56th and 69th amino acid detected	R	neg	S	neg	neg	S	tetM	R	R-R-S-S-R	3	Yes	R	R	S	S	R
ERR425412	29	Intermediate	North America	0.12	R	I100L NOT detected	indel(s) between 56th and 69th amino acid NOT detected	S	neg	S	neg	neg	S	neg	S	R-S-S-S-S	1	No	R	S	S	S	S
ERR425361	16	Dominant	North America	4	R	I100L detected	indel(s) between 56th and 69th amino acid detected	R	cat1	R	neg	mef1	R	tetM	R	R-R-R-R-R	5	Yes	R	R	R	R	R
ERR425411	4	Dominant	North America	0.03	S	I100L detected	indel(s) between 56th and 69th amino acid detected	R	neg	S	neg	neg	S	neg	S	S-R-S-S-S	1	No	S	R	S	S	S
ERR425409	11	Dominant	North America	0.06	S	I100L detected	indel(s) between 56th and 69th amino acid detected	R	neg	S	neg	mef1	R	neg	S	S-R-S-R-S	2	No	S	R	S	R	S
ERR425408	8	Dominant	North America	0.06	S	I100L detected	indel(s) between 56th and 69th amino acid detected	R	neg	S	neg	neg	S	neg	S	S-R-S-S-S	1	No	S	R	S	S	S
ERR425407	39	Intermediate	North America	0.03	S	I100L NOT detected	indel(s) between 56th and 69th amino acid NOT detected	S	neg	S	neg	neg	S	neg	S	S-S-S-S-S	0	No	S	S	S	S	S
ERR425406	31	Dominant	North America	0.03	S	I100L NOT detected	indel(s) between 56th and 69th amino acid NOT detected	S	neg	S	neg	neg	S	neg	S	S-S-S-S-S	0	No	S	S	S	S	S
ERR425405	39	Intermediate	North America	0.03	S	I100L detected	indel(s) between 56th and 69th amino acid detected	R	neg	S	neg	neg	S	neg	S	S-R-S-S-S	1	No	S	R	S	S	S
ERR425404	19	Dominant	North America	0.03	S	I100L NOT detected	indel(s) between 56th and 69th amino acid NOT detected	S	neg	S	neg	neg	S	neg	S	S-S-S-S-S	0	No	S	S	S	S	S
ERR425403	23	Dominant	North America	4	R	I100L detected	indel(s) between 56th and 69th amino acid detected	R	neg	S	neg	mef1	R	tetM	R	R-R-S-R-R	4	Yes	R	R	S	R	S
ERR425402	18	Dominant	North America	0.03	S	I100L NOT detected	indel(s) between 56th and 69th amino acid NOT detected	S	neg	S	neg	neg	S	neg	S	S-S-S-S-S	0	No	S	S	S	S	S
ERR425360	27	Dominant	North America	0.03	S	I100L NOT detected	indel(s) between 56th and 69th amino acid NOT detected	S	neg	S	neg	neg	S	neg	S	S-S-S-S-S	0	No	S	S	S	S	S
ERR425401	3	Dominant	North America	0.03	S	I100L NOT detected	indel(s) between 56th and 69th amino acid NOT detected	S	neg	S	neg	neg	S	neg	S	S-S-S-S-S	0	No	S	S	S	S	S
ERR425398	24	Intermediate	North America	0.03	S	I100L NOT detected	indel(s) between 56th and 69th amino acid NOT detected	S	neg	S	neg	neg	S	neg	S	S-S-S-S-S	0	No	S	S	S	S	S
ERR425397	19	Dominant	North America	0.03	S	I100L NOT detected	indel(s) between 56th and 69th amino acid NOT detected	S	neg	S	neg	neg	S	neg	S	S-S-S-S-S	0	No	S	S	S	S	S
ERR425396	97	Intermediate	North America	2	R	I100L detected	indel(s) between 56th and 69th amino acid NOT detected	I	neg	S	neg	mef1	R	neg	S	R-I-S-R-S	3	Yes	R	R	S	R	S
ERR425395	6	Dominant	North America	4	R	I100L detected	indel(s) between 56th and 69th amino acid detected	R	neg	S	neg	neg	S	neg	S	R-R-S-S-S	2	No	R	R	S	S	S
ERR425394	97	Intermediate	North America	2	R	I100L detected	indel(s) between 56th and 69th amino acid NOT detected	I	neg	S	neg	mef1	R	neg	S	R-I-S-R-S	3	Yes	R	R	S	R	S
ERR425393	6	Dominant	North America	4	R	I100L detected	indel(s) between 56th and 69th amino acid detected	R	neg	S	neg	neg	S	neg	S	R-R-S-S-S	2	No	R	R	S	S	S
ERR425391	19	Dominant	North America	0.06	S	I100L NOT detected	indel(s) between 56th and 69th amino acid NOT detected	S	neg	S	neg	neg	S	neg	S	S-S-S-S-S	0	No	S	R	S	R	S
ERR425389	50	Intermediate	North America	0.03	S	I100L NOT detected	indel(s) between 56th and 69th amino acid NOT detected	S	neg	S	neg	neg	S	neg	S	S-S-S-S-S	0	No	R	S	S	R	S
ERR425388	16	Dominant	North America	0.03	S	I100L NOT detected	indel(s) between 56th and 69th amino acid detected	I	neg	S	neg	neg	S	neg	S	S-I-S-S-S	1	No	S	I	S	S	S
ERR425387	18	Dominant	North America	4	R	I100L detected	indel(s) between 56th and 69th amino acid detected	R	neg	S	neg	mef1	R	neg	S	R-R-S-R-S	3	Yes	R	R	S	R	S
ERR425385	18	Dominant	North America	0.03	S	I100L detected	indel(s) between 56th and 69th amino acid detected	R	neg	S	neg	mef1	R	neg	S	S-R-S-R-S	2	No	S	R	S	R	S
ERR425358	39	Intermediate	North America	0.03	S	I100L NOT detected	indel(s) between 56th and 69th amino acid NOT detected	S	neg	S	neg	mef1	R	neg	S	S-S-S-R-S	1	No	S	I	S	S	NA
ERR425383	23	Dominant	North America	2	R	I100L detected	indel(s) between 56th and 69th amino acid detected	R	neg	S	neg	mef1	R	tetM	R	R-R-S-R-R	4	Yes	R	R	S	R	S
ERR425382	11	Dominant	North America	0.03	S	I100L NOT detected	indel(s) between 56th and 69th amino acid detected	I	neg	S	neg	neg	S	neg	S	S-I-S-S-S	1	No	S	I	S	S	S
ERR425380	39	Intermediate	North America	0.03	S	I100L NOT detected	indel(s) between 56th and 69th amino acid NOT detected	S	neg	S	neg	neg	S	neg	S	S-S-S-S-S	0	No	S	S	S	S	S
ERR425379	18	Dominant	North America	0.03	S	I100L NOT detected	indel(s) between 56th and 69th amino acid NOT detected	S	neg	S	neg	mef1	R	neg	S	S-S-S-R-S	1	No	S	S	S	R	S
ERR425378	39	Intermediate	North America	0.03	S	I100L NOT detected	indel(s) between 56th and 69th amino acid NOT detected	S	neg	S	neg	neg	S	neg	S	S-S-S-S-S	0	No	S	S	S	S	S
ERR425377	39	Intermediate	North America	0.03	S	I100L NOT detected	indel(s) between 56th and 69th amino acid NOT detected	S	neg	S	neg	neg	S	neg	S	S-S-S-S-S	0	No	S	S	S	S	S
ERR425376	18	Dominant	North America	4	R	I100L detected	indel(s) between 56th and 69th amino acid detected	R	neg	S	neg	mef1	R	neg	S	R-R-S-R-S	3	Yes	R	R	S	R	S
ERR425375	16	Dominant	North America	4	R	I100L detected	indel(s) between 56th and 69th amino acid detected	R	cat1	R	neg	mef1	R	tetM	R	R-R-R-R-R	5	Yes	R	R	R	R	R
ERR425373	39	Intermediate	North America	0.03	S	I100L NOT detected	indel(s) between 56th and 69th amino acid NOT detected	S	neg	S	neg	neg	S	neg	S	S-S-S-S-S	0	No	S	S	S	S	S
ERR425372	27	Dominant	North America	0.03	S	I100L NOT detected	indel(s) between 56th and 69th amino acid NOT detected	S	neg	S	neg	neg	S	neg	S	S-S-S-S-S	0	No	S	S	S	S	S
ERR425371	27	Dominant	North America	0.03	S	I100L NOT detected	indel(s) between 56th and 69th amino acid NOT detected	S	neg	S	neg	neg	S	neg	S	S-S-S-S-S	0	No	S	S	S	S	S
ERR425370	50	Intermediate	North America	0.03	S	I100L NOT detected	indel(s) between 56th and 69th amino acid NOT detected	S	neg	S	neg	neg	S	neg	S	S-S-S-S-S	0	No	S	S	S	S	S
ERR425369	18	Dominant	North America	4	R	I100L detected	indel(s) between 56th and 69th amino acid detected	R	neg	S	neg	mef1	R	neg	S	R-R-S-R-S	3	Yes	R	R	S	R	S
ERR425368	29	Intermediate	North America	0.03	S	I100L NOT detected	indel(s) between 56th and 69th amino acid NOT detected	S	neg	S	neg	neg	S	neg	S	S-S-S-S-S	0	No	S	S	S	S	S
ERR425367	1	Dominant	North America	2	R	I100L detected	indel(s) between 56th and 69th amino acid detected	R	neg	S	neg	mef1	R	tetM	R	R-R-S-R-R	4	Yes	R	R	S	R	R
ERR425365	6	Dominant	North America	0.5	R	I100L NOT detected	indel(s) between 56th and 69th amino acid NOT detected	S	neg	S	neg	neg	S	neg	S	R-S-S-S-S	1	No	R	S	S	S	S
ERR425364	27	Dominant	North America	0.03	S	I100L NOT detected	indel(s) between 56th and 69th amino acid NOT detected	S	neg	S	neg	neg	S	neg	S	S-S-S-S-S	0	No	S	S	S	S	S
ERR352020	2	Dominant	Africa	0.03	S	I100L NOT detected	indel(s) between 56th and 69th amino acid detected	I	neg	S	neg	neg	S	neg	S	S-I-S-S-S	1	No	NA	NA	S	S	S
ERR351993	8	Dominant	Africa	0.03	S	I100L detected	indel(s) between 56th and 69th amino acid detected	R	neg	S	neg	neg	S	neg	S	S-R-S-S-S	1	No	S	R	S	S	S
ERR352002	8	Dominant	Africa	0.03	S	I100L detected	indel(s) between 56th and 69th amino acid detected	R	neg	S	neg	neg	S	neg	S	S-R-S-S-S	1	No	S	R	S	S	S
ERR2089639	116	Intermediate	Asia	0.5	R	I100L NOT detected	indel(s) between 56th and 69th amino acid NOT detected	S	neg	S	neg	neg	S	neg	S	R-S-S-S-S	1	No	R	S	S	S	S
ERR2089640	3	Dominant	Asia	0.03	S	I100L NOT detected	indel(s) between 56th and 69th amino acid NOT detected	S	neg	S	neg	neg	S	neg	S	S-S-S-S-S	0	No	NA	S	S	S	S
ERR2089641	113	Intermediate	Asia	0.25	R	I100L NOT detected	indel(s) between 56th and 69th amino acid detected	I	neg	S	neg	neg	S	neg	S	R-I-S-S-S	2	No	R	S	S	S	S
ERR2089642	200	Intermediate	Asia	0.25	R	I100L NOT detected	indel(s) between 56th and 69th amino acid detected	I	neg	S	neg	neg	S	neg	S	R-I-S-S-S	2	No	R	S	S	S	S
ERR2089643	88	Intermediate	Asia	0.12	R	I100L NOT detected	indel(s) between 56th and 69th amino acid detected	I	neg	S	neg	neg	S	tetM	R	R-I-S-S-R	3	Yes	NA	I	S	S	R
ERR2089644	85	Intermediate	Asia	0.03	S	I100L NOT detected	indel(s) between 56th and 69th amino acid detected	I	neg	S	neg	neg	S	neg	S	S-I-S-S-S	1	No	NA	S	S	S	S
ERR2089645	342	Rare	Asia	0.03	S	I100L NOT detected	indel(s) between 56th and 69th amino acid NOT detected	S	neg	S	neg	neg	S	neg	S	S-S-S-S-S	0	No	NA	S	S	S	S
ERR2089646	67	Intermediate	Asia	0.03	S	I100L NOT detected	indel(s) between 56th and 69th amino acid NOT detected	S	neg	S	neg	neg	S	neg	S	S-S-S-S-S	0	No	NA	S	S	S	S
ERR2089647	2	Dominant	Asia	0.03	S	I100L detected	indel(s) between 56th and 69th amino acid detected	R	neg	S	neg	neg	S	neg	S	S-R-S-S-S	1	No	NA	R	S	S	S
ERR2089648	3	Dominant	Asia	0.12	R	I100L NOT detected	indel(s) between 56th and 69th amino acid NOT detected	S	neg	S	neg	neg	S	neg	S	R-S-S-S-S	1	No	R	S	S	S	S
ERR2089649	7	Dominant	Asia	0.03	S	I100L NOT detected	indel(s) between 56th and 69th amino acid NOT detected	S	neg	S	neg	neg	S	neg	S	S-S-S-S-S	0	No	NA	R	S	S	S
ERR2089650	2	Dominant	Asia	0.03	S	I100L detected	indel(s) between 56th and 69th amino acid detected	R	neg	S	neg	neg	S	neg	S	S-R-S-S-S	1	No	NA	R	S	S	S
ERR2089651	5	Dominant	Asia	0.25	R	I100L NOT detected	indel(s) between 56th and 69th amino acid detected	I	neg	S	neg	neg	S	neg	S	R-I-S-S-S	2	No	R	S	S	S	S
ERR2089652	6	Dominant	Asia	0.03	S	I100L detected	indel(s) between 56th and 69th amino acid detected	R	neg	S	neg	neg	S	neg	S	S-R-S-S-S	1	No	NA	R	S	S	S
ERR2089653	6	Dominant	Asia	2	R	I100L detected	indel(s) between 56th and 69th amino acid detected	R	neg	S	neg	neg	S	neg	S	R-R-S-S-S	2	No	R	R	S	S	S
ERR2089654	2	Dominant	Asia	0.03	S	I100L detected	indel(s) between 56th and 69th amino acid detected	R	neg	S	neg	neg	S	neg	S	S-R-S-S-S	1	No	NA	R	S	S	S
ERR2089655	24	Intermediate	Asia	0.03	S	I100L detected	indel(s) between 56th and 69th amino acid detected	R	neg	S	ermB1	neg	R	tetM	R	S-R-S-R-R	3	Yes	NA	S	S	R	R
ERR2089656	2	Dominant	Asia	0.03	S	I100L detected	indel(s) between 56th and 69th amino acid detected	R	neg	S	neg	neg	S	neg	S	S-R-S-S-S	1	No	S	R	S	S	S
ERR2089657	10	Dominant	Asia	0.5	R	I100L detected	indel(s) between 56th and 69th amino acid NOT detected	I	neg	S	ermB1	neg	R	tet(S/M)	R	R-I-S-R-R	4	Yes	R	R	S	R	R
ERR2089658	395	Rare	Asia	4	R	I100L detected	indel(s) between 56th and 69th amino acid detected	R	neg	S	neg	neg	S	neg	S	R-R-S-S-S	2	No	R	S	S	S	S
ERR2089659	5	Dominant	Asia	0.25	R	I100L NOT detected	indel(s) between 56th and 69th amino acid detected	I	neg	S	neg	neg	S	neg	S	R-I-S-S-S	2	No	R	R	S	S	S
ERR2089661	310	Rare	Asia	0.03	S	I100L NOT detected	indel(s) between 56th and 69th amino acid NOT detected	S	neg	S	neg	neg	S	neg	S	S-S-S-S-S	0	No	S	S	NA	S	S
ERR2089662	85	Intermediate	Asia	0.03	S	I100L detected	indel(s) between 56th and 69th amino acid detected	R	neg	S	neg	neg	S	neg	S	S-R-S-S-S	1	No	S	S	S	S	S
ERR2089663	84	Intermediate	Asia	0.5	R	I100L NOT detected	indel(s) between 56th and 69th amino acid NOT detected	S	neg	S	ermB1	neg	R	tetM	R	R-S-S-R-R	3	Yes	R	S	S	R	S
ERR2089664	1	Dominant	Asia	2	R	I100L detected	indel(s) between 56th and 69th amino acid detected	R	neg	S	neg	mef1	R	tetM	R	R-R-S-R-R	4	Yes	R	R	S	R	R
ERR2089665	185	Intermediate	Asia	2	R	I100L detected	indel(s) between 56th and 69th amino acid detected	R	neg	S	neg	neg	S	neg	S	R-R-S-S-S	2	No	R	R	S	S	S
ERR2089666	2	Dominant	Asia	0.03	S	I100L detected	indel(s) between 56th and 69th amino acid detected	R	neg	S	neg	neg	S	neg	S	S-R-S-S-S	1	No	NA	R	S	S	S
ERR2089672	39	Intermediate	Asia	0.03	S	I100L NOT detected	indel(s) between 56th and 69th amino acid NOT detected	S	neg	S	neg	neg	S	neg	S	S-S-S-S-S	0	No	NA	S	S	S	S
ERR2089675	2	Dominant	Asia	0.03	S	I100L detected	indel(s) between 56th and 69th amino acid detected	R	neg	S	neg	neg	S	neg	S	S-R-S-S-S	1	No	NA	S	S	S	S
ERR2089689	47	Dominant	Asia	0.12	R	I100L NOT detected	indel(s) between 56th and 69th amino acid detected	I	neg	S	ermB1	neg	R	tetM	R	R-I-S-R-R	4	Yes	R	S	S	R	R
ERR2089690	2	Dominant	Asia	0.03	S	I100L detected	indel(s) between 56th and 69th amino acid detected	R	neg	S	neg	neg	S	neg	S	S-R-S-S-S	1	No	NA	S	S	S	S
ERR2089691	85	Intermediate	Asia	0.03	S	I100L detected	indel(s) between 56th and 69th amino acid detected	R	neg	S	neg	neg	S	neg	S	S-R-S-S-S	1	No	NA	R	S	S	S
ERR2089692	47	Dominant	Asia	2	R	I100L NOT detected	indel(s) between 56th and 69th amino acid detected	I	neg	S	ermB1	neg	R	tetM	R	R-I-S-R-R	4	Yes	R	S	S	R	R
ERR2089693	50	Intermediate	Asia	0.03	S	I100L NOT detected	indel(s) between 56th and 69th amino acid detected	I	neg	S	neg	neg	S	neg	S	S-I-S-S-S	1	No	NA	S	S	S	S
ERR2089695	8	Dominant	Asia	0.12	S	I100L NOT detected	indel(s) between 56th and 69th amino acid detected	I	neg	S	neg	neg	S	neg	S	S-I-S-S-S	1	No	S	I	S	S	S
ERR2089696	13	Dominant	Asia	0.5	R	I100L NOT detected	indel(s) between 56th and 69th amino acid NOT detected	S	neg	S	neg	mef1	R	neg	S	R-S-S-R-S	2	No	R	S	S	R	S
ERR2089697	278	Rare	Asia	0.12	R	I100L NOT detected	indel(s) between 56th and 69th amino acid detected	I	neg	S	neg	neg	S	neg	S	R-I-S-S-S	2	No	R	S	S	S	S
ERR2089698	290	Rare	Asia	0.03	S	I100L NOT detected	indel(s) between 56th and 69th amino acid NOT detected	S	neg	S	neg	neg	S	neg	S	S-S-S-S-S	0	No	S	S	S	S	S
ERR2089699	6	Dominant	Asia	4	R	I100L detected	indel(s) between 56th and 69th amino acid detected	R	neg	S	neg	neg	S	neg	S	R-R-S-S-S	2	No	R	R	S	S	S
ERR2089700	191	Intermediate	Asia	0.03	S	I100L NOT detected	indel(s) between 56th and 69th amino acid NOT detected	S	neg	S	neg	neg	S	neg	S	S-S-S-S-S	0	No	S	S	S	S	S
ERR2089701	226	Rare	Asia	0.03	S	I100L NOT detected	indel(s) between 56th and 69th amino acid NOT detected	S	neg	S	neg	neg	S	neg	S	S-S-S-S-S	0	No	NA	S	S	S	S
ERR2089702	3	Dominant	Asia	0.12	R	I100L NOT detected	indel(s) between 56th and 69th amino acid NOT detected	S	neg	S	neg	neg	S	neg	S	R-S-S-S-S	1	No	R	S	S	S	S
ERR2089703	23	Dominant	Asia	2	R	I100L NOT detected	indel(s) between 56th and 69th amino acid detected	I	neg	S	neg	mef1	R	neg	S	R-I-S-R-S	3	Yes	R	R	S	R	S
ERR2089704	5	Dominant	Asia	0.25	R	I100L NOT detected	indel(s) between 56th and 69th amino acid NOT detected	S	neg	S	neg	neg	S	neg	S	R-S-S-S-S	1	No	R	R	R	S	S
ERR2089705	95	Intermediate	Asia	0.03	S	I100L NOT detected	indel(s) between 56th and 69th amino acid NOT detected	S	neg	S	neg	neg	S	neg	S	S-S-S-S-S	0	No	NA	S	S	S	S
ERR2089706	5	Dominant	Asia	0.25	R	I100L NOT detected	indel(s) between 56th and 69th amino acid detected	I	neg	S	neg	neg	S	neg	S	R-I-S-S-S	2	No	R	S	S	S	S
ERR2089707	13	Dominant	Asia	0.5	R	I100L NOT detected	indel(s) between 56th and 69th amino acid NOT detected	S	neg	S	neg	mef1	R	neg	S	R-S-S-R-S	2	No	R	S	S	R	S
ERR2089708	6	Dominant	Asia	4	R	I100L detected	indel(s) between 56th and 69th amino acid detected	R	neg	S	neg	neg	S	neg	S	R-R-S-S-S	2	No	R	R	S	S	S
ERR2089789	6	Dominant	Asia	2	R	I100L detected	indel(s) between 56th and 69th amino acid detected	R	neg	S	neg	neg	S	neg	S	R-R-S-S-S	2	No	R	R	S	S	S
ERR2089790	8	Dominant	Asia	0.03	S	I100L NOT detected	indel(s) between 56th and 69th amino acid detected	I	neg	S	neg	neg	S	neg	S	S-I-S-S-S	1	No	S	S	S	S	S
ERR2089791	8	Dominant	Asia	0.03	S	I100L NOT detected	indel(s) between 56th and 69th amino acid detected	I	neg	S	neg	neg	S	neg	S	S-I-S-S-S	1	No	NA	S	S	S	S
ERR2089792	26	Dominant	Asia	0.03	S	I100L NOT detected	indel(s) between 56th and 69th amino acid detected	I	cat1	R	neg	neg	S	tetM	R	S-I-R-S-R	3	Yes	NA	S	R	S	R
ERR2089793	13	Dominant	Asia	0.5	R	I100L NOT detected	indel(s) between 56th and 69th amino acid NOT detected	S	neg	S	neg	mef1	R	neg	S	R-S-S-R-S	2	No	R	S	S	R	S
ERR2089794	47	Dominant	Asia	0.12	R	I100L NOT detected	indel(s) between 56th and 69th amino acid detected	I	neg	S	ermB1	neg	R	tetM	R	R-I-S-R-R	4	Yes	R	S	NA	R	R
ERR2089795	8	Dominant	Asia	0.03	S	I100L NOT detected	indel(s) between 56th and 69th amino acid detected	I	neg	S	neg	neg	S	neg	S	S-I-S-S-S	1	No	S	S	S	S	S
ERR2089798	113	Intermediate	Asia	2	R	I100L detected	indel(s) between 56th and 69th amino acid detected	R	neg	S	neg	neg	S	neg	S	R-R-S-S-S	2	No	R	R	S	S	S
ERR2089799	2	Dominant	Asia	0.03	S	I100L detected	indel(s) between 56th and 69th amino acid detected	R	neg	S	neg	neg	S	neg	S	S-R-S-S-S	1	No	NA	S	S	S	S
ERR2089800	2	Dominant	Asia	0.03	S	I100L NOT detected	indel(s) between 56th and 69th amino acid detected	I	neg	S	neg	neg	S	neg	S	S-I-S-S-S	1	No	NA	I	S	S	S
ERR2089801	3	Dominant	Asia	0.12	R	I100L NOT detected	indel(s) between 56th and 69th amino acid NOT detected	S	neg	S	neg	neg	S	neg	S	R-S-S-S-S	1	No	R	S	S	S	S
ERR2089803	10	Dominant	Asia	2	R	I100L detected	indel(s) between 56th and 69th amino acid NOT detected	I	neg	S	ermB1	neg	R	tet(S/M)	R	R-I-S-R-R	4	Yes	R	R	S	R	R
ERR2089825	343	Rare	Asia	0.12	R	I100L NOT detected	indel(s) between 56th and 69th amino acid NOT detected	S	neg	S	neg	neg	S	neg	S	R-S-S-S-S	1	No	R	S	S	S	S
ERR2089826	31	Dominant	Asia	0.03	S	I100L NOT detected	indel(s) between 56th and 69th amino acid NOT detected	S	neg	S	neg	neg	S	neg	S	S-S-S-S-S	0	No	NA	S	S	S	S
ERR2089827	5	Dominant	Asia	2	R	I100L NOT detected	indel(s) between 56th and 69th amino acid detected	I	neg	S	neg	neg	S	neg	S	R-I-S-S-S	2	No	R	S	S	S	S
ERR2089828	5	Dominant	Asia	2	R	I100L NOT detected	indel(s) between 56th and 69th amino acid detected	I	neg	S	neg	neg	S	neg	S	R-I-S-S-S	2	No	R	S	S	S	S
ERR2089829	262	Rare	Asia	0.03	S	I100L NOT detected	indel(s) between 56th and 69th amino acid NOT detected	S	neg	S	neg	neg	S	neg	S	S-S-S-S-S	0	No	NA	S	S	S	S
ERR2089830	1	Dominant	Asia	1	R	I100L detected	indel(s) between 56th and 69th amino acid detected	R	neg	S	neg	mef1	R	tetM	R	R-R-S-R-R	4	Yes	R	R	S	R	R
ERR2089831	213	Rare	Asia	2	R	I100L NOT detected	indel(s) between 56th and 69th amino acid NOT detected	S	neg	S	neg	neg	S	neg	S	R-S-S-S-S	1	No	R	S	S	S	S
ERR2089832	23	Dominant	Asia	2	R	I100L detected	indel(s) between 56th and 69th amino acid detected	R	cat1	R	ermB1	neg	R	tetM	R	R-R-R-R-R	5	Yes	R	S	R	R	R
ERR2089833	6	Dominant	Asia	0.03	S	I100L detected	indel(s) between 56th and 69th amino acid detected	R	neg	S	neg	neg	S	neg	S	S-R-S-S-S	1	No	NA	S	S	S	S
ERR2089834	262	Rare	Asia	0.03	S	I100L NOT detected	indel(s) between 56th and 69th amino acid NOT detected	S	neg	S	neg	neg	S	neg	S	S-S-S-S-S	0	No	NA	S	S	S	S
ERR2089835	5	Dominant	Asia	0.25	R	I100L NOT detected	indel(s) between 56th and 69th amino acid detected	I	neg	S	neg	neg	S	neg	S	R-I-S-S-S	2	No	R	S	S	S	S
ERR2089836	1	Dominant	Asia	0.03	S	I100L NOT detected	indel(s) between 56th and 69th amino acid NOT detected	S	neg	S	neg	neg	S	neg	S	S-S-S-S-S	0	No	NA	S	S	S	S
ERR2089837	43	Dominant	Asia	0.03	S	I100L NOT detected	indel(s) between 56th and 69th amino acid detected	I	neg	S	neg	mef1	R	tetM	R	S-I-S-R-R	3	Yes	NA	S	S	R	I
ERR2089838	6	Dominant	Asia	4	R	I100L detected	indel(s) between 56th and 69th amino acid detected	R	neg	S	neg	neg	S	neg	S	R-R-S-S-S	2	No	R	R	S	S	S
ERR2089839	47	Dominant	Asia	2	R	I100L NOT detected	indel(s) between 56th and 69th amino acid detected	I	neg	S	ermB1	neg	R	tetM	R	R-I-S-R-R	4	Yes	R	S	S	R	S
ERR2089840	9	Dominant	Asia	2	R	I100L NOT detected	indel(s) between 56th and 69th amino acid NOT detected	S	neg	S	ermB1	neg	R	tetM	R	R-S-S-R-R	3	Yes	NA	S	S	R	R
ERR2089841	47	Dominant	Asia	2	R	I100L NOT detected	indel(s) between 56th and 69th amino acid NOT detected	S	neg	S	ermB1	neg	R	tetM	R	R-S-S-R-R	3	Yes	NA	S	S	R	R
ERR2089842	6	Dominant	Asia	0.03	S	I100L detected	indel(s) between 56th and 69th amino acid detected	R	neg	S	neg	neg	S	neg	S	S-R-S-S-S	1	No	NA	S	S	S	R
ERR2089843	67	Intermediate	Asia	0.03	S	I100L NOT detected	indel(s) between 56th and 69th amino acid NOT detected	S	neg	S	neg	neg	S	neg	S	S-S-S-S-S	0	No	NA	S	S	S	S
ERR2089844	580	Rare	Asia	0.25	R	I100L NOT detected	indel(s) between 56th and 69th amino acid detected	I	neg	S	neg	neg	S	neg	S	R-I-S-S-S	2	No	R	I	S	S	S
ERR2089845	5	Dominant	Asia	2	R	I100L detected	indel(s) between 56th and 69th amino acid detected	R	neg	S	neg	neg	S	neg	S	R-R-S-S-S	2	No	R	R	S	S	S
ERR2089846	85	Intermediate	Asia	0.03	S	I100L detected	indel(s) between 56th and 69th amino acid detected	R	neg	S	neg	neg	S	neg	S	S-R-S-S-S	1	No	NA	S	S	S	S
ERR2089847	6	Dominant	Asia	2	R	I100L detected	indel(s) between 56th and 69th amino acid detected	R	neg	S	neg	neg	S	neg	S	R-R-S-S-S	2	No	R	I	S	S	S
ERR2089848	26	Dominant	Asia	0.03	S	I100L detected	indel(s) between 56th and 69th amino acid detected	R	cat1	R	neg	neg	S	tetM	R	S-R-R-S-R	3	Yes	NA	R	R	S	S
ERR2089849	8	Dominant	Asia	0.03	S	I100L NOT detected	indel(s) between 56th and 69th amino acid detected	I	neg	S	neg	neg	S	neg	S	S-I-S-S-S	1	No	NA	S	S	S	S
ERR2089850	8	Dominant	Asia	0.03	S	I100L NOT detected	indel(s) between 56th and 69th amino acid detected	I	neg	S	neg	neg	S	neg	S	S-I-S-S-S	1	No	NA	S	S	S	S
ERR2089851	8	Dominant	Asia	0.03	S	I100L NOT detected	indel(s) between 56th and 69th amino acid detected	I	neg	S	neg	neg	S	neg	S	S-I-S-S-S	1	No	NA	S	S	S	S
ERR2089853	67	Intermediate	Asia	0.03	S	I100L NOT detected	indel(s) between 56th and 69th amino acid NOT detected	S	neg	S	neg	neg	S	neg	S	S-S-S-S-S	0	No	NA	S	S	S	S
ERR2089855	67	Intermediate	Asia	0.03	S	I100L NOT detected	indel(s) between 56th and 69th amino acid NOT detected	S	neg	S	neg	neg	S	neg	S	S-S-S-S-S	0	No	NA	S	S	S	S
ERR2089856	6	Dominant	Asia	4	R	I100L detected	indel(s) between 56th and 69th amino acid detected	R	neg	S	neg	neg	S	neg	S	R-R-S-S-S	2	No	R	R	S	S	S
ERR2089857	150	Intermediate	Asia	0.12	R	I100L NOT detected	indel(s) between 56th and 69th amino acid NOT detected	S	neg	S	neg	neg	S	neg	S	R-S-S-S-S	1	No	R	S	S	S	S
ERR2089860	85	Intermediate	Asia	0.03	S	I100L detected	indel(s) between 56th and 69th amino acid detected	R	neg	S	neg	neg	S	neg	S	S-R-S-S-S	1	No	NA	S	S	S	S
ERR2089710	8	Dominant	Asia	0.03	S	I100L NOT detected	indel(s) between 56th and 69th amino acid detected	I	neg	S	neg	neg	S	neg	S	S-I-S-S-S	1	No	S	S	S	S	S
ERR2089711	3	Dominant	Asia	0.12	R	I100L detected	indel(s) between 56th and 69th amino acid detected	R	neg	S	neg	neg	S	neg	S	R-R-S-S-S	2	No	R	R	S	S	S
ERR2089712	278	Rare	Asia	0.12	R	I100L NOT detected	indel(s) between 56th and 69th amino acid detected	I	neg	S	neg	neg	S	neg	S	R-I-S-S-S	2	No	R	S	S	S	S
ERR2089713	67	Intermediate	Asia	0.03	S	I100L NOT detected	indel(s) between 56th and 69th amino acid detected	I	neg	S	neg	neg	S	tetM	R	S-I-S-S-R	2	No	NA	S	S	S	S
ERR2089714	43	Dominant	Asia	0.03	S	I100L NOT detected	indel(s) between 56th and 69th amino acid detected	I	neg	S	neg	neg	S	neg	S	S-I-S-S-S	1	No	NA	S	S	S	S
ERR2089715	8	Dominant	Asia	0.03	S	I100L NOT detected	indel(s) between 56th and 69th amino acid detected	I	neg	S	neg	neg	S	neg	S	S-I-S-S-S	1	No	NA	S	S	S	S
ERR2089716	47	Dominant	Asia	2	R	I100L NOT detected	indel(s) between 56th and 69th amino acid detected	I	neg	S	ermB1	neg	R	tetM	R	R-I-S-R-R	4	Yes	R	S	S	R	R
ERR2089717	8	Dominant	Asia	0.03	S	I100L NOT detected	indel(s) between 56th and 69th amino acid detected	I	neg	S	neg	neg	S	neg	S	S-I-S-S-S	1	No	S	S	S	S	S
ERR2089718	47	Dominant	Asia	2	R	I100L NOT detected	indel(s) between 56th and 69th amino acid detected	I	neg	S	ermB1	neg	R	tetM	R	R-I-S-R-R	4	Yes	R	S	S	R	R
ERR2089721	47	Dominant	Asia	2	R	I100L NOT detected	indel(s) between 56th and 69th amino acid detected	I	neg	S	ermB1	neg	R	tetM	R	R-I-S-R-R	4	Yes	NA	NA	S	S	NA
ERR2089722	43	Dominant	Asia	0.03	S	I100L NOT detected	indel(s) between 56th and 69th amino acid detected	I	neg	S	neg	mef1	R	tetM	R	S-I-S-R-R	3	Yes	NA	I	R	R	R
ERR2089723	343	Rare	Asia	0.12	R	I100L NOT detected	indel(s) between 56th and 69th amino acid NOT detected	S	neg	S	neg	neg	S	neg	S	R-S-S-S-S	1	No	NA	NA	NA	NA	NA
ERR2089724	5	Dominant	Asia	0.25	R	I100L NOT detected	indel(s) between 56th and 69th amino acid NOT detected	S	neg	S	neg	neg	S	neg	S	R-S-S-S-S	1	No	R	R	S	S	S
ERR2089725	70	Intermediate	Asia	0.03	S	I100L NOT detected	indel(s) between 56th and 69th amino acid NOT detected	S	neg	S	neg	neg	S	neg	S	S-S-S-S-S	0	No	NA	S	S	S	S
ERR2089726	26	Dominant	Asia	0.03	S	I100L detected	indel(s) between 56th and 69th amino acid detected	R	cat1	R	neg	neg	S	tetM	R	S-R-R-S-R	3	Yes	S	R	R	S	R
ERR2089727	16	Dominant	Asia	0.03	S	I100L NOT detected	indel(s) between 56th and 69th amino acid NOT detected	S	neg	S	neg	neg	S	neg	S	S-S-S-S-S	0	No	NA	S	S	S	S
ERR2089728	185	Intermediate	Asia	1	R	I100L NOT detected	indel(s) between 56th and 69th amino acid NOT detected	S	neg	S	neg	neg	S	neg	S	R-S-S-S-S	1	No	R	S	S	R	S
ERR2089729	191	Intermediate	Asia	0.03	S	I100L NOT detected	indel(s) between 56th and 69th amino acid NOT detected	S	neg	S	neg	neg	S	neg	S	S-S-S-S-S	0	No	NA	S	S	R	S
ERR2089730	226	Rare	Asia	0.03	S	I100L NOT detected	indel(s) between 56th and 69th amino acid NOT detected	S	neg	S	neg	neg	S	neg	S	S-S-S-S-S	0	No	NA	S	S	S	S
ERR2089731	55	Intermediate	Asia	0.12	R	I100L NOT detected	indel(s) between 56th and 69th amino acid NOT detected	S	neg	S	neg	neg	S	neg	S	R-S-S-S-S	1	No	R	S	S	S	R
ERR2089732	26	Dominant	Asia	0.03	S	I100L detected	indel(s) between 56th and 69th amino acid detected	R	cat1	R	neg	neg	S	tetM	R	S-R-R-S-R	3	Yes	NA	R	R	S	R
ERR2089733	43	Dominant	Asia	0.03	S	I100L NOT detected	indel(s) between 56th and 69th amino acid detected	I	neg	S	neg	neg	S	neg	S	S-I-S-S-S	1	No	S	S	S	S	S
ERR2089735	3	Dominant	Asia	0.03	S	I100L NOT detected	indel(s) between 56th and 69th amino acid NOT detected	S	neg	S	neg	neg	S	neg	S	S-S-S-S-S	0	No	NA	NA	S	S	S
ERR2089736	55	Intermediate	Asia	0.12	R	I100L NOT detected	indel(s) between 56th and 69th amino acid NOT detected	S	neg	S	neg	neg	S	neg	S	R-S-S-S-S	1	No	R	S	S	S	S
ERR2089737	2	Dominant	Asia	0.03	S	I100L NOT detected	indel(s) between 56th and 69th amino acid detected	I	neg	S	neg	neg	S	neg	S	S-I-S-S-S	1	No	NA	S	S	S	S
ERR2089746	13	Dominant	Asia	0.5	R	I100L NOT detected	indel(s) between 56th and 69th amino acid NOT detected	S	neg	S	neg	mef1	R	neg	S	R-S-S-R-S	2	No	R	S	S	R	I
ERR2089747	39	Intermediate	Asia	0.03	S	I100L NOT detected	indel(s) between 56th and 69th amino acid NOT detected	S	neg	S	neg	neg	S	neg	S	S-S-S-S-S	0	No	NA	S	S	S	I
ERR2089748	13	Dominant	Asia	0.5	R	I100L NOT detected	indel(s) between 56th and 69th amino acid NOT detected	S	neg	S	neg	mef1	R	neg	S	R-S-S-R-S	2	No	R	S	S	R	S
ERR2089749	13	Dominant	Asia	0.5	R	I100L NOT detected	indel(s) between 56th and 69th amino acid NOT detected	S	neg	S	neg	mef1	R	neg	S	R-S-S-R-S	2	No	R	S	S	R	S
ERR2089750	68	Intermediate	Asia	0.03	S	I100L NOT detected	indel(s) between 56th and 69th amino acid NOT detected	S	neg	S	neg	neg	S	neg	S	S-S-S-S-S	0	No	NA	S	S	S	S
ERR2089751	44	Intermediate	Asia	0.5	R	I100L NOT detected	indel(s) between 56th and 69th amino acid NOT detected	S	neg	S	neg	neg	S	neg	S	R-S-S-S-S	1	No	R	S	S	S	I
ERR2089752	29	Intermediate	Asia	0.03	S	I100L NOT detected	indel(s) between 56th and 69th amino acid NOT detected	S	neg	S	neg	neg	S	neg	S	S-S-S-S-S	0	No	NA	S	S	S	S
ERR2089753	26	Dominant	Asia	0.03	S	I100L NOT detected	indel(s) between 56th and 69th amino acid detected	I	cat1	R	neg	neg	S	tetM	R	S-I-R-S-R	3	Yes	NA	I	R	S	R
ERR2089754	7	Dominant	Asia	0.03	S	I100L NOT detected	indel(s) between 56th and 69th amino acid NOT detected	S	neg	S	neg	neg	S	neg	S	S-S-S-S-S	0	No	NA	R	S	S	I
ERR2089755	11	Dominant	Asia	0.03	S	I100L NOT detected	indel(s) between 56th and 69th amino acid detected	I	neg	S	neg	neg	S	neg	S	S-I-S-S-S	1	No	NA	S	S	S	I
ERR2089756	3	Dominant	Asia	0.03	S	I100L NOT detected	indel(s) between 56th and 69th amino acid NOT detected	S	neg	S	neg	neg	S	neg	S	S-S-S-S-S	0	No	NA	S	S	S	I
ERR2089757	32	Dominant	Asia	0.03	S	I100L NOT detected	indel(s) between 56th and 69th amino acid NOT detected	S	neg	S	neg	neg	S	neg	S	S-S-S-S-S	0	No	NA	S	S	S	I
ERR2089758	50	Intermediate	Asia	0.03	S	I100L NOT detected	indel(s) between 56th and 69th amino acid detected	I	neg	S	neg	neg	S	neg	S	S-I-S-S-S	1	No	NA	I	S	S	I
ERR2089759	47	Dominant	Asia	2	R	I100L NOT detected	indel(s) between 56th and 69th amino acid detected	I	neg	S	ermB1	neg	R	tetM	R	R-I-S-R-R	4	Yes	R	I	S	R	R
ERR2089760	5	Dominant	Asia	0.25	R	I100L NOT detected	indel(s) between 56th and 69th amino acid detected	I	neg	S	neg	mef1	R	neg	S	R-I-S-R-S	3	Yes	R	S	S	I	S
ERR2089761	1	Dominant	Asia	2	R	I100L detected	indel(s) between 56th and 69th amino acid detected	R	neg	S	neg	mef1	R	tetM	R	R-R-S-R-R	4	Yes	R	S	S	I	R
ERR2089762	1	Dominant	Asia	2	R	I100L detected	indel(s) between 56th and 69th amino acid detected	R	neg	S	neg	mef1	R	tetM	R	R-R-S-R-R	4	Yes	R	I	S	I	R
ERR2089763	27	Dominant	Asia	0.12	R	I100L NOT detected	indel(s) between 56th and 69th amino acid NOT detected	S	neg	S	neg	neg	S	neg	S	R-S-S-S-S	1	No	S	S	S	S	S
ERR2089764	10	Dominant	Asia	0.06	S	I100L NOT detected	indel(s) between 56th and 69th amino acid NOT detected	S	neg	S	neg	neg	S	tetM	R	S-S-S-S-R	1	No	R	S	S	S	R
ERR2089765	47	Dominant	Asia	0.12	R	I100L NOT detected	indel(s) between 56th and 69th amino acid detected	I	neg	S	ermB1	neg	R	tetM	R	R-I-S-R-R	4	Yes	R	S	S	R	R
ERR2089766	72	Intermediate	Asia	0.03	S	I100L NOT detected	indel(s) between 56th and 69th amino acid NOT detected	S	neg	S	neg	neg	S	neg	S	S-S-S-S-S	0	No	NA	S	S	S	S
ERR2089767	38	Intermediate	Asia	0.03	S	I100L NOT detected	indel(s) between 56th and 69th amino acid NOT detected	S	neg	S	neg	neg	S	neg	S	S-S-S-S-S	0	No	NA	S	S	S	S
ERR2089768	6	Dominant	Asia	2	R	I100L detected	indel(s) between 56th and 69th amino acid detected	R	neg	S	neg	mef1	R	neg	S	R-R-S-R-S	3	Yes	R	R	S	R	S
ERR2089769	5	Dominant	Asia	1	R	I100L NOT detected	indel(s) between 56th and 69th amino acid detected	I	neg	S	neg	neg	S	neg	S	R-I-S-S-S	2	No	R	S	S	S	S
ERR2089770	5	Dominant	Asia	0.25	R	I100L NOT detected	indel(s) between 56th and 69th amino acid detected	I	neg	S	neg	neg	S	neg	S	R-I-S-S-S	2	No	R	S	S	S	S
ERR2089771	26	Dominant	Asia	0.03	S	I100L detected	indel(s) between 56th and 69th amino acid detected	R	cat1	R	neg	neg	S	tetM	R	S-R-R-S-R	3	Yes	NA	R	R	S	R
ERR2089772	185	Intermediate	Asia	0.5	R	I100L NOT detected	indel(s) between 56th and 69th amino acid detected	I	neg	S	neg	neg	S	neg	S	R-I-S-S-S	2	No	R	I	S	S	R
ERR2089773	31	Dominant	Asia	0.03	S	I100L NOT detected	indel(s) between 56th and 69th amino acid detected	I	neg	S	neg	neg	S	neg	S	S-I-S-S-S	1	No	NA	I	S	S	S
ERR2089774	2	Dominant	Asia	0.03	S	I100L NOT detected	indel(s) between 56th and 69th amino acid detected	I	neg	S	neg	neg	S	neg	S	S-I-S-S-S	1	No	NA	R	S	S	S
ERR2089775	47	Dominant	Asia	1	R	I100L detected	indel(s) between 56th and 69th amino acid detected	R	neg	S	ermB1	neg	R	tetM	R	R-R-S-R-R	4	Yes	R	R	S	R	S
ERR2089776	3	Dominant	Asia	0.03	S	I100L NOT detected	indel(s) between 56th and 69th amino acid NOT detected	S	neg	S	neg	neg	S	neg	S	S-S-S-S-S	0	No	NA	S	S	S	S
ERR2089777	7	Dominant	Asia	0.03	S	I100L NOT detected	indel(s) between 56th and 69th amino acid NOT detected	S	neg	S	neg	neg	S	neg	S	S-S-S-S-S	0	No	NA	R	S	S	S
ERR2089778	2	Dominant	Asia	0.03	S	I100L NOT detected	indel(s) between 56th and 69th amino acid detected	I	neg	S	neg	neg	S	neg	S	S-I-S-S-S	1	No	NA	R	S	S	S
ERR2089779	198	Intermediate	Asia	0.03	S	I100L NOT detected	indel(s) between 56th and 69th amino acid NOT detected	S	neg	S	neg	neg	S	neg	S	S-S-S-S-S	0	No	NA	S	S	S	S
ERR2089780	31	Dominant	Asia	0.03	S	I100L NOT detected	indel(s) between 56th and 69th amino acid NOT detected	S	neg	S	neg	neg	S	neg	S	S-S-S-S-S	0	No	NA	I	S	S	I
ERR2089781	50	Intermediate	Asia	0.03	S	I100L NOT detected	indel(s) between 56th and 69th amino acid NOT detected	S	neg	S	neg	neg	S	neg	S	S-S-S-S-S	0	No	NA	S	S	S	S
ERR2089782	55	Intermediate	Asia	0.12	R	I100L NOT detected	indel(s) between 56th and 69th amino acid NOT detected	S	neg	S	neg	neg	S	neg	S	R-S-S-S-S	1	No	R	I	S	S	I
ERR2089783	44	Intermediate	Asia	0.06	S	I100L NOT detected	indel(s) between 56th and 69th amino acid NOT detected	S	neg	S	ermB1	neg	R	tetM	R	S-S-S-R-R	2	No	S	S	S	R	R
ERR2089784	9	Dominant	Asia	0.25	R	I100L NOT detected	indel(s) between 56th and 69th amino acid NOT detected	S	neg	S	ermB1	neg	R	tetM	R	R-S-S-R-R	3	Yes	R	R	S	R	R
ERR2089786	226	Rare	Asia	0.03	S	I100L NOT detected	indel(s) between 56th and 69th amino acid NOT detected	S	neg	S	neg	neg	S	neg	S	S-S-S-S-S	0	No	NA	S	S	S	S
ERR2090393	96	Intermediate	Asia	0.03	S	I100L NOT detected	indel(s) between 56th and 69th amino acid NOT detected	S	neg	S	neg	neg	S	neg	S	S-S-S-S-S	0	No	NA	S	S	S	I
ERR2090394	70	Intermediate	Asia	0.03	S	I100L NOT detected	indel(s) between 56th and 69th amino acid NOT detected	S	neg	S	neg	neg	S	neg	S	S-S-S-S-S	0	No	NA	S	S	S	S
ERR2090395	312	Rare	Asia	0.12	R	I100L detected	indel(s) between 56th and 69th amino acid detected	R	neg	S	neg	neg	S	neg	S	R-R-S-S-S	2	No	R	R	S	S	S
ERR2090396	3	Dominant	Asia	0.12	R	I100L NOT detected	indel(s) between 56th and 69th amino acid NOT detected	S	neg	S	neg	neg	S	neg	S	R-S-S-S-S	1	No	R	I	S	S	I
ERR2090397	11	Dominant	Asia	0.03	S	I100L NOT detected	indel(s) between 56th and 69th amino acid detected	I	neg	S	neg	neg	S	neg	S	S-I-S-S-S	1	No	NA	S	S	S	I
ERR2090398	83	Intermediate	Asia	0.03	S	I100L NOT detected	indel(s) between 56th and 69th amino acid NOT detected	S	neg	S	neg	neg	S	neg	S	S-S-S-S-S	0	No	NA	S	S	S	S
ERR2090399	2	Dominant	Asia	0.03	S	I100L detected	indel(s) between 56th and 69th amino acid detected	R	neg	S	neg	neg	S	neg	S	S-R-S-S-S	1	No	NA	R	S	S	S
ERR2090400	31	Dominant	Asia	0.03	S	I100L NOT detected	indel(s) between 56th and 69th amino acid NOT detected	S	neg	S	neg	neg	S	neg	S	S-S-S-S-S	0	No	NA	S	S	S	S
ERR2090401	11	Dominant	Asia	0.5	R	I100L NOT detected	indel(s) between 56th and 69th amino acid NOT detected	S	neg	S	neg	neg	S	neg	S	R-S-S-S-S	1	No	R	S	S	S	I
ERR2090402	2	Dominant	Asia	0.03	S	I100L NOT detected	indel(s) between 56th and 69th amino acid detected	I	neg	S	neg	neg	S	neg	S	S-I-S-S-S	1	No	NA	I	S	S	I
ERR2090403	38	Intermediate	Asia	0.12	R	I100L NOT detected	indel(s) between 56th and 69th amino acid NOT detected	S	neg	S	neg	mef1	R	tetM	R	R-S-S-R-R	3	Yes	R	S	S	R	R
ERR2090404	2	Dominant	Asia	0.03	S	I100L NOT detected	indel(s) between 56th and 69th amino acid detected	I	neg	S	neg	neg	S	neg	S	S-I-S-S-S	1	No	NA	S	S	S	I
ERR2090405	8	Dominant	Asia	0.03	S	I100L NOT detected	indel(s) between 56th and 69th amino acid detected	I	neg	S	neg	neg	S	neg	S	S-I-S-S-S	1	No	S	S	S	S	S
ERR2090406	1	Dominant	Asia	2	R	I100L detected	indel(s) between 56th and 69th amino acid detected	R	neg	S	neg	mef1	R	tetM	R	R-R-S-R-R	4	Yes	R	R	S	R	R
ERR2090407	31	Dominant	Asia	0.03	S	I100L NOT detected	indel(s) between 56th and 69th amino acid NOT detected	S	neg	S	neg	neg	S	neg	S	S-S-S-S-S	0	No	NA	S	S	S	S
ERR2090408	31	Dominant	Asia	0.03	S	I100L NOT detected	indel(s) between 56th and 69th amino acid NOT detected	S	neg	S	neg	neg	S	neg	S	S-S-S-S-S	0	No	NA	S	S	S	S
ERR2090409	220	Rare	Asia	0.03	S	I100L NOT detected	indel(s) between 56th and 69th amino acid NOT detected	S	neg	S	neg	neg	S	neg	S	S-S-S-S-S	0	No	NA	S	S	S	S
ERR2090410	38	Intermediate	Asia	0.12	R	I100L NOT detected	indel(s) between 56th and 69th amino acid NOT detected	S	neg	S	neg	mef1	R	tetM	R	R-S-S-R-R	3	Yes	R	S	S	R	R
ERR2090411	47	Dominant	Asia	2	R	I100L NOT detected	indel(s) between 56th and 69th amino acid detected	I	neg	S	ermB1	neg	R	tetM	R	R-I-S-R-R	4	Yes	R	S	S	R	R
ERR2090412	47	Dominant	Asia	2	R	I100L NOT detected	indel(s) between 56th and 69th amino acid detected	I	neg	S	ermB1	neg	R	tetM	R	R-I-S-R-R	4	Yes	R	S	S	R	R
ERR2090413	8	Dominant	Asia	0.12	S	I100L NOT detected	indel(s) between 56th and 69th amino acid detected	I	neg	S	neg	neg	S	neg	S	S-I-S-S-S	1	No	S	R	S	S	S
ERR2090414	8	Dominant	Asia	0.12	S	I100L NOT detected	indel(s) between 56th and 69th amino acid detected	I	neg	S	neg	neg	S	neg	S	S-I-S-S-S	1	No	S	R	S	S	S
ERR2090415	2	Dominant	Asia	0.03	S	I100L NOT detected	indel(s) between 56th and 69th amino acid detected	I	neg	S	neg	neg	S	neg	S	S-I-S-S-S	1	No	NA	I	S	S	S
ERR2090417	55	Intermediate	Asia	0.12	R	I100L NOT detected	indel(s) between 56th and 69th amino acid NOT detected	S	neg	S	neg	neg	S	neg	S	R-S-S-S-S	1	No	R	S	S	S	S
ERR2090419	11	Dominant	Asia	0.5	R	I100L NOT detected	indel(s) between 56th and 69th amino acid NOT detected	S	neg	S	neg	neg	S	neg	S	R-S-S-S-S	1	No	R	S	S	S	I
ERR2090420	27	Dominant	Asia	0.12	R	I100L NOT detected	indel(s) between 56th and 69th amino acid NOT detected	S	neg	S	neg	neg	S	neg	S	R-S-S-S-S	1	No	S	S	S	S	S
ERR2090421	67	Intermediate	Asia	0.03	S	I100L NOT detected	indel(s) between 56th and 69th amino acid detected	I	neg	S	neg	neg	S	tetM	R	S-I-S-S-R	2	No	NA	I	S	S	S
ERR2090422	344	Rare	Asia	0.03	S	I100L NOT detected	indel(s) between 56th and 69th amino acid NOT detected	S	neg	S	neg	neg	S	neg	S	S-S-S-S-S	0	No	NA	S	S	S	S
ERR2090423	13	Dominant	Asia	0.5	R	I100L NOT detected	indel(s) between 56th and 69th amino acid NOT detected	S	neg	S	neg	mef1	R	neg	S	R-S-S-R-S	2	No	R	S	S	R	S
ERR2090424	139	Intermediate	Asia	0.03	S	I100L NOT detected	indel(s) between 56th and 69th amino acid NOT detected	S	neg	S	neg	neg	S	tetM	R	S-S-S-S-R	1	No	NA	S	S	S	R
ERR2091298	31	Dominant	Asia	0.03	S	I100L NOT detected	indel(s) between 56th and 69th amino acid NOT detected	S	neg	S	neg	neg	S	neg	S	S-S-S-S-S	0	No	NA	I	S	S	S
ERR2090425	2	Dominant	Asia	0.03	S	I100L NOT detected	indel(s) between 56th and 69th amino acid detected	I	neg	S	neg	neg	S	neg	S	S-I-S-S-S	1	No	NA	R	S	S	I
ERR2090426	50	Intermediate	Asia	0.03	S	I100L NOT detected	indel(s) between 56th and 69th amino acid NOT detected	S	neg	S	neg	neg	S	neg	S	S-S-S-S-S	0	No	NA	S	S	S	S
ERR2090429	31	Dominant	Asia	0.03	S	I100L NOT detected	indel(s) between 56th and 69th amino acid NOT detected	S	neg	S	neg	neg	S	neg	S	S-S-S-S-S	0	No	NA	S	S	S	I
ERR2090433	8	Dominant	Asia	0.12	S	I100L NOT detected	indel(s) between 56th and 69th amino acid detected	I	neg	S	neg	neg	S	neg	S	S-I-S-S-S	1	No	S	R	S	S	S
ERR2090435	31	Dominant	Asia	0.03	S	I100L NOT detected	indel(s) between 56th and 69th amino acid NOT detected	S	neg	S	neg	neg	S	neg	S	S-S-S-S-S	0	No	NA	S	S	S	S
ERR2090436	8	Dominant	Asia	0.12	S	I100L NOT detected	indel(s) between 56th and 69th amino acid detected	I	neg	S	neg	neg	S	neg	S	S-I-S-S-S	1	No	S	R	S	S	S
ERR2090438	31	Dominant	Asia	0.03	S	I100L NOT detected	indel(s) between 56th and 69th amino acid NOT detected	S	neg	S	neg	neg	S	neg	S	S-S-S-S-S	0	No	NA	S	S	S	I
ERR2090439	2	Dominant	Asia	0.03	S	I100L NOT detected	indel(s) between 56th and 69th amino acid detected	I	neg	S	neg	neg	S	neg	S	S-I-S-S-S	1	No	NA	R	S	S	I
ERR2090441	55	Intermediate	Asia	0.12	R	I100L NOT detected	indel(s) between 56th and 69th amino acid NOT detected	S	neg	S	neg	neg	S	neg	S	R-S-S-S-S	1	No	R	S	S	S	S
ERR2090552	56	Intermediate	Asia	0.03	S	I100L NOT detected	indel(s) between 56th and 69th amino acid NOT detected	S	neg	S	neg	neg	S	neg	S	S-S-S-S-S	0	No	NA	I	S	S	R
ERR2090553	8	Dominant	Asia	0.12	S	I100L NOT detected	indel(s) between 56th and 69th amino acid detected	I	neg	S	neg	neg	S	neg	S	S-I-S-S-S	1	No	S	R	S	S	S
ERR2090555	2	Dominant	Asia	0.03	S	I100L NOT detected	indel(s) between 56th and 69th amino acid detected	I	neg	S	neg	neg	S	neg	S	S-I-S-S-S	1	No	NA	R	S	S	S
ERR2090556	2	Dominant	Asia	0.03	S	I100L NOT detected	indel(s) between 56th and 69th amino acid detected	I	neg	S	neg	neg	S	neg	S	S-I-S-S-S	1	No	NA	R	S	S	S
ERR2090557	16	Dominant	Asia	0.03	S	I100L NOT detected	indel(s) between 56th and 69th amino acid NOT detected	S	neg	S	neg	neg	S	tetM	R	S-S-S-S-R	1	No	NA	S	S	S	R
ERR2090558	2	Dominant	Asia	0.03	S	I100L detected	indel(s) between 56th and 69th amino acid detected	R	neg	S	neg	neg	S	neg	S	S-R-S-S-S	1	No	NA	R	S	S	R
ERR2090559	11	Dominant	Asia	0.5	R	I100L NOT detected	indel(s) between 56th and 69th amino acid NOT detected	S	neg	S	neg	neg	S	neg	S	R-S-S-S-S	1	No	R	S	S	S	S
ERR2090560	5	Dominant	Asia	1	R	I100L NOT detected	indel(s) between 56th and 69th amino acid detected	I	neg	S	neg	neg	S	neg	S	R-I-S-S-S	2	No	R	R	S	S	I
ERR2090561	29	Intermediate	Asia	0.03	S	I100L NOT detected	indel(s) between 56th and 69th amino acid NOT detected	S	neg	S	neg	neg	S	neg	S	S-S-S-S-S	0	No	NA	S	S	S	S
ERR2090562	5	Dominant	Asia	0.25	R	I100L detected	indel(s) between 56th and 69th amino acid detected	R	neg	S	neg	neg	S	neg	S	R-R-S-S-S	2	No	R	R	S	S	S
ERR2090563	2	Dominant	Asia	0.03	S	I100L NOT detected	indel(s) between 56th and 69th amino acid detected	I	neg	S	neg	neg	S	neg	S	S-I-S-S-S	1	No	NA	R	S	S	S
ERR2090564	5	Dominant	Asia	1	R	I100L NOT detected	indel(s) between 56th and 69th amino acid NOT detected	S	neg	S	neg	neg	S	neg	S	R-S-S-S-S	1	No	R	R	S	S	S
ERR2090565	1	Dominant	Asia	4	R	I100L detected	indel(s) between 56th and 69th amino acid detected	R	neg	S	ermB1	mef1	R	tetM	R	R-R-S-R-R	4	Yes	R	R	S	R	R
ERR2090566	51	Intermediate	Asia	0.03	S	I100L NOT detected	indel(s) between 56th and 69th amino acid NOT detected	S	neg	S	neg	neg	S	neg	S	S-S-S-S-S	0	No	NA	S	S	S	S
ERR2090567	11	Dominant	Asia	0.03	S	I100L NOT detected	indel(s) between 56th and 69th amino acid detected	I	neg	S	neg	neg	S	neg	S	S-I-S-S-S	1	No	NA	I	S	S	S
ERR2090568	11	Dominant	Asia	0.03	S	I100L NOT detected	indel(s) between 56th and 69th amino acid detected	I	neg	S	neg	neg	S	neg	S	S-I-S-S-S	1	No	NA	R	S	S	I
ERR2090569	5	Dominant	Asia	1	R	I100L NOT detected	indel(s) between 56th and 69th amino acid detected	I	neg	S	neg	neg	S	neg	S	R-I-S-S-S	2	No	R	R	S	S	S
ERR2090570	29	Intermediate	Asia	0.03	S	I100L NOT detected	indel(s) between 56th and 69th amino acid NOT detected	S	neg	S	neg	neg	S	neg	S	S-S-S-S-S	0	No	NA	S	S	S	S
ERR2090571	116	Intermediate	Asia	0.5	R	I100L detected	indel(s) between 56th and 69th amino acid detected	R	neg	S	neg	neg	S	neg	S	R-R-S-S-S	2	No	R	R	S	S	S
ERR2090572	12	Dominant	Asia	0.03	S	I100L NOT detected	indel(s) between 56th and 69th amino acid NOT detected	S	neg	S	neg	neg	S	neg	S	S-S-S-S-S	0	No	NA	S	S	S	S
ERR2090573	8	Dominant	Asia	0.12	S	I100L NOT detected	indel(s) between 56th and 69th amino acid detected	I	neg	S	neg	neg	S	neg	S	S-I-S-S-S	1	No	S	R	S	S	S
ERR2090574	3	Dominant	Asia	0.03	S	I100L NOT detected	indel(s) between 56th and 69th amino acid NOT detected	S	neg	S	neg	neg	S	neg	S	S-S-S-S-S	0	No	NA	S	S	S	S
ERR2090576	55	Intermediate	Asia	0.12	R	I100L NOT detected	indel(s) between 56th and 69th amino acid NOT detected	S	neg	S	neg	neg	S	neg	S	R-S-S-S-S	1	No	R	S	S	S	R
ERR2090577	11	Dominant	Asia	0.5	R	I100L NOT detected	indel(s) between 56th and 69th amino acid NOT detected	S	neg	S	neg	neg	S	neg	S	R-S-S-S-S	1	No	R	S	S	S	I
ERR2090578	10	Dominant	Asia	2	R	I100L NOT detected	indel(s) between 56th and 69th amino acid NOT detected	S	neg	S	ermB1	neg	R	tetM	R	R-S-S-R-R	3	Yes	R	S	S	R	R
ERR2090579	2	Dominant	Asia	0.03	S	I100L NOT detected	indel(s) between 56th and 69th amino acid detected	I	neg	S	neg	neg	S	neg	S	S-I-S-S-S	1	No	NA	S	S	S	S
ERR2090580	11	Dominant	Asia	0.5	R	I100L NOT detected	indel(s) between 56th and 69th amino acid NOT detected	S	neg	S	neg	neg	S	neg	S	R-S-S-S-S	1	No	R	S	S	S	I
ERR2090581	8	Dominant	Asia	0.12	S	I100L NOT detected	indel(s) between 56th and 69th amino acid detected	I	neg	S	neg	neg	S	neg	S	S-I-S-S-S	1	No	S	S	S	S	S
ERR2090582	11	Dominant	Asia	0.03	S	I100L NOT detected	indel(s) between 56th and 69th amino acid NOT detected	S	neg	S	neg	neg	S	neg	S	S-S-S-S-S	0	No	NA	S	S	S	S
ERR2090583	6	Dominant	Asia	4	R	I100L detected	indel(s) between 56th and 69th amino acid detected	R	neg	S	neg	neg	S	neg	S	R-R-S-S-S	2	No	R	R	S	S	S
ERR2090584	8	Dominant	Asia	0.12	S	I100L NOT detected	indel(s) between 56th and 69th amino acid detected	I	neg	S	neg	neg	S	neg	S	S-I-S-S-S	1	No	S	R	S	S	S
ERR2090585	5	Dominant	Asia	1	R	I100L NOT detected	indel(s) between 56th and 69th amino acid detected	I	neg	S	neg	neg	S	neg	S	R-I-S-S-S	2	No	R	S	S	S	S
ERR2090586	38	Intermediate	Asia	0.03	S	I100L NOT detected	indel(s) between 56th and 69th amino acid NOT detected	S	neg	S	neg	neg	S	neg	S	S-S-S-S-S	0	No	NA	S	S	S	S
ERR2090587	262	Rare	Asia	0.06	S	I100L NOT detected	indel(s) between 56th and 69th amino acid NOT detected	S	neg	S	neg	neg	S	neg	S	S-S-S-S-S	0	No	S	S	S	S	S
ERR2090588	47	Dominant	Asia	2	R	I100L NOT detected	indel(s) between 56th and 69th amino acid detected	I	neg	S	ermB1	neg	R	tetM	R	R-I-S-R-R	4	Yes	R	S	S	R	R
ERR2090589	8	Dominant	Asia	0.12	S	I100L detected	indel(s) between 56th and 69th amino acid detected	R	neg	S	neg	neg	S	neg	S	S-R-S-S-S	1	No	S	R	S	S	S
ERR2090590	35	Intermediate	Asia	0.03	S	I100L NOT detected	indel(s) between 56th and 69th amino acid NOT detected	S	neg	S	neg	neg	S	neg	S	S-S-S-S-S	0	No	NA	S	S	S	S
ERR2090591	3	Dominant	Asia	0.03	S	I100L NOT detected	indel(s) between 56th and 69th amino acid NOT detected	S	neg	S	ermB1	neg	R	tetM	R	S-S-S-R-R	2	No	NA	S	S	R	I
ERR2090592	8	Dominant	Asia	0.12	S	I100L NOT detected	indel(s) between 56th and 69th amino acid detected	I	neg	S	neg	neg	S	neg	S	S-I-S-S-S	1	No	S	R	S	S	S
ERR2090593	32	Dominant	Asia	0.03	S	I100L NOT detected	indel(s) between 56th and 69th amino acid NOT detected	S	neg	S	neg	neg	S	neg	S	S-S-S-S-S	0	No	NA	S	S	S	S
ERR2090594	8	Dominant	Asia	0.12	S	I100L NOT detected	indel(s) between 56th and 69th amino acid detected	I	neg	S	neg	neg	S	neg	S	S-I-S-S-S	1	No	S	S	S	S	S
ERR2090595	5	Dominant	Asia	0.25	R	I100L NOT detected	indel(s) between 56th and 69th amino acid detected	I	neg	S	neg	mef1	R	neg	S	R-I-S-R-S	3	Yes	R	S	S	R	I
ERR2090596	51	Intermediate	Asia	0.03	S	I100L NOT detected	indel(s) between 56th and 69th amino acid NOT detected	S	neg	S	neg	neg	S	neg	S	S-S-S-S-S	0	No	NA	S	S	S	S
ERR2090597	13	Dominant	Asia	0.5	R	I100L NOT detected	indel(s) between 56th and 69th amino acid NOT detected	S	neg	S	neg	mef1	R	neg	S	R-S-S-R-S	2	No	R	I	S	R	S
ERR2090598	8	Dominant	Asia	0.12	S	I100L NOT detected	indel(s) between 56th and 69th amino acid detected	I	neg	S	neg	neg	S	neg	S	S-I-S-S-S	1	No	S	R	S	S	S
ERR2090599	11	Dominant	Asia	0.5	R	I100L NOT detected	indel(s) between 56th and 69th amino acid NOT detected	S	neg	S	neg	neg	S	neg	S	R-S-S-S-S	1	No	R	I	S	S	S
ERR2090600	72	Intermediate	Asia	0.03	S	I100L NOT detected	indel(s) between 56th and 69th amino acid NOT detected	S	neg	S	neg	neg	S	neg	S	S-S-S-S-S	0	No	NA	I	S	S	S
ERR2090601	31	Dominant	Asia	0.03	S	I100L NOT detected	indel(s) between 56th and 69th amino acid NOT detected	S	neg	S	neg	neg	S	neg	S	S-S-S-S-S	0	No	NA	S	S	S	S
ERR2090602	16	Dominant	Asia	0.03	S	I100L NOT detected	indel(s) between 56th and 69th amino acid NOT detected	S	neg	S	neg	neg	S	neg	S	S-S-S-S-S	0	No	NA	S	S	S	S
ERR2090603	150	Intermediate	Asia	0.12	R	I100L NOT detected	indel(s) between 56th and 69th amino acid NOT detected	S	neg	S	neg	neg	S	neg	S	R-S-S-S-S	1	No	R	S	S	S	S
ERR2090604	32	Dominant	Asia	0.03	S	I100L NOT detected	indel(s) between 56th and 69th amino acid detected	I	neg	S	neg	neg	S	neg	S	S-I-S-S-S	1	No	NA	R	S	S	I
ERR2090605	31	Dominant	Asia	0.03	S	I100L NOT detected	indel(s) between 56th and 69th amino acid NOT detected	S	neg	S	neg	neg	S	neg	S	S-S-S-S-S	0	No	NA	I	S	S	S
ERR2090606	8	Dominant	Asia	0.12	S	I100L NOT detected	indel(s) between 56th and 69th amino acid detected	I	neg	S	neg	neg	S	neg	S	S-I-S-S-S	1	No	S	I	S	S	S
ERR2090607	2	Dominant	Asia	0.03	S	I100L NOT detected	indel(s) between 56th and 69th amino acid detected	I	neg	S	neg	neg	S	neg	S	S-I-S-S-S	1	No	NA	R	S	S	I
ERR2090608	2	Dominant	Asia	0.03	S	I100L NOT detected	indel(s) between 56th and 69th amino acid detected	I	neg	S	neg	neg	S	neg	S	S-I-S-S-S	1	No	NA	R	S	S	S
ERR2090609	5	Dominant	Asia	0.25	R	I100L NOT detected	indel(s) between 56th and 69th amino acid detected	I	neg	S	neg	neg	S	neg	S	R-I-S-S-S	2	No	R	R	S	S	S
ERR2090610	55	Intermediate	Asia	0.12	R	I100L NOT detected	indel(s) between 56th and 69th amino acid NOT detected	S	neg	S	neg	neg	S	neg	S	R-S-S-S-S	1	No	R	S	S	S	S
ERR2090611	5	Dominant	Asia	2	R	I100L NOT detected	indel(s) between 56th and 69th amino acid detected	I	neg	S	neg	neg	S	neg	S	R-I-S-S-S	2	No	R	R	S	S	S
ERR2090613	8	Dominant	Asia	0.12	S	I100L NOT detected	indel(s) between 56th and 69th amino acid detected	I	neg	S	neg	neg	S	neg	S	S-I-S-S-S	1	No	S	R	S	S	I
ERR2090623	38	Intermediate	Asia	0.03	S	I100L NOT detected	indel(s) between 56th and 69th amino acid NOT detected	S	neg	S	neg	neg	S	tetM	R	S-S-S-S-R	1	No	NA	S	S	S	R
ERR2090625	286	Rare	Asia	0.06	S	I100L NOT detected	indel(s) between 56th and 69th amino acid NOT detected	S	neg	S	neg	neg	S	neg	S	S-S-S-S-S	0	No	S	S	S	S	S
ERR2090627	8	Dominant	Asia	0.12	S	I100L NOT detected	indel(s) between 56th and 69th amino acid detected	I	neg	S	neg	neg	S	neg	S	S-I-S-S-S	1	No	S	R	S	S	S
ERR2090629	8	Dominant	Asia	0.12	S	I100L NOT detected	indel(s) between 56th and 69th amino acid detected	I	neg	S	neg	neg	S	neg	S	S-I-S-S-S	1	No	S	R	S	S	S
ERR2090631	31	Dominant	Asia	0.03	S	I100L NOT detected	indel(s) between 56th and 69th amino acid NOT detected	S	neg	S	neg	neg	S	neg	S	S-S-S-S-S	0	No	NA	S	S	S	S
ERR2090632	2	Dominant	Asia	0.03	S	I100L NOT detected	indel(s) between 56th and 69th amino acid detected	I	neg	S	neg	neg	S	neg	S	S-I-S-S-S	1	No	NA	I	S	S	I
ERR2090634	19	Dominant	Asia	0.03	S	I100L NOT detected	indel(s) between 56th and 69th amino acid NOT detected	S	neg	S	neg	neg	S	neg	S	S-S-S-S-S	0	No	NA	S	S	S	S
ERR2090635	8	Dominant	Asia	0.12	S	I100L NOT detected	indel(s) between 56th and 69th amino acid detected	I	neg	S	neg	neg	S	neg	S	S-I-S-S-S	1	No	S	R	S	S	S
ERR2090636	32	Dominant	Asia	0.03	S	I100L NOT detected	indel(s) between 56th and 69th amino acid NOT detected	S	neg	S	neg	neg	S	neg	S	S-S-S-S-S	0	No	NA	I	S	S	S
ERR2090637	8	Dominant	Asia	0.12	S	I100L NOT detected	indel(s) between 56th and 69th amino acid detected	I	neg	S	neg	neg	S	neg	S	S-I-S-S-S	1	No	S	R	S	S	S
ERR2090639	8	Dominant	Asia	0.12	S	I100L NOT detected	indel(s) between 56th and 69th amino acid detected	I	neg	S	neg	neg	S	neg	S	S-I-S-S-S	1	No	S	S	S	S	S
ERR2090642	55	Intermediate	Asia	0.12	R	I100L NOT detected	indel(s) between 56th and 69th amino acid NOT detected	S	neg	S	neg	neg	S	neg	S	R-S-S-S-S	1	No	S	S	S	S	S
ERR2091135	46	Intermediate	Asia	0.03	S	I100L NOT detected	indel(s) between 56th and 69th amino acid NOT detected	S	neg	S	neg	neg	S	neg	S	S-S-S-S-S	0	No	NA	S	S	S	S
ERR2091136	139	Intermediate	Asia	0.03	S	I100L NOT detected	indel(s) between 56th and 69th amino acid NOT detected	S	neg	S	neg	neg	S	tetM	R	S-S-S-S-R	1	No	NA	S	S	S	R
ERR2091137	55	Intermediate	Asia	0.12	R	I100L NOT detected	indel(s) between 56th and 69th amino acid NOT detected	S	neg	S	neg	neg	S	neg	S	R-S-S-S-S	1	No	R	S	S	S	S
ERR2091138	8	Dominant	Asia	0.12	S	I100L NOT detected	indel(s) between 56th and 69th amino acid detected	I	neg	S	neg	neg	S	neg	S	S-I-S-S-S	1	No	S	S	S	S	S
ERR2091139	11	Dominant	Asia	0.03	S	I100L NOT detected	indel(s) between 56th and 69th amino acid NOT detected	S	neg	S	neg	neg	S	neg	S	S-S-S-S-S	0	No	NA	S	S	S	S
ERR2091140	31	Dominant	Asia	0.03	S	I100L NOT detected	indel(s) between 56th and 69th amino acid NOT detected	S	neg	S	neg	neg	S	neg	S	S-S-S-S-S	0	No	NA	S	S	S	S
ERR2091141	16	Dominant	Asia	0.03	S	I100L NOT detected	indel(s) between 56th and 69th amino acid NOT detected	S	neg	S	neg	neg	S	neg	S	S-S-S-S-S	0	No	NA	S	S	S	S
ERR2091142	7	Dominant	Asia	0.03	S	I100L NOT detected	indel(s) between 56th and 69th amino acid NOT detected	S	neg	S	neg	neg	S	neg	S	S-S-S-S-S	0	No	NA	R	S	S	S
ERR2091143	55	Intermediate	Asia	0.12	R	I100L NOT detected	indel(s) between 56th and 69th amino acid NOT detected	S	neg	S	neg	neg	S	neg	S	R-S-S-S-S	1	No	R	S	S	S	S
ERR2091144	226	Rare	Asia	0.03	S	I100L NOT detected	indel(s) between 56th and 69th amino acid NOT detected	S	neg	S	neg	neg	S	neg	S	S-S-S-S-S	0	No	NA	S	S	S	S
ERR2091145	11	Dominant	Asia	0.03	S	I100L NOT detected	indel(s) between 56th and 69th amino acid detected	I	neg	S	neg	neg	S	neg	S	S-I-S-S-S	1	No	NA	R	S	S	S
ERR2091146	11	Dominant	Asia	0.5	R	I100L NOT detected	indel(s) between 56th and 69th amino acid NOT detected	S	neg	S	neg	neg	S	neg	S	R-S-S-S-S	1	No	R	S	S	S	S
ERR2091147	31	Dominant	Asia	0.03	S	I100L NOT detected	indel(s) between 56th and 69th amino acid detected	I	neg	S	neg	neg	S	neg	S	S-I-S-S-S	1	No	NA	R	S	S	S
ERR2091148	8	Dominant	Asia	0.12	S	I100L NOT detected	indel(s) between 56th and 69th amino acid detected	I	neg	S	neg	neg	S	neg	S	S-I-S-S-S	1	No	S	S	S	S	S
ERR2091149	5	Dominant	Asia	1	R	I100L NOT detected	indel(s) between 56th and 69th amino acid detected	I	neg	S	neg	mef1	R	neg	S	R-I-S-R-S	3	Yes	R	R	S	R	S
ERR2091150	11	Dominant	Asia	0.03	S	I100L NOT detected	indel(s) between 56th and 69th amino acid detected	I	neg	S	neg	neg	S	neg	S	S-I-S-S-S	1	No	NA	R	S	S	S
ERR2091151	11	Dominant	Asia	0.03	S	I100L NOT detected	indel(s) between 56th and 69th amino acid detected	I	neg	S	neg	neg	S	neg	S	S-I-S-S-S	1	No	NA	R	S	S	S
ERR2091152	32	Dominant	Asia	0.03	S	I100L NOT detected	indel(s) between 56th and 69th amino acid NOT detected	S	neg	S	neg	neg	S	neg	S	S-S-S-S-S	0	No	NA	S	S	S	S
ERR2091153	55	Intermediate	Asia	0.12	R	I100L NOT detected	indel(s) between 56th and 69th amino acid NOT detected	S	neg	S	neg	neg	S	neg	S	R-S-S-S-S	1	No	R	S	S	S	S
ERR2091154	139	Intermediate	Asia	0.03	S	I100L NOT detected	indel(s) between 56th and 69th amino acid NOT detected	S	neg	S	neg	neg	S	tetM	R	S-S-S-S-R	1	No	NA	I	R	S	R
ERR2091155	29	Intermediate	Asia	0.03	S	I100L NOT detected	indel(s) between 56th and 69th amino acid NOT detected	S	neg	S	neg	neg	S	neg	S	S-S-S-S-S	0	No	NA	I	S	S	I
ERR2091156	112	Intermediate	Asia	0.12	R	I100L detected	indel(s) between 56th and 69th amino acid detected	R	neg	S	neg	neg	S	neg	S	R-R-S-S-S	2	No	R	R	S	S	S
ERR2091157	26	Dominant	Asia	0.03	S	I100L NOT detected	indel(s) between 56th and 69th amino acid detected	I	cat1	R	neg	neg	S	tetM	R	S-I-R-S-R	3	Yes	NA	R	R	S	R
ERR2091158	3	Dominant	Asia	0.12	R	I100L NOT detected	indel(s) between 56th and 69th amino acid detected	I	neg	S	neg	neg	S	neg	S	R-I-S-S-S	2	No	R	R	S	S	S
ERR2091159	32	Dominant	Asia	0.03	S	I100L NOT detected	indel(s) between 56th and 69th amino acid NOT detected	S	neg	S	neg	neg	S	neg	S	S-S-S-S-S	0	No	NA	S	S	S	S
ERR2091160	55	Intermediate	Asia	0.12	R	I100L NOT detected	indel(s) between 56th and 69th amino acid NOT detected	S	neg	S	neg	neg	S	neg	S	R-S-S-S-S	1	No	R	S	S	S	S
ERR2091161	3	Dominant	Asia	0.03	S	I100L NOT detected	indel(s) between 56th and 69th amino acid NOT detected	S	neg	S	neg	neg	S	neg	S	S-S-S-S-S	0	No	NA	S	S	S	S
ERR2091162	23	Dominant	Asia	1	R	I100L detected	indel(s) between 56th and 69th amino acid detected	R	neg	S	ermB1	neg	R	tetM	R	R-R-S-R-R	4	Yes	R	R	S	R	R
ERR2091163	8	Dominant	Asia	0.03	S	I100L NOT detected	indel(s) between 56th and 69th amino acid detected	I	neg	S	neg	neg	S	neg	S	S-I-S-S-S	1	No	S	R	S	S	I
ERR2091164	8	Dominant	Asia	0.12	S	I100L NOT detected	indel(s) between 56th and 69th amino acid detected	I	neg	S	neg	neg	S	neg	S	S-I-S-S-S	1	No	NA	S	S	S	S
ERR2091165	36	Intermediate	Asia	0.03	S	I100L NOT detected	indel(s) between 56th and 69th amino acid NOT detected	S	neg	S	neg	neg	S	neg	S	S-S-S-S-S	0	No	NA	I	S	S	S
ERR2091166	48	Intermediate	Asia	0.5	R	I100L NOT detected	indel(s) between 56th and 69th amino acid NOT detected	S	neg	S	neg	neg	S	neg	S	R-S-S-S-S	1	No	R	S	S	S	S
ERR2091167	55	Intermediate	Asia	0.12	R	I100L NOT detected	indel(s) between 56th and 69th amino acid NOT detected	S	neg	S	neg	neg	S	neg	S	R-S-S-S-S	1	No	R	S	S	S	S
ERR2091168	19	Dominant	Asia	0.03	S	I100L NOT detected	indel(s) between 56th and 69th amino acid NOT detected	S	neg	S	neg	neg	S	neg	S	S-S-S-S-S	0	No	NA	I	S	S	S
ERR2091169	19	Dominant	Asia	0.03	S	I100L NOT detected	indel(s) between 56th and 69th amino acid NOT detected	S	neg	S	neg	neg	S	neg	S	S-S-S-S-S	0	No	NA	S	S	S	S
ERR2091170	35	Intermediate	Asia	0.03	S	I100L NOT detected	indel(s) between 56th and 69th amino acid NOT detected	S	neg	S	neg	neg	S	neg	S	S-S-S-S-S	0	No	NA	S	S	S	I
ERR2091171	10	Dominant	Asia	0.06	S	I100L NOT detected	indel(s) between 56th and 69th amino acid NOT detected	S	neg	S	neg	neg	S	tetM	R	S-S-S-S-R	1	No	S	I	S	S	R
ERR2091172	11	Dominant	Asia	0.5	R	I100L NOT detected	indel(s) between 56th and 69th amino acid NOT detected	S	neg	S	neg	neg	S	neg	S	R-S-S-S-S	1	No	R	S	S	S	S
ERR2091173	11	Dominant	Asia	0.03	S	I100L NOT detected	indel(s) between 56th and 69th amino acid detected	I	neg	S	neg	neg	S	neg	S	S-I-S-S-S	1	No	NA	S	S	S	S
ERR2091174	26	Dominant	Asia	0.03	S	I100L detected	indel(s) between 56th and 69th amino acid detected	R	neg	S	neg	neg	S	tetM	R	S-R-S-S-R	2	No	NA	R	S	S	R
ERR2091175	7	Dominant	Asia	0.03	S	I100L NOT detected	indel(s) between 56th and 69th amino acid NOT detected	S	neg	S	neg	neg	S	neg	S	S-S-S-S-S	0	No	NA	S	S	S	S
ERR2091176	95	Intermediate	Asia	0.03	S	I100L NOT detected	indel(s) between 56th and 69th amino acid NOT detected	S	neg	S	neg	neg	S	neg	S	S-S-S-S-S	0	No	NA	S	S	S	S
ERR2091177	139	Intermediate	Asia	0.03	S	I100L NOT detected	indel(s) between 56th and 69th amino acid NOT detected	S	neg	S	neg	neg	S	tetM	R	S-S-S-S-R	1	No	NA	S	S	S	R
ERR2091178	27	Dominant	Asia	0.12	R	I100L NOT detected	indel(s) between 56th and 69th amino acid NOT detected	S	neg	S	neg	neg	S	neg	S	R-S-S-S-S	1	No	R	S	S	S	S
ERR2091179	55	Intermediate	Asia	0.12	R	I100L NOT detected	indel(s) between 56th and 69th amino acid NOT detected	S	neg	S	neg	neg	S	neg	S	R-S-S-S-S	1	No	R	S	S	S	S
ERR2091180	139	Intermediate	Asia	0.03	S	I100L NOT detected	indel(s) between 56th and 69th amino acid NOT detected	S	neg	S	neg	neg	S	tetM	R	S-S-S-S-R	1	No	NA	S	S	S	R
ERR2091181	55	Intermediate	Asia	0.12	R	I100L NOT detected	indel(s) between 56th and 69th amino acid NOT detected	S	neg	S	neg	neg	S	neg	S	R-S-S-S-S	1	No	R	S	S	S	S
ERR2091182	8	Dominant	Asia	0.12	S	I100L NOT detected	indel(s) between 56th and 69th amino acid detected	I	neg	S	neg	neg	S	neg	S	S-I-S-S-S	1	No	S	S	S	S	S
ERR2091183	226	Rare	Asia	0.03	S	I100L NOT detected	indel(s) between 56th and 69th amino acid NOT detected	S	neg	S	neg	neg	S	neg	S	S-S-S-S-S	0	No	NA	I	S	S	S
ERR2091184	55	Intermediate	Asia	0.12	R	I100L NOT detected	indel(s) between 56th and 69th amino acid NOT detected	S	neg	S	neg	neg	S	neg	S	R-S-S-S-S	1	No	R	I	S	S	I
ERR2091185	156	Intermediate	Asia	0.12	R	I100L NOT detected	indel(s) between 56th and 69th amino acid detected	I	neg	S	neg	neg	S	neg	S	R-I-S-S-S	2	No	S	R	S	S	I
ERR2091186	3	Dominant	Asia	0.03	S	I100L NOT detected	indel(s) between 56th and 69th amino acid NOT detected	S	neg	S	neg	neg	S	neg	S	S-S-S-S-S	0	No	NA	S	S	S	S
ERR2091187	99	Rare	Asia	0.03	S	I100L NOT detected	indel(s) between 56th and 69th amino acid NOT detected	S	neg	S	neg	neg	S	neg	S	S-S-S-S-S	0	No	S	I	S	S	R
ERR2091188	8	Dominant	Asia	0.12	S	I100L NOT detected	indel(s) between 56th and 69th amino acid detected	I	neg	S	neg	neg	S	neg	S	S-I-S-S-S	1	No	S	S	S	S	R
ERR2091189	55	Intermediate	Asia	0.12	R	I100L NOT detected	indel(s) between 56th and 69th amino acid NOT detected	S	neg	S	neg	neg	S	neg	S	R-S-S-S-S	1	No	NA	S	S	S	S
ERR2091190	31	Dominant	Asia	0.03	S	I100L NOT detected	indel(s) between 56th and 69th amino acid detected	I	neg	S	neg	neg	S	neg	S	S-I-S-S-S	1	No	NA	R	S	S	S
ERR2091191	55	Intermediate	Asia	0.12	R	I100L NOT detected	indel(s) between 56th and 69th amino acid NOT detected	S	neg	S	neg	neg	S	neg	S	R-S-S-S-S	1	No	R	S	S	S	S
ERR2091192	5	Dominant	Asia	2	R	I100L detected	indel(s) between 56th and 69th amino acid detected	R	neg	S	neg	mef1	R	neg	S	R-R-S-R-S	3	Yes	R	R	S	R	S
ERR2091193	55	Intermediate	Asia	0.12	R	I100L NOT detected	indel(s) between 56th and 69th amino acid NOT detected	S	neg	S	neg	neg	S	neg	S	R-S-S-S-S	1	No	R	S	S	S	S
ERR2091194	286	Rare	Asia	0.06	S	I100L NOT detected	indel(s) between 56th and 69th amino acid NOT detected	S	neg	S	neg	neg	S	neg	S	S-S-S-S-S	0	No	NA	S	S	S	S
ERR2091195	55	Intermediate	Asia	0.12	R	I100L NOT detected	indel(s) between 56th and 69th amino acid NOT detected	S	neg	S	neg	neg	S	neg	S	R-S-S-S-S	1	No	R	R	S	S	R
ERR2091196	96	Intermediate	Asia	0.03	S	I100L NOT detected	indel(s) between 56th and 69th amino acid NOT detected	S	neg	S	neg	neg	S	neg	S	S-S-S-S-S	0	No	NA	S	S	S	I
ERR2091197	55	Intermediate	Asia	0.12	R	I100L NOT detected	indel(s) between 56th and 69th amino acid NOT detected	S	neg	S	neg	neg	S	neg	S	R-S-S-S-S	1	No	R	S	S	S	R
ERR2091199	3	Dominant	Asia	0.03	S	I100L NOT detected	indel(s) between 56th and 69th amino acid NOT detected	S	neg	S	neg	neg	S	neg	S	S-S-S-S-S	0	No	NA	I	S	S	I
ERR2091201	85	Intermediate	Asia	0.03	S	I100L detected	indel(s) between 56th and 69th amino acid detected	R	neg	S	neg	neg	S	neg	S	S-R-S-S-S	1	No	NA	R	S	S	S
ERR2091202	8	Dominant	Asia	0.12	S	I100L NOT detected	indel(s) between 56th and 69th amino acid detected	I	neg	S	neg	neg	S	neg	S	S-I-S-S-S	1	No	S	S	S	S	S
ERR2091205	8	Dominant	Asia	0.12	S	I100L NOT detected	indel(s) between 56th and 69th amino acid detected	I	neg	S	neg	neg	S	neg	S	S-I-S-S-S	1	No	S	S	S	S	S
ERR2091211	16	Dominant	Asia	0.03	S	I100L NOT detected	indel(s) between 56th and 69th amino acid NOT detected	S	neg	S	neg	neg	S	neg	S	S-S-S-S-S	0	No	NA	S	S	S	S
ERR2091212	31	Dominant	Asia	0.03	S	I100L NOT detected	indel(s) between 56th and 69th amino acid NOT detected	S	neg	S	neg	neg	S	neg	S	S-S-S-S-S	0	No	NA	S	S	S	S
ERR2091214	9	Dominant	Asia	0.25	R	I100L NOT detected	indel(s) between 56th and 69th amino acid NOT detected	S	neg	S	ermB1	neg	R	tetM	R	R-S-S-R-R	3	Yes	R	S	S	R	S
ERR2091215	8	Dominant	Asia	0.03	S	I100L NOT detected	indel(s) between 56th and 69th amino acid detected	I	neg	S	neg	neg	S	neg	S	S-I-S-S-S	1	No	S	S	S	S	S
ERR2091220	55	Intermediate	Asia	0.12	R	I100L NOT detected	indel(s) between 56th and 69th amino acid NOT detected	S	neg	S	neg	neg	S	neg	S	R-S-S-S-S	1	No	R	S	S	S	I
ERR2091221	8	Dominant	Asia	0.12	S	I100L NOT detected	indel(s) between 56th and 69th amino acid detected	I	neg	S	neg	neg	S	neg	S	S-I-S-S-S	1	No	S	R	S	S	S
ERR2091222	31	Dominant	Asia	0.03	S	I100L NOT detected	indel(s) between 56th and 69th amino acid NOT detected	S	neg	S	neg	neg	S	neg	S	S-S-S-S-S	0	No	NA	S	S	S	I
ERR2091227	8	Dominant	Asia	0.12	S	I100L NOT detected	indel(s) between 56th and 69th amino acid detected	I	neg	S	neg	neg	S	neg	S	S-I-S-S-S	1	No	S	I	S	S	S
ERR2091229	14	Dominant	Asia	2	R	I100L NOT detected	indel(s) between 56th and 69th amino acid detected	I	neg	S	neg	mef1	R	tetM	R	R-I-S-R-R	4	Yes	R	R	S	R	R
ERR2091264	11	Dominant	Asia	0.03	S	I100L NOT detected	indel(s) between 56th and 69th amino acid detected	I	neg	S	neg	neg	S	neg	S	S-I-S-S-S	1	No	NA	R	S	S	I
ERR2091265	38	Intermediate	Asia	0.03	S	I100L NOT detected	indel(s) between 56th and 69th amino acid NOT detected	S	neg	S	neg	neg	S	neg	S	S-S-S-S-S	0	No	NA	S	S	S	S
ERR2091266	55	Intermediate	Asia	0.12	R	I100L NOT detected	indel(s) between 56th and 69th amino acid NOT detected	S	neg	S	neg	neg	S	neg	S	R-S-S-S-S	1	No	R	S	S	S	S
ERR2091267	55	Intermediate	Asia	0.12	R	I100L NOT detected	indel(s) between 56th and 69th amino acid NOT detected	S	neg	S	neg	neg	S	neg	S	R-S-S-S-S	1	No	R	S	S	S	S
ERR2091268	16	Dominant	Asia	0.03	S	I100L NOT detected	indel(s) between 56th and 69th amino acid NOT detected	S	neg	S	neg	neg	S	neg	S	S-S-S-S-S	0	No	NA	I	S	S	I
ERR2091269	10	Dominant	Asia	0.5	R	I100L NOT detected	indel(s) between 56th and 69th amino acid NOT detected	S	neg	S	ermB1	neg	R	tetM	R	R-S-S-R-R	3	Yes	R	R	S	R	I
ERR2091270	5	Dominant	Asia	0.25	R	I100L NOT detected	indel(s) between 56th and 69th amino acid NOT detected	S	neg	S	neg	neg	S	neg	S	R-S-S-S-S	1	No	R	S	S	S	S
ERR2091271	55	Intermediate	Asia	0.12	R	I100L NOT detected	indel(s) between 56th and 69th amino acid NOT detected	S	neg	S	neg	neg	S	neg	S	R-S-S-S-S	1	No	R	S	S	S	S
ERR2091272	16	Dominant	Asia	0.03	S	I100L NOT detected	indel(s) between 56th and 69th amino acid NOT detected	S	neg	S	neg	neg	S	neg	S	S-S-S-S-S	0	No	NA	S	S	S	S
ERR2091273	7	Dominant	Asia	0.03	S	I100L NOT detected	indel(s) between 56th and 69th amino acid NOT detected	S	neg	S	neg	neg	S	neg	S	S-S-S-S-S	0	No	NA	S	S	S	S
ERR2091274	5	Dominant	Asia	0.25	R	I100L NOT detected	indel(s) between 56th and 69th amino acid detected	I	neg	S	neg	mef1	R	neg	S	R-I-S-R-S	3	Yes	R	I	S	R	S
ERR2091275	12	Dominant	Asia	0.03	S	I100L NOT detected	indel(s) between 56th and 69th amino acid NOT detected	S	neg	S	neg	neg	S	neg	S	S-S-S-S-S	0	No	NA	S	S	S	S
ERR2091276	11	Dominant	Asia	0.03	S	I100L NOT detected	indel(s) between 56th and 69th amino acid detected	I	neg	S	neg	neg	S	neg	S	S-I-S-S-S	1	No	NA	I	S	S	S
ERR2091277	14	Dominant	Asia	2	R	I100L NOT detected	indel(s) between 56th and 69th amino acid detected	I	neg	S	neg	mef1	R	tetM	R	R-I-S-R-R	4	Yes	R	I	S	R	R
ERR2091278	55	Intermediate	Asia	0.12	R	I100L NOT detected	indel(s) between 56th and 69th amino acid NOT detected	S	neg	S	neg	neg	S	neg	S	R-S-S-S-S	1	No	R	S	S	S	S
ERR2091299	55	Intermediate	Asia	0.12	R	I100L NOT detected	indel(s) between 56th and 69th amino acid NOT detected	S	neg	S	neg	neg	S	neg	S	R-S-S-S-S	1	No	R	S	S	S	S
ERR2091279	9	Dominant	Asia	0.25	R	I100L NOT detected	indel(s) between 56th and 69th amino acid NOT detected	S	neg	S	ermB1	neg	R	tetM	R	R-S-S-R-R	3	Yes	R	S	S	R	R
ERR2091280	35	Intermediate	Asia	0.03	S	I100L NOT detected	indel(s) between 56th and 69th amino acid NOT detected	S	neg	S	ermB1	neg	R	tetM	R	S-S-S-R-R	2	No	NA	S	S	R	R
ERR2091281	38	Intermediate	Asia	0.03	S	I100L NOT detected	indel(s) between 56th and 69th amino acid NOT detected	S	neg	S	neg	neg	S	neg	S	S-S-S-S-S	0	No	NA	S	S	S	S
ERR2091282	55	Intermediate	Asia	0.12	R	I100L NOT detected	indel(s) between 56th and 69th amino acid NOT detected	S	neg	S	neg	neg	S	neg	S	R-S-S-S-S	1	No	S	S	S	S	S
ERR2091283	226	Rare	Asia	0.03	S	I100L NOT detected	indel(s) between 56th and 69th amino acid NOT detected	S	neg	S	neg	neg	S	neg	S	S-S-S-S-S	0	No	NA	S	S	S	S
ERR2091284	55	Intermediate	Asia	0.12	R	I100L NOT detected	indel(s) between 56th and 69th amino acid NOT detected	S	neg	S	neg	neg	S	neg	S	R-S-S-S-S	1	No	R	S	S	S	S
ERR2091285	55	Intermediate	Asia	0.12	R	I100L NOT detected	indel(s) between 56th and 69th amino acid NOT detected	S	neg	S	neg	neg	S	neg	S	R-S-S-S-S	1	No	R	S	S	S	S
ERR2091286	55	Intermediate	Asia	0.12	R	I100L NOT detected	indel(s) between 56th and 69th amino acid NOT detected	S	neg	S	neg	neg	S	neg	S	R-S-S-S-S	1	No	R	S	S	S	S
ERR2091287	3	Dominant	Asia	0.12	R	I100L NOT detected	indel(s) between 56th and 69th amino acid NOT detected	S	neg	S	neg	neg	S	neg	S	R-S-S-S-S	1	No	R	S	S	S	S
ERR2091288	150	Intermediate	Asia	0.12	R	I100L NOT detected	indel(s) between 56th and 69th amino acid NOT detected	S	neg	S	neg	neg	S	neg	S	R-S-S-S-S	1	No	R	S	S	S	S
ERR2091289	55	Intermediate	Asia	0.12	R	I100L NOT detected	indel(s) between 56th and 69th amino acid NOT detected	S	neg	S	neg	neg	S	neg	S	R-S-S-S-S	1	No	R	S	S	S	I
ERR2091290	139	Intermediate	Asia	0.03	S	I100L NOT detected	indel(s) between 56th and 69th amino acid NOT detected	S	neg	S	neg	neg	S	tetM	R	S-S-S-S-R	1	No	NA	S	S	S	R
ERR2091291	55	Intermediate	Asia	0.12	R	I100L NOT detected	indel(s) between 56th and 69th amino acid NOT detected	S	neg	S	neg	neg	S	neg	S	R-S-S-S-S	1	No	R	S	S	S	S
ERR2091292	9	Dominant	Asia	0.25	R	I100L NOT detected	indel(s) between 56th and 69th amino acid NOT detected	S	neg	S	ermB1	neg	R	tetM	R	R-S-S-R-R	3	Yes	R	I	S	R	S
ERR2091300	3	Dominant	Asia	0.03	S	I100L NOT detected	indel(s) between 56th and 69th amino acid NOT detected	S	neg	S	neg	neg	S	neg	S	S-S-S-S-S	0	No	NA	S	S	S	I
ERR2091293	36	Intermediate	Asia	0.03	S	I100L NOT detected	indel(s) between 56th and 69th amino acid NOT detected	S	neg	S	neg	neg	S	neg	S	S-S-S-S-S	0	No	NA	S	S	S	S
ERR2091294	139	Intermediate	Asia	0.03	S	I100L NOT detected	indel(s) between 56th and 69th amino acid NOT detected	S	neg	S	neg	neg	S	tetM	R	S-S-S-S-R	1	No	NA	S	S	S	R
ERR2091295	55	Intermediate	Asia	0.12	R	I100L NOT detected	indel(s) between 56th and 69th amino acid NOT detected	S	neg	S	neg	neg	S	neg	S	R-S-S-S-S	1	No	R	I	S	S	I
ERR2091296	59	Intermediate	Asia	2	R	I100L NOT detected	indel(s) between 56th and 69th amino acid NOT detected	S	neg	S	neg	neg	S	neg	S	R-S-S-S-S	1	No	R	S	S	S	S
ERR2091297	6	Dominant	Asia	2	R	I100L detected	indel(s) between 56th and 69th amino acid detected	R	neg	S	neg	mef1	R	neg	S	R-R-S-R-S	3	Yes	R	R	S	R	I
ERR2090652	139	Intermediate	Asia	0.03	S	I100L NOT detected	indel(s) between 56th and 69th amino acid NOT detected	S	neg	S	neg	neg	S	tetM	R	S-S-S-S-R	1	No	NA	S	S	S	R
ERR2090653	313	Rare	Asia	0.03	S	I100L NOT detected	indel(s) between 56th and 69th amino acid NOT detected	S	neg	S	neg	neg	S	neg	S	S-S-S-S-S	0	No	NA	S	S	S	S
ERR2090654	3	Dominant	Asia	0.03	S	I100L NOT detected	indel(s) between 56th and 69th amino acid NOT detected	S	neg	S	neg	neg	S	neg	S	S-S-S-S-S	0	No	NA	S	S	S	S
ERR2090655	5	Dominant	Asia	0.25	R	I100L NOT detected	indel(s) between 56th and 69th amino acid NOT detected	S	neg	S	neg	neg	S	neg	S	R-S-S-S-S	1	No	R	I	S	S	S
ERR2090656	3	Dominant	Asia	0.03	S	I100L NOT detected	indel(s) between 56th and 69th amino acid NOT detected	S	neg	S	neg	neg	S	neg	S	S-S-S-S-S	0	No	NA	S	S	S	I
ERR2090657	35	Intermediate	Asia	0.03	S	I100L NOT detected	indel(s) between 56th and 69th amino acid NOT detected	S	neg	S	neg	neg	S	neg	S	S-S-S-S-S	0	No	NA	S	S	S	S
ERR2090658	11	Dominant	Asia	0.03	S	I100L NOT detected	indel(s) between 56th and 69th amino acid detected	I	neg	S	neg	neg	S	neg	S	S-I-S-S-S	1	No	NA	S	S	S	S
ERR2090659	55	Intermediate	Asia	0.12	R	I100L NOT detected	indel(s) between 56th and 69th amino acid NOT detected	S	neg	S	neg	neg	S	neg	S	R-S-S-S-S	1	No	R	S	S	S	I
ERR2090660	1	Dominant	Asia	4	R	I100L detected	indel(s) between 56th and 69th amino acid detected	R	neg	S	ermB1	mef1	R	tetM	R	R-R-S-R-R	4	Yes	R	R	S	R	R
ERR2090661	15	Dominant	Asia	0.03	S	I100L NOT detected	indel(s) between 56th and 69th amino acid NOT detected	S	neg	S	neg	neg	S	neg	S	S-S-S-S-S	0	No	NA	S	S	S	S
ERR2090662	55	Intermediate	Asia	0.12	R	I100L NOT detected	indel(s) between 56th and 69th amino acid NOT detected	S	neg	S	neg	neg	S	neg	S	R-S-S-S-S	1	No	R	S	S	S	S
ERR2090663	7	Dominant	Asia	0.03	S	I100L NOT detected	indel(s) between 56th and 69th amino acid NOT detected	S	neg	S	neg	neg	S	neg	S	S-S-S-S-S	0	No	NA	S	S	S	S
ERR2090664	10	Dominant	Asia	0.5	R	I100L NOT detected	indel(s) between 56th and 69th amino acid NOT detected	S	neg	S	ermB1	neg	R	tetM	R	R-S-S-R-R	3	Yes	R	I	S	R	S
ERR2090665	55	Intermediate	Asia	0.12	R	I100L NOT detected	indel(s) between 56th and 69th amino acid NOT detected	S	neg	S	neg	neg	S	neg	S	R-S-S-S-S	1	No	R	S	S	S	S
ERR2090666	9	Dominant	Asia	0.25	R	I100L NOT detected	indel(s) between 56th and 69th amino acid NOT detected	S	neg	S	ermB1	neg	R	tetM	R	R-S-S-R-R	3	Yes	R	I	S	R	I
ERR2090667	139	Intermediate	Asia	0.03	S	I100L NOT detected	indel(s) between 56th and 69th amino acid NOT detected	S	neg	S	neg	neg	S	tetM	R	S-S-S-S-R	1	No	NA	S	S	S	R
ERR2090668	6	Dominant	Asia	4	R	I100L detected	indel(s) between 56th and 69th amino acid detected	R	neg	S	neg	neg	S	neg	S	R-R-S-S-S	2	No	R	R	S	S	I
ERR2090669	55	Intermediate	Asia	0.12	R	I100L NOT detected	indel(s) between 56th and 69th amino acid NOT detected	S	neg	S	neg	neg	S	neg	S	R-S-S-S-S	1	No	R	S	S	S	S
ERR2090670	134	Rare	Asia	0.03	S	I100L NOT detected	indel(s) between 56th and 69th amino acid NOT detected	S	neg	S	neg	neg	S	neg	S	S-S-S-S-S	0	No	NA	S	S	S	I
ERR2090671	11	Dominant	Asia	0.5	R	I100L detected	indel(s) between 56th and 69th amino acid detected	R	neg	S	neg	neg	S	neg	S	R-R-S-S-S	2	No	R	R	S	S	I
ERR2090673	55	Intermediate	Asia	0.12	R	I100L NOT detected	indel(s) between 56th and 69th amino acid NOT detected	S	neg	S	neg	neg	S	neg	S	R-S-S-S-S	1	No	R	S	S	S	S
ERR2090674	55	Intermediate	Asia	0.12	R	I100L NOT detected	indel(s) between 56th and 69th amino acid NOT detected	S	neg	S	neg	neg	S	neg	S	R-S-S-S-S	1	No	R	S	S	S	S
ERR2090675	55	Intermediate	Asia	0.12	R	I100L NOT detected	indel(s) between 56th and 69th amino acid NOT detected	S	neg	S	neg	neg	S	neg	S	R-S-S-S-S	1	No	R	S	S	S	S
ERR2090676	7	Dominant	Asia	0.03	S	I100L NOT detected	indel(s) between 56th and 69th amino acid NOT detected	S	neg	S	neg	neg	S	neg	S	S-S-S-S-S	0	No	NA	S	S	S	S
ERR2090677	35	Intermediate	Asia	0.03	S	I100L NOT detected	indel(s) between 56th and 69th amino acid NOT detected	S	neg	S	neg	neg	S	neg	S	S-S-S-S-S	0	No	NA	S	S	S	I
ERR2090678	55	Intermediate	Asia	0.12	R	I100L NOT detected	indel(s) between 56th and 69th amino acid NOT detected	S	neg	S	neg	neg	S	neg	S	R-S-S-S-S	1	No	R	S	S	S	S
ERR2090679	55	Intermediate	Asia	0.12	R	I100L NOT detected	indel(s) between 56th and 69th amino acid NOT detected	S	neg	S	neg	neg	S	neg	S	R-S-S-S-S	1	No	R	S	S	S	S
ERR2090680	55	Intermediate	Asia	0.12	R	I100L NOT detected	indel(s) between 56th and 69th amino acid NOT detected	S	neg	S	neg	neg	S	neg	S	R-S-S-S-S	1	No	R	S	S	S	S
ERR2090683	55	Intermediate	Asia	0.12	R	I100L NOT detected	indel(s) between 56th and 69th amino acid NOT detected	S	neg	S	neg	neg	S	neg	S	R-S-S-S-S	1	No	R	R	S	S	I
ERR2090687	12	Dominant	Asia	0.03	S	I100L NOT detected	indel(s) between 56th and 69th amino acid NOT detected	S	neg	S	neg	neg	S	neg	S	S-S-S-S-S	0	No	NA	R	S	S	I
ERR2090690	11	Dominant	Asia	0.03	S	I100L NOT detected	indel(s) between 56th and 69th amino acid detected	I	neg	S	neg	neg	S	neg	S	S-I-S-S-S	1	No	NA	S	S	S	S
ERR2090691	55	Intermediate	Asia	0.12	R	I100L NOT detected	indel(s) between 56th and 69th amino acid NOT detected	S	neg	S	neg	neg	S	neg	S	R-S-S-S-S	1	No	S	S	S	S	S
ERR2090692	48	Intermediate	Asia	0.5	R	I100L NOT detected	indel(s) between 56th and 69th amino acid NOT detected	S	neg	S	neg	neg	S	neg	S	R-S-S-S-S	1	No	R	S	S	S	S
ERR2090694	11	Dominant	Asia	0.03	S	I100L NOT detected	indel(s) between 56th and 69th amino acid detected	I	neg	S	neg	neg	S	neg	S	S-I-S-S-S	1	No	NA	R	S	S	I
ERR2090695	3	Dominant	Asia	0.12	R	I100L NOT detected	indel(s) between 56th and 69th amino acid NOT detected	S	neg	S	neg	neg	S	neg	S	R-S-S-S-S	1	No	R	R	R	S	R
ERR2090696	55	Intermediate	Asia	0.12	R	I100L NOT detected	indel(s) between 56th and 69th amino acid NOT detected	S	neg	S	neg	neg	S	neg	S	R-S-S-S-S	1	No	S	S	S	S	S
ERR2090700	11	Dominant	Asia	0.03	S	I100L NOT detected	indel(s) between 56th and 69th amino acid detected	I	neg	S	neg	neg	S	neg	S	S-I-S-S-S	1	No	NA	S	S	S	S
ERR2090702	50	Intermediate	Asia	0.03	S	I100L NOT detected	indel(s) between 56th and 69th amino acid NOT detected	S	neg	S	neg	neg	S	neg	S	S-S-S-S-S	0	No	NA	S	S	S	S
ERR2090710	8	Dominant	Asia	0.03	S	I100L NOT detected	indel(s) between 56th and 69th amino acid detected	I	neg	S	neg	neg	S	neg	S	S-I-S-S-S	1	No	NA	S	S	S	S
ERR2090744	44	Intermediate	Asia	0.03	S	I100L NOT detected	indel(s) between 56th and 69th amino acid NOT detected	S	neg	S	neg	neg	S	neg	S	S-S-S-S-S	0	No	NA	S	S	S	S
ERR2090745	96	Intermediate	Asia	0.03	S	I100L NOT detected	indel(s) between 56th and 69th amino acid NOT detected	S	neg	S	neg	neg	S	neg	S	S-S-S-S-S	0	No	NA	S	S	S	S
ERR2090746	55	Intermediate	Asia	0.12	R	I100L NOT detected	indel(s) between 56th and 69th amino acid NOT detected	S	neg	S	neg	neg	S	neg	S	R-S-S-S-S	1	No	R	S	S	S	S
ERR2090747	9	Dominant	Asia	0.25	R	I100L NOT detected	indel(s) between 56th and 69th amino acid NOT detected	S	neg	S	ermB1	neg	R	tetM	R	R-S-S-R-R	3	Yes	R	S	S	R	R
ERR2090748	212	Intermediate	Asia	0.03	S	I100L NOT detected	indel(s) between 56th and 69th amino acid NOT detected	S	neg	S	neg	neg	S	neg	S	S-S-S-S-S	0	No	NA	S	S	S	S
ERR2090749	55	Intermediate	Asia	0.12	R	I100L NOT detected	indel(s) between 56th and 69th amino acid NOT detected	S	neg	S	neg	neg	S	neg	S	R-S-S-S-S	1	No	R	S	S	S	I
ERR2090750	55	Intermediate	Asia	0.12	R	I100L NOT detected	indel(s) between 56th and 69th amino acid NOT detected	S	neg	S	neg	neg	S	neg	S	R-S-S-S-S	1	No	R	S	S	S	I
ERR2090751	3	Dominant	Asia	0.12	R	I100L detected	indel(s) between 56th and 69th amino acid detected	R	neg	S	neg	neg	S	neg	S	R-R-S-S-S	2	No	R	R	S	S	I
ERR2090752	50	Intermediate	Asia	0.03	S	I100L NOT detected	indel(s) between 56th and 69th amino acid NOT detected	S	neg	S	neg	neg	S	neg	S	S-S-S-S-S	0	No	NA	S	S	S	S
ERR2090753	55	Intermediate	Asia	0.12	R	I100L NOT detected	indel(s) between 56th and 69th amino acid NOT detected	S	neg	S	neg	neg	S	neg	S	R-S-S-S-S	1	No	R	S	S	S	I
ERR2090754	11	Dominant	Asia	0.03	S	I100L NOT detected	indel(s) between 56th and 69th amino acid detected	I	neg	S	neg	neg	S	neg	S	S-I-S-S-S	1	No	NA	S	S	S	I
ERR2090755	38	Intermediate	Asia	0.03	S	I100L NOT detected	indel(s) between 56th and 69th amino acid NOT detected	S	neg	S	neg	neg	S	neg	S	S-S-S-S-S	0	No	NA	S	S	S	S
ERR2090756	226	Rare	Asia	0.03	S	I100L NOT detected	indel(s) between 56th and 69th amino acid NOT detected	S	neg	S	neg	neg	S	neg	S	S-S-S-S-S	0	No	NA	S	S	S	S
ERR2090757	15	Dominant	Asia	0.03	S	I100L NOT detected	indel(s) between 56th and 69th amino acid NOT detected	S	neg	S	neg	neg	S	neg	S	S-S-S-S-S	0	No	NA	S	S	S	S
ERR2090758	55	Intermediate	Asia	0.12	R	I100L NOT detected	indel(s) between 56th and 69th amino acid NOT detected	S	neg	S	neg	neg	S	neg	S	R-S-S-S-S	1	No	R	S	S	S	S
ERR2090759	156	Intermediate	Asia	0.12	R	I100L NOT detected	indel(s) between 56th and 69th amino acid detected	I	neg	S	neg	neg	S	neg	S	R-I-S-S-S	2	No	NA	I	S	S	I
ERR2090760	11	Dominant	Asia	0.03	S	I100L NOT detected	indel(s) between 56th and 69th amino acid detected	I	neg	S	neg	neg	S	neg	S	S-I-S-S-S	1	No	NA	S	S	S	S
ERR2090761	3	Dominant	Asia	0.03	S	I100L NOT detected	indel(s) between 56th and 69th amino acid NOT detected	S	neg	S	neg	neg	S	neg	S	S-S-S-S-S	0	No	NA	S	S	S	S
ERR2090762	48	Intermediate	Asia	0.5	R	I100L NOT detected	indel(s) between 56th and 69th amino acid NOT detected	S	neg	S	neg	neg	S	neg	S	R-S-S-S-S	1	No	R	S	S	S	S
ERR2090763	11	Dominant	Asia	0.03	S	I100L NOT detected	indel(s) between 56th and 69th amino acid detected	I	neg	S	neg	neg	S	neg	S	S-I-S-S-S	1	No	NA	R	S	S	I
ERR2090764	9	Dominant	Asia	0.25	R	I100L NOT detected	indel(s) between 56th and 69th amino acid NOT detected	S	neg	S	ermB1	neg	R	tetM	R	R-S-S-R-R	3	Yes	R	I	S	R	R
ERR2090765	11	Dominant	Asia	0.03	S	I100L NOT detected	indel(s) between 56th and 69th amino acid detected	I	neg	S	neg	neg	S	neg	S	S-I-S-S-S	1	No	NA	I	S	S	S
ERR2090766	55	Intermediate	Asia	0.12	R	I100L NOT detected	indel(s) between 56th and 69th amino acid NOT detected	S	neg	S	neg	neg	S	neg	S	R-S-S-S-S	1	No	R	S	S	S	S
ERR2090767	55	Intermediate	Asia	0.12	R	I100L NOT detected	indel(s) between 56th and 69th amino acid NOT detected	S	neg	S	neg	neg	S	neg	S	R-S-S-S-S	1	No	R	S	S	S	S
ERR2090768	38	Intermediate	Asia	0.03	S	I100L NOT detected	indel(s) between 56th and 69th amino acid NOT detected	S	neg	S	neg	neg	S	neg	S	S-S-S-S-S	0	No	NA	S	S	S	S
ERR2090769	19	Dominant	Asia	0.03	S	I100L NOT detected	indel(s) between 56th and 69th amino acid NOT detected	S	neg	S	neg	neg	S	neg	S	S-S-S-S-S	0	No	NA	S	S	S	S
ERR2090770	55	Intermediate	Asia	0.12	R	I100L NOT detected	indel(s) between 56th and 69th amino acid NOT detected	S	neg	S	neg	neg	S	neg	S	R-S-S-S-S	1	No	R	S	S	S	S
ERR2090771	2	Dominant	Asia	0.03	S	I100L NOT detected	indel(s) between 56th and 69th amino acid detected	I	neg	S	neg	neg	S	neg	S	S-I-S-S-S	1	No	NA	R	S	S	S
ERR2090772	9	Dominant	Asia	0.25	R	I100L NOT detected	indel(s) between 56th and 69th amino acid NOT detected	S	neg	S	ermB1	neg	R	tetM	R	R-S-S-R-R	3	Yes	R	S	S	R	R
ERR2090773	96	Intermediate	Asia	0.03	S	I100L NOT detected	indel(s) between 56th and 69th amino acid NOT detected	S	neg	S	neg	neg	S	neg	S	S-S-S-S-S	0	No	NA	S	S	S	S
ERR2090774	55	Intermediate	Asia	0.12	R	I100L NOT detected	indel(s) between 56th and 69th amino acid NOT detected	S	neg	S	neg	neg	S	neg	S	R-S-S-S-S	1	No	R	S	S	S	S
ERR2090775	26	Dominant	Asia	0.03	S	I100L NOT detected	indel(s) between 56th and 69th amino acid detected	I	cat1	R	neg	neg	S	tetM	R	S-I-R-S-R	3	Yes	NA	R	R	S	R
ERR2090776	156	Intermediate	Asia	0.12	R	I100L NOT detected	indel(s) between 56th and 69th amino acid detected	I	neg	S	neg	neg	S	neg	S	R-I-S-S-S	2	No	R	I	S	S	S
ERR2090777	262	Rare	Asia	0.03	S	I100L NOT detected	indel(s) between 56th and 69th amino acid NOT detected	S	neg	S	neg	neg	S	neg	S	S-S-S-S-S	0	No	NA	S	S	S	S
ERR2090778	16	Dominant	Asia	0.03	S	I100L NOT detected	indel(s) between 56th and 69th amino acid NOT detected	S	neg	S	neg	neg	S	neg	S	S-S-S-S-S	0	No	NA	S	S	S	I
ERR2090779	36	Intermediate	Asia	0.03	S	I100L NOT detected	indel(s) between 56th and 69th amino acid NOT detected	S	neg	S	neg	neg	S	neg	S	S-S-S-S-S	0	No	NA	S	S	S	S
ERR2090780	11	Dominant	Asia	0.03	S	I100L NOT detected	indel(s) between 56th and 69th amino acid detected	I	neg	S	neg	neg	S	neg	S	S-I-S-S-S	1	No	NA	I	S	S	S
ERR2090781	55	Intermediate	Asia	0.12	R	I100L NOT detected	indel(s) between 56th and 69th amino acid NOT detected	S	neg	S	neg	neg	S	neg	S	R-S-S-S-S	1	No	R	S	S	S	S
ERR2090782	55	Intermediate	Asia	0.12	R	I100L NOT detected	indel(s) between 56th and 69th amino acid NOT detected	S	neg	S	neg	neg	S	neg	S	R-S-S-S-S	1	No	R	S	S	S	S
ERR2090783	5	Dominant	Asia	2	R	I100L NOT detected	indel(s) between 56th and 69th amino acid detected	I	neg	S	neg	neg	S	neg	S	R-I-S-S-S	2	No	R	I	S	S	S
ERR2090784	55	Intermediate	Asia	0.12	R	I100L NOT detected	indel(s) between 56th and 69th amino acid NOT detected	S	neg	S	neg	neg	S	neg	S	R-S-S-S-S	1	No	R	S	S	S	S
ERR2090785	213	Rare	Asia	0.25	R	I100L NOT detected	indel(s) between 56th and 69th amino acid NOT detected	S	neg	S	neg	neg	S	neg	S	R-S-S-S-S	1	No	R	S	S	S	S
ERR2090786	98	Intermediate	Asia	0.03	S	I100L NOT detected	indel(s) between 56th and 69th amino acid NOT detected	S	neg	S	neg	neg	S	neg	S	S-S-S-S-S	0	No	NA	S	S	S	S
ERR2090787	11	Dominant	Asia	0.03	S	I100L NOT detected	indel(s) between 56th and 69th amino acid detected	I	neg	S	neg	neg	S	neg	S	S-I-S-S-S	1	No	NA	I	S	S	S
ERR2090788	3	Dominant	Asia	0.03	S	I100L NOT detected	indel(s) between 56th and 69th amino acid NOT detected	S	neg	S	ermB1	neg	R	tetM	R	S-S-S-R-R	2	No	NA	S	S	R	R
ERR2090789	8	Dominant	Asia	0.03	S	I100L NOT detected	indel(s) between 56th and 69th amino acid detected	I	neg	S	neg	neg	S	neg	S	S-I-S-S-S	1	No	R	I	S	S	S
ERR2090790	48	Intermediate	Asia	0.5	R	I100L NOT detected	indel(s) between 56th and 69th amino acid NOT detected	S	neg	S	neg	neg	S	neg	S	R-S-S-S-S	1	No	R	S	S	S	S
ERR2090791	11	Dominant	Asia	0.5	R	I100L NOT detected	indel(s) between 56th and 69th amino acid NOT detected	S	neg	S	neg	neg	S	neg	S	R-S-S-S-S	1	No	R	S	S	S	S
ERR2090792	55	Intermediate	Asia	0.12	R	I100L NOT detected	indel(s) between 56th and 69th amino acid NOT detected	S	neg	S	neg	neg	S	neg	S	R-S-S-S-S	1	No	R	S	S	S	S
ERR2090793	7	Dominant	Asia	0.03	S	I100L NOT detected	indel(s) between 56th and 69th amino acid NOT detected	S	neg	S	neg	neg	S	neg	S	S-S-S-S-S	0	No	NA	S	S	S	S
ERR2090794	314	Rare	Asia	0.06	S	I100L NOT detected	indel(s) between 56th and 69th amino acid NOT detected	S	neg	S	neg	neg	S	neg	S	S-S-S-S-S	0	No	S	S	S	S	S
ERR2090795	44	Intermediate	Asia	2	R	I100L NOT detected	indel(s) between 56th and 69th amino acid NOT detected	S	neg	S	ermB1	neg	R	tetM	R	R-S-S-R-R	3	Yes	R	S	S	R	R
ERR2090796	314	Rare	Asia	0.06	S	I100L NOT detected	indel(s) between 56th and 69th amino acid NOT detected	S	neg	S	neg	neg	S	neg	S	S-S-S-S-S	0	No	S	S	S	S	S
ERR2090797	8	Dominant	Asia	0.03	S	I100L NOT detected	indel(s) between 56th and 69th amino acid detected	I	neg	S	neg	neg	S	neg	S	S-I-S-S-S	1	No	S	R	S	S	S
ERR2090798	5	Dominant	Asia	1	R	I100L NOT detected	indel(s) between 56th and 69th amino acid detected	I	neg	S	neg	neg	S	neg	S	R-I-S-S-S	2	No	R	I	S	S	S
ERR2090799	55	Intermediate	Asia	0.12	R	I100L NOT detected	indel(s) between 56th and 69th amino acid NOT detected	S	neg	S	neg	neg	S	neg	S	R-S-S-S-S	1	No	R	S	S	S	S
ERR2090800	12	Dominant	Asia	0.03	S	I100L NOT detected	indel(s) between 56th and 69th amino acid NOT detected	S	neg	S	neg	neg	S	neg	S	S-S-S-S-S	0	No	NA	S	S	S	S
ERR2090801	314	Rare	Asia	0.06	S	I100L NOT detected	indel(s) between 56th and 69th amino acid NOT detected	S	neg	S	neg	neg	S	neg	S	S-S-S-S-S	0	No	S	S	S	S	S
ERR2090802	11	Dominant	Asia	0.03	S	I100L NOT detected	indel(s) between 56th and 69th amino acid detected	I	neg	S	neg	neg	S	neg	S	S-I-S-S-S	1	No	NA	I	S	S	S
ERR2090803	6	Dominant	Asia	4	R	I100L NOT detected	indel(s) between 56th and 69th amino acid NOT detected	S	neg	S	ermB1	neg	R	neg	S	R-S-S-R-S	2	No	R	S	S	R	I
ERR2090804	55	Intermediate	Asia	0.12	R	I100L NOT detected	indel(s) between 56th and 69th amino acid NOT detected	S	neg	S	neg	neg	S	neg	S	R-S-S-S-S	1	No	R	S	S	S	S
ERR2090805	11	Dominant	Asia	0.03	S	I100L NOT detected	indel(s) between 56th and 69th amino acid detected	I	neg	S	neg	neg	S	neg	S	S-I-S-S-S	1	No	NA	R	S	S	S
ERR2090806	55	Intermediate	Asia	0.12	R	I100L NOT detected	indel(s) between 56th and 69th amino acid NOT detected	S	neg	S	neg	neg	S	neg	S	R-S-S-S-S	1	No	R	S	S	S	S
ERR2090808	38	Intermediate	Asia	0.03	S	I100L NOT detected	indel(s) between 56th and 69th amino acid NOT detected	S	neg	S	neg	neg	S	neg	S	S-S-S-S-S	0	No	NA	S	S	S	S
ERR2090809	11	Dominant	Asia	0.03	S	I100L NOT detected	indel(s) between 56th and 69th amino acid detected	I	neg	S	neg	neg	S	neg	S	S-I-S-S-S	1	No	NA	R	S	S	S
ERR2090813	55	Intermediate	Asia	0.12	R	I100L NOT detected	indel(s) between 56th and 69th amino acid NOT detected	S	neg	S	neg	neg	S	neg	S	R-S-S-S-S	1	No	R	S	S	S	S
ERR2090815	38	Intermediate	Asia	0.03	S	I100L NOT detected	indel(s) between 56th and 69th amino acid NOT detected	S	neg	S	neg	neg	S	neg	S	S-S-S-S-S	0	No	NA	S	S	S	S
ERR2090816	156	Intermediate	Asia	0.12	R	I100L NOT detected	indel(s) between 56th and 69th amino acid detected	I	neg	S	neg	neg	S	neg	S	R-I-S-S-S	2	No	S	S	S	S	S
ERR2090817	102	Intermediate	Asia	0.25	R	I100L detected	indel(s) between 56th and 69th amino acid detected	R	neg	S	neg	neg	S	neg	S	R-R-S-S-S	2	No	R	R	S	S	S
ERR2090821	55	Intermediate	Asia	0.12	R	I100L NOT detected	indel(s) between 56th and 69th amino acid NOT detected	S	neg	S	neg	neg	S	neg	S	R-S-S-S-S	1	No	R	S	S	S	I
ERR2090822	139	Intermediate	Asia	0.03	S	I100L NOT detected	indel(s) between 56th and 69th amino acid NOT detected	S	neg	S	neg	neg	S	tetM	R	S-S-S-S-R	1	No	NA	S	S	S	R
ERR2090823	55	Intermediate	Asia	0.12	R	I100L NOT detected	indel(s) between 56th and 69th amino acid NOT detected	S	neg	S	neg	neg	S	neg	S	R-S-S-S-S	1	No	R	S	S	S	S
ERR2090824	55	Intermediate	Asia	0.12	R	I100L NOT detected	indel(s) between 56th and 69th amino acid NOT detected	S	neg	S	neg	neg	S	neg	S	R-S-S-S-S	1	No	R	I	S	S	S
ERR2090825	55	Intermediate	Asia	0.12	R	I100L NOT detected	indel(s) between 56th and 69th amino acid NOT detected	S	neg	S	neg	neg	S	neg	S	R-S-S-S-S	1	No	R	I	S	S	S
ERR2090826	156	Intermediate	Asia	0.12	R	I100L NOT detected	indel(s) between 56th and 69th amino acid detected	I	neg	S	neg	neg	S	neg	S	R-I-S-S-S	2	No	S	I	S	S	S
ERR2090827	55	Intermediate	Asia	0.12	R	I100L NOT detected	indel(s) between 56th and 69th amino acid NOT detected	S	neg	S	neg	neg	S	neg	S	R-S-S-S-S	1	No	R	S	S	S	S
ERR2090828	16	Dominant	Asia	0.03	S	I100L NOT detected	indel(s) between 56th and 69th amino acid NOT detected	S	neg	S	neg	neg	S	neg	S	S-S-S-S-S	0	No	NA	S	S	S	S
ERR2090829	10	Dominant	Asia	0.5	R	I100L NOT detected	indel(s) between 56th and 69th amino acid NOT detected	S	neg	S	ermB1	neg	R	tetM	R	R-S-S-R-R	3	Yes	R	R	S	R	S
ERR2090830	3	Dominant	Asia	0.03	S	I100L NOT detected	indel(s) between 56th and 69th amino acid NOT detected	S	neg	S	neg	neg	S	neg	S	S-S-S-S-S	0	No	NA	S	S	S	S
ERR2090832	55	Intermediate	Asia	0.12	R	I100L NOT detected	indel(s) between 56th and 69th amino acid NOT detected	S	neg	S	neg	neg	S	neg	S	R-S-S-S-S	1	No	R	S	S	S	S
ERR2090834	10	Dominant	Asia	0.5	R	I100L NOT detected	indel(s) between 56th and 69th amino acid NOT detected	S	neg	S	ermB1	neg	R	tetM	R	R-S-S-R-R	3	Yes	R	R	S	R	S
ERR2090836	11	Dominant	Asia	0.03	S	I100L NOT detected	indel(s) between 56th and 69th amino acid detected	I	neg	S	neg	neg	S	neg	S	S-I-S-S-S	1	No	NA	I	S	S	S
ERR2090837	11	Dominant	Asia	0.03	S	I100L NOT detected	indel(s) between 56th and 69th amino acid detected	I	neg	S	neg	neg	S	neg	S	S-I-S-S-S	1	No	NA	I	S	S	S
ERR2090838	55	Intermediate	Asia	0.12	R	I100L NOT detected	indel(s) between 56th and 69th amino acid NOT detected	S	neg	S	neg	neg	S	neg	S	R-S-S-S-S	1	No	R	S	S	S	S
ERR2090871	6	Dominant	Asia	4	R	I100L detected	indel(s) between 56th and 69th amino acid detected	R	neg	S	neg	neg	S	neg	S	R-R-S-S-S	2	No	NA	NA	NA	NA	NA
ERR2090875	13	Dominant	Asia	0.5	R	I100L NOT detected	indel(s) between 56th and 69th amino acid NOT detected	S	neg	S	neg	mef1	R	neg	S	R-S-S-R-S	2	No	NA	NA	NA	NA	NA
ERR2090876	6	Dominant	Asia	4	R	I100L detected	indel(s) between 56th and 69th amino acid detected	R	neg	S	neg	neg	S	neg	S	R-R-S-S-S	2	No	NA	NA	NA	NA	NA
ERR2090881	8	Dominant	Asia	0.12	S	I100L NOT detected	indel(s) between 56th and 69th amino acid detected	I	neg	S	neg	neg	S	neg	S	S-I-S-S-S	1	No	NA	NA	NA	NA	NA
ERR2090882	44	Intermediate	Asia	0.06	S	I100L NOT detected	indel(s) between 56th and 69th amino acid NOT detected	S	neg	S	neg	neg	S	neg	S	S-S-S-S-S	0	No	NA	NA	NA	NA	NA
ERR2090888	8	Dominant	Asia	0.12	S	I100L NOT detected	indel(s) between 56th and 69th amino acid detected	I	neg	S	neg	neg	S	neg	S	S-I-S-S-S	1	No	NA	NA	NA	NA	NA
ERR2090900	8	Dominant	Asia	0.12	S	I100L NOT detected	indel(s) between 56th and 69th amino acid detected	I	neg	S	neg	neg	S	neg	S	S-I-S-S-S	1	No	NA	NA	NA	NA	NA
ERR2090901	8	Dominant	Asia	0.03	S	I100L NOT detected	indel(s) between 56th and 69th amino acid detected	I	neg	S	neg	neg	S	neg	S	S-I-S-S-S	1	No	NA	NA	NA	NA	NA
ERR2090902	31	Dominant	Asia	0.03	S	I100L NOT detected	indel(s) between 56th and 69th amino acid NOT detected	S	neg	S	neg	neg	S	neg	S	S-S-S-S-S	0	No	NA	NA	NA	NA	NA
ERR2090905	5	Dominant	Asia	0.25	R	I100L NOT detected	indel(s) between 56th and 69th amino acid NOT detected	S	neg	S	neg	neg	S	neg	S	R-S-S-S-S	1	No	NA	NA	NA	NA	NA
ERR2090906	342	Rare	Asia	0.03	S	I100L NOT detected	indel(s) between 56th and 69th amino acid NOT detected	S	neg	S	neg	neg	S	neg	S	S-S-S-S-S	0	No	NA	NA	NA	NA	NA
ERR2090907	2	Dominant	Asia	0.03	S	I100L detected	indel(s) between 56th and 69th amino acid detected	R	neg	S	neg	neg	S	neg	S	S-R-S-S-S	1	No	NA	NA	NA	NA	NA
ERR2090908	23	Dominant	Asia	2	R	I100L detected	indel(s) between 56th and 69th amino acid detected	R	cat1	R	ermB1	neg	R	tetM	R	R-R-R-R-R	5	Yes	NA	NA	NA	NA	NA
ERR2090909	185	Intermediate	Asia	0.5	R	I100L NOT detected	indel(s) between 56th and 69th amino acid detected	I	neg	S	neg	neg	S	neg	S	R-I-S-S-S	2	No	NA	NA	NA	NA	NA
ERR2090910	7	Dominant	Asia	0.03	S	I100L NOT detected	indel(s) between 56th and 69th amino acid NOT detected	S	neg	S	neg	neg	S	neg	S	S-S-S-S-S	0	No	NA	NA	NA	NA	NA
ERR2090913	13	Dominant	Asia	0.5	R	I100L NOT detected	indel(s) between 56th and 69th amino acid NOT detected	S	neg	S	neg	mef1	R	neg	S	R-S-S-R-S	2	No	NA	NA	NA	NA	NA
ERR2090914	23	Dominant	Asia	2	R	I100L detected	indel(s) between 56th and 69th amino acid detected	R	cat1	R	ermB1	neg	R	tetM	R	R-R-R-R-R	5	Yes	NA	NA	NA	NA	NA
ERR2090915	262	Rare	Asia	0.06	S	I100L NOT detected	indel(s) between 56th and 69th amino acid NOT detected	S	neg	S	neg	neg	S	neg	S	S-S-S-S-S	0	No	NA	NA	NA	NA	NA
ERR2090917	6	Dominant	Asia	2	R	I100L detected	indel(s) between 56th and 69th amino acid detected	R	neg	S	neg	neg	S	neg	S	R-R-S-S-S	2	No	NA	NA	NA	NA	NA
ERR2090919	13	Dominant	Asia	0.5	R	I100L NOT detected	indel(s) between 56th and 69th amino acid NOT detected	S	neg	S	neg	mef1	R	neg	S	R-S-S-R-S	2	No	NA	NA	NA	NA	NA
ERR2090920	14	Dominant	Asia	2	R	I100L detected	indel(s) between 56th and 69th amino acid detected	R	neg	S	neg	mef1	R	tetM	R	R-R-S-R-R	4	Yes	NA	NA	NA	NA	NA
ERR2090921	29	Intermediate	Asia	0.03	S	I100L NOT detected	indel(s) between 56th and 69th amino acid NOT detected	S	neg	S	neg	neg	S	neg	S	S-S-S-S-S	0	No	NA	NA	NA	NA	NA
ERR2090922	10	Dominant	Asia	2	R	I100L NOT detected	indel(s) between 56th and 69th amino acid NOT detected	S	neg	S	ermB1	neg	R	tetM	R	R-S-S-R-R	3	Yes	NA	NA	NA	NA	NA
ERR2090923	113	Intermediate	Asia	2	R	I100L detected	indel(s) between 56th and 69th amino acid detected	R	neg	S	neg	neg	S	neg	S	R-R-S-S-S	2	No	NA	NA	NA	NA	NA
ERR2090925	31	Dominant	Asia	0.03	S	I100L NOT detected	indel(s) between 56th and 69th amino acid detected	I	neg	S	neg	neg	S	neg	S	S-I-S-S-S	1	No	NA	NA	NA	NA	NA
ERR2090926	6	Dominant	Asia	2	R	I100L detected	indel(s) between 56th and 69th amino acid detected	R	neg	S	ermB1	neg	R	tetM	R	R-R-S-R-R	4	Yes	NA	NA	NA	NA	NA
ERR2090927	5	Dominant	Asia	1	R	I100L NOT detected	indel(s) between 56th and 69th amino acid detected	I	neg	S	neg	neg	S	neg	S	R-I-S-S-S	2	No	NA	NA	NA	NA	NA
ERR2090928	47	Dominant	Asia	0.12	R	I100L NOT detected	indel(s) between 56th and 69th amino acid detected	I	neg	S	ermB1	neg	R	tetM	R	R-I-S-R-R	4	Yes	NA	NA	NA	NA	NA
ERR2090929	6	Dominant	Asia	2	R	I100L detected	indel(s) between 56th and 69th amino acid detected	R	neg	S	neg	neg	S	neg	S	R-R-S-S-S	2	No	NA	NA	NA	NA	NA
ERR2090930	198	Intermediate	Asia	0.12	R	I100L NOT detected	indel(s) between 56th and 69th amino acid detected	I	cat1	R	ermB1	neg	R	tetM	R	R-I-R-R-R	5	Yes	NA	NA	NA	NA	NA
ERR2090932	43	Dominant	Asia	0.03	S	I100L NOT detected	indel(s) between 56th and 69th amino acid detected	I	neg	S	neg	mef1	R	tetM	R	S-I-S-R-R	3	Yes	NA	NA	NA	NA	NA
ERR2090933	47	Dominant	Asia	0.12	R	I100L NOT detected	indel(s) between 56th and 69th amino acid detected	I	neg	S	ermB1	neg	R	tetM	R	R-I-S-R-R	4	Yes	NA	NA	NA	NA	NA
ERR2090934	6	Dominant	Asia	0.03	S	I100L detected	indel(s) between 56th and 69th amino acid detected	R	neg	S	neg	neg	S	neg	S	S-R-S-S-S	1	No	NA	NA	NA	NA	NA
ERR2090936	18	Dominant	Asia	0.03	S	I100L NOT detected	indel(s) between 56th and 69th amino acid NOT detected	S	neg	S	neg	mef1	R	neg	S	S-S-S-R-S	1	No	NA	NA	NA	NA	NA
ERR2090937	5	Dominant	Asia	2	R	I100L detected	indel(s) between 56th and 69th amino acid detected	R	neg	S	neg	neg	S	neg	S	R-R-S-S-S	2	No	NA	NA	NA	NA	NA
ERR2090938	23	Dominant	Asia	2	R	I100L detected	indel(s) between 56th and 69th amino acid detected	R	cat1	R	ermB1	neg	R	tetM	R	R-R-R-R-R	5	Yes	NA	NA	NA	NA	NA
ERR2090939	7	Dominant	Asia	0.03	S	I100L detected	indel(s) between 56th and 69th amino acid detected	R	neg	S	neg	neg	S	neg	S	S-R-S-S-S	1	No	NA	NA	NA	NA	NA
ERR2090941	47	Dominant	Asia	0.12	R	I100L NOT detected	indel(s) between 56th and 69th amino acid detected	I	neg	S	ermB1	neg	R	tetM	R	R-I-S-R-R	4	Yes	NA	NA	NA	NA	NA
ERR2090942	7	Dominant	Asia	0.03	S	I100L NOT detected	indel(s) between 56th and 69th amino acid NOT detected	S	neg	S	neg	neg	S	neg	S	S-S-S-S-S	0	No	NA	NA	NA	NA	NA
ERR2090943	6	Dominant	Asia	4	R	I100L detected	indel(s) between 56th and 69th amino acid detected	R	neg	S	neg	neg	S	neg	S	R-R-S-S-S	2	No	NA	NA	NA	NA	NA
ERR2090944	2	Dominant	Asia	0.03	S	I100L NOT detected	indel(s) between 56th and 69th amino acid detected	I	neg	S	neg	neg	S	neg	S	S-I-S-S-S	1	No	NA	NA	NA	NA	NA
ERR2090945	43	Dominant	Asia	0.03	S	I100L NOT detected	indel(s) between 56th and 69th amino acid detected	I	neg	S	neg	mef1	R	tetM	R	S-I-S-R-R	3	Yes	NA	NA	NA	NA	NA
ERR2090946	39	Intermediate	Asia	0.03	S	I100L NOT detected	indel(s) between 56th and 69th amino acid NOT detected	S	neg	S	neg	neg	S	neg	S	S-S-S-S-S	0	No	NA	NA	NA	NA	NA
ERR2090947	6	Dominant	Asia	2	R	I100L detected	indel(s) between 56th and 69th amino acid detected	R	neg	S	neg	neg	S	neg	S	R-R-S-S-S	2	No	NA	NA	NA	NA	NA
ERR2090948	213	Rare	Asia	0.25	R	I100L NOT detected	indel(s) between 56th and 69th amino acid NOT detected	S	neg	S	neg	neg	S	neg	S	R-S-S-S-S	1	No	NA	NA	NA	NA	NA
ERR2090949	5	Dominant	Asia	1	R	I100L detected	indel(s) between 56th and 69th amino acid detected	R	neg	S	neg	neg	S	neg	S	R-R-S-S-S	2	No	NA	NA	NA	NA	NA
ERR2090950	198	Intermediate	Asia	0.03	S	I100L NOT detected	indel(s) between 56th and 69th amino acid NOT detected	S	neg	S	neg	neg	S	neg	S	S-S-S-S-S	0	No	NA	NA	NA	NA	NA
ERR2090951	6	Dominant	Asia	2	R	I100L detected	indel(s) between 56th and 69th amino acid detected	R	neg	S	neg	neg	S	neg	S	R-R-S-S-S	2	No	NA	NA	NA	NA	NA
ERR2090952	18	Dominant	Asia	0.03	S	I100L NOT detected	indel(s) between 56th and 69th amino acid NOT detected	S	neg	S	neg	mef1	R	neg	S	S-S-S-R-S	1	No	NA	NA	NA	NA	NA
ERR2090954	13	Dominant	Asia	0.5	R	I100L NOT detected	indel(s) between 56th and 69th amino acid NOT detected	S	neg	S	neg	mef1	R	neg	S	R-S-S-R-S	2	No	NA	NA	NA	NA	NA
ERR2090955	113	Intermediate	Asia	2	R	I100L detected	indel(s) between 56th and 69th amino acid detected	R	neg	S	neg	neg	S	neg	S	R-R-S-S-S	2	No	NA	NA	NA	NA	NA
ERR2090956	6	Dominant	Asia	0.03	S	I100L detected	indel(s) between 56th and 69th amino acid detected	R	neg	S	neg	neg	S	neg	S	S-R-S-S-S	1	No	NA	NA	NA	NA	NA
ERR2090957	13	Dominant	Asia	0.5	R	I100L NOT detected	indel(s) between 56th and 69th amino acid NOT detected	S	neg	S	neg	mef1	R	neg	S	R-S-S-R-S	2	No	NA	NA	NA	NA	NA
ERR2090960	2	Dominant	Asia	0.03	S	I100L detected	indel(s) between 56th and 69th amino acid detected	R	neg	S	neg	neg	S	neg	S	S-R-S-S-S	1	No	NA	NA	NA	NA	NA
ERR2090961	55	Intermediate	Asia	0.12	R	I100L NOT detected	indel(s) between 56th and 69th amino acid NOT detected	S	neg	S	neg	neg	S	neg	S	R-S-S-S-S	1	No	NA	NA	NA	NA	NA
ERR2090962	6	Dominant	Asia	2	R	I100L detected	indel(s) between 56th and 69th amino acid detected	R	neg	S	neg	neg	S	neg	S	R-R-S-S-S	2	No	NA	NA	NA	NA	NA
ERR2090963	18	Dominant	Asia	0.03	S	I100L NOT detected	indel(s) between 56th and 69th amino acid NOT detected	S	neg	S	neg	mef1	R	neg	S	S-S-S-R-S	1	No	NA	NA	NA	NA	NA
ERR2090964	44	Intermediate	Asia	0.12	R	I100L NOT detected	indel(s) between 56th and 69th amino acid NOT detected	S	neg	S	ermB1	neg	R	tetM	R	R-S-S-R-R	3	Yes	NA	NA	NA	NA	NA
ERR2090965	31	Dominant	Asia	0.03	S	I100L NOT detected	indel(s) between 56th and 69th amino acid detected	I	neg	S	neg	neg	S	neg	S	S-I-S-S-S	1	No	NA	NA	NA	NA	NA
ERR2090966	70	Intermediate	Asia	0.03	S	I100L NOT detected	indel(s) between 56th and 69th amino acid NOT detected	S	neg	S	neg	neg	S	neg	S	S-S-S-S-S	0	No	NA	NA	NA	NA	NA
ERR2090967	43	Dominant	Asia	0.03	S	I100L NOT detected	indel(s) between 56th and 69th amino acid detected	I	neg	S	neg	neg	S	neg	S	S-I-S-S-S	1	No	NA	NA	NA	NA	NA
ERR2090973	5	Dominant	Asia	0.25	R	I100L NOT detected	indel(s) between 56th and 69th amino acid detected	I	neg	S	neg	neg	S	neg	S	R-I-S-S-S	2	No	NA	NA	NA	NA	NA
ERR2090975	5	Dominant	Asia	0.25	R	I100L NOT detected	indel(s) between 56th and 69th amino acid detected	I	neg	S	neg	neg	S	neg	S	R-I-S-S-S	2	No	NA	NA	NA	NA	NA
ERR2090977	6	Dominant	Asia	4	R	I100L detected	indel(s) between 56th and 69th amino acid detected	R	neg	S	ermB1	neg	R	tetM	R	R-R-S-R-R	4	Yes	NA	NA	NA	NA	NA
ERR2090978	6	Dominant	Asia	4	R	I100L detected	indel(s) between 56th and 69th amino acid detected	R	neg	S	neg	neg	S	neg	S	R-R-S-S-S	2	No	NA	NA	NA	NA	NA
ERR2090979	98	Intermediate	Asia	0.03	S	I100L NOT detected	indel(s) between 56th and 69th amino acid NOT detected	S	neg	S	neg	neg	S	neg	S	S-S-S-S-S	0	No	NA	NA	NA	NA	NA
ERR2090980	6	Dominant	Asia	4	R	I100L detected	indel(s) between 56th and 69th amino acid detected	R	neg	S	neg	neg	S	neg	S	R-R-S-S-S	2	No	NA	NA	NA	NA	NA
ERR2090981	6	Dominant	Asia	0.03	S	I100L detected	indel(s) between 56th and 69th amino acid detected	R	neg	S	neg	neg	S	neg	S	S-R-S-S-S	1	No	NA	NA	NA	NA	NA
ERR2090982	6	Dominant	Asia	2	R	I100L detected	indel(s) between 56th and 69th amino acid detected	R	neg	S	neg	neg	S	neg	S	R-R-S-S-S	2	No	NA	NA	NA	NA	NA
ERR2090984	18	Dominant	Asia	0.03	S	I100L NOT detected	indel(s) between 56th and 69th amino acid NOT detected	S	neg	S	neg	mef1	R	neg	S	S-S-S-R-S	1	No	NA	NA	NA	NA	NA
ERR2090985	47	Dominant	Asia	0.12	R	I100L NOT detected	indel(s) between 56th and 69th amino acid detected	I	neg	S	ermB1	neg	R	tetM	R	R-I-S-R-R	4	Yes	NA	NA	NA	NA	NA
ERR2090987	113	Intermediate	Asia	2	R	I100L detected	indel(s) between 56th and 69th amino acid detected	R	neg	S	neg	neg	S	neg	S	R-R-S-S-S	2	No	NA	NA	NA	NA	NA
ERR2090988	2	Dominant	Asia	0.03	S	I100L NOT detected	indel(s) between 56th and 69th amino acid detected	I	neg	S	neg	neg	S	neg	S	S-I-S-S-S	1	No	NA	NA	NA	NA	NA
ERR2090990	290	Rare	Asia	0.03	S	I100L NOT detected	indel(s) between 56th and 69th amino acid NOT detected	S	neg	S	neg	neg	S	neg	S	S-S-S-S-S	0	No	NA	NA	NA	NA	NA
ERR2090991	29	Intermediate	Asia	0.03	S	I100L NOT detected	indel(s) between 56th and 69th amino acid NOT detected	S	neg	S	neg	neg	S	neg	S	S-S-S-S-S	0	No	NA	NA	NA	NA	NA
ERR2090992	213	Rare	Asia	0.25	R	I100L NOT detected	indel(s) between 56th and 69th amino acid NOT detected	S	neg	S	neg	neg	S	neg	S	R-S-S-S-S	1	No	NA	NA	NA	NA	NA
ERR2090994	27	Dominant	Asia	0.03	S	I100L NOT detected	indel(s) between 56th and 69th amino acid NOT detected	S	neg	S	neg	neg	S	neg	S	S-S-S-S-S	0	No	NA	NA	NA	NA	NA
ERR2090995	185	Intermediate	Asia	0.5	R	I100L NOT detected	indel(s) between 56th and 69th amino acid detected	I	neg	S	neg	neg	S	neg	S	R-I-S-S-S	2	No	NA	NA	NA	NA	NA
ERR2090996	6	Dominant	Asia	4	R	I100L detected	indel(s) between 56th and 69th amino acid detected	R	neg	S	neg	neg	S	neg	S	R-R-S-S-S	2	No	NA	NA	NA	NA	NA
ERR2090997	6	Dominant	Asia	0.03	S	I100L detected	indel(s) between 56th and 69th amino acid detected	R	neg	S	neg	neg	S	neg	S	S-R-S-S-S	1	No	NA	NA	NA	NA	NA
ERR2090998	6	Dominant	Asia	4	R	I100L detected	indel(s) between 56th and 69th amino acid detected	R	neg	S	neg	neg	S	neg	S	R-R-S-S-S	2	No	NA	NA	NA	NA	NA
ERR2090999	38	Intermediate	Asia	0.03	S	I100L NOT detected	indel(s) between 56th and 69th amino acid NOT detected	S	neg	S	neg	neg	S	neg	S	S-S-S-S-S	0	No	NA	NA	NA	NA	NA
ERR2091000	13	Dominant	Asia	0.5	R	I100L NOT detected	indel(s) between 56th and 69th amino acid NOT detected	S	neg	S	neg	mef1	R	neg	S	R-S-S-R-S	2	No	NA	NA	NA	NA	NA
ERR2091001	6	Dominant	Asia	4	R	I100L detected	indel(s) between 56th and 69th amino acid detected	R	neg	S	neg	neg	S	neg	S	R-R-S-S-S	2	No	NA	NA	NA	NA	NA
ERR2091002	6	Dominant	Asia	4	R	I100L detected	indel(s) between 56th and 69th amino acid detected	R	neg	S	neg	neg	S	neg	S	R-R-S-S-S	2	No	NA	NA	NA	NA	NA
ERR2091003	5	Dominant	Asia	0.25	R	I100L NOT detected	indel(s) between 56th and 69th amino acid NOT detected	S	neg	S	neg	neg	S	neg	S	R-S-S-S-S	1	No	NA	NA	NA	NA	NA
ERR2091004	67	Intermediate	Asia	0.03	S	I100L NOT detected	indel(s) between 56th and 69th amino acid NOT detected	S	neg	S	neg	neg	S	neg	S	S-S-S-S-S	0	No	NA	NA	NA	NA	NA
ERR2091005	585	Rare	Asia	1	R	I100L NOT detected	indel(s) between 56th and 69th amino acid detected	I	neg	S	neg	neg	S	tetM	R	R-I-S-S-R	3	Yes	NA	NA	NA	NA	NA
ERR2091006	6	Dominant	Asia	4	R	I100L detected	indel(s) between 56th and 69th amino acid detected	R	neg	S	neg	neg	S	neg	S	R-R-S-S-S	2	No	NA	NA	NA	NA	NA
ERR2091008	29	Intermediate	Asia	0.03	S	I100L NOT detected	indel(s) between 56th and 69th amino acid NOT detected	S	neg	S	neg	neg	S	neg	S	S-S-S-S-S	0	No	NA	NA	NA	NA	NA
ERR2091009	50	Intermediate	Asia	0.03	S	I100L NOT detected	indel(s) between 56th and 69th amino acid NOT detected	S	neg	S	neg	neg	S	neg	S	S-S-S-S-S	0	No	NA	NA	NA	NA	NA
ERR2091012	2	Dominant	Asia	0.03	S	I100L NOT detected	indel(s) between 56th and 69th amino acid detected	I	neg	S	neg	neg	S	neg	S	S-I-S-S-S	1	No	NA	NA	NA	NA	NA
ERR2091014	13	Dominant	Asia	0.5	R	I100L NOT detected	indel(s) between 56th and 69th amino acid NOT detected	S	neg	S	neg	mef1	R	neg	S	R-S-S-R-S	2	No	NA	NA	NA	NA	NA
ERR2091017	5	Dominant	Asia	2	R	I100L detected	indel(s) between 56th and 69th amino acid detected	R	neg	S	neg	neg	S	neg	S	R-R-S-S-S	2	No	NA	NA	NA	NA	NA
ERR2091023	7	Dominant	Asia	0.03	S	I100L NOT detected	indel(s) between 56th and 69th amino acid NOT detected	S	neg	S	neg	neg	S	neg	S	S-S-S-S-S	0	No	NA	NA	NA	NA	NA
ERR2091025	6	Dominant	Asia	4	R	I100L detected	indel(s) between 56th and 69th amino acid detected	R	neg	S	neg	neg	S	neg	S	R-R-S-S-S	2	No	NA	NA	NA	NA	NA
ERR2091029	55	Intermediate	Asia	0.12	R	I100L NOT detected	indel(s) between 56th and 69th amino acid NOT detected	S	neg	S	neg	neg	S	neg	S	R-S-S-S-S	1	No	NA	NA	NA	NA	NA
ERR2091034	6	Dominant	Asia	0.03	S	I100L detected	indel(s) between 56th and 69th amino acid detected	R	neg	S	neg	neg	S	neg	S	S-R-S-S-S	1	No	NA	NA	NA	NA	NA
ERR2091037	50	Intermediate	Asia	0.03	S	I100L NOT detected	indel(s) between 56th and 69th amino acid detected	I	neg	S	neg	neg	S	neg	S	S-I-S-S-S	1	No	NA	NA	NA	NA	NA
ERR2091038	13	Dominant	Asia	0.5	R	I100L NOT detected	indel(s) between 56th and 69th amino acid NOT detected	S	neg	S	neg	mef1	R	neg	S	R-S-S-R-S	2	No	NA	NA	NA	NA	NA
ERR2091041	6	Dominant	Asia	2	R	I100L detected	indel(s) between 56th and 69th amino acid detected	R	neg	S	neg	neg	S	neg	S	R-R-S-S-S	2	No	NA	NA	NA	NA	NA
ERR2091044	8	Dominant	Asia	0.12	S	I100L NOT detected	indel(s) between 56th and 69th amino acid detected	I	neg	S	neg	neg	S	neg	S	S-I-S-S-S	1	No	NA	NA	NA	NA	NA
ERR2091049	7	Dominant	Asia	0.03	S	I100L NOT detected	indel(s) between 56th and 69th amino acid detected	I	neg	S	neg	neg	S	neg	S	S-I-S-S-S	1	No	NA	NA	NA	NA	NA
ERR2091052	2	Dominant	Asia	0.03	S	I100L NOT detected	indel(s) between 56th and 69th amino acid detected	I	neg	S	neg	neg	S	neg	S	S-I-S-S-S	1	No	NA	NA	NA	NA	NA
ERR2091054	342	Rare	Asia	0.03	S	I100L NOT detected	indel(s) between 56th and 69th amino acid NOT detected	S	neg	S	neg	neg	S	neg	S	S-S-S-S-S	0	No	NA	NA	NA	NA	NA
ERR2091058	13	Dominant	Asia	0.5	R	I100L NOT detected	indel(s) between 56th and 69th amino acid NOT detected	S	neg	S	neg	mef1	R	neg	S	R-S-S-R-S	2	No	NA	NA	NA	NA	NA
ERR2091062	3	Dominant	Asia	0.03	S	I100L NOT detected	indel(s) between 56th and 69th amino acid NOT detected	S	neg	S	neg	neg	S	neg	S	S-S-S-S-S	0	No	NA	NA	NA	NA	NA
ERR2091065	16	Dominant	Asia	0.03	S	I100L NOT detected	indel(s) between 56th and 69th amino acid NOT detected	S	neg	S	neg	neg	S	neg	S	S-S-S-S-S	0	No	NA	NA	NA	NA	NA
ERR2091067	6	Dominant	Asia	2	R	I100L detected	indel(s) between 56th and 69th amino acid detected	R	neg	S	neg	neg	S	neg	S	R-R-S-S-S	2	No	NA	NA	NA	NA	NA
ERR2091068	11	Dominant	Asia	0.5	R	I100L detected	indel(s) between 56th and 69th amino acid detected	R	neg	S	neg	neg	S	neg	S	R-R-S-S-S	2	No	NA	NA	NA	NA	NA
ERR2091069	18	Dominant	Asia	0.03	S	I100L NOT detected	indel(s) between 56th and 69th amino acid NOT detected	S	neg	S	neg	mef1	R	neg	S	S-S-S-R-S	1	No	NA	NA	NA	NA	NA
ERR2091070	113	Intermediate	Asia	2	R	I100L detected	indel(s) between 56th and 69th amino acid NOT detected	I	neg	S	neg	neg	S	neg	S	R-I-S-S-S	2	No	NA	NA	NA	NA	NA
ERR2091071	121	Intermediate	Asia	0.25	R	I100L NOT detected	indel(s) between 56th and 69th amino acid NOT detected	S	neg	S	neg	neg	S	neg	S	R-S-S-S-S	1	No	NA	NA	NA	NA	NA
ERR2091073	13	Dominant	Asia	0.5	R	I100L NOT detected	indel(s) between 56th and 69th amino acid NOT detected	S	neg	S	neg	mef1	R	neg	S	R-S-S-R-S	2	No	NA	NA	NA	NA	NA
ERR2091074	5	Dominant	Asia	0.5	R	I100L detected	indel(s) between 56th and 69th amino acid detected	R	neg	S	neg	neg	S	neg	S	R-R-S-S-S	2	No	NA	NA	NA	NA	NA
ERR2091077	23	Dominant	Asia	2	R	I100L detected	indel(s) between 56th and 69th amino acid detected	R	cat1	R	ermB1	neg	R	tetM	R	R-R-R-R-R	5	Yes	NA	NA	NA	NA	NA
ERR2091078	86	Intermediate	Asia	0.03	S	I100L NOT detected	indel(s) between 56th and 69th amino acid detected	I	neg	S	neg	neg	S	neg	S	S-I-S-S-S	1	No	NA	NA	NA	NA	NA
ERR2091079	47	Dominant	Asia	0.12	R	I100L NOT detected	indel(s) between 56th and 69th amino acid detected	I	neg	S	ermB1	neg	R	tetM	R	R-I-S-R-R	4	Yes	NA	NA	NA	NA	NA
ERR2091080	7	Dominant	Asia	0.03	S	I100L detected	indel(s) between 56th and 69th amino acid detected	R	neg	S	neg	neg	S	neg	S	S-R-S-S-S	1	No	NA	NA	NA	NA	NA
ERR2091081	47	Dominant	Asia	0.12	R	I100L NOT detected	indel(s) between 56th and 69th amino acid detected	I	neg	S	ermB1	neg	R	tetM	R	R-I-S-R-R	4	Yes	NA	NA	NA	NA	NA
ERR2091082	5	Dominant	Asia	0.25	R	I100L NOT detected	indel(s) between 56th and 69th amino acid NOT detected	S	neg	S	neg	neg	S	neg	S	R-S-S-S-S	1	No	NA	NA	NA	NA	NA
ERR2091083	113	Intermediate	Asia	2	R	I100L detected	indel(s) between 56th and 69th amino acid detected	R	neg	S	neg	neg	S	neg	S	R-R-S-S-S	2	No	NA	NA	NA	NA	NA
ERR2091084	113	Intermediate	Asia	2	R	I100L detected	indel(s) between 56th and 69th amino acid detected	R	neg	S	neg	neg	S	neg	S	R-R-S-S-S	2	No	NA	NA	NA	NA	NA
ERR2091085	1	Dominant	Asia	2	R	I100L detected	indel(s) between 56th and 69th amino acid detected	R	neg	S	neg	mef1	R	tetM	R	R-R-S-R-R	4	Yes	NA	NA	NA	NA	NA
ERR2091086	6	Dominant	Asia	2	R	I100L detected	indel(s) between 56th and 69th amino acid detected	R	neg	S	neg	neg	S	neg	S	R-R-S-S-S	2	No	NA	NA	NA	NA	NA
ERR2091087	44	Intermediate	Asia	0.12	R	I100L NOT detected	indel(s) between 56th and 69th amino acid NOT detected	S	neg	S	ermB1	neg	R	tetM	R	R-S-S-R-R	3	Yes	NA	NA	NA	NA	NA
ERR2091088	6	Dominant	Asia	2	R	I100L detected	indel(s) between 56th and 69th amino acid detected	R	neg	S	ermB1	neg	R	tetM	R	R-R-S-R-R	4	Yes	NA	NA	NA	NA	NA
ERR2091089	11	Dominant	Asia	0.5	R	I100L NOT detected	indel(s) between 56th and 69th amino acid NOT detected	S	neg	S	neg	neg	S	neg	S	R-S-S-S-S	1	No	NA	NA	NA	NA	NA
ERR2091092	23	Dominant	Asia	0.03	S	I100L NOT detected	indel(s) between 56th and 69th amino acid NOT detected	S	neg	S	neg	neg	S	neg	S	S-S-S-S-S	0	No	NA	NA	NA	NA	NA
ERR2091093	68	Intermediate	Asia	0.03	S	I100L NOT detected	indel(s) between 56th and 69th amino acid NOT detected	S	neg	S	neg	neg	S	neg	S	S-S-S-S-S	0	No	NA	NA	NA	NA	NA
ERR2091094	6	Dominant	Asia	2	R	I100L detected	indel(s) between 56th and 69th amino acid detected	R	neg	S	neg	neg	S	neg	S	R-R-S-S-S	2	No	NA	NA	NA	NA	NA
ERR2091096	8	Dominant	Asia	0.12	S	I100L NOT detected	indel(s) between 56th and 69th amino acid detected	I	neg	S	neg	neg	S	neg	S	S-I-S-S-S	1	No	NA	NA	NA	NA	NA
ERR2091097	2	Dominant	Asia	0.03	S	I100L detected	indel(s) between 56th and 69th amino acid NOT detected	I	neg	S	neg	neg	S	neg	S	S-I-S-S-S	1	No	NA	NA	NA	NA	NA
ERR2091098	43	Dominant	Asia	0.03	S	I100L NOT detected	indel(s) between 56th and 69th amino acid detected	I	neg	S	neg	mef1	R	tetM	R	S-I-S-R-R	3	Yes	NA	NA	NA	NA	NA
ERR2091099	16	Dominant	Asia	0.03	S	I100L NOT detected	indel(s) between 56th and 69th amino acid NOT detected	S	neg	S	neg	neg	S	neg	S	S-S-S-S-S	0	No	NA	NA	NA	NA	NA
ERR2091100	7	Dominant	Asia	0.03	S	I100L detected	indel(s) between 56th and 69th amino acid detected	R	neg	S	neg	neg	S	neg	S	S-R-S-S-S	1	No	NA	NA	NA	NA	NA
ERR2091101	13	Dominant	Asia	0.5	R	I100L NOT detected	indel(s) between 56th and 69th amino acid NOT detected	S	neg	S	neg	mef1	R	neg	S	R-S-S-R-S	2	No	NA	NA	NA	NA	NA
ERR2091102	198	Intermediate	Asia	0.03	S	I100L NOT detected	indel(s) between 56th and 69th amino acid NOT detected	S	neg	S	neg	neg	S	neg	S	S-S-S-S-S	0	No	NA	NA	NA	NA	NA
ERR2091103	6	Dominant	Asia	0.03	S	I100L detected	indel(s) between 56th and 69th amino acid detected	R	neg	S	neg	neg	S	neg	S	S-R-S-S-S	1	No	NA	NA	NA	NA	NA
ERR2091104	290	Rare	Asia	0.03	S	I100L NOT detected	indel(s) between 56th and 69th amino acid NOT detected	S	neg	S	neg	neg	S	neg	S	S-S-S-S-S	0	No	NA	NA	NA	NA	NA
ERR2091106	6	Dominant	Asia	2	R	I100L detected	indel(s) between 56th and 69th amino acid detected	R	neg	S	neg	neg	S	neg	S	R-R-S-S-S	2	No	NA	NA	NA	NA	NA
ERR2091109	113	Intermediate	Asia	2	R	I100L detected	indel(s) between 56th and 69th amino acid detected	R	neg	S	neg	neg	S	neg	S	R-R-S-S-S	2	No	NA	NA	NA	NA	NA
ERR2090508	6	Dominant	Asia	2	R	I100L detected	indel(s) between 56th and 69th amino acid detected	R	neg	S	neg	neg	S	neg	S	R-R-S-S-S	2	No	NA	NA	NA	NA	NA
ERR2090509	47	Dominant	Asia	0.12	R	I100L NOT detected	indel(s) between 56th and 69th amino acid detected	I	neg	S	ermB1	neg	R	tetM	R	R-I-S-R-R	4	Yes	NA	NA	NA	NA	NA
ERR2090510	290	Rare	Asia	0.03	S	I100L NOT detected	indel(s) between 56th and 69th amino acid NOT detected	S	neg	S	neg	neg	S	neg	S	S-S-S-S-S	0	No	NA	NA	NA	NA	NA
ERR2090511	13	Dominant	Asia	0.5	R	I100L NOT detected	indel(s) between 56th and 69th amino acid NOT detected	S	neg	S	neg	mef1	R	neg	S	R-S-S-R-S	2	No	NA	NA	NA	NA	NA
ERR2090514	5	Dominant	Asia	1	R	I100L NOT detected	indel(s) between 56th and 69th amino acid detected	I	neg	S	neg	neg	S	neg	S	R-I-S-S-S	2	No	NA	NA	NA	NA	NA
ERR2090516	47	Dominant	Asia	0.12	R	I100L NOT detected	indel(s) between 56th and 69th amino acid detected	I	neg	S	ermB1	neg	R	tetM	R	R-I-S-R-R	4	Yes	NA	NA	NA	NA	NA
ERR2090520	3	Dominant	Asia	0.03	S	I100L NOT detected	indel(s) between 56th and 69th amino acid NOT detected	S	neg	S	neg	neg	S	neg	S	S-S-S-S-S	0	No	NA	NA	NA	NA	NA
ERR2090521	3	Dominant	Asia	0.12	R	I100L NOT detected	indel(s) between 56th and 69th amino acid NOT detected	S	neg	S	neg	neg	S	neg	S	R-S-S-S-S	1	No	NA	NA	NA	NA	NA
ERR2090522	24	Intermediate	Asia	0.03	S	I100L detected	indel(s) between 56th and 69th amino acid detected	R	neg	S	ermB1	neg	R	tetM	R	S-R-S-R-R	3	Yes	NA	NA	NA	NA	NA
ERR2090523	6	Dominant	Asia	4	R	I100L NOT detected	indel(s) between 56th and 69th amino acid NOT detected	S	neg	S	ermB1	neg	R	neg	S	R-S-S-R-S	2	No	NA	NA	NA	NA	NA
ERR2090524	10	Dominant	Asia	0.5	R	I100L detected	indel(s) between 56th and 69th amino acid NOT detected	I	neg	S	ermB1	neg	R	tet(S/M)	R	R-I-S-R-R	4	Yes	NA	NA	NA	NA	NA
ERR2090529	6	Dominant	Asia	4	R	I100L detected	indel(s) between 56th and 69th amino acid detected	R	neg	S	neg	neg	S	neg	S	R-R-S-S-S	2	No	NA	NA	NA	NA	NA
ERR2090530	6	Dominant	Asia	2	R	I100L detected	indel(s) between 56th and 69th amino acid detected	R	neg	S	neg	mef1	R	neg	S	R-R-S-R-S	3	Yes	NA	NA	NA	NA	NA
ERR2090531	198	Intermediate	Asia	0.03	S	I100L NOT detected	indel(s) between 56th and 69th amino acid NOT detected	S	neg	S	neg	neg	S	neg	S	S-S-S-S-S	0	No	NA	NA	NA	NA	NA
ERR2090533	18	Dominant	Asia	0.03	S	I100L NOT detected	indel(s) between 56th and 69th amino acid NOT detected	S	neg	S	neg	mef1	R	neg	S	S-S-S-R-S	1	No	NA	NA	NA	NA	NA
ERR2090534	67	Intermediate	Asia	0.03	S	I100L NOT detected	indel(s) between 56th and 69th amino acid detected	I	neg	S	neg	neg	S	tetM	R	S-I-S-S-R	2	No	NA	NA	NA	NA	NA
ERR2090535	55	Intermediate	Asia	0.12	R	I100L NOT detected	indel(s) between 56th and 69th amino acid NOT detected	S	neg	S	neg	neg	S	neg	S	R-S-S-S-S	1	No	NA	NA	NA	NA	NA
ERR2090536	7	Dominant	Asia	0.03	S	I100L NOT detected	indel(s) between 56th and 69th amino acid NOT detected	S	neg	S	neg	neg	S	neg	S	S-S-S-S-S	0	No	NA	NA	NA	NA	NA
ERR2090539	16	Dominant	Asia	4	R	I100L detected	indel(s) between 56th and 69th amino acid detected	R	cat1	R	neg	mef1	R	tetM	R	R-R-R-R-R	5	Yes	NA	NA	NA	NA	NA
ERR2090541	13	Dominant	Asia	0.5	R	I100L NOT detected	indel(s) between 56th and 69th amino acid NOT detected	S	neg	S	neg	mef1	R	neg	S	R-S-S-R-S	2	No	NA	NA	NA	NA	NA
ERR2612040	13	Dominant	Asia	0.5	R	I100L NOT detected	indel(s) between 56th and 69th amino acid NOT detected	S	neg	S	neg	mef1	R	neg	S	R-S-S-R-S	2	No	NA	NA	NA	NA	NA
ERR2612041	6	Dominant	Asia	0.03	S	I100L detected	indel(s) between 56th and 69th amino acid detected	R	neg	S	neg	neg	S	neg	S	S-R-S-S-S	1	No	NA	NA	NA	NA	NA
ERR2612044	38	Intermediate	Asia	0.03	S	I100L NOT detected	indel(s) between 56th and 69th amino acid NOT detected	S	neg	S	neg	neg	S	neg	S	S-S-S-S-S	0	No	NA	NA	NA	NA	NA
ERR2612045	11	Dominant	Asia	0.5	R	I100L NOT detected	indel(s) between 56th and 69th amino acid NOT detected	S	neg	S	neg	neg	S	neg	S	R-S-S-S-S	1	No	NA	NA	NA	NA	NA
ERR2612046	5	Dominant	Asia	0.25	R	I100L NOT detected	indel(s) between 56th and 69th amino acid detected	I	neg	S	neg	mef1	R	neg	S	R-I-S-R-S	3	Yes	NA	NA	NA	NA	NA
ERR2612047	113	Intermediate	Asia	2	R	I100L detected	indel(s) between 56th and 69th amino acid detected	R	neg	S	neg	neg	S	neg	S	R-R-S-S-S	2	No	NA	NA	NA	NA	NA
ERR2612049	8	Dominant	Asia	0.12	S	I100L NOT detected	indel(s) between 56th and 69th amino acid detected	I	neg	S	neg	neg	S	neg	S	S-I-S-S-S	1	No	NA	NA	NA	NA	NA
ERR2612058	47	Dominant	Asia	0.12	R	I100L NOT detected	indel(s) between 56th and 69th amino acid detected	I	neg	S	ermB1	neg	R	tetM	R	R-I-S-R-R	4	Yes	NA	NA	NA	NA	NA
ERR2612060	43	Dominant	Asia	0.03	S	I100L NOT detected	indel(s) between 56th and 69th amino acid detected	I	neg	S	neg	mef1	R	tetM	R	S-I-S-R-R	3	Yes	NA	NA	NA	NA	NA
ERR2612061	11	Dominant	Asia	0.03	S	I100L NOT detected	indel(s) between 56th and 69th amino acid NOT detected	S	neg	S	neg	neg	S	neg	S	S-S-S-S-S	0	No	NA	NA	NA	NA	NA
ERR2612064	2	Dominant	Asia	0.03	S	I100L NOT detected	indel(s) between 56th and 69th amino acid detected	I	neg	S	neg	neg	S	neg	S	S-I-S-S-S	1	No	NA	NA	NA	NA	NA
ERR2612072	113	Intermediate	Asia	2	R	I100L detected	indel(s) between 56th and 69th amino acid detected	R	neg	S	neg	neg	S	neg	S	R-R-S-S-S	2	No	NA	NA	NA	NA	NA
ERR2612073	13	Dominant	Asia	0.5	R	I100L NOT detected	indel(s) between 56th and 69th amino acid NOT detected	S	neg	S	neg	mef1	R	neg	S	R-S-S-R-S	2	No	NA	NA	NA	NA	NA
ERR2612074	6	Dominant	Asia	0.03	S	I100L detected	indel(s) between 56th and 69th amino acid detected	R	neg	S	neg	neg	S	neg	S	S-R-S-S-S	1	No	NA	NA	NA	NA	NA
ERR2612075	8	Dominant	Asia	0.12	S	I100L NOT detected	indel(s) between 56th and 69th amino acid detected	I	neg	S	neg	neg	S	neg	S	S-I-S-S-S	1	No	NA	NA	NA	NA	NA
ERR2612076	310	Rare	Asia	0.06	S	I100L NOT detected	indel(s) between 56th and 69th amino acid NOT detected	S	neg	S	neg	neg	S	neg	S	S-S-S-S-S	0	No	NA	NA	NA	NA	NA
ERR2612079	47	Dominant	Asia	0.12	R	I100L NOT detected	indel(s) between 56th and 69th amino acid detected	I	neg	S	ermB1	neg	R	tetM	R	R-I-S-R-R	4	Yes	NA	NA	NA	NA	NA
ERR2612081	8	Dominant	Asia	0.12	S	I100L NOT detected	indel(s) between 56th and 69th amino acid detected	I	neg	S	neg	neg	S	neg	S	S-I-S-S-S	1	No	NA	NA	NA	NA	NA
ERR2612085	121	Intermediate	Asia	0.25	R	I100L NOT detected	indel(s) between 56th and 69th amino acid NOT detected	S	neg	S	neg	neg	S	neg	S	R-S-S-S-S	1	No	NA	NA	NA	NA	NA
ERR2612086	6	Dominant	Asia	2	R	I100L detected	indel(s) between 56th and 69th amino acid detected	R	neg	S	neg	neg	S	neg	S	R-R-S-S-S	2	No	NA	NA	NA	NA	NA
ERR2612087	2	Dominant	Asia	0.03	S	I100L NOT detected	indel(s) between 56th and 69th amino acid detected	I	neg	S	neg	neg	S	neg	S	S-I-S-S-S	1	No	NA	NA	NA	NA	NA
ERR2612091	5	Dominant	Asia	0.25	R	I100L NOT detected	indel(s) between 56th and 69th amino acid detected	I	neg	S	neg	neg	S	neg	S	R-I-S-S-S	2	No	NA	NA	NA	NA	NA
ERR2612092	2	Dominant	Asia	0.03	S	I100L NOT detected	indel(s) between 56th and 69th amino acid detected	I	neg	S	neg	neg	S	neg	S	S-I-S-S-S	1	No	NA	NA	NA	NA	NA
ERR2612093	31	Dominant	Asia	0.03	S	I100L NOT detected	indel(s) between 56th and 69th amino acid NOT detected	S	neg	S	neg	neg	S	neg	S	S-S-S-S-S	0	No	NA	NA	NA	NA	NA
ERR2612094	27	Dominant	Asia	0.03	S	I100L NOT detected	indel(s) between 56th and 69th amino acid NOT detected	S	neg	S	neg	neg	S	neg	S	S-S-S-S-S	0	No	NA	NA	NA	NA	NA
ERR2612096	10	Dominant	Asia	0.5	R	I100L NOT detected	indel(s) between 56th and 69th amino acid NOT detected	S	neg	S	ermB1	neg	R	tetM	R	R-S-S-R-R	3	Yes	NA	NA	NA	NA	NA
ERR2612097	47	Dominant	Asia	0.12	R	I100L NOT detected	indel(s) between 56th and 69th amino acid detected	I	neg	S	ermB1	neg	R	tetM	R	R-I-S-R-R	4	Yes	NA	NA	NA	NA	NA
ERR2612098	31	Dominant	Asia	0.03	S	I100L NOT detected	indel(s) between 56th and 69th amino acid NOT detected	S	neg	S	neg	neg	S	neg	S	S-S-S-S-S	0	No	NA	NA	NA	NA	NA
ERR2612099	26	Dominant	Asia	0.12	R	I100L NOT detected	indel(s) between 56th and 69th amino acid detected	I	neg	S	ermB1	neg	R	tetM	R	R-I-S-R-R	4	Yes	NA	NA	NA	NA	NA
ERR2612102	6	Dominant	Asia	2	R	I100L detected	indel(s) between 56th and 69th amino acid detected	R	neg	S	neg	neg	S	neg	S	R-R-S-S-S	2	No	NA	NA	NA	NA	NA
ERR2612103	250	Rare	Asia	0.03	S	I100L NOT detected	indel(s) between 56th and 69th amino acid NOT detected	S	neg	S	neg	neg	S	neg	S	S-S-S-S-S	0	No	NA	NA	NA	NA	NA
ERR2612105	8	Dominant	Asia	0.12	S	I100L NOT detected	indel(s) between 56th and 69th amino acid detected	I	neg	S	neg	neg	S	neg	S	S-I-S-S-S	1	No	NA	NA	NA	NA	NA
ERR2612108	23	Dominant	Asia	1	R	I100L detected	indel(s) between 56th and 69th amino acid detected	R	cat1	R	ermB1	neg	R	tetM	R	R-R-R-R-R	5	Yes	NA	NA	NA	NA	NA
ERR2612109	8	Dominant	Asia	0.12	S	I100L NOT detected	indel(s) between 56th and 69th amino acid detected	I	neg	S	neg	neg	S	neg	S	S-I-S-S-S	1	No	NA	NA	NA	NA	NA
ERR2612112	13	Dominant	Asia	0.5	R	I100L NOT detected	indel(s) between 56th and 69th amino acid NOT detected	S	neg	S	neg	mef1	R	neg	S	R-S-S-R-S	2	No	NA	NA	NA	NA	NA
ERR2612113	47	Dominant	Asia	0.12	R	I100L NOT detected	indel(s) between 56th and 69th amino acid detected	I	neg	S	ermB1	neg	R	tetM	R	R-I-S-R-R	4	Yes	NA	NA	NA	NA	NA
ERR1214656	18	Dominant	Asia	0.03	S	I100L NOT detected	indel(s) between 56th and 69th amino acid NOT detected	S	neg	S	neg	mef1	R	neg	S	S-S-S-R-S	1	No	S	NA	NA	R	NA
ERR1214658	1	Dominant	Asia	0.12	R	I100L detected	indel(s) between 56th and 69th amino acid detected	R	neg	S	ermB1	neg	R	tetM	R	R-R-S-R-R	4	Yes	R	NA	NA	R	NA
ERR1214659	3	Dominant	Asia	0.03	S	I100L NOT detected	indel(s) between 56th and 69th amino acid NOT detected	S	neg	S	neg	neg	S	neg	S	S-S-S-S-S	0	No	S	NA	NA	S	NA
ERR1214660	18	Dominant	Asia	0.03	S	I100L NOT detected	indel(s) between 56th and 69th amino acid NOT detected	S	neg	S	neg	mef1	R	neg	S	S-S-S-R-S	1	No	S	NA	NA	R	NA
ERR1214661	23	Dominant	Asia	2	R	I100L detected	indel(s) between 56th and 69th amino acid detected	R	cat1	R	ermB1	neg	R	tetM	R	R-R-R-R-R	5	Yes	R	NA	NA	R	NA
ERR1214662	1	Dominant	Asia	4	R	I100L detected	indel(s) between 56th and 69th amino acid detected	R	neg	S	ermB1	mef1	R	tetM	R	R-R-S-R-R	4	Yes	R	NA	NA	R	NA
ERR1214663	23	Dominant	Asia	2	R	I100L detected	indel(s) between 56th and 69th amino acid detected	R	cat1	R	ermB1	neg	R	tetM	R	R-R-R-R-R	5	Yes	R	NA	NA	R	NA
ERR1214664	12	Dominant	Asia	0.03	S	I100L NOT detected	indel(s) between 56th and 69th amino acid NOT detected	S	neg	S	neg	neg	S	tetM	R	S-S-S-S-R	1	No	S	NA	NA	S	NA
ERR1214665	18	Dominant	Asia	2	R	I100L detected	indel(s) between 56th and 69th amino acid detected	R	neg	S	neg	neg	S	neg	S	R-R-S-S-S	2	No	R	NA	NA	S	NA
ERR1214666	18	Dominant	Asia	0.03	S	I100L NOT detected	indel(s) between 56th and 69th amino acid NOT detected	S	neg	S	neg	mef1	R	neg	S	S-S-S-R-S	1	No	S	NA	NA	R	NA
ERR1214667	43	Dominant	Asia	0.03	S	I100L detected	indel(s) between 56th and 69th amino acid detected	R	neg	S	neg	mef1	R	tetM	R	S-R-S-R-R	3	Yes	S	NA	NA	R	NA
ERR1214668	43	Dominant	Asia	0.03	S	I100L detected	indel(s) between 56th and 69th amino acid NOT detected	I	neg	S	ermB1	neg	R	tetM	R	S-I-S-R-R	3	Yes	S	NA	NA	R	NA
ERR1214669	16	Dominant	Asia	4	R	I100L detected	indel(s) between 56th and 69th amino acid detected	R	cat1	R	neg	mef1	R	tetM	R	R-R-R-R-R	5	Yes	R	NA	NA	R	NA
ERR1214670	288	Rare	Asia	0.03	S	I100L NOT detected	indel(s) between 56th and 69th amino acid detected	I	neg	S	ermB1	neg	R	tetM	R	S-I-S-R-R	3	Yes	S	NA	NA	R	NA
ERR1214671	3	Dominant	Asia	0.03	S	I100L NOT detected	indel(s) between 56th and 69th amino acid NOT detected	S	neg	S	neg	neg	S	neg	S	S-S-S-S-S	0	No	S	NA	NA	S	NA
ERR1214672	23	Dominant	Asia	0.03	S	I100L NOT detected	indel(s) between 56th and 69th amino acid NOT detected	S	neg	S	neg	neg	S	neg	S	S-S-S-S-S	0	No	S	NA	NA	S	NA
ERR1214673	16	Dominant	Asia	4	R	I100L detected	indel(s) between 56th and 69th amino acid detected	R	cat1	R	neg	mef1	R	tetM	R	R-R-R-R-R	5	Yes	R	NA	NA	R	NA
ERR1214674	23	Dominant	Asia	1	R	I100L detected	indel(s) between 56th and 69th amino acid detected	R	cat1	R	ermB1	neg	R	tetM	R	R-R-R-R-R	5	Yes	R	NA	NA	R	NA
ERR1214675	39	Intermediate	Asia	0.03	S	I100L NOT detected	indel(s) between 56th and 69th amino acid NOT detected	S	neg	S	neg	neg	S	neg	S	S-S-S-S-S	0	No	S	NA	NA	S	NA
ERR1214676	23	Dominant	Asia	0.03	S	I100L detected	indel(s) between 56th and 69th amino acid detected	R	cat1	R	ermB1	neg	R	tetM	R	S-R-R-R-R	4	Yes	S	NA	NA	R	NA
ERR1214677	23	Dominant	Asia	2	R	I100L detected	indel(s) between 56th and 69th amino acid detected	R	neg	S	ermB1	neg	R	tetM	R	R-R-S-R-R	4	Yes	R	NA	NA	R	NA
ERR1214678	23	Dominant	Asia	2	R	I100L NOT detected	indel(s) between 56th and 69th amino acid detected	I	neg	S	ermB1	neg	R	tetM	R	R-I-S-R-R	4	Yes	R	NA	NA	R	NA
ERR1214679	18	Dominant	Asia	0.03	S	I100L NOT detected	indel(s) between 56th and 69th amino acid NOT detected	S	neg	S	neg	mef1	R	neg	S	S-S-S-R-S	1	No	S	NA	NA	R	NA
ERR1214680	4	Dominant	Asia	0.25	R	I100L NOT detected	indel(s) between 56th and 69th amino acid NOT detected	S	neg	S	neg	neg	S	tetM	R	R-S-S-S-R	2	No	R	NA	NA	S	NA
ERR1214681	18	Dominant	Asia	0.03	S	I100L NOT detected	indel(s) between 56th and 69th amino acid NOT detected	S	neg	S	neg	mef1	R	neg	S	S-S-S-R-S	1	No	S	NA	NA	R	NA
ERR1214682	18	Dominant	Asia	0.03	S	I100L NOT detected	indel(s) between 56th and 69th amino acid NOT detected	S	neg	S	neg	mef1	R	neg	S	S-S-S-R-S	1	No	S	NA	NA	R	NA
ERR1214683	288	Rare	Asia	0.03	S	I100L NOT detected	indel(s) between 56th and 69th amino acid detected	I	neg	S	neg	mef1	R	tetM	R	S-I-S-R-R	3	Yes	S	NA	NA	R	NA
ERR1214684	76	Intermediate	Asia	0.5	R	I100L detected	indel(s) between 56th and 69th amino acid detected	R	neg	S	neg	mef1	R	tetM	R	R-R-S-R-R	4	Yes	R	NA	NA	I	NA
ERR1214685	18	Dominant	Asia	2	R	I100L detected	indel(s) between 56th and 69th amino acid detected	R	neg	S	ermB1	neg	R	neg	S	R-R-S-R-S	3	Yes	R	NA	NA	R	NA
ERR1214686	321	Rare	Asia	0.25	R	I100L NOT detected	indel(s) between 56th and 69th amino acid detected	I	neg	S	ermB1	neg	R	tetM	R	R-I-S-R-R	4	Yes	R	NA	NA	R	NA
ERR1214688	1	Dominant	Asia	2	R	I100L detected	indel(s) between 56th and 69th amino acid detected	R	neg	S	neg	mef1	R	tetM	R	R-R-S-R-R	4	Yes	R	NA	NA	R	NA
ERR1214689	23	Dominant	Asia	2	R	I100L detected	indel(s) between 56th and 69th amino acid detected	R	cat1	R	ermB1	neg	R	tetM	R	R-R-R-R-R	5	Yes	R	NA	NA	R	NA
ERR1214690	100	Rare	Asia	0.06	S	I100L detected	indel(s) between 56th and 69th amino acid detected	R	neg	S	ermB1	neg	R	tetM	R	S-R-S-R-R	3	Yes	R	NA	NA	R	NA
ERR1214691	16	Dominant	Asia	4	R	I100L detected	indel(s) between 56th and 69th amino acid detected	R	cat1	R	neg	mef1	R	tetM	R	R-R-R-R-R	5	Yes	R	NA	NA	R	NA
ERR1214692	18	Dominant	Asia	2	R	I100L detected	indel(s) between 56th and 69th amino acid detected	R	neg	S	ermB1	neg	R	neg	S	R-R-S-R-S	3	Yes	R	NA	NA	R	NA
ERR1214693	18	Dominant	Asia	0.03	S	I100L NOT detected	indel(s) between 56th and 69th amino acid NOT detected	S	neg	S	neg	mef1	R	neg	S	S-S-S-R-S	1	No	S	NA	NA	R	NA
ERR1214694	16	Dominant	Asia	4	R	I100L detected	indel(s) between 56th and 69th amino acid detected	R	cat1	R	ermB1	neg	R	tetM	R	R-R-R-R-R	5	Yes	R	NA	NA	R	NA
ERR1214695	96	Intermediate	Asia	0.03	S	I100L NOT detected	indel(s) between 56th and 69th amino acid NOT detected	S	neg	S	neg	neg	S	tetM	R	S-S-S-S-R	1	No	S	NA	NA	S	NA
ERR1214696	16	Dominant	Asia	4	R	I100L detected	indel(s) between 56th and 69th amino acid detected	R	cat1	R	neg	mef1	R	tetM	R	R-R-R-R-R	5	Yes	R	NA	NA	R	NA
ERR1333973	18	Dominant	Asia	2	R	I100L detected	indel(s) between 56th and 69th amino acid detected	R	neg	S	ermB1	neg	R	neg	S	R-R-S-R-S	3	Yes	R	NA	NA	R	NA
ERR1453527	288	Rare	Asia	0.03	S	I100L NOT detected	indel(s) between 56th and 69th amino acid detected	I	neg	S	ermB1	neg	R	tetM	R	S-I-S-R-R	3	Yes	S	NA	NA	R	NA
ERR1453528	23	Dominant	Asia	2	R	I100L detected	indel(s) between 56th and 69th amino acid detected	R	cat1	R	ermB1	neg	R	tetM	R	R-R-R-R-R	5	Yes	R	NA	NA	R	NA
ERR1453529	23	Dominant	Asia	2	R	I100L detected	indel(s) between 56th and 69th amino acid detected	R	cat1	R	ermB1	neg	R	tetM	R	R-R-R-R-R	5	Yes	R	NA	NA	R	NA
ERR1453530	16	Dominant	Asia	4	R	I100L detected	indel(s) between 56th and 69th amino acid detected	R	cat1	R	neg	mef1	R	tetM	R	R-R-R-R-R	5	Yes	R	NA	NA	R	NA
ERR1453535	76	Intermediate	Asia	2	R	I100L detected	indel(s) between 56th and 69th amino acid detected	R	neg	S	neg	mef1	R	tetM	R	R-R-S-R-R	4	Yes	R	NA	NA	R	NA
ERR2667075	43	Dominant	Asia	0.03	S	I100L detected	indel(s) between 56th and 69th amino acid NOT detected	I	neg	S	ermB1	neg	R	tetM	R	S-I-S-R-R	3	Yes	S	NA	NA	R	NA
ERR2667076	12	Dominant	Asia	0.03	S	I100L NOT detected	indel(s) between 56th and 69th amino acid NOT detected	S	neg	S	ermB1	neg	R	tetM	R	S-S-S-R-R	2	No	S	NA	NA	R	NA
ERR2667077	12	Dominant	Asia	0.03	S	I100L NOT detected	indel(s) between 56th and 69th amino acid NOT detected	S	neg	S	neg	neg	S	neg	S	S-S-S-S-S	0	No	S	NA	NA	S	NA
ERR2667078	83	Intermediate	Asia	0.03	S	I100L NOT detected	indel(s) between 56th and 69th amino acid NOT detected	S	neg	S	neg	neg	S	neg	S	S-S-S-S-S	0	No	S	NA	NA	S	NA
ERR2667079	43	Dominant	Asia	0.03	S	I100L detected	indel(s) between 56th and 69th amino acid NOT detected	I	neg	S	ermB1	neg	R	tetM	R	S-I-S-R-R	3	Yes	S	NA	NA	R	NA
ERR2667081	43	Dominant	Asia	0.03	S	I100L detected	indel(s) between 56th and 69th amino acid NOT detected	I	neg	S	ermB1	neg	R	tetM	R	S-I-S-R-R	3	Yes	S	NA	NA	R	NA
ERR2667083	279	Rare	Asia	0.03	S	I100L detected	indel(s) between 56th and 69th amino acid detected	R	neg	S	ermB1	neg	R	tetM	R	S-R-S-R-R	3	Yes	S	NA	NA	R	NA
ERR2667084	152	Intermediate	Asia	1	R	I100L detected	indel(s) between 56th and 69th amino acid detected	R	neg	S	ermB1	neg	R	tetM	R	R-R-S-R-R	4	Yes	R	NA	NA	R	NA
ERR2667085	23	Dominant	Asia	2	R	I100L detected	indel(s) between 56th and 69th amino acid detected	R	cat1	R	ermB1	neg	R	tetM	R	R-R-R-R-R	5	Yes	R	NA	NA	R	NA
ERR2667088	4	Dominant	Asia	0.03	S	I100L NOT detected	indel(s) between 56th and 69th amino acid NOT detected	S	neg	S	neg	neg	S	neg	S	S-S-S-S-S	0	No	S	NA	NA	S	NA
ERR2667090	1	Dominant	Asia	4	R	I100L detected	indel(s) between 56th and 69th amino acid detected	R	neg	S	ermB1	neg	R	tetM	R	R-R-S-R-R	4	Yes	R	NA	NA	R	NA
ERR2667091	18	Dominant	Asia	0.03	S	I100L NOT detected	indel(s) between 56th and 69th amino acid NOT detected	S	neg	S	neg	neg	S	neg	S	S-S-S-S-S	0	No	S	NA	NA	S	NA
ERR2667092	9	Dominant	Asia	0.12	R	I100L NOT detected	indel(s) between 56th and 69th amino acid NOT detected	S	neg	S	ermB1	neg	R	tetM	R	R-S-S-R-R	3	Yes	R	NA	NA	R	NA
ERR2667094	1	Dominant	Asia	4	R	I100L detected	indel(s) between 56th and 69th amino acid detected	R	neg	S	ermB1	mef1	R	tetM	R	R-R-S-R-R	4	Yes	R	NA	NA	R	NA
ERR2667096	10	Dominant	Asia	2	R	I100L detected	indel(s) between 56th and 69th amino acid NOT detected	I	neg	S	ermB1	neg	R	tetM	R	R-I-S-R-R	4	Yes	R	NA	NA	R	NA
ERR2667099	1	Dominant	Asia	4	R	I100L detected	indel(s) between 56th and 69th amino acid detected	R	neg	S	ermB1	mef1	R	tetM	R	R-R-S-R-R	4	Yes	R	NA	NA	R	NA
ERR2667101	1	Dominant	Asia	4	R	I100L detected	indel(s) between 56th and 69th amino acid detected	R	neg	S	ermB1	mef1	R	tetM	R	R-R-S-R-R	4	Yes	S	NA	NA	R	NA
ERR2667111	152	Intermediate	Asia	1	R	I100L detected	indel(s) between 56th and 69th amino acid NOT detected	I	neg	S	ermB1	neg	R	tetM	R	R-I-S-R-R	4	Yes	R	NA	NA	R	NA
ERR2667116	334	Rare	Asia	0.03	S	I100L NOT detected	indel(s) between 56th and 69th amino acid NOT detected	S	neg	S	ermB1	neg	R	tetM	R	S-S-S-R-R	2	No	S	NA	NA	R	NA
ERR2667117	1	Dominant	Asia	4	R	I100L detected	indel(s) between 56th and 69th amino acid detected	R	neg	S	ermB1	mef1	R	tetM	R	R-R-S-R-R	4	Yes	S	NA	NA	S	NA
ERR2667119	43	Dominant	Asia	0.03	S	I100L detected	indel(s) between 56th and 69th amino acid NOT detected	I	neg	S	neg	neg	S	neg	S	S-I-S-S-S	1	No	S	NA	NA	R	NA
ERR2667121	1	Dominant	Asia	4	R	I100L detected	indel(s) between 56th and 69th amino acid detected	R	neg	S	ermB1	mef1	R	tetM	R	R-R-S-R-R	4	Yes	R	NA	NA	R	NA
ERR2667122	43	Dominant	Asia	0.03	S	I100L detected	indel(s) between 56th and 69th amino acid NOT detected	I	neg	S	ermB1	neg	R	tetM	R	S-I-S-R-R	3	Yes	R	NA	NA	R	NA
ERR2667127	43	Dominant	Asia	0.03	S	I100L detected	indel(s) between 56th and 69th amino acid NOT detected	I	neg	S	ermB1	neg	R	tetM	R	S-I-S-R-R	3	Yes	R	NA	NA	R	NA
ERR2667128	1	Dominant	Asia	4	R	I100L detected	indel(s) between 56th and 69th amino acid detected	R	neg	S	ermB1	mef1	R	tetM	R	R-R-S-R-R	4	Yes	R	NA	NA	R	NA
ERR2667130	152	Intermediate	Asia	1	R	I100L detected	indel(s) between 56th and 69th amino acid NOT detected	I	neg	S	ermB1	neg	R	tetM	R	R-I-S-R-R	4	Yes	R	NA	NA	R	NA
ERR2667132	12	Dominant	Asia	0.03	S	I100L NOT detected	indel(s) between 56th and 69th amino acid NOT detected	S	neg	S	ermB1	neg	R	tetM	R	S-S-S-R-R	2	No	R	NA	NA	R	NA
ERR2667133	6	Dominant	Asia	4	R	I100L detected	indel(s) between 56th and 69th amino acid NOT detected	I	neg	S	ermB1	neg	R	tetM	R	R-I-S-R-R	4	Yes	R	NA	NA	R	NA
ERR2667134	43	Dominant	Asia	0.03	S	I100L detected	indel(s) between 56th and 69th amino acid NOT detected	I	neg	S	ermB1	neg	R	tetM	R	S-I-S-R-R	3	Yes	R	NA	NA	R	NA
ERR2667135	43	Dominant	Asia	0.03	S	I100L detected	indel(s) between 56th and 69th amino acid NOT detected	I	neg	S	neg	neg	S	neg	S	S-I-S-S-S	1	No	S	NA	NA	R	NA
ERR2667136	1	Dominant	Asia	4	R	I100L detected	indel(s) between 56th and 69th amino acid detected	R	neg	S	ermB1	mef1	R	tetM	R	R-R-S-R-R	4	Yes	S	NA	NA	R	NA
ERR2667144	43	Dominant	Asia	0.03	S	I100L detected	indel(s) between 56th and 69th amino acid NOT detected	I	neg	S	ermB1	neg	R	tetM	R	S-I-S-R-R	3	Yes	S	NA	NA	R	NA
ERR2667147	6	Dominant	Asia	0.03	S	I100L NOT detected	indel(s) between 56th and 69th amino acid NOT detected	S	neg	S	neg	neg	S	neg	S	S-S-S-S-S	0	No	R	NA	NA	R	NA
