sample_name	assembly_fullid_updated	yhmpu50000	order	species	carbon_class	nitrogen_class	galactose_normalized	fructose_normalized	glycerol_normalized	maltose_normalized	at_25_c	c1_d.glucose	n4_l.lysine	c23_glycerol	n5_cadaverine	c28_d.glucitol	n3_ethylamine	at_30_c	c29_d.mannitol	ethanol__assimilation	d.glucose__fermentation	c39_succinate	c12_a_a.trehalose	c6_d.xylose	c32_d.glucono.1_5.lactone	c2_d.galactose	c10_sucrose	c14_cellobiose	c15_salicin	c11_maltose	c25_ribitol	c40_citrate	c26_xylitol	c35_d.gluconate	c16_arbutin	c3_l.sorbose	at_35_c	c20_melezitose	c13_me_a.d.glucoside	environment_edited	super_domain_entity	super_independent_entity	super_plant	super_embryophyta_plant_type	super_vascular_plant_type	super_seed_producing_plant_type	super_animal	super_angiosperm_plant_type	super_arthropoda_animal_type	super_hexapoda_animal_type	super_insecta_animal_type
SRR16974325	yHMPu5000035005_lodderomyces_elongisporus_160519.haplomerger2	35005	Serinales	Lodderomyces elongisporus	Standard	Standard	0.435431428127031	0.315799798031099	0.167524024700979	0.349101482597635	Yes	Yes	Yes	Yes	Yes	Yes	Yes	Yes	Yes	Yes	Yes	Yes	Yes	Yes	Yes	Yes	Yes	No	No	Yes	Yes	Yes	Yes	Yes	No	Yes	Yes	Yes	Yes	concentrated orange juice	Yes	Yes	No	No	No	No	No	No	No	No	No
SRR16974357	yHMPu5000034659_debaryomyces_hansenii_180604	34659	Serinales	Debaryomyces hansenii	Generalist	Standard	0.724051566614842	0.67593800852725	0	0.718336386665392	Yes	Yes	Yes	Yes	Yes	Yes	Yes	Yes	Yes	Yes	No	Yes	Yes	Yes	No	Yes	Yes	Yes	Yes	Yes	Yes	No	Yes	Yes	Yes	No	No	Yes	Yes	deposited in the CBS Collection and had been received the Carlsberg Laboratory	NA	NA	NA	NA	NA	NA	NA	NA	NA	NA	NA
SRR16974273	yHMPu5000034723_candida_glabrata_180604	34723	Saccharomycetales	Nakaseomyces glabratus	Specialist	Specialist	0	0	0	0	Yes	Yes	Yes	Yes	No	No	No	NA	No	Yes	Yes	No	Yes	No	Yes	No	No	No	No	No	No	No	No	Yes	No	No	NA	No	No	faeces of Man	Yes	Yes	No	No	No	No	Yes	No	No	No	No
SRR16988846	yHMPu5000040963_lachancea_quebecuensis_200128	40963	Saccharomycetales	Lachancea quebecensis	Standard	Standard	0.796625481582616	0.250869254867141	0	0.496101424215727	Yes	NA	NA	Yes	NA	NA	NA	Yes	NA	Yes	NA	NA	Yes	Yes	NA	Yes	Yes	NA	NA	Yes	NA	NA	NA	NA	NA	Yes	Yes	Yes	NA	maple tree bark	Yes	Yes	Yes	Yes	Yes	Yes	No	Yes	No	No	No
SRR16988934	yHMPu5000035666_nakaseomyces_bacillisporus_160613	35666	Saccharomycetales	Nakaseomyces bacillisporus	Standard	Standard	0	0.326155673685185	0.106777104702244	0	Yes	Yes	No	Yes	No	No	No	Yes	No	No	Yes	No	Yes	No	Yes	No	Yes	No	No	No	No	No	No	Yes	No	No	Yes	No	No	exudate of Quercus emoryi (Emory oak)	Yes	Yes	Yes	Yes	Yes	Yes	No	Yes	No	No	No
SRR16974372	yHMPu5000026127_nakaseomyces_delphensis_160519	26127	Saccharomycetales	Nakaseomyces delphensis	Specialist	Specialist	0	0.263738957421553	0	0	Yes	Yes	No	Yes	No	No	No	Yes	No	Yes	Yes	No	No	No	Yes	No	No	No	No	No	No	No	No	Yes	No	No	Yes	No	No	sugary deposit on dried figs	Yes	Yes	No	No	No	No	No	No	No	No	No
SRR16974277	yHMPu5000034720_candida_nivariensis_180604	34720	Saccharomycetales	Nakaseomyces nivariensis	Specialist	Specialist	0	0.552170311638948	0	0	NA	NA	NA	NA	NA	NA	NA	NA	NA	NA	NA	NA	NA	NA	NA	NA	NA	NA	NA	NA	NA	NA	NA	NA	NA	NA	NA	NA	NA	blood culture of a 69-year-old Spanish woman presenting with biliary pancreatitis and renal failure	No	No	No	No	No	No	No	No	No	No	No
SRR16974271	yHMPu5000034725_candida_bracarensis_160928	34725	Saccharomycetales	Nakaseomyces bracarensis	Specialist	Specialist	0	0.234835368124193	0	0	NA	NA	NA	NA	NA	NA	NA	NA	NA	NA	NA	NA	NA	NA	NA	NA	NA	NA	NA	NA	NA	NA	NA	NA	NA	NA	NA	NA	NA	case of vaginal candidiasis	Yes	Yes	No	No	No	No	Yes	No	No	No	No
SRR16974272	yHMPu5000034724_candida_castellii_180604	34724	Saccharomycetales	Nakaseomyces castellii	Specialist	Standard	0	19.7505619960968	6.77983264884043	0	Yes	Yes	Yes	Yes	No	No	No	Yes	No	Yes	Yes	No	No	No	Yes	No	No	No	No	No	No	No	No	Yes	No	No	Yes	No	No	soil	Yes	Yes	No	No	No	No	No	No	No	No	No
SRR16974707	yHMPu5000034863_zygosaccharomyces_rouxii_180604	34863	Saccharomycetales	Zygosaccharomyces rouxii	Specialist	Standard	0	0.618182024438007	0	0	Yes	Yes	Yes	Yes	Yes	Yes	Yes	NA	Yes	No	Yes	No	No	No	Yes	Yes	Yes	No	No	Yes	No	No	No	Yes	No	No	NA	No	No	concentrated black-grape must	Yes	Yes	No	No	No	No	No	No	No	No	No
SRR16974309	yHMPu5000034678_lachancea_thermotolerans_180604	34678	Saccharomycetales	Lachancea thermotolerans	Standard	Standard	0	0.116652027813306	0.0457538937822566	0.115040621926208	Yes	Yes	Yes	Yes	Yes	Yes	Yes	Yes	Yes	Yes	Yes	Yes	Yes	No	Yes	Yes	Yes	No	No	Yes	No	No	Yes	No	No	Yes	Yes	Yes	Yes	mirabelle-plum conserve	Yes	Yes	No	No	No	No	No	No	No	No	No
SRR16974293	yHMPu5000034695_lachancea_fermentati_201018	34695	Saccharomycetales	Lachancea fermentati	Standard	Standard	0.253213283905534	0.163136298232109	0	0.569234758353323	Yes	Yes	Yes	No	Yes	Yes	Yes	Yes	Yes	Yes	Yes	Yes	Yes	Yes	No	Yes	Yes	Yes	Yes	Yes	No	No	Yes	No	Yes	Yes	Yes	Yes	Yes	sediment of peppermint	Yes	Yes	No	No	No	No	No	No	No	No	No
SRR16974392	yHAB137_kazachstania_africana_160519	yHAB137	Saccharomycetales	Kazachstania africana	NA	NA	NA	NA	NA	NA	Yes	Yes	No	No	No	No	No	Yes	No	No	Yes	No	No	No	No	Yes	No	No	No	No	No	No	No	No	No	No	Yes	No	No	soil	Yes	Yes	No	No	No	No	No	No	No	No	No
SRR16974698	yHMPu5000034871_naumovozyma_castellii_180604	34871	Saccharomycetales	Naumovozyma castellii	Specialist	Specialist	0.650900223052413	0	0	0	Yes	Yes	No	No	No	No	No	NA	No	Yes	Yes	No	No	No	No	Yes	No	No	No	No	No	No	No	No	No	No	NA	No	No	soil	Yes	Yes	No	No	No	No	No	No	No	No	No
SRR16974697	yHMPu5000034872_naumovozyma_dairenensis_180604	34872	Saccharomycetales	Naumovozyma dairenensis	NA	NA	NA	NA	NA	NA	Yes	Yes	No	No	No	No	No	NA	No	No	Yes	No	Yes	No	Yes	Yes	No	No	No	No	No	No	No	No	No	No	NA	No	No	dry fruit of Diospyros sp. (persimmon)	Yes	Yes	Yes	Yes	Yes	Yes	No	Yes	No	No	No
SRR16974695	yHMPu5000034874_tetrapisispora_blattae_190924	34874	Saccharomycetales	Tetrapisispora blattae	NA	NA	NA	NA	NA	NA	Yes	Yes	No	Yes	No	No	No	Yes	No	Yes	Yes	No	No	No	Yes	Yes	No	No	No	No	No	No	No	No	No	No	Yes	No	No	gut of Blatta orientalis (cockroach)	Yes	Yes	No	No	No	No	Yes	No	Yes	Yes	Yes
SRR16974245	yHMPu5000034580_tetrapisispora_phaffii_180604	34580	Saccharomycetales	Tetrapisispora phaffii	Specialist	Specialist	0.743272636248059	0	0.315742560679619	0	Yes	Yes	No	Yes	No	No	No	Yes	No	No	Yes	No	Yes	No	Yes	Yes	No	No	No	No	No	No	No	Yes	No	No	Yes	No	No	uncultivated surface soil	Yes	Yes	No	No	No	No	No	No	No	No	No
SRR16988980	yHMPu5000035653_torulaspora_delbrueckii_160613	35653	Saccharomycetales	Torulaspora delbrueckii	Specialist	Standard	0.835629492033672	0.372312744538528	0	0	Yes	Yes	Yes	Yes	No	Yes	No	NA	Yes	Yes	Yes	No	Yes	No	Yes	Yes	No	No	No	No	No	No	No	Yes	No	Yes	NA	No	No	uncertain origin	NA	NA	NA	NA	NA	NA	NA	NA	NA	NA	NA
SRR16974617	yHMPu5000035043_babjeviella_inositovora_180604	35043	Serinales	Babjeviella inositovora	Standard	Standard	0	0.771069220677538	0.950138335620843	0.894523185216082	Yes	Yes	Yes	No	Yes	Yes	Yes	No	Yes	Yes	No	Yes	Yes	Yes	Yes	Yes	Yes	Yes	Yes	Yes	Yes	Yes	No	No	Yes	Yes	No	Yes	Yes	high-moor peat	Yes	Yes	Yes	Yes	No	No	No	No	No	No	No
SRR16974405	yHMPu5000034976_dekkera_anomala_160519.haplomerger2	34976	Pichiales	Brettanomyces anomalus	NA	NA	NA	NA	NA	NA	Yes	Yes	Yes	Yes	Yes	No	Yes	Yes	No	Yes	Yes	No	Yes	No	Yes	Yes	Yes	Yes	Yes	Yes	No	No	No	No	Yes	No	Yes	Yes	Yes	spoiled soft drink	Yes	Yes	No	No	No	No	No	No	No	No	No
SRR16974407	yHMPu5000034975_dekkera_bruxellensis_160519.haplomerger2	34975	Pichiales	Brettanomyces bruxellensis	NA	NA	NA	NA	NA	NA	Yes	Yes	Yes	Yes	Yes	No	Yes	Yes	No	Yes	Yes	No	Yes	No	Yes	No	Yes	No	No	Yes	No	No	No	No	No	No	Yes	Yes	Yes	sediment in lambic beer	Yes	Yes	No	No	No	No	No	No	No	No	No
SRR16974416	yHMPu5000034965_Brettanomyces_naardenensis_SPADES	34965	Pichiales	Brettanomyces naardenensis	Standard	Specialist	0.6182932302275	0.85202718364247	0	0	Yes	Yes	Yes	No	Yes	Yes	Yes	No	Yes	Yes	Yes	Yes	Yes	Yes	No	Yes	No	Yes	Yes	Yes	Yes	No	Yes	No	No	No	No	No	No	lemonade	Yes	Yes	No	No	No	No	No	No	No	No	No
SRR16988951	yHMPu5000035336_cyberlindnera_jadinii_180604.haplomerger2	35336	Phaffomycetales	Cyberlindnera jadinii	Standard	Standard	0	0.36675541770709	0.208579533975543	0.243649566771691	Yes	Yes	Yes	Yes	Yes	Yes	Yes	Yes	Yes	Yes	Yes	Yes	Yes	Yes	Yes	No	Yes	Yes	Yes	Yes	No	Yes	Yes	Yes	Yes	No	Yes	Yes	Yes	pus abscess, on buttock of woman	Yes	Yes	No	No	No	No	Yes	No	No	No	No
SRR16988680	yHMPu5000037913_candida_cylindracea_180604.haplomerger2	37913	Serinales	Limtongozyma cylindracea	Standard	Standard	0.491814702432678	0.692980190274038	0.701793660460324	0	NA	NA	NA	NA	NA	NA	NA	NA	NA	NA	NA	NA	NA	NA	NA	NA	NA	NA	NA	NA	NA	NA	NA	NA	NA	NA	NA	NA	NA	soil	Yes	Yes	No	No	No	No	No	No	No	No	No
SRR16974551	yHMPu5000035273_wickerhamomyces_anomalus_180604.haplomerger2	35273	Phaffomycetales	Wickerhamomyces anomalus	Standard	Generalist	0.0825084873579921	0.26001218861227	0.338482746573919	0.456402638899348	Yes	Yes	Yes	Yes	Yes	Yes	Yes	NA	Yes	Yes	Yes	Yes	Yes	Yes	Yes	Yes	Yes	Yes	Yes	Yes	Yes	Yes	Yes	No	Yes	No	NA	Yes	Yes	uncertain origin	NA	NA	NA	NA	NA	NA	NA	NA	NA	NA	NA
SRR16988862	yHMPu5000035708_candida_flosculorum_160613.haplomerger2	35708	Phaffomycetales	Wickerhamomyces sp.	Standard	Specialist	0	0.285575357453928	0.217353591226022	0.170249609607841	NA	NA	NA	NA	NA	NA	NA	NA	NA	NA	NA	NA	NA	NA	NA	NA	NA	NA	NA	NA	NA	NA	NA	NA	NA	NA	NA	NA	NA	flower bract of Heliconia episcopalis (Heliconiaceae)	Yes	Yes	Yes	Yes	Yes	Yes	No	Yes	No	No	No
SRR16974516	yHMPu5000026219_lachancea_waltii_180604	26219	Saccharomycetales	Lachancea waltii	Standard	Standard	0	0.580937977179141	0	0	Yes	Yes	Yes	No	Yes	Yes	Yes	Yes	Yes	Yes	Yes	No	No	Yes	Yes	No	Yes	No	No	No	Yes	No	Yes	No	No	Yes	Yes	No	No	exudate of Ilex integra (holly)	Yes	Yes	Yes	Yes	Yes	Yes	No	Yes	No	No	No
SRR16988666	yHMPu5000037927_candida_apicola_180604	37927	Dipodascales	Starmerella apicola	Standard	Standard	NA	0	0.256058234547171	NA	Yes	Yes	Yes	Yes	Yes	Yes	Yes	Yes	Yes	Yes	Yes	Yes	No	No	Yes	No	Yes	No	No	No	No	Yes	No	Yes	No	Yes	Yes	No	No	gut of bee	Yes	Yes	No	No	No	No	Yes	No	Yes	Yes	Yes
SRR16974238	yHMPu5000034586_candida_geochares_180604	34586	Dipodascales	Starmerella geochares	Standard	Standard	0.0922590085465985	0.40324030409903	0.378574931529747	0	Yes	Yes	Yes	Yes	Yes	Yes	Yes	Yes	Yes	No	Yes	Yes	No	No	Yes	Yes	Yes	Yes	Yes	No	Yes	Yes	Yes	Yes	Yes	Yes	Yes	No	No	soil of grassland	Yes	Yes	No	No	No	No	No	No	No	No	No
SRR16974237	yHMPu5000034587_candida_gropengiesseri_180604	34587	Dipodascales	Starmerella gropengiesseri	Standard	Standard	0.58246632818989	0.611056146978776	0.637537343745001	0	Yes	Yes	Yes	Yes	Yes	Yes	Yes	Yes	Yes	Yes	Yes	Yes	Yes	No	Yes	Yes	Yes	Yes	Yes	Yes	No	Yes	Yes	Yes	Yes	No	No	Yes	No	cocoon of Periplaneta orientalis (cockroach)	Yes	Yes	No	No	No	No	Yes	No	Yes	Yes	Yes
SRR16974735	yHMPu5000034588_candida_kuoi_180604	34588	Dipodascales	Starmerella kuoi	Standard	Standard	0	0.621327540856001	0.287462608973516	0	Yes	Yes	Yes	Yes	Yes	Yes	Yes	Yes	Yes	No	Yes	No	No	No	Yes	Yes	Yes	No	Yes	No	No	Yes	Yes	Yes	Yes	Yes	No	No	No	concentrated grape juice	Yes	Yes	No	No	No	No	No	No	No	No	No
SRR16988710	yHMPu5000037883_candida_sorbosivorans_180604	37883	Dipodascales	Starmerella sorbosivorans	Standard	Generalist	0	0	0.322008304658746	0	Yes	Yes	Yes	Yes	Yes	Yes	Yes	Yes	Yes	No	Yes	Yes	No	No	Yes	Yes	Yes	Yes	Yes	No	Yes	Yes	No	Yes	Yes	Yes	Yes	No	No	Sorbitol-to-sorbose continuous fermentation cascade	Yes	Yes	No	No	No	No	No	No	No	No	No
SRR16988698	yHMPu5000037894_candida_hasegawae_180604	37894	Dipodascales	Wickerhamiella hasegawae	Standard	Standard	0	0.612664611000655	0.39196218886697	0	NA	NA	NA	NA	NA	NA	NA	NA	NA	NA	NA	NA	NA	NA	NA	NA	NA	NA	NA	NA	NA	NA	NA	NA	NA	NA	NA	NA	NA	Insect frass	Yes	Yes	No	No	No	No	Yes	No	Yes	Yes	Yes
SRR16974546	yHMPu5000035277_candida_pararugosa_201018	35277	Dipodascales	Wickerhamiella pararugosa	Standard	Standard	1.72410291422307	12.7394114156736	1.58105108882231	0	Yes	Yes	No	Yes	Yes	Yes	No	Yes	No	Yes	No	Yes	No	Yes	No	Yes	Yes	No	No	No	No	No	Yes	Yes	No	Yes	Yes	No	No	faeces of Man	Yes	Yes	No	No	No	No	Yes	No	No	No	No
SRR16974530	yHMPu5000026142_citeromyces_matritensis_160519.haplomerger2	26142	Pichiales	Citeromyces matritensis	Standard	Standard	0	0.550596284527622	0.255637993936358	0.209118981943193	Yes	Yes	No	Yes	Yes	Yes	Yes	Yes	No	Yes	Yes	No	No	No	No	No	Yes	No	No	Yes	No	No	No	Yes	No	No	No	No	No	fermenting fruit in syrup	Yes	Yes	No	No	No	No	No	No	No	No	No
SRR16974632	yHMPu5000034607_saccharomycopsis_capsularis_180604	34607	Ascoideales	Saccharomycopsis capsularis	NA	NA	NA	NA	NA	NA	Yes	Yes	No	Yes	No	Yes	No	Yes	Yes	Yes	Yes	Yes	Yes	No	Yes	No	Yes	Yes	Yes	Yes	Yes	Yes	Yes	Yes	Yes	No	No	No	Yes	substrate unknown	NA	NA	NA	NA	NA	NA	NA	NA	NA	NA	NA
SRR16988848	yHMPu5000040959_metschnikowia_aberdeeniae_201018	40959	Serinales	Metschnikowia aberdeeniae	Standard	Standard	0.399755738214858	0.832701627872775	0.164660803731857	0.562974667713324	Yes	Yes	Yes	Yes	Yes	Yes	Yes	Yes	Yes	Yes	Yes	Yes	Yes	Yes	Yes	Yes	Yes	Yes	Yes	Yes	Yes	Yes	Yes	Yes	NA	Yes	No	Yes	No	insects of morning glories	Yes	Yes	No	No	No	No	Yes	No	Yes	Yes	Yes
SRR16988851	yHMPu5000040956_metschnikowia_borealis_201018	40956	Serinales	Metschnikowia borealis	NA	NA	NA	NA	NA	NA	Yes	Yes	Yes	Yes	Yes	Yes	Yes	Yes	Yes	Yes	Yes	Yes	Yes	Yes	Yes	Yes	Yes	Yes	Yes	Yes	Yes	Yes	Yes	Yes	Yes	Yes	Yes	Yes	Yes	Conotelus sp. (beetle) in Convolvulus arvensis	Yes	Yes	No	No	No	No	Yes	No	Yes	Yes	Yes
SRR16988852	yHMPu5000040955_metschnikowia_bowlesiae_201018	40955	Serinales	Metschnikowia bowlesiae	Specialist	Standard	0	0	0	0	Yes	Yes	No	No	Yes	Yes	Yes	Yes	Yes	Yes	Yes	Yes	Yes	Yes	Yes	Yes	Yes	Yes	Yes	Yes	Yes	Yes	Yes	No	NA	Yes	No	Yes	No	Conotelus mexicanus (Coleoptera: Nitidulidae) Ipomoea indica flower C. mexicanus in I. indica	Yes	Yes	No	No	No	No	Yes	No	Yes	Yes	Yes
SRR16988853	yHMPu5000040954_metschnikowia_cerradonensis_201018	40954	Serinales	Metschnikowia cerradonensis	Generalist	Standard	0.478112536340747	0.778590230961558	0.417103570944622	0.405908982175362	NA	NA	NA	NA	NA	NA	NA	NA	NA	NA	NA	NA	NA	NA	NA	NA	NA	NA	NA	NA	NA	NA	NA	NA	NA	NA	NA	NA	NA	nitudulid beetle (Conotelus sp., Coleoptera, Nitidulidae) foundinflowers ofmorningglory(Ipomoeacarnea,Convolvulaceae) or the flowers themselves,	Yes	Yes	No	No	No	No	Yes	No	Yes	Yes	Yes
SRR16988890	yHMPu5000040943_metschnikowia_continentalis_201018	40943	Serinales	Metschnikowia continentalis	Standard	Standard	0.429624715027852	0	0.218553435243999	0.399309832549561	Yes	Yes	Yes	Yes	Yes	Yes	Yes	Yes	Yes	Yes	Yes	Yes	Yes	Yes	Yes	Yes	Yes	Yes	Yes	Yes	Yes	Yes	Yes	No	Yes	Yes	Yes	Yes	Yes	flower of Ipomoea fistulosa (morning glory)	Yes	Yes	Yes	Yes	Yes	Yes	No	Yes	No	No	No
SRR16988888	yHMPu5000040945_metschnikowia_dekortorum_201018	40945	Serinales	Metschnikowia dekortorum	Standard	Specialist	0.625276047402404	0	0	0.311327041829864	Yes	Yes	No	No	Yes	Yes	Yes	Yes	Yes	NA	Yes	No	Yes	Yes	Yes	Yes	No	Yes	Yes	Yes	Yes	No	Yes	Yes	Yes	Yes	Yes	Yes	No	Conotelus sp. (Coleoptera; Nitidulidae) on Ipomoea indica	Yes	Yes	No	No	No	No	Yes	No	Yes	Yes	Yes
SRR16988858	yHMPu5000040948_metschnikowia_hamakuensis_201018	40948	Serinales	Metschnikowia hamakuensis	Standard	Standard	0.207330032139265	2.41072346747194	0	0.338538736668047	Yes	Yes	Yes	Yes	Yes	Yes	Yes	No	Yes	Yes	Yes	Yes	Yes	Yes	Yes	Yes	Yes	Yes	Yes	Yes	Yes	Yes	Yes	Yes	NA	Yes	No	Yes	No	female insect (Prosopeus cf. bidens) on Brussaisia arguta	Yes	Yes	No	No	No	No	Yes	No	Yes	Yes	Yes
SRR16988856	yHMPu5000040950_metschnikowia_hibisci_200128	40950	Serinales	Metschnikowia hibisci	Standard	Standard	0.485614098012103	0.854042379726057	0.420985339380483	0.231553140105543	Yes	Yes	Yes	Yes	Yes	Yes	Yes	Yes	Yes	No	Yes	Yes	Yes	Yes	Yes	Yes	Yes	Yes	Yes	Yes	Yes	Yes	Yes	Yes	Yes	Yes	No	Yes	Yes	Drosophila hibisci on Hibiscus heterophyllus	Yes	Yes	No	No	No	No	Yes	No	Yes	Yes	Yes
SRR16988855	yHMPu5000040951_metschnikowia_ipomoeae_201018	40951	Serinales	Candida ipomoeae	NA	NA	NA	NA	NA	NA	Yes	Yes	Yes	Yes	Yes	Yes	Yes	Yes	Yes	Yes	No	Yes	Yes	Yes	Yes	Yes	Yes	Yes	Yes	Yes	Yes	Yes	Yes	No	Yes	Yes	Yes	Yes	Yes	drosophilid fly Exalloscaptomyza calliginosa, on flower of Ipomoea acuminata	Yes	Yes	No	No	No	No	Yes	No	Yes	Yes	Yes
SRR16988854	yHMPu5000040953_metschnikowia_kipukae_201018	40953	Serinales	Metschnikowia kipukae	Standard	Standard	0	0.794413091874586	0.0721940569678124	0.421820431506803	NA	NA	NA	NA	NA	NA	NA	NA	NA	NA	NA	NA	NA	NA	NA	NA	NA	NA	NA	NA	NA	NA	NA	NA	NA	NA	NA	NA	NA	nitidulid beetle (Prosopeus subaeneus, Coleoptera: Nitidulidae)	Yes	Yes	No	No	No	No	Yes	No	Yes	Yes	Yes
SRR16988892	yHMPu5000040941_metschnikowia_lochheadii_201018	40941	Serinales	Metschnikowia lochheadii	Standard	Specialist	0.566856260487325	1.07286958690028	0	0.422255773529785	Yes	Yes	No	Yes	Yes	Yes	Yes	Yes	Yes	NA	NA	Yes	Yes	Yes	Yes	Yes	Yes	Yes	Yes	Yes	Yes	Yes	Yes	Yes	Yes	Yes	No	Yes	No	Conotelus mexicanus collected on Tabebuia rosea	Yes	Yes	No	No	No	No	Yes	No	Yes	Yes	Yes
SRR16988955	yHMPu5000040795_metschnikowia_matae_201018	40795	Serinales	Metschnikowia matae var. maris	Standard	Standard	0.749989868615618	1.1625625452883	0.283216487771636	0.795609773978259	NA	NA	NA	NA	NA	NA	NA	NA	NA	NA	NA	NA	NA	NA	NA	NA	NA	NA	NA	NA	NA	NA	NA	NA	NA	NA	NA	NA	NA	unidentified flower in Serra do Mar State Park, São Paulo, Brazil	Yes	Yes	Yes	Yes	Yes	Yes	No	No	No	No	No
SRR16988893	yHMPu5000040940_metschnikowia_matae_201018	40940	Serinales	Metschnikowia matae var. matae	Standard	Standard	1.38979318168304	1.37776600657537	0	0	NA	NA	NA	NA	NA	NA	NA	NA	NA	NA	NA	NA	NA	NA	NA	NA	NA	NA	NA	NA	NA	NA	NA	NA	NA	NA	NA	NA	NA	flower of Ipomoea sp.	Yes	Yes	Yes	Yes	Yes	Yes	No	Yes	No	No	No
SRR16988894	yHMPu5000040937_metschnikowia_proteae_201018	40937	Serinales	Metschnikowia proteae	Standard	Specialist	0.555975665043561	0.802769083520002	0.395972535208447	0.567638892050092	Yes	Yes	Yes	NA	Yes	Yes	Yes	Yes	Yes	Yes	Yes	Yes	Yes	Yes	Yes	Yes	Yes	Yes	Yes	Yes	Yes	Yes	Yes	Yes	NA	Yes	NA	Yes	No	Trichostetha fascicularis (Coleoptera: Scarabaeidae: Cetoniini)	Yes	Yes	No	No	No	No	Yes	No	Yes	Yes	Yes
SRR16988895	yHMPu5000040935_metschnikowia_shivogae_201018	40935	Serinales	Metschnikowia shivogae	Standard	Standard	0.303542478804468	0.50829662582295	0	0.319781790212722	Yes	Yes	Yes	Yes	Yes	Yes	Yes	Yes	Yes	Yes	Yes	Yes	Yes	Yes	NA	Yes	Yes	Yes	Yes	Yes	No	No	Yes	No	NA	Yes	No	Yes	No	insects of morning glories	Yes	Yes	No	No	No	No	Yes	No	Yes	Yes	Yes
SRR16974440	yHMPu5000034937_kuraishia_capsulata_160519	34937	Pichiales	Kuraishia capsulata	Standard	Standard	0	0.658139321950266	0.416490681745342	0.484106142973315	Yes	Yes	Yes	Yes	Yes	Yes	Yes	Yes	Yes	Yes	Yes	Yes	Yes	Yes	Yes	No	No	Yes	Yes	Yes	Yes	No	NA	Yes	Yes	No	Yes	Yes	No	insect frass on conifer	Yes	Yes	No	No	No	No	Yes	No	Yes	Yes	Yes
SRR16988671	yHMPu5000037922_ascoidea_rubescens_170210	37922	Ascoideales	Ascoidea rubescens	NA	NA	NA	NA	NA	NA	NA	NA	NA	NA	NA	NA	NA	NA	NA	NA	NA	NA	NA	NA	NA	NA	NA	NA	NA	NA	NA	NA	NA	NA	NA	NA	NA	NA	NA	no data	NA	NA	NA	NA	NA	NA	NA	NA	NA	NA	NA
SRR16974452	yHMPu5000034925_candida_arabinofermentans_160519	34925	Pichiales	Candida arabinofermentans	Standard	Standard	0	0.410305941234981	0.357206333132454	0	Yes	Yes	Yes	Yes	Yes	Yes	Yes	Yes	Yes	Yes	Yes	Yes	Yes	Yes	Yes	No	No	Yes	Yes	No	Yes	No	Yes	No	Yes	No	Yes	No	No	insect frass dead Larix sp. (larch tree)	Yes	Yes	No	No	No	No	Yes	No	Yes	Yes	Yes
SRR16974728	yHMPu5000034743_lipomyces_starkeyi_190924	34743	Lipomycetales	Lipomyces starkeyi	Standard	Standard	0.776305067259251	0.889017285677794	0.508197698240475	0.94546456386798	NA	NA	NA	NA	NA	NA	NA	NA	NA	NA	NA	NA	NA	NA	NA	NA	NA	NA	NA	NA	NA	NA	NA	NA	NA	NA	NA	NA	NA	soil	Yes	Yes	No	No	No	No	No	No	No	No	No
SRR16974731	yHMPu5000034592_metschnikowia_bicuspidata_var_bicuspidata_180604	34592	Serinales	Metschnikowia bicuspidata var. bicuspidata	Standard	Standard	0.711487095840006	0.663490431289807	0	0.431913347750135	Yes	Yes	Yes	No	Yes	Yes	Yes	Yes	Yes	Yes	No	Yes	Yes	Yes	Yes	Yes	Yes	Yes	Yes	Yes	No	No	Yes	Yes	Yes	Yes	No	No	No	sporocysts of Diplostomum flexicaudum (trematode), in digestive gland of snail	Yes	Yes	No	No	No	No	Yes	No	No	No	No
SRR16988931	yHMPu5000035669_pachysolen_tannophilus_160613	35669	Alaninales	Pachysolen tannophilus	Standard	Standard	0.405039687820903	0.401913958625294	0.325742884744366	0	Yes	Yes	Yes	Yes	Yes	Yes	Yes	Yes	Yes	Yes	Yes	Yes	No	Yes	Yes	Yes	No	Yes	Yes	No	Yes	No	No	No	Yes	No	Yes	No	No	concentrated tanning fluid	Yes	Yes	No	No	No	No	No	No	No	No	No
SRR16988940	yHMPu5000035661_pichia_membranifaciens_160519	35661	Pichiales	Pichia membranifaciens	Specialist	Standard	0	0.426974569013543	0.240297454128574	0	Yes	Yes	Yes	Yes	Yes	No	Yes	NA	No	No	Yes	Yes	No	No	Yes	No	No	No	No	No	No	No	No	No	No	No	NA	No	No	elm exudate	Yes	Yes	Yes	Yes	Yes	Yes	No	Yes	No	No	No
SRR16974319	yHMPu5000035010_candida_tanzawaensis_190924	35010	Serinales	Suhomyces tanzawaensis	Standard	Standard	0.233947625460504	0.506487171940687	0	1.01675648339641	Yes	Yes	Yes	Yes	Yes	Yes	Yes	Yes	Yes	Yes	Yes	Yes	Yes	No	No	Yes	Yes	Yes	Yes	Yes	Yes	Yes	No	No	Yes	No	Yes	Yes	Yes	Polytrichum commune (moss)	Yes	Yes	Yes	Yes	No	No	No	No	No	No	No
SRR16974295	yHMPu5000034693_Lachancea_lanzarotensis_SPADES	34693	Saccharomycetales	Lachancea lanzarotensis	Standard	Standard	0	0.446629144830267	0	0.545744780378133	Yes	Yes	No	Yes	NA	Yes	NA	Yes	Yes	Yes	Yes	No	Yes	No	NA	Yes	Yes	No	No	Yes	No	No	Yes	Yes	No	No	No	Yes	Yes	grape berries of Vitis vinifera	Yes	Yes	Yes	Yes	Yes	Yes	No	Yes	No	No	No
SRR16974700	yHMPu5000034869_vanderwaltozyma_polyspora_180604	34869	Saccharomycetales	Vanderwaltozyma polyspora	Standard	Specialist	1.15265451478706	0.367014475148938	0.377774055010678	0	Yes	Yes	No	Yes	No	No	No	Yes	No	Yes	Yes	Yes	Yes	No	Yes	Yes	Yes	No	No	No	No	Yes	No	Yes	No	No	No	No	No	soil	Yes	Yes	No	No	No	No	No	No	No	No	No
SRR16974363	yHMPu5000034654_aciculoconidium_aculeatum_180604	34654	Serinales	Aciculoconidium aculeatum	Standard	Standard	0	1.54748731489547	0.279756424216028	0	Yes	Yes	Yes	Yes	Yes	Yes	Yes	Yes	Yes	Yes	Yes	Yes	Yes	No	No	No	No	Yes	Yes	Yes	Yes	Yes	No	No	Yes	No	No	Yes	Yes	Drosophila occidentalis (fruit fly)	Yes	Yes	No	No	No	No	Yes	No	Yes	Yes	Yes
SRR16974650	yHMPu5000035038_ambrosiozyma_kashinagacola_160519	35038	Pichiales	Ambrosiozyma kashinagicola	Standard	Standard	0	0.86960772947821	0.381999804962947	0	Yes	Yes	Yes	Yes	Yes	Yes	Yes	NA	Yes	Yes	Yes	Yes	No	No	Yes	No	No	No	No	No	Yes	Yes	Yes	Yes	NA	No	Yes	Yes	No	beetle gallery of Platypus quercivorus	Yes	Yes	No	No	No	No	Yes	No	Yes	Yes	Yes
SRR16974506	yHMPu5000026279_Ambrosiozyma_monospora_SPADES	26279	Pichiales	Ambrosiozyma monospora	Standard	Standard	0	0.437097491942961	0.531908638192233	0.536710789827033	Yes	Yes	Yes	Yes	Yes	Yes	Yes	Yes	Yes	Yes	Yes	Yes	No	Yes	No	No	No	Yes	No	Yes	Yes	No	Yes	Yes	Yes	Yes	Yes	No	Yes	exudate of coconut palm	Yes	Yes	Yes	Yes	Yes	Yes	No	Yes	No	No	No
SRR16988672	yHMPu5000037921_ascoidea_asiatica_201018	37921	Ascoideales	Ascoidea asiatica	NA	NA	NA	NA	NA	NA	NA	NA	NA	NA	NA	NA	NA	NA	NA	NA	NA	NA	NA	NA	NA	NA	NA	NA	NA	NA	NA	NA	NA	NA	NA	NA	NA	NA	NA	larvae	Yes	Yes	No	No	No	No	Yes	No	Yes	Yes	Yes
SRR16974612	yHMPu5000035048_Barnettozyma_salicaria_SPADES	35048	Phaffomycetales	Barnettozyma salicaria	Standard	Standard	0	1.83051657801857	1.11782132110524	0	Yes	Yes	Yes	Yes	Yes	Yes	Yes	Yes	Yes	Yes	No	Yes	No	Yes	Yes	No	No	Yes	Yes	No	No	Yes	No	Yes	Yes	No	Yes	No	No	slime flux of Salix sp. (willow)	Yes	Yes	Yes	Yes	Yes	Yes	No	Yes	No	No	No
SRR16974314	yHMPu5000034673_blastobotrys_nivea_190924	34673	Dipodascales	Blastobotrys niveus	NA	NA	NA	NA	NA	NA	NA	NA	NA	NA	NA	NA	NA	NA	NA	NA	NA	NA	NA	NA	NA	NA	NA	NA	NA	NA	NA	NA	NA	NA	NA	NA	NA	NA	NA	compost	Yes	Yes	No	No	No	No	No	No	No	No	No
SRR16974346	yHMPu5000034669_Blastobotrys_raffinofermentans_SPAdes	34669	Dipodascales	Blastobotrys raffinosifermentans	Generalist	Generalist	0.623232515101344	0.680035835380694	0	0.858787560788429	Yes	Yes	Yes	Yes	Yes	Yes	Yes	Yes	Yes	Yes	Yes	Yes	Yes	Yes	Yes	Yes	Yes	Yes	Yes	Yes	Yes	Yes	Yes	Yes	Yes	Yes	Yes	Yes	Yes	source unknown	NA	NA	NA	NA	NA	NA	NA	NA	NA	NA	NA
SRR16974362	yHMPu5000034655_botryozyma_nematodophila_190924.haplomerger2	34655	Trigonopsidales	Botryozyma nematodophila	NA	NA	NA	NA	NA	NA	Yes	Yes	Yes	Yes	No	Yes	Yes	Yes	Yes	Yes	No	Yes	Yes	No	No	No	No	No	No	No	No	No	No	No	No	Yes	Yes	No	No	Panagrellus zymosiphilus (nematode) on grapes with sour rot	Yes	Yes	No	No	No	No	Yes	No	No	No	No
SRR16989040	yHMPu5000041855_candida_ascalaphidarum_170307	41855	Serinales	Candida ascalaphidarum	Standard	Standard	0.785330135240261	0	0.378889248871274	0.697798663047315	Yes	Yes	Yes	Yes	Yes	Yes	Yes	NA	Yes	No	Yes	Yes	Yes	Yes	Yes	Yes	Yes	Yes	No	Yes	Yes	Yes	Yes	Yes	Yes	No	No	Yes	Yes	gut of an unidentified owlfly (Neuroptera, Ascalaphidae)	Yes	Yes	No	No	No	No	Yes	No	Yes	Yes	Yes
SRR16974339	yHMPu5000034990_Candida_corydali_SPADES	34990	Serinales	Candida corydali	Standard	Standard	0.354320501042662	0.270171772328147	0.20714395476394	0.279298682287235	Yes	Yes	Yes	Yes	Yes	Yes	Yes	Yes	Yes	Yes	Yes	Yes	Yes	Yes	Yes	Yes	Yes	No	Yes	Yes	Yes	Yes	Yes	Yes	Yes	Yes	No	Yes	Yes	body surface of a female Corydalus cornutus (Neuroptera, Corydalidae)	Yes	Yes	No	No	No	No	Yes	No	Yes	Yes	Yes
SRR16989033	yHMPu5000041862_candida_golubevii_170307	41862	Serinales	Candida golubevii	Specialist	Specialist	0	0	0	0	Yes	Yes	Yes	Yes	Yes	Yes	Yes	NA	Yes	Yes	Yes	Yes	Yes	Yes	No	Yes	Yes	Yes	Yes	Yes	Yes	No	Yes	Yes	NA	Yes	NA	Yes	Yes	Insect frass	Yes	Yes	No	No	No	No	Yes	No	Yes	Yes	Yes
SRR16974342	yHMPu5000034987_candida_intermedia_160519	34987	Serinales	Candida intermedia	Generalist	Standard	0.384683374106908	0.329902085773233	0	0.641231469779495	Yes	Yes	Yes	Yes	Yes	Yes	Yes	Yes	Yes	Yes	Yes	Yes	Yes	Yes	Yes	Yes	Yes	Yes	Yes	Yes	Yes	Yes	Yes	Yes	Yes	Yes	No	Yes	Yes	faeces, of American woman with tropical sprue	Yes	Yes	No	No	No	No	Yes	No	No	No	No
SRR16974591	yHMPu5000035261_candida_ponderosae_170307	35261	Phaffomycetales	Candida ponderosae	NA	NA	NA	NA	NA	NA	Yes	Yes	NA	Yes	No	Yes	NA	NA	No	Yes	No	Yes	No	Yes	NA	Yes	No	Yes	Yes	No	No	Yes	NA	Yes	NA	No	NA	No	No	insect frass, Ponderosa pine (Pinus ponderosa)	Yes	Yes	No	No	No	No	Yes	No	Yes	Yes	Yes
SRR16974567	yHMPu5000034643_Candida_schatavii_SPAdes	34643	Serinales	Candida schatavii	NA	NA	NA	NA	NA	NA	Yes	Yes	Yes	Yes	Yes	Yes	Yes	Yes	Yes	Yes	Yes	Yes	Yes	Yes	Yes	Yes	No	No	No	No	Yes	Yes	Yes	Yes	No	No	No	No	No	pileus of Fomitopsis pinicola (toadstool)	Yes	Yes	No	No	No	No	No	No	No	No	No
SRR16989059	yHMPu5000041833_candida_tammaniensis_170307	41833	Serinales	Candida tammaniensis	Standard	Standard	0.731013863282073	0.450272984630192	0.378041130397372	0.419288446292972	Yes	Yes	Yes	Yes	Yes	Yes	Yes	Yes	Yes	Yes	Yes	Yes	Yes	Yes	Yes	Yes	Yes	Yes	Yes	Yes	Yes	Yes	Yes	Yes	Yes	No	Yes	Yes	Yes	insect frass in dead Quercus sp. (oak tree)	Yes	Yes	No	No	No	No	Yes	No	Yes	Yes	Yes
SRR16974330	yHMPu5000034998_cephaloascus_albidus_160519.haplomerger2	34998	Serinales	Cephaloascus albidus	Standard	Standard	0.593485320937898	0.311991988846799	0.238999760071519	0	NA	NA	NA	NA	NA	NA	NA	NA	NA	NA	NA	NA	NA	NA	NA	NA	NA	NA	NA	NA	NA	NA	NA	NA	NA	NA	NA	NA	NA	cranberry pumace, Canada	Yes	Yes	No	No	No	No	No	No	No	No	No
SRR16974430	yHMPu5000034950_citeromyces_hawaiiensis_170307.haplomerger2	34950	Pichiales	Citeromyces hawaiiensis	Standard	Standard	0	0.520771190343947	0	0.475354409319582	Yes	Yes	NA	Yes	NA	Yes	NA	NA	Yes	Yes	Yes	No	Yes	No	NA	No	Yes	No	No	Yes	No	Yes	NA	Yes	NA	Yes	NA	No	Yes	flux on a sandalwood tree (Myoporum sandwicense), Hawaii, USA	Yes	Yes	Yes	Yes	Yes	Yes	No	Yes	No	No	No
SRR16989173	yHMPu5000035325_cyberlindnera_petersonii_180604	35325	Phaffomycetales	Cyberlindnera petersonii	Generalist	Generalist	0	0.362179556939885	0.512938870827184	0.537096084095414	Yes	Yes	Yes	Yes	Yes	Yes	Yes	Yes	Yes	Yes	Yes	Yes	Yes	Yes	Yes	No	Yes	Yes	Yes	Yes	Yes	Yes	No	Yes	Yes	No	Yes	Yes	Yes	corpse, in embalming fluid	Yes	Yes	No	No	No	No	Yes	No	No	No	No
SRR16988886	yHMPu5000035686_Cyberlindnera_saturnus_SPADES	35686	Phaffomycetales	Cyberlindnera saturnus	Standard	Generalist	0	0.0754832193887999	0.622916011065698	0	Yes	Yes	Yes	Yes	Yes	Yes	Yes	Yes	Yes	Yes	Yes	Yes	No	Yes	Yes	No	Yes	Yes	Yes	No	No	Yes	Yes	Yes	Yes	No	No	No	No	soil	Yes	Yes	No	No	No	No	No	No	No	No	No
SRR16988884	yHMPu5000035688_Cyberlindnera_xylosilytica_SPADES	35688	Phaffomycetales	Cyberlindnera xylosilytica	Generalist	Standard	0	0.523313534410972	0.451264739175638	0.331005177170609	Yes	Yes	Yes	Yes	NA	Yes	NA	Yes	Yes	Yes	Yes	Yes	Yes	NA	NA	Yes	Yes	Yes	Yes	Yes	No	No	Yes	Yes	NA	No	Yes	Yes	NA	Insect frass collected white oak (Quercus alba)	Yes	Yes	No	No	No	No	Yes	No	Yes	Yes	Yes
SRR16989089	yHMPu5000041829_debaryomyces_fabryi_180604	41829	Serinales	Debaryomyces fabryi	Generalist	Standard	0.337029359080566	0.757615489884724	0.370595416734613	0.479896854717678	Yes	Yes	Yes	Yes	Yes	Yes	Yes	Yes	Yes	Yes	Yes	Yes	Yes	Yes	Yes	Yes	Yes	Yes	Yes	Yes	Yes	Yes	Yes	Yes	Yes	Yes	Yes	Yes	Yes	interdigital mycotic lesion	Yes	Yes	No	No	No	No	Yes	No	No	No	No
SRR16988841	yHMPu5000041713_debaryomyces_maramus_170307	41713	Serinales	Debaryomyces marama	Standard	Standard	0.342959326755659	0.399775984133327	0	0.492351567447225	Yes	Yes	Yes	Yes	Yes	Yes	Yes	Yes	Yes	Yes	No	Yes	Yes	Yes	Yes	Yes	Yes	Yes	Yes	Yes	Yes	Yes	Yes	Yes	Yes	Yes	Yes	Yes	Yes	atmosphere	Yes	Yes	No	No	No	No	No	No	No	No	No
SRR16988843	yHMPu5000041693_debaryomyces_nepalensis_170307	41693	Serinales	Debaryomyces nepalensis	Generalist	Standard	0.975158442543007	0.858785337750445	0.172811633364394	0.710778777596358	Yes	Yes	Yes	Yes	Yes	Yes	Yes	Yes	Yes	Yes	Yes	Yes	Yes	Yes	Yes	Yes	Yes	Yes	Yes	Yes	Yes	Yes	Yes	Yes	Yes	Yes	Yes	Yes	Yes	soil	Yes	Yes	No	No	No	No	No	No	No	No	No
SRR16988845	yHMPu5000041678_debaryomyces_prosopidis_170307	41678	Serinales	Debaryomyces prosopidis	Standard	Standard	0.652689086117138	0.460792908947216	0.386150066678115	0.569457462352372	Yes	Yes	Yes	Yes	Yes	Yes	Yes	Yes	Yes	Yes	No	Yes	Yes	Yes	Yes	Yes	Yes	No	No	Yes	Yes	No	Yes	Yes	Yes	Yes	Yes	Yes	Yes	exudate of Prosopis juliflora (mesquite tree)	Yes	Yes	Yes	Yes	Yes	Yes	No	Yes	No	No	No
SRR16974356	yHMPu5000034660_diddensiella_caesifluorescens_180604	34660	Dipodascales	Diddensiella caesifluorescens	Standard	Specialist	0.658657824908201	0.212586302165635	0	0.58161262582254	NA	NA	NA	NA	NA	NA	NA	NA	NA	NA	NA	NA	NA	NA	NA	NA	NA	NA	NA	NA	NA	NA	NA	NA	NA	NA	NA	NA	NA	Brown rotten oak (Quercus cerris) wood	Yes	Yes	Yes	Yes	Yes	Yes	No	Yes	No	No	No
SRR16974355	yHMPu5000034661_dipodascus_albidus_180604	34661	Dipodascales	Dipodascus albidus	Standard	Specialist	0.331622368383551	1.22331657460265	0.871567537770947	0	NA	NA	NA	NA	NA	NA	NA	NA	NA	NA	NA	NA	NA	NA	NA	NA	NA	NA	NA	NA	NA	NA	NA	NA	NA	NA	NA	NA	NA	exudate of a broadleaf tree	Yes	Yes	Yes	Yes	Yes	Yes	No	Yes	No	No	No
SRR16989094	yHMPu5000041822_dipodascus_geniculatus_170307	41822	Dipodascales	Dipodascus geniculatus	Standard	Standard	0	0.505335479454403	0.351149670445238	0	NA	NA	NA	NA	NA	NA	NA	NA	NA	NA	NA	NA	NA	NA	NA	NA	NA	NA	NA	NA	NA	NA	NA	NA	NA	NA	NA	NA	NA	guava (Psidium guajaua, Myrtaceae) pulp	Yes	Yes	Yes	Yes	Yes	Yes	No	Yes	No	No	No
SRR16988889	yHMPu5000035684_kloeckera_hatyaiensis_160519.haplomerger2	35684	Saccharomycodales	Hanseniaspora hatyaiensis	Specialist	Standard	0	157.990194637983	0	0	Yes	Yes	Yes	No	Yes	No	No	Yes	No	No	Yes	No	No	No	Yes	No	No	Yes	Yes	No	No	No	No	Yes	NA	No	No	No	No	rotted wood	Yes	Yes	Yes	Yes	Yes	Yes	No	No	No	No	No
SRR16974424	yHMPu5000034957_Hanseniaspora_osmophila_SPADES	34957	Saccharomycodales	Hanseniaspora osmophila	Standard	Standard	0	0.414686110342081	0	0.701657588453494	Yes	Yes	Yes	No	Yes	No	Yes	Yes	No	No	Yes	No	Yes	No	Yes	No	No	Yes	Yes	Yes	No	No	No	No	Yes	No	No	No	No	ripe Reisling grapes	Yes	Yes	Yes	Yes	Yes	Yes	No	Yes	No	No	No
SRR16988651	yHMPu5000035318_hyphopichia_heimii_180604	35318	Serinales	Hyphopichia heimii	Standard	Standard	0.6618760807483	0.545436069193939	0	0.632507363475312	Yes	Yes	Yes	Yes	Yes	Yes	Yes	Yes	Yes	Yes	Yes	Yes	Yes	Yes	Yes	Yes	Yes	Yes	Yes	Yes	Yes	Yes	Yes	Yes	Yes	Yes	No	Yes	Yes	wood, covered with whitish mycelium	Yes	Yes	Yes	Yes	Yes	Yes	No	No	No	No	No
SRR16988673	yHMPu5000035316_candida_homilentoma_180604	35316	Serinales	Hyphopichia homilentoma	Generalist	Standard	0.541817072048656	0.458102668955986	0.436353987150118	0.452030882160415	Yes	Yes	Yes	Yes	Yes	Yes	Yes	Yes	Yes	Yes	Yes	Yes	Yes	Yes	Yes	Yes	Yes	Yes	Yes	Yes	Yes	Yes	Yes	Yes	Yes	No	Yes	Yes	Yes	tunnel of Sinoxylon ruficorne, in Combretum apiculatus	Yes	Yes	No	No	No	No	Yes	No	Yes	Yes	Yes
SRR16974286	yHAB159_kazachstania_solicola_160519.haplomerger2	yHAB159	Saccharomycetales	Kazachstania solicola	Standard	Specialist	0.581947382671994	0.514612142981017	0.397470813828212	0	Yes	Yes	No	Yes	No	No	No	NA	No	No	Yes	No	Yes	No	NA	Yes	No	No	No	No	No	No	NA	NA	NA	No	NA	No	No	soil	Yes	Yes	No	No	No	No	No	No	No	No	No
SRR16974297	yHAB158_kazachstania_viticola_160519.haplomerger2	yHAB158	Saccharomycetales	Kazachstania viticola	NA	NA	NA	NA	NA	NA	Yes	Yes	No	Yes	No	No	No	NA	No	Yes	Yes	No	No	No	Yes	Yes	No	No	No	No	No	No	No	Yes	No	No	NA	No	No	fermenting grapes	Yes	Yes	No	No	No	No	No	No	No	No	No
SRR16974351	yHMPu5000034665_kodamaea_laetipori_180604	34665	Serinales	Kodamaea laetipori	Standard	Standard	0	0.462977691638941	0	0.836431883667387	Yes	Yes	Yes	Yes	Yes	Yes	Yes	Yes	Yes	Yes	Yes	Yes	Yes	Yes	Yes	No	Yes	Yes	Yes	Yes	Yes	Yes	No	Yes	Yes	Yes	No	Yes	Yes	Diaperis sp. (Tenebrionidae)	No	No	No	No	No	No	No	No	No	No	No
SRR16988933	yHMPu5000035667_kurtzmaniella_cleridarum_180604	35667	Serinales	Kurtzmaniella cleridarum	Standard	Standard	0.390075839987608	0.491031142853158	0.0940676721368088	0.546514446967916	Yes	Yes	Yes	Yes	Yes	Yes	Yes	Yes	Yes	NA	NA	Yes	No	Yes	Yes	Yes	Yes	No	Yes	Yes	Yes	Yes	Yes	Yes	Yes	Yes	Yes	Yes	No	clerid beetle on flower of cactus (Opuntia phaeacantha)	Yes	Yes	No	No	No	No	Yes	No	Yes	Yes	Yes
SRR16988806	yHMPu5000035302_candida_fragi_180604	35302	Serinales	Kurtzmaniella fragi	NA	NA	NA	NA	NA	NA	Yes	Yes	Yes	Yes	Yes	Yes	Yes	No	Yes	Yes	Yes	Yes	No	Yes	Yes	Yes	Yes	Yes	Yes	Yes	Yes	Yes	Yes	Yes	Yes	Yes	No	Yes	No	rotting fruit of Fragaria chiloensi var. ananassa (strawberry)	Yes	Yes	Yes	Yes	Yes	Yes	No	Yes	No	No	No
SRR16974717	yHMPu5000034754_lipomyces_arxii_170713	34754	Lipomycetales	Lipomyces arxii	Standard	Standard	1.05833389243558	0	0.939075725342869	0	Yes	Yes	Yes	Yes	No	Yes	Yes	No	No	Yes	No	Yes	Yes	Yes	Yes	Yes	No	Yes	Yes	No	No	No	No	No	Yes	Yes	No	No	No	soil of forest	Yes	Yes	No	No	No	No	No	No	No	No	No
SRR16974710	yHMPu5000034761_Lipomyces_lipofer_SPAdes	34761	Lipomycetales	Lipomyces lipofer	NA	NA	NA	NA	NA	NA	Yes	Yes	Yes	No	Yes	Yes	Yes	Yes	Yes	Yes	No	Yes	Yes	Yes	Yes	Yes	Yes	Yes	Yes	Yes	No	Yes	Yes	Yes	Yes	Yes	No	Yes	Yes	soil of garden	Yes	Yes	No	No	No	No	No	No	No	No	No
SRR16989098	yHMPu5000041818_magnusiomyces_tetrasperma_170307	41818	Dipodascales	Magnusiomyces tetraspermus	Standard	Standard	0.115759355908704	0.257914569764208	0.451471568146824	0	NA	NA	NA	NA	NA	NA	NA	NA	NA	NA	NA	NA	NA	NA	NA	NA	NA	NA	NA	NA	NA	NA	NA	NA	NA	NA	NA	NA	NA	wet conveyor at a prune dehydration plant	Yes	Yes	No	No	No	No	No	No	No	No	No
SRR16974580	yHMPu5000034631_martiniozyma_abiesophila_170307.haplomerger2	34631	Pichiales	Martiniozyma abietophila	Specialist	Specialist	0	0	0	0	Yes	Yes	Yes	No	Yes	Yes	Yes	NA	Yes	Yes	Yes	Yes	No	No	No	No	No	No	No	No	Yes	No	No	No	No	No	No	No	No	sap of Abies concolor (red fir)	Yes	Yes	Yes	Yes	Yes	Yes	No	No	No	No	No
SRR16988835	yHMPu5000041743_candida_hawaiiana_170307	41743	Serinales	Metschnikowia hawaiiana	Generalist	Standard	0.514915493855493	0.709522318411962	0.360907798517008	0.500655616521063	Yes	Yes	Yes	Yes	Yes	Yes	Yes	NA	Yes	NA	NA	Yes	Yes	Yes	Yes	Yes	Yes	Yes	Yes	Yes	Yes	No	Yes	No	Yes	Yes	NA	Yes	Yes	flower of Ipomoea indica	Yes	Yes	Yes	Yes	Yes	Yes	No	Yes	No	No	No
SRR16974579	yHMPu5000034632_candida_athensensis_180604	34632	Serinales	Meyerozyma athensensis	Standard	Standard	1.02747454337983	1.1496310334552	0.43997172698002	0.763184494174595	Yes	Yes	Yes	Yes	Yes	Yes	Yes	Yes	Yes	NA	No	No	Yes	Yes	Yes	Yes	Yes	Yes	No	Yes	Yes	No	Yes	Yes	No	Yes	Yes	No	Yes	unidentified cucujoid	Yes	Yes	No	No	No	No	Yes	No	Yes	Yes	Yes
SRR16988936	yHMPu5000035664_candida_carpophila_160613	35664	Serinales	Meyerozyma carpophila	Standard	Standard	0.726130106625608	0.726379752658025	0.232800121215267	0	Yes	Yes	Yes	Yes	Yes	Yes	Yes	Yes	Yes	Yes	Yes	Yes	Yes	Yes	No	Yes	Yes	Yes	Yes	Yes	Yes	Yes	Yes	No	Yes	Yes	Yes	No	Yes	Blastophaga psenes (fig wasp) in fruit of Ficus sp. (fig)	Yes	Yes	No	No	No	No	Yes	No	Yes	Yes	Yes
SRR16974577	yHMPu5000034634_millerozyma_acaciae_160519	34634	Serinales	Millerozyma acaciae	Standard	Standard	0.825188592563788	0	0.603383418176411	0.763438688000767	Yes	Yes	Yes	Yes	Yes	Yes	Yes	Yes	Yes	Yes	Yes	Yes	Yes	Yes	No	Yes	No	Yes	Yes	Yes	Yes	Yes	No	Yes	Yes	No	Yes	Yes	Yes	frass of buprestid larvae, in Acacia nilotica var. kraussiana	Yes	Yes	No	No	No	No	Yes	No	Yes	Yes	Yes
SRR16974456	yHMPu5000034921_nakazawaea_peltata_160519	34921	Alaninales	Nakazawaea peltata	Generalist	Standard	0.212706673795782	0.481787696471157	0.560620934140971	0.385019630346054	Yes	Yes	Yes	Yes	Yes	Yes	Yes	Yes	Yes	No	Yes	Yes	Yes	Yes	Yes	Yes	Yes	Yes	Yes	Yes	Yes	Yes	Yes	No	Yes	Yes	Yes	Yes	Yes	milk cow with mastitis	Yes	Yes	No	No	No	No	Yes	No	No	No	No
SRR16974477	yHMPu5000034897_Ogataea_glucozyma_SPAdes	34897	Pichiales	Ogataea glucozyma	Standard	Generalist	0	0.399555002592614	0.180132297825327	0.149928430384577	Yes	Yes	Yes	Yes	Yes	Yes	Yes	Yes	Yes	Yes	Yes	No	Yes	No	Yes	No	No	Yes	Yes	No	Yes	Yes	Yes	No	Yes	No	Yes	No	No	frass of Ips sp. (bark beetle) on Picea engelmannii (Engelmann spruce)	Yes	Yes	No	No	No	No	Yes	No	Yes	Yes	Yes
SRR16974475	yHMPu5000034900_ogataea_methanolica_160519	34900	Pichiales	Ogataea methanolica	Standard	Standard	0.128721519252759	0.65505549929499	0.168087704613052	0	Yes	Yes	Yes	Yes	Yes	Yes	Yes	Yes	Yes	Yes	Yes	Yes	Yes	Yes	Yes	Yes	No	Yes	Yes	No	Yes	Yes	Yes	No	Yes	Yes	Yes	No	No	soil	Yes	Yes	No	No	No	No	No	No	No	No	No
SRR16974474	yHMPu5000034901_Ogataea_methylivora_SPADES	34901	Pichiales	Ogataea methylivora	Standard	Standard	0	1.38307401064636	0.381614865792779	0	Yes	Yes	Yes	Yes	Yes	Yes	Yes	Yes	Yes	Yes	Yes	No	Yes	Yes	Yes	No	Yes	No	No	No	Yes	Yes	Yes	Yes	No	Yes	Yes	No	No	rotten tree	Yes	Yes	Yes	Yes	Yes	Yes	No	No	No	No	No
SRR16974575	yHMPu5000034636_ogataea_nitratoaversa_180604	34636	Pichiales	Ogataea nitratoaversa	Standard	Standard	0	0.765640583516584	0.321204475543018	0	Yes	Yes	Yes	Yes	Yes	Yes	Yes	Yes	Yes	Yes	Yes	Yes	Yes	Yes	No	No	No	Yes	Yes	No	Yes	No	Yes	No	Yes	No	No	No	No	leaf of beech (Fagus sylvatica)	Yes	Yes	Yes	Yes	Yes	Yes	No	Yes	No	No	No
SRR16974470	yHMPu5000034904_Ogataea_nonfermentans_SPADES	34904	Pichiales	Ogataea nonfermentans	Standard	Generalist	0	0.821650748671571	0.287717695494302	0	Yes	Yes	Yes	Yes	Yes	Yes	Yes	Yes	Yes	Yes	No	Yes	Yes	Yes	Yes	No	No	Yes	Yes	No	Yes	Yes	Yes	No	Yes	No	Yes	No	No	water, of mountain stream	Yes	Yes	No	No	No	No	No	No	No	No	No
SRR16974574	yHMPu5000034637_ogataea_populiabae_180604	34637	Pichiales	Ogataea populi-albae	Specialist	Standard	0	0	0	0	Yes	Yes	Yes	Yes	Yes	Yes	Yes	Yes	Yes	Yes	No	No	No	Yes	Yes	No	No	Yes	Yes	No	Yes	No	Yes	Yes	Yes	Yes	Yes	No	No	exudate of white poplar (Populus alba)	Yes	Yes	Yes	Yes	Yes	Yes	No	Yes	No	No	No
SRR16974582	yHMPu5000034629_pichia_exigua_180604	34629	Pichiales	Pichia exigua	Specialist	Specialist	0	0	0	0	Yes	Yes	Yes	No	Yes	No	Yes	Yes	No	Yes	Yes	Yes	No	No	No	No	No	No	No	No	No	No	No	No	No	No	Yes	No	No	insect boring in Picea sitchensis (sitka spruce)	Yes	Yes	No	No	No	No	Yes	No	Yes	Yes	Yes
SRR16974585	yHMPu5000034627_pichia_heedii_180604	34627	Pichiales	Pichia heedii	Standard	Standard	0	0.896740716680721	0	0	Yes	Yes	Yes	Yes	Yes	No	Yes	Yes	No	Yes	Yes	Yes	No	Yes	No	No	No	No	No	No	No	Yes	No	No	No	No	Yes	No	No	dead Lophocereus schottii (senita cactus)	Yes	Yes	Yes	Yes	Yes	Yes	No	Yes	No	No	No
SRR16974587	yHMPu5000034625_pichia_kudriavzevii_180604.haplomerger2	34625	Pichiales	Pichia kudriavzevii	Standard	Standard	0	0.387151854249477	0.276071051655994	0	Yes	Yes	Yes	Yes	Yes	No	Yes	Yes	No	Yes	Yes	Yes	No	No	Yes	No	No	No	No	No	No	Yes	No	No	No	No	Yes	No	No	fruit juice	Yes	Yes	No	No	No	No	No	No	No	No	No
SRR16974588	yHMPu5000034624_pichia_nakasei_180604	34624	Pichiales	Pichia nakasei	Specialist	Standard	0	0.652183322033434	0.156206874664388	0	Yes	Yes	Yes	Yes	Yes	No	Yes	Yes	No	Yes	Yes	Yes	No	No	Yes	No	No	No	No	No	No	No	No	No	No	No	No	No	No	apple must	Yes	Yes	No	No	No	No	No	No	No	No	No
SRR16974589	yHMPu5000034623_pichia_norvegensis_160519.haplomerger2	34623	Pichiales	Pichia norvegensis	Standard	Specialist	0	1.62183024856224	0.69912197532193	0	Yes	Yes	Yes	Yes	Yes	No	Yes	Yes	No	Yes	Yes	Yes	No	Yes	No	No	No	Yes	Yes	No	No	Yes	No	No	Yes	No	Yes	No	No	vagina, of woman	Yes	Yes	No	No	No	No	Yes	No	No	No	No
SRR16974590	yHMPu5000034622_pichia_occidentalis_160519.haplomerger2	34622	Pichiales	Pichia occidentalis	Specialist	Standard	0	0.539764972362902	0	0	NA	NA	NA	NA	NA	NA	NA	NA	NA	NA	NA	NA	NA	NA	NA	NA	NA	NA	NA	NA	NA	NA	NA	NA	NA	NA	NA	NA	NA	oiled figs?	Yes	Yes	Yes	No	No	No	No	No	No	No	No
SRR16988817	yHMPu5000035301_pichia_terricola_170307	35301	Pichiales	Pichia terricola	Specialist	Specialist	0	0.279748503957535	0.327654615601724	0	Yes	Yes	Yes	Yes	Yes	No	Yes	Yes	No	Yes	Yes	Yes	No	No	No	No	No	No	No	No	No	Yes	No	No	No	No	Yes	No	No	soil	Yes	Yes	No	No	No	No	No	No	No	No	No
SRR16988943	yHMPu5000035297_priceomyces_castillae_170307	35297	Serinales	Priceomyces castillae	Standard	Standard	0	0.414023544798255	0.516761157541941	0.566478459786812	Yes	Yes	Yes	Yes	Yes	Yes	Yes	Yes	Yes	Yes	No	Yes	Yes	Yes	Yes	Yes	No	Yes	Yes	Yes	Yes	Yes	Yes	Yes	Yes	Yes	Yes	No	No	insect frass in Gymnocladus canadensis	Yes	Yes	No	No	No	No	Yes	No	Yes	Yes	Yes
SRR16988941	yHMPu5000035660_priceomyces_haplophilus_160613	35660	Serinales	Priceomyces haplophilus	Standard	Standard	0.714141778860229	0	0.161055679458044	0	Yes	Yes	Yes	Yes	Yes	Yes	Yes	Yes	Yes	Yes	Yes	No	No	Yes	Yes	Yes	No	No	No	No	Yes	No	Yes	Yes	No	Yes	Yes	No	No	Dendroctonus jeffreyi (bark beetle) in Pinus jeffreyi	Yes	Yes	No	No	No	No	Yes	No	Yes	Yes	Yes
SRR16974634	yHMPu5000034606_priceomyces_medius_180604	34606	Serinales	Priceomyces medius	Standard	Standard	0	0	0.328712761981718	0.633616834529802	Yes	Yes	Yes	Yes	Yes	Yes	Yes	Yes	Yes	Yes	No	Yes	Yes	Yes	Yes	Yes	No	Yes	Yes	Yes	Yes	Yes	Yes	Yes	Yes	Yes	Yes	No	No	larva of wood-boring insect	Yes	Yes	No	No	No	No	Yes	No	Yes	Yes	Yes
SRR16989230	yHMPu5000038051_saccharomycopsis_malanga_170912	38051	Ascoideales	Saccharomycopsis malanga	NA	NA	NA	NA	NA	NA	Yes	Yes	No	Yes	No	Yes	No	Yes	Yes	Yes	Yes	Yes	No	No	Yes	No	No	Yes	Yes	Yes	Yes	Yes	Yes	Yes	Yes	No	Yes	No	No	ragi-tape, Indonesia	Yes	Yes	No	No	No	No	No	No	No	No	No
SRR16974629	yHMPu5000034611_saturnispora_mendoncae_160519.haplomerger2	34611	Pichiales	Saturnispora mendoncae	Specialist	Standard	0	0.454865867296979	0	0	Yes	Yes	Yes	No	Yes	Yes	Yes	No	Yes	Yes	Yes	Yes	No	No	No	No	No	No	No	No	No	No	No	No	No	No	No	No	No	sauerkraut	Yes	Yes	No	No	No	No	No	No	No	No	No
SRR16974628	yHMPu5000034612_saturnispora_saitoi_180604	34612	Pichiales	Saturnispora saitoi	NA	NA	NA	NA	NA	NA	Yes	Yes	Yes	No	Yes	Yes	Yes	Yes	Yes	Yes	Yes	Yes	Yes	No	No	No	No	No	No	No	No	No	No	No	No	No	NA	No	No	exudate on stump of Carpinus sp.	Yes	Yes	Yes	Yes	Yes	Yes	No	Yes	No	No	No
SRR16974627	yHMPu5000034613_saturnispora_serradocipensis_180604	34613	Pichiales	Saturnispora serradocipensis	Specialist	Standard	0	0.170108187314088	0	0	NA	NA	NA	NA	NA	NA	NA	NA	NA	NA	NA	NA	NA	NA	NA	NA	NA	NA	NA	NA	NA	NA	NA	NA	NA	NA	NA	NA	NA	leaf detritus in Brazil	Yes	Yes	Yes	No	No	No	No	No	No	No	No
SRR16974626	yHMPu5000034614_saturnispora_silvae_180604	34614	Pichiales	Saturnispora silvae	Specialist	Standard	0	0.95980699938004	0	0	Yes	Yes	Yes	Yes	Yes	Yes	Yes	Yes	Yes	Yes	Yes	Yes	No	No	Yes	No	No	No	No	No	Yes	Yes	No	Yes	No	No	Yes	No	No	intestine of horse	Yes	Yes	No	No	No	No	Yes	No	No	No	No
SRR16989178	yHMPu5000038106_candida_lignosa_170912	38106	Serinales	Scheffersomyces lignosus	Standard	Standard	0.55921335588935	0.597269434095567	0	0.946663986366871	Yes	Yes	Yes	Yes	Yes	Yes	Yes	Yes	Yes	Yes	Yes	Yes	Yes	Yes	Yes	Yes	Yes	Yes	Yes	Yes	Yes	Yes	Yes	No	Yes	Yes	No	Yes	Yes	rotted wood	Yes	Yes	Yes	Yes	Yes	Yes	No	No	No	No	No
SRR16974635	yHMPu5000034605_spencermartinsiella_europaea_180604	34605	Dipodascales	Spencermartinsiella europaea	Specialist	Specialist	0	0	0	0	NA	NA	NA	NA	NA	NA	NA	NA	NA	NA	NA	NA	NA	NA	NA	NA	NA	NA	NA	NA	NA	NA	NA	NA	NA	NA	NA	NA	NA	rotten wood of willow (Salix alba) and wild rose (Rosa sp.)	Yes	Yes	Yes	Yes	Yes	Yes	No	Yes	No	No	No
SRR16974636	yHMPu5000034604_sporopachydermia_lactativora_180604	34604	Sporopachydermiales	Sporopachydermia lactativora	Standard	Standard	0	0.218364629113949	0.262648381962682	0	Yes	Yes	Yes	Yes	No	Yes	Yes	Yes	Yes	Yes	No	Yes	No	Yes	No	No	No	No	No	No	Yes	No	Yes	No	No	Yes	Yes	No	No	mouth of Man	Yes	Yes	No	No	No	No	Yes	No	No	No	No
SRR16988975	yHMPu5000035658_starmera_amethionina_160613.haplomerger2	35658	Phaffomycetales	Starmera amethionina	NA	NA	NA	NA	NA	NA	Yes	Yes	No	Yes	No	No	No	Yes	No	Yes	No	Yes	No	Yes	Yes	No	No	No	No	No	No	No	Yes	Yes	No	No	Yes	No	No	rotting Rathbunia alamosensis (agria cactus)	Yes	Yes	Yes	Yes	Yes	Yes	No	Yes	No	No	No
SRR16974730	yHMPu5000034594_Starmera_quercuum_p31_SPADES	34594	Phaffomycetales	Starmera quercuum	Standard	Standard	0	0.72067062616262	0.628007517730531	0	Yes	Yes	Yes	Yes	Yes	Yes	Yes	Yes	Yes	Yes	Yes	Yes	No	No	Yes	No	No	Yes	Yes	No	No	Yes	Yes	No	Yes	No	No	No	No	slime flux of Quercus kelloggii (black oak)	Yes	Yes	Yes	Yes	Yes	Yes	No	Yes	No	No	No
SRR16974642	yHMPu5000034597_candida_stellimalicola_180604	34597	Phaffomycetales	Starmera stellimalicola	NA	NA	NA	NA	NA	NA	Yes	Yes	No	Yes	No	Yes	No	Yes	Yes	Yes	Yes	Yes	No	No	Yes	No	No	No	No	No	No	No	No	Yes	No	No	Yes	No	No	fruit of Averrhoa carambola (star apple)	Yes	Yes	Yes	Yes	Yes	Yes	No	Yes	No	No	No
SRR16974693	yHMPu5000034876_Tetrapisispora_iriomotensis_SPADES	34876	Saccharomycetales	Tetrapisispora iriomotensis	NA	NA	NA	NA	NA	NA	Yes	Yes	No	Yes	No	No	Yes	Yes	No	Yes	Yes	No	Yes	No	Yes	Yes	No	No	No	No	No	No	No	Yes	No	No	Yes	No	No	soil	Yes	Yes	No	No	No	No	No	No	No	No	No
SRR16974656	yHMPu5000035031_Candida_kruisii_SPADES	35031	Serinales	Teunomyces kruisii	Standard	Standard	0.28217017394736	0.398336610282399	0.22912744602235	0.418505697842935	Yes	Yes	Yes	Yes	Yes	Yes	Yes	Yes	Yes	Yes	Yes	Yes	Yes	Yes	Yes	Yes	Yes	Yes	Yes	Yes	Yes	Yes	Yes	Yes	Yes	Yes	No	Yes	Yes	fruiting body of Boletus purpureus (toadstool)	Yes	Yes	No	No	No	No	No	No	No	No	No
SRR16988979	yHMPu5000035654_tortispora_ganteri_160519.haplomerger2	35654	Trigonopsidales	Tortispora ganteri	NA	NA	NA	NA	NA	NA	Yes	Yes	Yes	No	Yes	No	Yes	Yes	Yes	Yes	No	Yes	Yes	Yes	Yes	Yes	No	No	No	No	No	No	No	Yes	NA	No	Yes	No	No	stem rot of Stenocereus gummosus (pitaya agria cactus)	Yes	Yes	Yes	Yes	Yes	Yes	No	Yes	No	No	No
SRR16974544	yHMPu5000035279_tortispora_starmeri_170307	35279	Trigonopsidales	Tortispora starmeri	Generalist	Generalist	0.715894066673993	0	1.00551492042073	0.0706742535956131	Yes	Yes	Yes	No	Yes	No	Yes	Yes	No	Yes	No	Yes	No	Yes	Yes	Yes	No	No	No	No	No	No	No	Yes	NA	No	Yes	No	No	Necrotic stem, Stenocereus thrberi	Yes	Yes	Yes	Yes	Yes	Yes	No	Yes	No	No	No
SRR16974525	yHMPu5000026152_Torulaspora_franciscae_SPADES	26152	Saccharomycetales	Torulaspora franciscae	Standard	Standard	0.725532059575347	0.229531986104604	0	0.0572169088834229	Yes	Yes	Yes	Yes	No	Yes	No	Yes	Yes	Yes	Yes	No	Yes	Yes	No	Yes	Yes	No	No	Yes	No	No	Yes	No	No	No	Yes	Yes	Yes	soil	Yes	Yes	No	No	No	No	No	No	No	No	No
SRR16988983	yHMPu5000035651_Torulaspora_microellipsoides_SPADES	35651	Saccharomycetales	Torulaspora microellipsoides	Standard	Standard	0.313502488605042	0.288285908618483	0	0	Yes	Yes	Yes	Yes	Yes	No	Yes	NA	Yes	Yes	Yes	No	No	No	Yes	Yes	Yes	No	No	No	No	No	Yes	No	No	Yes	NA	No	No	apple juice	Yes	Yes	No	No	No	No	No	No	No	No	No
SRR16974688	yHMPu5000034881_Torulaspora_pretoriensis_SPADES	34881	Saccharomycetales	Torulaspora pretoriensis	Standard	Standard	0.13499870894152	0.229327522740375	0.0945124464843356	0.449664489232097	Yes	Yes	Yes	Yes	No	Yes	No	Yes	Yes	Yes	Yes	No	Yes	Yes	Yes	Yes	Yes	No	No	Yes	No	No	Yes	Yes	No	No	Yes	Yes	Yes	soil	Yes	Yes	No	No	No	No	No	No	No	No	No
SRR16974541	yHMPu5000035282_trigonopsis_vinaria_170307	35282	Trigonopsidales	Trigonopsis vinaria	Standard	Specialist	0.577141449938317	0	0.45140965099041	0	Yes	Yes	Yes	Yes	No	Yes	Yes	Yes	Yes	Yes	No	Yes	No	Yes	Yes	Yes	No	No	No	No	No	Yes	Yes	No	No	Yes	No	No	No	grape must	Yes	Yes	No	No	No	No	No	No	No	No	No
SRR16974246	yHMPu5000034579_wickerhamia_fluorescens_180604	34579	Serinales	Wickerhamia fluorescens	Standard	Specialist	0.338735934773712	0.321695435013369	0.268419932960062	0	Yes	Yes	Yes	Yes	Yes	Yes	Yes	Yes	Yes	Yes	Yes	Yes	No	No	Yes	Yes	Yes	No	No	No	Yes	Yes	No	Yes	No	No	No	No	No	dung of Calloseiurus erythraeus thaiwanensis (squirrel)	Yes	Yes	No	No	No	No	Yes	No	No	No	No
SRR16974564	yHMPu5000034646_wickerhamiella_cacticola_180604	34646	Dipodascales	Wickerhamiella cacticola	Standard	Standard	0.0342930143732698	1.77630526136413	0.46241861860479	0	Yes	Yes	Yes	Yes	Yes	Yes	No	Yes	Yes	Yes	No	Yes	No	No	No	Yes	No	No	No	No	Yes	No	Yes	No	No	Yes	Yes	No	No	flower of Cereus pernambucensis (cactus)	Yes	Yes	Yes	Yes	Yes	Yes	No	Yes	No	No	No
SRR16974599	yHMPu5000035252_yamadazyma_nakazawae_170307	35252	Serinales	Yamadazyma nakazawae	Standard	Standard	0.735283506576174	0.509991060843956	0	1.00007609782845	Yes	Yes	Yes	Yes	Yes	Yes	Yes	Yes	Yes	Yes	Yes	Yes	Yes	Yes	Yes	Yes	Yes	Yes	Yes	Yes	Yes	Yes	Yes	Yes	Yes	Yes	No	Yes	Yes	exudate of Quercus mysinaefolia	Yes	Yes	Yes	Yes	Yes	Yes	No	Yes	No	No	No
SRR16988990	yHMPu5000035643_yarrowia_bubula_180604	35643	Dipodascales	Yarrowia bubula	Standard	Standard	0	0.888731688069753	1.61238629348395	0	Yes	Yes	Yes	Yes	Yes	Yes	Yes	No	Yes	Yes	No	Yes	No	No	Yes	No	No	No	Yes	No	Yes	Yes	Yes	Yes	Yes	Yes	No	No	No	beef	Yes	Yes	No	No	No	No	No	No	No	No	No
SRR16988849	yHMPu5000035629_yueomyces_sinensis_180604	35629	Saccharomycetales	Yueomyces sinensis	NA	NA	NA	NA	NA	NA	Yes	Yes	No	No	No	No	No	Yes	No	No	Yes	No	No	No	Yes	Yes	No	No	No	No	No	No	No	No	No	No	No	No	No	soil of forest	Yes	Yes	No	No	No	No	No	No	No	No	No
SRR16974609	yHMPu5000035243_zygoascus_meyerae_170307	35243	Dipodascales	Zygoascus meyerae	NA	NA	NA	NA	NA	NA	Yes	Yes	Yes	Yes	Yes	Yes	Yes	Yes	Yes	Yes	Yes	Yes	Yes	Yes	Yes	Yes	Yes	Yes	Yes	Yes	Yes	Yes	Yes	Yes	Yes	Yes	Yes	Yes	Yes	fermenting grape must	Yes	Yes	No	No	No	No	No	No	No	No	No
SRR16974513	yHMPu5000026256_zygotorulaspora_mrakii_170307	26256	Saccharomycetales	Zygotorulaspora mrakii	Standard	Standard	0.765991653935365	0.185768368265649	0	0	Yes	Yes	Yes	Yes	No	Yes	Yes	NA	Yes	Yes	Yes	Yes	No	Yes	Yes	Yes	Yes	No	No	No	No	No	Yes	No	No	No	NA	No	No	silage	Yes	Yes	No	No	No	No	No	No	No	No	No
SRR16974421	yHMPu5000034960_hanseniaspora_meyeri_190924.haplomerger2	34960	Saccharomycodales	Hanseniaspora meyeri	Specialist	Standard	0	0.514107360025697	0	0	Yes	Yes	Yes	NA	Yes	NA	Yes	Yes	NA	NA	Yes	NA	NA	NA	Yes	NA	No	Yes	Yes	No	NA	NA	NA	No	Yes	NA	No	NA	NA	fruit of Sapindus sp.	Yes	Yes	Yes	Yes	Yes	Yes	No	Yes	No	No	No
SRR16988879	yHMPu5000035693_hanseniaspora_nectarophila_160613.haplomerger2	35693	Saccharomycodales	Hanseniaspora nectarophila	Standard	Standard	0	0.42813274853394	0	0	NA	NA	NA	NA	NA	NA	NA	NA	NA	NA	NA	NA	NA	NA	NA	NA	NA	NA	NA	NA	NA	NA	NA	NA	NA	NA	NA	NA	NA	flower of Siphocampylus corymbiferus	Yes	Yes	Yes	Yes	Yes	Yes	No	Yes	No	No	No
SRR16988877	yHMPu5000035694_hanseniaspora_occidentalis_var_citrica_160519.haplomerger2	35694	Saccharomycodales	Hanseniaspora occidentalis var. citrica	NA	NA	NA	NA	NA	NA	Yes	Yes	Yes	Yes	Yes	No	Yes	Yes	No	No	Yes	No	Yes	No	Yes	No	Yes	Yes	Yes	No	No	No	No	No	Yes	No	No	No	No	orange juice	Yes	Yes	No	No	No	No	No	No	No	No	No
SRR16988874	yHMPu5000035697_hanseniaspora_thailandica_160519.haplomerger2	35697	Saccharomycodales	Hanseniaspora thailandica	Specialist	Standard	0	0.483365974304936	0	0	NA	NA	NA	NA	NA	NA	NA	NA	NA	NA	NA	NA	NA	NA	NA	NA	NA	NA	NA	NA	NA	NA	NA	NA	NA	NA	NA	NA	NA	Insect frass	Yes	Yes	No	No	No	No	Yes	No	Yes	Yes	Yes
SRR16974527	yHMPu5000026147_hanseniaspora_vineae_190924.haplomerger2	26147	Saccharomycodales	Hanseniaspora vineae	Standard	Standard	0	0.252579708684499	0	0.068689929753795	Yes	Yes	Yes	No	Yes	No	Yes	Yes	No	No	Yes	No	NA	NA	Yes	No	No	Yes	Yes	Yes	No	No	No	No	Yes	No	No	No	No	soil of vineyard	Yes	Yes	No	No	No	No	No	No	No	No	No
SRR16974292	yHMPu5000034697_lachancea_dasiensis_190924	34697	Saccharomycetales	Lachancea dasiensis	Standard	Standard	0.431093869246608	0.570015507580876	0	0.963951799443141	Yes	Yes	Yes	No	No	Yes	Yes	Yes	Yes	No	Yes	No	Yes	No	Yes	Yes	Yes	No	No	Yes	No	No	No	No	No	No	No	Yes	Yes	leaf of Angiopteris lygodiifolia	Yes	Yes	Yes	Yes	Yes	No	No	No	No	No	No
SRR16974294	yHMPu5000034694_lachancea_kluyveri_180604	34694	Saccharomycetales	Lachancea kluyveri	Standard	Standard	0.823400120214272	0.242326931108334	0	0.377191598797486	Yes	Yes	Yes	No	Yes	Yes	Yes	NA	Yes	Yes	Yes	Yes	Yes	No	No	Yes	Yes	No	No	Yes	No	No	Yes	Yes	No	Yes	NA	No	Yes	Drosophila pinicola (fruit fly)	Yes	Yes	No	No	No	No	Yes	No	Yes	Yes	Yes
SRR16974296	yHMPu5000034692_lachancea_meyersii_180604	34692	Saccharomycetales	Lachancea meyersii	Standard	Standard	0.247494164693942	0.665648513303609	0.143375311571502	1.04042967678844	Yes	Yes	Yes	No	Yes	No	Yes	NA	No	NA	NA	Yes	Yes	No	Yes	Yes	No	Yes	No	Yes	No	No	No	No	No	No	NA	Yes	Yes	seawater of mangrove creek	Yes	Yes	No	No	No	No	No	No	No	No	No
SRR16974298	yHMPu5000034691_lachancea_mirantina_180604	34691	Saccharomycetales	Lachancea mirantina	Standard	Standard	0	0.785866015457211	0	1.43772051839485	NA	NA	NA	NA	NA	NA	NA	NA	NA	NA	NA	NA	NA	NA	NA	NA	NA	NA	NA	NA	NA	NA	NA	NA	NA	NA	NA	NA	NA	fermentation process or cachacua production	NA	NA	NA	NA	NA	NA	NA	NA	NA	NA	NA
SRR16974299	yHMPu5000034690_lachancea_nothofagi_180604	34690	Saccharomycetales	Lachancea nothofagi	Standard	Standard	0	0.193040754277559	0	0.12205263455501	Yes	Yes	Yes	Yes	NA	Yes	NA	No	Yes	No	Yes	No	Yes	No	NA	Yes	Yes	No	No	Yes	No	No	Yes	NA	NA	No	NA	Yes	NA	sap fluxes of Nothofagus spp.	Yes	Yes	Yes	Yes	Yes	Yes	No	Yes	No	No	No
SRR16989056	yHMPu5000041836_candida_tenuis_160928	41836	Serinales	Yamadazyma tenuis	Standard	Standard	0.699969132814511	0.286664526490329	0.456238322855896	0.641677032140385	Yes	Yes	Yes	Yes	Yes	Yes	Yes	Yes	Yes	Yes	Yes	Yes	Yes	Yes	Yes	Yes	Yes	Yes	Yes	Yes	Yes	Yes	Yes	Yes	Yes	Yes	No	Yes	Yes	bark beetle	Yes	Yes	No	No	No	No	Yes	No	Yes	Yes	Yes
SRR16988887	yHMPu5000035685_hanseniaspora_1_sp_nov._diego_libkind_160519	35685	Saccharomycodales	Hanseniaspora smithiae	Specialist	Standard	0	1.01859088204861	0	0	NA	NA	NA	NA	NA	NA	NA	NA	NA	NA	NA	NA	NA	NA	NA	NA	NA	NA	NA	NA	NA	NA	NA	NA	NA	NA	NA	NA	NA	Cyttaria hariotii, Nothofagus antarctica	Yes	Yes	No	No	No	No	No	No	No	No	No
SRR16974555	yHMPu5000035269_wickerhamomyces_ciferrii_170307	35269	Phaffomycetales	Wickerhamomyces ciferrii	Standard	Standard	0.208392239490175	1.04882368964792	0.258424103324609	0.293382422338765	Yes	Yes	Yes	Yes	Yes	Yes	Yes	Yes	Yes	Yes	Yes	Yes	Yes	Yes	Yes	Yes	Yes	Yes	Yes	Yes	Yes	Yes	Yes	Yes	Yes	No	Yes	Yes	Yes	fruit of Coumarouna punctata (tonka-bean)	Yes	Yes	Yes	Yes	Yes	Yes	No	Yes	No	No	No
SRR16974433	yHMPu5000034947_ambrosiozyma_philentoma_160519	34947	Pichiales	Ambrosiozyma philentoma	Generalist	Standard	0	0.725457739704288	0.619325582562065	0.698488964466801	Yes	Yes	Yes	Yes	Yes	Yes	Yes	Yes	Yes	Yes	Yes	Yes	Yes	Yes	Yes	No	Yes	Yes	Yes	Yes	Yes	Yes	Yes	No	Yes	No	No	Yes	Yes	tunnel of Xyleborus aemulus (pin borer beetle), in Rapanea melanophloeos	Yes	Yes	No	No	No	No	Yes	No	Yes	Yes	Yes
SRR16974687	yHMPu5000034883_peterozyma_xylosa_160519	34883	Alaninales	Peterozyma xylosa	NA	NA	NA	NA	NA	NA	Yes	Yes	Yes	Yes	Yes	Yes	Yes	Yes	Yes	Yes	Yes	Yes	Yes	Yes	Yes	No	Yes	Yes	Yes	Yes	No	Yes	Yes	No	Yes	No	No	No	No	Drosophila miranda (fruit fly)	Yes	Yes	No	No	No	No	Yes	No	Yes	Yes	Yes
SRR16988942	yHMPu5000035659_saturnispora_dispora_160519	35659	Pichiales	Saturnispora dispora	Standard	Standard	0	0.148582053061801	0	0	Yes	Yes	Yes	No	Yes	Yes	Yes	Yes	Yes	Yes	Yes	Yes	Yes	No	Yes	No	No	No	No	No	Yes	No	No	No	No	No	No	No	No	exudate of Quercus sp. (oak tree)	Yes	Yes	Yes	Yes	Yes	Yes	No	Yes	No	No	No
SRR16974437	yHMPu5000034939_komagataella_pseudopastoris_160519	34939	Pichiales	Komagataella pseudopastoris	Standard	Standard	0	0.628345768436091	0.315298107914508	0	Yes	Yes	NA	Yes	NA	Yes	NA	NA	Yes	NA	Yes	NA	Yes	Yes	NA	No	No	No	No	No	No	NA	No	NA	No	No	NA	No	No	rotten wood material in a cavity of a Salix alba	Yes	Yes	Yes	Yes	Yes	Yes	No	Yes	No	No	No
SRR16974708	yHMPu5000034862_zygotorulaspora_florentina_160519	34862	Saccharomycetales	Zygotorulaspora florentina	Standard	Standard	0.814130923983821	0.274271942868861	0	0.634043356386622	Yes	Yes	Yes	Yes	Yes	Yes	Yes	NA	Yes	Yes	Yes	Yes	Yes	No	Yes	Yes	Yes	No	No	Yes	No	No	Yes	Yes	No	Yes	NA	Yes	Yes	sulphited grape must	Yes	Yes	No	No	No	No	No	No	No	No	No
SRR16988675	yHMPu5000037918_alloascoidea_africana_180604	37918	Alloascoideales	Alloascoidea africana	NA	NA	NA	NA	NA	NA	NA	NA	NA	NA	NA	NA	NA	NA	NA	NA	NA	NA	NA	NA	NA	NA	NA	NA	NA	NA	NA	NA	NA	NA	NA	NA	NA	NA	NA	No Data	NA	NA	NA	NA	NA	NA	NA	NA	NA	NA	NA
SRR16974374	yHMPu5000026117_alloascoidea_hylecoeti_180604	26117	Alloascoideales	Alloascoidea hylecoeti	NA	NA	NA	NA	NA	NA	NA	NA	NA	NA	NA	NA	NA	NA	NA	NA	NA	NA	NA	NA	NA	NA	NA	NA	NA	NA	NA	NA	NA	NA	NA	NA	NA	NA	NA	oak (Quercus sp., Fagaceae) wood infested with a bark beetle (Hylecoetus dermestoides), Sweden	Yes	Yes	Yes	Yes	Yes	Yes	No	Yes	No	No	No
SRR16988769	yHMPu5000037244_Allodekkera_sacchari_SPADES	37244	Pichiales	Allodekkera sacchari	NA	NA	NA	NA	NA	NA	Yes	Yes	Yes	Yes	Yes	Yes	Yes	Yes	Yes	Yes	No	Yes	Yes	No	No	No	Yes	No	No	Yes	Yes	Yes	No	No	NA	No	Yes	Yes	Yes	sugar cane juice sugar cane press-processing machine	Yes	Yes	No	No	No	No	No	No	No	No	No
SRR16974435	yHMPu5000034942_ambrosiozyma_angophorae_160519	34942	Pichiales	Ambrosiozyma angophorae	Standard	Standard	0	0.288670593416496	0	0.647279467538786	Yes	Yes	Yes	No	Yes	Yes	Yes	Yes	Yes	Yes	Yes	Yes	Yes	Yes	Yes	No	Yes	Yes	Yes	Yes	Yes	Yes	Yes	No	Yes	No	Yes	Yes	Yes	exudate of Angophora costata (red gum tree)	Yes	Yes	Yes	Yes	Yes	Yes	No	Yes	No	No	No
SRR16974258	yHMPu5000026280_Ambrosiozyma_cicatricosa_S52_SPADES	26280	Pichiales	Ambrosiozyma cicatricosa	NA	NA	NA	NA	NA	NA	NA	NA	NA	NA	NA	NA	NA	NA	NA	NA	NA	NA	NA	NA	NA	NA	NA	NA	NA	NA	NA	NA	NA	NA	NA	NA	NA	NA	NA	estuarine swamp	Yes	Yes	No	No	No	No	No	No	No	No	No
SRR16988674	yHMPu5000037920_ambrosiozyma_kamigamensis_190924.haplomerger2	37920	Pichiales	Ambrosiozyma kamigamensis	NA	NA	NA	NA	NA	NA	Yes	Yes	Yes	Yes	Yes	Yes	Yes	NA	Yes	Yes	Yes	Yes	Yes	Yes	Yes	No	Yes	Yes	Yes	Yes	Yes	Yes	Yes	No	NA	No	NA	Yes	Yes	beetle gallery of Platypus quercivorus	Yes	Yes	No	No	No	No	Yes	No	Yes	Yes	Yes
SRR16974649	yHMPu5000035039_ambrosiozyma_llanquihuensis_160519.haplomerger2	35039	Pichiales	Ambrosiozyma llanquihuensis	Standard	Standard	0	1.02329526314391	0.277437882940158	0	Yes	Yes	Yes	Yes	Yes	Yes	Yes	Yes	Yes	Yes	Yes	Yes	Yes	Yes	Yes	No	No	No	No	No	Yes	Yes	Yes	No	No	No	No	No	No	rotten trunk of Nothofagus obliqua	Yes	Yes	Yes	Yes	Yes	Yes	No	Yes	No	No	No
SRR16974431	yHMPu5000034949_ambrosiozyma_neoplatypodis_170713.haplomerger2	34949	Pichiales	Ambrosiozyma neoplatypodis	Generalist	Generalist	0	0.452413618962886	0.250057979524485	0.595169581621201	Yes	Yes	Yes	Yes	Yes	Yes	Yes	NA	Yes	Yes	Yes	Yes	Yes	Yes	Yes	No	Yes	Yes	Yes	Yes	Yes	Yes	Yes	No	NA	No	NA	Yes	Yes	beetle gallery of Platypus quercivorus	Yes	Yes	No	No	No	No	Yes	No	Yes	Yes	Yes
SRR16974432	yHMPu5000034948_Ambrosiozyma_platypodis_SPADES	34948	Pichiales	Ambrosiozyma platypodis	Standard	Specialist	0	0	0.613609781578354	0	Yes	Yes	Yes	Yes	Yes	Yes	Yes	Yes	Yes	Yes	Yes	Yes	Yes	Yes	Yes	No	Yes	Yes	Yes	Yes	Yes	Yes	Yes	No	Yes	No	No	Yes	Yes	tunnel of Platypus cylindrus (ambrosia beetle), in Quercus cerris (Turkey oak)	Yes	Yes	No	No	No	No	Yes	No	Yes	Yes	Yes
SRR16988670	yHMPu5000037923_ascoidea_tarda_180604	37923	Ascoideales	Ascoidea tarda	NA	NA	NA	NA	NA	NA	NA	NA	NA	NA	NA	NA	NA	NA	NA	NA	NA	NA	NA	NA	NA	NA	NA	NA	NA	NA	NA	NA	NA	NA	NA	NA	NA	NA	NA	Elm flux	Yes	Yes	Yes	Yes	Yes	Yes	No	Yes	No	No	No
SRR16988968	yHMPu5000038398_barnettozyma_siamensis_170713	38398	Phaffomycetales	Barnettozyma siamensis	Standard	Standard	0	0.856505987966588	0.635143886660264	0	Yes	Yes	Yes	Yes	Yes	No	Yes	Yes	Yes	Yes	No	Yes	No	No	No	No	No	No	Yes	No	No	Yes	No	No	NA	No	Yes	No	No	soil	Yes	Yes	No	No	No	No	No	No	No	No	No
SRR16974505	yHDO593_barnettozyma_sp_180604	yHDO593	Phaffomycetales	Barnettozyma sp.	NA	NA	NA	NA	NA	NA	NA	NA	NA	NA	NA	NA	NA	NA	NA	NA	NA	NA	NA	NA	NA	NA	NA	NA	NA	NA	NA	NA	NA	NA	NA	NA	NA	NA	NA	NA	NA	NA	NA	NA	NA	NA	NA	NA	NA	NA	NA
SRR16989174	yHMPu5000038111_barnettozyma_sucrosica_170912	38111	Phaffomycetales	Barnettozyma sucrosica	Standard	Generalist	0	0.55740606157365	0.473067263249463	0	Yes	Yes	Yes	Yes	Yes	Yes	Yes	Yes	Yes	Yes	Yes	Yes	Yes	Yes	Yes	No	Yes	Yes	Yes	Yes	No	No	No	Yes	Yes	Yes	NA	No	Yes	soil	Yes	Yes	No	No	No	No	No	No	No	No	No
SRR16989172	yHMPu5000038112_barnettozyma_vustinii_170912	38112	Phaffomycetales	Barnettozyma vustinii	Standard	Generalist	0	0.644800611173104	0.514862426834768	0	NA	NA	NA	NA	NA	NA	NA	NA	NA	NA	NA	NA	NA	NA	NA	NA	NA	NA	NA	NA	NA	NA	NA	NA	NA	NA	NA	NA	NA	soil	Yes	Yes	No	No	No	No	No	No	No	No	No
SRR16974611	yHMPu5000035049_Barnettozyma_wickerhamii_SPAdes.haplomerger2	35049	Phaffomycetales	Barnettozyma wickerhamii	Standard	Generalist	0	0.656472650985849	0.262578621755008	0.162751088792053	Yes	Yes	Yes	Yes	Yes	Yes	Yes	Yes	Yes	Yes	Yes	Yes	Yes	Yes	Yes	No	Yes	Yes	Yes	Yes	Yes	Yes	Yes	Yes	Yes	No	Yes	No	Yes	gut of Pyralidae larva (snout moth) in Encephalartos sp.	Yes	Yes	No	No	No	No	Yes	No	Yes	Yes	Yes
SRR16974307	yHMPu5000034680_blastobotrys_adeninivorans_160519	34680	Dipodascales	Blastobotrys adeninivorans	Generalist	Standard	0.371107824644584	0.577945450141904	0.0651958041797248	0.926468393605896	Yes	Yes	Yes	Yes	Yes	Yes	Yes	Yes	Yes	Yes	Yes	Yes	Yes	Yes	Yes	Yes	Yes	Yes	Yes	Yes	Yes	Yes	Yes	Yes	Yes	Yes	Yes	Yes	Yes	soil	Yes	Yes	No	No	No	No	No	No	No	No	No
SRR16974305	yHMPu5000034682_blastobotrys_arbuscula_170307	34682	Dipodascales	Blastobotrys arbuscula	NA	NA	NA	NA	NA	NA	NA	NA	NA	NA	NA	NA	NA	NA	NA	NA	NA	NA	NA	NA	NA	NA	NA	NA	NA	NA	NA	NA	NA	NA	NA	NA	NA	NA	NA	house air	Yes	Yes	No	No	No	No	No	No	No	No	No
SRR16974304	yHMPu5000034684_blastobotrys_attinorum_201018	34684	Dipodascales	Blastobotrys attinorum	Standard	Standard	0.654629922346429	0.667612417689971	0.23568489472585	0.560786223210684	NA	NA	NA	NA	NA	NA	NA	NA	NA	NA	NA	NA	NA	NA	NA	NA	NA	NA	NA	NA	NA	NA	NA	NA	NA	NA	NA	NA	NA	older sponge material of a laboratory nest of a leaf-cutting ant (Atta sexdens)	Yes	Yes	No	No	No	No	Yes	No	Yes	Yes	Yes
SRR16974515	yHMPu5000026239_blastobotrys_buckinghamii_201018	26239	Dipodascales	Blastobotrys buckinghamii	Standard	Specialist	0.943648596815488	0.422030249819084	0	1.3639032384539	NA	NA	NA	NA	NA	NA	NA	NA	NA	NA	NA	NA	NA	NA	NA	NA	NA	NA	NA	NA	NA	NA	NA	NA	NA	NA	NA	NA	NA	mushroom associated with F. grandifolia in Tahquamenon Falls State Park, MI	Yes	Yes	No	No	No	No	No	No	No	No	No
SRR16974303	yHMPu5000034686_blastobotrys_capitulata_170307	34686	Dipodascales	Blastobotrys capitulatus	NA	NA	NA	NA	NA	NA	NA	NA	NA	NA	NA	NA	NA	NA	NA	NA	NA	NA	NA	NA	NA	NA	NA	NA	NA	NA	NA	NA	NA	NA	NA	NA	NA	NA	NA	rotting candelabra tree (Euphorbia ingens, Euphorbiaceae)	Yes	Yes	Yes	Yes	Yes	Yes	No	Yes	No	No	No
SRR16974302	yHMPu5000034687_blastobotrys_chiropterorum_170307	34687	Dipodascales	Blastobotrys chiropterorum	NA	NA	NA	NA	NA	NA	Yes	Yes	Yes	Yes	Yes	Yes	Yes	Yes	Yes	No	No	No	Yes	Yes	Yes	Yes	Yes	Yes	Yes	Yes	Yes	Yes	Yes	Yes	Yes	Yes	Yes	Yes	Yes	liver of Mormoops megalophylla (bat)	Yes	Yes	No	No	No	No	Yes	No	No	No	No
SRR16974301	yHMPu5000034688_blastobotrys_elegans_170307	34688	Dipodascales	Blastobotrys elegans	NA	NA	NA	NA	NA	NA	NA	NA	NA	NA	NA	NA	NA	NA	NA	NA	NA	NA	NA	NA	NA	NA	NA	NA	NA	NA	NA	NA	NA	NA	NA	NA	NA	NA	NA	house air	Yes	Yes	No	No	No	No	No	No	No	No	No
SRR16974300	yHMPu5000034689_blastobotrys_illinoisensiss_170307	34689	Dipodascales	Blastobotrys illinoisensis	NA	NA	NA	NA	NA	NA	Yes	Yes	NA	Yes	Yes	Yes	NA	Yes	Yes	Yes	Yes	Yes	No	Yes	NA	Yes	Yes	Yes	Yes	Yes	Yes	Yes	NA	NA	NA	Yes	Yes	No	Yes	forest debris	Yes	Yes	Yes	No	No	No	No	No	No	No	No
SRR16974310	yHMPu5000034677_blastobotrys_indianensis_180604	34677	Dipodascales	Blastobotrys indianensis	Standard	Standard	0.948415031998081	1.69853320676247	0.36903632456646	0.709565909657048	Yes	NA	NA	NA	NA	NA	NA	NA	NA	NA	NA	NA	NA	NA	NA	NA	NA	NA	NA	NA	NA	NA	NA	NA	NA	NA	NA	NA	NA	Small, unidentified white fungus growing on bark of a fallen pine Pinus sp.	Yes	Yes	No	No	No	No	No	No	No	No	No
SRR16974311	yHMPu5000034676_blastobotrys_malaysiensis_190924	34676	Dipodascales	Blastobotrys malaysiensis	Standard	Specialist	0.623883378919486	0	0.195650874287782	0.917312457936347	Yes	Yes	NA	Yes	Yes	Yes	NA	Yes	Yes	Yes	Yes	Yes	Yes	Yes	NA	Yes	Yes	Yes	Yes	Yes	Yes	Yes	NA	No	NA	Yes	Yes	Yes	Yes	soil	Yes	Yes	No	No	No	No	No	No	No	No	No
SRR16974343	yHMPu5000034672_blastobotrys_parvus_160519	34672	Dipodascales	Blastobotrys parvus	NA	NA	NA	NA	NA	NA	Yes	Yes	No	Yes	Yes	Yes	No	No	Yes	No	No	No	Yes	Yes	No	Yes	Yes	Yes	No	Yes	Yes	Yes	Yes	No	No	No	No	No	No	sea water	Yes	Yes	No	No	No	No	No	No	No	No	No
SRR16988778	yHMPu5000037236_blastobotrys_persicus_210305	37236	Dipodascales	Blastobotrys persicus	NA	NA	NA	NA	NA	NA	Yes	Yes	Yes	Yes	Yes	NA	Yes	Yes	No	Yes	No	No	Yes	Yes	NA	Yes	Yes	Yes	Yes	Yes	Yes	No	NA	NA	Yes	NA	Yes	Yes	NA	cave soil	Yes	Yes	No	No	No	No	No	No	No	No	No
SRR16974348	yHMPu5000034668_blastobotrys_robertii_160519	34668	Dipodascales	Blastobotrys robertii	NA	NA	NA	NA	NA	NA	Yes	Yes	Yes	No	Yes	No	Yes	Yes	Yes	No	No	Yes	Yes	No	Yes	Yes	Yes	Yes	Yes	Yes	No	Yes	No	Yes	Yes	No	No	No	Yes	rotten pine wood, brown rot (Pinus sylvestris)	Yes	Yes	Yes	Yes	Yes	Yes	No	No	No	No	No
SRR16974350	yHMPu5000034666_blastobotrys_terrestris_160519	34666	Dipodascales	Blastobotrys terrestris	NA	NA	NA	NA	NA	NA	Yes	Yes	Yes	Yes	Yes	Yes	Yes	Yes	Yes	Yes	No	Yes	Yes	Yes	Yes	Yes	Yes	Yes	Yes	Yes	Yes	Yes	Yes	Yes	Yes	Yes	Yes	No	Yes	soil	Yes	Yes	No	No	No	No	No	No	No	No	No
SRR16988832	yHMPu5000035710_botryozyma_americana_190924	35710	Trigonopsidales	Ascobotryozyma americana	NA	NA	NA	NA	NA	NA	Yes	Yes	Yes	Yes	No	Yes	Yes	Yes	Yes	Yes	No	Yes	Yes	No	No	No	No	No	No	No	No	No	No	No	No	No	No	No	No	nematodes on Populus tremuloides (aspen tree)	Yes	Yes	No	No	No	No	Yes	No	No	No	No
SRR16988831	yHMPu5000035711_botryozyma_cognata_160613	35711	Trigonopsidales	Ascobotryozyma cognata	NA	NA	NA	NA	NA	NA	NA	NA	NA	NA	NA	NA	NA	NA	NA	NA	NA	NA	NA	NA	NA	NA	NA	NA	NA	NA	NA	NA	NA	NA	NA	NA	NA	NA	NA	Cryptorhynchus lapathi galleries in willow (Salix scouleriana, Salicaceae) St. Maries, Idaho	Yes	Yes	No	No	No	No	Yes	No	Yes	Yes	Yes
SRR16974647	yHDO584_brettanomyces_mucatilis_190924.haplomerger2	yHDO584	Trigonopsidales	Botryozyma mucatilis	NA	NA	NA	NA	NA	NA	Yes	Yes	Yes	Yes	No	Yes	No	Yes	Yes	NA	No	Yes	Yes	No	Yes	Yes	Yes	Yes	No	No	Yes	No	Yes	Yes	Yes	Yes	Yes	Yes	No	cuticle of nematodes (Panagrellus dubius) isolated slime flux hybrid poplars	Yes	Yes	No	No	No	No	Yes	No	No	No	No
SRR16988967	yHMPu5000038399_brettanomyces_nanus_180604	38399	Pichiales	Brettanomyces nanus	NA	NA	NA	NA	NA	NA	Yes	Yes	Yes	No	Yes	Yes	No	No	Yes	No	Yes	No	Yes	No	No	Yes	No	Yes	Yes	No	Yes	No	No	No	Yes	No	No	No	No	bottled beer	Yes	Yes	No	No	No	No	No	No	No	No	No
SRR16974600	yHMPu5000035251_candida_aaseri_170307	35251	Serinales	Candida aaseri	Standard	Standard	0.819060152695386	0.587134763554406	0.329604035983435	0.567692138303091	Yes	Yes	Yes	Yes	Yes	Yes	Yes	NA	Yes	Yes	No	Yes	Yes	Yes	Yes	Yes	Yes	Yes	Yes	Yes	Yes	Yes	Yes	Yes	Yes	Yes	NA	Yes	Yes	sputum, of asthma patient	Yes	Yes	No	No	No	No	Yes	No	No	No	No
SRR16989171	yHMPu5000038113_candida_adriatica_170912	38113	Phaffomycetales	Candida adriatica	Standard	Generalist	0	0	0.687102142769248	0.282789698154003	Yes	Yes	Yes	Yes	No	Yes	Yes	Yes	Yes	Yes	Yes	Yes	Yes	Yes	Yes	No	Yes	Yes	Yes	Yes	No	Yes	Yes	Yes	Yes	No	Yes	No	Yes	sediment of extra virgin olive oil	Yes	Yes	No	No	No	No	No	No	No	No	No
SRR16989042	yHMPu5000041854_candida_aechmeae_170307	41854	Serinales	Candida aechmeae	Generalist	Standard	0.368599114937534	0.397342432116657	0.177763577587633	0.389586527227233	NA	NA	NA	NA	NA	NA	NA	NA	NA	NA	NA	NA	NA	NA	NA	NA	NA	NA	NA	NA	NA	NA	NA	NA	NA	NA	NA	NA	NA	leaves of bromeliads in Itapuã Park, Rio Grande do Sul, Brazil	Yes	Yes	Yes	Yes	Yes	Yes	No	Yes	No	No	No
SRR16988667	yHMPu5000037926_candida_alai_190924	37926	Serinales	Candida alai	Standard	Specialist	0.496001554140929	0.313555022911105	0	0.840323236460541	Yes	NA	NA	NA	NA	NA	NA	Yes	NA	NA	NA	NA	NA	NA	NA	NA	NA	NA	NA	NA	NA	NA	NA	NA	NA	NA	Yes	NA	NA	unidentified elaterid (Elateridae)	Yes	Yes	No	No	No	No	Yes	No	Yes	Yes	Yes
SRR16974326	yHMPu5000035004_candida_albicans_190924	35004	Serinales	Candida albicans	Standard	Standard	0.351087283996054	0.227732553674051	0	0.448555090909524	Yes	Yes	Yes	Yes	Yes	Yes	Yes	NA	Yes	Yes	Yes	Yes	Yes	Yes	Yes	Yes	Yes	No	No	Yes	No	Yes	Yes	Yes	No	Yes	NA	No	Yes	skin of man with interdigital mycosis	Yes	Yes	No	No	No	No	Yes	No	No	No	No
SRR16988965	yHMPu5000038402_candida_andamanensis_170713	38402	Serinales	Candida andamanensis	Standard	Standard	0.795215233568811	0.928380897837015	0.459997071006345	0.600386096293846	Yes	Yes	Yes	Yes	Yes	Yes	Yes	Yes	Yes	Yes	No	Yes	Yes	Yes	Yes	Yes	Yes	Yes	Yes	Yes	Yes	No	NA	Yes	NA	Yes	Yes	Yes	Yes	water Mangrove Forest	Yes	Yes	No	No	No	No	No	No	No	No	No
SRR16988695	yHMPu5000035314_candida_anglica_160928	35314	Serinales	Candida anglica	Standard	Standard	0.187855746812249	0	0.316867964733525	0	Yes	Yes	Yes	Yes	Yes	Yes	Yes	Yes	Yes	Yes	Yes	Yes	Yes	No	Yes	Yes	No	No	No	No	Yes	Yes	Yes	Yes	No	Yes	No	No	No	apple cider	Yes	Yes	No	No	No	No	No	No	No	No	No
SRR16989170	yHMPu5000038114_candida_anutae_170912	38114	Serinales	Candida anutae	Standard	Standard	0	0.195874548557689	0.392531976922207	0	Yes	Yes	No	Yes	No	Yes	No	No	Yes	No	No	Yes	Yes	No	Yes	No	Yes	No	No	No	Yes	Yes	No	No	No	No	No	No	No	insect-infested fruiting body of mushroom (Russula cyanoxantha)	Yes	Yes	No	No	No	No	No	No	No	No	No
SRR16988665	yHMPu5000037928_candida_argentea_180604.haplomerger2	37928	Serinales	Candida argentea	Standard	Specialist	0.20264289545226	0.26752354288087	0.153924138783073	0.226100553488544	NA	NA	NA	NA	NA	NA	NA	NA	NA	NA	NA	NA	NA	NA	NA	NA	NA	NA	NA	NA	NA	NA	NA	NA	NA	NA	NA	NA	NA	sediment under metal-contaminated effluent an abandoned mine	Yes	Yes	No	No	No	No	No	No	No	No	No
SRR16988822	yHMPu5000035721_candida_asparagi_160519	35721	Serinales	Candida asparagi	Generalist	Standard	0.260318561846426	0.390742556908406	0.102153712679098	0.184666162096457	Yes	Yes	Yes	Yes	Yes	Yes	Yes	No	Yes	NA	Yes	Yes	Yes	Yes	Yes	Yes	Yes	Yes	Yes	Yes	Yes	Yes	Yes	Yes	Yes	Yes	No	Yes	No	fruit of Asparagus filicinus	Yes	Yes	Yes	Yes	Yes	Yes	No	Yes	No	No	No
SRR16974601	yHMPu5000035250_candida_atlantica_170307	35250	Serinales	Candida atlantica	Standard	Standard	0.34930551809716	0	0.507202093759314	0	Yes	Yes	Yes	Yes	Yes	Yes	Yes	Yes	Yes	Yes	No	Yes	Yes	Yes	No	Yes	Yes	Yes	Yes	Yes	Yes	Yes	Yes	Yes	Yes	Yes	No	Yes	Yes	eggs of shrimp	Yes	Yes	No	No	No	No	Yes	No	Yes	No	No
SRR16974602	yHMPu5000035249_candida_atmosphaerica_170307	35249	Serinales	Candida atmosphaerica	Generalist	Standard	1.0545808943038	0.70404705072339	1.01685235971509	0.802475162070876	Yes	Yes	Yes	Yes	Yes	Yes	Yes	Yes	Yes	Yes	Yes	Yes	Yes	Yes	Yes	Yes	Yes	Yes	Yes	Yes	Yes	Yes	Yes	Yes	Yes	Yes	No	Yes	Yes	atmosphere	Yes	Yes	No	No	No	No	No	No	No	No	No
SRR16988664	yHMPu5000037929_candida_auris_170210	37929	Serinales	Candida auris	NA	NA	NA	NA	NA	NA	Yes	Yes	Yes	No	Yes	Yes	No	Yes	Yes	No	Yes	No	Yes	No	NA	No	Yes	No	No	Yes	Yes	Yes	No	No	NA	No	Yes	Yes	No	tenebrionid; Tenebrionidae; the external ear canal of a human patient	Yes	Yes	No	No	No	No	Yes	No	No	No	No
SRR16989142	yHMPu5000038115_candida_aurita_170912	38115	Serinales	Candida aurita	Standard	Standard	0.519650779223374	0.660919854114441	0	0	Yes	NA	NA	NA	NA	NA	NA	NA	NA	NA	NA	NA	NA	NA	NA	NA	NA	NA	NA	NA	NA	NA	NA	NA	NA	NA	NA	NA	NA	raised bog soils of Bakcharskoe Bog	Yes	Yes	No	No	No	No	No	No	No	No	No
SRR16988964	yHMPu5000038403_candida_awuaii_170713	38403	Pichiales	Candida awuae	Standard	Standard	0	0.662953502240463	0.322553301587456	0.361990745058168	Yes	Yes	NA	Yes	NA	No	NA	NA	Yes	NA	Yes	NA	Yes	Yes	NA	No	Yes	Yes	NA	Yes	Yes	NA	NA	No	NA	Yes	NA	No	NA	fermenting cocoa	-2-	-2-	Yes	Yes	Yes	Yes	No	Yes	No	No	No
SRR16988963	yHMPu5000038404_candida_bambusicola_190924	38404	Serinales	Candida bambusicola	Standard	Standard	0.174666701852082	0.205867503723142	0.075550080610968	0.463909787827282	Yes	Yes	Yes	No	Yes	Yes	Yes	NA	Yes	Yes	Yes	Yes	Yes	Yes	NA	Yes	Yes	No	No	Yes	Yes	Yes	Yes	No	NA	Yes	Yes	Yes	Yes	insect frass of bamboo	Yes	Yes	No	No	No	No	Yes	No	Yes	Yes	Yes
SRR16988961	yHMPu5000038405_candida_baotianensis_190924	38405	Serinales	Candida baotianmanensis	Generalist	Standard	0.35098782350893	0.63679752778056	0.403444193071954	0.495551581910958	NA	NA	NA	NA	NA	NA	NA	NA	NA	NA	NA	NA	NA	NA	NA	NA	NA	NA	NA	NA	NA	NA	NA	NA	NA	NA	NA	NA	NA	forest soil	Yes	Yes	No	No	No	No	No	No	No	No	No
SRR16989039	yHMPu5000041856_candida_bentonensis_180604	41856	Dipodascales	Candida bentonensis	Generalist	Standard	0	1.75628299485321	0.701660950983073	0.757806145120655	NA	NA	NA	NA	NA	NA	NA	NA	NA	NA	NA	NA	NA	NA	NA	NA	NA	NA	NA	NA	NA	NA	NA	NA	NA	NA	NA	NA	NA	apple cider	Yes	Yes	No	No	No	No	No	No	No	No	No
SRR16988960	yHMPu5000038406_candida_berkhoutiae_180604	38406	Serinales	Candida berkhoutiae	Standard	Standard	0.189623174289689	0.350811537690495	0	0.417009187109458	Yes	Yes	Yes	Yes	Yes	Yes	Yes	Yes	Yes	Yes	Yes	Yes	Yes	No	Yes	Yes	Yes	Yes	Yes	Yes	No	Yes	No	Yes	Yes	Yes	Yes	Yes	Yes	insect frass of bamboo	Yes	Yes	No	No	No	No	Yes	No	Yes	Yes	Yes
SRR16974640	yHMPu5000034599_candida_berthetii_190924.haplomerger2	34599	Phaffomycetales	Candida berthetii	Standard	Generalist	0	0.753565785765592	0.99017835563418	0	NA	NA	NA	NA	NA	NA	NA	NA	NA	NA	NA	NA	NA	NA	NA	NA	NA	NA	NA	NA	NA	NA	NA	NA	NA	NA	NA	NA	NA	gum arabic on a tree	Yes	Yes	Yes	Yes	Yes	Yes	No	Yes	No	No	No
SRR16988959	yHMPu5000038407_candida_blackwelliae_190924.haplomerger2	38407	Serinales	Candida blackwelliae	Standard	Standard	0.865089646251652	0.643802547306815	0	0.813159645212113	Yes	NA	Yes	No	Yes	Yes	Yes	NA	Yes	Yes	Yes	Yes	Yes	Yes	NA	Yes	Yes	Yes	Yes	Yes	Yes	Yes	NA	NA	NA	Yes	NA	Yes	Yes	gut of Trichius succinctus	Yes	Yes	No	No	No	No	Yes	No	Yes	Yes	Yes
SRR16988824	yHMPu5000035719_candida_blankii_190924	35719	Dipodascales	Candida blankii	Generalist	Standard	0.573839693427208	0	0.0509165176265379	0.488586485578482	Yes	Yes	Yes	Yes	Yes	Yes	Yes	Yes	Yes	Yes	Yes	Yes	Yes	Yes	Yes	Yes	Yes	Yes	Yes	Yes	Yes	Yes	Yes	Yes	Yes	Yes	Yes	Yes	Yes	blood of Putorius vison (mink)	Yes	Yes	No	No	No	No	Yes	No	No	No	No
SRR16988676	yHMPu5000037917_candida_blattariae_170210	37917	Serinales	Candida blattariae	Generalist	Standard	1.4540680414762	0.47142310781798	0.557028718724034	0.427930432832862	Yes	Yes	Yes	Yes	Yes	Yes	Yes	Yes	Yes	Yes	Yes	Yes	Yes	Yes	Yes	Yes	Yes	Yes	Yes	Yes	Yes	Yes	Yes	Yes	Yes	No	No	Yes	Yes	unidentified roach	Yes	Yes	No	No	No	No	Yes	No	Yes	Yes	Yes
SRR16974327	yHMPu5000035003_candida_bohiensis_160519	35003	Serinales	Candida bohioensis	Generalist	Standard	0.712692738622419	0.743053754954516	0.356349566283906	0.367119081532666	Yes	Yes	Yes	No	Yes	Yes	Yes	Yes	No	NA	Yes	No	No	Yes	No	Yes	Yes	No	No	Yes	Yes	No	Yes	No	No	No	Yes	Yes	Yes	unidentified elaterid (Elateridae)	Yes	Yes	No	No	No	No	Yes	No	Yes	Yes	Yes
SRR16974451	yHMPu5000034926_candida_boidinii_160519	34926	Pichiales	Candida boidinii	Standard	Generalist	0	0.531375359997317	0.296137675153984	0	Yes	Yes	Yes	Yes	Yes	Yes	Yes	NA	Yes	Yes	Yes	Yes	No	Yes	Yes	No	No	No	No	No	Yes	No	Yes	No	No	Yes	NA	No	No	tanning fluid	Yes	Yes	No	No	No	No	No	No	No	No	No
SRR16974565	yHMPu5000034645_candida_boleticola_201018	34645	Serinales	Candida boleticola	NA	NA	NA	NA	NA	NA	Yes	Yes	Yes	Yes	Yes	Yes	Yes	Yes	Yes	Yes	Yes	Yes	Yes	Yes	Yes	Yes	No	Yes	Yes	No	Yes	Yes	Yes	Yes	Yes	Yes	Yes	No	No	fruiting body of Astraeus hygrometricus (toadstool)	Yes	Yes	No	No	No	No	No	No	No	No	No
SRR16988957	yHMPu5000038409_candida_broadrunensis_180604	38409	Serinales	Candida broadrunensis	Standard	Standard	0.432493029665306	0	0	0.625696438038634	NA	NA	NA	NA	NA	NA	NA	NA	NA	NA	NA	NA	NA	NA	NA	NA	NA	NA	NA	NA	NA	NA	NA	NA	NA	NA	NA	NA	NA	Gut of unidentified tenebrionid beetle	Yes	Yes	No	No	No	No	Yes	No	Yes	Yes	Yes
SRR16974328	yHMPu5000035002_candida_buenavistaensis_160519.haplomerger2	35002	Serinales	Candida buenavistaensis	Standard	Standard	0.66078826030994	0.657437770470212	0.471466675504165	0.866232488924619	Yes	Yes	No	No	Yes	Yes	Yes	Yes	No	NA	Yes	No	Yes	Yes	No	Yes	Yes	Yes	No	Yes	Yes	Yes	Yes	Yes	No	Yes	Yes	Yes	Yes	unidentified cerambycid (Cerambycidae)	Yes	Yes	No	No	No	No	Yes	No	Yes	Yes	Yes
SRR16974386	yHMPu5000026052_candida_buinensis_201018	26052	Serinales	Candida buinensis	Generalist	Standard	0.61439927473015	0.644775072985592	0.0593801369170217	0.517084824831505	Yes	Yes	Yes	Yes	Yes	No	Yes	Yes	Yes	Yes	Yes	Yes	Yes	Yes	Yes	Yes	Yes	Yes	Yes	Yes	No	Yes	Yes	Yes	Yes	Yes	No	Yes	Yes	gelatinous exudate of a tree fern	Yes	Yes	Yes	Yes	Yes	No	No	No	No	No	No
SRR16989140	yHMPu5000038118_candida_cabralensis_170912.haplomerger2	38118	Pichiales	Candida cabralensis	Standard	Standard	0	0	0	0	Yes	Yes	Yes	Yes	NA	No	Yes	NA	No	Yes	No	Yes	No	No	NA	No	Yes	No	No	No	Yes	No	No	No	No	No	NA	Yes	No	Spanish blue-veined Cabrales chees	Yes	Yes	No	No	No	No	No	No	No	No	No
SRR16988878	yHMPu5000035298_candida_californica_170307.haplomerger2	35298	Pichiales	Candida californica	Standard	Standard	0	2.93345869062643	0	0	NA	NA	NA	NA	NA	NA	NA	NA	NA	NA	NA	NA	NA	NA	NA	NA	NA	NA	NA	NA	NA	NA	NA	NA	NA	NA	NA	NA	NA	No data	NA	NA	NA	NA	NA	NA	NA	NA	NA	NA	NA
SRR16988677	yHMPu5000037916_candida_carvajalis_180604	37916	Serinales	Candida carvajalis	Standard	Standard	0.405085096461258	0.550392021656962	0.519206743775137	0.814950336356379	Yes	Yes	Yes	Yes	Yes	Yes	Yes	Yes	Yes	Yes	Yes	Yes	Yes	Yes	Yes	Yes	Yes	Yes	Yes	Yes	Yes	Yes	Yes	NA	NA	Yes	NA	Yes	No	rotton wood	Yes	Yes	Yes	Yes	Yes	Yes	No	No	No	No	No
SRR16974668	yHMPu5000035019_candida_caryicola_160519	35019	Serinales	Candida caryicola	Standard	Standard	0.387689584423332	0.904926359372378	0.393073365112176	0.600769268410668	Yes	Yes	Yes	Yes	Yes	Yes	Yes	NA	Yes	NA	NA	Yes	Yes	Yes	Yes	Yes	Yes	Yes	No	Yes	Yes	Yes	No	Yes	No	No	NA	Yes	Yes	nut pod, of a pignut hickory tree (Carya glabra (Mill.) Sweet)	Yes	Yes	Yes	Yes	Yes	Yes	No	Yes	No	No	No
SRR16974603	yHMPu5000035248_candida_cerambycidarum_160928	35248	Serinales	Candida cerambycidarum	Standard	Standard	0.757970871174761	0.340377985736487	0.536438157464247	0	Yes	Yes	Yes	Yes	Yes	Yes	Yes	Yes	Yes	Yes	Yes	Yes	Yes	Yes	Yes	Yes	Yes	Yes	Yes	Yes	Yes	Yes	Yes	Yes	Yes	Yes	Yes	Yes	Yes	unidentified cerambycid (Cerambycidae)	Yes	Yes	No	No	No	No	Yes	No	Yes	Yes	Yes
SRR16988969	yHMPu5000038397_candida_chanthaburiensis_170713	38397	Serinales	Candida chanthaburiensis	Standard	Standard	0	0.902888908347722	0	0	Yes	Yes	Yes	Yes	Yes	Yes	Yes	Yes	Yes	No	Yes	Yes	Yes	Yes	Yes	Yes	Yes	NA	Yes	Yes	Yes	Yes	NA	Yes	NA	Yes	Yes	Yes	Yes	bark of Rhizophora apiculata Blume in mangrove forest	Yes	Yes	Yes	Yes	Yes	Yes	No	Yes	No	No	No
SRR16988830	yHMPu5000035713_candida_chauliodes_160613	35713	Serinales	Candida chauliodis	Standard	Standard	0.662859757220463	0.396999395356373	0.150290662095085	0	Yes	Yes	Yes	Yes	Yes	Yes	Yes	Yes	Yes	Yes	Yes	Yes	Yes	Yes	Yes	Yes	No	No	No	No	Yes	Yes	Yes	Yes	No	Yes	No	No	No	body surface of a male fishfly, Chauliodes pectinicornis	Yes	Yes	No	No	No	No	Yes	No	Yes	Yes	Yes
SRR16974608	yHDO585_candida_citri_180604	yHDO585	Serinales	Candida citri	NA	NA	NA	NA	NA	NA	Yes	Yes	Yes	No	No	Yes	No	Yes	Yes	Yes	Yes	Yes	No	Yes	NA	Yes	Yes	Yes	Yes	Yes	Yes	Yes	No	No	Yes	No	Yes	Yes	No	rotting lime fruits in Borneo	Yes	Yes	Yes	Yes	Yes	Yes	No	Yes	No	No	No
SRR16988776	yHMPu5000037238_candida_coleopterorum_210210	37238	Serinales	Candida coleopterorum	Standard	Specialist	NA	0.527963616782964	0.251625831428856	0	Yes	Yes	No	Yes	Yes	Yes	Yes	Yes	No	Yes	Yes	No	Yes	No	NA	Yes	No	No	Yes	No	No	No	No	Yes	NA	No	Yes	No	No	A. heydeni	Yes	Yes	No	No	No	No	Yes	No	Yes	Yes	Yes
SRR16988679	yHMPu5000037914_candida_conglobata_180604	37914	Serinales	Candida conglobata	Standard	Standard	0.451991718634585	0.92711327526197	0.325472663297656	0	Yes	Yes	Yes	Yes	Yes	Yes	Yes	Yes	Yes	Yes	Yes	Yes	Yes	Yes	Yes	Yes	No	Yes	Yes	No	Yes	No	Yes	Yes	Yes	Yes	No	No	No	tubercular lung	Yes	Yes	No	No	No	No	Yes	No	No	No	No
SRR16989139	yHMPu5000038119_candida_coquimbonensis_170912	38119	Phaffomycetales	Candida coquimbonensis	Specialist	Standard	0	0.991558941398515	1.09836813340166	0	Yes	Yes	Yes	Yes	NA	Yes	Yes	NA	No	Yes	No	Yes	No	No	Yes	No	No	Yes	Yes	Yes	No	Yes	NA	NA	NA	No	NA	No	No	necrotic cactus Echinopssis chiloensis	Yes	Yes	Yes	Yes	Yes	Yes	No	Yes	No	No	No
SRR16988970	yHMPu5000038396_candida_dajiaensis_170713	38396	Phaffomycetales	Candida dajiaensis	Generalist	Standard	0	0.30854868513867	0.248606461737208	0.186412366154655	Yes	Yes	Yes	Yes	Yes	Yes	No	Yes	Yes	No	Yes	Yes	Yes	Yes	Yes	No	Yes	Yes	Yes	Yes	Yes	No	Yes	No	Yes	No	Yes	Yes	Yes	soil	Yes	Yes	No	No	No	No	No	No	No	No	No
SRR16988971	yHMPu5000038395_candida_danieliae_170713	38395	Serinales	Candida danieliae	Standard	Standard	0	0.622577285230112	0	0.62979660331966	Yes	Yes	No	Yes	Yes	Yes	Yes	Yes	Yes	Yes	Yes	Yes	Yes	Yes	Yes	Yes	Yes	Yes	Yes	Yes	Yes	Yes	Yes	Yes	Yes	Yes	Yes	Yes	No	tree	Yes	Yes	Yes	Yes	Yes	Yes	No	No	No	No	No
SRR16974641	yHMPu5000034598_Candida_dendrica_SPADES	34598	Phaffomycetales	Candida dendrica	Standard	Standard	0	0.708005212370899	0.357329302105336	0	Yes	Yes	No	Yes	No	No	Yes	Yes	No	Yes	Yes	Yes	No	No	Yes	No	No	Yes	Yes	No	No	Yes	No	Yes	Yes	No	No	No	No	frass of cerambycid larvae, infesting Cryptocarya latifolia	Yes	Yes	No	No	No	No	Yes	No	Yes	Yes	Yes
SRR16988681	yHMPu5000037912_candida_dendronema_170912	37912	Serinales	Candida dendronema	Standard	Standard	0.270017911368046	0.640122840279709	0.144266896873223	0.0986687422118803	Yes	Yes	Yes	Yes	Yes	Yes	Yes	Yes	Yes	Yes	Yes	Yes	Yes	Yes	Yes	Yes	Yes	Yes	Yes	Yes	Yes	Yes	Yes	Yes	Yes	Yes	Yes	No	Yes	tunnel of larvae of Crossotarsus externedentatus, in Diospyros inhacaensis	Yes	Yes	No	No	No	No	Yes	No	Yes	Yes	Yes
SRR16988897	yHMPu5000040933_candida_diddensiae_201018	40933	Serinales	Candida diddensiae	Standard	Standard	0.838354329793908	0	0.465044819814587	0	Yes	Yes	Yes	Yes	Yes	Yes	Yes	Yes	Yes	Yes	Yes	Yes	Yes	Yes	Yes	Yes	Yes	Yes	Yes	Yes	Yes	Yes	Yes	Yes	Yes	Yes	Yes	Yes	Yes	shrimp	Yes	Yes	No	No	No	No	No	No	No	No	No
SRR16974376	yHMPu5000026105_candida_digboiensis_210210_SPADES.haplomerger2	26105	Dipodascales	Candida digboiensis	NA	NA	NA	NA	NA	NA	Yes	NA	NA	NA	NA	NA	NA	Yes	NA	NA	No	NA	NA	NA	NA	NA	NA	NA	NA	NA	NA	NA	NA	NA	NA	NA	Yes	NA	NA	acid tar sludge-contaminated soil Digboi oil refinery	Yes	Yes	No	No	No	No	No	No	No	No	No
SRR16988974	yHMPu5000038393_candida_diospyri_180604	38393	Serinales	Candida diospyri	Generalist	Standard	0.703333273925325	0.397833743493759	0.474627533852848	0.505683480542094	Yes	NA	NA	NA	NA	NA	NA	No	NA	NA	Yes	NA	NA	NA	NA	NA	NA	NA	NA	NA	NA	NA	NA	NA	NA	NA	No	NA	NA	fruit of Diospyros kaki	Yes	Yes	Yes	Yes	Yes	Yes	No	Yes	No	No	No
SRR16988861	yHMPu5000035709_candida_dosseyi_160519	35709	Serinales	Candida dosseyi	Generalist	Standard	0.173610334197393	0.498964517609081	0.134968466552591	0.41328759003558	Yes	Yes	Yes	Yes	Yes	Yes	Yes	Yes	Yes	Yes	Yes	Yes	Yes	Yes	Yes	Yes	Yes	Yes	Yes	Yes	Yes	Yes	Yes	Yes	Yes	No	Yes	Yes	Yes	gut of dobsonfly, Neuroptera, Corydalidae, Corydalus cornutus (female)	Yes	Yes	No	No	No	No	Yes	No	Yes	Yes	Yes
SRR16974338	yHMPu5000034991_candida_dubliniensis_190924.haplomerger2	34991	Serinales	Candida dubliniensis	Standard	Specialist	0.363077392296186	0.303954791850928	0.299974420250615	0.326168580287561	Yes	Yes	Yes	Yes	Yes	Yes	Yes	Yes	Yes	Yes	Yes	Yes	Yes	Yes	Yes	Yes	Yes	No	No	Yes	Yes	Yes	Yes	No	No	No	Yes	Yes	Yes	oral cavity of HIV-infected patient	Yes	Yes	No	No	No	No	Yes	No	No	No	No
SRR16974340	yHMPu5000034989_candida_duobushaemulonii_160519	34989	Serinales	Candida duobushaemuli	Standard	Standard	0.285228214799529	0.58319286995295	0.422405895638115	0.371124490824623	Yes	Yes	Yes	Yes	Yes	Yes	Yes	Yes	Yes	Yes	Yes	Yes	Yes	Yes	Yes	Yes	Yes	Yes	Yes	Yes	Yes	Yes	Yes	Yes	Yes	Yes	Yes	Yes	Yes	ulcer on foot	Yes	Yes	No	No	No	No	Yes	No	No	No	No
SRR16974378	yHMPu5000026073_candida_easanensis_180604	26073	Phaffomycetales	Candida easanensis	Standard	Standard	0	0.392792448780291	0.346531386625023	0.256265788169251	NA	NA	NA	NA	NA	NA	NA	NA	NA	NA	NA	NA	NA	NA	NA	NA	NA	NA	NA	NA	NA	NA	NA	NA	NA	NA	NA	NA	NA	Insect frass	Yes	Yes	No	No	No	No	Yes	No	Yes	Yes	Yes
SRR16989002	yHMPu5000038392_candida_ecuadorensis_170713	38392	Serinales	Candida ecuadorensis	Generalist	Standard	0.295384026365858	0.616342896445032	0	0.350097215822243	Yes	Yes	Yes	Yes	Yes	Yes	Yes	Yes	Yes	Yes	Yes	Yes	Yes	Yes	Yes	Yes	Yes	Yes	Yes	Yes	Yes	Yes	Yes	NA	NA	Yes	NA	Yes	Yes	rotten wood	Yes	Yes	Yes	Yes	Yes	Yes	No	No	No	No	No
SRR16989037	yHMPu5000041858_candida_endomychidarum_170713	41858	Serinales	Candida endomychidarum	NA	NA	NA	NA	NA	NA	Yes	Yes	Yes	Yes	Yes	Yes	Yes	Yes	Yes	Yes	Yes	Yes	Yes	Yes	Yes	Yes	Yes	Yes	Yes	Yes	Yes	Yes	Yes	Yes	Yes	Yes	No	Yes	Yes	unidentified endomychid (Endomychidae)	Yes	Yes	No	No	No	No	Yes	No	Yes	Yes	Yes
SRR16989074	yHMPu5000035330_candida_entomophila_190924	35330	Serinales	Candida entomophila	Standard	Standard	1.60096226117208	0.478155930441333	0.236930114907077	0.492819673575411	Yes	Yes	Yes	Yes	Yes	Yes	Yes	Yes	Yes	Yes	Yes	Yes	Yes	Yes	Yes	Yes	Yes	Yes	Yes	Yes	Yes	Yes	Yes	Yes	Yes	Yes	Yes	Yes	Yes	tunnel of Crossotarsus externedentatus in Ficus sycomorus	Yes	Yes	No	No	No	No	Yes	No	Yes	Yes	Yes
SRR16974620	yHMPu5000034619_candida_ethanolica_170307.haplomerger2	34619	Pichiales	Candida ethanolica	Standard	Standard	0	0.322370547608433	0.235919260081845	0	Yes	Yes	Yes	No	Yes	No	Yes	Yes	No	Yes	No	Yes	No	No	No	No	No	No	No	No	No	No	No	No	No	No	Yes	No	No	industrial fodder yeast	Yes	Yes	No	No	No	No	No	No	No	No	No
SRR16989004	yHMPu5000038390_candida_ezoensis_170713	38390	Serinales	Candida ezoensis	Standard	Standard	0	0.37593551896848	0	0.401214447681068	Yes	Yes	Yes	Yes	Yes	Yes	Yes	Yes	Yes	Yes	Yes	Yes	Yes	No	Yes	No	Yes	No	No	Yes	Yes	Yes	No	Yes	No	Yes	NA	Yes	Yes	forest soil	Yes	Yes	No	No	No	No	No	No	No	No	No
SRR16989005	yHMPu5000038389_candida_ficus_170713	38389	Phaffomycetales	Candida ficus	Standard	Standard	0	1.32569878328624	0.694981430159435	0	Yes	Yes	Yes	Yes	Yes	No	Yes	Yes	No	No	No	Yes	No	No	No	No	No	No	No	No	No	No	No	No	No	No	No	No	No	gut of Apriona germari larvae	Yes	Yes	No	No	No	No	Yes	No	Yes	Yes	Yes
SRR16988898	yHMPu5000040932_candida_flosculorum_201018	40932	Serinales	Candida flosculorum	Standard	Standard	0.189056795559049	0.901110012278495	0.135501700594825	0.335429430708821	NA	NA	NA	NA	NA	NA	NA	NA	NA	NA	NA	NA	NA	NA	NA	NA	NA	NA	NA	NA	NA	NA	NA	NA	NA	NA	NA	NA	NA	flower bract of Heliconia episcopalis (Heliconiaceae)	Yes	Yes	Yes	Yes	Yes	Yes	No	Yes	No	No	No
SRR16989135	yHMPu5000035327_candida_fluviatilis_190924	35327	Serinales	Candida fluviatilis	Standard	Standard	0.771664378356777	1.09173729647414	0.919019109784379	0.885621416158546	Yes	Yes	Yes	Yes	Yes	Yes	No	Yes	Yes	Yes	Yes	Yes	Yes	Yes	Yes	Yes	Yes	Yes	Yes	Yes	Yes	Yes	Yes	Yes	Yes	No	Yes	Yes	No	polluted water	Yes	Yes	No	No	No	No	No	No	No	No	No
SRR16989036	yHMPu5000041859_candida_friederichii_160928	41859	Serinales	Candida friedrichii	Generalist	Standard	1.29998503355664	0.459287563578827	0.749376861676897	0.322567000122092	Yes	Yes	No	Yes	Yes	No	No	NA	Yes	Yes	Yes	No	No	Yes	No	Yes	Yes	Yes	No	Yes	Yes	No	Yes	Yes	Yes	No	NA	Yes	Yes	sorbitol solution	Yes	Yes	No	No	No	No	No	No	No	No	No
SRR16988829	yHMPu5000035714_candida_frijolesensis_160519.haplomerger2	35714	Serinales	Candida frijolesensis	Standard	Standard	0.521040896764009	0.375614620771255	0	0.416438361967139	NA	NA	NA	NA	NA	NA	NA	NA	NA	NA	NA	NA	NA	NA	NA	NA	NA	NA	NA	NA	NA	NA	NA	NA	NA	NA	NA	NA	NA	gut of an unidentified endomychid beetle (Coleoptera, Endomychidae)	Yes	Yes	No	No	No	No	Yes	No	Yes	Yes	Yes
SRR16988900	yHMPu5000040931_candida_galis_201018	40931	Phaffomycetales	Candida galis	Standard	Standard	0	0.826220535132094	1.16701916146646	0	Yes	Yes	No	Yes	No	Yes	Yes	NA	Yes	NA	NA	Yes	Yes	Yes	Yes	Yes	Yes	Yes	Yes	No	Yes	Yes	Yes	Yes	Yes	Yes	NA	Yes	Yes	sap flux of Maclura tinctoria	Yes	Yes	Yes	Yes	Yes	Yes	No	Yes	No	No	No
SRR16974604	yHMPu5000035247_candida_germanica_170912	35247	Serinales	Candida germanica	Standard	Standard	0.482701736666111	0.709755467736189	0.337835138206545	0.354139141396807	Yes	Yes	Yes	Yes	Yes	Yes	Yes	Yes	Yes	Yes	Yes	Yes	Yes	Yes	No	Yes	Yes	Yes	Yes	Yes	Yes	Yes	Yes	Yes	Yes	Yes	Yes	Yes	Yes	atmosphere	Yes	Yes	No	No	No	No	No	No	No	No	No
SRR16988827	yHMPu5000035715_candida_gigantensis_160519.haplomerger2	35715	Serinales	Candida gigantensis	Standard	Standard	0.441982855123977	0.438864711569795	0.168197453576538	0.580253447316839	Yes	Yes	Yes	No	Yes	Yes	Yes	Yes	No	NA	Yes	No	Yes	Yes	No	Yes	Yes	Yes	No	Yes	Yes	No	No	No	No	No	Yes	Yes	Yes	unidentified elaterid (Elateridae)	Yes	Yes	No	No	No	No	Yes	No	Yes	Yes	Yes
SRR16974361	yHMPu5000034656_candida_glaebosa_170307	34656	Serinales	Candida glaebosa	Standard	Standard	1.28360797082714	0.937956877359364	0.606967671167367	1.66362997754087	Yes	Yes	Yes	Yes	Yes	Yes	Yes	NA	Yes	Yes	No	Yes	Yes	Yes	No	Yes	Yes	Yes	Yes	Yes	Yes	Yes	Yes	No	Yes	No	NA	No	Yes	frozen cuttle-fish	Yes	Yes	No	No	No	No	Yes	No	No	No	No
SRR16988685	yHMPu5000037906_candida_glucosophila_180604	37906	Serinales	Candida glucosophila	NA	NA	NA	NA	NA	NA	NA	NA	NA	NA	NA	NA	NA	NA	NA	NA	NA	NA	NA	NA	NA	NA	NA	NA	NA	NA	NA	NA	NA	NA	NA	NA	NA	NA	NA	brown sugar made in Taiwan	Yes	Yes	No	No	No	No	No	No	No	No	No
SRR16989138	yHMPu5000038120_candida_haemulonii_170912	38120	Serinales	Candida haemuli	Standard	Standard	0.17108253716416	0.593021511448413	0	0.429301047272864	Yes	Yes	Yes	Yes	Yes	Yes	Yes	Yes	Yes	Yes	Yes	Yes	Yes	Yes	Yes	Yes	Yes	No	No	Yes	Yes	Yes	Yes	Yes	Yes	No	Yes	Yes	No	intestinal tract of Haemulon sciurus	Yes	Yes	No	No	No	No	Yes	No	No	No	No
SRR16989031	yHMPu5000041864_candida_hainanensis_170713	41864	Serinales	Candida hainanensis	Standard	Standard	0	0.678938845463354	0.184058931754208	0.237124475552448	Yes	Yes	Yes	Yes	Yes	Yes	Yes	NA	Yes	Yes	Yes	Yes	Yes	Yes	NA	No	Yes	Yes	Yes	Yes	Yes	Yes	NA	NA	NA	Yes	NA	Yes	Yes	flowers of a plant species Magnoliaceae	Yes	Yes	Yes	Yes	Yes	Yes	No	Yes	No	No	No
SRR16989113	yHMPu5000035633_candida_hispaniensis_180604	35633	Dipodascales	Candida hispaniensis	Specialist	Standard	0	0.387992150334649	0.900291975639706	0	NA	NA	NA	NA	NA	NA	NA	NA	NA	NA	NA	NA	NA	NA	NA	NA	NA	NA	NA	NA	NA	NA	NA	NA	NA	NA	NA	NA	NA	larva of longhorn beetle (Spondylus buprestoides) collected in a conifer forest	Yes	Yes	No	No	No	No	Yes	No	Yes	Yes	Yes
SRR16989137	yHMPu5000038121_candida_hungchunana_170912	38121	Phaffomycetales	Candida hungchunana	Standard	Standard	0	0.800032814105017	0.63836303892268	0	Yes	Yes	Yes	Yes	Yes	No	Yes	Yes	Yes	No	Yes	No	No	Yes	Yes	Yes	Yes	Yes	No	Yes	No	No	Yes	No	Yes	No	Yes	Yes	Yes	leaf of Barringtonia asiatica	Yes	Yes	Yes	Yes	Yes	Yes	No	Yes	No	No	No
SRR16989006	yHMPu5000038388_candida_inconspicua_170713	38388	Pichiales	Candida inconspicua	Standard	Standard	0	0.981307117298522	0.385854268242225	0	Yes	Yes	Yes	Yes	Yes	No	Yes	NA	No	Yes	No	Yes	No	No	No	No	No	No	No	No	No	Yes	No	No	No	No	NA	No	No	sputum	Yes	Yes	No	No	No	No	Yes	No	No	No	No
SRR16989023	yHMPu5000035332_candida_insectalens_201018	35332	Pichiales	Candida insectalens	Standard	Standard	0.951045288001926	0.587920775275184	0	0	Yes	Yes	Yes	No	Yes	Yes	Yes	Yes	Yes	Yes	No	Yes	Yes	No	Yes	Yes	No	Yes	Yes	No	Yes	No	No	No	Yes	No	Yes	No	No	tunnel of Platypus externedentatus, in Ficus sycomorus	Yes	Yes	No	No	No	No	Yes	No	Yes	Yes	Yes
SRR16974605	yHMPu5000035246_candida_insectorum_160928	35246	Serinales	Candida insectorum	Generalist	Standard	0.73174379675613	0.842524785505633	0.568269354530198	0.588551501760171	Yes	Yes	Yes	Yes	Yes	Yes	Yes	Yes	Yes	Yes	Yes	Yes	Yes	Yes	Yes	Yes	Yes	Yes	Yes	Yes	Yes	Yes	Yes	Yes	Yes	Yes	Yes	Yes	Yes	frass of Phorocantha recurva, in Eucalyptus maculata	Yes	Yes	No	No	No	No	Yes	No	Yes	Yes	Yes
SRR16989007	yHMPu5000038387_candida_inulinophila_170713	38387	Serinales	Candida inulinophila	Standard	Standard	0.494407149160722	0.390661910027801	0.369684997011018	0.385916397256601	Yes	Yes	Yes	Yes	Yes	Yes	Yes	Yes	Yes	Yes	Yes	Yes	Yes	No	Yes	Yes	Yes	No	No	Yes	Yes	Yes	No	Yes	Yes	Yes	Yes	Yes	No	Fruit body of an unidentified wild mushroom	Yes	Yes	No	No	No	No	No	No	No	No	No
SRR16988697	yHMPu5000037895_candida_jaroonii_180604	37895	Serinales	Candida jaroonii	Standard	Standard	0.702613442463234	0.542832479875997	0.287015651323754	0.305027093513696	Yes	Yes	Yes	Yes	Yes	Yes	Yes	NA	Yes	Yes	Yes	Yes	Yes	Yes	Yes	Yes	Yes	Yes	Yes	Yes	Yes	Yes	Yes	Yes	NA	Yes	NA	Yes	Yes	Insect frass	Yes	Yes	No	No	No	No	Yes	No	Yes	Yes	Yes
SRR16989008	yHMPu5000038386_candida_jianshihensis_170713.haplomerger2	38386	Phaffomycetales	Candida jianshihensis	Standard	Generalist	0	0.653608469836157	1.61957571657375	0	Yes	Yes	Yes	Yes	Yes	Yes	Yes	Yes	Yes	No	No	No	No	Yes	No	No	No	Yes	Yes	No	Yes	No	No	No	Yes	No	No	No	No	soil	Yes	Yes	No	No	No	No	No	No	No	No	No
SRR16989019	yHMPu5000038374_candida_jiufengensis_170713	38374	Serinales	Candida jiufengensis	Standard	Standard	0	0.763852170369506	0	0.517018289266543	Yes	NA	Yes	Yes	Yes	Yes	Yes	NA	Yes	Yes	Yes	Yes	Yes	No	NA	Yes	Yes	No	No	Yes	Yes	Yes	NA	NA	NA	Yes	NA	Yes	Yes	gut of Oxycetonia jucunda	Yes	Yes	No	No	No	No	Yes	No	Yes	Yes	Yes
SRR16988696	yHMPu5000037896_candida_kanchanaburiensis_180604	37896	Serinales	Candida kanchanaburiensis	Standard	Standard	0.632831004049613	0.747890972503111	0.34206456899707	0.294572727854744	NA	NA	NA	NA	NA	NA	NA	NA	NA	NA	NA	NA	NA	NA	NA	NA	NA	NA	NA	NA	NA	NA	NA	NA	NA	NA	NA	NA	NA	Fruit body of mushroom Coprinus sp.	Yes	Yes	No	No	No	No	No	No	No	No	No
SRR16988694	yHMPu5000037897_Candida_kazuoi_SPADES	37897	Dipodascales	Candida kazuoi	Specialist	Standard	0	0	0	0	NA	NA	NA	NA	NA	NA	NA	NA	NA	NA	NA	NA	NA	NA	NA	NA	NA	NA	NA	NA	NA	NA	NA	NA	NA	NA	NA	NA	NA	Insect frass	Yes	Yes	No	No	No	No	Yes	No	Yes	Yes	Yes
SRR16989176	yHMPu5000038108_Candida_khao-thaluensis_SPADES	38108	Serinales	Candida khao-thaluensis	Standard	Standard	0.883255135377075	0.61923758340162	0	0.419504808433558	Yes	Yes	Yes	Yes	Yes	Yes	Yes	Yes	Yes	Yes	Yes	Yes	Yes	Yes	Yes	Yes	Yes	Yes	Yes	Yes	Yes	Yes	Yes	Yes	Yes	Yes	Yes	Yes	Yes	tree	Yes	Yes	Yes	Yes	Yes	Yes	No	No	No	No	No
SRR16988911	yHMPu5000040919_candida_konsanensis_201018	40919	Serinales	Candida konsanensis	Standard	Standard	0	0.437266939968715	0	0.409996061715709	Yes	Yes	Yes	Yes	Yes	Yes	Yes	Yes	Yes	Yes	Yes	Yes	Yes	Yes	No	Yes	Yes	NA	No	Yes	Yes	Yes	No	Yes	NA	Yes	Yes	Yes	Yes	J. adenophyllum	Yes	Yes	Yes	Yes	Yes	Yes	No	Yes	No	No	No
SRR16988692	yHMPu5000037899_candida_koratica_180604	37899	Serinales	Candida koratica	NA	NA	NA	NA	NA	NA	NA	NA	NA	NA	NA	NA	NA	NA	NA	NA	NA	NA	NA	NA	NA	NA	NA	NA	NA	NA	NA	NA	NA	NA	NA	NA	NA	NA	NA	NA	NA	NA	NA	NA	NA	NA	NA	NA	NA	NA	NA
SRR16989043	yHMPu5000041851_candida_krabiensis_160928	41851	Pichiales	Candida krabiensis	Standard	Standard	0	1.03719268804341	0.61140127590618	0	NA	NA	NA	NA	NA	NA	NA	NA	NA	NA	NA	NA	NA	NA	NA	NA	NA	NA	NA	NA	NA	NA	NA	NA	NA	NA	NA	NA	NA	soil	Yes	Yes	No	No	No	No	No	No	No	No	No
SRR16989017	yHMPu5000038377_candida_kutaonensis_170713	38377	Serinales	Candida kutaoensis	Standard	Standard	0	0.486607066378833	0	1.0271427399846	Yes	Yes	Yes	Yes	Yes	Yes	Yes	NA	Yes	Yes	No	No	Yes	Yes	NA	No	Yes	Yes	Yes	Yes	Yes	Yes	NA	NA	NA	Yes	Yes	Yes	No	Frass of a C. pseudocerasus	Yes	Yes	No	No	No	No	Yes	No	Yes	Yes	Yes
SRR16988691	yHMPu5000037900_candida_labiduridarum_190924	37900	Serinales	Candida labiduridarum	Standard	Standard	0.350504925669653	0.346192824185931	0	0.357608047906887	NA	NA	NA	NA	NA	NA	NA	NA	NA	NA	NA	NA	NA	NA	NA	NA	NA	NA	NA	NA	NA	NA	NA	NA	NA	NA	NA	NA	NA	gut of an earwig (Dermaptera: Labiduridae)	Yes	Yes	No	No	No	No	Yes	No	Yes	Yes	Yes
SRR16988908	yHMPu5000040921_candida_lessepsii_201018	40921	Serinales	Candida lessepsii	Standard	Standard	0.606798267647847	0.543746256899612	0.301968235869609	0.521619659490495	Yes	Yes	Yes	Yes	Yes	Yes	Yes	Yes	Yes	No	Yes	Yes	Yes	Yes	No	Yes	Yes	Yes	Yes	Yes	Yes	Yes	Yes	Yes	Yes	No	Yes	Yes	Yes	gut of unidentified beetle	Yes	Yes	No	No	No	No	Yes	No	Yes	Yes	Yes
SRR16988907	yHMPu5000040922_candida_lundiana_201018	40922	Dipodascales	Candida lundiana	Standard	Specialist	0	0.364671040114922	0.378835455276386	0.951653711770919	Yes	Yes	Yes	Yes	Yes	Yes	Yes	Yes	Yes	Yes	No	Yes	Yes	Yes	No	Yes	Yes	Yes	Yes	Yes	Yes	Yes	Yes	No	NA	Yes	Yes	Yes	Yes	raw honey, Homotrigona fimbriata	Yes	Yes	No	No	No	No	Yes	No	Yes	Yes	Yes
SRR16989044	yHMPu5000041850_candida_lyxosophila_170307.haplomerger2	41850	Serinales	Candida lyxosophila	Standard	Standard	0.826032108505349	0.475661083351546	0	0.704398101792762	Yes	Yes	Yes	Yes	Yes	Yes	Yes	Yes	Yes	Yes	Yes	Yes	Yes	Yes	No	Yes	Yes	Yes	Yes	Yes	Yes	Yes	No	No	Yes	No	Yes	Yes	Yes	surface soil of woodland	Yes	Yes	No	No	No	No	No	No	No	No	No
SRR16989179	yHMPu5000038105_candida_maesa_201018	38105	Phaffomycetales	Candida maesae	Standard	Standard	0	0.29565040061891	0.972633579719926	0.806860424011888	Yes	Yes	Yes	Yes	Yes	Yes	Yes	Yes	Yes	No	Yes	No	Yes	Yes	Yes	No	Yes	Yes	Yes	Yes	No	No	Yes	No	Yes	No	No	Yes	Yes	leaf of Maesa japonica	Yes	Yes	Yes	Yes	Yes	Yes	No	Yes	No	No	No
SRR16974337	yHMPu5000034992_candida_maltosa_190924.haplomerger2	34992	Serinales	Candida maltosa	Standard	Standard	0.224333146683144	0.292099992102164	0.102588583793323	0.717287661004585	Yes	Yes	Yes	Yes	Yes	Yes	Yes	Yes	Yes	Yes	Yes	Yes	Yes	Yes	Yes	Yes	Yes	Yes	Yes	Yes	Yes	Yes	Yes	Yes	Yes	Yes	Yes	Yes	Yes	neutralizing tank for monosodium glutamate	Yes	Yes	No	No	No	No	No	No	No	No	No
SRR16989014	yHMPu5000038381_candida_manassasensis_170713	38381	Serinales	Candida manassasensis	Standard	Standard	0.807160478114689	1.49617504213742	0.631881817512988	1.18144296100505	NA	NA	NA	NA	NA	NA	NA	NA	NA	NA	NA	NA	NA	NA	NA	NA	NA	NA	NA	NA	NA	NA	NA	NA	NA	NA	NA	NA	NA	Gut of Xylopinus saperdioides (Coleoptera; Tenebrionidae)	Yes	Yes	No	No	No	No	Yes	No	Yes	Yes	Yes
SRR16988774	yHMPu5000037240_candida_sp_210210	37240	Serinales	Candida margitis	Generalist	Standard	0.474543904618578	0.532089700752237	0.252408139680259	0.381219785919004	Yes	Yes	Yes	Yes	Yes	Yes	Yes	Yes	Yes	Yes	Yes	Yes	Yes	Yes	NA	Yes	Yes	No	No	Yes	Yes	Yes	Yes	Yes	NA	Yes	Yes	Yes	Yes	M. fulvidus	Yes	Yes	No	No	No	No	Yes	No	Yes	Yes	Yes
SRR16974449	yHMPu5000034927_candida_maris_210210	34927	Pichiales	Candida maris	Specialist	Standard	0	0.915938770475705	0	0	Yes	Yes	Yes	Yes	Yes	Yes	Yes	Yes	Yes	Yes	No	Yes	No	Yes	Yes	No	No	No	No	No	Yes	No	Yes	No	No	No	Yes	No	No	sea water	Yes	Yes	No	No	No	No	No	No	No	No	No
SRR16989180	yHMPu5000038104_candida_mattranensis_170912	38104	Pichiales	Candida mattraensis	Standard	Generalist	0	0.507774703640426	0.290791935101238	0	Yes	Yes	Yes	Yes	Yes	Yes	Yes	Yes	Yes	Yes	Yes	Yes	Yes	Yes	Yes	Yes	No	Yes	Yes	No	Yes	Yes	NA	No	NA	Yes	Yes	No	No	Leaves	Yes	Yes	Yes	Yes	Yes	No	No	No	No	No	No
SRR16989181	yHMPu5000038103_candida_melibiosica_170912	38103	Serinales	Candida melibiosica	Standard	Standard	0.274802217243601	0.448163924139931	0	0.618265292084181	Yes	Yes	Yes	Yes	Yes	Yes	Yes	Yes	Yes	Yes	Yes	Yes	Yes	Yes	Yes	Yes	Yes	Yes	Yes	Yes	Yes	Yes	Yes	Yes	Yes	Yes	Yes	Yes	Yes	sputum	Yes	Yes	No	No	No	No	Yes	No	No	No	No
SRR16988690	yHMPu5000037901_candida_membranifaciens_180604	37901	Serinales	Candida membranifaciens	NA	NA	NA	NA	NA	NA	Yes	Yes	Yes	Yes	Yes	Yes	Yes	Yes	Yes	Yes	Yes	Yes	Yes	Yes	Yes	Yes	Yes	Yes	Yes	Yes	Yes	Yes	Yes	Yes	Yes	Yes	No	Yes	Yes	urine, of man with cystitis	Yes	Yes	No	No	No	No	Yes	No	No	No	No
SRR16974366	yHMPu5000034650_candida_mesenterica_180604	34650	Serinales	Candida mesenterica	NA	NA	NA	NA	NA	NA	Yes	Yes	Yes	Yes	Yes	Yes	Yes	No	Yes	Yes	No	Yes	Yes	Yes	Yes	No	Yes	Yes	Yes	Yes	Yes	Yes	Yes	No	Yes	Yes	No	Yes	Yes	beer pipes in brewery	Yes	Yes	No	No	No	No	No	No	No	No	No
SRR16974336	yHMPu5000034993_candida_metapsilosis_170307.haplomerger2	34993	Serinales	Candida metapsilosis	Standard	Standard	0.479910042679662	0.38146877935893	0.328686229005299	0.320192955608194	NA	NA	NA	NA	NA	NA	NA	NA	NA	NA	NA	NA	NA	NA	NA	NA	NA	NA	NA	NA	NA	NA	NA	NA	NA	NA	NA	NA	NA	human hand	Yes	Yes	No	No	No	No	Yes	No	No	No	No
SRR16974529	yHMPu5000026143_candida_methanosorbosa_160519	26143	Pichiales	Candida methanosorbosa	Standard	Generalist	0.253430259110305	0.251114491276387	0.21854829166512	0	Yes	Yes	Yes	Yes	Yes	Yes	Yes	Yes	Yes	Yes	Yes	Yes	Yes	Yes	Yes	Yes	No	Yes	Yes	No	Yes	Yes	Yes	Yes	Yes	Yes	Yes	No	No	soil	Yes	Yes	No	No	No	No	No	No	No	No	No
SRR16988689	yHMPu5000037902_candida_michaelii_180604	37902	Serinales	Candida michaelii	Standard	Standard	0.652749280152642	0.587050965279789	0.21080556159186	0.490881330632284	Yes	Yes	Yes	Yes	Yes	Yes	Yes	Yes	Yes	Yes	Yes	Yes	Yes	Yes	Yes	Yes	Yes	Yes	Yes	Yes	Yes	Yes	Yes	Yes	Yes	No	Yes	Yes	Yes	Amphix laevigatus (Endomychidae)	Yes	Yes	No	No	No	No	Yes	No	Yes	Yes	Yes
SRR16989011	yHMPu5000038383_candida_middelhoveniana_170713	38383	Serinales	Candida middelhoveniana	Standard	Standard	0.197483052123638	0.273585312240927	0	0.25430743909866	NA	NA	NA	NA	NA	NA	NA	NA	NA	NA	NA	NA	NA	NA	NA	NA	NA	NA	NA	NA	NA	NA	NA	NA	NA	NA	NA	NA	NA	rhizoplane of sugarcane	Yes	Yes	Yes	Yes	Yes	Yes	No	Yes	No	No	No
SRR16988864	yHMPu5000035706_candida_mogii_160613	35706	Serinales	Candida mogii	Standard	Standard	0.273295604711024	0.647990274250931	0.181463408728684	0.172002223723258	Yes	Yes	Yes	Yes	Yes	Yes	Yes	Yes	Yes	Yes	Yes	Yes	Yes	Yes	Yes	Yes	Yes	No	No	Yes	Yes	Yes	Yes	Yes	No	No	Yes	No	No	fuchu-miso	Yes	Yes	No	No	No	No	No	No	No	No	No
SRR16989045	yHMPu5000041849_candida_morakotiae_180604	41849	Serinales	Candida morakotiae	Standard	Standard	0.494189666373427	0.447411087596746	0	0.288572933673369	NA	NA	NA	NA	NA	NA	NA	NA	NA	NA	NA	NA	NA	NA	NA	NA	NA	NA	NA	NA	NA	NA	NA	NA	NA	NA	NA	NA	NA	fruit body of unidentified mushroom collected in thailand	Yes	Yes	No	No	No	No	No	No	No	No	No
SRR16988688	yHMPu5000037903_candida_multigemmis_180604	37903	Serinales	Candida multigemmis	NA	NA	NA	NA	NA	NA	Yes	Yes	Yes	Yes	Yes	Yes	Yes	No	No	No	Yes	Yes	Yes	Yes	Yes	Yes	Yes	No	No	Yes	Yes	Yes	Yes	Yes	No	Yes	No	Yes	No	fruit of Rubus idaeus (raspberry)	Yes	Yes	Yes	Yes	Yes	Yes	No	Yes	No	No	No
SRR16989009	yHMPu5000038385_candida_namnaoensis_170713	38385	Phaffomycetales	Candida namnaoensis	NA	NA	NA	NA	NA	NA	Yes	Yes	Yes	Yes	Yes	No	Yes	Yes	No	Yes	No	Yes	No	Yes	Yes	Yes	No	Yes	Yes	No	No	No	Yes	Yes	Yes	No	NA	No	No	Insect frass	Yes	Yes	No	No	No	No	Yes	No	Yes	Yes	Yes
SRR16974448	yHMPu5000034929_candida_nanaspora_170307	34929	Pichiales	Candida nanaspora	Standard	Generalist	0.495026289415336	0.340934930763692	0.418297675652344	0	Yes	Yes	Yes	Yes	Yes	Yes	Yes	Yes	Yes	Yes	Yes	Yes	Yes	Yes	Yes	Yes	No	No	No	No	Yes	No	Yes	No	No	No	Yes	No	No	male Cebus apella (ape)	Yes	Yes	No	No	No	No	Yes	No	No	No	No
SRR16974335	yHMPu5000034994_candida_neerlandica_190924	34994	Serinales	Candida neerlandica	Standard	Standard	0.361404955280147	0.418792071541519	0.387434171883673	0.521997917508989	Yes	Yes	Yes	Yes	Yes	Yes	Yes	Yes	Yes	Yes	Yes	Yes	Yes	Yes	Yes	Yes	Yes	Yes	Yes	Yes	Yes	Yes	Yes	Yes	Yes	No	No	No	No	pressed yeast	Yes	Yes	No	No	No	No	No	No	No	No	No
SRR16974460	yHMPu5000034917_candida_nemodendra_160519	34917	Pichiales	Candida nemodendra	Standard	Generalist	0.522161077385776	0.39050962308439	0.558705500493643	0	Yes	Yes	Yes	Yes	Yes	Yes	Yes	Yes	Yes	Yes	No	Yes	Yes	Yes	Yes	Yes	No	Yes	Yes	No	Yes	No	Yes	No	Yes	Yes	No	No	No	tunnel of Xyleborus aemulus (pin-borer beetle), in Rapanea melanophloeos	Yes	Yes	No	No	No	No	Yes	No	Yes	Yes	Yes
SRR16974462	yHMPu5000034916_candida_nitratophila_160519	34916	Pichiales	Candida nitratophila	Standard	Generalist	0.572413605777901	0.35300335098309	0.452193115148482	0	Yes	Yes	Yes	Yes	Yes	Yes	Yes	Yes	Yes	Yes	Yes	Yes	Yes	Yes	Yes	Yes	No	No	No	No	Yes	No	Yes	Yes	No	No	No	No	No	Dendroctonus monticolae (bark beetle), in Pinus ponderosa	Yes	Yes	No	No	No	No	Yes	No	Yes	Yes	Yes
SRR16989020	yHMPu5000038373_candida_nongkhaiensis_170713	38373	Serinales	Candida nongkhaiensis	Standard	Standard	0.119078507095089	0.501160886586635	0	0.458741571062048	Yes	Yes	Yes	Yes	Yes	Yes	Yes	NA	Yes	Yes	Yes	Yes	Yes	Yes	Yes	Yes	Yes	No	No	Yes	Yes	Yes	Yes	No	No	Yes	Yes	Yes	Yes	Insect frass	Yes	Yes	No	No	No	No	Yes	No	Yes	Yes	Yes
SRR16989183	yHMPu5000038099_candida_nonsorbophila_201018	38099	Serinales	Candida nonsorbophila	Standard	Standard	0.438228493102906	0.594311415729932	0.247455745024377	0.438284213589846	Yes	Yes	Yes	Yes	Yes	Yes	Yes	Yes	Yes	Yes	Yes	Yes	Yes	Yes	Yes	Yes	Yes	Yes	Yes	Yes	Yes	Yes	Yes	Yes	Yes	No	Yes	Yes	Yes	water Mangrove Forest	Yes	Yes	No	No	No	No	No	No	No	No	No
SRR16974427	yHMPu5000034954_candida_norvegica_201018	34954	Phaffomycetales	Candida norvegica	Standard	Standard	0	0.302305251773237	0.246612806639199	0	Yes	Yes	Yes	Yes	Yes	Yes	Yes	Yes	Yes	Yes	Yes	Yes	No	Yes	Yes	No	No	Yes	Yes	No	No	Yes	No	Yes	Yes	No	No	No	No	sputum	Yes	Yes	No	No	No	No	Yes	No	No	No	No
SRR16989185	yHMPu5000038098_candida_oceani_170912	38098	Serinales	Candida oceani	Standard	Standard	0.815465619653964	0.932211672862006	0.667677771927527	0.453273353620813	Yes	Yes	NA	Yes	NA	Yes	NA	Yes	Yes	Yes	Yes	Yes	Yes	Yes	NA	Yes	Yes	Yes	Yes	Yes	Yes	Yes	Yes	No	Yes	Yes	Yes	Yes	Yes	Deep-sea coral	Yes	Yes	No	No	No	No	Yes	No	No	No	No
SRR16988686	yHMPu5000037905_candida_odintsovae_180604	37905	Phaffomycetales	Candida odintsovae	Standard	Standard	0	0.723875981788155	0.458215076845979	0.913369242849938	Yes	Yes	Yes	Yes	Yes	Yes	Yes	Yes	Yes	Yes	Yes	Yes	Yes	Yes	Yes	No	Yes	Yes	Yes	Yes	Yes	Yes	Yes	Yes	Yes	No	Yes	Yes	Yes	sap of Betula verrucosa (birch tree)	Yes	Yes	Yes	Yes	Yes	Yes	No	Yes	No	No	No
SRR16988826	yHMPu5000035717_candida_orthopsilosis_180604.haplomerger2	35717	Serinales	Candida orthopsilosis	Standard	Standard	0.502393188016446	0	0.210318134264312	0.395943727474802	NA	NA	NA	NA	NA	NA	NA	NA	NA	NA	NA	NA	NA	NA	NA	NA	NA	NA	NA	NA	NA	NA	NA	NA	NA	NA	NA	NA	NA	tip of a catheter	Yes	Yes	No	No	No	No	Yes	No	No	No	No
SRR16989047	yHMPu5000041847_candida_ortonii_170713	41847	Pichiales	Candida ortonii	NA	NA	NA	NA	NA	NA	NA	NA	NA	NA	NA	NA	NA	NA	NA	NA	NA	NA	NA	NA	NA	NA	NA	NA	NA	NA	NA	NA	NA	NA	NA	NA	NA	NA	NA	flux of old fustic tree (Maclura tinctoria, Moraceae)	Yes	Yes	Yes	Yes	Yes	Yes	No	Yes	No	No	No
SRR16988699	yHMPu5000037893_candida_ovalis_170912	37893	Pichiales	Candida ovalis	Standard	Standard	0	0.284626983073385	0.116675356437944	0	Yes	Yes	Yes	Yes	Yes	Yes	Yes	Yes	Yes	Yes	Yes	Yes	Yes	Yes	Yes	No	No	Yes	Yes	No	Yes	Yes	Yes	Yes	Yes	Yes	Yes	No	No	soil	Yes	Yes	No	No	No	No	No	No	No	No	No
SRR16989022	yHMPu5000038371_candida_oxycetoniae_170713	38371	Serinales	Candida oxycetoniae	Specialist	Specialist	0	0	0	0	Yes	NA	Yes	Yes	Yes	Yes	Yes	NA	Yes	Yes	Yes	Yes	Yes	Yes	NA	Yes	Yes	Yes	No	Yes	Yes	No	NA	NA	NA	No	NA	No	Yes	gut of Oxycetonia jucunda	Yes	Yes	No	No	No	No	Yes	No	Yes	Yes	Yes
SRR16989124	yHMPu5000035328_candida_palmioleophila_180604	35328	Serinales	Candida palmioleophila	Generalist	Standard	0.999490733342966	1.28023115319755	0.925239103857991	1.11503223842249	Yes	Yes	Yes	Yes	Yes	Yes	Yes	Yes	Yes	Yes	No	Yes	Yes	Yes	Yes	Yes	Yes	No	No	Yes	Yes	Yes	Yes	Yes	Yes	No	Yes	Yes	Yes	soil	Yes	Yes	No	No	No	No	No	No	No	No	No
SRR16989196	yHMPu5000038086_Candida_palmyrensis_SPADES	38086	Serinales	Candida palmyrensis	Standard	Standard	1.02811639677446	0	0.383650112400205	0	Yes	Yes	Yes	Yes	Yes	Yes	Yes	Yes	Yes	Yes	Yes	Yes	Yes	No	Yes	Yes	No	No	No	No	Yes	No	No	No	No	No	NA	No	No	Ambrosia beetle (Xloterinus politus)	Yes	Yes	No	No	No	No	Yes	No	Yes	Yes	Yes
SRR16988804	yHMPu5000037211_candida_parablackwelliae_210210	37211	Serinales	Candida parablackwelliae	NA	NA	NA	NA	NA	NA	Yes	Yes	Yes	No	No	Yes	No	NA	Yes	Yes	Yes	Yes	Yes	Yes	Yes	Yes	Yes	Yes	Yes	Yes	Yes	Yes	No	No	Yes	No	Yes	Yes	Yes	rotting wood	Yes	Yes	Yes	Yes	Yes	Yes	No	No	No	No	No
SRR16988763	yHMPu5000037254_candida_parachauliodis_210210	37254	Serinales	Candida parachauliodis	Standard	Standard	0.488811592192859	0.509252480163997	0.13910273322377	0.418189190193559	Yes	Yes	Yes	Yes	Yes	Yes	Yes	Yes	Yes	Yes	Yes	Yes	Yes	Yes	NA	Yes	Yes	No	No	Yes	Yes	No	Yes	Yes	NA	Yes	Yes	Yes	Yes	beetle larva collected in Baotianman Mountain, Henan Province, China	Yes	Yes	No	No	No	No	Yes	No	Yes	Yes	Yes
SRR16974334	yHMPu5000034995_candida_parapsilosis_170307	34995	Serinales	Candida parapsilosis	Standard	Standard	0.672293307971834	0.432119859135085	0.52922740864542706	0.483195032655252	Yes	Yes	Yes	Yes	Yes	Yes	Yes	NA	Yes	Yes	Yes	Yes	Yes	Yes	Yes	Yes	Yes	No	No	Yes	Yes	Yes	Yes	Yes	No	Yes	NA	Yes	Yes	case of sprue	Yes	Yes	No	No	No	No	Yes	No	No	No	No
SRR16974536	yHDO589_candida_patagonica_180604	yHDO589	Dipodascales	Candida patagonica	NA	NA	NA	NA	NA	NA	Yes	Yes	Yes	No	NA	Yes	No	Yes	Yes	No	No	No	Yes	No	NA	Yes	Yes	No	No	Yes	No	No	No	NA	No	Yes	Yes	No	No	cellar surfaces	Yes	Yes	No	No	No	No	No	No	No	No	No
SRR16974592	yHMPu5000035260_candida_peoriensis_170713	35260	Phaffomycetales	Candida peoriensis	Standard	Generalist	0	0.982130971547236	0.800349701951298	0.884254843116256	Yes	Yes	NA	Yes	Yes	Yes	NA	Yes	Yes	Yes	Yes	Yes	Yes	Yes	No	No	Yes	Yes	Yes	Yes	Yes	Yes	NA	Yes	Yes	Yes	Yes	Yes	Yes	elm (Ulmus sp.) stump	Yes	Yes	Yes	Yes	Yes	Yes	No	Yes	No	No	No
SRR16989194	yHMPu5000038087_candida_phayaonensis_170912	38087	Pichiales	Candida phayaonensis	Standard	Standard	0	0.887947865820872	0	0	Yes	Yes	Yes	No	Yes	No	Yes	Yes	No	Yes	Yes	Yes	No	Yes	No	No	Yes	No	No	No	No	No	NA	No	NA	No	NA	No	No	soil	Yes	Yes	No	No	No	No	No	No	No	No	No
SRR16989024	yHMPu5000038370_candida_phyllophila_180604	38370	Serinales	Candida phyllophila	Standard	Standard	0.540709511761806	0.595259456592999	0.206048539778172	0.690851938699074	Yes	Yes	Yes	Yes	Yes	Yes	Yes	Yes	Yes	Yes	Yes	Yes	Yes	Yes	Yes	Yes	Yes	Yes	Yes	Yes	Yes	Yes	NA	Yes	NA	Yes	Yes	Yes	Yes	phylloplane of grape (Vitis vinifera)	Yes	Yes	Yes	Yes	Yes	Yes	No	Yes	No	No	No
SRR16974463	yHMPu5000034915_candida_piceae_170307	34915	Pichiales	Candida piceae	Standard	Standard	0	0.59906564942289	0.196431599797333	0	Yes	Yes	Yes	No	Yes	Yes	Yes	Yes	No	Yes	Yes	No	Yes	Yes	No	No	No	Yes	Yes	Yes	Yes	No	Yes	No	Yes	No	No	No	No	frass in insect tunnel in Picea sitchenkis (Sitka spruce tree)	Yes	Yes	No	No	No	No	Yes	No	Yes	Yes	Yes
SRR16989048	yHMPu5000041846_candida_picinguabensis_170307	41846	Serinales	Candida picinguabensis	Standard	Standard	0	0	0	0.627532898557739	NA	NA	NA	NA	NA	NA	NA	NA	NA	NA	NA	NA	NA	NA	NA	NA	NA	NA	NA	NA	NA	NA	NA	NA	NA	NA	NA	NA	NA	water accumulated in flower bracts of Heliconia velloziana (Heliconiaceae, Zingiberales)	Yes	Yes	No	No	No	No	No	No	No	No	No
SRR16974523	yHMPu5000026167_candida_pignaliae_201018	26167	Pichiales	Candida pignaliae	Standard	Generalist	0	0.373013639191753	0.250026587338166	0	Yes	Yes	Yes	Yes	Yes	Yes	Yes	Yes	Yes	Yes	Yes	Yes	Yes	Yes	Yes	No	No	Yes	Yes	No	Yes	No	Yes	Yes	Yes	Yes	No	No	No	vegetable tanning fluid	Yes	Yes	No	No	No	No	No	No	No	No	No
SRR16974464	yHMPu5000034913_candida_pini_160519	34913	Pichiales	Candida pini	Specialist	Standard	0	0.846000050514349	0	0	Yes	Yes	Yes	No	Yes	Yes	Yes	No	Yes	Yes	Yes	No	Yes	Yes	Yes	Yes	Yes	Yes	No	No	Yes	No	No	Yes	No	No	No	No	No	pine tree, water-logged heart of	Yes	Yes	Yes	Yes	Yes	Yes	No	No	No	No	No
SRR16989192	yHMPu5000038089_candida_pseudoaaseri_170912	38089	Serinales	Candida pseudoaaseri	Standard	Standard	1.0921205679055	0.439397866887639	0.741798733312434	1.18097704334508	Yes	Yes	NA	Yes	NA	Yes	NA	NA	Yes	NA	Yes	NA	Yes	Yes	NA	Yes	Yes	Yes	NA	Yes	NA	Yes	Yes	Yes	NA	No	NA	Yes	Yes	human blood sample	Yes	Yes	No	No	No	No	Yes	No	No	No	No
SRR16989191	yHMPu5000038090_candida_pseudocylindracea_210210	38090	Serinales	Candida pseudocylindracea	Standard	Standard	0.640381918438316	0.590662510422589	0.788785432521697	0	Yes	Yes	Yes	Yes	Yes	Yes	Yes	Yes	Yes	Yes	Yes	Yes	No	Yes	NA	Yes	No	No	No	No	No	Yes	NA	NA	NA	Yes	NA	No	No	rotting wood	Yes	Yes	Yes	Yes	Yes	Yes	No	No	No	No	No
SRR16988703	yHMPu5000037889_candida_pseudofarinosa_180604	37889	Serinales	Candida pseudofarinosa	Standard	Standard	0.542144110225022	0.744930436226758	0.579021513302456	0	NA	NA	NA	NA	NA	NA	NA	NA	NA	NA	NA	NA	NA	NA	NA	NA	NA	NA	NA	NA	NA	NA	NA	NA	NA	NA	NA	NA	NA	unknown	NA	NA	NA	NA	NA	NA	NA	NA	NA	NA	NA
SRR16989025	yHMPu5000038368_candida_pseudoflosculorum_170713	38368	Serinales	Candida pseudoflosculorum	Standard	Standard	0	0.417366065114106	0.0650021373329726	0.462209343785465	Yes	Yes	Yes	Yes	Yes	Yes	Yes	Yes	Yes	Yes	Yes	Yes	Yes	Yes	Yes	No	Yes	Yes	Yes	Yes	Yes	Yes	Yes	Yes	Yes	Yes	Yes	Yes	Yes	flower	Yes	Yes	Yes	Yes	Yes	Yes	No	No	No	No	No
SRR16974360	yHMPu5000034657_candida_pseudoglaebosa_170307	34657	Serinales	Candida pseudoglaebosa	Generalist	Standard	1.57750044428174	1.66163408548325	0.652640840968659	0.932113697678838	Yes	Yes	Yes	Yes	Yes	Yes	Yes	Yes	Yes	Yes	Yes	Yes	Yes	Yes	Yes	Yes	Yes	Yes	Yes	Yes	Yes	Yes	Yes	Yes	Yes	Yes	Yes	Yes	Yes	soil	Yes	Yes	No	No	No	No	No	No	No	No	No
SRR16988865	yHMPu5000035705_candida_pseudohaemulonii_160613	35705	Serinales	Candida pseudohaemuli	Standard	Standard	0	0.369545803577508	0.228654066886421	0.310818052893553	NA	NA	NA	NA	NA	NA	NA	NA	NA	NA	NA	NA	NA	NA	NA	NA	NA	NA	NA	NA	NA	NA	NA	NA	NA	NA	NA	NA	NA	blood of patient	Yes	Yes	No	No	No	No	Yes	No	No	No	No
SRR16974397	yHMPu5000034985_candida_pseudointermedia_160613	34985	Serinales	Candida pseudointermedia	Standard	Standard	0.320232823337574	0.342827839354521	0	0.773443137844391	Yes	Yes	Yes	No	Yes	Yes	Yes	Yes	Yes	Yes	Yes	Yes	Yes	Yes	Yes	Yes	Yes	Yes	Yes	Yes	Yes	Yes	Yes	Yes	Yes	Yes	Yes	Yes	Yes	kamaboko fish paste	Yes	Yes	No	No	No	No	No	No	No	No	No
SRR16989026	yHMPu5000038367_candida_pseudojiufengensis_170713	38367	Serinales	Candida pseudojiufengensis	Standard	Standard	0.523441603683372	0.823538018043279	0.580287948772353	0.834053640386121	Yes	NA	Yes	Yes	Yes	Yes	Yes	NA	Yes	Yes	Yes	Yes	Yes	Yes	NA	Yes	Yes	No	No	Yes	Yes	Yes	NA	NA	NA	Yes	NA	Yes	Yes	gut of Oxycetonia jucunda	Yes	Yes	No	No	No	No	Yes	No	Yes	Yes	Yes
SRR16989190	yHMPu5000038091_candida_pseudolambica_201018	38091	Pichiales	Candida pseudolambica	Standard	Standard	0	0.624202149942295	0.226629273683393	0	Yes	Yes	Yes	No	Yes	No	Yes	Yes	No	Yes	Yes	Yes	No	Yes	No	No	No	No	No	No	No	No	No	No	No	No	No	No	No	autumn silage	Yes	Yes	No	No	No	No	No	No	No	No	No
SRR16988767	yHMPu5000037250_candida_pseudoviswanathii_210210	37250	Serinales	Candida pseudoviswanathii	Standard	Standard	0.202084653906992	0.53938828607548	0.144543369140241	0.320273929601556	Yes	Yes	Yes	Yes	Yes	Yes	Yes	Yes	Yes	Yes	Yes	Yes	Yes	Yes	NA	Yes	Yes	Yes	Yes	Yes	Yes	Yes	No	Yes	Yes	Yes	Yes	NA	Yes	Gut of Dorcus curvidens	Yes	Yes	No	No	No	No	Yes	No	Yes	Yes	Yes
SRR16989028	yHMPu5000038364_Candida_qinlingensis_SPADES	38364	Phaffomycetales	Candida qinlingensis	Generalist	Generalist	0.344709971143178	0.314669475812044	0.466504483728825	0.34490285916609	Yes	Yes	No	Yes	No	No	No	NA	No	NA	Yes	Yes	Yes	Yes	Yes	Yes	No	No	Yes	Yes	No	No	No	Yes	Yes	No	No	No	No	soil	Yes	Yes	No	No	No	No	No	No	No	No	No
SRR16988704	yHMPu5000037888_candida_quercuum_170210	37888	Phaffomycetales	Candida quercuum	Standard	Standard	0	1.21552479228892	1.87126233857035	1.25258140163871	Yes	Yes	Yes	Yes	Yes	Yes	Yes	Yes	Yes	Yes	Yes	Yes	Yes	Yes	Yes	No	Yes	Yes	Yes	Yes	No	Yes	Yes	Yes	Yes	No	Yes	Yes	Yes	exudate of Quercus serrata (oak tree)	Yes	Yes	Yes	Yes	Yes	Yes	No	Yes	No	No	No
SRR16974383	yHMPu5000026056_candida_railenensis_201018	26056	Serinales	Candida railenensis	Standard	Standard	0.336787669833948	0.814286741044848	0.262804950317587	0.537698959313627	Yes	Yes	Yes	Yes	Yes	Yes	Yes	Yes	Yes	Yes	Yes	Yes	Yes	Yes	Yes	Yes	Yes	Yes	Yes	Yes	Yes	Yes	Yes	Yes	Yes	Yes	No	Yes	Yes	rotten trunk of Nothofagus dombeyii	Yes	Yes	Yes	Yes	Yes	Yes	No	Yes	No	No	No
SRR16988866	yHMPu5000035704_candida_rhizophorensis_160519	35704	Serinales	Candida rhizophorensis	Standard	Standard	0.401940506737633	0.405572140182471	0	0.633436326298695	Yes	Yes	NA	No	NA	Yes	NA	Yes	Yes	Yes	Yes	Yes	Yes	No	NA	Yes	Yes	Yes	Yes	Yes	Yes	Yes	NA	Yes	NA	Yes	NA	Yes	Yes	water sample Mangrove Station	Yes	Yes	No	No	No	No	No	No	No	No	No
SRR16989189	yHMPu5000038093_candida_rishiriensis_170912	38093	Pichiales	Candida rishiriensis	Specialist	Standard	0	0.268765118646401	0	0	NA	NA	NA	NA	NA	NA	NA	NA	NA	NA	NA	NA	NA	NA	NA	NA	NA	NA	NA	NA	NA	NA	NA	NA	NA	NA	NA	NA	NA	Soil in pinewood	Yes	Yes	No	No	No	No	No	No	No	No	No
SRR16988904	yHMPu5000040925_candida_robnettiae_201018	40925	Serinales	Candida robnettiae	NA	NA	NA	NA	NA	NA	Yes	Yes	Yes	Yes	Yes	Yes	Yes	Yes	Yes	Yes	Yes	Yes	Yes	Yes	Yes	Yes	Yes	No	No	Yes	Yes	Yes	Yes	No	No	Yes	Yes	Yes	Yes	flower	Yes	Yes	Yes	Yes	Yes	Yes	No	No	No	No	No
SRR16989049	yHMPu5000041843_candida_ruelliae_170713	41843	Serinales	Candida ruelliae	Standard	Standard	0.303121909754572	0.734357919656598	0	0.453712213660612	Yes	Yes	Yes	Yes	Yes	Yes	Yes	Yes	Yes	Yes	Yes	No	Yes	No	Yes	Yes	Yes	Yes	Yes	Yes	Yes	NA	Yes	Yes	Yes	Yes	Yes	Yes	No	flowers of the Ruellia species of the Acanthaceae family	Yes	Yes	Yes	Yes	Yes	Yes	No	Yes	No	No	No
SRR16974621	yHMPu5000034618_candida_rugopelliculosa_170307	34618	Pichiales	Candida rugopelliculosa	Standard	Standard	0	0.472663474186051	0	0	Yes	Yes	Yes	Yes	Yes	No	Yes	Yes	No	Yes	Yes	Yes	No	No	Yes	No	No	No	No	No	No	No	No	No	No	No	Yes	No	No	soybean-protein factory	Yes	Yes	No	No	No	No	No	No	No	No	No
SRR16989085	yHMPu5000035329_candida_saitoana_180604.haplomerger2	35329	Serinales	Candida saitoana	Standard	Standard	1.72759578449225	1.19227387017945	0.710867349760044	2.34281975050964	Yes	Yes	Yes	Yes	Yes	Yes	Yes	Yes	Yes	Yes	No	Yes	Yes	Yes	Yes	Yes	Yes	Yes	Yes	Yes	Yes	No	Yes	Yes	Yes	Yes	Yes	No	Yes	atmosphere	Yes	Yes	No	No	No	No	No	No	No	No	No
SRR16989030	yHMPu5000038362_candida_sakaeoensis_170713	38362	Serinales	Candida sakaeoensis	Standard	Standard	0.670517326753114	0.482494356128047	0	0	NA	NA	NA	NA	NA	NA	NA	NA	NA	NA	NA	NA	NA	NA	NA	NA	NA	NA	NA	NA	NA	NA	NA	NA	NA	NA	NA	NA	NA	leaves surface of Burma padauk tree (Pterocarpus indicus Willd., Family Fabaceae)	Yes	Yes	Yes	Yes	Yes	Yes	No	Yes	No	No	No
SRR16988708	yHMPu5000037885_candida_sake_170912	37885	Serinales	Candida sake	Standard	Standard	0.213329376225624	0.300757550630176	0	0.218039020533216	Yes	Yes	Yes	No	Yes	Yes	Yes	Yes	Yes	Yes	Yes	Yes	No	Yes	Yes	Yes	Yes	No	Yes	Yes	No	No	Yes	Yes	Yes	Yes	No	Yes	No	sake-moto, Japan	Yes	Yes	No	No	No	No	No	No	No	No	No
SRR16988784	yHMPu5000035304_candida_santamariae_180604	35304	Serinales	Candida santamariae	Standard	Standard	0	0.60046203517201	0.454495039359036	0	Yes	Yes	Yes	Yes	Yes	Yes	Yes	Yes	Yes	Yes	Yes	Yes	Yes	Yes	Yes	No	No	Yes	Yes	No	Yes	Yes	Yes	Yes	Yes	Yes	No	No	No	commercial sucrose	Yes	Yes	No	No	No	No	No	No	No	No	No
SRR16989072	yHMPu5000038350_candida_sanyaensis_180604.haplomerger2	38350	Serinales	Candida sanyaensis	Standard	Standard	0.336675401653478	0.260691099046409	0	0.589945178898331	Yes	Yes	Yes	No	Yes	Yes	Yes	Yes	Yes	Yes	Yes	Yes	Yes	Yes	Yes	Yes	Yes	Yes	No	Yes	Yes	Yes	Yes	No	Yes	Yes	Yes	Yes	Yes	soil	Yes	Yes	No	No	No	No	No	No	No	No	No
SRR16989071	yHMPu5000038351_candida_sanyiensis_170713	38351	Phaffomycetales	Candida sanyiensis	Standard	Standard	0	0.550326085223676	0.394364319680579	0	Yes	Yes	No	No	No	Yes	No	Yes	Yes	No	Yes	Yes	No	Yes	Yes	No	No	Yes	Yes	No	No	No	Yes	No	Yes	No	No	No	No	soil	Yes	Yes	No	No	No	No	No	No	No	No	No
SRR16989050	yHMPu5000041842_candida_saopaulonensis_190924	41842	Serinales	Candida saopauloensis	Standard	Standard	0.209696061456405	0.62847123651554	0	0.520815142030753	NA	NA	NA	NA	NA	NA	NA	NA	NA	NA	NA	NA	NA	NA	NA	NA	NA	NA	NA	NA	NA	NA	NA	NA	NA	NA	NA	NA	NA	accumulated water in the flower bracts of Heliconia velloziana (Heliconiaceaea, Zingiberales)	Yes	Yes	No	No	No	No	No	No	No	No	No
SRR16974562	yHMPu5000034647_candida_savonica_180604	34647	Serinales	Candida savonica	NA	NA	NA	NA	NA	NA	Yes	Yes	Yes	Yes	Yes	Yes	Yes	No	Yes	Yes	Yes	Yes	Yes	Yes	Yes	Yes	No	Yes	Yes	No	Yes	Yes	Yes	No	Yes	No	No	No	No	Betula sp. (birch tree)	Yes	Yes	Yes	Yes	Yes	Yes	No	Yes	No	No	No
SRR16988950	yHMPu5000040909_suhomyces_sequanensis_200128	40909	Serinales	Candida sequanensis	Standard	Standard	0.541046534934738	0.746012176774103	0.381629966371188	0.283432752639529	Yes	Yes	Yes	Yes	Yes	Yes	Yes	No	Yes	Yes	Yes	Yes	Yes	Yes	Yes	Yes	No	Yes	Yes	Yes	Yes	Yes	Yes	Yes	Yes	No	No	No	No	grain of Avena sp. (oats)	Yes	Yes	Yes	Yes	Yes	Yes	No	Yes	No	No	No
SRR16974398	yHMPu5000034984_candida_sharkiensis_160519	34984	Serinales	Candida sharkensis	Specialist	Specialist	0	0	0	0	Yes	Yes	NA	Yes	NA	Yes	NA	Yes	Yes	Yes	Yes	Yes	Yes	Yes	NA	Yes	Yes	Yes	Yes	Yes	No	Yes	NA	Yes	NA	Yes	NA	Yes	Yes	Station 3 (25°47′N, 80°85′W), Collection 8 (8 Sept 2004) Sawgrass Station	NA	NA	NA	NA	NA	NA	NA	NA	NA	NA	NA
SRR16989012	yHMPu5000035333_candida_silvanorum_170713	35333	Serinales	Candida silvanorum	Standard	Standard	0.533159246595792	0.671611374078571	0.243495548234268	0.463392866330775	Yes	Yes	Yes	Yes	Yes	Yes	Yes	Yes	Yes	Yes	Yes	Yes	Yes	Yes	Yes	Yes	Yes	Yes	Yes	Yes	Yes	Yes	Yes	Yes	Yes	Yes	Yes	Yes	Yes	tunnel of Xylion adustum, in Peltophorum africanum	Yes	Yes	No	No	No	No	Yes	No	Yes	Yes	Yes
SRR16974563	yHMPu5000035262_candida_silvicultrix_170307	35262	Phaffomycetales	Candida silvicultrix	Standard	Standard	0.510823163195294	0.44995184232136	0	0.282669596422073	Yes	Yes	Yes	Yes	Yes	Yes	Yes	Yes	Yes	Yes	Yes	Yes	Yes	Yes	Yes	Yes	Yes	Yes	Yes	Yes	Yes	Yes	Yes	Yes	Yes	No	Yes	Yes	Yes	Tunnels of Sinoxylon ruficorne in Acacia karroo	Yes	Yes	No	No	No	No	Yes	No	Yes	Yes	Yes
SRR16988709	yHMPu5000037884_candida_sithepensis_170912	37884	Pichiales	Candida sithepensis	Standard	Standard	0.443643431720906	0.823554998860256	0	0	NA	NA	NA	NA	NA	NA	NA	NA	NA	NA	NA	NA	NA	NA	NA	NA	NA	NA	NA	NA	NA	NA	NA	NA	NA	NA	NA	NA	NA	soil	Yes	Yes	No	No	No	No	No	No	No	No	No
SRR16989069	yHMPu5000038353_candida_smagusa_170713	38353	Serinales	Candida smagusa	Standard	Standard	0	1.42739669449271	0.462875204148901	0.931630761113208	Yes	Yes	Yes	Yes	Yes	Yes	No	Yes	Yes	No	Yes	No	Yes	No	No	No	Yes	Yes	Yes	Yes	Yes	Yes	No	No	Yes	No	No	Yes	Yes	fruiting body of an unidentified mushroom	Yes	Yes	No	No	No	No	No	No	No	No	No
SRR16974333	yHMPu5000034996_candida_sojae_SPADES	34996	Serinales	Candida sojae	Standard	Standard	0.571078711202301	0.23176963353922	0	0.420069286322575	Yes	Yes	Yes	Yes	Yes	Yes	Yes	Yes	Yes	Yes	Yes	Yes	Yes	Yes	Yes	Yes	Yes	Yes	Yes	Yes	Yes	Yes	No	No	Yes	Yes	Yes	Yes	Yes	water-soluble extract of defatted soya beans	Yes	Yes	No	No	No	No	No	No	No	No	No
SRR16974561	yHMPu5000035263_Candida_solani_SPADES	35263	Phaffomycetales	Candida solani	NA	NA	NA	NA	NA	NA	Yes	Yes	Yes	Yes	Yes	No	Yes	Yes	Yes	Yes	Yes	Yes	Yes	Yes	Yes	No	Yes	Yes	Yes	Yes	No	No	Yes	Yes	Yes	Yes	No	Yes	Yes	potato-flour mill	Yes	Yes	No	No	No	No	No	No	No	No	No
SRR16974380	yHMPu5000026071_candida_songkhlaensis_170912	26071	Serinales	Candida songkhlaensis	Generalist	Standard	0.656873477199777	0.607255692624524	0.403707085289885	0.448204360354895	Yes	Yes	Yes	Yes	Yes	Yes	Yes	NA	Yes	Yes	Yes	Yes	Yes	Yes	Yes	Yes	Yes	Yes	Yes	Yes	Yes	Yes	Yes	Yes	NA	No	NA	Yes	Yes	Insect frass	Yes	Yes	No	No	No	No	Yes	No	Yes	Yes	Yes
SRR16974465	yHMPu5000034912_candida_sonorensis_160519	34912	Pichiales	Candida sonorensis	Standard	Standard	0	0.397080791949354	0	0.0459757367340463	Yes	Yes	Yes	Yes	Yes	Yes	Yes	Yes	Yes	Yes	Yes	Yes	No	Yes	Yes	No	No	Yes	Yes	No	Yes	No	Yes	No	Yes	No	Yes	No	No	Lamaireocereus thurberi (organ-pipe cactus)	Yes	Yes	Yes	Yes	Yes	Yes	No	Yes	No	No	No
SRR16989087	yHMPu5000041832_candida_sophiae-reginae_170307	41832	Serinales	Candida sophiae-reginae	Standard	Standard	0.524701654118615	0.150576521854767	0.249021391191076	0.32686065984899	Yes	Yes	Yes	Yes	Yes	Yes	Yes	No	Yes	Yes	Yes	Yes	Yes	No	Yes	Yes	Yes	No	No	Yes	Yes	Yes	Yes	No	No	Yes	No	Yes	Yes	rotten trunk of Laurelia sempervirens	Yes	Yes	Yes	Yes	Yes	Yes	No	Yes	No	No	No
SRR16988711	yHMPu5000037882_candida_sorboxylosa_180604.haplomerger2	37882	Pichiales	Candida sorboxylosa	Standard	Standard	0	0.282261562721122	0	0	Yes	Yes	Yes	Yes	Yes	No	Yes	Yes	No	Yes	Yes	Yes	No	Yes	No	No	No	No	No	No	No	Yes	Yes	No	No	Yes	Yes	No	No	fruit of Ananas comosus (pineapple)	Yes	Yes	Yes	Yes	Yes	Yes	No	Yes	No	No	No
SRR16974411	yHMPu5000034970_Candida_sp._SPAdes	34970	Phaffomycetales	Candida sp.	Standard	Standard	0	0.770635737393546	0.979335317377635	0.729413623074389	NA	NA	NA	NA	NA	NA	NA	NA	NA	NA	NA	NA	NA	NA	NA	NA	NA	NA	NA	NA	NA	NA	NA	NA	NA	NA	NA	NA	NA	NA	NA	NA	NA	NA	NA	NA	NA	NA	NA	NA	NA
SRR16974560	yHMPu5000035265_Candida_sp_SPADES	35265	Phaffomycetales	Candida sp.	Standard	Generalist	0	1.0461983255257301	0.9645167950448	1.21079846642139	NA	NA	NA	NA	NA	NA	NA	NA	NA	NA	NA	NA	NA	NA	NA	NA	NA	NA	NA	NA	NA	NA	NA	NA	NA	NA	NA	NA	NA	among the mycangial fungi of X. glabratus	Yes	Yes	No	No	No	No	Yes	No	Yes	Yes	Yes
SRR16974511	yHMPu5000026270_Candida_sp._SPAdes	26270	Pichiales	Candida sp.	Specialist	Standard	0.310619415350309	0.499250552981726	0	0	NA	NA	NA	NA	NA	NA	NA	NA	NA	NA	NA	NA	NA	NA	NA	NA	NA	NA	NA	NA	NA	NA	NA	NA	NA	NA	NA	NA	NA	unknown	NA	NA	NA	NA	NA	NA	NA	NA	NA	NA	NA
SRR16974439	yHDO569_candida_sp_180604	yHDO569	Serinales	Candida sp.	NA	NA	NA	NA	NA	NA	NA	NA	NA	NA	NA	NA	NA	NA	NA	NA	NA	NA	NA	NA	NA	NA	NA	NA	NA	NA	NA	NA	NA	NA	NA	NA	NA	NA	NA	Flower (Hibiscus sp.)	Yes	Yes	Yes	Yes	Yes	Yes	No	Yes	No	No	No
SRR16974493	yHKB357_New_Genus_SPADES	yHKB357	Serinales	Candida sp.	NA	NA	NA	NA	NA	NA	NA	NA	NA	NA	NA	NA	NA	NA	NA	NA	NA	NA	NA	NA	NA	NA	NA	NA	NA	NA	NA	NA	NA	NA	NA	NA	NA	NA	NA	Blueberry	Yes	Yes	Yes	Yes	Yes	Yes	No	Yes	No	No	No
SRR16974548	yHMPu5000035276_Candida_spandovensis_SPADES	35276	Dipodascales	Candida spandovensis	Standard	Standard	0.4343446920205	0.368422355094067	0.132747252506904	0	Yes	Yes	Yes	Yes	Yes	Yes	Yes	Yes	Yes	Yes	Yes	Yes	No	Yes	Yes	Yes	Yes	No	No	No	Yes	Yes	No	No	NA	Yes	No	No	No	pilsner beer	Yes	Yes	No	No	No	No	No	No	No	No	No
SRR16974606	yHMPu5000035245_candida_spencermartinsiae_170307	35245	Serinales	Candida spencermartinsiae	Standard	Standard	0.539217148759673	0.449382162356518	0.446378603279908	0.464393971384901	Yes	Yes	NA	Yes	NA	Yes	NA	NA	Yes	Yes	Yes	No	Yes	Yes	NA	Yes	Yes	Yes	Yes	Yes	Yes	Yes	NA	Yes	NA	Yes	NA	Yes	Yes	sea water	Yes	Yes	No	No	No	No	No	No	No	No	No
SRR16988956	yHMPu5000040776_candida_sphagnicola_201018	40776	Serinales	Candida sphagnicola	Standard	Standard	0.80310584266725	1.00296251061473	0.662583081205477	0.657955457945386	NA	NA	NA	NA	NA	NA	NA	NA	NA	NA	NA	NA	NA	NA	NA	NA	NA	NA	NA	NA	NA	NA	NA	NA	NA	NA	NA	NA	NA	Sphagnum girgensohnii Russ.	Yes	Yes	Yes	Yes	No	No	No	No	No	No	No
SRR16989198	yHMPu5000038084_candida_stauntonica_170912	38084	Phaffomycetales	Candida stauntonica	Standard	Specialist	0	0.555744383945419	0.280534871452786	0.274730036554217	Yes	Yes	Yes	Yes	Yes	Yes	Yes	Yes	Yes	Yes	Yes	Yes	Yes	Yes	Yes	Yes	Yes	Yes	Yes	Yes	No	No	Yes	Yes	Yes	Yes	Yes	Yes	Yes	leaf of Stauntonia purpurea	Yes	Yes	Yes	Yes	Yes	Yes	No	Yes	No	No	No
SRR16989199	yHMPu5000038083_candida_subhashii_180604.haplomerger2	38083	Serinales	Candida subhashii	Generalist	Standard	0.653312537385637	0.594532448154665	0	0.789605487202937	NA	NA	NA	NA	NA	NA	NA	NA	NA	NA	NA	NA	NA	NA	NA	NA	NA	NA	NA	NA	NA	NA	NA	NA	NA	NA	NA	NA	NA	peritoneal dialysis fluid 69-year-old man with end-stage renal failure	Yes	Yes	No	No	No	No	Yes	No	No	No	No
SRR16989068	yHMPu5000038354_candida_succicola_170912	38354	Serinales	Candida succicola	Standard	Standard	0	0.379394206546634	0	0.624626050454925	Yes	Yes	Yes	Yes	Yes	Yes	Yes	Yes	Yes	Yes	NA	Yes	Yes	Yes	Yes	Yes	Yes	No	No	Yes	Yes	Yes	Yes	No	No	Yes	Yes	Yes	Yes	Exudate of Ficus racemosa Linn.	Yes	Yes	Yes	Yes	Yes	Yes	No	Yes	No	No	No
SRR16974469	yHMPu5000034906_candida_succiphila_160519	34906	Pichiales	Candida succiphila	Standard	Specialist	0.977782879553781	0	0.302216927344283	0	Yes	Yes	No	Yes	No	Yes	Yes	NA	Yes	Yes	Yes	Yes	Yes	Yes	Yes	Yes	No	Yes	Yes	No	Yes	No	Yes	No	Yes	Yes	NA	No	No	sap of Amygdalus persica (peach tree)	Yes	Yes	Yes	Yes	Yes	Yes	No	Yes	No	No	No
SRR16989067	yHMPu5000038355_candida_suratensis_170713	38355	Serinales	Candida suratensis	Generalist	Standard	0.469962313735109	0.772800948875418	0.352080256464018	0.59216613326848	Yes	Yes	Yes	Yes	Yes	Yes	Yes	Yes	Yes	No	Yes	Yes	Yes	Yes	Yes	Yes	Yes	NA	Yes	No	Yes	Yes	NA	Yes	NA	Yes	NA	Yes	Yes	decayed leaf in water in mangrove forest	Yes	Yes	Yes	No	No	No	No	No	No	No	No
SRR16988902	yHMPu5000040928_candida_suthepensis_201018	40928	Dipodascales	Candida suthepensis	Standard	Standard	0	0.492747422625661	0	1.22976182143096	Yes	Yes	Yes	Yes	Yes	Yes	Yes	Yes	Yes	Yes	No	Yes	Yes	Yes	Yes	Yes	Yes	Yes	Yes	Yes	Yes	Yes	Yes	Yes	NA	Yes	Yes	No	Yes	Raw Honey, Apis cerana	No	No	No	No	No	No	No	No	No	No	No
SRR16974699	yHMPu5000034870_candida_suzukii_160519	34870	Pichiales	Candida suzukii	Standard	Generalist	0.610535939401535	0.662502782070646	0.451046980202872	0	Yes	Yes	Yes	No	No	Yes	Yes	Yes	No	NA	No	No	Yes	Yes	No	Yes	No	No	No	No	Yes	No	Yes	No	No	Yes	No	No	No	bark of an unidentified tree	Yes	Yes	Yes	Yes	Yes	Yes	No	No	No	No	No
SRR16989201	yHMPu5000038081_candida_takata_180604	38081	Phaffomycetales	Candida takata	Standard	Standard	0	0.898509516706874	1.33071808667465	0.188834174587649	Yes	Yes	Yes	Yes	No	Yes	No	No	Yes	No	Yes	No	No	No	Yes	No	No	Yes	Yes	No	No	No	No	No	Yes	No	No	No	No	soil	Yes	Yes	No	No	No	No	No	No	No	No	No
SRR16989202	yHMPu5000038080_candida_tallmaniae_201018	38080	Serinales	Candida tallmaniae	Standard	Standard	0.866493263687438	0.736870568099042	0	0.798124552009615	Yes	Yes	Yes	Yes	Yes	Yes	Yes	Yes	Yes	Yes	Yes	Yes	Yes	Yes	Yes	Yes	Yes	Yes	Yes	Yes	Yes	Yes	Yes	Yes	Yes	Yes	No	Yes	Yes	flower	Yes	Yes	Yes	Yes	Yes	Yes	No	No	No	No	No
SRR16989203	yHMPu5000038079_Candida_tanticharoeniae_SPADES	38079	Serinales	Candida tanticharoeniae	Specialist	Specialist	0.554526198113479	0	0	0	Yes	Yes	Yes	Yes	Yes	Yes	Yes	Yes	Yes	Yes	Yes	Yes	Yes	No	No	Yes	No	Yes	Yes	No	Yes	Yes	Yes	Yes	Yes	Yes	No	No	No	Insect frass	Yes	Yes	No	No	No	No	Yes	No	Yes	Yes	Yes
SRR16989204	yHMPu5000038078_candida_taoyuanica_170912	38078	Phaffomycetales	Candida taoyuanica	Standard	Standard	0	0.22216823902072	0.346778784550853	0.231335753954929	Yes	Yes	Yes	Yes	Yes	Yes	Yes	Yes	Yes	Yes	Yes	Yes	Yes	Yes	Yes	No	Yes	Yes	Yes	Yes	No	No	Yes	Yes	Yes	No	Yes	Yes	Yes	soil	Yes	Yes	No	No	No	No	No	No	No	No	No
SRR16989057	yHMPu5000041834_candida_taylori_170912	41834	Serinales	Candida taylorii	Standard	Standard	0.600337020132468	0.813429204271754	0	0.692193990256643	Yes	Yes	NA	Yes	NA	Yes	NA	Yes	Yes	Yes	Yes	Yes	Yes	Yes	NA	Yes	Yes	Yes	Yes	Yes	Yes	Yes	NA	Yes	NA	Yes	Yes	Yes	Yes	marine	Yes	Yes	No	No	No	No	No	No	No	No	No
SRR16988825	yHMPu5000035718_Candida_tetrigidarum_SPADES.haplomerger2	35718	Serinales	Candida tetrigidarum	NA	NA	NA	NA	NA	NA	NA	NA	NA	NA	NA	NA	NA	NA	NA	NA	NA	NA	NA	NA	NA	NA	NA	NA	NA	NA	NA	NA	NA	NA	NA	NA	NA	NA	NA	Gut of unidentified tetrigid (Orthoptera:Tetrigidae) ex shrubs	Yes	Yes	No	No	No	No	Yes	No	Yes	Yes	Yes
SRR16989066	yHMPu5000038356_candida_thailandica_170912	38356	Serinales	Candida thailandica	Standard	Standard	0.592992955559824	0.64349541106333	0	0.401117758194314	Yes	Yes	Yes	No	Yes	Yes	Yes	Yes	Yes	No	Yes	Yes	Yes	Yes	Yes	Yes	Yes	Yes	Yes	Yes	Yes	Yes	NA	Yes	NA	Yes	NA	Yes	Yes	Insect frass	Yes	Yes	No	No	No	No	Yes	No	Yes	Yes	Yes
SRR16989205	yHMPu5000038077_candida_thaimueangensis_170912.haplomerger2	38077	Pichiales	Candida thaimueangensis	Specialist	Standard	0	1.35672084180714	0	0	Yes	Yes	Yes	Yes	Yes	NA	Yes	Yes	No	Yes	No	Yes	No	No	No	No	No	No	NA	No	NA	No	NA	No	NA	No	Yes	No	NA	water in a mangrove forest in Thailand	Yes	Yes	No	No	No	No	No	No	No	No	No
SRR16989065	yHMPu5000038357_candida_theae_180604.haplomerger2	38357	Serinales	Candida theae	Standard	Standard	0.239199079241987	0.2212648401936	0	0.172209698000488	Yes	Yes	Yes	Yes	Yes	Yes	Yes	Yes	Yes	No	No	Yes	Yes	Yes	Yes	Yes	Yes	No	No	Yes	Yes	Yes	No	Yes	Yes	Yes	Yes	Yes	Yes	tea can	Yes	Yes	No	No	No	No	No	No	No	No	No
SRR16974375	yHMPu5000026114_candida_tibetensis_210210	26114	Serinales	Candida tibetensis	NA	NA	NA	NA	NA	NA	Yes	Yes	Yes	Yes	Yes	Yes	Yes	No	Yes	Yes	Yes	Yes	Yes	Yes	NA	Yes	Yes	Yes	Yes	Yes	Yes	Yes	NA	NA	NA	No	NA	Yes	Yes	flower of an unidentified plant collected in Linzhi District, Tibet.	Yes	Yes	Yes	Yes	Yes	Yes	No	No	No	No	No
SRR16989055	yHMPu5000041838_candida_tolerans_180604	41838	Serinales	Candida tolerans	Standard	Standard	0.138341736464912	0.584878683797307	0.7971587958839	1.11161334094965	Yes	Yes	Yes	Yes	Yes	Yes	Yes	Yes	Yes	Yes	Yes	Yes	Yes	Yes	No	No	Yes	No	No	Yes	Yes	Yes	Yes	Yes	NA	Yes	Yes	No	No	flower of Hibiscus riceae	Yes	Yes	Yes	Yes	Yes	Yes	No	Yes	No	No	No
SRR16989061	yHMPu5000038359_candida_touchengensis_170713	38359	Serinales	Candida touchengensis	Standard	Standard	0.142198841668759	0.284229200083344	0.169253188351454	0.205985428373042	Yes	Yes	Yes	Yes	NA	Yes	NA	Yes	Yes	No	Yes	Yes	Yes	Yes	Yes	Yes	Yes	Yes	Yes	Yes	No	No	No	No	Yes	Yes	Yes	Yes	Yes	soil	Yes	Yes	No	No	No	No	No	No	No	No	No
SRR16974331	yHMPu5000034997_candida_tropicalis_160519.haplomerger2	34997	Serinales	Candida tropicalis	Standard	Standard	0.337834182471811	0.40857942325338	0	0.377205122593046	Yes	Yes	Yes	Yes	Yes	Yes	Yes	NA	Yes	Yes	Yes	Yes	Yes	Yes	Yes	Yes	Yes	Yes	No	Yes	Yes	Yes	No	Yes	No	Yes	NA	Yes	Yes	bronchitic patient	Yes	Yes	No	No	No	No	Yes	No	No	No	No
SRR16988721	yHMPu5000037871_Candida_trypodendroni_SPADES	37871	Serinales	Candida trypodendri	NA	NA	NA	NA	NA	NA	Yes	Yes	Yes	Yes	Yes	Yes	Yes	Yes	Yes	Yes	NA	Yes	Yes	Yes	Yes	Yes	Yes	Yes	Yes	Yes	Yes	Yes	Yes	Yes	Yes	No	No	Yes	Yes	Trypodendron lineatum (ambrosia beetle)	Yes	Yes	No	No	No	No	Yes	No	Yes	Yes	Yes
SRR16974399	yHMPu5000034983_candida_tsuchiyae_210210	34983	Serinales	Candida tsuchiyae	Standard	Standard	0	0.687979750658078	0.25921862246835	0.40717556348206	Yes	Yes	Yes	Yes	Yes	Yes	Yes	No	Yes	Yes	Yes	Yes	Yes	No	Yes	No	Yes	No	No	Yes	Yes	Yes	Yes	Yes	No	Yes	No	Yes	Yes	moss	Yes	Yes	Yes	Yes	No	No	No	No	No	No	No
SRR16974503	yHDO601_candida_tunisiensis_180604	yHDO601	Dipodascales	Candida tunisiensis	NA	NA	NA	NA	NA	NA	Yes	Yes	Yes	Yes	No	No	No	Yes	No	NA	Yes	Yes	Yes	No	No	Yes	Yes	Yes	Yes	Yes	No	No	No	Yes	Yes	Yes	Yes	Yes	No	50-year-old male that suffered oral thrush	Yes	Yes	No	No	No	No	Yes	No	No	No	No
SRR16974400	yHMPu5000034982_candida_ubatubensis_160519	34982	Serinales	Candida ubatubensis	Standard	Standard	0.210592133950688	0.862754616959242	0.142455836485931	0.700805543165593	NA	NA	NA	NA	NA	NA	NA	NA	NA	NA	NA	NA	NA	NA	NA	NA	NA	NA	NA	NA	NA	NA	NA	NA	NA	NA	NA	NA	NA	fromwater tanks of a bromeliad (Canistropis seidelii)	Yes	Yes	Yes	Yes	Yes	Yes	No	Yes	No	No	No
SRR16989208	yHMPu5000038075_candida_ulmi_170912	38075	Phaffomycetales	Candida ulmi	Standard	Generalist	0	0.3180963342623	0.459306222640258	0.287379680928808	Yes	Yes	Yes	Yes	Yes	Yes	Yes	Yes	Yes	Yes	Yes	Yes	Yes	Yes	Yes	No	Yes	Yes	Yes	Yes	No	Yes	No	Yes	Yes	No	Yes	Yes	Yes	frass insect tunnels in Ulmus sp. (elm)	Yes	Yes	No	No	No	No	Yes	No	Yes	Yes	Yes
SRR16989209	yHMPu5000038074_candida_vaughaniae_170912	38074	Serinales	Candida vaughaniae	Standard	Standard	0.832120836648717	0.354998096324834	0.477481728059165	0.454233626056898	Yes	Yes	Yes	Yes	Yes	Yes	Yes	Yes	Yes	Yes	Yes	Yes	Yes	Yes	Yes	Yes	Yes	Yes	Yes	Yes	Yes	Yes	Yes	Yes	Yes	Yes	Yes	Yes	Yes	Flower	Yes	Yes	Yes	Yes	Yes	Yes	No	No	No	No	No
SRR16989060	yHMPu5000038360_candida_verbasci_170713	38360	Serinales	Candida verbasci	Standard	Standard	0.326015609009385	0.408129323390139	0.413346273123738	0.269108452726917	Yes	Yes	Yes	Yes	No	NA	No	Yes	Yes	Yes	Yes	Yes	No	Yes	NA	Yes	Yes	No	Yes	Yes	No	Yes	No	NA	Yes	No	NA	Yes	No	Verbascum flower	Yes	Yes	Yes	Yes	Yes	Yes	No	Yes	No	No	No
SRR16989073	yHMPu5000038349_candida_viswanathii_170713.haplomerger2	38349	Serinales	Candida viswanathii	Standard	Standard	0.411445947591081	0.345852232785203	0.0781457061635572	0.656174723763184	Yes	Yes	Yes	Yes	Yes	Yes	Yes	Yes	Yes	Yes	Yes	Yes	Yes	Yes	Yes	Yes	Yes	Yes	Yes	Yes	Yes	Yes	Yes	Yes	Yes	No	Yes	Yes	Yes	cerebro-spinal fluid, meningitis patient	Yes	Yes	No	No	No	No	Yes	No	No	No	No
SRR16989075	yHMPu5000038348_candida_vitiphila_170713	38348	Serinales	Candida vitiphila	Standard	Standard	0.236065090607135	0.597505064515525	0	0.306765200712548	Yes	Yes	Yes	Yes	Yes	Yes	Yes	Yes	Yes	Yes	Yes	Yes	Yes	Yes	Yes	Yes	Yes	Yes	Yes	Yes	Yes	Yes	NA	Yes	NA	Yes	Yes	Yes	Yes	phylloplane of grape (Vitis vinifera)	Yes	Yes	Yes	Yes	Yes	Yes	No	Yes	No	No	No
SRR16988790	yHMPu5000037224_candida_vulturna_210210	37224	Serinales	Candida vulturna	NA	NA	NA	NA	NA	NA	Yes	Yes	Yes	Yes	No	Yes	No	Yes	Yes	No	Yes	Yes	Yes	No	Yes	Yes	Yes	Yes	No	Yes	Yes	Yes	Yes	Yes	Yes	No	Yes	Yes	Yes	flower in Cagayan de Oro, The Philippines	Yes	Yes	Yes	Yes	Yes	Yes	No	No	No	No	No
SRR16988766	yHMPu5000037251_candida_xiaguanesis_210210	37251	Serinales	Candida xiaguanensis	NA	NA	NA	NA	NA	NA	Yes	Yes	Yes	Yes	Yes	Yes	Yes	Yes	Yes	Yes	Yes	Yes	Yes	Yes	NA	Yes	Yes	Yes	No	Yes	Yes	Yes	Yes	Yes	NA	Yes	Yes	Yes	Yes	A. corpulenta	Yes	Yes	No	No	No	No	Yes	No	Yes	Yes	Yes
SRR16989218	yHMPu5000038063_candida_xylanilytica_180604.haplomerger2	38063	Serinales	Candida xylanilytica	Standard	Specialist	0	0.792785808192432	0	0.551461082520142	Yes	Yes	Yes	Yes	Yes	Yes	Yes	NA	Yes	Yes	No	Yes	Yes	Yes	No	No	Yes	Yes	Yes	Yes	Yes	No	No	Yes	Yes	No	NA	Yes	Yes	decayed corn cobs	Yes	Yes	Yes	Yes	Yes	Yes	No	Yes	No	No	No
SRR16988820	yHMPu5000036579_candida_xyloterini_170912	36579	Pichiales	Candida xyloterini	Specialist	Specialist	0	0	0	0	Yes	Yes	Yes	Yes	Yes	Yes	Yes	Yes	Yes	Yes	Yes	No	Yes	Yes	No	No	No	Yes	Yes	No	Yes	No	Yes	No	Yes	Yes	Yes	No	No	Wood	Yes	Yes	Yes	Yes	Yes	Yes	No	No	No	No	No
SRR16989076	yHMPu5000038347_candida_yuanshanica_170713	38347	Phaffomycetales	Candida yuanshanica	Standard	Standard	0	0.34228470824818	0.234493360644164	0.365937454335484	Yes	Yes	Yes	Yes	No	No	No	Yes	Yes	No	Yes	No	Yes	Yes	Yes	No	Yes	Yes	Yes	Yes	No	Yes	Yes	No	Yes	No	Yes	Yes	Yes	soil	Yes	Yes	No	No	No	No	No	No	No	No	No
SRR16974568	yHMPu5000034642_candida_zeylanoides_160519	34642	Serinales	Candida zeylanoides	Standard	Standard	0	0.962327578405771	0.650013412363937	0	Yes	Yes	Yes	Yes	Yes	Yes	Yes	Yes	Yes	Yes	No	Yes	Yes	No	Yes	No	No	Yes	Yes	No	Yes	Yes	No	Yes	Yes	Yes	No	No	No	case of blastomycotic macrogloss	Yes	Yes	No	No	No	No	Yes	No	No	No	No
SRR16974558	yHDO587_citeromyces_nyonsensis_180604.haplomerger2	yHDO587	Pichiales	Citeromyces nyonsensis	Standard	Generalist	NA	NA	NA	NA	Yes	Yes	NA	Yes	NA	Yes	NA	Yes	Yes	NA	Yes	NA	No	No	NA	No	Yes	No	No	Yes	No	NA	NA	Yes	NA	Yes	Yes	No	Yes	olive brines	Yes	Yes	No	No	No	No	No	No	No	No	No
SRR16989046	yHMPu5000041848_candida_musae_170713	41848	Serinales	Clavispora fructus	NA	NA	NA	NA	NA	NA	Yes	Yes	Yes	Yes	Yes	Yes	Yes	Yes	Yes	Yes	Yes	Yes	Yes	Yes	Yes	No	Yes	No	No	Yes	Yes	Yes	Yes	Yes	Yes	Yes	No	Yes	Yes	fruit of Musa sapientum (banana)	Yes	Yes	Yes	Yes	Yes	Yes	No	Yes	No	No	No
SRR16974359	yHMPu5000034658_clavispora_lusitaniae_190924	34658	Serinales	Clavispora lusitaniae	Generalist	Standard	0.369477975998681	0.211082329999261	0.338109458320553	0.432178254961516	Yes	Yes	Yes	Yes	Yes	Yes	Yes	Yes	Yes	Yes	Yes	Yes	Yes	Yes	Yes	Yes	Yes	Yes	Yes	Yes	Yes	Yes	Yes	Yes	Yes	Yes	Yes	Yes	Yes	citrus essence	Yes	Yes	No	No	No	No	No	No	No	No	No
SRR16988973	yHMPu5000035334_clavispora_opuntiae_190924	35334	Serinales	Clavispora opuntiae	Standard	Standard	0.581199259454678	0.363622007164659	0.332411378919973	0.49885323112078	Yes	Yes	Yes	Yes	Yes	Yes	Yes	Yes	Yes	Yes	Yes	Yes	Yes	Yes	Yes	Yes	Yes	Yes	Yes	Yes	Yes	Yes	Yes	Yes	Yes	Yes	Yes	Yes	No	rotting Opuntia stricta (prickly-pear cactus)	Yes	Yes	Yes	Yes	Yes	Yes	No	Yes	No	No	No
SRR16989216	yHMPu5000038066_clavispora_reshetovae_170912	38066	Serinales	Clavispora reshetovae	Standard	Standard	0.269018055858668	0.407899094553924	0	0.492384230918513	NA	NA	NA	NA	NA	NA	NA	NA	NA	NA	NA	NA	NA	NA	NA	NA	NA	NA	NA	NA	NA	NA	NA	NA	NA	NA	NA	NA	NA	soil collected at the grassland	Yes	Yes	No	No	No	No	No	No	No	No	No
SRR16989062	yHMPu5000035331_candida_ghanaensis_201018	35331	Dipodascales	Crinitomyces ghanaensis	NA	NA	NA	NA	NA	NA	Yes	Yes	NA	Yes	Yes	Yes	NA	Yes	Yes	Yes	No	Yes	Yes	Yes	NA	Yes	Yes	Yes	Yes	Yes	No	No	NA	No	Yes	Yes	Yes	Yes	Yes	soil	Yes	Yes	No	No	No	No	No	No	No	No	No
SRR16988869	yHMPu5000035702_cyberlindnera_amylophila_160613.haplomerger2	35702	Phaffomycetales	Cyberlindnera amylophila	Standard	Standard	0	0.436279233202871	0.558816789646886	0.372646856431292	Yes	Yes	Yes	Yes	Yes	Yes	Yes	Yes	Yes	Yes	Yes	Yes	Yes	Yes	Yes	No	Yes	Yes	Yes	Yes	No	Yes	Yes	Yes	Yes	Yes	Yes	Yes	Yes	frass on Pinus taeda (loblolly pine)	Yes	Yes	No	No	No	No	Yes	No	Yes	Yes	Yes
SRR16989215	yHMPu5000038067_cyberlindnera_bimundalis_190924	38067	Phaffomycetales	Cyberlindnera bimundalis	Standard	Generalist	0	0.504444896449526	0.529507465533225	0.534139450001535	Yes	Yes	Yes	Yes	Yes	Yes	Yes	NA	Yes	Yes	Yes	Yes	Yes	Yes	Yes	No	Yes	Yes	Yes	Yes	No	Yes	Yes	Yes	Yes	No	NA	Yes	Yes	larvae of Ergates faber	Yes	Yes	No	No	No	No	Yes	No	Yes	Yes	Yes
SRR16974401	yHMPu5000034981_cyberlindnera_euphorbiae_160519.haplomerger2	34981	Phaffomycetales	Cyberlindnera euphorbiae	Standard	Standard	0	0.344414066231389	0.440122963947329	0.261444309673926	Yes	Yes	Yes	Yes	Yes	Yes	Yes	Yes	Yes	Yes	Yes	Yes	Yes	Yes	Yes	No	Yes	Yes	Yes	Yes	No	Yes	Yes	Yes	Yes	No	Yes	Yes	Yes	obtained cross of CBS 7082 and CBS 7083 Isolated Euphorbia ingens but	NA	NA	NA	NA	NA	NA	NA	NA	NA	NA	NA
SRR16988720	yHMPu5000037872_cyberlindnera_euphorbiiphila_180604	37872	Phaffomycetales	Cyberlindnera euphorbiiphila	Standard	Standard	0	0.286756172552826	0.32262074867958	0.255489295348488	Yes	Yes	Yes	Yes	Yes	Yes	Yes	Yes	Yes	Yes	Yes	Yes	Yes	Yes	Yes	No	Yes	Yes	Yes	Yes	No	Yes	Yes	Yes	Yes	No	Yes	Yes	Yes	rotten Euphorbia ingens (spurge), infested by Coleoptera larvae	Yes	Yes	Yes	Yes	Yes	Yes	No	Yes	No	No	No
SRR16988760	yHMPu5000037256_cyberlindnera_galapagoensis_210210	37256	Phaffomycetales	Cyberlindnera galapagoensis	NA	NA	NA	NA	NA	NA	Yes	Yes	Yes	Yes	NA	Yes	NA	NA	Yes	Yes	Yes	Yes	No	Yes	NA	No	Yes	No	Yes	No	No	Yes	Yes	Yes	NA	No	NA	No	NA	rotting wood	Yes	Yes	Yes	Yes	Yes	Yes	No	No	No	No	No
SRR16988871	yHMPu5000035700_cyberlindnera_japonica_160519	35700	Phaffomycetales	Cyberlindnera japonica	Standard	Standard	0	0.302160113309202	0.215332734854559	0.222082836911978	Yes	Yes	Yes	Yes	Yes	Yes	Yes	Yes	Yes	Yes	Yes	Yes	Yes	Yes	Yes	No	Yes	Yes	Yes	Yes	No	Yes	Yes	No	Yes	No	Yes	Yes	Yes	frass on Abies firma (fir)	Yes	Yes	No	No	No	No	Yes	No	Yes	Yes	Yes
SRR16974402	yHMPu5000034980_cyberlindnera_lachancei_160519.haplomerger2	34980	Phaffomycetales	Cyberlindnera lachancei	Standard	Standard	0	0.53326310854314	0.553568468428827	0	Yes	Yes	Yes	Yes	Yes	Yes	Yes	Yes	Yes	Yes	Yes	Yes	No	Yes	Yes	No	Yes	Yes	Yes	No	No	Yes	Yes	Yes	Yes	No	No	No	No	rotting bark of Tetraplasandra hawaiiensis	Yes	Yes	Yes	Yes	Yes	Yes	No	Yes	No	No	No
SRR16974413	yHMPu5000034968_candida_maritima_160519	34968	Phaffomycetales	Cyberlindnera maritima	Generalist	Standard	0	0.50466411948236	0.423831289717625	0.329714239912574	Yes	Yes	Yes	Yes	Yes	Yes	Yes	Yes	Yes	Yes	Yes	Yes	Yes	Yes	Yes	No	Yes	Yes	Yes	Yes	No	Yes	Yes	Yes	Yes	No	No	Yes	Yes	eggs of shrimp	Yes	Yes	No	No	No	No	Yes	No	Yes	No	No
SRR16988873	yHMPu5000035698_cyberlindnera_meyerae_160519.haplomerger2	35698	Phaffomycetales	Cyberlindnera meyerae	Standard	Standard	0	1.11114604248718	0.479024324809981	0.286340644495804	Yes	Yes	Yes	Yes	Yes	Yes	Yes	Yes	Yes	Yes	Yes	Yes	Yes	Yes	Yes	No	Yes	Yes	Yes	Yes	No	Yes	Yes	Yes	Yes	No	Yes	No	Yes	rotting Euphorbia ingens (spurge), infested with cerambycid larvae	Yes	Yes	Yes	Yes	Yes	Yes	No	Yes	No	No	No
SRR16988910	yHMPu5000035337_cyberlindnera_mississippiensis_190924	35337	Phaffomycetales	Cyberlindnera mississippiensis	Standard	Standard	0	0.533703628491014	0.260610259588071	0.299642377018698	Yes	Yes	Yes	Yes	Yes	Yes	Yes	Yes	Yes	Yes	Yes	Yes	Yes	Yes	Yes	No	Yes	Yes	Yes	Yes	No	Yes	Yes	Yes	Yes	Yes	Yes	Yes	Yes	frass on Pinus taeda (loblolly pine)	Yes	Yes	No	No	No	No	Yes	No	Yes	Yes	Yes
SRR16988687	yHMPu5000037904_candida_nakhonratchasimensis_170912	37904	Phaffomycetales	Cyberlindnera nakhonratchasimensis	Generalist	Generalist	0	0.422215285918645	0.221895244072801	0.271066943402304	NA	NA	NA	NA	NA	NA	NA	NA	NA	NA	NA	NA	NA	NA	NA	NA	NA	NA	NA	NA	NA	NA	NA	NA	NA	NA	NA	NA	NA	Insect frass	Yes	Yes	No	No	No	No	Yes	No	Yes	Yes	Yes
SRR16989077	yHMPu5000038346_cyberlindnera_rhodanensis_170713.haplomerger2	38346	Phaffomycetales	Cyberlindnera rhodanensis	Standard	Standard	0	0.369917294025031	0.383759752407949	0.361190241448849	Yes	Yes	Yes	Yes	Yes	Yes	Yes	Yes	Yes	Yes	Yes	Yes	Yes	Yes	Yes	No	Yes	Yes	Yes	Yes	No	Yes	Yes	Yes	Yes	No	Yes	Yes	Yes	tanning fluid	Yes	Yes	No	No	No	No	No	No	No	No	No
SRR16989214	yHMPu5000038068_cyberlindnera_samutprakarnensis_170912.haplomerger2	38068	Phaffomycetales	Cyberlindnera samutprakarnensis	Standard	Generalist	0	0.356331680571606	0.348642584859917	0.224603035281858	Yes	Yes	Yes	Yes	Yes	Yes	Yes	Yes	Yes	Yes	Yes	Yes	Yes	Yes	Yes	No	Yes	Yes	Yes	Yes	No	Yes	No	No	NA	No	Yes	Yes	Yes	waste water of cosmetic factory	Yes	Yes	No	No	No	No	No	No	No	No	No
SRR16974415	yHMPu5000034966_cyberlindnera_sargentensis_160519	34966	Phaffomycetales	Cyberlindnera sargentensis	Generalist	Standard	0.0559384918614532	0.290756944730148	0.462683749946414	0.0979004114605104	Yes	Yes	No	Yes	No	Yes	No	Yes	Yes	Yes	Yes	Yes	No	Yes	Yes	No	No	Yes	Yes	No	No	No	Yes	No	Yes	No	Yes	No	No	water, of lake	Yes	Yes	No	No	No	No	No	No	No	No	No
SRR16974412	yHMPu5000034969_candida_sp_160519.haplomerger2	34969	Phaffomycetales	Cyberlindnera sp.	Standard	Standard	0	0.305683210539418	0.680820703722677	0	NA	NA	NA	NA	NA	NA	NA	NA	NA	NA	NA	NA	NA	NA	NA	NA	NA	NA	NA	NA	NA	NA	NA	NA	NA	NA	NA	NA	NA	NA	NA	NA	NA	NA	NA	NA	NA	NA	NA	NA	NA
SRR16974410	yHMPu5000034971_candida_sp_160519	34971	Phaffomycetales	Cyberlindnera sp.	Standard	Standard	0	0.457079450450286	0.747564253311664	0.804948999089494	NA	NA	NA	NA	NA	NA	NA	NA	NA	NA	NA	NA	NA	NA	NA	NA	NA	NA	NA	NA	NA	NA	NA	NA	NA	NA	NA	NA	NA	NA	NA	NA	NA	NA	NA	NA	NA	NA	NA	NA	NA
SRR16988722	yHMPu5000037870_candida_sp_170912	37870	Phaffomycetales	Cyberlindnera sp.	Standard	Standard	0	0.429939428030751	0.382302554231996	0	NA	NA	NA	NA	NA	NA	NA	NA	NA	NA	NA	NA	NA	NA	NA	NA	NA	NA	NA	NA	NA	NA	NA	NA	NA	NA	NA	NA	NA	NA	NA	NA	NA	NA	NA	NA	NA	NA	NA	NA	NA
SRR16989184	yHMPu5000035324_cyberlindnera_subsufficiens_A3_201018	35324	Phaffomycetales	Cyberlindnera subsufficiens	Standard	Generalist	0	0.428679458999483	0.46970068951191	0	Yes	Yes	Yes	Yes	Yes	Yes	Yes	NA	Yes	Yes	Yes	Yes	No	Yes	Yes	No	Yes	Yes	Yes	No	No	Yes	Yes	Yes	Yes	No	NA	No	No	soil	Yes	Yes	No	No	No	No	No	No	No	No	No
SRR16989078	yHMPu5000038345_cyberlindnera_veronae_170713	38345	Phaffomycetales	Cyberlindnera veronae	Standard	Standard	0	0.668471820628815	0.850537881826532	0.408655052693915	Yes	Yes	Yes	Yes	Yes	Yes	Yes	Yes	Yes	Yes	Yes	Yes	Yes	Yes	Yes	No	Yes	Yes	Yes	Yes	No	Yes	Yes	Yes	Yes	No	NA	Yes	Yes	exudate of Betula grossa (birch)	Yes	Yes	Yes	Yes	Yes	Yes	No	Yes	No	No	No
SRR16988787	yHMPu5000037227_cyberlindnera_xishuangbannaensis_210210	37227	Phaffomycetales	Cyberlindnera xishuangbannaensis	Standard	Standard	0	0.612906614474965	0	0	Yes	Yes	Yes	Yes	No	Yes	No	Yes	Yes	Yes	Yes	Yes	Yes	Yes	Yes	No	Yes	Yes	Yes	Yes	Yes	Yes	Yes	Yes	Yes	No	Yes	Yes	Yes	rotting wood	Yes	Yes	Yes	Yes	Yes	Yes	No	No	No	No	No
SRR16989051	yHMPu5000041841_debaryomyces_coudertii_170713	41841	Serinales	Debaryomyces coudertii	NA	NA	NA	NA	NA	NA	Yes	Yes	Yes	Yes	Yes	Yes	Yes	No	Yes	Yes	No	Yes	Yes	Yes	No	Yes	No	Yes	Yes	Yes	Yes	Yes	Yes	Yes	Yes	No	No	No	No	droppings of Aptenodytes patagonica	Yes	Yes	No	No	No	No	Yes	No	No	No	No
SRR16989090	yHMPu5000041825_debaryomyces_robertsiae_170307	41825	Serinales	Debaryomyces robertsiae	Standard	Specialist	0.231596531354741	0	0.245863289434651	0.676428269527532	Yes	Yes	Yes	Yes	Yes	Yes	Yes	Yes	Yes	Yes	Yes	Yes	Yes	Yes	Yes	Yes	Yes	Yes	Yes	Yes	Yes	Yes	Yes	Yes	Yes	Yes	Yes	Yes	Yes	larval feed of Xylocopa caffra (carpenter bee)	Yes	Yes	No	No	No	No	Yes	No	Yes	Yes	Yes
SRR16989079	yHMPu5000038344_debaryomyces_singareniensis_170713	38344	Serinales	Debaryomyces singareniensis	Generalist	Standard	0.471869475952752	0.294805687073896	0.169412827252609	0.14760706203863	Yes	Yes	Yes	Yes	Yes	Yes	No	Yes	Yes	Yes	Yes	No	No	No	NA	Yes	No	No	No	No	No	No	Yes	No	No	Yes	NA	No	No	soil	Yes	Yes	No	No	No	No	No	No	No	No	No
SRR16988719	yHMPu5000037873_debaryomyces_udenii_180604	37873	Serinales	Debaryomyces udenii	Generalist	Standard	0.637695656756264	0.633619008637557	0.530675451344374	0.755970673625972	Yes	Yes	Yes	Yes	Yes	Yes	Yes	Yes	Yes	No	Yes	Yes	Yes	Yes	Yes	Yes	Yes	Yes	Yes	Yes	Yes	Yes	Yes	Yes	Yes	Yes	No	Yes	Yes	soil	Yes	Yes	No	No	No	No	No	No	No	No	No
SRR16989195	yHMPu5000035323_diddensiella_santjacobensis_190924	35323	Dipodascales	Diddensiella santjacobensis	Standard	Specialist	1.01451511126206	0.723695210496595	0	1.19827967339819	Yes	Yes	Yes	Yes	Yes	Yes	Yes	No	Yes	Yes	Yes	Yes	Yes	Yes	Yes	Yes	Yes	Yes	Yes	Yes	Yes	Yes	Yes	Yes	Yes	Yes	No	Yes	Yes	rotten trunk of Nothofagus dombeyii	Yes	Yes	Yes	Yes	Yes	Yes	No	Yes	No	No	No
SRR16989206	yHMPu5000035322_Diddensiella_transvaalensis_SPADES	35322	Dipodascales	Diddensiella transvaalensis	Generalist	Specialist	1.02823752645547	0	1.12562724938422	0.603446295320503	NA	NA	NA	NA	NA	NA	NA	NA	NA	NA	NA	NA	NA	NA	NA	NA	NA	NA	NA	NA	NA	NA	NA	NA	NA	NA	NA	NA	NA	forest litter	Yes	Yes	Yes	No	No	No	No	No	No	No	No
SRR16974504	yHDO599_dipodascus_anamola_180604	yHDO599	Lipomycetales	Dipodascopsis anomala	NA	NA	NA	NA	NA	NA	NA	NA	NA	NA	NA	NA	NA	NA	NA	NA	NA	NA	NA	NA	NA	NA	NA	NA	NA	NA	NA	NA	NA	NA	NA	NA	NA	NA	NA	podzolic soil, Armenia	Yes	Yes	No	No	No	No	No	No	No	No	No
SRR16974720	yHMPu5000034751_dipodascopsis_tothii_210210	34751	Lipomycetales	Dipodascopsis tothii	NA	NA	NA	NA	NA	NA	NA	NA	NA	NA	NA	NA	NA	NA	NA	NA	NA	NA	NA	NA	NA	NA	NA	NA	NA	NA	NA	NA	NA	NA	NA	NA	NA	NA	NA	cutting of beech (Fagus sylvatica), Hungary	Yes	Yes	Yes	Yes	Yes	Yes	No	Yes	No	No	No
SRR16974719	yHMPu5000034752_dipodascopsis_uninucleata_var_uninucleata_170713	34752	Lipomycetales	Dipodascopsis uninucleata var. uninucleata	NA	NA	NA	NA	NA	NA	NA	NA	NA	NA	NA	NA	NA	NA	NA	NA	NA	NA	NA	NA	NA	NA	NA	NA	NA	NA	NA	NA	NA	NA	NA	NA	NA	NA	NA	dead pupa of a fruit fly (Drosophila melanogaster)	Yes	Yes	No	No	No	No	Yes	No	Yes	Yes	Yes
SRR16974718	yHMPu5000034753_dipodascopsis_uninucleata_var_wickerhamii_170713	34753	Lipomycetales	Dipodascopsis uninucleata var. wickerhamii	NA	NA	NA	NA	NA	NA	NA	NA	NA	NA	NA	NA	NA	NA	NA	NA	NA	NA	NA	NA	NA	NA	NA	NA	NA	NA	NA	NA	NA	NA	NA	NA	NA	NA	NA	fruit fly (Drosophila melanogaster)	Yes	Yes	No	No	No	No	Yes	No	Yes	Yes	Yes
SRR16988718	yHMPu5000037874_dipodascus_aggregatus_190924	37874	Dipodascales	Dipodascus aggregatus	NA	NA	NA	NA	NA	NA	NA	NA	NA	NA	NA	NA	NA	NA	NA	NA	NA	NA	NA	NA	NA	NA	NA	NA	NA	NA	NA	NA	NA	NA	NA	NA	NA	NA	NA	pupal galleries of the bark-beetle Ips acuminatus in Scots pine (Pinus sylvestris, Pinaceae)	Yes	Yes	No	No	No	No	Yes	No	Yes	Yes	Yes
SRR16989093	yHMPu5000041823_dipodascus_armillariae_190924.haplomerger2	41823	Dipodascales	Dipodascus armillariae	Standard	Standard	0.276381053662342	0.282558257634753	1.16540207995576	0	NA	NA	NA	NA	NA	NA	NA	NA	NA	NA	NA	NA	NA	NA	NA	NA	NA	NA	NA	NA	NA	NA	NA	NA	NA	NA	NA	NA	NA	gills of a mushroom (Armillaria sp.),	Yes	Yes	No	No	No	No	No	No	No	No	No
SRR16989080	yHMPu5000038343_dipodascus_australiensis_170713	38343	Dipodascales	Dipodascus australiensis	Standard	Specialist	0.468475370486544	0.604836873753234	1.82800201467703	0	NA	NA	NA	NA	NA	NA	NA	NA	NA	NA	NA	NA	NA	NA	NA	NA	NA	NA	NA	NA	NA	NA	NA	NA	NA	NA	NA	NA	NA	rotting cladodes of the cactus Opuntia inermis	Yes	Yes	Yes	Yes	Yes	Yes	No	Yes	No	No	No
SRR16988716	yHMPu5000037875_geotrichum_carabidarum_190924	37875	Dipodascales	Dipodascus carabidarus	NA	NA	NA	NA	NA	NA	NA	NA	NA	NA	NA	NA	NA	NA	NA	NA	NA	NA	NA	NA	NA	NA	NA	NA	NA	NA	NA	NA	NA	NA	NA	NA	NA	NA	NA	gut of Lelis sp. (Carabidae: Coleoptera), on a basidiocarp of Thelephora sp.,	No	No	No	No	No	No	No	No	No	No	No
SRR16989095	yHMPu5000041821_geotrichum_cucujoidarum_170912	41821	Dipodascales	Dipodascus cucujoidarus	Standard	Standard	0.881920531925688	0	0.769447259481597	0	NA	NA	NA	NA	NA	NA	NA	NA	NA	NA	NA	NA	NA	NA	NA	NA	NA	NA	NA	NA	NA	NA	NA	NA	NA	NA	NA	NA	NA	gut of an unidentified cucujoid beetle (Cucujoidae: Coleoptera)	Yes	Yes	No	No	No	No	Yes	No	Yes	Yes	Yes
SRR16988715	yHMPu5000037876_geotrichum_fermentans_190924	37876	Dipodascales	Dipodascus fermentans	NA	NA	NA	NA	NA	NA	NA	NA	NA	NA	NA	NA	NA	NA	NA	NA	NA	NA	NA	NA	NA	NA	NA	NA	NA	NA	NA	NA	NA	NA	NA	NA	NA	NA	NA	wood pulp	Yes	Yes	Yes	Yes	Yes	Yes	No	No	No	No	No
SRR16989082	yHMPu5000038340_geotrichum_ghanensis_190924	38340	Dipodascales	Dipodascus ghanensis	Standard	Standard	0.707719950003244	0.770108525022322	0.988180152415371	0	NA	NA	NA	NA	NA	NA	NA	NA	NA	NA	NA	NA	NA	NA	NA	NA	NA	NA	NA	NA	NA	NA	NA	NA	NA	NA	NA	NA	NA	cocoa fermentations in Tafo, Ghana	-2-	-2-	Yes	Yes	Yes	Yes	No	Yes	No	No	No
SRR16989096	yHMPu5000041820_geotrichum_histeridarum_201018	41820	Dipodascales	Dipodascus histeridarus	Standard	Standard	0	0.128929259374499	0.428015758882093	0	NA	NA	NA	NA	NA	NA	NA	NA	NA	NA	NA	NA	NA	NA	NA	NA	NA	NA	NA	NA	NA	NA	NA	NA	NA	NA	NA	NA	NA	gut of a histerid beetle (Plagiogramma schmidti, Histeridae: Coleoptera), on a basidiocarp of Coriolus sp.	Yes	Yes	No	No	No	No	Yes	No	Yes	Yes	Yes
SRR16974379	yHMPu5000026072_geotrichum_klebahnii_190924	26072	Dipodascales	Dipodascus klebahnii	Specialist	Standard	0	0	4.07370535175798	0	NA	NA	NA	NA	NA	NA	NA	NA	NA	NA	NA	NA	NA	NA	NA	NA	NA	NA	NA	NA	NA	NA	NA	NA	NA	NA	NA	NA	NA	slime flux of a yew (Taxus baccata, Taxaceae),	Yes	Yes	Yes	Yes	Yes	Yes	No	No	No	No	No
SRR16989081	yHMPu5000038342_dipodascus_macrosporus_180604	38342	Dipodascales	Dipodascus macrosporus	NA	NA	NA	NA	NA	NA	NA	NA	NA	NA	NA	NA	NA	NA	NA	NA	NA	NA	NA	NA	NA	NA	NA	NA	NA	NA	NA	NA	NA	NA	NA	NA	NA	NA	NA	slime trail of the myxomycete Badhamia utricularis	Yes	Yes	No	No	No	No	No	No	No	No	No
SRR16989084	yHMPu5000038338_geotrichum_restrictum_190924	38338	Dipodascales	Dipodascus restrictus	Standard	Standard	0.412705421184253	0.571086446064064	1.3612253357526	0	NA	NA	NA	NA	NA	NA	NA	NA	NA	NA	NA	NA	NA	NA	NA	NA	NA	NA	NA	NA	NA	NA	NA	NA	NA	NA	NA	NA	NA	endophyte isolated Norway spruce (Picea abies, Pinaceae)	Yes	Yes	Yes	Yes	Yes	Yes	No	No	No	No	No
SRR16988914	yHMPu5000040915_geotrichum_siamensis_201018	40915	Dipodascales	Dipodascus siamensis	Standard	Standard	NA	0	1.11892164026668	NA	NA	NA	NA	NA	NA	NA	NA	NA	NA	NA	NA	NA	NA	NA	NA	NA	NA	NA	NA	NA	NA	NA	NA	NA	NA	NA	NA	NA	NA	estuarine water in a mangrove forest	Yes	Yes	No	No	No	No	No	No	No	No	No
SRR16988678	yHMPu5000037915_candida_catenulata_190924	37915	Serinales	Diutina catenulata	Standard	Standard	0.945803668995895	0.841151901893221	0	0	Yes	Yes	Yes	Yes	Yes	Yes	Yes	Yes	Yes	Yes	No	Yes	Yes	Yes	Yes	Yes	No	No	No	No	Yes	Yes	No	Yes	No	No	Yes	No	No	faeces of man with dysentery	Yes	Yes	No	No	No	No	Yes	No	No	No	No
SRR16989013	yHMPu5000038382_candida_mesorugosa_170713	38382	Serinales	Diutina mesorugosa	Specialist	Specialist	1.3867234613442	0	0	0	NA	NA	NA	NA	NA	NA	NA	NA	NA	NA	NA	NA	NA	NA	NA	NA	NA	NA	NA	NA	NA	NA	NA	NA	NA	NA	NA	NA	NA	blood of 54 year old comatose male	Yes	Yes	No	No	No	No	Yes	No	No	No	No
SRR16989213	yHMPu5000038069_diutina_neorugosa_170912	38069	Serinales	Diutina neorugosa	Specialist	Specialist	0.992651032657836	0	0	0	NA	NA	NA	NA	NA	NA	NA	NA	NA	NA	NA	NA	NA	NA	NA	NA	NA	NA	NA	NA	NA	NA	NA	NA	NA	NA	NA	NA	NA	Leg wound of female patient	Yes	Yes	No	No	No	No	Yes	No	No	No	No
SRR16974385	yHMPu5000026054_candida_pseudorugosa_170713	26054	Serinales	Diutina pseudorugosa	Standard	Specialist	0.859396796083359	0.276250620322376	0	0	Yes	Yes	Yes	Yes	Yes	Yes	Yes	Yes	Yes	Yes	No	Yes	No	Yes	NA	Yes	No	No	Yes	Yes	NA	No	NA	NA	NA	Yes	Yes	No	Yes	the sputum of an ICU patient who died of critical pulmonary infection after an esophageal tumor resection	Yes	Yes	No	No	No	No	Yes	No	No	No	No
SRR16989212	yHMPu5000038070_diutina_ranongensis_170912	38070	Serinales	Diutina ranongensis	Standard	Specialist	0.301304033544214	0.331907086793792	0	0.596152233106863	Yes	Yes	Yes	Yes	Yes	Yes	Yes	Yes	Yes	Yes	No	Yes	Yes	Yes	Yes	Yes	No	No	No	Yes	Yes	No	NA	Yes	NA	Yes	Yes	No	No	water Mangrove Forest	Yes	Yes	No	No	No	No	No	No	No	No	No
SRR16988705	yHMPu5000037887_candida_rugosa_170713	37887	Serinales	Diutina rugosa	Standard	Standard	0.643731608053055	0	0.227950884007716	0	Yes	Yes	Yes	Yes	Yes	Yes	Yes	Yes	Yes	Yes	No	Yes	No	Yes	Yes	Yes	No	No	No	No	No	No	No	Yes	No	No	Yes	No	No	faeces of Man	Yes	Yes	No	No	No	No	Yes	No	No	No	No
SRR16989211	yHMPu5000038071_diutina_scorzettiae_170912	38071	Serinales	Diutina scorzettiae	Standard	Standard	1.07143272730123	0.597336393903433	0.200875629063471	0.857908804346001	Yes	Yes	Yes	Yes	Yes	Yes	Yes	Yes	Yes	Yes	No	Yes	Yes	Yes	Yes	Yes	No	Yes	Yes	Yes	Yes	Yes	No	Yes	Yes	No	No	No	No	rotten oak wood, brown rot (Quercus robur L.)	Yes	Yes	Yes	Yes	Yes	Yes	No	Yes	No	No	No
SRR16974384	yHMPu5000026055_diutina_siamensis_170912	26055	Serinales	Diutina siamensis	Standard	Standard	1.05481613538369	0.738015537144394	0	0.756413359450826	Yes	Yes	Yes	Yes	Yes	Yes	Yes	Yes	Yes	Yes	No	Yes	Yes	Yes	Yes	Yes	No	No	No	Yes	Yes	No	No	Yes	NA	No	Yes	No	No	Leaves of rice	Yes	Yes	Yes	Yes	Yes	Yes	No	Yes	No	No	No
SRR16974354	yHMPu5000034662_galactomyces_geotrichum_201018	34662	Dipodascales	Galactomyces geotrichum	Standard	Standard	0.178827598000552	0.697357503598802	1.03562136888241	0	NA	NA	NA	NA	NA	NA	NA	NA	NA	NA	NA	NA	NA	NA	NA	NA	NA	NA	NA	NA	NA	NA	NA	NA	NA	NA	NA	NA	NA	soil	Yes	Yes	No	No	No	No	No	No	No	No	No
SRR16974371	yHMPu5000026130_galactomyces_reessii_190924	26130	Dipodascales	Galactomyces reessii	Standard	Standard	0.211265984976291	0.269985979442056	0.910199569519393	0	NA	NA	NA	NA	NA	NA	NA	NA	NA	NA	NA	NA	NA	NA	NA	NA	NA	NA	NA	NA	NA	NA	NA	NA	NA	NA	NA	NA	NA	water-rotted brown Indian hemp (kenaf) (Hibiscus cannabinus, Malvaceae)	Yes	Yes	Yes	Yes	Yes	Yes	No	Yes	No	No	No
SRR16974262	yHMPu5000034738_geotrichum_candidum_190924.haplomerger2	34738	Dipodascales	Geotrichum candidum	Standard	Standard	0.336218602434373	0.344606096374156	0.879856002348648	0	NA	NA	NA	NA	NA	NA	NA	NA	NA	NA	NA	NA	NA	NA	NA	NA	NA	NA	NA	NA	NA	NA	NA	NA	NA	NA	NA	NA	NA	soil polluted with oil	Yes	Yes	No	No	No	No	No	No	No	No	No
SRR16988913	yHMPu5000040917_geotrichum_citri-aurantii_201018	40917	Dipodascales	Geotrichum citri-aurantii	Standard	Standard	1.19055477715478	0.560066290843018	1.21468412446878	0	NA	NA	NA	NA	NA	NA	NA	NA	NA	NA	NA	NA	NA	NA	NA	NA	NA	NA	NA	NA	NA	NA	NA	NA	NA	NA	NA	NA	NA	soil of an orange orchard	Yes	Yes	No	No	No	No	No	No	No	No	No
SRR16989210	yHMPu5000038073_geotrichum_europaeum_170912	38073	Dipodascales	Geotrichum europaeum	Standard	Standard	0.218846898202369	0.370222179320434	0.776946162956139	0	NA	NA	NA	NA	NA	NA	NA	NA	NA	NA	NA	NA	NA	NA	NA	NA	NA	NA	NA	NA	NA	NA	NA	NA	NA	NA	NA	NA	NA	soil of wheat field	Yes	Yes	No	No	No	No	No	No	No	No	No
SRR16989083	yHMPu5000038339_geotrichum_phurueaensis_190924	38339	Dipodascales	Geotrichum phurueaensis	Standard	Standard	0.237533226300275	0.194144984549745	0.922710574476457	0	NA	NA	NA	NA	NA	NA	NA	NA	NA	NA	NA	NA	NA	NA	NA	NA	NA	NA	NA	NA	NA	NA	NA	NA	NA	NA	NA	NA	NA	forest soil	Yes	Yes	No	No	No	No	No	No	No	No	No
SRR16974597	yHDO586_kazachstania_humatica_180604	yHDO586	Saccharomycetales	Grigorovia humatica	NA	NA	NA	NA	NA	NA	Yes	Yes	Yes	No	Yes	Yes	Yes	NA	Yes	NA	NA	No	Yes	Yes	Yes	Yes	No	No	No	Yes	No	No	No	Yes	Yes	Yes	NA	Yes	No	soil	Yes	Yes	No	No	No	No	No	No	No	No	No
SRR16974510	yHAB144_kazachstania_jainica_160519.haplomerger2	yHAB144	Saccharomycetales	Grigorovia jiainica	NA	NA	NA	NA	NA	NA	Yes	Yes	No	No	No	No	No	Yes	No	No	Yes	No	No	No	No	Yes	No	No	No	No	No	No	No	No	No	No	Yes	No	No	soil	Yes	Yes	No	No	No	No	No	No	No	No	No
SRR16989217	yHMPu5000035320_candida_auringiensis_190924	35320	Dipodascales	Groenewaldozyma auringiensis	Standard	Standard	0.898076209842352	0.602292982591438	0.266065539014686	0	Yes	Yes	Yes	Yes	Yes	Yes	Yes	Yes	Yes	Yes	Yes	Yes	Yes	Yes	Yes	Yes	No	Yes	Yes	No	Yes	No	Yes	Yes	Yes	Yes	Yes	No	No	alpechín	Yes	Yes	No	No	No	No	No	No	No	No	No
SRR16974482	yHMH443_Groenewaldozyma_sp_nov_plate33_SPADES	yHMH443	Dipodascales	Groenewaldozyma sp.	NA	NA	NA	NA	NA	NA	NA	NA	NA	NA	NA	NA	NA	NA	NA	NA	NA	NA	NA	NA	NA	NA	NA	NA	NA	NA	NA	NA	NA	NA	NA	NA	NA	NA	NA	Yellow rot on a Pine tree	Yes	Yes	Yes	Yes	Yes	Yes	No	No	No	No	No
SRR16989228	yHMPu5000035319_Candida_tartarivorans_S177_SPADES	35319	Dipodascales	Groenewaldozyma tartarivorans	Generalist	Standard	1.09080270139509	0.224627320249012	0.744915345214537	1.1253730025468	Yes	Yes	Yes	Yes	Yes	Yes	Yes	Yes	Yes	Yes	Yes	Yes	Yes	Yes	Yes	Yes	Yes	Yes	Yes	Yes	Yes	Yes	Yes	Yes	Yes	Yes	Yes	Yes	Yes	dried lees of wine	Yes	Yes	No	No	No	No	No	No	No	No	No
SRR16974332	yHDO579_hagleromyces_aurorensis_180604	yHDO579	Saccharomycetales	Hagleromyces aurorensis	NA	NA	NA	NA	NA	NA	NA	NA	NA	NA	NA	NA	NA	NA	NA	NA	NA	NA	NA	NA	NA	NA	NA	NA	NA	NA	NA	NA	NA	NA	NA	NA	NA	NA	NA	water tanks (phytotelmata) of B. karatas	Yes	Yes	No	No	No	No	No	No	No	No	No
SRR16974353	yHMPu5000034663_kloeckera_lindneri_170307	34663	Saccharomycodales	Hanseniaspora lindneri	NA	NA	NA	NA	NA	NA	Yes	Yes	Yes	No	Yes	No	Yes	Yes	No	No	Yes	No	No	No	Yes	No	No	Yes	Yes	No	No	No	No	No	Yes	No	No	No	No	soil	Yes	Yes	No	No	No	No	No	No	No	No	No
SRR16988798	yHMPu5000037217_hanseniaspora_mollemarum_210210	37217	Saccharomycodales	Hanseniaspora mollemarum	NA	NA	NA	NA	NA	NA	Yes	Yes	Yes	No	Yes	No	Yes	No	No	NA	Yes	NA	Yes	No	NA	No	No	Yes	NA	No	NA	NA	NA	Yes	NA	No	NA	No	No	Dutch soil	Yes	Yes	No	No	No	No	No	No	No	No	No
SRR16974423	yHMPu5000034958_hanseniaspora_opuntiae_201018.haplomerger2	34958	Saccharomycodales	Hanseniaspora opuntiae	Specialist	Standard	0	0.24122277892604	0	0	Yes	Yes	Yes	NA	Yes	NA	Yes	Yes	NA	NA	Yes	NA	NA	NA	Yes	No	No	Yes	Yes	No	NA	NA	NA	No	Yes	NA	Yes	NA	NA	Opuntia megacantha (cactus)	Yes	Yes	Yes	Yes	Yes	Yes	No	Yes	No	No	No
SRR16988876	yHMPu5000035695_hanseniaspora_pseudoguilliermondii_160519.haplomerger2	35695	Saccharomycodales	Hanseniaspora pseudoguilliermondii	Specialist	Standard	0	0.390380925223999	0	0	Yes	Yes	Yes	No	Yes	No	Yes	NA	No	No	Yes	No	No	No	Yes	No	No	Yes	Yes	No	No	No	No	Yes	Yes	No	NA	No	No	orange juice concentrate	Yes	Yes	No	No	No	No	No	No	No	No	No
SRR16988875	yHMPu5000035696_hanseniaspora_singularis_160519.haplomerger2	35696	Saccharomycodales	Hanseniaspora singularis	Specialist	Specialist	0	0	0	0	NA	NA	NA	NA	NA	NA	NA	NA	NA	NA	NA	NA	NA	NA	NA	NA	NA	NA	NA	NA	NA	NA	NA	NA	NA	NA	NA	NA	NA	unknown	NA	NA	NA	NA	NA	NA	NA	NA	NA	NA	NA
SRR16974535	yHDO590_kloeckera_taiwanica_180604.haplomerger2	yHDO590	Saccharomycodales	Hanseniaspora taiwanica	NA	NA	NA	NA	NA	NA	Yes	Yes	No	No	No	No	No	No	No	No	Yes	No	No	No	Yes	No	Yes	Yes	Yes	Yes	No	No	No	No	Yes	No	NA	No	No	Fruiting body of mushroom (Russula sp)	Yes	Yes	No	No	No	No	No	No	No	No	No
SRR16974425	yHMPu5000034956_hanseniaspora_uvarum_170307	34956	Saccharomycodales	Hanseniaspora uvarum	NA	NA	NA	NA	NA	NA	Yes	Yes	Yes	No	Yes	No	Yes	Yes	No	No	Yes	No	No	No	Yes	No	No	Yes	Yes	No	No	No	No	Yes	Yes	No	No	No	No	muscatel grape	Yes	Yes	Yes	Yes	Yes	Yes	No	Yes	No	No	No
SRR16974426	yHMPu5000034955_hanseniaspora_valbyensis_201018.haplomerger2	34955	Saccharomycodales	Hanseniaspora valbyensis	Standard	Standard	0	0.370360257092205	0	0	Yes	Yes	Yes	No	Yes	No	Yes	Yes	No	No	Yes	No	No	No	Yes	No	No	Yes	Yes	No	No	No	No	No	Yes	No	No	No	No	soil	Yes	Yes	No	No	No	No	No	No	No	No	No
SRR16988912	yHMPu5000040918_candida_insectamans_201018	40918	Serinales	Hemisphaericaspora insectamans	NA	NA	NA	NA	NA	NA	Yes	Yes	Yes	Yes	Yes	Yes	Yes	Yes	Yes	Yes	Yes	Yes	Yes	Yes	Yes	No	No	Yes	Yes	Yes	Yes	Yes	No	No	Yes	No	Yes	Yes	Yes	frass of buprestid larvae in Acacia nilotica	Yes	Yes	No	No	No	No	Yes	No	Yes	Yes	Yes
SRR16974715	yHMPu5000034756_hemisphaericaspora_nanyangensis_170713	34756	Serinales	Hemisphaericaspora nanyangensis	Standard	Standard	0	0.796201112925828	0	0.668624302078972	Yes	Yes	Yes	Yes	No	No	Yes	Yes	Yes	No	No	No	Yes	Yes	No	No	Yes	Yes	Yes	Yes	Yes	No	No	Yes	No	No	Yes	Yes	Yes	Insect frass	Yes	Yes	No	No	No	No	Yes	No	Yes	Yes	Yes
SRR16988791	yHMPu5000037223_hyphopichia_buzzinii_210210	37223	Serinales	Hyphopichia buzzinii	NA	NA	NA	NA	NA	NA	Yes	Yes	Yes	Yes	Yes	Yes	NA	NA	Yes	Yes	Yes	Yes	Yes	Yes	NA	Yes	Yes	Yes	Yes	Yes	Yes	No	Yes	Yes	NA	No	NA	Yes	NA	berry of Clidemia sp.	Yes	Yes	Yes	Yes	Yes	Yes	No	Yes	No	No	No
SRR16988662	yHMPu5000035317_candida_fennica_180604	35317	Serinales	Hyphopichia fennica	Standard	Standard	0.131203677513829	0.377519201828673	0.332107416327882	0.766836752422925	Yes	Yes	Yes	Yes	Yes	Yes	Yes	Yes	Yes	Yes	Yes	Yes	Yes	Yes	Yes	Yes	Yes	Yes	Yes	Yes	Yes	Yes	Yes	Yes	Yes	Yes	No	No	Yes	anus of cat	Yes	Yes	No	No	No	No	Yes	No	No	No	No
SRR16989018	yHMPu5000038375_candida_khmerensis_170713	38375	Serinales	Hyphopichia khmerensis	Standard	Standard	0.54423834010453	0.511002460816262	0.464648902719846	1.18218697235289	Yes	Yes	Yes	Yes	Yes	Yes	Yes	Yes	No	NA	Yes	No	Yes	No	No	Yes	Yes	Yes	Yes	Yes	No	No	No	Yes	Yes	No	No	No	Yes	dry salted shrimp	Yes	Yes	No	No	No	No	No	No	No	No	No
SRR16989220	yHMPu5000038061_hyphopichia_pseudoburtonii_170912	38061	Serinales	Hyphopichia pseudoburtonii	Standard	Standard	0.197616855888393	0.32905383069089	0.204630585189762	0.370795298159663	Yes	Yes	Yes	Yes	Yes	Yes	Yes	No	Yes	Yes	Yes	Yes	Yes	Yes	No	Yes	Yes	Yes	Yes	Yes	Yes	Yes	Yes	No	Yes	Yes	No	Yes	Yes	rumen contents	Yes	Yes	No	No	No	No	Yes	No	No	No	No
SRR16988919	yHMPu5000035680_candida_pseudorhagii_160519	35680	Serinales	Hyphopichia pseudorhagii	Standard	Standard	0.403020264641942	0.433429612761768	0.284285125357414	0.272099498764727	NA	NA	NA	NA	NA	NA	NA	NA	NA	NA	NA	NA	NA	NA	NA	NA	NA	NA	NA	NA	NA	NA	NA	NA	NA	NA	NA	NA	NA	insect frass in a shortleaf pine (P. echinata)	Yes	Yes	No	No	No	No	Yes	No	Yes	Yes	Yes
SRR16989219	yHMPu5000038062_candida_wangnamkhiaoensis_170912	38062	Serinales	Hyphopichia wangnamkhiaoensis	Generalist	Standard	0.298698058633151	0.313011328908076	0.209690234792582	0.453314535669817	Yes	Yes	Yes	Yes	Yes	Yes	Yes	Yes	Yes	Yes	Yes	Yes	Yes	Yes	Yes	Yes	Yes	Yes	Yes	Yes	Yes	Yes	NA	Yes	NA	Yes	Yes	No	Yes	flower of C. floribunda Lame in Wang Nam Khiao district, Nakhon Ratchasima province, Thailand	Yes	Yes	Yes	Yes	Yes	Yes	No	Yes	No	No	No
SRR16974701	yHAB165_kazachstania_aquatica_160519	yHAB165	Saccharomycetales	Kazachstania aquatica	Specialist	Standard	0.936711653742112	0.439950220959511	0	0	Yes	Yes	Yes	No	Yes	No	Yes	NA	No	Yes	Yes	No	Yes	No	NA	Yes	No	No	No	No	No	No	NA	NA	NA	No	NA	No	No	wastewater collected in a paper mill	Yes	Yes	No	No	No	No	No	No	No	No	No
SRR16974724	yHAB162_Kazachstania_barnettii_SPADES	yHAB162	Saccharomycetales	Kazachstania barnettii	Standard	Specialist	0.782224172268988	0.200156437455673	0	0	Yes	Yes	No	No	No	No	No	No	No	Yes	Yes	No	Yes	No	Yes	Yes	Yes	No	No	No	No	No	No	No	No	No	No	No	No	sea water	Yes	Yes	No	No	No	No	No	No	No	No	No
SRR16974534	yHAB127_kazachstania_bovina_160519.haplomerger2	yHAB127	Saccharomycetales	Kazachstania bovina	NA	NA	NA	NA	NA	NA	Yes	Yes	No	No	No	No	No	Yes	No	NA	NA	No	No	No	No	Yes	No	No	No	No	Yes	No	No	Yes	Yes	No	Yes	No	No	nasal passage of a pigeon	Yes	Yes	No	No	No	No	Yes	No	No	No	No
SRR16974308	yHAB157_kazachstania_bulderi_160519.haplomerger2	yHAB157	Saccharomycetales	Kazachstania bulderi	Standard	Standard	0.377862053451305	0.121223751757858	0	0	Yes	Yes	No	No	No	No	No	Yes	No	No	Yes	No	Yes	No	Yes	Yes	Yes	No	No	No	No	No	No	No	No	No	No	No	No	anaerobic maize silage	Yes	Yes	No	No	No	No	No	No	No	No	No
SRR16974633	yHAB150_kazachstania_exigua_160519	yHAB150	Saccharomycetales	Kazachstania exigua	Standard	Specialist	0.57793881237636	0.295453239716532	0	0	Yes	Yes	No	No	No	No	No	NA	No	Yes	Yes	No	Yes	No	No	Yes	Yes	No	No	No	No	No	No	No	No	No	NA	No	No	unknown substrate	NA	NA	NA	NA	NA	NA	NA	NA	NA	NA	NA
SRR16974532	yHAB142_kazachstania_gamospora_170307.haplomerger2	yHAB142	Saccharomycetales	Kazachstania gamospora	Standard	Standard	0	0.179613817835214	0.0762955951806906	0	Yes	Yes	No	Yes	No	No	Yes	Yes	No	Yes	Yes	No	Yes	No	Yes	No	Yes	No	No	No	No	No	NA	No	No	No	NA	No	No	rhizosphere soil	Yes	Yes	No	No	No	No	No	No	No	No	No
SRR16974251	yHAB145_kazachstania_hellenica_160519.haplomerger2	yHAB145	Saccharomycetales	Kazachstania hellenica	Specialist	Specialist	0.0645565169336627	0	0	0.0401841808157011	Yes	Yes	No	No	No	Yes	Yes	Yes	No	No	Yes	No	Yes	Yes	NA	Yes	Yes	Yes	No	Yes	No	No	NA	No	Yes	No	No	Yes	No	Botrytis-affected fermenting grape juice	No	No	No	No	No	No	No	No	No	No	No
SRR16974533	yHAB128_kazachstania_heterogenica_170307	yHAB128	Saccharomycetales	Kazachstania heterogenica	NA	NA	NA	NA	NA	NA	Yes	Yes	No	No	No	No	No	Yes	No	Yes	Yes	No	No	No	No	No	No	No	No	No	No	No	No	No	No	No	Yes	No	No	droppings of rodent	Yes	Yes	No	No	No	No	Yes	No	No	No	No
SRR16974276	yHMPu5000034721_candida_milleri_190924.haplomerger2	34721	Saccharomycetales	Kazachstania humilis	Standard	Standard	0.832837652707025	0.373596315078043	0	0	Yes	Yes	No	No	No	No	No	Yes	No	No	Yes	No	Yes	No	Yes	Yes	Yes	No	No	No	No	No	No	No	No	No	No	No	No	sour dough	Yes	Yes	No	No	No	No	No	No	No	No	No
SRR16974584	yHAB152_candida_humilis_160519.haplomerger2	yHAB152	Saccharomycetales	Kazachstania humilis	Standard	Specialist	NA	NA	NA	NA	Yes	Yes	No	Yes	No	No	No	Yes	No	Yes	Yes	No	Yes	No	Yes	Yes	No	No	No	No	No	No	No	No	No	No	Yes	No	No	Bantu beer	Yes	Yes	No	No	No	No	No	No	No	No	No
SRR16974461	yHDO566_kazachstania_ichnusensis_180604	yHDO566	Saccharomycetales	Kazachstania ichnusensis	NA	NA	NA	NA	NA	NA	NA	NA	NA	NA	NA	NA	NA	NA	NA	NA	NA	NA	NA	NA	NA	NA	NA	NA	NA	NA	NA	NA	NA	NA	NA	NA	NA	NA	NA	rhizosphere of lentisk	Yes	Yes	Yes	Yes	Yes	Yes	No	Yes	No	No	No
SRR16988805	yHMPu5000037210_Kazachstania_jinghongensis_SPADES	37210	Saccharomycetales	Kazachstania jinghongensis	NA	NA	NA	NA	NA	NA	Yes	Yes	No	Yes	No	No	No	NA	No	No	Yes	No	Yes	No	Yes	Yes	No	No	No	No	No	No	No	No	No	No	Yes	No	No	rotting wood	Yes	Yes	Yes	Yes	Yes	Yes	No	No	No	No	No
SRR16974381	yHAB138_kazachstania_lodderae_160519	yHAB138	Saccharomycetales	Kazachstania lodderae	Standard	Standard	0.835835846751823	0.246094486021624	0.212430287149851	0	NA	NA	NA	NA	NA	NA	NA	NA	NA	NA	NA	NA	NA	NA	NA	NA	NA	NA	NA	NA	NA	NA	NA	NA	NA	NA	NA	NA	NA	rotting Opuntia stricta (prickly-pear cactus)	Yes	Yes	Yes	Yes	Yes	Yes	No	Yes	No	No	No
SRR16974347	yHAB156_kazachstania_piceae_160519	yHAB156	Saccharomycetales	Kazachstania piceae	NA	NA	NA	NA	NA	NA	Yes	Yes	No	Yes	No	No	No	No	No	Yes	Yes	Yes	No	No	Yes	Yes	No	No	No	No	No	No	No	No	No	No	No	No	No	particles rhizosphere of Picea abies (spruce)	Yes	Yes	Yes	Yes	Yes	Yes	No	No	No	No	No
SRR16974370	yHAB129_kazachstania_pintolopesii_170307.haplomerger2	yHAB129	Saccharomycetales	Kazachstania pintolopesii	NA	NA	NA	NA	NA	NA	Yes	Yes	No	No	No	No	No	Yes	No	Yes	Yes	No	No	No	No	No	No	No	No	No	No	No	No	No	No	No	Yes	No	No	peritoneal fluid of dead guinea pig	Yes	Yes	No	No	No	No	Yes	No	No	No	No
SRR16974278	yHMPu5000034719_candida_pseudohumilis_180604.haplomerger2	34719	Saccharomycetales	Kazachstania pseudohumilis	Standard	Standard	0.411028642360989	0.386297408715038	0	0	Yes	Yes	No	No	No	No	No	No	No	No	Yes	No	Yes	No	NA	Yes	Yes	No	No	No	No	No	NA	NA	NA	No	NA	No	No	mouth of a Titetan male	Yes	Yes	No	No	No	No	Yes	No	No	No	No
SRR16974287	yHMPu5000034706_Kazachstania_psychrophila_SPADES	34706	Saccharomycetales	Kazachstania psychrophila	NA	NA	NA	NA	NA	NA	No	Yes	NA	Yes	NA	No	NA	No	No	No	Yes	Yes	Yes	No	NA	Yes	Yes	No	No	No	No	No	NA	Yes	NA	No	No	No	No	refrigerated vacuum-packed beef	Yes	Yes	No	No	No	No	No	No	No	No	No
SRR16988789	yHMPu5000037225_kazachstania_saulgeensis_210210	37225	Saccharomycetales	Kazachstania saulgeensis	NA	NA	NA	NA	NA	NA	Yes	Yes	Yes	No	Yes	No	No	Yes	No	NA	Yes	NA	Yes	No	NA	Yes	Yes	No	NA	No	NA	NA	NA	No	NA	No	No	No	No	French sourdough	Yes	Yes	No	No	No	No	No	No	No	No	No
SRR16974622	yHAB151_kazachstania_servazzi_160519	yHAB151	Saccharomycetales	Kazachstania servazzii	Specialist	Specialist	0.935129464040207	0.223681913633042	0	0	Yes	Yes	No	Yes	No	No	No	NA	No	Yes	Yes	No	Yes	No	No	Yes	No	No	No	No	No	No	No	No	No	No	NA	No	No	soil	Yes	Yes	No	No	No	No	No	No	No	No	No
SRR16974264	yHAB161_kazachstania_sinensis_160519	yHAB161	Saccharomycetales	Kazachstania sinensis	NA	NA	NA	NA	NA	NA	Yes	Yes	Yes	No	Yes	No	No	Yes	No	Yes	Yes	No	Yes	No	Yes	Yes	Yes	No	No	No	No	No	No	Yes	No	No	Yes	No	No	dead bird	Yes	Yes	No	No	No	No	Yes	No	No	No	No
SRR16974702	yHAB130_kazachstania_slooffiae_160519.haplomerger2	yHAB130	Saccharomycetales	Kazachstania slooffiae	NA	NA	NA	NA	NA	NA	NA	NA	NA	NA	NA	NA	NA	NA	NA	NA	NA	NA	NA	NA	NA	NA	NA	NA	NA	NA	NA	NA	NA	NA	NA	NA	NA	NA	NA	cecum of a horse	Yes	Yes	No	No	No	No	Yes	No	No	No	No
SRR16974406	yHDO576_kazachstania_sp_180604	yHDO576	Saccharomycetales	Kazachstania sp.	NA	NA	NA	NA	NA	NA	NA	NA	NA	NA	NA	NA	NA	NA	NA	NA	NA	NA	NA	NA	NA	NA	NA	NA	NA	NA	NA	NA	NA	NA	NA	NA	NA	NA	NA	rotting wood	Yes	Yes	Yes	Yes	Yes	Yes	No	No	No	No	No
SRR16974395	yHAB131_kazachstania_telluris_170307	yHAB131	Saccharomycetales	Kazachstania telluris	NA	NA	NA	NA	NA	NA	Yes	Yes	No	No	No	No	No	Yes	No	Yes	Yes	No	No	No	No	No	No	No	No	No	No	No	No	No	No	No	Yes	No	No	soil	Yes	Yes	No	No	No	No	No	No	No	No	No
SRR16988847	yHMPu5000040961_kazachstania_turicensis_201018	40961	Saccharomycetales	Kazachstania turicensis	NA	NA	NA	NA	NA	NA	NA	NA	NA	NA	NA	NA	NA	NA	NA	NA	NA	NA	NA	NA	NA	NA	NA	NA	NA	NA	NA	NA	NA	NA	NA	NA	NA	NA	NA	kefyr grains	Yes	Yes	No	No	No	No	No	No	No	No	No
SRR16974285	yHMPu5000034708_kazachstania_yasuniensis_180604	34708	Saccharomycetales	Kazachstania yasuniensis	Specialist	Standard	0.416696722935188	0.427532503133838	0	0	NA	NA	NA	NA	NA	NA	NA	NA	NA	NA	NA	NA	NA	NA	NA	NA	NA	NA	NA	NA	NA	NA	NA	NA	NA	NA	NA	NA	NA	rotten wood	Yes	Yes	Yes	Yes	Yes	Yes	No	No	No	No	No
SRR16974282	yHMPu5000034711_kluyveromyces_lactis_var_drosophilarum_160519	34711	Saccharomycetales	Kluyveromyces lactis var. drosophilarum	Generalist	Standard	0.435800658361226	0.257517953436269	0.179649348204919	0.175637508404542	Yes	Yes	Yes	Yes	Yes	Yes	Yes	Yes	Yes	Yes	Yes	Yes	Yes	Yes	Yes	Yes	Yes	Yes	Yes	Yes	Yes	Yes	Yes	No	Yes	Yes	Yes	Yes	Yes	Drosophila azteca (fruit fly)	Yes	Yes	No	No	No	No	Yes	No	Yes	Yes	Yes
SRR16974281	yHMPu5000034712_kluyveromyces_lactis_var_lactis_160519	34712	Saccharomycetales	Kluyveromyces lactis var. lactis	Standard	Standard	0.822452678059293	0.341998828825504	0.515119829775624	0.482152522701935	Yes	Yes	Yes	Yes	Yes	Yes	Yes	Yes	Yes	Yes	Yes	Yes	Yes	Yes	No	Yes	Yes	Yes	Yes	Yes	No	No	Yes	No	Yes	Yes	Yes	Yes	Yes	gassy cheese	Yes	Yes	No	No	No	No	No	No	No	No	No
SRR16974280	yHMPu5000034713_kluyveromyces_marxianus_160519.haplomerger2	34713	Saccharomycetales	Kluyveromyces marxianus	Standard	Standard	0.236251048971148	0	0	0	Yes	Yes	Yes	Yes	Yes	Yes	Yes	NA	Yes	Yes	Yes	Yes	No	Yes	Yes	Yes	Yes	Yes	Yes	No	Yes	Yes	Yes	No	Yes	No	NA	No	No	unknown	NA	NA	NA	NA	NA	NA	NA	NA	NA	NA	NA
SRR16974288	yHMPu5000034701_kluyveromyces_nonfermentans_170307	34701	Saccharomycetales	Kluyveromyces nonfermentans	Specialist	Standard	0	0	0	0	Yes	Yes	Yes	No	Yes	Yes	Yes	Yes	Yes	Yes	No	No	No	No	No	Yes	No	Yes	Yes	No	Yes	No	No	No	Yes	No	Yes	No	No	sediment	Yes	Yes	No	No	No	No	No	No	No	No	No
SRR16974289	yHMPu5000034700_kluyveromyces_siamensis_180604	34700	Saccharomycetales	Kluyveromyces siamensis	Standard	Standard	0.346205662708863	0.394066795806265	0	0	Yes	Yes	Yes	Yes	Yes	NA	Yes	Yes	NA	Yes	Yes	Yes	No	Yes	Yes	Yes	Yes	Yes	Yes	No	Yes	No	NA	No	NA	Yes	Yes	No	No	water Mangrove Forest	Yes	Yes	No	No	No	No	No	No	No	No	No
SRR16974394	yHMH660_Kluyveromyces_sp_nov_plate33_SPADES	yHMH660	Saccharomycetales	Kluyveromyces sp.	NA	NA	NA	NA	NA	NA	NA	NA	NA	NA	NA	NA	NA	NA	NA	NA	NA	NA	NA	NA	NA	NA	NA	NA	NA	NA	NA	NA	NA	NA	NA	NA	NA	NA	NA	Bark of Black Cherry (Prunus serotina)	Yes	Yes	Yes	Yes	Yes	Yes	No	Yes	No	No	No
SRR16974428	yHDO570_kluyveromyces_starmeri_180604	yHDO570	Saccharomycetales	Kluyveromyces starmeri	Standard	Standard	0.500030453178269	0	0	0	NA	NA	NA	NA	NA	NA	NA	NA	NA	NA	NA	NA	NA	NA	NA	NA	NA	NA	NA	NA	NA	NA	NA	NA	NA	NA	NA	NA	NA	rotting cactus tissue of C. saddianus	Yes	Yes	Yes	Yes	Yes	Yes	No	Yes	No	No	No
SRR16974290	yHMPu5000034699_kluyveromyces_wickerhamii_170307	34699	Saccharomycetales	Kluyveromyces wickerhamii	Standard	Standard	0.582940276947937	0.683175988205342	0.313680756842613	0	Yes	Yes	Yes	Yes	Yes	Yes	Yes	Yes	No	Yes	Yes	Yes	No	Yes	No	Yes	Yes	Yes	Yes	No	No	No	Yes	No	Yes	Yes	Yes	No	No	gut of Drosophila sp. (fruit fly)	Yes	Yes	No	No	No	No	Yes	No	Yes	Yes	Yes
SRR16988966	yHMPu5000038400_candida_alishanica_190924	38400	Serinales	Kodamaea alishanica	Standard	Standard	0.153085984591056	0.402812826639781	0.133626973811682	0.213549493709993	Yes	Yes	Yes	Yes	Yes	Yes	Yes	Yes	Yes	No	Yes	No	Yes	No	Yes	Yes	Yes	Yes	Yes	Yes	No	No	No	No	No	No	No	Yes	Yes	soil	Yes	Yes	No	No	No	No	No	No	No	No	No
SRR16974352	yHMPu5000034664_kodamaea_anthophila_190924	34664	Serinales	Kodamaea anthophila	Generalist	Standard	0.694953573434849	0.821615111269485	0.0639496961796375	0.632470131305031	Yes	Yes	Yes	Yes	Yes	Yes	Yes	Yes	Yes	Yes	Yes	Yes	Yes	Yes	Yes	Yes	Yes	Yes	Yes	Yes	Yes	Yes	Yes	No	Yes	Yes	Yes	No	Yes	flower of Ipomoea sp.	Yes	Yes	Yes	Yes	Yes	Yes	No	Yes	No	No	No
SRR16988684	yHMPu5000035315_candida_arcana_180604	35315	Serinales	Kodamaea arcana	NA	NA	NA	NA	NA	NA	Yes	Yes	Yes	Yes	Yes	Yes	Yes	No	Yes	Yes	Yes	Yes	Yes	No	Yes	No	Yes	No	Yes	Yes	Yes	Yes	No	Yes	Yes	No	No	No	No	Derodontus esotericus (Derodontidae)	Yes	Yes	No	No	No	No	Yes	No	Yes	Yes	Yes
SRR16974364	yHMPu5000034652_candida_derodonti_SPADES	34652	Serinales	Kodamaea derodonti	NA	NA	NA	NA	NA	NA	Yes	Yes	Yes	Yes	Yes	Yes	Yes	No	Yes	Yes	Yes	Yes	Yes	No	Yes	No	Yes	Yes	Yes	Yes	Yes	Yes	No	No	Yes	No	No	No	Yes	Derodontus esotericus (Derodontidae) ex Hericium sp.	Yes	Yes	No	No	No	No	Yes	No	Yes	Yes	Yes
SRR16988682	yHMPu5000037908_candida_fukazawae_180604	37908	Serinales	Kodamaea fukazawae	Standard	Standard	0	0.498255878992638	0	0.720268690119533	Yes	NA	NA	NA	NA	NA	NA	NA	NA	NA	NA	NA	NA	NA	NA	NA	NA	NA	NA	NA	NA	NA	NA	NA	NA	NA	NA	NA	NA	fruiting body of an unidentified mushroom	Yes	Yes	No	No	No	No	No	No	No	No	No
SRR16988683	yHMPu5000037907_candida_fungicola_180604	37907	Serinales	Kodamaea fungicola	Standard	Standard	0	0	0.254243736067527	0.368420897140654	Yes	NA	NA	NA	NA	NA	NA	NA	NA	NA	NA	NA	NA	NA	NA	NA	NA	NA	NA	NA	NA	NA	NA	NA	NA	NA	NA	NA	NA	fruiting body of an unidentified mushroom	Yes	Yes	No	No	No	No	No	No	No	No	No
SRR16988901	yHMPu5000040930_candida_hsintzibuensis_201018	40930	Serinales	Kodamaea hsintzibuensis	Standard	Standard	0	0.592300277292819	0.164200759305543	0.518719203378119	Yes	Yes	Yes	Yes	Yes	Yes	Yes	No	Yes	Yes	Yes	Yes	Yes	Yes	No	No	Yes	Yes	Yes	Yes	Yes	Yes	No	No	Yes	No	No	Yes	Yes	soil	Yes	Yes	No	No	No	No	No	No	No	No	No
SRR16988783	yHMPu5000037230_kodamaea_jinghongensis_210210	37230	Serinales	Kodamaea jinghongensis	NA	NA	NA	NA	NA	NA	Yes	Yes	Yes	Yes	No	Yes	No	Yes	Yes	No	Yes	Yes	Yes	Yes	Yes	Yes	Yes	Yes	Yes	Yes	Yes	Yes	No	No	Yes	No	Yes	No	Yes	rotting wood	Yes	Yes	Yes	Yes	Yes	Yes	No	No	No	No	No
SRR16989221	yHMPu5000038060_kodamaea_kakaduensis_170912	38060	Serinales	Kodamaea kakaduensis	Standard	Standard	0.161128238300602	0.572072606029431	0.0655061524247995	0.558446558585707	Yes	Yes	Yes	Yes	Yes	Yes	Yes	Yes	Yes	Yes	Yes	Yes	Yes	Yes	Yes	Yes	Yes	Yes	Yes	Yes	Yes	Yes	No	No	Yes	Yes	Yes	Yes	Yes	flower of Hibiscus meraukensis	Yes	Yes	Yes	Yes	Yes	Yes	No	Yes	No	No	No
SRR16989175	yHMPu5000038109_candida_kaohsiungensis_170912	38109	Serinales	Kodamaea kaohsiungensis	Standard	Standard	0	0.458955582883583	0	0.365857227922786	Yes	Yes	Yes	Yes	Yes	Yes	Yes	No	Yes	Yes	Yes	Yes	Yes	Yes	Yes	No	Yes	Yes	Yes	Yes	Yes	Yes	No	No	Yes	No	No	Yes	Yes	fruitbody of Pleurotus sp.	Yes	Yes	No	No	No	No	No	No	No	No	No
SRR16974365	yHMPu5000034651_candida_leandrae_170307	34651	Serinales	Kodamaea leandrae	Standard	Standard	0.187974266773945	0	0	0.17259422830469	NA	NA	NA	NA	NA	NA	NA	NA	NA	NA	NA	NA	NA	NA	NA	NA	NA	NA	NA	NA	NA	NA	NA	NA	NA	NA	NA	NA	NA	decaying fruit of Leandra reversa (Miconieae, Melastomataceae)	Yes	Yes	Yes	Yes	Yes	Yes	No	Yes	No	No	No
SRR16989016	yHMPu5000038379_candida_lidongshanica_180604	38379	Serinales	Kodamaea lidongshanica	NA	NA	NA	NA	NA	NA	Yes	Yes	No	No	No	No	No	No	Yes	No	Yes	Yes	Yes	No	No	No	Yes	Yes	Yes	Yes	No	Yes	No	No	No	No	No	Yes	No	fruitbody of Pleurotus sp.	Yes	Yes	No	No	No	No	No	No	No	No	No
SRR16988785	yHMPu5000037229_kodamaea_neixiangensis_210210	37229	Serinales	Kodamaea neixiangensis	NA	NA	NA	NA	NA	NA	Yes	Yes	Yes	Yes	No	Yes	No	Yes	Yes	No	Yes	Yes	Yes	Yes	No	No	Yes	Yes	Yes	Yes	Yes	Yes	No	No	Yes	No	No	Yes	Yes	rotting wood	Yes	Yes	Yes	Yes	Yes	Yes	No	No	No	No	No
SRR16974509	yHMPu5000026273_kodamaea_nitidulidarum_170307	26273	Serinales	Kodamaea nitidulidarum	Standard	Standard	0.351651815719625	0.467769905666303	0.144033703017919	0.300040628068873	Yes	Yes	Yes	Yes	Yes	Yes	Yes	Yes	Yes	Yes	Yes	Yes	Yes	No	Yes	Yes	Yes	Yes	Yes	Yes	Yes	Yes	Yes	No	Yes	Yes	Yes	Yes	Yes	flower of Pilosocereus arrabidae	Yes	Yes	Yes	Yes	Yes	Yes	No	Yes	No	No	No
SRR16974367	yHMPu5000034649_candida_plutei_180604	34649	Serinales	Kodamaea plutei	NA	NA	NA	NA	NA	NA	Yes	Yes	Yes	Yes	Yes	Yes	Yes	Yes	Yes	No	No	Yes	Yes	Yes	No	No	Yes	Yes	Yes	Yes	Yes	Yes	No	No	Yes	Yes	No	Yes	Yes	unidentified staphylinid (Staphylinidae)	Yes	Yes	No	No	No	No	Yes	No	Yes	Yes	Yes
SRR16988707	yHMPu5000037886_candida_sagamina_180604	37886	Serinales	Kodamaea sagamina	NA	NA	NA	NA	NA	NA	NA	NA	NA	NA	NA	NA	NA	NA	NA	NA	NA	NA	NA	NA	NA	NA	NA	NA	NA	NA	NA	NA	NA	NA	NA	NA	NA	NA	NA	fruiting body of an unidentified mushroom	Yes	Yes	No	No	No	No	No	No	No	No	No
SRR16988998	yHQL449_Kodamaea_sp_nov_plate33_PLATANUS	yHQL449	Serinales	Kodamaea sp.	NA	NA	NA	NA	NA	NA	NA	NA	NA	NA	NA	NA	NA	NA	NA	NA	NA	NA	NA	NA	NA	NA	NA	NA	NA	NA	NA	NA	NA	NA	NA	NA	NA	NA	NA	Fungal mat Pinus contorta	Yes	Yes	No	No	No	No	No	No	No	No	No
SRR16988997	yHQL451_Kodamaea_sp_nov_plate33_SPADES	yHQL451	Serinales	Kodamaea sp.	NA	NA	NA	NA	NA	NA	NA	NA	NA	NA	NA	NA	NA	NA	NA	NA	NA	NA	NA	NA	NA	NA	NA	NA	NA	NA	NA	NA	NA	NA	NA	NA	NA	NA	NA	Fungal mat Pinus contorta	Yes	Yes	No	No	No	No	No	No	No	No	No
SRR16989200	yHMPu5000038082_candida_suecica_180604	38082	Serinales	Kodamaea suecica	NA	NA	NA	NA	NA	NA	Yes	Yes	No	Yes	No	Yes	No	No	Yes	Yes	Yes	No	Yes	Yes	Yes	No	Yes	No	No	Yes	Yes	Yes	No	No	No	Yes	No	No	Yes	sea water	Yes	Yes	No	No	No	No	No	No	No	No	No
SRR16988923	yHMPu5000035676_komagataella_kurtzmanii_160613	35676	Pichiales	Komagataella kurtzmanii	Standard	Standard	0.169436529287949	0.452583545195967	0.206367374535995	0	Yes	Yes	Yes	Yes	NA	No	Yes	NA	No	Yes	Yes	Yes	No	No	No	No	No	No	No	No	No	No	No	No	No	No	No	No	No	fir flux	Yes	Yes	Yes	Yes	Yes	Yes	No	No	No	No	No
SRR16988794	yHMPu5000037220_komagataella_mondaviorum_210210	37220	Pichiales	Komagataella mondaviorum	Standard	Standard	0	0.62831589718724	0.318263908564396	0	Yes	Yes	Yes	Yes	NA	Yes	Yes	NA	Yes	Yes	Yes	Yes	Yes	No	No	No	No	No	No	No	No	No	No	No	NA	No	No	No	No	exudate of cottonwood (Populus deltoides)	Yes	Yes	Yes	Yes	Yes	Yes	No	Yes	No	No	No
SRR16974429	yHMPu5000034953_komagataella_pastoris_160519	34953	Pichiales	Komagataella pastoris	Standard	Standard	0	0.608255175853813	0.303611226271024	0	Yes	Yes	Yes	Yes	Yes	Yes	Yes	Yes	Yes	Yes	Yes	Yes	Yes	No	No	No	No	No	No	No	No	No	No	No	No	No	Yes	No	No	exudate chestnut tree	Yes	Yes	Yes	Yes	Yes	Yes	No	Yes	No	No	No
SRR16974436	yHMPu5000034941_komagataella_phaffii_160519	34941	Pichiales	Komagataella phaffii	Standard	Standard	0	0.712293530193024	0.381146873016962	0	Yes	Yes	Yes	Yes	Yes	Yes	Yes	Yes	Yes	Yes	Yes	Yes	Yes	No	No	No	No	No	No	No	No	No	No	No	No	No	Yes	No	No	Quercus kelloggii (black oak)	Yes	Yes	Yes	Yes	Yes	Yes	No	Yes	No	No	No
SRR16974438	yHMPu5000034938_Komagataella_ulmi_SPAdes	34938	Pichiales	Komagataella ulmi	Standard	Standard	0.339378220967481	0.438137596290052	0.228380481367157	0	Yes	Yes	NA	Yes	NA	Yes	NA	NA	Yes	Yes	Yes	Yes	Yes	No	NA	No	No	No	No	No	No	No	NA	No	NA	No	NA	No	No	Exudate, elm tree( Ulmus americana)	Yes	Yes	Yes	Yes	Yes	Yes	No	Yes	No	No	No
SRR16974382	yHMPu5000026068_kregervanrija_pseudodelftensis_170713	26068	Pichiales	Kregervanrija pseudodelftensis	Specialist	Standard	0	0.563192965607539	0	0	NA	NA	NA	NA	NA	NA	NA	NA	NA	NA	NA	NA	NA	NA	NA	NA	NA	NA	NA	NA	NA	NA	NA	NA	NA	NA	NA	NA	NA	fallen apple that had over-wintered in an orchard	Yes	Yes	Yes	Yes	Yes	Yes	No	Yes	No	No	No
SRR16988958	yHMPu5000038408_candida_borneonana_170713	38408	Pichiales	Kuraishia borneana	Standard	Generalist	0	0.362094685100057	0	0.139100928326993	Yes	Yes	Yes	Yes	No	Yes	No	Yes	Yes	Yes	Yes	Yes	Yes	Yes	NA	No	No	Yes	Yes	No	Yes	No	Yes	No	Yes	No	NA	No	NA	fruit	Yes	Yes	Yes	Yes	Yes	Yes	No	No	No	No	No
SRR16974441	yHMPu5000034936_kuraishia_cidri_180604	34936	Pichiales	Kuraishia cidri	Standard	Generalist	0	0.763964294987297	0.408973509999057	0.46940818749336	Yes	Yes	Yes	Yes	Yes	Yes	Yes	No	Yes	Yes	Yes	Yes	Yes	Yes	Yes	No	Yes	No	No	Yes	Yes	Yes	Yes	No	No	Yes	No	Yes	Yes	apple cider	Yes	Yes	No	No	No	No	No	No	No	No	No
SRR16974442	yHMPu5000034935_kuraishia_floccosa_210210	34935	Pichiales	Kuraishia floccosa	NA	NA	NA	NA	NA	NA	Yes	Yes	Yes	Yes	Yes	Yes	Yes	Yes	Yes	Yes	Yes	No	Yes	No	Yes	No	Yes	No	No	Yes	No	Yes	Yes	No	No	Yes	NA	Yes	No	flux of a sessile oak (Quercus petrea)	Yes	Yes	Yes	Yes	Yes	Yes	No	Yes	No	No	No
SRR16974443	yHMPu5000034934_kuraishia_hungarica_201018	34934	Pichiales	Kuraishia hungarica	Standard	Standard	0.459466851508184	0.471182138405219	0	0.645610447563276	Yes	Yes	Yes	No	Yes	Yes	Yes	Yes	No	NA	Yes	No	No	Yes	No	Yes	Yes	Yes	Yes	Yes	Yes	No	Yes	Yes	No	Yes	No	Yes	No	rotten wood of Quercus sp.	Yes	Yes	Yes	Yes	Yes	Yes	No	Yes	No	No	No
SRR16974446	yHMPu5000034931_kuraishia_piskuri_170307	34931	Pichiales	Kuraishia piskuri	Standard	Generalist	0	0.678531883539942	0	0.458828949412245	Yes	Yes	NA	Yes	NA	Yes	NA	Yes	Yes	Yes	Yes	Yes	Yes	Yes	NA	Yes	Yes	Yes	Yes	Yes	Yes	No	NA	Yes	NA	Yes	Yes	Yes	Yes	Insect frass, Caribbean pine (Pinus caribaea)	Yes	Yes	No	No	No	No	Yes	No	Yes	Yes	Yes
SRR16988795	yHMPu5000035303_candida_natalensis_201018	35303	Serinales	Kurtzmaniella natalensis	Generalist	Standard	0.187154312764059	0.59716510685589	0.142342318024004	0.821329758651053	NA	NA	NA	NA	NA	NA	NA	NA	NA	NA	NA	NA	NA	NA	NA	NA	NA	NA	NA	NA	NA	NA	NA	NA	NA	NA	NA	NA	NA	soil	Yes	Yes	No	No	No	No	No	No	No	No	No
SRR16989021	yHMPu5000038372_candida_oleophila_170713	38372	Serinales	Kurtzmaniella oleophila	Standard	Standard	0.14038400276134	0.376441173650908	0	0.260170171081403	Yes	Yes	Yes	Yes	Yes	Yes	Yes	Yes	Yes	Yes	Yes	Yes	Yes	Yes	Yes	Yes	Yes	Yes	Yes	Yes	Yes	Yes	Yes	Yes	Yes	Yes	No	Yes	Yes	fruit of Olea europea (olive)	Yes	Yes	Yes	Yes	Yes	Yes	No	Yes	No	No	No
SRR16974566	yHMPu5000034644_candida_quercitrusa_170307	34644	Serinales	Kurtzmaniella quercitrusa	Standard	Standard	0.32525683618737	0	0.160569597077689	0.541923263134746	Yes	Yes	Yes	Yes	Yes	Yes	Yes	Yes	Yes	Yes	Yes	Yes	Yes	Yes	Yes	Yes	Yes	No	No	Yes	No	Yes	Yes	Yes	No	Yes	Yes	Yes	Yes	insect frass on Quercus sp. (oak tree)	Yes	Yes	No	No	No	No	Yes	No	Yes	Yes	Yes
SRR16974291	yHMPu5000034698_lachancea_cidri_201018.haplomerger2	34698	Saccharomycetales	Lachancea cidri	NA	NA	NA	NA	NA	NA	Yes	Yes	Yes	Yes	Yes	Yes	Yes	NA	Yes	Yes	Yes	Yes	Yes	Yes	No	Yes	Yes	No	No	Yes	No	No	Yes	No	No	Yes	NA	No	Yes	cider	Yes	Yes	No	No	No	No	No	No	No	No	No
SRR16988996	yHQL494_Lachancea_sp_nov_plate34_PLATANUS	yHQL494	Saccharomycetales	Lachancea sp.	NA	NA	NA	NA	NA	NA	NA	NA	NA	NA	NA	NA	NA	NA	NA	NA	NA	NA	NA	NA	NA	NA	NA	NA	NA	NA	NA	NA	NA	NA	NA	NA	NA	NA	NA	rose hips Rosa californica	Yes	Yes	Yes	Yes	Yes	Yes	No	Yes	No	No	No
SRR16974725	yHMPu5000034746_lipomyces_smithiae_170713	34746	Lipomycetales	Limtongia smithiae	NA	NA	NA	NA	NA	NA	Yes	Yes	Yes	Yes	Yes	No	No	Yes	No	Yes	No	Yes	No	Yes	Yes	No	Yes	No	Yes	No	No	No	Yes	No	Yes	No	No	No	No	frass of Crossotarsus externedentatus (ambrosia beetle), in Macaranga capensis	Yes	Yes	No	No	No	No	Yes	No	Yes	Yes	Yes
SRR16974716	yHMPu5000034755_lipomyces_chichibuensis_170713	34755	Lipomycetales	Lipomyces chichibuensis	NA	NA	NA	NA	NA	NA	Yes	Yes	Yes	No	Yes	Yes	Yes	Yes	Yes	No	No	Yes	Yes	Yes	Yes	No	Yes	Yes	No	Yes	No	Yes	Yes	Yes	No	Yes	No	Yes	Yes	soil	Yes	Yes	No	No	No	No	No	No	No	No	No
SRR16974712	yHMPu5000034759_lipomyces_kockii_170307	34759	Lipomycetales	Lipomyces kockii	NA	NA	NA	NA	NA	NA	Yes	Yes	Yes	No	Yes	No	No	No	Yes	Yes	No	No	No	No	Yes	Yes	Yes	Yes	Yes	Yes	No	No	Yes	No	Yes	Yes	No	Yes	Yes	soil of forest	Yes	Yes	No	No	No	No	No	No	No	No	No
SRR16988714	yHMPu5000037878_Lipomyces_kononenkoae_SPADES	37878	Lipomycetales	Lipomyces kononenkoae	Standard	Standard	0.251370673460008	0.282828028374327	0.218734820580482	0.302669558946583	Yes	Yes	Yes	No	Yes	Yes	Yes	Yes	Yes	Yes	No	No	Yes	No	Yes	Yes	Yes	Yes	Yes	Yes	No	Yes	Yes	Yes	Yes	Yes	No	Yes	Yes	soil in a citrus orchard	Yes	Yes	No	No	No	No	No	No	No	No	No
SRR16974723	yHMPu5000034747_lipomyces_orientalis_170307	34747	Lipomycetales	Lipomyces orientalis	NA	NA	NA	NA	NA	NA	Yes	Yes	Yes	No	NA	Yes	NA	Yes	Yes	Yes	No	Yes	Yes	Yes	Yes	Yes	Yes	Yes	Yes	Yes	Yes	Yes	Yes	Yes	Yes	Yes	No	Yes	Yes	soil	Yes	Yes	No	No	No	No	No	No	No	No	No
SRR16974726	yHMPu5000034745_lipomyces_sp_201018	34745	Lipomycetales	Lipomyces sp.	NA	NA	NA	NA	NA	NA	NA	NA	NA	NA	NA	NA	NA	NA	NA	NA	NA	NA	NA	NA	NA	NA	NA	NA	NA	NA	NA	NA	NA	NA	NA	NA	NA	NA	NA	NA	NA	NA	NA	NA	NA	NA	NA	NA	NA	NA	NA
SRR16974727	yHMPu5000034744_lipomyces_spencer-martinsiae_170307	34744	Lipomycetales	Lipomyces sp.	NA	NA	NA	NA	NA	NA	Yes	Yes	Yes	Yes	No	Yes	Yes	Yes	Yes	Yes	No	No	Yes	No	Yes	Yes	Yes	No	No	Yes	No	Yes	Yes	No	No	Yes	Yes	Yes	Yes	soil	Yes	Yes	No	No	No	No	No	No	No	No	No
SRR16988713	yHMPu5000037879_Lipomyces_spencer-martinsiae_S172_SPADES	37879	Lipomycetales	Lipomyces spencermartinsiae	Standard	Standard	2.31942460331098	0	1.86339004290026	NA	Yes	Yes	Yes	Yes	No	Yes	Yes	Yes	Yes	Yes	No	No	Yes	No	Yes	Yes	Yes	No	No	Yes	No	Yes	Yes	No	No	Yes	Yes	Yes	Yes	soil	Yes	Yes	No	No	No	No	No	No	No	No	No
SRR16974259	yHMPu5000034741_lipomyces_tetrasporus_170307	34741	Lipomycetales	Lipomyces tetrasporus	NA	NA	NA	NA	NA	NA	Yes	Yes	Yes	Yes	Yes	Yes	Yes	Yes	Yes	Yes	No	Yes	Yes	Yes	Yes	Yes	Yes	Yes	Yes	Yes	Yes	Yes	Yes	Yes	Yes	Yes	Yes	Yes	Yes	soil	Yes	Yes	No	No	No	No	No	No	No	No	No
SRR16974260	yHMPu5000034740_lipomyces_yamadae_SPADES	34740	Lipomycetales	Lipomyces yamadae	Standard	Specialist	0.252302178767472	0.466065635315062	0	0.580356464226026	Yes	Yes	Yes	No	Yes	Yes	Yes	Yes	Yes	Yes	No	No	Yes	No	Yes	Yes	Yes	Yes	Yes	Yes	No	Yes	Yes	Yes	Yes	Yes	Yes	Yes	Yes	soil	Yes	Yes	No	No	No	No	No	No	No	No	No
SRR16988782	yHMPu5000037231_lipomyces_yamanashiensis_210210	37231	Lipomycetales	Lipomyces yamanashiensis	NA	NA	NA	NA	NA	NA	Yes	Yes	No	Yes	No	No	Yes	Yes	No	Yes	No	No	Yes	Yes	Yes	Yes	Yes	Yes	No	Yes	Yes	No	Yes	No	No	Yes	No	Yes	No	soil	Yes	Yes	No	No	No	No	No	No	No	No	No
SRR16974261	yHMPu5000034739_lipomyces_yarrowii_190924	34739	Lipomycetales	Lipomyces yarrowii	NA	NA	NA	NA	NA	NA	Yes	Yes	Yes	No	Yes	Yes	Yes	Yes	Yes	Yes	No	No	Yes	No	Yes	Yes	Yes	Yes	Yes	Yes	Yes	No	Yes	Yes	Yes	Yes	No	Yes	Yes	soil	Yes	Yes	No	No	No	No	No	No	No	No	No
SRR16988770	yHMPu5000037243_lodderomyces_sp_210210	37243	Serinales	Lodderomyces beijingensis	NA	NA	NA	NA	NA	NA	Yes	Yes	Yes	Yes	Yes	Yes	Yes	Yes	Yes	Yes	Yes	Yes	Yes	No	NA	No	Yes	No	No	Yes	Yes	Yes	Yes	Yes	NA	No	Yes	Yes	Yes	A. sierersi	Yes	Yes	No	No	No	No	Yes	No	Yes	Yes	Yes
SRR16974669	yHDO581_magnusiomyces_capitatus_190924	yHDO581	Dipodascales	Magnusiomyces capitatus	Specialist	Standard	0	0	0.656258635511225	0	NA	NA	NA	NA	NA	NA	NA	NA	NA	NA	NA	NA	NA	NA	NA	NA	NA	NA	NA	NA	NA	NA	NA	NA	NA	NA	NA	NA	NA	bovine mastitic milk	Yes	Yes	No	No	No	No	Yes	No	No	No	No
SRR16974581	yHMPu5000034630_Magnusiomyces_magnusii_S134_MASURCA.haplomerger2	34630	Dipodascales	Magnusiomyces magnusii	Standard	Standard	0.121302576906563	0.1467309048066	0.510716522518034	0	NA	NA	NA	NA	NA	NA	NA	NA	NA	NA	NA	NA	NA	NA	NA	NA	NA	NA	NA	NA	NA	NA	NA	NA	NA	NA	NA	NA	NA	unknown	NA	NA	NA	NA	NA	NA	NA	NA	NA	NA	NA
SRR16989097	yHMPu5000041819_magnusiomyces_starmeri_201018	41819	Dipodascales	Magnusiomyces starmeri	Standard	Standard	0.710252946503575	0.944781486870975	0.810416608531804	0	NA	NA	NA	NA	NA	NA	NA	NA	NA	NA	NA	NA	NA	NA	NA	NA	NA	NA	NA	NA	NA	NA	NA	NA	NA	NA	NA	NA	NA	rotting saguaro cactus (Carnegiea gigantean), Southern Arizona,	Yes	Yes	Yes	Yes	Yes	Yes	No	Yes	No	No	No
SRR16988712	yHMPu5000037881_martiniozyma_asiatica_190924	37881	Pichiales	Martiniozyma asiatica	Standard	Standard	0	0.464042604563279	0.253266531183961	0	Yes	Yes	Yes	Yes	Yes	Yes	Yes	Yes	Yes	Yes	Yes	Yes	No	Yes	Yes	No	No	No	No	No	Yes	Yes	NA	No	NA	No	No	No	No	water Mangrove Forest	Yes	Yes	No	No	No	No	No	No	No	No	No
SRR16989110	yHMPu5000041806_metschnikowia_agaves_170307	41806	Serinales	Metschnikowia agaves	Standard	Standard	0.588145107462746	0.648712449899139	0.440178996552623	0.581006940139375	Yes	Yes	Yes	Yes	Yes	Yes	Yes	Yes	Yes	Yes	Yes	Yes	Yes	Yes	Yes	Yes	Yes	Yes	Yes	Yes	Yes	Yes	No	No	Yes	Yes	Yes	Yes	No	rotten leaf of Agave tequilana var. azul (blue agave)	Yes	Yes	Yes	Yes	Yes	Yes	No	Yes	No	No	No
SRR16988850	yHMPu5000040958_metschnikowia_andauensis_201018	40958	Serinales	Metschnikowia andauensis	Standard	Standard	0.367342551461763	0.609604294516975	0.29404304821022	0.347808316155769	Yes	NA	NA	NA	NA	NA	NA	NA	NA	NA	NA	NA	NA	NA	NA	NA	NA	NA	NA	NA	NA	NA	NA	NA	NA	NA	NA	NA	NA	excrements of caterpillar of Ostrinia nubilalis	Yes	Yes	No	No	No	No	Yes	No	Yes	Yes	Yes
SRR16988816	yHMPu5000037200_metschnikowia_anglica_210210	37200	Serinales	Metschnikowia anglica	Standard	Standard	0.520467850374569	1.02716740084503	0.348291619684452	0.522799190194438	Yes	Yes	NA	Yes	NA	Yes	NA	NA	Yes	No	Yes	Yes	Yes	Yes	NA	Yes	Yes	Yes	Yes	Yes	Yes	No	NA	Yes	NA	Yes	NA	Yes	Yes	not given	NA	NA	NA	NA	NA	NA	NA	NA	NA	NA	NA
SRR16988723	yHMPu5000037869_metschnikowia_australis_190924	37869	Serinales	Metschnikowia australis	NA	NA	NA	NA	NA	NA	Yes	Yes	Yes	Yes	No	Yes	Yes	No	Yes	Yes	No	Yes	Yes	Yes	No	Yes	Yes	Yes	Yes	Yes	Yes	No	Yes	No	Yes	No	No	Yes	No	sea water	Yes	Yes	No	No	No	No	No	No	No	No	No
SRR16988808	yHMPu5000037208_metschnikowia_baotianmanensis_210210	37208	Serinales	Metschnikowia baotianmanensis	Generalist	Standard	0.353160274525386	0.738816976231868	0.322257421047435	0.434056117013675	Yes	Yes	No	Yes	No	Yes	No	Yes	Yes	No	Yes	No	Yes	Yes	Yes	Yes	Yes	Yes	Yes	Yes	Yes	No	Yes	Yes	Yes	Yes	No	Yes	Yes	gut of rhinoceros beetle A. dichotoma	Yes	Yes	No	No	No	No	Yes	No	Yes	Yes	Yes
SRR16988724	yHMPu5000037868_metschnikowia_bicuspidata_var_californica_180604.haplomerger2	37868	Serinales	Metschnikowia bicuspidata var. californica	Standard	Standard	0.0705971070536668	0.661020477531227	0.193146348864299	0.36522292551742	Yes	Yes	Yes	Yes	Yes	Yes	Yes	Yes	Yes	Yes	Yes	Yes	Yes	Yes	Yes	Yes	Yes	Yes	Yes	Yes	Yes	No	Yes	Yes	Yes	Yes	No	Yes	No	sea water	Yes	Yes	No	No	No	No	No	No	No	No	No
SRR16989109	yHMPu5000041807_metschnikowia_bicuspidata_var_chathamia_190924.haplomerger2	41807	Serinales	Metschnikowia bicuspidata var. chathamia	Standard	Standard	0.196593604489199	0.387969009366899	0.223083709174334	0.41877656209149	Yes	Yes	Yes	Yes	Yes	Yes	Yes	Yes	Yes	Yes	Yes	Yes	Yes	Yes	No	Yes	Yes	Yes	Yes	Yes	Yes	No	Yes	No	Yes	Yes	No	Yes	Yes	lake	Yes	Yes	No	No	No	No	No	No	No	No	No
SRR16989108	yHMPu5000041808_metschnikowia_caudata_170307	41808	Serinales	Metschnikowia caudata	Standard	Specialist	0	0.873680928222871	2.16491581739497	0	Yes	Yes	Yes	Yes	Yes	Yes	Yes	Yes	Yes	Yes	No	Yes	Yes	No	Yes	No	Yes	Yes	Yes	Yes	No	No	No	NA	NA	No	No	Yes	No	Floral nectar of Protea dracomontana.	Yes	Yes	Yes	Yes	Yes	Yes	No	Yes	No	No	No
SRR16989038	yHMPu5000041857_candida_chrysomelidarum_160928.haplomerger2	41857	Serinales	Metschnikowia chrysomelidarum	Standard	Standard	0	0.313119274390219	0.0428342728656598	0	Yes	Yes	Yes	No	Yes	Yes	Yes	Yes	No	NA	Yes	No	No	No	No	No	Yes	No	No	Yes	No	No	Yes	No	No	No	Yes	Yes	No	unidentified leaf beetle (Coleoptera, Chrysomelidae)	Yes	Yes	No	No	No	No	Yes	No	Yes	Yes	Yes
SRR16989107	yHMPu5000041809_metschnikowia_chrysoperlae_170307.haplomerger2	41809	Serinales	Metschnikowia chrysoperlae	Standard	Standard	0.218107582861055	0.375897129105859	0.195418626048625	0.326367493278423	Yes	NA	NA	NA	NA	NA	NA	Yes	NA	NA	NA	NA	NA	NA	NA	NA	NA	NA	NA	NA	NA	NA	NA	NA	NA	NA	Yes	NA	NA	eggs of adult Chrysoperla sp.	Yes	Yes	No	No	No	No	Yes	No	Yes	Yes	Yes
SRR16988891	yHMPu5000040942_Metschnikowia_colocasiae_SPADES	40942	Serinales	Metschnikowia colocasiae	Standard	Specialist	0.531468305171314	0.576340244274805	0	0.437720426968038	Yes	NA	NA	NA	NA	NA	NA	NA	NA	NA	NA	NA	NA	NA	NA	NA	NA	NA	NA	NA	NA	NA	NA	NA	NA	NA	NA	NA	NA	Conotelus sp. (Coleoptera: Nitidulidae) on flower of Ipomoea indica (Convolvulaceae)	Yes	Yes	No	No	No	No	Yes	No	Yes	Yes	Yes
SRR16988773	yHMPu5000035305_metschnikowia_corniflorae_180604.haplomerger2	35305	Serinales	Metschnikowia corniflorae	Standard	Standard	0.815913486562391	0.678382112322979	0.520521319918768	0.600689445824211	Yes	Yes	Yes	No	Yes	Yes	Yes	Yes	Yes	NA	No	No	Yes	No	No	Yes	Yes	Yes	Yes	Yes	Yes	Yes	Yes	Yes	Yes	Yes	Yes	Yes	Yes	coleoptera (Rhaxonycha sp., Cantharidae) cathced on flowers of Cornus drummondii	Yes	Yes	No	No	No	No	Yes	No	Yes	Yes	Yes
SRR16989106	yHMPu5000041810_metschnikowia_drosophilae_201018	41810	Serinales	Metschnikowia drosophilae	Standard	Standard	0.496807368920819	0.420984991718024	0.540301485057815	0	Yes	Yes	Yes	Yes	Yes	Yes	Yes	Yes	Yes	NA	NA	Yes	Yes	Yes	Yes	Yes	Yes	Yes	Yes	Yes	Yes	Yes	Yes	Yes	Yes	Yes	Yes	Yes	No	flower of Ipomoea sp.	Yes	Yes	Yes	Yes	Yes	Yes	No	Yes	No	No	No
SRR16988725	yHMPu5000037867_metschnikowia_fructicola_190924.haplomerger2	37867	Serinales	Metschnikowia fructicola	Generalist	Standard	0.473218734915169	0.744711682119404	0.324969516653993	0.590405778821262	NA	NA	NA	NA	NA	NA	NA	NA	NA	NA	NA	NA	NA	NA	NA	NA	NA	NA	NA	NA	NA	NA	NA	NA	NA	NA	NA	NA	NA	table grapes, Israel	Yes	Yes	No	No	No	No	No	No	No	No	No
SRR16989034	yHMPu5000041861_candida_gelsemii_170307.haplomerger2	41861	Serinales	Metschnikowia gelsemii	Standard	Standard	0	0.479596635275017	0.1650048227405	0.314536601657379	NA	NA	NA	NA	NA	NA	NA	NA	NA	NA	NA	NA	NA	NA	NA	NA	NA	NA	NA	NA	NA	NA	NA	NA	NA	NA	NA	NA	NA	nectar of yellow jessamine (Gelsemium sempervirens, Gelsemiaceae)	Yes	Yes	Yes	Yes	Yes	Yes	No	Yes	No	No	No
SRR16988859	yHMPu5000040947_metschnikowia_gruessii_201018	40947	Serinales	Metschnikowia gruessii	Standard	Standard	0	0.667889774456777	0.3159795261345	0.36301187735561	Yes	Yes	Yes	Yes	Yes	Yes	Yes	No	Yes	Yes	Yes	No	No	Yes	Yes	Yes	Yes	Yes	Yes	Yes	Yes	No	Yes	No	Yes	Yes	No	Yes	No	nectary of flower of Hebe salicifolia	Yes	Yes	Yes	No	No	No	No	No	No	No	No
SRR16988857	yHMPu5000040949_metschnikowia_hawaiiensis_201018	40949	Serinales	Metschnikowia hawaiiensis	Standard	Standard	0.514884803860802	0.624160228265547	0.24665107972348	0.420352892279348	Yes	Yes	Yes	Yes	Yes	Yes	Yes	Yes	Yes	Yes	Yes	Yes	Yes	Yes	Yes	Yes	Yes	Yes	Yes	Yes	Yes	Yes	Yes	Yes	Yes	Yes	No	Yes	Yes	flower of Ipomoea acuminata (morning glory)	Yes	Yes	Yes	Yes	Yes	Yes	No	Yes	No	No	No
SRR16989122	yHMPu5000038328_Metschnikowia_henanensis_SPADES.haplomerger2	38328	Serinales	Metschnikowia henanensis	Standard	Standard	0.281444233769924	0.427334356857768	0.180449997016827	0.232669615410857	Yes	Yes	Yes	Yes	No	Yes	Yes	Yes	Yes	No	Yes	No	Yes	No	Yes	Yes	Yes	Yes	Yes	Yes	Yes	No	Yes	Yes	Yes	Yes	Yes	Yes	Yes	Rotting wood	Yes	Yes	Yes	Yes	Yes	Yes	No	No	No	No	No
SRR16988693	yHMPu5000037898_candida_kofuensis_190924	37898	Serinales	Metschnikowia kofuensis	NA	NA	NA	NA	NA	NA	Yes	Yes	Yes	Yes	Yes	Yes	Yes	Yes	Yes	Yes	Yes	Yes	Yes	Yes	Yes	Yes	Yes	Yes	Yes	Yes	Yes	Yes	Yes	Yes	Yes	Yes	No	Yes	Yes	berries of Vitis coignetiae (wild grapes)	Yes	Yes	Yes	Yes	Yes	Yes	No	Yes	No	No	No
SRR16989121	yHMPu5000038329_metschnikowia_koreensis_180604.haplomerger2	38329	Serinales	Metschnikowia koreensis	Standard	Standard	0	0	0.27965167010009	0.364848176947391	Yes	Yes	Yes	Yes	No	Yes	No	Yes	No	NA	NA	No	Yes	Yes	No	Yes	Yes	Yes	Yes	Yes	No	No	Yes	Yes	Yes	Yes	NA	Yes	No	flowers of Lilium sp.	Yes	Yes	Yes	Yes	Yes	Yes	No	Yes	No	No	No
SRR16989105	yHMPu5000041811_metschnikowia_krissii_170307.haplomerger2	41811	Serinales	Metschnikowia krissii	NA	NA	NA	NA	NA	NA	Yes	Yes	Yes	Yes	No	No	Yes	Yes	Yes	Yes	No	Yes	Yes	No	No	No	Yes	Yes	Yes	Yes	No	No	No	No	Yes	No	Yes	Yes	Yes	sea water	Yes	Yes	No	No	No	No	No	No	No	No	No
SRR16989104	yHMPu5000041812_metschnikowia_kunwiensis_190924	41812	Serinales	Metschnikowia kunwiensis	Standard	Standard	0.263754836888111	0.222658890478164	0.253031278729123	0.539467497212875	Yes	Yes	Yes	No	Yes	Yes	Yes	NA	No	NA	NA	No	Yes	Yes	No	Yes	Yes	Yes	Yes	Yes	Yes	Yes	Yes	No	Yes	Yes	NA	Yes	Yes	B. cryptarum, body surface	Yes	Yes	No	No	No	No	Yes	No	Yes	Yes	Yes
SRR16988726	yHMPu5000037866_metschnikowia_lachancei_180604	37866	Serinales	Metschnikowia lachancei	Standard	Standard	0	0.305797226646133	0.340415095048992	0.392279192366535	Yes	Yes	Yes	Yes	Yes	No	Yes	Yes	Yes	No	No	No	Yes	No	Yes	Yes	No	No	No	Yes	No	No	No	No	Yes	No	No	Yes	No	isolated flower of milkweed (Asclepias syriaca,Asclepiadaceae)	NA	NA	NA	NA	NA	NA	NA	NA	NA	NA	NA
SRR16989120	yHMPu5000038330_metschnikowia_laotica_170713	38330	Serinales	Metschnikowia laotica	Standard	Standard	0.20302551361878	0.74763750316501	0.104747388312297	0	Yes	Yes	Yes	Yes	No	Yes	No	Yes	Yes	Yes	Yes	Yes	Yes	Yes	NA	Yes	Yes	Yes	Yes	No	Yes	No	Yes	NA	Yes	Yes	NA	Yes	Yes	fruit	Yes	Yes	Yes	Yes	Yes	Yes	No	No	No	No	No
SRR16988818	yHMPu5000037199_metschnikowia_leonuri_210210._SPADES.haplomerger2	37199	Serinales	Metschnikowia leonuri	Generalist	Standard	0.210735318679891	0.342911560995701	0.212952413383482	0.216673635419169	Yes	Yes	NA	Yes	NA	Yes	NA	Yes	Yes	Yes	Yes	Yes	Yes	Yes	NA	Yes	Yes	No	Yes	Yes	Yes	No	NA	Yes	NA	Yes	NA	Yes	Yes	motherwort plant (Leonurus cardiaca)	Yes	Yes	Yes	Yes	Yes	Yes	No	Yes	No	No	No
SRR16989119	yHMPu5000038331_metschnikowia_lopburiensis_170713	38331	Serinales	Metschnikowia lopburiensis	Standard	Standard	0	0.781503499846926	0.381062954648578	0.453089237310069	Yes	Yes	Yes	Yes	Yes	Yes	Yes	Yes	Yes	Yes	Yes	Yes	Yes	Yes	Yes	No	Yes	Yes	Yes	Yes	Yes	Yes	Yes	Yes	Yes	Yes	Yes	Yes	Yes	rice leaves	Yes	Yes	Yes	Yes	Yes	Yes	No	Yes	No	No	No
SRR16989103	yHMPu5000041813_metschnikowia_lunata_180604	41813	Serinales	Metschnikowia lunata	Standard	Specialist	0.572649896883646	0	0	0.582869239999072	Yes	Yes	Yes	Yes	Yes	Yes	Yes	Yes	Yes	Yes	Yes	Yes	Yes	Yes	Yes	Yes	Yes	Yes	Yes	Yes	Yes	Yes	Yes	Yes	Yes	Yes	Yes	Yes	Yes	flower of Lathyrus sp.	Yes	Yes	Yes	Yes	Yes	Yes	No	Yes	No	No	No
SRR16989101	yHMPu5000041814_metschnikowia_noctiluminum_180604.haplomerger2	41814	Serinales	Metschnikowia noctiluminum	Standard	Standard	0.185517755832717	0.383766719428685	0.17827717857702	0.253335484896109	Yes	Yes	Yes	No	Yes	Yes	Yes	Yes	No	NA	No	No	Yes	Yes	No	Yes	Yes	Yes	Yes	Yes	Yes	No	Yes	No	Yes	Yes	Yes	Yes	No	gut of insect, Ceraeochrysa lineaticornis (Chrysopidae)	Yes	Yes	No	No	No	No	Yes	No	Yes	Yes	Yes
SRR16989100	yHMPu5000041815_metschnikowia_orientalis_190924	41815	Serinales	Metschnikowia orientalis	Standard	Standard	0.542639001373865	0.654384077721234	0.218841189764262	0.300948536150218	Yes	Yes	Yes	Yes	Yes	Yes	Yes	Yes	Yes	Yes	Yes	Yes	Yes	Yes	Yes	Yes	Yes	Yes	Yes	Yes	Yes	Yes	Yes	NA	NA	Yes	No	Yes	No	Aethina concolor (Nitidulidae)	Yes	Yes	No	No	No	No	Yes	No	Yes	Yes	Yes
SRR16988814	yHMPu5000037202_metschnikowia_peoriensis_210210	37202	Serinales	Metschnikowia peoriensis	Standard	Standard	0	0.571379818431839	0.39162479107732	0.492954350741482	Yes	Yes	NA	Yes	NA	Yes	NA	Yes	Yes	Yes	Yes	Yes	Yes	Yes	NA	Yes	Yes	Yes	Yes	Yes	Yes	No	NA	Yes	NA	Yes	NA	Yes	No	flower of a purple aster (Aster novi-belgii) collected in Peoria, Illinois, USA	Yes	Yes	Yes	Yes	Yes	Yes	No	Yes	No	No	No
SRR16988701	yHMPu5000037891_candida_picachoensis_170210.haplomerger2	37891	Serinales	Metschnikowia picachoensis	Standard	Standard	0	0.839531505449097	0	0.250798869146848	Yes	NA	NA	NA	NA	NA	NA	Yes	NA	NA	NA	NA	NA	NA	NA	NA	NA	NA	NA	NA	NA	NA	NA	NA	NA	NA	No	NA	NA	gut of Chrysoperla sp.	Yes	Yes	No	No	No	No	Yes	No	Yes	Yes	Yes
SRR16988702	yHMPu5000037890_candida_pimensis_180604.haplomerger2	37890	Serinales	Metschnikowia pimensis	Standard	Standard	0.174547647858676	0.47942247214309	0.644082183449015	0.246521978084837	Yes	NA	NA	NA	NA	NA	NA	Yes	NA	NA	NA	NA	NA	NA	NA	NA	NA	NA	NA	NA	NA	NA	NA	NA	NA	NA	No	NA	NA	gut of Chrysoperla carnea (female)	Yes	Yes	No	No	No	No	Yes	No	Yes	Yes	Yes
SRR16988839	yHMPu5000041732_metschnikowia_pulcherrima_190924.haplomerger2	41732	Serinales	Metschnikowia pulcherrima	Standard	Standard	0.460585568766242	0.265530892357927	0.422607520640732	0.483144452492348	Yes	Yes	Yes	Yes	Yes	Yes	Yes	Yes	Yes	Yes	Yes	Yes	Yes	Yes	Yes	Yes	Yes	Yes	Yes	Yes	Yes	Yes	Yes	Yes	Yes	Yes	Yes	Yes	Yes	berries of Vitis labrusca (Concord grapes)	Yes	Yes	Yes	Yes	Yes	Yes	No	Yes	No	No	No
SRR16988727	yHMPu5000037865_metschnikowia_reukaufii_180604.haplomerger2	37865	Serinales	Metschnikowia reukaufii	Standard	Standard	0	0	0.571171683818295	0.636249784413575	Yes	Yes	Yes	Yes	Yes	Yes	Yes	Yes	Yes	Yes	Yes	Yes	Yes	Yes	Yes	Yes	Yes	Yes	Yes	Yes	Yes	No	Yes	Yes	Yes	Yes	No	Yes	Yes	flower of Epilobium angustifolium	Yes	Yes	Yes	Yes	Yes	Yes	No	Yes	No	No	No
SRR16988815	yHMPu5000037201_metschnikowia_rubicola_210210	37201	Serinales	Metschnikowia rubicola	Standard	Standard	0.395384135272618	0.610438968958305	0.423409721744071	0.321942283558347	Yes	Yes	NA	Yes	NA	Yes	NA	Yes	Yes	Yes	Yes	Yes	Yes	Yes	NA	Yes	Yes	Yes	Yes	Yes	Yes	No	NA	Yes	NA	No	NA	Yes	Yes	Thimbleberry (Rubus parviflorus)	Yes	Yes	Yes	Yes	Yes	Yes	No	Yes	No	No	No
SRR16989118	yHMPu5000038332_metschnikowia_saccharicola_201018	38332	Serinales	Metschnikowia saccharicola	Standard	Standard	0	0.45693136126748	0	0.366160641527257	Yes	Yes	Yes	No	Yes	Yes	Yes	Yes	Yes	Yes	Yes	Yes	Yes	Yes	Yes	No	Yes	No	No	Yes	Yes	Yes	Yes	No	No	Yes	Yes	Yes	Yes	Sugarcane 4 (Saccharum officinarum) Leaves	Yes	Yes	Yes	Yes	Yes	Yes	No	Yes	No	No	No
SRR16989099	yHMPu5000041817_metschnikowia_shanxiensis_190924.haplomerger2	41817	Serinales	Metschnikowia shanxiensis	Standard	Standard	0.365403132020315	0.441887076149182	0.326065431577583	0.275931542401502	Yes	Yes	Yes	Yes	Yes	NA	Yes	Yes	Yes	Yes	Yes	Yes	Yes	Yes	NA	Yes	Yes	Yes	Yes	Yes	Yes	No	NA	NA	NA	Yes	Yes	Yes	Yes	jujube fruit (Ziziphus jujuba Mill.) surface in unmanaged orchard	Yes	Yes	Yes	Yes	Yes	Yes	No	Yes	No	No	No
SRR16988896	yHMPu5000040934_metschnikowia_similis_201018	40934	Serinales	Metschnikowia similis	Standard	Specialist	0.419843325623852	0.39859903858231	0	0.575117850358181	Yes	Yes	No	No	Yes	Yes	Yes	NA	No	NA	NA	No	Yes	Yes	No	Yes	Yes	Yes	Yes	Yes	Yes	No	Yes	No	Yes	Yes	NA	Yes	Yes	Conotelus sp. (Coleoptera: Nitidulidae) on flower of Ipomoea batatas (Convolvulaceae)	Yes	Yes	No	No	No	No	Yes	No	Yes	Yes	Yes
SRR16989111	yHMPu5000041805_metschnikowia_sinensis_190924.haplomerger2	41805	Serinales	Metschnikowia sinensis	Standard	Standard	0.48297111446549	0.662528843604767	0.46981406864575	0.415180257313359	Yes	Yes	Yes	Yes	Yes	NA	Yes	Yes	Yes	Yes	Yes	Yes	Yes	Yes	NA	Yes	Yes	Yes	Yes	Yes	Yes	No	NA	NA	NA	Yes	Yes	Yes	Yes	jujube fruit (Ziziphus jujuba Mill.) surface in unmanaged orchard	Yes	Yes	Yes	Yes	Yes	Yes	No	Yes	No	No	No
SRR16988995	yHQL527_Metschnikowia_sp_nov_plate33_SPADES	yHQL527	Serinales	Metschnikowia sp.	NA	NA	NA	NA	NA	NA	NA	NA	NA	NA	NA	NA	NA	NA	NA	NA	NA	NA	NA	NA	NA	NA	NA	NA	NA	NA	NA	NA	NA	NA	NA	NA	NA	NA	NA	needles and moss under a Quercus alba	Yes	Yes	No	No	No	No	No	No	No	No	No
SRR16974492	yHKB443_Metschnikowia_sp_nov_plate33_SPADES	yHKB443	Serinales	Metschnikowia sp.	NA	NA	NA	NA	NA	NA	NA	NA	NA	NA	NA	NA	NA	NA	NA	NA	NA	NA	NA	NA	NA	NA	NA	NA	NA	NA	NA	NA	NA	NA	NA	NA	NA	NA	NA	Thimbleberry (Rubus parviflorus)	Yes	Yes	Yes	Yes	Yes	Yes	No	Yes	No	No	No
SRR16974389	yHMJ9_Metschnikowia_sp_nov_plate34_DISCOVAR	yHMJ9	Serinales	Metschnikowia sp.	NA	NA	NA	NA	NA	NA	NA	NA	NA	NA	NA	NA	NA	NA	NA	NA	NA	NA	NA	NA	NA	NA	NA	NA	NA	NA	NA	NA	NA	NA	NA	NA	NA	NA	NA	soil	Yes	Yes	No	No	No	No	No	No	No	No	No
SRR16989054	yHMPu5000041839_candida_torresii_210210	41839	Serinales	Metschnikowia torresii	Standard	Standard	0.197854871066625	0.453807049911784	0	0	Yes	Yes	Yes	Yes	Yes	Yes	Yes	Yes	Yes	Yes	Yes	Yes	Yes	Yes	Yes	Yes	No	Yes	Yes	No	Yes	Yes	Yes	No	Yes	Yes	No	No	No	sea water	Yes	Yes	No	No	No	No	No	No	No	No	No
SRR16989112	yHMPu5000041804_metschnikowia_vanudenii_190924	41804	Serinales	Metschnikowia vanudenii	Standard	Standard	0	0.848262107082165	0	0.233872378678293	Yes	Yes	Yes	Yes	Yes	Yes	Yes	Yes	Yes	Yes	Yes	No	Yes	Yes	Yes	No	Yes	Yes	Yes	Yes	Yes	No	Yes	Yes	Yes	No	No	Yes	No	mucoid fly collected A. syriaca	Yes	Yes	No	No	No	No	Yes	No	Yes	Yes	Yes
SRR16988729	yHMPu5000037864_metschnikowia_viticola_201018	37864	Serinales	Metschnikowia viticola	Standard	Standard	0.223764848481539	0.37755717455026	0.412811705520054	0.409032211380575	Yes	NA	NA	NA	NA	NA	NA	NA	NA	NA	NA	NA	NA	NA	NA	NA	NA	NA	NA	NA	NA	NA	NA	NA	NA	NA	NA	NA	NA	berries of grape (Vitis vinifera), red cultivar	Yes	Yes	Yes	Yes	Yes	Yes	No	Yes	No	No	No
SRR16989115	yHMPu5000041803_Metschnikowia_zizyphicola_SPADES.haplomerger2	41803	Serinales	Metschnikowia ziziphicola	Standard	Standard	0.401779968716928	0.480114043287837	0.366596642160936	0.590823640858241	Yes	Yes	Yes	Yes	Yes	NA	Yes	Yes	Yes	Yes	Yes	Yes	Yes	Yes	NA	Yes	Yes	Yes	Yes	Yes	Yes	No	NA	NA	NA	Yes	Yes	Yes	Yes	jujube fruit (Ziziphus jujuba Mill.) surface in unmanaged orchard	Yes	Yes	Yes	Yes	Yes	Yes	No	Yes	No	No	No
SRR16988730	yHMPu5000037863_metschnikowia_zobellii_190924	37863	Serinales	Metschnikowia zobellii	Standard	Standard	0	0.799419526091719	0.543643296796401	0.316405186541069	Yes	Yes	Yes	Yes	Yes	Yes	Yes	Yes	Yes	Yes	Yes	Yes	Yes	Yes	Yes	Yes	Yes	Yes	Yes	Yes	Yes	No	No	No	Yes	Yes	Yes	Yes	Yes	sea water	Yes	Yes	No	No	No	No	No	No	No	No	No
SRR16988762	yHMPu5000035306_candida_elateridarum_180604	35306	Serinales	Meyerozyma elateridarum	Standard	Standard	0.777165602854916	0.672015338595889	0.728664151703094	0.714235465310498	Yes	Yes	Yes	No	Yes	Yes	Yes	Yes	No	NA	Yes	No	Yes	Yes	No	Yes	Yes	Yes	Yes	Yes	Yes	Yes	Yes	No	Yes	Yes	Yes	Yes	Yes	unidentified elaterid	Yes	Yes	No	No	No	No	Yes	No	Yes	Yes	Yes
SRR16988937	yHMPu5000035663_Meyerozyma_guilliermondii_MASURCA	35663	Serinales	Meyerozyma guilliermondii	Generalist	Standard	0.698016179824298	0.662528119283568	0.343389144290555	1.02759276971737	Yes	Yes	Yes	Yes	Yes	Yes	Yes	Yes	Yes	Yes	Yes	Yes	Yes	Yes	No	Yes	Yes	Yes	Yes	Yes	Yes	Yes	Yes	Yes	Yes	Yes	Yes	Yes	Yes	insect frass on Ulmus americana (elm tree)	Yes	Yes	No	No	No	No	Yes	No	Yes	Yes	Yes
SRR16974578	yHMPu5000034633_candida_smithsonii_180604	34633	Serinales	Meyerozyma smithsonii	Standard	Standard	0.807289399800584	0.450177361489667	0.351310659643348	0.689590992801138	Yes	Yes	Yes	Yes	Yes	Yes	Yes	NA	Yes	NA	Yes	No	Yes	Yes	No	Yes	Yes	Yes	No	Yes	Yes	No	Yes	Yes	Yes	Yes	NA	Yes	Yes	unidentified endomychid larva	Yes	Yes	No	No	No	No	Yes	No	Yes	Yes	Yes
SRR16988750	yHMPu5000035307_millerozyma_farinosa_180604	35307	Serinales	Millerozyma farinosa	Standard	Specialist	0.693509726807711	0.556330111561009	0.638728842279564	0	Yes	Yes	Yes	Yes	Yes	Yes	Yes	Yes	Yes	Yes	Yes	No	Yes	Yes	Yes	Yes	No	Yes	Yes	No	Yes	Yes	Yes	Yes	Yes	No	Yes	No	No	Jopen beer	Yes	Yes	No	No	No	No	No	No	No	No	No
SRR16988915	yHMPu5000040914_millerozyma_miso_201018	40914	Serinales	Millerozyma miso	Standard	Standard	0.694449362182363	0.445929911824591	0.376626039143267	0	NA	NA	NA	NA	NA	NA	NA	NA	NA	NA	NA	NA	NA	NA	NA	NA	NA	NA	NA	NA	NA	NA	NA	NA	NA	NA	NA	NA	NA	sendai miso	Yes	Yes	No	No	No	No	No	No	No	No	No
SRR16974499	yHJFW83_myxozyma_geophila_210210	yHJFW83	Lipomycetales	Myxozyma geophila	Standard	Standard	1.8331902565882	1.22515787059041	0.746445506316045	0	Yes	Yes	Yes	Yes	No	Yes	Yes	Yes	Yes	Yes	No	Yes	No	Yes	Yes	Yes	No	No	No	No	Yes	No	Yes	Yes	No	Yes	No	No	No	surface soil	Yes	Yes	No	No	No	No	No	No	No	No	No
SRR16974270	yHMPu5000034727_myxozyma_kluyveri_210210	34727	Lipomycetales	Myxozyma kluyveri	Generalist	Standard	1.15367304798162	0	1.16371510837197	0.922122551919282	Yes	Yes	Yes	Yes	Yes	Yes	Yes	No	Yes	Yes	No	Yes	Yes	Yes	Yes	Yes	Yes	Yes	Yes	No	Yes	Yes	Yes	Yes	Yes	Yes	No	No	Yes	surface soil	Yes	Yes	No	No	No	No	No	No	No	No	No
SRR16974269	yHMPu5000034728_myxozyma_lipomycoides_210210	34728	Lipomycetales	Myxozyma lipomycoides	Standard	Standard	0.366746528176809	0.693012070163598	0.25634621679794	0	Yes	Yes	Yes	Yes	Yes	Yes	Yes	Yes	Yes	Yes	No	Yes	Yes	Yes	Yes	Yes	No	No	No	No	Yes	Yes	Yes	No	No	Yes	No	No	No	lichen on tree	Yes	Yes	No	No	No	No	No	No	No	No	No
SRR16974497	yHJFW85_myxozyma_melbiosi_210210	yHJFW85	Lipomycetales	Myxozyma melibiosi	NA	NA	NA	NA	NA	NA	Yes	Yes	Yes	Yes	Yes	Yes	Yes	Yes	Yes	Yes	No	Yes	No	Yes	Yes	Yes	No	Yes	Yes	No	Yes	No	Yes	Yes	Yes	Yes	Yes	No	No	Dendroctonus monticolae in Pinus ponderosa	Yes	Yes	No	No	No	No	Yes	No	Yes	Yes	Yes
SRR16974268	yHMPu5000034730_myxozyma_monticola_201018	34730	Lipomycetales	Myxozyma monticola	Generalist	Specialist	1.02688423448635	0.946712094812069	0.833167949688841	0.962936744579496	Yes	Yes	Yes	Yes	Yes	Yes	Yes	Yes	Yes	Yes	No	Yes	Yes	Yes	Yes	Yes	Yes	Yes	Yes	Yes	Yes	No	Yes	Yes	Yes	Yes	No	Yes	Yes	soil	Yes	Yes	No	No	No	No	No	No	No	No	No
SRR16974679	yHDO354_Myxozyma_mucilagina_SPADES	yHDO354	Lipomycetales	Myxozyma mucilagina	Standard	Specialist	0.608886622144639	0	0.730306557712286	0.557422936295895	Yes	Yes	Yes	Yes	Yes	Yes	Yes	Yes	Yes	Yes	No	Yes	No	Yes	Yes	Yes	Yes	Yes	Yes	Yes	Yes	Yes	Yes	Yes	Yes	Yes	Yes	Yes	Yes	rotting Stenocereus gummosis (cactus)	Yes	Yes	Yes	Yes	Yes	Yes	No	Yes	No	No	No
SRR16974514	yHMPu5000026240_myxozyma_neglecta_201018	26240	Lipomycetales	Myxozyma neglecta	NA	NA	NA	NA	NA	NA	Yes	Yes	Yes	Yes	Yes	No	Yes	Yes	No	Yes	No	Yes	No	Yes	Yes	Yes	No	Yes	Yes	No	Yes	Yes	Yes	Yes	Yes	Yes	Yes	No	No	Opuntia ficus-indica (cactus)	Yes	Yes	Yes	Yes	Yes	Yes	No	Yes	No	No	No
SRR16974267	yHMPu5000034733_myxozyma_neotropica_210210	34733	Lipomycetales	Myxozyma neotropica	NA	NA	NA	NA	NA	NA	Yes	Yes	Yes	Yes	Yes	Yes	Yes	No	Yes	Yes	No	Yes	No	Yes	Yes	Yes	Yes	Yes	Yes	Yes	Yes	Yes	Yes	Yes	Yes	Yes	No	Yes	Yes	soil	Yes	Yes	No	No	No	No	No	No	No	No	No
SRR16974496	yHJFW87_myxozyma_nipponensis_210210	yHJFW87	Lipomycetales	Myxozyma nipponensis	Standard	Standard	1.10123120018846	0	0	0	NA	NA	NA	NA	NA	NA	NA	NA	NA	NA	NA	NA	NA	NA	NA	NA	NA	NA	NA	NA	NA	NA	NA	NA	NA	NA	NA	NA	NA	uncertain	NA	NA	NA	NA	NA	NA	NA	NA	NA	NA	NA
SRR16974266	yHMPu5000034735_myxozyma_sirexii_201018	34735	Lipomycetales	Myxozyma sirexii	Standard	Standard	0.525444666125054	0.710107484391782	0.415443662114538	0	NA	NA	NA	NA	NA	NA	NA	NA	NA	NA	NA	NA	NA	NA	NA	NA	NA	NA	NA	NA	NA	NA	NA	NA	NA	NA	NA	NA	NA	frass of the wood wasp Sirex javencus. The frass was collected Norway spruce (Picea abies, Pinaceae) in the forested area Schönbuch near Hildrizhausen, Germany	Yes	Yes	No	No	No	No	Yes	No	Yes	Yes	Yes
SRR16974265	yHMPu5000034736_myxozyma_udenii_200128	34736	Lipomycetales	Myxozyma udenii	Standard	Standard	1.08111901851163	1.16020298733095	1.20345493727821	1.42366018759288	Yes	Yes	Yes	Yes	Yes	Yes	Yes	Yes	Yes	Yes	NA	Yes	Yes	Yes	Yes	Yes	Yes	Yes	Yes	Yes	Yes	Yes	Yes	Yes	Yes	Yes	Yes	Yes	Yes	soil round roots of Margifera indica (mangrove)	Yes	Yes	No	No	No	No	No	No	No	No	No
SRR16974263	yHMPu5000034737_Myxozyma_vanderwaltii_SPADES	34737	Lipomycetales	Myxozyma vanderwaltii	Standard	Standard	0.924157674967695	0.999033145179718	0.961124412756632	0.807126239666195	Yes	Yes	No	Yes	Yes	Yes	Yes	Yes	No	Yes	No	Yes	Yes	Yes	Yes	Yes	Yes	Yes	Yes	Yes	Yes	No	Yes	Yes	Yes	Yes	No	Yes	Yes	Protea repens	Yes	Yes	Yes	Yes	Yes	Yes	No	Yes	No	No	No
SRR16989222	yHMPu5000038059_Nadsonia_commutata_S169_SPADES	38059	Dipodascales	Nadsonia commutata	NA	NA	NA	NA	NA	NA	Yes	Yes	Yes	Yes	No	No	Yes	Yes	No	Yes	No	Yes	No	No	Yes	No	No	No	No	Yes	No	No	No	No	No	No	No	No	No	field soil	Yes	Yes	No	No	No	No	No	No	No	No	No
SRR16988739	yHMPu5000035308_nadsonia_starkeyi-henricii_180604	35308	Dipodascales	Nadsonia starkeyi-henricii	Specialist	Standard	0	0	0	0	Yes	Yes	Yes	Yes	No	Yes	Yes	No	Yes	Yes	No	Yes	Yes	No	Yes	Yes	No	No	No	No	Yes	No	No	Yes	No	No	No	No	No	soil peat bog	Yes	Yes	No	No	No	No	No	No	No	No	No
SRR16974274	yHMPu5000034722_candida_kungkrabaensis_180604	34722	Saccharomycetales	Nakaseomyces kungkrabaensis	Specialist	Specialist	0	0.276575179063585	0	0	Yes	Yes	Yes	Yes	No	No	No	Yes	No	No	Yes	Yes	Yes	No	Yes	No	No	NA	No	Yes	No	No	NA	Yes	NA	Yes	Yes	No	No	decaying tree branch in water in mangrove forest	Yes	Yes	Yes	Yes	Yes	Yes	No	No	No	No	No
SRR16974450	yHDO568_nakaseomyces_sp_190924	yHDO568	Saccharomycetales	Nakaseomyces sp.	NA	NA	NA	NA	NA	NA	NA	NA	NA	NA	NA	NA	NA	NA	NA	NA	NA	NA	NA	NA	NA	NA	NA	NA	NA	NA	NA	NA	NA	NA	NA	NA	NA	NA	NA	NA	NA	NA	NA	NA	NA	NA	NA	NA	NA	NA	NA
SRR16974279	yHMPu5000034718_candida_uthaithanina_180604	34718	Saccharomycetales	Nakaseomyces uthaithaninus	NA	NA	NA	NA	NA	NA	Yes	Yes	Yes	Yes	No	No	No	Yes	No	No	Yes	No	Yes	No	Yes	No	No	No	No	No	No	No	NA	No	NA	Yes	Yes	No	No	fruit (unknown) in dry dipterocarp forest	Yes	Yes	Yes	Yes	Yes	Yes	No	No	No	No	No
SRR16988731	yHMPu5000037862_nakazawaea_anatomiae_170912	37862	Alaninales	Nakazawaea anatomiae	Standard	Standard	NA	0	NA	NA	Yes	Yes	Yes	No	Yes	No	Yes	No	Yes	Yes	Yes	Yes	Yes	No	Yes	No	No	Yes	Yes	No	No	Yes	No	Yes	Yes	No	No	No	No	cadaver tank containing 1% formalin	Yes	Yes	No	No	No	No	Yes	No	No	No	No
SRR16974447	yHMPu5000034930_nakazawaea_ernobii_170307.haplomerger2	34930	Alaninales	Nakazawaea ernobii	Specialist	Standard	0	0.277019959826313	0.295917395845036	0	Yes	Yes	Yes	Yes	Yes	Yes	Yes	Yes	Yes	Yes	Yes	Yes	Yes	Yes	Yes	No	Yes	Yes	Yes	Yes	Yes	Yes	Yes	Yes	Yes	No	No	Yes	Yes	intracellular symbiont of Ernobius mollis	Yes	Yes	No	No	No	No	Yes	No	Yes	Yes	Yes
SRR16974458	yHMPu5000034919_nakazawaea_ishiwadae_160519	34919	Alaninales	Nakazawaea ishiwadae	Standard	Generalist	0	0.857080979338894	0.380713687604285	0.300038142871258	Yes	Yes	Yes	Yes	Yes	Yes	Yes	Yes	Yes	Yes	Yes	Yes	Yes	Yes	Yes	Yes	Yes	Yes	Yes	Yes	Yes	Yes	Yes	Yes	Yes	Yes	Yes	Yes	Yes	core sample, at depth of 718m	Yes	Yes	No	No	No	No	No	No	No	No	No
SRR16974457	yHMPu5000034920_nakazawaea_laoshanensis_170713	34920	Alaninales	Nakazawaea laoshanensis	Standard	Standard	0.310468171664022	0.245268327153636	0.379025357265441	0.18304564192477	Yes	Yes	Yes	Yes	Yes	Yes	Yes	Yes	Yes	Yes	Yes	Yes	Yes	Yes	NA	Yes	Yes	Yes	Yes	Yes	Yes	Yes	NA	NA	NA	No	Yes	Yes	Yes	decayed wood	Yes	Yes	Yes	Yes	Yes	Yes	No	No	No	No	No
SRR16989010	yHMPu5000038384_candida_molendinolei_170713	38384	Alaninales	Nakazawaea molendinolei	Standard	Generalist	0	0.71904062353765	0.382270321447079	0.13998689773001	Yes	Yes	Yes	Yes	Yes	Yes	Yes	Yes	Yes	Yes	Yes	Yes	Yes	Yes	Yes	No	No	Yes	Yes	No	Yes	Yes	Yes	No	Yes	No	Yes	No	No	Olive rinse water, high tannic concentrate (cv. Coratina)	Yes	Yes	No	No	No	No	No	No	No	No	No
SRR16974455	yHMPu5000034922_nakazawaea_pomicola_160519	34922	Alaninales	Nakazawaea pomicola	Standard	Generalist	0.112462302267222	0.220779926985237	0.372738528564705	0.254447441912224	Yes	Yes	Yes	Yes	Yes	Yes	Yes	No	Yes	Yes	Yes	Yes	Yes	Yes	Yes	Yes	Yes	Yes	Yes	Yes	Yes	Yes	Yes	Yes	Yes	Yes	No	Yes	Yes	apple cider	Yes	Yes	No	No	No	No	No	No	No	No	No
SRR16988932	yHMPu5000035668_nakazawaea_populi_160613	35668	Alaninales	Nakazawaea populi	Standard	Generalist	0	0.626728685136421	0.320011002912039	0.183019589548646	Yes	Yes	Yes	Yes	Yes	Yes	Yes	Yes	Yes	Yes	Yes	Yes	Yes	Yes	Yes	No	Yes	Yes	Yes	Yes	Yes	Yes	Yes	Yes	Yes	No	No	Yes	Yes	exudate of Populus tremuloides (aspen tree)	Yes	Yes	Yes	Yes	Yes	Yes	No	Yes	No	No	No
SRR16989223	yHMPu5000038058_nakazawaea_siamensis_170912	38058	Alaninales	Nakazawaea siamensis	Standard	Standard	0.217695274514263	0.715311433794356	0.324381225669735	0.29707521138217	Yes	Yes	Yes	Yes	Yes	Yes	Yes	Yes	Yes	Yes	Yes	Yes	Yes	Yes	Yes	Yes	Yes	Yes	Yes	Yes	Yes	Yes	Yes	Yes	Yes	Yes	Yes	Yes	Yes	sugarcane leaves	Yes	Yes	Yes	Yes	Yes	Yes	No	Yes	No	No	No
SRR16974490	yHKS545_Nakazawaea_sp_nov_plate33_PLATANUS	yHKS545	Alaninales	Nakazawaea sp.	NA	NA	NA	NA	NA	NA	NA	NA	NA	NA	NA	NA	NA	NA	NA	NA	NA	NA	NA	NA	NA	NA	NA	NA	NA	NA	NA	NA	NA	NA	NA	NA	NA	NA	NA	Unknown white substances Ilex(Holly tree)	Yes	Yes	Yes	Yes	Yes	Yes	No	Yes	No	No	No
SRR16974500	yHDR128_Nakazawaea_sp_nov_plate34_PLATANUS	yHDR128	Alaninales	Nakazawaea sp.	NA	NA	NA	NA	NA	NA	NA	NA	NA	NA	NA	NA	NA	NA	NA	NA	NA	NA	NA	NA	NA	NA	NA	NA	NA	NA	NA	NA	NA	NA	NA	NA	NA	NA	NA	Bark of Oak	Yes	Yes	Yes	Yes	Yes	Yes	No	Yes	No	No	No
SRR16974454	yHMPu5000034923_nakazawaea_wickerhamii_160519	34923	Alaninales	Nakazawaea wickerhamii	Standard	Standard	0.359653710441569	0.602643535220878	0.204230074261146	0	Yes	Yes	Yes	Yes	Yes	Yes	Yes	Yes	Yes	Yes	Yes	Yes	No	Yes	Yes	Yes	No	Yes	Yes	No	Yes	Yes	No	Yes	Yes	No	Yes	No	No	silage, containing olive husks, molasses and whey	Yes	Yes	No	No	No	No	No	No	No	No	No
SRR16974453	yHMPu5000034924_nakazawaea_wyomingensis_160519	34924	Alaninales	Nakazawaea wyomingensis	Standard	Generalist	0	0.396215805781833	0.497250113785883	0	Yes	Yes	Yes	Yes	Yes	Yes	Yes	Yes	Yes	Yes	Yes	Yes	Yes	Yes	Yes	No	No	Yes	Yes	No	Yes	Yes	No	No	Yes	No	Yes	No	No	frass in insect tunnel in Populus tremuloides (quakin aspen tree)	Yes	Yes	No	No	No	No	Yes	No	Yes	Yes	Yes
SRR16974676	yHMPu5000034894_naumovozyma_baii_190924	34894	Saccharomycetales	Naumovozyma baii	NA	NA	NA	NA	NA	NA	Yes	Yes	No	No	No	NA	No	NA	No	No	Yes	No	Yes	No	NA	Yes	No	No	No	No	No	No	NA	NA	NA	No	NA	No	No	rotten wood	Yes	Yes	Yes	Yes	Yes	Yes	No	No	No	No	No
SRR16988764	yHMPu5000037253_nematodospora_anomalae_210210	37253	Serinales	Nematodospora anomalae	NA	NA	NA	NA	NA	NA	NA	NA	NA	NA	NA	NA	NA	NA	NA	NA	NA	NA	NA	NA	NA	NA	NA	NA	NA	NA	NA	NA	NA	NA	NA	NA	NA	NA	NA	gut of the insect Anomala corpulenta (Scarabaeoidea)	Yes	Yes	No	No	No	No	Yes	No	Yes	Yes	Yes
SRR16988768	yHMPu5000037248_nematodospora_valgi_210210	37248	Serinales	Nematodospora valgi	NA	NA	NA	NA	NA	NA	NA	NA	NA	NA	NA	NA	NA	NA	NA	NA	NA	NA	NA	NA	NA	NA	NA	NA	NA	NA	NA	NA	NA	NA	NA	NA	NA	NA	NA	gut of the insect Anomala corpulenta	Yes	Yes	No	No	No	No	Yes	No	Yes	Yes	Yes
SRR16988732	yHMPu5000037861_Ogataea_allantospora_SPADES	37861	Pichiales	Ogataea allantospora	Standard	Generalist	0	1.20650974763316	0	0	Yes	Yes	Yes	Yes	Yes	Yes	Yes	Yes	Yes	Yes	No	Yes	Yes	Yes	Yes	No	No	Yes	Yes	No	Yes	Yes	Yes	No	Yes	Yes	Yes	No	No	leaf of Carpinus betulus	Yes	Yes	Yes	Yes	Yes	Yes	No	Yes	No	No	No
SRR16974675	yHMPu5000034895_ogataea_angusta_160519	34895	Pichiales	Ogataea angusta	Standard	Standard	0	0.312736808659757	0	0.203237159686856	Yes	Yes	Yes	Yes	Yes	Yes	Yes	Yes	Yes	Yes	Yes	Yes	Yes	Yes	Yes	No	Yes	Yes	Yes	Yes	Yes	Yes	Yes	Yes	Yes	Yes	Yes	Yes	Yes	Drosophila pseudobscura (fruit fly)	Yes	Yes	No	No	No	No	Yes	No	Yes	Yes	Yes
SRR16989117	yHMPu5000038333_ogataea_chonburiensis_170713	38333	Pichiales	Ogataea chonburiensis	Standard	Standard	0	1.13938715195886	0.384266605656784	0	Yes	Yes	Yes	Yes	Yes	Yes	Yes	Yes	Yes	Yes	No	Yes	Yes	Yes	Yes	No	No	Yes	Yes	No	No	Yes	NA	No	NA	Yes	Yes	No	No	tree flux (exudate)	Yes	Yes	Yes	Yes	Yes	Yes	No	No	No	No	No
SRR16988733	yHMPu5000037860_ogataea_corticis_190924	37860	Pichiales	Ogataea corticis	Standard	Standard	0	0.834193713190553	0.444201419355892	0	NA	NA	NA	NA	NA	NA	NA	NA	NA	NA	NA	NA	NA	NA	NA	NA	NA	NA	NA	NA	NA	NA	NA	NA	NA	NA	NA	NA	NA	tree bark	Yes	Yes	Yes	Yes	Yes	Yes	No	No	No	No	No
SRR16988797	yHMPu5000037218_Ogataea_degrootiae_SPADES	37218	Pichiales	Ogataea degrootiae	Standard	Standard	NA	0.565360791799275	0	0	Yes	Yes	Yes	Yes	Yes	Yes	Yes	Yes	Yes	NA	Yes	NA	Yes	Yes	NA	No	No	Yes	NA	No	NA	NA	NA	No	NA	No	NA	No	No	garden soil	Yes	Yes	No	No	No	No	No	No	No	No	No
SRR16974674	yHMPu5000034896_ogataea_dorogensis_160519	34896	Pichiales	Ogataea dorogensis	Standard	Standard	0	1.25176798241126	0.568973399781888	0	Yes	Yes	Yes	No	Yes	Yes	Yes	Yes	No	NA	Yes	No	Yes	Yes	No	Yes	No	Yes	Yes	Yes	Yes	No	Yes	Yes	Yes	Yes	Yes	No	No	rotten railway-sleeper	Yes	Yes	Yes	Yes	Yes	Yes	No	No	No	No	No
SRR16989116	yHMPu5000038334_ogataea_ganodermae_170713	38334	Pichiales	Ogataea ganodermae	Standard	Standard	0	0.256049802796077	0	0	Yes	Yes	Yes	Yes	Yes	Yes	Yes	Yes	Yes	Yes	Yes	Yes	Yes	Yes	NA	No	Yes	Yes	Yes	Yes	Yes	No	NA	NA	NA	Yes	Yes	No	No	basidiocarps of Ganoderma sp. on a tree trunk	Yes	Yes	No	No	No	No	No	No	No	No	No
SRR16988788	yHMPu5000037226_ogataea_haglerorum_210305	37226	Pichiales	Ogataea haglerorum	NA	NA	NA	NA	NA	NA	Yes	Yes	Yes	Yes	Yes	Yes	Yes	NA	Yes	Yes	Yes	No	Yes	Yes	Yes	Yes	Yes	Yes	Yes	Yes	Yes	Yes	Yes	No	NA	No	NA	Yes	No	rotting tissue of Opuntia phaeacantha in Saguaro National Monument East, AZ, USA	Yes	Yes	Yes	Yes	Yes	Yes	No	Yes	No	No	No
SRR16974571	yHMPu5000034639_candida_cariosilignicola_160519	34639	Pichiales	Ogataea methylovora	Standard	Standard	0	1.08388784592583	0.314103259009682	0.325619237415188	Yes	Yes	Yes	Yes	Yes	Yes	Yes	NA	Yes	Yes	Yes	No	Yes	Yes	Yes	No	Yes	No	No	No	Yes	Yes	Yes	Yes	No	Yes	NA	No	No	rotten wood	Yes	Yes	Yes	Yes	Yes	Yes	No	No	No	No	No
SRR16988734	yHMPu5000037859_ogataea_nakhonphanomensis_170210	37859	Pichiales	Ogataea nakhonphanomensis	Generalist	Generalist	0	0.513632052661371	0.239184003928071	0.316567318203401	NA	NA	NA	NA	NA	NA	NA	NA	NA	NA	NA	NA	NA	NA	NA	NA	NA	NA	NA	NA	NA	NA	NA	NA	NA	NA	NA	NA	NA	tree exudate	Yes	Yes	Yes	Yes	Yes	Yes	No	No	No	No	No
SRR16989224	yHMPu5000038056_ogataea_neopini_170912	38056	Pichiales	Ogataea neopini	Standard	Standard	0	0.659329489246179	0.387634831744452	0	NA	NA	NA	NA	NA	NA	NA	NA	NA	NA	NA	NA	NA	NA	NA	NA	NA	NA	NA	NA	NA	NA	NA	NA	NA	NA	NA	NA	NA	NA	NA	NA	NA	NA	NA	NA	NA	NA	NA	NA	NA
SRR16988735	yHMPu5000037858_ogataea_paradorogensis_180604	37858	Pichiales	Ogataea paradorogensis	Standard	Standard	0	0.575022288644573	0.49553213526592	0.149707363765443	Yes	Yes	Yes	Yes	Yes	Yes	Yes	Yes	Yes	Yes	No	No	Yes	Yes	Yes	No	No	Yes	Yes	No	Yes	Yes	Yes	Yes	Yes	Yes	Yes	No	No	gallery of tree, Machilus thunbergii, invaded by an insect, Xyleborus sp.	Yes	Yes	No	No	No	No	Yes	No	Yes	Yes	Yes
SRR16988786	yHMPu5000037228_Ogataea_paraovalis_SPADES	37228	Pichiales	Ogataea paraovalis	NA	NA	NA	NA	NA	NA	Yes	Yes	Yes	Yes	No	Yes	Yes	Yes	Yes	Yes	Yes	No	Yes	Yes	Yes	No	No	Yes	Yes	No	Yes	NA	NA	Yes	Yes	No	Yes	No	No	rotting wood	Yes	Yes	Yes	Yes	Yes	Yes	No	No	No	No	No
SRR16974520	yHMPu5000026177_ogataea_parapolymorpha_160519	26177	Pichiales	Ogataea parapolymorpha	Standard	Standard	0	0.682527764756067	0.372927542118903	0	Yes	Yes	NA	Yes	Yes	Yes	NA	Yes	Yes	Yes	Yes	Yes	Yes	Yes	NA	Yes	Yes	Yes	Yes	Yes	Yes	Yes	NA	Yes	NA	No	Yes	Yes	Yes	Insect frass, quaking aspen, USA	Yes	Yes	No	No	No	No	Yes	No	Yes	Yes	Yes
SRR16989143	yHMPu5000041802_ogataea_polymorpha_180604	41802	Pichiales	Ogataea polymorpha	Specialist	Specialist	0	0	0.300233099206373	0	Yes	Yes	Yes	Yes	Yes	Yes	Yes	NA	Yes	Yes	Yes	Yes	Yes	Yes	Yes	No	Yes	Yes	Yes	Yes	Yes	Yes	Yes	No	Yes	No	NA	Yes	Yes	soil, irrigated with distillery effluent	Yes	Yes	No	No	No	No	No	No	No	No	No
SRR16974682	yHMPu5000034889_Ogataea_salicorniae_SPADES	34889	Pichiales	Ogataea salicorniae	Standard	Standard	0	0.538853445769272	0.269598958257323	0	Yes	Yes	Yes	Yes	Yes	Yes	Yes	No	Yes	Yes	Yes	No	No	Yes	No	No	No	No	No	No	Yes	No	Yes	No	No	No	No	No	No	brackish water, of salt spring	Yes	Yes	No	No	No	No	No	No	No	No	No
SRR16989144	yHMPu5000041801_ogataea_saltuana_170713	41801	Pichiales	Ogataea saltuana	Standard	Standard	0	0.619458800592073	0.454196792871439	0	Yes	Yes	Yes	Yes	Yes	Yes	Yes	Yes	Yes	Yes	Yes	Yes	Yes	Yes	Yes	No	Yes	Yes	Yes	No	Yes	Yes	Yes	Yes	Yes	Yes	Yes	No	No	Brown rotten wood of Scotch pine (P. silvestris)	Yes	Yes	Yes	Yes	Yes	Yes	No	No	No	No	No
SRR16988717	yHMPu5000035310_ogataea_siamensis_201018	35310	Pichiales	Ogataea siamensis	NA	NA	NA	NA	NA	NA	NA	NA	NA	NA	NA	NA	NA	NA	NA	NA	NA	NA	NA	NA	NA	NA	NA	NA	NA	NA	NA	NA	NA	NA	NA	NA	NA	NA	NA	flower of grape jasmine, Ervatamia coronaria	Yes	Yes	Yes	Yes	Yes	Yes	No	Yes	No	No	No
SRR16974468	yHMPu5000034908_candida_sp_160519	34908	Pichiales	Ogataea sp.	Standard	Standard	0	0	0.881070388638729	0	NA	NA	NA	NA	NA	NA	NA	NA	NA	NA	NA	NA	NA	NA	NA	NA	NA	NA	NA	NA	NA	NA	NA	NA	NA	NA	NA	NA	NA	Unknown	NA	NA	NA	NA	NA	NA	NA	NA	NA	NA	NA
SRR16974467	yHMPu5000034909_candida_sp_160519	34909	Pichiales	Ogataea sp.	NA	NA	NA	NA	NA	NA	NA	NA	NA	NA	NA	NA	NA	NA	NA	NA	NA	NA	NA	NA	NA	NA	NA	NA	NA	NA	NA	NA	NA	NA	NA	NA	NA	NA	NA	NA	NA	NA	NA	NA	NA	NA	NA	NA	NA	NA	NA
SRR16974466	yHMPu5000034910_candida_sp_160519	34910	Pichiales	Ogataea sp.	Standard	Generalist	0.691404344539864	0.343749199893912	0.523238372376566	0	NA	NA	NA	NA	NA	NA	NA	NA	NA	NA	NA	NA	NA	NA	NA	NA	NA	NA	NA	NA	NA	NA	NA	NA	NA	NA	NA	NA	NA	Unknown	NA	NA	NA	NA	NA	NA	NA	NA	NA	NA	NA
SRR16989186	yHMPu5000038097_candida_sp_201018	38097	Pichiales	Ogataea sp.	Standard	Generalist	0.68942877423326	0.457079235369553	0	0	NA	NA	NA	NA	NA	NA	NA	NA	NA	NA	NA	NA	NA	NA	NA	NA	NA	NA	NA	NA	NA	NA	NA	NA	NA	NA	NA	NA	NA	Euphorbia ingens (spurge)	Yes	Yes	Yes	Yes	Yes	Yes	No	Yes	No	No	No
SRR16974519	yHMPu5000026190_ogataea_sp_160519	26190	Pichiales	Ogataea sp.	Standard	Standard	0	1.29792421845999	0.587622807212082	0	NA	NA	NA	NA	NA	NA	NA	NA	NA	NA	NA	NA	NA	NA	NA	NA	NA	NA	NA	NA	NA	NA	NA	NA	NA	NA	NA	NA	NA	gut of Pyralidae larva (snout moth) in Encephalartos sp.	Yes	Yes	No	No	No	No	Yes	No	Yes	Yes	Yes
SRR16974390	yHMJ1_Ogataea_sp_nov_plate33_PLATANUS	yHMJ1	Pichiales	Ogataea sp.	NA	NA	NA	NA	NA	NA	NA	NA	NA	NA	NA	NA	NA	NA	NA	NA	NA	NA	NA	NA	NA	NA	NA	NA	NA	NA	NA	NA	NA	NA	NA	NA	NA	NA	NA	Soil associated with Malus sylvestris	Yes	Yes	No	No	No	No	No	No	No	No	No
SRR16989145	yHMPu5000041800_ogataea_thermomethanolica_180604	41800	Pichiales	Ogataea thermomethanolica	NA	NA	NA	NA	NA	NA	Yes	Yes	Yes	Yes	Yes	Yes	Yes	Yes	Yes	Yes	Yes	Yes	Yes	Yes	Yes	No	Yes	Yes	Yes	Yes	Yes	Yes	NA	Yes	NA	Yes	Yes	Yes	Yes	soil	Yes	Yes	No	No	No	No	No	No	No	No	No
SRR16974572	yHMPu5000034638_ogataea_wickerhamii_180604	34638	Pichiales	Ogataea wickerhamii	Standard	Standard	0	0.968733003117792	0.424436168793403	0.372821340166043	Yes	Yes	Yes	Yes	Yes	Yes	Yes	Yes	Yes	Yes	No	Yes	Yes	Yes	Yes	No	No	No	No	No	Yes	No	Yes	Yes	No	Yes	Yes	No	No	soil, swamp	Yes	Yes	No	No	No	No	No	No	No	No	No
SRR16989114	yHMPu5000038335_pichia_cactophila_170713.haplomerger2	38335	Pichiales	Pichia cactophila	Standard	Standard	0	1.05300508593728	0	0	Yes	Yes	Yes	Yes	Yes	No	Yes	Yes	No	Yes	Yes	Yes	No	No	No	No	No	No	No	No	No	Yes	No	No	No	No	Yes	No	No	rotting Lemaireocereus thurberi (organ-pipe cactus)	Yes	Yes	Yes	Yes	Yes	Yes	No	Yes	No	No	No
SRR16988745	yHMPu5000037847_pichia_cephalocereana_201018	37847	Pichiales	Pichia cephalocereana	Standard	Standard	0	0.907437910991947	0.264916574279777	0	Yes	Yes	Yes	Yes	Yes	No	Yes	Yes	No	Yes	Yes	Yes	No	No	No	No	No	No	No	No	No	Yes	No	No	No	No	Yes	No	No	rotting Cephalocereus royenii (columnar cactus)	Yes	Yes	Yes	Yes	Yes	Yes	No	Yes	No	No	No
SRR16974570	yHMPu5000034640_pichia_deserticola_170307	34640	Pichiales	Pichia deserticola	Specialist	Standard	0	0.909432112845825	0	0	Yes	Yes	Yes	Yes	Yes	No	Yes	Yes	No	Yes	No	Yes	No	No	No	No	No	No	No	No	No	No	No	No	No	No	Yes	No	No	rotting Opuntia phaeacantha (prickly pear cactus)	Yes	Yes	Yes	Yes	Yes	Yes	No	Yes	No	No	No
SRR16974569	yHMPu5000034641_pichia_eremophila_170307.haplomerger2	34641	Pichiales	Pichia eremophila	Standard	Standard	0	1.55057317692875	0	0	Yes	Yes	Yes	Yes	Yes	No	Yes	Yes	No	Yes	Yes	Yes	No	No	No	No	No	No	No	No	No	Yes	No	No	No	No	Yes	No	No	rotting Opuntia phaeacantha (prickly-pear cactus)	Yes	Yes	Yes	Yes	Yes	Yes	No	Yes	No	No	No
SRR16974583	yHMPu5000034628_pichia_fermentans_160519.haplomerger2	34628	Pichiales	Pichia fermentans	Standard	Standard	0	0.390704707336878	0	0	Yes	Yes	Yes	Yes	Yes	No	Yes	Yes	No	Yes	Yes	Yes	No	Yes	No	No	No	No	No	No	No	Yes	No	No	No	No	Yes	No	No	buttermilk	Yes	Yes	No	No	No	No	No	No	No	No	No
SRR16988796	yHMPu5000037219_Pichia_gijzenarium_SPADES	37219	Pichiales	Pichia gijzenarium	NA	NA	NA	NA	NA	NA	Yes	Yes	Yes	No	Yes	No	Yes	No	No	NA	No	NA	No	Yes	NA	No	No	No	NA	No	NA	NA	NA	No	NA	Yes	NA	No	No	soil	Yes	Yes	No	No	No	No	No	No	No	No	No
SRR16989225	yHMPu5000038055_pichia_insulana_190924.haplomerger2	38055	Pichiales	Pichia insulana	Standard	Standard	0	1.11778823507442	0.528723761974095	0	Yes	Yes	Yes	Yes	NA	No	Yes	NA	No	Yes	Yes	Yes	No	No	No	No	No	No	No	No	No	Yes	NA	NA	NA	No	NA	No	No	rot pocket in a Cereus repandus cactus on the island of Curaçao	Yes	Yes	Yes	Yes	Yes	Yes	No	Yes	No	No	No
SRR16974586	yHMPu5000034626_pichia_kluyveri_170307.haplomerger2	34626	Pichiales	Pichia kluyveri	Standard	Standard	0	0.880547612668951	0.334291733274479	0	Yes	Yes	Yes	Yes	Yes	No	Yes	Yes	No	Yes	Yes	Yes	No	No	Yes	No	No	No	No	No	No	Yes	No	No	No	No	Yes	No	No	olives	Yes	Yes	Yes	Yes	Yes	Yes	No	Yes	No	No	No
SRR16988916	yHMPu5000040913_pichia_manshurica_201018	40913	Pichiales	Pichia mandshurica	Specialist	Standard	0	0.225697172277111	0	0	Yes	Yes	Yes	No	Yes	No	Yes	Yes	No	Yes	No	No	No	No	Yes	No	No	No	No	No	No	No	No	No	No	No	Yes	No	No	Manshurian sorghum spirits	Yes	Yes	No	No	No	No	No	No	No	No	No
SRR16988813	yHMPu5000037203_Pichia_nanzhaoensis_SPADES	37203	Pichiales	Pichia nanzhaoensis	Standard	Standard	0	1.86901414759644	0	0	Yes	Yes	Yes	No	No	No	Yes	Yes	No	No	No	No	No	No	No	No	No	No	No	No	No	No	No	No	No	No	No	No	No	rotting wood	Yes	Yes	Yes	Yes	Yes	Yes	No	No	No	No	No
SRR16988819	yHMPu5000037198_Pichia_paraexigua_SPADES	37198	Pichiales	Pichia paraexigua	Standard	Standard	0	0.84525173511086	0	0	Yes	Yes	Yes	No	No	No	Yes	Yes	No	No	No	No	No	No	No	No	No	No	No	No	No	No	No	No	No	No	Yes	No	No	rotting wood	Yes	Yes	Yes	Yes	Yes	Yes	No	No	No	No	No
SRR16974517	yHMPu5000026208_pichia_pseudocactophila_170307.haplomerger2	26208	Pichiales	Pichia pseudocactophila	Standard	Standard	0	0.705732636056671	0.716537125514829	0	Yes	Yes	Yes	Yes	Yes	No	Yes	Yes	No	Yes	Yes	Yes	No	No	No	No	No	No	No	No	No	Yes	No	No	No	No	Yes	No	No	Pachycereus pectin-arboriginum (cactus)	Yes	Yes	Yes	Yes	Yes	Yes	No	Yes	No	No	No
SRR16988728	yHMPu5000035309_pichia_scutulata_180604.haplomerger2	35309	Pichiales	Pichia scutulata	Specialist	Standard	0	0.368853177341236	0.213024731718031	0	Yes	Yes	Yes	Yes	Yes	No	Yes	No	No	Yes	Yes	Yes	No	No	No	No	No	No	No	No	No	No	No	No	No	No	No	No	No	frothy flux of Myoporum sandwicense (sandalwood tree)	Yes	Yes	Yes	Yes	Yes	Yes	No	Yes	No	No	No
SRR16989226	yHMPu5000038053_pichia_sp_180604	38053	Pichiales	Pichia sp.	Specialist	Standard	0	0.57931715513679	0	0	NA	NA	NA	NA	NA	NA	NA	NA	NA	NA	NA	NA	NA	NA	NA	NA	NA	NA	NA	NA	NA	NA	NA	NA	NA	NA	NA	NA	NA	NA	NA	NA	NA	NA	NA	NA	NA	NA	NA	NA	NA
SRR16988867	yHMPu5000035299_pichia_sp_170307	35299	Pichiales	Pichia sp.	Standard	Standard	0	0.666749649694153	0.234264701098448	0	NA	NA	NA	NA	NA	NA	NA	NA	NA	NA	NA	NA	NA	NA	NA	NA	NA	NA	NA	NA	NA	NA	NA	NA	NA	NA	NA	NA	NA	NA	NA	NA	NA	NA	NA	NA	NA	NA	NA	NA	NA
SRR16974619	yHMPu5000034620_pichia_sp_170307	34620	Pichiales	Pichia sp.	Standard	Standard	0	0.275892085743756	0	0	NA	NA	NA	NA	NA	NA	NA	NA	NA	NA	NA	NA	NA	NA	NA	NA	NA	NA	NA	NA	NA	NA	NA	NA	NA	NA	NA	NA	NA	NA	NA	NA	NA	NA	NA	NA	NA	NA	NA	NA	NA
SRR16974618	yHMPu5000034621_pichia_sp_160519	34621	Pichiales	Pichia sp.	Standard	Standard	0	0.151525561447754	0.11679264263893	0.0865765776533862	NA	NA	NA	NA	NA	NA	NA	NA	NA	NA	NA	NA	NA	NA	NA	NA	NA	NA	NA	NA	NA	NA	NA	NA	NA	NA	NA	NA	NA	NA	NA	NA	NA	NA	NA	NA	NA	NA	NA	NA	NA
SRR16988828	yHMPu5000035300_pichia_sp_170307	35300	Pichiales	Pichia sp.	Specialist	Standard	0	1.45634825989307	0.578528052075169	0	NA	NA	NA	NA	NA	NA	NA	NA	NA	NA	NA	NA	NA	NA	NA	NA	NA	NA	NA	NA	NA	NA	NA	NA	NA	NA	NA	NA	NA	NA	NA	NA	NA	NA	NA	NA	NA	NA	NA	NA	NA
SRR16989086	yHMPu5000038336_pichia_sp_170713	38336	Pichiales	Pichia sp.	Specialist	Specialist	0	0.293573798576639	0	0	NA	NA	NA	NA	NA	NA	NA	NA	NA	NA	NA	NA	NA	NA	NA	NA	NA	NA	NA	NA	NA	NA	NA	NA	NA	NA	NA	NA	NA	NA	NA	NA	NA	NA	NA	NA	NA	NA	NA	NA	NA
SRR16974491	yHKS168_Pichia_sp_nov_plate33_PLATANUS	yHKS168	Pichiales	Pichia sp.	NA	NA	NA	NA	NA	NA	NA	NA	NA	NA	NA	NA	NA	NA	NA	NA	NA	NA	NA	NA	NA	NA	NA	NA	NA	NA	NA	NA	NA	NA	NA	NA	NA	NA	NA	soil	Yes	Yes	No	No	No	No	No	No	No	No	No
SRR16988706	yHMPu5000035313_pichia_sporocuriosa_170307.haplomerger2	35313	Pichiales	Pichia sporocuriosa	Standard	Standard	0	0.334826760551835	0.0750143021794743	0	Yes	Yes	Yes	Yes	Yes	No	Yes	Yes	No	NA	NA	Yes	No	Yes	No	No	No	No	No	No	No	No	No	No	No	Yes	Yes	No	No	rotten Nephelium lappaceum (rambutan tree)	Yes	Yes	Yes	Yes	Yes	Yes	No	Yes	No	No	No
SRR16988981	yHMPu5000035294_candida_fermenticarens_170307	35294	Serinales	Priceomyces fermenticarens	Specialist	Specialist	0.135469671138626	0	0.455717468785238	0	Yes	Yes	Yes	Yes	Yes	Yes	Yes	Yes	Yes	Yes	No	Yes	No	No	Yes	Yes	No	No	No	No	Yes	Yes	Yes	Yes	No	Yes	No	No	No	lichen on tree	Yes	Yes	No	No	No	No	No	No	No	No	No
SRR16988938	yHMPu5000035295_priceomyces_melissophilus_201018	35295	Serinales	Priceomyces melissophilus	NA	NA	NA	NA	NA	NA	Yes	Yes	Yes	Yes	Yes	Yes	Yes	Yes	Yes	Yes	No	No	No	No	Yes	Yes	Yes	Yes	No	Yes	Yes	Yes	No	Yes	Yes	No	Yes	Yes	Yes	gut of Apis mellifica var. adonsonii (honey bee)	No	No	No	No	No	No	No	No	No	No	No
SRR16974257	yHMPu5000026282_saccharomycodes_ludwigii_190924	26282	Saccharomycodales	Saccharomycodes ludwigii	Specialist	Standard	0	0	0.326208597508092	0	Yes	Yes	Yes	Yes	Yes	No	Yes	Yes	No	Yes	Yes	No	No	No	Yes	No	Yes	Yes	Yes	No	No	No	No	No	Yes	No	Yes	No	No	No Data	NA	NA	NA	NA	NA	NA	NA	NA	NA	NA	NA
SRR16989146	yHMPu5000041799_saccharomycopsis_amapae_201018	41799	Ascoideales	Saccharomycopsis amapae	Standard	Standard	0	0.597503027261646	0.300433866908647	0.300458835819291	Yes	Yes	No	Yes	No	Yes	No	Yes	Yes	Yes	Yes	Yes	Yes	Yes	Yes	No	No	No	No	No	No	No	No	Yes	No	Yes	No	No	No	fruit of Parhancornia amapa	Yes	Yes	Yes	Yes	Yes	Yes	No	Yes	No	No	No
SRR16988744	yHMPu5000037848_saccharomycopsis_babjevae_170912	37848	Ascoideales	Saccharomycopsis babjevae	NA	NA	NA	NA	NA	NA	Yes	Yes	No	No	No	Yes	No	NA	Yes	NA	NA	Yes	Yes	No	Yes	Yes	Yes	Yes	Yes	No	No	No	Yes	No	Yes	Yes	NA	Yes	No	exudate of Quercus acutissima	Yes	Yes	Yes	Yes	Yes	Yes	No	Yes	No	No	No
SRR16988844	yHMPu5000041691_saccharomycopsis_crataegensis_180604	41691	Ascoideales	Saccharomycopsis crataegensis	NA	NA	NA	NA	NA	NA	Yes	Yes	No	Yes	No	Yes	No	Yes	Yes	Yes	Yes	Yes	No	Yes	Yes	No	No	No	No	No	Yes	No	Yes	Yes	No	Yes	No	No	No	fallen hips of Crataegus sp. (hawthorne)	Yes	Yes	Yes	Yes	Yes	Yes	No	Yes	No	No	No
SRR16989147	yHMPu5000041797_saccharomycopsis_fermentans_201018	41797	Ascoideales	Saccharomycopsis fermentans	Standard	Standard	0	0.885426345185026	0.252897738910549	0.270943257147048	Yes	Yes	No	Yes	No	No	No	Yes	No	Yes	Yes	Yes	Yes	No	No	No	No	No	No	No	No	No	No	No	No	Yes	Yes	No	No	soil, of papaya orchard	Yes	Yes	No	No	No	No	No	No	No	No	No
SRR16989148	yHMPu5000041796_saccharomycopsis_fibulgera_180604.haplomerger2	41796	Ascoideales	Saccharomycopsis fibuligera	NA	NA	NA	NA	NA	NA	NA	NA	NA	NA	NA	NA	NA	NA	NA	NA	NA	NA	NA	NA	NA	NA	NA	NA	NA	NA	NA	NA	NA	NA	NA	NA	NA	NA	NA	chalky rye bread, Germany	Yes	Yes	No	No	No	No	No	No	No	No	No
SRR16988743	yHMPu5000037849_saccharomycopsis_fodiens_170912	37849	Ascoideales	Saccharomycopsis fodiens	NA	NA	NA	NA	NA	NA	Yes	Yes	Yes	Yes	Yes	Yes	No	Yes	Yes	Yes	Yes	Yes	Yes	Yes	Yes	No	No	Yes	Yes	No	Yes	Yes	Yes	Yes	Yes	Yes	No	No	No	beetle on Hibiscus sp.	Yes	Yes	No	No	No	No	Yes	No	Yes	Yes	Yes
SRR16989227	yHMPu5000038052_saccharomycopsis_guyanensis_170912	38052	Ascoideales	Saccharomycopsis guyanensis	NA	NA	NA	NA	NA	NA	Yes	Yes	Yes	No	Yes	Yes	Yes	Yes	Yes	NA	No	NA	Yes	Yes	NA	No	No	Yes	NA	No	NA	NA	NA	Yes	NA	Yes	Yes	No	No	Stamen of plant	Yes	Yes	Yes	Yes	Yes	No	No	No	No	No	No
SRR16988836	yHMPu5000041733_saccharomycopsis_javanensis_170912	41733	Ascoideales	Saccharomycopsis javanensis	Standard	Generalist	0	0.352335128478423	0.179810763106021	0.110224525485072	Yes	Yes	No	Yes	No	No	No	Yes	No	Yes	No	Yes	Yes	Yes	No	No	No	No	No	No	No	No	No	No	No	Yes	No	No	No	soil	Yes	Yes	No	No	No	No	No	No	No	No	No
SRR16989149	yHMPu5000041794_saccharomycopsis_lassenensis_201018	41794	Ascoideales	Saccharomycopsis lassenensis	NA	NA	NA	NA	NA	NA	Yes	Yes	No	Yes	No	Yes	No	Yes	Yes	Yes	No	Yes	No	No	Yes	No	No	Yes	Yes	No	Yes	Yes	No	Yes	Yes	No	Yes	No	No	adult Ips oregoni (bark beetle) infesting Pinus contorta var. latifolia (loge-pole pine)	Yes	Yes	No	No	No	No	Yes	No	Yes	Yes	Yes
SRR16988840	yHMPu5000041719_saccharomycopsis_microspora_170912	41719	Ascoideales	Saccharomycopsis microspora	Standard	Standard	0	1.0516701823943	0.387412931576196	0	Yes	Yes	No	Yes	No	Yes	No	Yes	Yes	Yes	No	Yes	No	Yes	Yes	No	No	No	No	Yes	Yes	Yes	Yes	Yes	No	No	No	No	No	ambrosial fungus of Crossotarsus wollastoni in Dipterocarpus indicus	Yes	Yes	No	No	No	No	Yes	No	Yes	Yes	Yes
SRR16989231	yHMPu5000038050_saccharomycopsis_olivae_170912	38050	Ascoideales	Saccharomycopsis olivae	NA	NA	NA	NA	NA	NA	Yes	Yes	Yes	Yes	Yes	Yes	Yes	Yes	Yes	NA	No	NA	No	No	NA	No	No	No	NA	No	NA	NA	NA	Yes	NA	No	Yes	No	No	Olivae	Yes	Yes	Yes	Yes	Yes	Yes	No	Yes	No	No	No
SRR16988793	yHMPu5000037221_saccharomycopsis_oosterbeekiorum_210210	37221	Ascoideales	Saccharomycopsis oosterbeekiorum	NA	NA	NA	NA	NA	NA	Yes	Yes	No	Yes	No	No	No	No	No	NA	No	NA	Yes	No	NA	No	Yes	No	NA	No	NA	NA	NA	No	NA	Yes	NA	No	No	Dutch soil	Yes	Yes	No	No	No	No	No	No	No	No	No
SRR16989159	yHMPu5000041783_saccharomycopsis_schoenii_170912	41783	Ascoideales	Saccharomycopsis schoenii	Standard	Standard	0	1.26262235102337	0.316629909128628	0.320163992778388	Yes	Yes	No	Yes	No	No	No	Yes	No	Yes	No	Yes	Yes	Yes	No	No	No	No	No	No	No	No	Yes	No	No	Yes	No	No	No	exudate of oak	Yes	Yes	Yes	Yes	Yes	Yes	No	Yes	No	No	No
SRR16989158	yHMPu5000041784_saccharomycopsis_selenospora_170912	41784	Ascoideales	Saccharomycopsis selenospora	Generalist	Generalist	0.395831129879825	0.684802669823391	0.718845047951322	0.355593799989737	Yes	Yes	No	No	No	No	No	Yes	No	Yes	No	No	No	Yes	Yes	Yes	No	No	No	No	Yes	No	Yes	Yes	No	No	Yes	No	No	substrate unknown	NA	NA	NA	NA	NA	NA	NA	NA	NA	NA	NA
SRR16989157	yHMPu5000041785_saccharomycopsis_sp_180604	41785	Ascoideales	Saccharomycopsis sp.	Standard	Standard	0	0.687020818540403	0.419971403190064	0.263739941545917	NA	NA	NA	NA	NA	NA	NA	NA	NA	NA	NA	NA	NA	NA	NA	NA	NA	NA	NA	NA	NA	NA	NA	NA	NA	NA	NA	NA	NA	NA	NA	NA	NA	NA	NA	NA	NA	NA	NA	NA	NA
SRR16988999	yHQL182_Saccharomycopsis_sp_nov_plate33_SPADES	yHQL182	Ascoideales	Saccharomycopsis sp.	NA	NA	NA	NA	NA	NA	NA	NA	NA	NA	NA	NA	NA	NA	NA	NA	NA	NA	NA	NA	NA	NA	NA	NA	NA	NA	NA	NA	NA	NA	NA	NA	NA	NA	NA	Sap Pine tree	Yes	Yes	Yes	Yes	Yes	Yes	No	No	No	No	No
SRR16988742	yHMPu5000037851_saturnispora_ahearnii_170912	37851	Pichiales	Saturnispora ahearnii	Specialist	Standard	0	0.293501080131994	0	0	Yes	Yes	Yes	No	Yes	Yes	Yes	Yes	Yes	Yes	Yes	Yes	No	No	No	No	No	No	No	No	No	No	No	No	No	No	No	No	No	muddy water of Spartina salt marsh	Yes	Yes	No	No	No	No	No	No	No	No	No
SRR16974321	yHDO580_saturnispora_besseyi_180604	yHDO580	Pichiales	Saturnispora besseyi	Standard	Standard	0	0.250376230637632	0	0	Yes	Yes	Yes	No	Yes	Yes	Yes	Yes	Yes	Yes	Yes	Yes	No	No	No	No	No	No	No	No	Yes	No	No	No	No	No	No	No	No	marsh water	Yes	Yes	No	No	No	No	No	No	No	No	No
SRR16974393	yHDO578_saturnispora_sp_180604	yHDO578	Pichiales	Saturnispora bothae	NA	NA	NA	NA	NA	NA	NA	NA	NA	NA	NA	NA	NA	NA	NA	NA	NA	NA	NA	NA	NA	NA	NA	NA	NA	NA	NA	NA	NA	NA	NA	NA	NA	NA	NA	rotting wood	Yes	Yes	Yes	Yes	Yes	Yes	No	No	No	No	No
SRR16988992	yHMPu5000035293_saturnispora_diversa_170307	35293	Pichiales	Saturnispora diversa	Standard	Standard	0	0.180120466489029	0.113563639713389	0	Yes	Yes	Yes	Yes	Yes	Yes	Yes	Yes	Yes	Yes	Yes	Yes	No	Yes	No	No	No	No	No	No	Yes	Yes	No	No	No	No	Yes	No	No	grape must	Yes	Yes	No	No	No	No	No	No	No	No	No
SRR16988802	yHMPu5000037213_saturnispora_galanensis_210210	37213	Pichiales	Saturnispora galanensis	Standard	Standard	0	0.636424517693185	0	0	Yes	Yes	Yes	No	No	No	Yes	Yes	No	No	Yes	No	No	No	No	No	No	No	No	No	No	No	No	No	NA	No	Yes	No	No	rotting wood	Yes	Yes	Yes	Yes	Yes	Yes	No	No	No	No	No
SRR16974631	yHMPu5000034609_saturnispora_gosingensis_170307	34609	Pichiales	Saturnispora gosingensis	Standard	Standard	0	0.23499687310201	0.128028823448338	0	Yes	Yes	Yes	Yes	Yes	Yes	Yes	NA	Yes	Yes	Yes	Yes	Yes	No	NA	No	No	No	No	No	Yes	No	No	No	NA	No	Yes	No	NA	the fruitbody of a mushroom in the genus Coprinus	Yes	Yes	No	No	No	No	No	No	No	No	No
SRR16988946	yHMPu5000040912_saturnispora_halmiae_201018	40912	Pichiales	Saturnispora halmiae	Specialist	Standard	0	0.564572899591467	0	0	Yes	Yes	NA	No	NA	No	NA	NA	Yes	NA	Yes	NA	Yes	Yes	NA	No	No	Yes	NA	Yes	Yes	NA	Yes	No	NA	No	NA	No	NA	fermenting cocoa	-2-	-2-	Yes	Yes	Yes	Yes	No	Yes	No	No	No
SRR16988801	yHMPu5000037214_saturnispora_kantuleensis_210210	37214	Pichiales	Saturnispora kantuleensis	NA	NA	NA	NA	NA	NA	Yes	Yes	Yes	No	Yes	No	Yes	Yes	No	Yes	No	Yes	No	No	No	No	No	No	No	No	No	Yes	No	No	No	Yes	Yes	No	No	peat collected Kan Tulee peat swamp forest	Yes	Yes	Yes	Yes	No	No	No	No	No	No	No
SRR16988652	yHMPu5000038038_saturnispora_quitensis_170912	38038	Pichiales	Saturnispora quitensis	Specialist	Standard	0	0.20434739835976	0.180407805243378	0	Yes	Yes	NA	No	Yes	Yes	Yes	Yes	Yes	Yes	Yes	Yes	Yes	No	NA	No	No	No	No	No	Yes	No	NA	NA	NA	No	NA	No	No	fruit of an unidentified species of bramble (Rubus sp.)	Yes	Yes	Yes	Yes	Yes	Yes	No	Yes	No	No	No
SRR16989123	yHMPu5000038325_saturnispora_sanitii_170713	38325	Pichiales	Saturnispora sanitii	Specialist	Standard	0	0	0.863076502926813	0	Yes	Yes	Yes	Yes	Yes	No	Yes	Yes	Yes	Yes	No	Yes	No	No	No	No	No	No	No	No	No	No	NA	No	NA	No	NA	No	No	water Mangrove Forest	Yes	Yes	No	No	No	No	No	No	No	No	No
SRR16988948	yHMPu5000040911_saturnispora_sekii_201018	40911	Pichiales	Saturnispora sekii	Specialist	Standard	0	0.637827943788043	0	0	Yes	Yes	Yes	Yes	Yes	No	Yes	Yes	No	Yes	Yes	Yes	No	No	No	No	No	No	No	No	No	Yes	NA	No	NA	No	NA	No	No	Insect frass	Yes	Yes	No	No	No	No	Yes	No	Yes	Yes	Yes
SRR16989156	yHMPu5000041788_scheffersomyces_coipomoensis_180604	41788	Serinales	Scheffersomyces coipomensis	Standard	Standard	0.46844832600317	0.225269242679696	0.181075324447611	0.410229180057974	Yes	Yes	Yes	Yes	Yes	Yes	Yes	Yes	Yes	Yes	Yes	Yes	Yes	Yes	Yes	Yes	Yes	Yes	Yes	Yes	Yes	Yes	Yes	No	Yes	Yes	No	Yes	Yes	rotten log of Eucryphia cordifolia	Yes	Yes	Yes	Yes	Yes	Yes	No	Yes	No	No	No
SRR16988741	yHMPu5000037852_scheffersomyces_cryptocercus_180604	37852	Serinales	Scheffersomyces cryptocercus	Standard	Standard	0.54022710055707	0.563677492422625	0	0	Yes	NA	NA	NA	NA	NA	NA	NA	NA	NA	NA	NA	NA	NA	NA	NA	NA	NA	NA	NA	NA	NA	NA	NA	NA	NA	NA	NA	NA	gut of the wood roach Cryptocercus sp.	Yes	Yes	No	No	No	No	Yes	No	Yes	Yes	Yes
SRR16989155	yHMPu5000041789_scheffersomyces_ergatensis_180604	41789	Serinales	Scheffersomyces ergatensis	Standard	Standard	0.807026873189443	0.621219699411654	0.496577846454053	1.8808045580242	Yes	Yes	Yes	Yes	Yes	Yes	Yes	No	Yes	Yes	Yes	Yes	Yes	Yes	No	Yes	Yes	Yes	Yes	Yes	Yes	Yes	Yes	No	Yes	Yes	No	No	Yes	larva of Ergates faber (cerabycid beetle), in stump of Pinus sp. (pine tree)	Yes	Yes	No	No	No	No	Yes	No	Yes	Yes	Yes
SRR16989125	yHMPu5000038324_scheffersomyces_gosingicus_180604	38324	Serinales	Scheffersomyces gosingicus	Standard	Standard	0	0.20162718921616	0.122171671875785	0.477863726693611	Yes	Yes	Yes	No	Yes	Yes	Yes	Yes	Yes	Yes	Yes	Yes	Yes	No	Yes	No	Yes	Yes	Yes	Yes	Yes	No	Yes	No	Yes	Yes	Yes	Yes	Yes	soil	Yes	Yes	No	No	No	No	No	No	No	No	No
SRR16988740	yHMPu5000037853_scheffersomyces_illinoinensis_170912	37853	Serinales	Scheffersomyces illinoinensis	Standard	Standard	0.639513897016282	0.271878058269682	0.151271917909535	0.645184260896614	Yes	Yes	No	Yes	Yes	Yes	Yes	Yes	Yes	Yes	Yes	Yes	Yes	Yes	Yes	Yes	Yes	Yes	Yes	Yes	Yes	Yes	Yes	Yes	Yes	No	Yes	Yes	Yes	rotted wood (Carya illinoinensis)	Yes	Yes	Yes	Yes	Yes	Yes	No	Yes	No	No	No
SRR16988738	yHMPu5000037854_scheffersomyces_insectosa_170912	37854	Serinales	Scheffersomyces insectosa	Standard	Specialist	0.733125928010411	0.487674630981018	0	0.690408505086272	Yes	Yes	Yes	Yes	Yes	Yes	Yes	Yes	Yes	Yes	Yes	Yes	Yes	Yes	Yes	Yes	Yes	Yes	Yes	Yes	Yes	Yes	Yes	Yes	Yes	No	No	Yes	Yes	Leptura maculicornis	Yes	Yes	No	No	No	No	Yes	No	Yes	Yes	Yes
SRR16989126	yHMPu5000038323_scheffersomyces_lignicola_170713	38323	Serinales	Scheffersomyces lignicola	Standard	Standard	0.580270042460198	0.33712191071651	0	0.463036441113332	Yes	Yes	Yes	Yes	Yes	Yes	Yes	Yes	Yes	No	Yes	Yes	Yes	Yes	Yes	Yes	Yes	Yes	Yes	Yes	Yes	Yes	NA	Yes	NA	Yes	Yes	Yes	Yes	Insect frass	Yes	Yes	No	No	No	No	Yes	No	Yes	Yes	Yes
SRR16989015	yHMPu5000038380_candida_loeiensis_170713	38380	Serinales	Candida loeiensis	Standard	Specialist	0.887168639828828	0	0	0.415370872944496	Yes	Yes	Yes	Yes	Yes	Yes	Yes	No	Yes	Yes	Yes	Yes	Yes	Yes	Yes	Yes	Yes	Yes	Yes	Yes	Yes	Yes	Yes	No	Yes	Yes	No	Yes	Yes	Insect frass	Yes	Yes	No	No	No	No	Yes	No	Yes	Yes	Yes
SRR16988947	yHMPu5000038039_scheffersomyces_parashehatae_170912	38039	Serinales	Scheffersomyces parashehatae	Standard	Standard	0.397721622645519	0.470941524044128	0	0.459767095789891	NA	NA	NA	NA	NA	NA	NA	NA	NA	NA	NA	NA	NA	NA	NA	NA	NA	NA	NA	NA	NA	NA	NA	NA	NA	NA	NA	NA	NA	Gut of Odontotaenius disjunctus larva (Coleoptera; Passalidae)	Yes	Yes	No	No	No	No	Yes	No	Yes	Yes	Yes
SRR16988737	yHMPu5000037856_scheffersomyces_quercinus_180604	37856	Serinales	Scheffersomyces quercinus	Standard	Standard	0.663646107240597	0.376070270220368	0	0	Yes	Yes	Yes	Yes	Yes	Yes	Yes	Yes	Yes	Yes	Yes	Yes	Yes	Yes	Yes	Yes	Yes	Yes	Yes	Yes	Yes	Yes	Yes	Yes	Yes	Yes	Yes	No	Yes	rotted wood (Quercus niger)	Yes	Yes	Yes	Yes	Yes	Yes	No	Yes	No	No	No
SRR16989154	yHMPu5000041790_scheffersomyces_segobiensis_180604	41790	Serinales	Scheffersomyces segobiensis	Standard	Standard	0.845381040422729	0.439485238611448	0.281413433942376	0.459231083260029	NA	NA	NA	NA	NA	NA	NA	NA	NA	NA	NA	NA	NA	NA	NA	NA	NA	NA	NA	NA	NA	NA	NA	NA	NA	NA	NA	NA	NA	adult larva of the insect Calcophora mariana massiliensis in Scotch pine (Pinus silvestris), Spain	Yes	Yes	No	No	No	No	Yes	No	Yes	Yes	Yes
SRR16989153	yHMPu5000041791_scheffersomyces_shehatae_180604	41791	Serinales	Scheffersomyces shehatae	Standard	Standard	0.594715229295356	0.157189996429883	0.203216163675284	0.375375500553819	NA	NA	NA	NA	NA	NA	NA	NA	NA	NA	NA	NA	NA	NA	NA	NA	NA	NA	NA	NA	NA	NA	NA	NA	NA	NA	NA	NA	NA	insect-infested pine wood (Pinus sp., Pinacae)	Yes	Yes	Yes	Yes	Yes	Yes	No	No	No	No	No
SRR16988736	yHMPu5000037857_scheffersomyces_spartiniae_170210	37857	Serinales	Scheffersomyces spartinae	Standard	Standard	0	0.416844668965388	0	0.550736083025842	Yes	Yes	Yes	Yes	Yes	Yes	Yes	Yes	Yes	Yes	Yes	Yes	Yes	No	Yes	No	Yes	Yes	Yes	Yes	Yes	Yes	Yes	Yes	Yes	Yes	Yes	Yes	Yes	oyster grass (Spartina alterniflora) marshes	Yes	Yes	No	No	No	No	No	No	No	No	No
SRR16974624	yHMPu5000034616_scheffersomyces_stipitis_180604	34616	Serinales	Scheffersomyces stipitis	NA	NA	NA	NA	NA	NA	NA	NA	NA	NA	NA	NA	NA	NA	NA	NA	NA	NA	NA	NA	NA	NA	NA	NA	NA	NA	NA	NA	NA	NA	NA	NA	NA	NA	NA	insect larvae on fruit tree	Yes	Yes	No	No	No	No	Yes	No	Yes	Yes	Yes
SRR16988765	yHMPu5000037252_Scheffersomyces_titanus_SPADES	37292	Serinales	Scheffersomyces titanus	Standard	Standard	NA	NA	NA	NA	Yes	Yes	Yes	Yes	No	Yes	Yes	NA	Yes	Yes	Yes	Yes	Yes	Yes	Yes	Yes	Yes	Yes	Yes	Yes	Yes	No	Yes	Yes	Yes	Yes	Yes	Yes	Yes	Dorcus titanus	Yes	Yes	No	No	No	No	Yes	No	Yes	Yes	Yes
SRR16988746	yHMPu5000037845_scheffersomyces_virginianus_170912	37845	Serinales	Scheffersomyces virginianus	Standard	Standard	0	0.549898008443219	0	0.317317210750492	Yes	Yes	Yes	Yes	No	Yes	Yes	Yes	Yes	Yes	Yes	Yes	Yes	Yes	Yes	Yes	Yes	Yes	Yes	Yes	Yes	Yes	Yes	Yes	Yes	Yes	Yes	Yes	Yes	rotted wood (Quercus virginiana)	Yes	Yes	Yes	Yes	Yes	Yes	No	Yes	No	No	No
SRR16989238	yHMPu5000038040_scheffersomyces_xylosifermentans_170912	38040	Serinales	Scheffersomyces xylosifermentans	Standard	Standard	0.386549560507915	0.615069517021286	0.323055043389431	0.894214766187679	NA	NA	NA	NA	NA	NA	NA	NA	NA	NA	NA	NA	NA	NA	NA	NA	NA	NA	NA	NA	NA	NA	NA	NA	NA	NA	NA	NA	NA	Insect tunnel	Yes	Yes	No	No	No	No	Yes	No	Yes	Yes	Yes
SRR16989151	yHMPu5000041792_schwanniomyces_capriottii_170912	41792	Serinales	Schwanniomyces capriottii	Generalist	Standard	0.538291068430423	1.29569955148052	0.176461244006613	0.600282093047963	Yes	Yes	Yes	Yes	Yes	Yes	Yes	Yes	Yes	Yes	Yes	Yes	Yes	Yes	Yes	Yes	Yes	Yes	Yes	Yes	Yes	Yes	Yes	No	Yes	Yes	No	Yes	Yes	soil	Yes	Yes	No	No	No	No	No	No	No	No	No
SRR16989150	yHMPu5000041793_schwanniomyces_etchellsii_180604	41793	Serinales	Schwanniomyces etchellsii	Standard	Standard	0.26824679472737	0.380390618458697	0.31368695733252	0.385935484011798	Yes	Yes	Yes	Yes	Yes	Yes	Yes	NA	Yes	Yes	Yes	Yes	Yes	Yes	No	Yes	Yes	Yes	Yes	Yes	Yes	Yes	Yes	No	Yes	Yes	NA	Yes	Yes	fermenting cucumbers, in 15% brine with 0.61% lactic acid	Yes	Yes	No	No	No	No	No	No	No	No	No
SRR16974244	yHMPu5000034581_schwanniomyces_occidentalis_var_occidentalis_170713	34581	Serinales	Schwanniomyces occidentalis var. occidentalis	Generalist	Standard	0.443002130424073	0.516764279764356	0.131595947117346	0.321103773088212	Yes	Yes	Yes	Yes	Yes	Yes	Yes	Yes	Yes	Yes	Yes	Yes	Yes	Yes	Yes	Yes	Yes	Yes	Yes	Yes	Yes	Yes	Yes	Yes	Yes	Yes	Yes	Yes	No	soil	Yes	Yes	No	No	No	No	No	No	No	No	No
SRR16989160	yHMPu5000041781_schwanniomyces_occidentalis_var_persoonii_190924	41781	Serinales	Schwanniomyces occidentalis var. persoonii	Standard	Standard	0	0.523633327879577	0.176891492635213	0.171679555112497	Yes	Yes	Yes	Yes	Yes	Yes	Yes	Yes	Yes	Yes	Yes	Yes	Yes	No	Yes	No	Yes	No	No	Yes	Yes	Yes	No	Yes	No	No	Yes	Yes	No	soil	Yes	Yes	No	No	No	No	No	No	No	No	No
SRR16989127	yHMPu5000038322_schwanniomyces_polymorphus_var_africanus_170713	38322	Serinales	Schwanniomyces polymorphus var. africanus	Generalist	Standard	0.617652168008485	0.718628186710215	0.177956430326179	0.634167078164609	Yes	Yes	Yes	Yes	Yes	Yes	Yes	Yes	Yes	Yes	Yes	Yes	Yes	Yes	Yes	Yes	Yes	Yes	Yes	Yes	Yes	Yes	Yes	Yes	Yes	Yes	Yes	Yes	Yes	soil	Yes	Yes	No	No	No	No	No	No	No	No	No
SRR16989161	yHMPu5000041780_Schwanniomyces_polymorphus_var_polymorphus_SPADES	41780	Serinales	Schwanniomyces polymorphus var. polymorphus	Generalist	Standard	0.776914128448834	0.551051773984072	0.220171411581312	0.716529257710654	Yes	Yes	Yes	Yes	Yes	Yes	Yes	Yes	Yes	Yes	Yes	Yes	Yes	Yes	Yes	Yes	Yes	Yes	Yes	Yes	Yes	Yes	Yes	Yes	Yes	Yes	Yes	Yes	Yes	soil	Yes	Yes	No	No	No	No	No	No	No	No	No
SRR16989162	yHMPu5000041779_schwanniomyces_pseudopolymorphus_190924	41779	Serinales	Schwanniomyces pseudopolymorphus	Generalist	Standard	0.652578070356853	0.695236620039931	0.379248548182144	0.657429380895865	Yes	Yes	Yes	Yes	Yes	Yes	Yes	Yes	Yes	Yes	Yes	Yes	Yes	Yes	Yes	Yes	Yes	Yes	Yes	Yes	Yes	Yes	Yes	Yes	Yes	Yes	Yes	Yes	Yes	tanning fluid, prepared bark of sweet-chestnut	Yes	Yes	No	No	No	No	No	No	No	No	No
SRR16974483	yHMH407_Schwanniomyces_sp_nov_plate33_DISCOVAR	yHMH407	Serinales	Schwanniomyces sp.	NA	NA	NA	NA	NA	NA	NA	NA	NA	NA	NA	NA	NA	NA	NA	NA	NA	NA	NA	NA	NA	NA	NA	NA	NA	NA	NA	NA	NA	NA	NA	NA	NA	NA	NA	surface of a boulder	Yes	Yes	No	No	No	No	No	No	No	No	No
SRR16988994	yHRVM31_Schwanniomyces_sp_nov_plate33_SPADES	yHRVM31	Serinales	Schwanniomyces sp.	NA	NA	NA	NA	NA	NA	NA	NA	NA	NA	NA	NA	NA	NA	NA	NA	NA	NA	NA	NA	NA	NA	NA	NA	NA	NA	NA	NA	NA	NA	NA	NA	NA	NA	NA	Saw dust	Yes	Yes	Yes	Yes	Yes	Yes	No	No	No	No	No
SRR16988747	yHMPu5000037844_schwanniomyces_vanrijiae_var_vanrijiae_180604	37844	Serinales	Schwanniomyces vanrijiae var. vanrijiae	Standard	Specialist	0.473714860925885	0	0	0.15070826683376	Yes	Yes	Yes	Yes	Yes	Yes	Yes	Yes	Yes	Yes	Yes	Yes	Yes	Yes	Yes	Yes	Yes	Yes	Yes	Yes	Yes	Yes	Yes	Yes	Yes	Yes	Yes	Yes	Yes	soil	Yes	Yes	No	No	No	No	No	No	No	No	No
SRR16989164	yHMPu5000041778_schwanniomyces_vanrijiae_var_yarrowii_170912	41778	Serinales	Schwanniomyces vanrijiae var. yarrowii	NA	NA	NA	NA	NA	NA	Yes	Yes	Yes	Yes	Yes	Yes	Yes	Yes	Yes	Yes	No	Yes	No	Yes	Yes	Yes	Yes	Yes	Yes	Yes	Yes	No	Yes	Yes	Yes	Yes	No	Yes	Yes	insect frass, on Paulovnia imperialis	Yes	Yes	No	No	No	No	Yes	No	Yes	Yes	Yes
SRR16988748	yHMPu5000037843_schwanniomyces_yamadae_170912	37843	Serinales	Schwanniomyces yamadae	Generalist	Standard	0.490756299702307	0.560055145908552	0.405090251526638	0.424147549841178	Yes	Yes	Yes	Yes	Yes	Yes	Yes	Yes	Yes	Yes	Yes	Yes	Yes	Yes	Yes	Yes	Yes	Yes	Yes	Yes	Yes	Yes	Yes	Yes	Yes	Yes	No	Yes	Yes	soil of grassland	Yes	Yes	No	No	No	No	No	No	No	No	No
SRR16988842	yHMPu5000041701_Candida_jeffriesii_SPADES.haplomerger2	41701	Serinales	Spathaspora jeffriesii	Standard	Specialist	0.732000456608482	0.243525119052897	0	0.766141540700424	Yes	Yes	Yes	Yes	Yes	Yes	Yes	Yes	Yes	Yes	Yes	Yes	Yes	Yes	Yes	Yes	Yes	Yes	Yes	Yes	Yes	Yes	Yes	Yes	Yes	No	No	Yes	Yes	gut of Phrenapetes bennetti (Tenebrionidae)	Yes	Yes	No	No	No	No	Yes	No	Yes	Yes	Yes
SRR16989165	yHMPu5000041776_spencermartinsiella_ligniputridi_170912	41776	Dipodascales	Spencermartinsiella ligniputridi	Generalist	Specialist	0.701950909786496	0.393871911340985	0.310376594012021	1.13422520556428	NA	NA	NA	NA	NA	NA	NA	NA	NA	NA	NA	NA	NA	NA	NA	NA	NA	NA	NA	NA	NA	NA	NA	NA	NA	NA	NA	NA	NA	Rotten wood of an unidentified tree	Yes	Yes	Yes	Yes	Yes	Yes	No	No	No	No	No
SRR16988838	yHMPu5000035292_sporopachydermia_cereana_201018.haplomerger2	35292	Sporopachydermiales	Sporopachydermia cereana	Standard	Standard	0	0	0.941891532829848	0	Yes	Yes	Yes	Yes	Yes	Yes	Yes	Yes	Yes	Yes	No	No	Yes	Yes	No	No	No	Yes	Yes	No	Yes	No	Yes	No	Yes	Yes	Yes	No	No	Cereus giganteus (saguaro cactu	Yes	Yes	Yes	Yes	Yes	Yes	No	Yes	No	No	No
SRR16974637	yHMPu5000034603_sporopachydermia_quercuum_190924	34603	Sporopachydermiales	Sporopachydermia quercuum	Standard	Standard	0	0	0.752621986510168	0.342470823618818	Yes	Yes	Yes	Yes	Yes	Yes	Yes	Yes	No	Yes	No	Yes	No	Yes	No	No	No	No	No	No	No	No	Yes	No	No	Yes	Yes	No	No	exudate of Quercus rubra (red oak)	Yes	Yes	Yes	Yes	Yes	Yes	No	Yes	No	No	No
SRR16988749	yHMPu5000037842_starmera_caribaea_210210	37842	Phaffomycetales	Starmera caribaea	NA	NA	NA	NA	NA	NA	Yes	Yes	No	Yes	No	No	No	Yes	Yes	Yes	Yes	Yes	No	No	Yes	No	No	No	No	No	No	Yes	Yes	Yes	No	No	Yes	No	No	rotting Opuntia stricta (prickly-pear cactus)	Yes	Yes	Yes	Yes	Yes	Yes	No	Yes	No	No	No
SRR16974639	yHMPu5000034601_starmera_dryadoides_180604	34601	Phaffomycetales	Starmera dryadoides	Standard	Generalist	0	1.14448220202995	0.795070605794005	0	Yes	Yes	Yes	Yes	Yes	Yes	Yes	Yes	Yes	Yes	No	Yes	No	No	Yes	No	No	Yes	Yes	No	No	Yes	Yes	Yes	Yes	No	Yes	No	No	tunnel of Platypus externedentatus, (pin-hole borer) in Ficus sycomorus	Yes	Yes	No	No	No	No	Yes	No	Yes	Yes	Yes
SRR16974638	yHMPu5000034602_starmera_pachycereana_170307	34602	Phaffomycetales	Starmera pachycereana	NA	NA	NA	NA	NA	NA	Yes	Yes	No	Yes	No	No	No	Yes	Yes	Yes	No	Yes	No	No	Yes	No	No	No	No	No	No	No	No	Yes	No	No	Yes	No	No	rotting Pachycereus pringlei (cardon cactus)	Yes	Yes	Yes	Yes	Yes	Yes	No	Yes	No	No	No
SRR16974643	yHMPu5000034596_candida_sp_160613	34596	Phaffomycetales	Starmera sp.	NA	NA	NA	NA	NA	NA	NA	NA	NA	NA	NA	NA	NA	NA	NA	NA	NA	NA	NA	NA	NA	NA	NA	NA	NA	NA	NA	NA	NA	NA	NA	NA	NA	NA	NA	NA	NA	NA	NA	NA	NA	NA	NA	NA	NA	NA	NA
SRR16974645	yHMPu5000034595_candida_apis_180604	34595	Dipodascales	Starmerella apis	Standard	Standard	0.644169808477419	0.48833838850604	0.450880294759935	0	Yes	Yes	Yes	Yes	Yes	Yes	Yes	Yes	Yes	Yes	No	No	No	No	Yes	Yes	Yes	No	No	No	Yes	Yes	No	Yes	No	No	Yes	No	No	trachea of Apis sp. (bee)	No	No	No	No	No	No	No	No	No	No	No
SRR16988771	yHMPu5000037242_Starmerella_asiatica_SPADES	37242	Dipodascales	Starmerella asiatica	NA	NA	NA	NA	NA	NA	Yes	Yes	Yes	Yes	Yes	No	Yes	Yes	Yes	Yes	Yes	Yes	No	No	Yes	No	Yes	No	No	Yes	Yes	Yes	Yes	Yes	Yes	No	Yes	No	No	gut of Anomala corpulenta	Yes	Yes	No	No	No	No	Yes	No	Yes	Yes	Yes
SRR16988821	yHMPu5000036545_candida_zemplinina_180604	36545	Dipodascales	Starmerella bacillaris	Specialist	Standard	0	0.60053739252608	0	0	Yes	Yes	No	No	No	No	NA	NA	No	No	Yes	No	No	No	No	No	Yes	No	No	No	No	No	NA	NA	NA	Yes	NA	No	No	botrytized wine	Yes	Yes	No	No	No	No	No	No	No	No	No
SRR16974256	yHMPu5000026296_candida_bombi_180604	26296	Dipodascales	Starmerella bombi	Standard	Standard	0	0.229272402963081	0.0757221573038516	0	Yes	Yes	Yes	Yes	Yes	Yes	Yes	Yes	Yes	No	Yes	Yes	Yes	No	Yes	No	Yes	No	No	No	No	Yes	No	Yes	No	Yes	Yes	No	No	Bombus sp. (bumblebee)	Yes	Yes	No	No	No	No	Yes	No	Yes	Yes	Yes
SRR16974243	yHMPu5000034582_candida_cellae_180604	34582	Dipodascales	Starmerella cellae	Specialist	Generalist	NA	0	NA	NA	NA	NA	NA	NA	NA	NA	NA	NA	NA	NA	NA	NA	NA	NA	NA	NA	NA	NA	NA	NA	NA	NA	NA	NA	NA	NA	NA	NA	NA	pollen provisions nest of a solitary bee (Centris tarsata)	No	No	No	No	No	No	No	No	No	No	No
SRR16974242	yHMPu5000034583_candida_etchellsii_180604	34583	Dipodascales	Starmerella etchellsii	Specialist	Standard	0	0.636727602092474	0.354565668412029	0	Yes	Yes	Yes	Yes	Yes	Yes	Yes	Yes	Yes	Yes	Yes	Yes	No	No	Yes	Yes	No	No	No	Yes	No	Yes	Yes	Yes	No	Yes	Yes	No	No	fermenting cucumber brine	Yes	Yes	No	No	No	No	No	No	No	No	No
SRR16974241	yHMPu5000034584_candida_floricola_180604	34584	Dipodascales	Starmerella floricola	Standard	Standard	0.378599855520901	0.318676793049923	0.43601664825944	0.869175254320287	Yes	Yes	Yes	Yes	Yes	Yes	Yes	Yes	Yes	Yes	Yes	Yes	No	Yes	Yes	Yes	Yes	No	No	Yes	No	No	Yes	No	No	Yes	Yes	No	No	flower of Taraxacum platycarpum (dandelion)	Yes	Yes	Yes	Yes	Yes	Yes	No	Yes	No	No	No
SRR16974239	yHMPu5000034585_candida_floris_190924	34585	Dipodascales	Starmerella floris	Standard	Standard	0.361014444969399	0.38565841794017	0.335862483293039	0	Yes	Yes	Yes	Yes	Yes	Yes	Yes	NA	Yes	No	Yes	No	No	No	NA	Yes	No	No	No	No	No	No	No	Yes	NA	Yes	NA	No	No	Trigona sp., (Hymenoptera: Apidae) in a flower of Merremia quinquefolia	Yes	Yes	No	No	No	No	Yes	No	Yes	Yes	Yes
SRR16989177	yHMPu5000038107_candida_khaoyaiensis_170912	38107	Dipodascales	Starmerella khaoyaiensis	Specialist	Standard	0	0.960960532612238	0.766259616722017	0	NA	NA	NA	NA	NA	NA	NA	NA	NA	NA	NA	NA	NA	NA	NA	NA	NA	NA	NA	NA	NA	NA	NA	NA	NA	NA	NA	NA	NA	flower collected in Khao Yai National Park, Thailand	Yes	Yes	Yes	Yes	Yes	Yes	No	No	No	No	No
SRR16988909	yHMPu5000040920_candida_lactis-condensi_201018	40920	Dipodascales	Starmerella lactis-condensi	NA	NA	NA	NA	NA	NA	Yes	Yes	Yes	No	No	No	No	Yes	No	No	Yes	No	No	No	No	No	Yes	No	No	No	No	No	No	No	No	No	No	No	No	fermenting condensed milk	Yes	Yes	No	No	No	No	No	No	No	No	No
SRR16974733	yHMPu5000034590_candida_magnoliae_180604	34590	Dipodascales	Starmerella magnoliae	Standard	Generalist	0	0.610605494762224	0.526848483918331	0	Yes	Yes	Yes	Yes	Yes	Yes	Yes	Yes	Yes	Yes	Yes	Yes	No	Yes	Yes	Yes	Yes	Yes	Yes	No	No	Yes	Yes	Yes	Yes	Yes	Yes	No	No	flower of Magnolia sp.	Yes	Yes	Yes	Yes	Yes	Yes	No	Yes	No	No	No
SRR16989193	yHMPu5000038088_candida_potachaoreniae_180604	38088	Dipodascales	Starmerella potacharoeniae	Standard	Generalist	0	0.510039896457936	0.316587749877533	0	Yes	Yes	Yes	Yes	Yes	Yes	Yes	Yes	Yes	No	Yes	No	No	No	Yes	No	Yes	Yes	Yes	No	No	No	No	Yes	Yes	Yes	No	No	No	Flower of humble-plant (Mimosa pudica)	Yes	Yes	Yes	Yes	Yes	Yes	No	Yes	No	No	No
SRR16988905	yHMPu5000040924_candida_powellii_201018	40924	Dipodascales	Starmerella powellii	Standard	Standard	0.499656803902504	0.365762920976159	0.465372038406198	0.952175822342527	Yes	Yes	Yes	Yes	Yes	Yes	Yes	Yes	Yes	NA	NA	No	No	No	Yes	Yes	No	No	No	Yes	No	Yes	No	Yes	No	Yes	Yes	No	No	nitidulid beetle (Conotelus sp., Coleoptera: Nitidulidae) morning glory (Ipomoea carnea, Convolvulaceae);	Yes	Yes	No	No	No	No	Yes	No	Yes	Yes	Yes
SRR16988800	yHMPu5000037215_starmerella_roubikii_210210	37215	Dipodascales	Starmerella roubikii	NA	NA	NA	NA	NA	NA	Yes	Yes	Yes	Yes	Yes	Yes	Yes	Yes	Yes	Yes	Yes	Yes	No	No	Yes	No	Yes	No	No	Yes	No	Yes	No	No	NA	Yes	NA	No	NA	bee collected sap flux of Hymenaea courbaril	Yes	Yes	No	No	No	No	Yes	No	Yes	Yes	Yes
SRR16988772	yHMPu5000037241_starmerella_scarabaei_210210	37241	Dipodascales	Starmerella scarabaei	Standard	Generalist	NA	0.924096989744273	1.14507939819859	0.117942023182832	Yes	Yes	Yes	Yes	No	Yes	No	Yes	Yes	No	No	Yes	No	No	Yes	No	No	No	No	No	No	Yes	Yes	No	Yes	Yes	Yes	No	No	gut of Anomala heydeni	Yes	Yes	No	No	No	No	Yes	No	Yes	Yes	Yes
SRR16989188	yHMPu5000038094_candida_sirachaensis_170912	38094	Dipodascales	Starmerella sirachaensis	Standard	Specialist	0	0.279974839202717	0	0.318566579083604	Yes	Yes	Yes	Yes	Yes	Yes	Yes	Yes	Yes	No	Yes	Yes	No	No	Yes	Yes	Yes	No	No	Yes	Yes	Yes	Yes	Yes	NA	Yes	Yes	No	No	phylloplane of copper pod tree (Peltophorum pterocarpum	Yes	Yes	Yes	Yes	Yes	Yes	No	Yes	No	No	No
SRR16974732	yHMPu5000034591_candida_stellata_180604	34591	Dipodascales	Starmerella stellata	NA	NA	NA	NA	NA	NA	Yes	Yes	Yes	No	No	No	No	No	No	No	Yes	No	No	No	No	No	No	No	No	No	No	No	No	No	No	No	No	No	No	wine grapes, with a high sugar content	Yes	Yes	Yes	Yes	Yes	Yes	No	Yes	No	No	No
SRR16988903	yHMPu5000040927_candida_stigmatis_201018	40927	Dipodascales	Starmerella stigmatis	Specialist	Standard	0	0.590686253870395	0	0	Yes	Yes	No	Yes	No	Yes	No	NA	Yes	No	Yes	Yes	No	No	NA	No	Yes	Yes	Yes	No	Yes	No	No	Yes	No	Yes	NA	No	No	flower stigma with ants	Yes	Yes	Yes	Yes	Yes	Yes	No	No	No	No	No
SRR16988799	yHMPu5000037216_Starmerella_vitae_SPADES	37216	Dipodascales	Starmerella vitae	NA	NA	NA	NA	NA	NA	Yes	Yes	Yes	No	NA	Yes	NA	NA	Yes	No	Yes	No	No	No	Yes	No	Yes	No	No	No	No	No	No	No	NA	Yes	NA	No	NA	Trigona fulviventris (bee, Meliponiniae), Asteraceae flower	Yes	Yes	No	No	No	No	Yes	No	Yes	Yes	Yes
SRR16989166	yHMPu5000041775_sugiyamaella_americana_190924	41775	Dipodascales	Sugiyamaella americana	Generalist	Generalist	0.875646266812972	0	0.296790430693854	0.105245685237016	Yes	Yes	NA	Yes	Yes	Yes	NA	Yes	Yes	Yes	Yes	Yes	Yes	Yes	NA	Yes	No	Yes	Yes	No	Yes	No	NA	Yes	NA	Yes	Yes	No	No	black oak, Quercus kelloggii	Yes	Yes	Yes	Yes	Yes	Yes	No	Yes	No	No	No
SRR16989167	yHMPu5000041774_sugiyamaella_boreocaroliniensis_180604	41774	Dipodascales	Sugiyamaella boreocaroliniensis	Generalist	Standard	0.822309269047245	0.180266720294892	0	0.620585584339577	Yes	Yes	NA	Yes	Yes	Yes	NA	NA	Yes	Yes	No	Yes	Yes	Yes	NA	Yes	Yes	Yes	Yes	Yes	Yes	Yes	NA	Yes	NA	Yes	NA	Yes	Yes	Pinus taeda	Yes	Yes	Yes	Yes	Yes	Yes	No	No	No	No	No
SRR16989168	yHMPu5000041773_sugiyamaella_castrensis_190924	41773	Dipodascales	Sugiyamaella castrensis	Standard	Specialist	0.00454657800874072	0	0	1.57538042507605	Yes	Yes	Yes	No	Yes	No	Yes	Yes	No	Yes	No	Yes	Yes	Yes	Yes	Yes	Yes	Yes	No	Yes	No	Yes	No	Yes	Yes	Yes	No	Yes	Yes	brown rot of trunk of Nothofagus dombeyii	Yes	Yes	Yes	Yes	Yes	Yes	No	Yes	No	No	No
SRR16989169	yHMPu5000041772_sugiyamaella_chiloensis_170912	41772	Dipodascales	Sugiyamaella chiloensis	Generalist	Generalist	0.661969794296163	0.218726967287287	0.31316849090066	0.146849744961212	Yes	Yes	Yes	Yes	Yes	Yes	Yes	Yes	Yes	Yes	No	Yes	Yes	Yes	Yes	Yes	Yes	Yes	Yes	Yes	Yes	Yes	Yes	Yes	Yes	Yes	No	Yes	Yes	rotten trunk of Nothofagus dombeyii	Yes	Yes	Yes	Yes	Yes	Yes	No	Yes	No	No	No
SRR16988752	yHMPu5000037841_sugiyamaella_floridensis_201018	37841	Dipodascales	Sugiyamaella floridensis	Standard	Standard	0.699915271672596	0	0	0.918593584812327	Yes	Yes	NA	Yes	Yes	Yes	NA	Yes	Yes	Yes	No	Yes	Yes	Yes	NA	Yes	Yes	Yes	Yes	Yes	No	Yes	NA	Yes	NA	Yes	Yes	Yes	Yes	Pinus sp.	Yes	Yes	Yes	Yes	Yes	Yes	No	No	No	No	No
SRR16974248	yHMPu5000034577_sugiyamaella_grinbergsii_180604	34577	Dipodascales	Sugiyamaella grinbergsii	Standard	Standard	0.208985830499864	0	0.01818217960971	0.106391729387877	Yes	Yes	Yes	Yes	Yes	Yes	Yes	No	Yes	Yes	Yes	Yes	Yes	Yes	Yes	Yes	No	Yes	Yes	No	Yes	Yes	Yes	Yes	Yes	Yes	No	No	No	Hylurgonotus brunneus, in rotten Araucaria stems	Yes	Yes	No	No	No	No	Yes	No	Yes	Yes	Yes
SRR16988833	yHMPu5000041771_sugiyamaella_japonica_190924	41771	Dipodascales	Sugiyamaella japonica	Standard	Standard	0.33682778817459	0.189799371945141	0.273128350599655	0	NA	NA	NA	NA	NA	NA	NA	NA	NA	NA	NA	NA	NA	NA	NA	NA	NA	NA	NA	NA	NA	NA	NA	NA	NA	NA	NA	NA	NA	frass, red pine, Pinus densflora	Yes	Yes	No	No	No	No	Yes	No	Yes	Yes	Yes
SRR16988753	yHMPu5000037840_sugiyamaella_lignohabitans_180604	37840	Dipodascales	Sugiyamaella lignohabitans	Standard	Standard	0.284301526723609	0	0	0	Yes	Yes	NA	Yes	Yes	Yes	NA	Yes	Yes	Yes	Yes	Yes	Yes	Yes	NA	Yes	No	Yes	Yes	No	Yes	Yes	NA	Yes	NA	Yes	Yes	No	No	decayed log	Yes	Yes	Yes	Yes	Yes	Yes	No	No	No	No	No
SRR16989128	yHMPu5000038321_sugiyamaella_marilandica_170713	38321	Dipodascales	Sugiyamaella marilandica	Generalist	Standard	1.0941765692252	0.475720770689462	0	0.402405080014265	Yes	Yes	NA	No	Yes	Yes	NA	Yes	Yes	Yes	No	No	Yes	Yes	NA	Yes	Yes	Yes	Yes	Yes	Yes	No	NA	Yes	NA	Yes	Yes	Yes	Yes	dead pine (Pinus sp.)	Yes	Yes	Yes	Yes	Yes	Yes	No	No	No	No	No
SRR16988754	yHMPu5000037839_Sugiyamaella_marionensis_S116_SPADES	37839	Dipodascales	Sugiyamaella marionensis	Standard	Standard	0.445530744550464	0	0	0	Yes	Yes	NA	No	Yes	Yes	NA	Yes	Yes	Yes	Yes	Yes	Yes	Yes	NA	Yes	No	Yes	Yes	No	Yes	Yes	NA	Yes	NA	Yes	Yes	No	No	rotted log	Yes	Yes	Yes	Yes	Yes	Yes	No	No	No	No	No
SRR16988777	yHMPu5000037237_sugiyamaella_mastotermitis_210305	37237	Dipodascales	Sugiyamaella mastotermitis	NA	NA	NA	NA	NA	NA	NA	NA	NA	NA	NA	NA	NA	NA	NA	NA	NA	NA	NA	NA	NA	NA	NA	NA	NA	NA	NA	NA	NA	NA	NA	NA	NA	NA	NA	gut contents of the lower termite Mastotermes darwiniensis	Yes	Yes	No	No	No	No	Yes	No	Yes	Yes	Yes
SRR16974249	yHMPu5000034576_sugiyamaella_neomexicana_180604	34576	Dipodascales	Sugiyamaella neomexicana	Standard	Standard	0.506028755613852	0	0	0	Yes	Yes	NA	Yes	Yes	Yes	NA	NA	Yes	Yes	Yes	Yes	Yes	Yes	NA	Yes	No	Yes	Yes	No	Yes	No	NA	Yes	NA	Yes	NA	No	No	Pinus ponderosa	Yes	Yes	Yes	Yes	Yes	Yes	No	No	No	No	No
SRR16988834	yHMPu5000041770_sugiyamaella_novakii_190924	41770	Dipodascales	Sugiyamaella novakii	NA	NA	NA	NA	NA	NA	Yes	Yes	Yes	Yes	Yes	Yes	Yes	Yes	Yes	Yes	No	Yes	Yes	Yes	Yes	Yes	No	Yes	Yes	No	Yes	No	Yes	Yes	Yes	Yes	No	No	No	rotting Quercus sp. (oak tree)	Yes	Yes	Yes	Yes	Yes	Yes	No	Yes	No	No	No
SRR16974250	yHMPu5000034575_sugiyamaella_paludigena_180604	34575	Dipodascales	Sugiyamaella paludigena	Standard	Standard	6.1400648623873	0	NA	NA	Yes	Yes	Yes	No	Yes	No	Yes	Yes	Yes	Yes	No	Yes	Yes	Yes	Yes	Yes	Yes	Yes	Yes	Yes	No	Yes	No	Yes	Yes	Yes	Yes	Yes	Yes	high-moor peat	Yes	Yes	Yes	Yes	No	No	No	No	No	No	No
SRR16988755	yHMPu5000037838_sugiyamaella_pinicola_190924	37838	Dipodascales	Sugiyamaella pinicola	Standard	Standard	0	0	0	0	Yes	Yes	NA	Yes	Yes	Yes	NA	NA	Yes	Yes	Yes	Yes	Yes	Yes	NA	Yes	No	Yes	Yes	No	No	Yes	NA	Yes	NA	Yes	NA	No	No	lodgepole pine (Pinus contorta)	Yes	Yes	Yes	Yes	Yes	Yes	No	No	No	No	No
SRR16989027	yHMPu5000038365_candida_qingdaonensis_170713	38365	Dipodascales	Sugiyamaella qingdaonensis	Generalist	Generalist	0.931684809253825	1.02406074154647	0	0.68886375116413	Yes	Yes	Yes	No	Yes	Yes	Yes	Yes	Yes	Yes	Yes	Yes	Yes	Yes	NA	Yes	Yes	Yes	Yes	Yes	Yes	No	NA	NA	NA	Yes	Yes	Yes	Yes	decayed wood block of Pinus tabulaeformis	Yes	Yes	Yes	Yes	Yes	Yes	No	No	No	No	No
SRR16974252	yHMPu5000034574_sugiyamaella_smithiae_180604	34574	Dipodascales	Sugiyamaella smithiae	Generalist	Generalist	0.824529763477832	0.745497825234644	0.171324578514291	0.56482142575838	Yes	Yes	Yes	No	Yes	Yes	Yes	Yes	Yes	Yes	No	No	Yes	Yes	Yes	Yes	Yes	Yes	Yes	Yes	Yes	Yes	Yes	Yes	Yes	No	Yes	Yes	Yes	heat treatment of soil isolates collected in Rio de Janeiro	Yes	Yes	No	No	No	No	No	No	No	No	No
SRR16974489	yHKS617_Sugiyamaella_sp_nov_plate33_SPADES	yHKS617	Dipodascales	Sugiyamaella sp.	NA	NA	NA	NA	NA	NA	NA	NA	NA	NA	NA	NA	NA	NA	NA	NA	NA	NA	NA	NA	NA	NA	NA	NA	NA	NA	NA	NA	NA	NA	NA	NA	NA	NA	NA	Bark Ulmus americana	Yes	Yes	Yes	Yes	Yes	Yes	No	Yes	No	No	No
SRR16974253	yHMPu5000034573_sugiyamaella_valdiviana_180604	34573	Dipodascales	Sugiyamaella valdiviana	Standard	Standard	0.737411577515934	0	0	0.846631403653058	Yes	Yes	Yes	Yes	Yes	Yes	Yes	Yes	Yes	Yes	Yes	Yes	Yes	Yes	Yes	Yes	Yes	Yes	Yes	Yes	Yes	Yes	Yes	Yes	Yes	Yes	No	Yes	Yes	sputum	Yes	Yes	No	No	No	No	Yes	No	No	No	No
SRR16974660	yHMPu5000035027_candida_ambrosiae_160519	35027	Serinales	Suhomyces ambrosiae	Generalist	Standard	0.51435981026948	0.337166646047773	0.190623837529811	0.659098243228322	Yes	Yes	Yes	Yes	Yes	Yes	Yes	NA	Yes	NA	NA	Yes	Yes	Yes	Yes	Yes	Yes	Yes	Yes	Yes	Yes	Yes	Yes	Yes	Yes	No	NA	Yes	Yes	insect frass of a dead elm tree (Ulmus sp., Ulmaceae), Illinois	Yes	Yes	No	No	No	No	Yes	No	Yes	Yes	Yes
SRR16974661	yHMPu5000035026_Candida_anneliseae_SPADES	35026	Serinales	Suhomyces anneliseae	Standard	Standard	0	0.646844365748366	0	0.369430385615691	Yes	Yes	Yes	No	Yes	Yes	Yes	Yes	No	NA	No	No	Yes	No	No	Yes	Yes	Yes	No	Yes	Yes	No	No	No	Yes	Yes	Yes	Yes	Yes	Megalodacne fasciata, Erotylidae	Yes	Yes	No	No	No	No	Yes	No	Yes	Yes	Yes
SRR16974315	yHMPu5000035014_candida_atakaporum_190924	35014	Serinales	Suhomyces atakaporum	Standard	Standard	0.234291102382826	0.444091074278648	0.126463314029372	0.611285599627486	Yes	Yes	Yes	No	Yes	Yes	Yes	Yes	No	NA	Yes	No	Yes	Yes	No	Yes	No	Yes	Yes	Yes	Yes	No	Yes	No	Yes	No	Yes	Yes	Yes	Triplax festiva, Erotylidae	Yes	Yes	No	No	No	No	Yes	No	Yes	Yes	Yes
SRR16974673	yHMPu5000035015_candida_bokatorum_160519	35015	Serinales	Suhomyces bokatorum	Standard	Standard	0.585818659431735	0.662529574482857	0.416991745699491	0.984097433993584	Yes	Yes	Yes	No	Yes	Yes	Yes	Yes	No	NA	Yes	No	Yes	Yes	No	Yes	Yes	Yes	Yes	Yes	Yes	Yes	No	No	Yes	No	No	Yes	Yes	Pselaphacus signatus, Erotylidae	Yes	Yes	No	No	No	No	Yes	No	Yes	Yes	Yes
SRR16974672	yHMPu5000035016_candida_bolitotheri_160519	35016	Serinales	Suhomyces bolitotheri	Standard	Standard	1.11165134487302	0.932392341806571	0.268656478746368	0	Yes	Yes	Yes	Yes	Yes	Yes	Yes	Yes	Yes	NA	Yes	No	Yes	Yes	No	Yes	Yes	Yes	Yes	Yes	Yes	No	Yes	Yes	Yes	Yes	Yes	Yes	Yes	Bolitotherus cornutus, Tenebrionidae	Yes	Yes	No	No	No	No	Yes	No	Yes	Yes	Yes
SRR16974671	yHMPu5000035017_candida_bribrorum_160519	35017	Serinales	Suhomyces bribrorum	Standard	Standard	0.365329815405811	0.587172342679673	0.165437786184217	0.364142060838579	Yes	Yes	Yes	No	Yes	Yes	Yes	Yes	No	NA	Yes	No	Yes	Yes	No	Yes	Yes	Yes	Yes	Yes	Yes	No	Yes	No	Yes	No	No	Yes	Yes	Pselaphacus sp. (larvae), Erotylidae	Yes	Yes	No	No	No	No	Yes	No	Yes	Yes	Yes
SRR16974667	yHMPu5000035020_Candida_chickasaworum_SPADES	35020	Serinales	Suhomyces chickasaworum	Standard	Standard	0.376676981164274	0.360024916416187	0.238448194372182	0.500812087621881	Yes	Yes	Yes	No	Yes	Yes	Yes	Yes	No	NA	Yes	No	Yes	Yes	No	Yes	Yes	Yes	Yes	Yes	No	No	No	Yes	Yes	Yes	No	Yes	Yes	Triplax sp., Erotylidae	Yes	Yes	No	No	No	No	Yes	No	Yes	Yes	Yes
SRR16974666	yHMPu5000035021_candida_choctaworum_160519	35021	Serinales	Suhomyces choctaworum	Standard	Standard	0.87340468949904	0.826416254204069	0.469807686025918	0	Yes	Yes	Yes	Yes	Yes	Yes	Yes	Yes	No	NA	Yes	No	Yes	Yes	No	Yes	Yes	Yes	Yes	No	Yes	No	Yes	No	Yes	Yes	Yes	Yes	Yes	Neomida bicornis, Tenebrionidae	Yes	Yes	No	No	No	No	Yes	No	Yes	Yes	Yes
SRR16988779	yHMPu5000037234_suhomyces_coccinellae_210210	37234	Serinales	Suhomyces coccinellae	NA	NA	NA	NA	NA	NA	Yes	Yes	Yes	No	Yes	Yes	No	Yes	Yes	NA	Yes	NA	Yes	Yes	NA	Yes	Yes	Yes	NA	Yes	NA	NA	NA	Yes	NA	No	No	Yes	Yes	surface of a ladybird in the forest of Saint Elie	Yes	Yes	Yes	Yes	Yes	Yes	No	Yes	No	No	No
SRR16988792	yHMPu5000037222_suhomyces_faveliae_210210	37222	Serinales	Suhomyces faveliae	NA	NA	NA	NA	NA	NA	Yes	Yes	Yes	Yes	Yes	Yes	No	NA	Yes	NA	No	NA	Yes	No	NA	Yes	No	No	NA	No	NA	NA	NA	Yes	NA	No	Yes	No	No	surface of a fern in the forest of Saül (Layon des eaux claires path)	Yes	Yes	Yes	Yes	Yes	No	No	No	No	No	No
SRR16974664	yHMPu5000035023_candida_guaymorum_160519	35023	Serinales	Suhomyces guaymorum	Standard	Standard	0.345317036502158	0.402271014013906	0.0542207251750537	0.410429464055283	Yes	Yes	Yes	No	Yes	Yes	Yes	Yes	No	NA	Yes	No	Yes	Yes	No	Yes	Yes	Yes	Yes	Yes	Yes	Yes	No	No	Yes	No	No	Yes	Yes	Mycotretus interstitialis, Erotylidae	Yes	Yes	No	No	No	No	Yes	No	Yes	Yes	Yes
SRR16988949	yHMPu5000040910_suhomyces_kilbournensis_201018	40910	Serinales	Suhomyces kilbournensis	Standard	Standard	0.244317531819886	0.419450820801185	0.160977329952617	0.0368473801517642	Yes	Yes	NA	Yes	NA	Yes	NA	Yes	Yes	Yes	Yes	Yes	Yes	Yes	NA	Yes	No	Yes	Yes	No	Yes	Yes	NA	Yes	NA	Yes	Yes	No	No	Milled maize kernel agricultural maize field	Yes	Yes	Yes	Yes	Yes	Yes	No	Yes	No	No	No
SRR16974663	yHMPu5000035024_Candida_kunorum_SPADES	35024	Serinales	Suhomyces kunorum	Standard	Standard	0.284880268343728	0.399126697318541	0.066619736113946	0.481502053807022	Yes	Yes	Yes	No	Yes	Yes	Yes	Yes	No	NA	Yes	No	Yes	Yes	No	Yes	Yes	Yes	Yes	Yes	Yes	Yes	No	No	Yes	No	No	Yes	Yes	unidentified nitidulid, Nitidulidae	Yes	Yes	No	No	No	No	Yes	No	Yes	Yes	Yes
SRR16974662	yHMPu5000035025_candida_maxii_160519	35025	Serinales	Suhomyces maxii	Standard	Standard	0.879210668253368	1.37017648456625	0.33156624197813	0.674857290930602	Yes	Yes	Yes	No	Yes	Yes	Yes	Yes	No	NA	Yes	No	Yes	Yes	No	Yes	Yes	No	Yes	Yes	Yes	No	No	Yes	Yes	No	No	Yes	Yes	unidentified tenebrionid, Tenebrionidae	Yes	Yes	No	No	No	No	Yes	No	Yes	Yes	Yes
SRR16974316	yHMPu5000035013_candida_panamericana_160519	35013	Serinales	Suhomyces panamericanus	Standard	Standard	0.16790713911128	0.448311872422907	0	0.567781759847048	Yes	Yes	No	Yes	Yes	Yes	No	Yes	Yes	NA	Yes	Yes	Yes	Yes	Yes	Yes	Yes	Yes	Yes	Yes	Yes	Yes	No	Yes	No	Yes	No	No	No	Mycotretus interstitialis, Erotylidae	Yes	Yes	No	No	No	No	Yes	No	Yes	Yes	Yes
SRR16974317	yHMPu5000035012_candida_prunicola_160519	35012	Serinales	Suhomyces prunicola	Standard	Standard	0.354190666701603	0.460811777821743	0.421120121286635	0	Yes	Yes	Yes	Yes	Yes	Yes	Yes	NA	Yes	NA	NA	Yes	Yes	Yes	Yes	Yes	No	No	No	No	Yes	Yes	No	Yes	No	Yes	NA	No	No	exuded gum black cherry (Prunus serotina, Rosaceae), Illinois	Yes	Yes	Yes	Yes	Yes	Yes	No	Yes	No	No	No
SRR16989000	yHQL142_Suhomyces_sp_nov_plate33_DISCOVAR	yHQL142	Serinales	Suhomyces sp.	NA	NA	NA	NA	NA	NA	NA	NA	NA	NA	NA	NA	NA	NA	NA	NA	NA	NA	NA	NA	NA	NA	NA	NA	NA	NA	NA	NA	NA	NA	NA	NA	NA	NA	NA	shelf fungus on very ill Birch	Yes	Yes	No	No	No	No	No	No	No	No	No
SRR16974488	yHKS641_Suhomyces_sp_nov_plate33_SPADES	yHKS641	Serinales	Suhomyces sp.	NA	NA	NA	NA	NA	NA	NA	NA	NA	NA	NA	NA	NA	NA	NA	NA	NA	NA	NA	NA	NA	NA	NA	NA	NA	NA	NA	NA	NA	NA	NA	NA	NA	NA	NA	Pine cone	Yes	Yes	Yes	Yes	Yes	Yes	No	No	No	No	No
SRR16974479	yHMH580_Suhomyces_sp_nov_plate33_SPADES	yHMH580	Serinales	Suhomyces sp.	NA	NA	NA	NA	NA	NA	NA	NA	NA	NA	NA	NA	NA	NA	NA	NA	NA	NA	NA	NA	NA	NA	NA	NA	NA	NA	NA	NA	NA	NA	NA	NA	NA	NA	NA	Leaf Pine tree	Yes	Yes	Yes	Yes	Yes	Yes	No	No	No	No	No
SRR16988669	yHMPu5000037924_candida_taliae_201018	37924	Serinales	Suhomyces taliae	Standard	Standard	0.580681427211731	0.580800524653717	0	0.542372405252054	Yes	Yes	Yes	No	Yes	Yes	Yes	Yes	No	NA	Yes	No	Yes	No	Yes	Yes	Yes	Yes	Yes	Yes	Yes	No	No	Yes	Yes	Yes	Yes	No	Yes	unidentified tenebrionids, Tenebrionidae	Yes	Yes	No	No	No	No	Yes	No	Yes	Yes	Yes
SRR16974320	yHMPu5000035009_candida_terraborum_160519	35009	Serinales	Suhomyces terraborum	Standard	Standard	0.50738587631774	0.990298159288832	0.143668470546195	0.361694787236916	Yes	NA	NA	NA	NA	NA	NA	Yes	NA	NA	NA	NA	NA	NA	NA	NA	NA	NA	NA	NA	NA	NA	NA	NA	NA	NA	Yes	NA	NA	Iphiclus (Iphiclus) sedecimmaculatus, Erotylidae	Yes	Yes	No	No	No	No	Yes	No	Yes	Yes	Yes
SRR16974322	yHMPu5000035008_candida_vadensis_160519	35008	Serinales	Suhomyces vadensis	Standard	Standard	0.264445390647814	0.303979255162531	0.300884951755608	0.824479437431069	Yes	Yes	Yes	Yes	Yes	Yes	Yes	Yes	Yes	Yes	No	Yes	Yes	Yes	Yes	Yes	Yes	Yes	Yes	Yes	Yes	Yes	No	Yes	Yes	No	No	Yes	Yes	rotten mushroom (Ericium erinaceum (Bull.:Fr) Pers.))	Yes	Yes	No	No	No	No	No	No	No	No	No
SRR16974323	yHMPu5000035007_candida_wounanorum_170307	35007	Serinales	Suhomyces wounanorum	Standard	Standard	0.423048264703696	0.440636985757432	0.226935009642135	0.584311258916798	Yes	Yes	Yes	No	Yes	Yes	Yes	Yes	No	NA	NA	No	Yes	Yes	No	Yes	Yes	No	No	Yes	Yes	No	No	No	Yes	No	Yes	No	No	Mycotretus dorsonotatus, Erotylidae	Yes	Yes	No	No	No	No	Yes	No	Yes	Yes	Yes
SRR16974324	yHMPu5000035006_candida_xylopsoci_160519	35006	Serinales	Suhomyces xylopsoci	NA	NA	NA	NA	NA	NA	Yes	Yes	Yes	Yes	Yes	Yes	Yes	Yes	Yes	Yes	Yes	Yes	Yes	Yes	Yes	Yes	No	Yes	Yes	No	Yes	Yes	No	Yes	Yes	Yes	Yes	No	No	tunnel of Xylopsocus capucinus, in Celtis africana	No	No	No	No	No	No	No	No	No	No	No
SRR16989237	yHMPu5000038041_suhomyces_yuchorum_170912	38041	Serinales	Suhomyces yuchorum	Standard	Standard	0.485123318485123	0.347886427731791	0	0.341502703314023	Yes	Yes	Yes	No	Yes	Yes	Yes	Yes	Yes	NA	Yes	No	Yes	Yes	Yes	Yes	Yes	Yes	Yes	Yes	Yes	No	No	Yes	Yes	Yes	No	No	Yes	Tritoma atriventris, Erotylidae	Yes	Yes	No	No	No	No	Yes	No	Yes	Yes	Yes
SRR16974696	yHMPu5000034873_tetrapisipora_arboricola_ABYSS	34873	Saccharomycetales	Tetrapisispora arboricola	Specialist	Specialist	1.35880028161036	0.373278291563803	0	0	Yes	Yes	No	Yes	No	No	No	Yes	No	No	Yes	No	Yes	No	Yes	Yes	No	No	No	No	No	No	No	Yes	No	No	No	No	No	flower of Elaeocarpus decipiens	Yes	Yes	Yes	Yes	Yes	Yes	No	Yes	No	No	No
SRR16974691	yHMPu5000034878_tetrapisispora_nanseiensis_160519	34878	Saccharomycetales	Tetrapisispora nanseiensis	Specialist	Specialist	1.00459297757902	0.28708477369183	0	0	Yes	Yes	No	Yes	No	No	No	Yes	No	No	Yes	No	No	No	Yes	Yes	No	No	No	No	No	No	No	Yes	No	No	No	No	No	soil	Yes	Yes	No	No	No	No	No	No	No	No	No
SRR16988977	yHMPu5000035656_Tetrapisispora_pingtungensis_SPADES	35656	Saccharomycetales	Tetrapisispora pingtungensis	Specialist	Specialist	1.31257115109019	0.461698070992395	0	0	Yes	Yes	No	No	No	No	No	Yes	No	No	Yes	No	No	No	No	Yes	Yes	No	No	No	No	No	No	Yes	No	No	No	No	No	soil	Yes	Yes	No	No	No	No	No	No	No	No	No
SRR16988978	yHMPu5000035655_tetrapisispora_taiwanensis_160613	35655	Saccharomycetales	Tetrapisispora taiwanensis	Specialist	Specialist	0.599079675955926	0.40372163619574	0	0	Yes	Yes	NA	No	NA	No	NA	No	No	No	Yes	No	No	No	No	Yes	No	No	No	No	No	No	No	No	No	No	No	No	No	soil	Yes	Yes	No	No	No	No	No	No	No	No	No
SRR16988668	yHMPu5000037925_candida_aglyptinia_170210	37925	Serinales	Teunomyces aglyptinius	Standard	Standard	0.260499041183898	0.744662099380193	0.212821334900333	0.747560295948536	Yes	Yes	Yes	Yes	Yes	Yes	Yes	Yes	Yes	No	Yes	Yes	Yes	No	Yes	Yes	Yes	Yes	Yes	Yes	Yes	Yes	Yes	Yes	Yes	No	No	Yes	Yes	gut of beetle, Coleoptera, Leiodidae, Aglyptinus sp.	Yes	Yes	No	No	No	No	Yes	No	Yes	Yes	Yes
SRR16974652	yHMPu5000035035_candida_atbi_160519	35035	Serinales	Teunomyces atbi	Standard	Standard	0.314031760066429	0.62493838501227	0.353961095859949	0.729236344768616	Yes	Yes	Yes	Yes	Yes	Yes	Yes	Yes	Yes	Yes	Yes	Yes	Yes	Yes	Yes	Yes	Yes	Yes	Yes	Yes	Yes	Yes	Yes	Yes	Yes	No	No	Yes	Yes	Pallodes pallidus, Nitidulidae ex Lactarius sp.	Yes	Yes	No	No	No	No	Yes	No	Yes	Yes	Yes
SRR16974653	yHMPu5000035034_candida_barrocoloradensis_160519	35034	Serinales	Teunomyces barrocoloradensis	Standard	Standard	0.223918835068059	0.750917106594343	0.370037814023121	0.36264904751945	Yes	Yes	Yes	Yes	Yes	Yes	Yes	Yes	Yes	Yes	Yes	Yes	Yes	Yes	Yes	Yes	Yes	Yes	Yes	Yes	Yes	Yes	Yes	Yes	Yes	No	No	Yes	Yes	gut of beetle, Coleoptera, Nitidulidae, Pallodes sp.	Yes	Yes	No	No	No	No	Yes	No	Yes	Yes	Yes
SRR16989129	yHMPu5000038320_teunomyces_funiuensis_170713	38320	Serinales	Teunomyces funiuensis	Standard	Standard	0	0.504157981003029	0	0.492047649165424	Yes	Yes	Yes	Yes	Yes	Yes	Yes	NA	Yes	Yes	Yes	NA	Yes	Yes	NA	No	Yes	Yes	Yes	Yes	Yes	Yes	No	NA	Yes	No	Yes	No	Yes	rotten wood	Yes	Yes	Yes	Yes	Yes	Yes	No	No	No	No	No
SRR16974657	yHMPu5000035030_Candida_lycoperdinae__SPADES	35030	Serinales	Teunomyces lycoperdinae	Standard	Specialist	0.320456572512248	0	0.171105296527709	0.386227858030189	Yes	Yes	Yes	Yes	Yes	Yes	Yes	Yes	Yes	No	Yes	Yes	Yes	Yes	Yes	Yes	Yes	Yes	Yes	Yes	Yes	Yes	No	Yes	Yes	No	No	No	Yes	Lycoperdina ferruginea (Nitidulidae) ex Lycoperdon perlatum	Yes	Yes	No	No	No	No	Yes	No	Yes	Yes	Yes
SRR16988700	yHMPu5000037892_candida_pallodes_170210	37892	Serinales	Teunomyces pallodes	Standard	Standard	0.487942062056034	1.58813179391833	0.530089203461446	1.86967289711381	Yes	Yes	Yes	Yes	Yes	Yes	Yes	Yes	Yes	Yes	Yes	Yes	Yes	Yes	Yes	Yes	Yes	Yes	Yes	Yes	Yes	Yes	Yes	Yes	Yes	No	No	Yes	Yes	Pallodes pallidus, Nitidulidae ex Lactarius sp.	Yes	Yes	No	No	No	No	Yes	No	Yes	Yes	Yes
SRR16989130	yHMPu5000038319_teunomyces_panamensis_170912	38319	Serinales	Teunomyces panamensis	Standard	Standard	0.223106491608806	0.340314958500635	0.126973886564953	0.420088258211891	Yes	Yes	Yes	Yes	Yes	Yes	Yes	Yes	Yes	Yes	Yes	Yes	Yes	Yes	Yes	Yes	Yes	Yes	Yes	Yes	Yes	Yes	No	Yes	Yes	No	No	No	Yes	unidentified nitidulid	Yes	Yes	No	No	No	No	Yes	No	Yes	Yes	Yes
SRR16989131	yHMPu5000038318_teunomyces_stri_170713	38318	Serinales	Teunomyces stri	Standard	Standard	0.48440718335101	0.616230217959094	0.318053550786541	0.442058012702528	Yes	Yes	Yes	Yes	Yes	Yes	Yes	Yes	Yes	Yes	Yes	Yes	Yes	No	Yes	Yes	Yes	Yes	Yes	Yes	Yes	Yes	No	Yes	Yes	No	No	Yes	Yes	gut of Pallodes sp. (Coleoptera, Nitidulidae) ex: Gymnopus sp.	Yes	Yes	No	No	No	No	Yes	No	Yes	Yes	Yes
SRR16974659	yHMPu5000035028_candida_tritomae_160519	35028	Serinales	Teunomyces tritomae	Standard	Standard	0.324724641609456	0.752747096056079	0.419955203863933	0.537692341379218	Yes	Yes	Yes	Yes	Yes	Yes	Yes	Yes	Yes	Yes	Yes	Yes	Yes	Yes	Yes	Yes	Yes	Yes	Yes	Yes	Yes	Yes	Yes	Yes	Yes	No	Yes	Yes	Yes	Tritoma biguttata, Erotylidae	Yes	Yes	No	No	No	No	Yes	No	Yes	Yes	Yes
SRR16974502	yHDO602_tortispora_agaves_180604	yHDO602	Trigonopsidales	Tortispora agaves	NA	NA	NA	NA	NA	NA	Yes	Yes	Yes	No	Yes	No	Yes	Yes	No	Yes	No	Yes	No	Yes	Yes	Yes	No	No	No	No	No	No	No	Yes	NA	No	Yes	No	No	acetic leaf rot of Agave tequilana	Yes	Yes	Yes	Yes	Yes	Yes	No	Yes	No	No	No
SRR16974254	yHMPu5000034572_tortispora_caseinolytica_180604	34572	Trigonopsidales	Tortispora caseinolytica	Specialist	Standard	0.816778481751869	0	0	0	Yes	Yes	Yes	Yes	Yes	Yes	Yes	Yes	Yes	Yes	No	Yes	Yes	Yes	Yes	Yes	No	No	No	No	No	No	No	Yes	No	Yes	Yes	No	No	Opuntia phaeacantha (cactus)	Yes	Yes	Yes	Yes	Yes	Yes	No	Yes	No	No	No
SRR16974255	yHMPu5000034571_tortispora_mauiana_190924	34571	Trigonopsidales	Tortispora mauiana	NA	NA	NA	NA	NA	NA	Yes	Yes	Yes	No	Yes	Yes	Yes	Yes	No	Yes	No	Yes	Yes	Yes	Yes	Yes	No	No	No	No	No	No	No	Yes	NA	No	Yes	No	No	rotting cladode of Opuntia ficus-indica	Yes	Yes	Yes	Yes	Yes	Yes	No	Yes	No	No	No
SRR16974545	yHMPu5000035278_tortispora_phaffii_170713	35278	Trigonopsidales	Tortispora phaffii	NA	NA	NA	NA	NA	NA	Yes	Yes	Yes	No	No	No	Yes	Yes	No	Yes	No	Yes	No	No	No	No	No	No	No	No	No	No	No	Yes	NA	No	Yes	No	No	Decaying cladode, Opuntia bonaerensis	Yes	Yes	Yes	Yes	Yes	Yes	No	Yes	No	No	No
SRR16989132	yHMPu5000038317_tortispora_sangerardonensis_170713	38317	Trigonopsidales	Tortispora sangerardonensis	Standard	Standard	0.96860235638633	0	NA	NA	Yes	Yes	Yes	Yes	Yes	No	Yes	Yes	Yes	Yes	No	Yes	No	Yes	Yes	Yes	No	No	No	No	No	No	No	Yes	NA	No	No	No	No	Flux of unidentified tree	Yes	Yes	Yes	Yes	Yes	Yes	No	No	No	No	No
SRR16974689	yHMPu5000034880_torulaspora_globosa_160519	34880	Saccharomycetales	Torulaspora globosa	NA	NA	NA	NA	NA	NA	Yes	Yes	Yes	No	No	No	No	Yes	Yes	Yes	Yes	No	Yes	No	Yes	No	Yes	No	No	No	No	No	No	No	No	No	Yes	No	No	soil	Yes	Yes	No	No	No	No	No	No	No	No	No
SRR16974388	yHMJ407_Torulaspora_sp_nov_plate34_SPADES	yHMJ407	Saccharomycetales	Torulaspora sp.	NA	NA	NA	NA	NA	NA	NA	NA	NA	NA	NA	NA	NA	NA	NA	NA	NA	NA	NA	NA	NA	NA	NA	NA	NA	NA	NA	NA	NA	NA	NA	NA	NA	NA	NA	NA	NA	NA	NA	NA	NA	NA	NA	NA	NA	NA	NA
SRR16974709	yHMPu5000034860_Trichomonascus_apis_MASURCA	34860	Dipodascales	Trichomonascus apis	NA	NA	NA	NA	NA	NA	Yes	Yes	Yes	Yes	Yes	Yes	Yes	Yes	Yes	Yes	Yes	Yes	Yes	Yes	Yes	Yes	Yes	Yes	Yes	Yes	Yes	Yes	Yes	Yes	Yes	Yes	No	Yes	Yes	mouldy honeycomb	Yes	Yes	No	No	No	No	Yes	No	No	No	No
SRR16988921	yHMPu5000035678_trichomonascus_ciferrii_160519	35678	Dipodascales	Trichomonascus ciferrii	NA	NA	NA	NA	NA	NA	Yes	Yes	Yes	Yes	Yes	Yes	Yes	Yes	Yes	Yes	No	Yes	Yes	Yes	No	Yes	Yes	Yes	Yes	Yes	Yes	Yes	Yes	Yes	Yes	Yes	Yes	No	Yes	pig, with infected throat	Yes	Yes	No	No	No	No	Yes	No	No	No	No
SRR16974526	yHMPu5000026150_trichomonascus_petasosporus_180604	26150	Dipodascales	Trichomonascus petasosporus	Standard	Specialist	0.602576059281075	0.318934555404122	0.366084257096695	0.964661378178635	Yes	NA	NA	NA	NA	NA	NA	NA	NA	NA	NA	NA	NA	NA	NA	NA	NA	NA	NA	NA	NA	NA	NA	NA	NA	NA	NA	NA	NA	insect frass, dead white oak (Quercus sp., Fagaceae)	Yes	Yes	No	No	No	No	Yes	No	Yes	Yes	Yes
SRR16988780	yHMPu5000037233_trichomonascus_vanleenenianus_210210	37233	Dipodascales	Trichomonascus vanleenenianus	NA	NA	NA	NA	NA	NA	Yes	Yes	Yes	No	Yes	Yes	Yes	Yes	Yes	NA	Yes	NA	Yes	Yes	NA	Yes	Yes	Yes	NA	Yes	NA	NA	NA	Yes	NA	Yes	Yes	No	Yes	Dutch soil	Yes	Yes	No	No	No	No	No	No	No	No	No
SRR16974543	yHMPu5000035280_trigonopsis_californica_190924	35280	Trigonopsidales	Trigonopsis californica	NA	NA	NA	NA	NA	NA	NA	NA	NA	NA	NA	NA	NA	NA	NA	NA	NA	NA	NA	NA	NA	NA	NA	NA	NA	NA	NA	NA	NA	NA	NA	NA	NA	NA	NA	wine	Yes	Yes	No	No	No	No	No	No	No	No	No
SRR16974542	yHMPu5000035281_trigonopsis_cantarellii_170307	35281	Trigonopsidales	Trigonopsis cantarellii	NA	NA	NA	NA	NA	NA	Yes	Yes	No	Yes	No	Yes	Yes	Yes	Yes	Yes	Yes	Yes	Yes	Yes	No	Yes	No	No	No	No	Yes	No	Yes	No	No	Yes	Yes	No	No	grape must, treated with cycloheximide and alcohol	Yes	Yes	No	No	No	No	No	No	No	No	No
SRR16974494	yHKB289_Vanderwaltozyma_sp_nov_plate33_SPADES	yHKB289	Saccharomycetales	Vanderwaltozyma sp.	NA	NA	NA	NA	NA	NA	NA	NA	NA	NA	NA	NA	NA	NA	NA	NA	NA	NA	NA	NA	NA	NA	NA	NA	NA	NA	NA	NA	NA	NA	NA	NA	NA	NA	NA	Soil under red maple	Yes	Yes	No	No	No	No	No	No	No	No	No
SRR16974512	yHMPu5000026257_vanderwaltozyma_tropicalis_190924	26257	Saccharomycetales	Vanderwaltozyma tropicalis	Specialist	Specialist	0.809758372018065	0.27806708933822	0	0	Yes	Yes	No	Yes	No	No	No	Yes	No	No	Yes	No	Yes	No	No	Yes	No	No	No	No	No	No	No	No	NA	No	No	No	No	moss	Yes	Yes	Yes	Yes	No	No	No	No	No	No	No
SRR16988756	yHMPu5000037837_Vanderwaltozyma_verrucispora_S176_SPADES	37837	Saccharomycetales	Vanderwaltozyma verrucispora	Specialist	Specialist	0.861157450478843	0	0	0	Yes	Yes	No	Yes	No	No	No	No	No	No	Yes	No	No	No	Yes	Yes	No	No	No	No	No	No	No	No	No	No	No	No	No	decayed leaf	Yes	Yes	Yes	No	No	No	No	No	No	No	No
SRR16974703	yHMPu5000034868_Vanderwaltozyma_yarrowii_S33_SPADES	34868	Saccharomycetales	Vanderwaltozyma yarrowii	NA	NA	NA	NA	NA	NA	Yes	Yes	No	Yes	No	No	No	No	No	Yes	Yes	No	No	Yes	Yes	Yes	No	No	No	No	No	No	No	No	No	No	No	No	No	crossing auxotrophic subcultures of CBS 2684 (α) and CBS 6070 (a) both isolated tanning liquors containing tree bark	NA	NA	NA	NA	NA	NA	NA	NA	NA	NA	NA
SRR16989236	yHMPu5000038042_wickerhamiella_allomyrinae_170912	38042	Dipodascales	Wickerhamiella allomyrinae	Standard	Standard	NA	0	0.340538632223379	0.198979682979754	Yes	Yes	Yes	Yes	No	Yes	Yes	Yes	Yes	No	No	Yes	No	No	NA	Yes	Yes	No	Yes	Yes	Yes	Yes	No	No	Yes	Yes	Yes	No	No	gut of beetle Allomyrina dichotoma	Yes	Yes	No	No	No	No	Yes	No	Yes	Yes	Yes
SRR16974538	yHMPu5000035285_Candida_alocasiicola_SPADES	35285	Dipodascales	Wickerhamiella alocasiicola	Standard	Generalist	0	1.74850409942973	1.08114718649757	0	Yes	Yes	Yes	Yes	Yes	Yes	No	NA	Yes	Yes	Yes	Yes	No	No	NA	Yes	No	No	No	No	Yes	No	NA	NA	NA	Yes	Yes	No	No	flowers of Alocasia macrorrhizae (L.) Schott	Yes	Yes	Yes	Yes	Yes	Yes	No	Yes	No	No	No
SRR16974734	yHMPu5000034589_wickerhamiella_australiensis_180604	34589	Dipodascales	Wickerhamiella australiensis	Standard	Generalist	0.620948738328627	1.02792461283647	0	0	Yes	Yes	Yes	Yes	Yes	Yes	Yes	Yes	Yes	Yes	No	Yes	No	Yes	Yes	Yes	No	No	No	No	Yes	No	Yes	No	No	Yes	Yes	No	No	flower of Ipomoea sp.	Yes	Yes	Yes	Yes	Yes	Yes	No	Yes	No	No	No
SRR16989141	yHMPu5000038116_candida_azymoides_201018	38116	Dipodascales	Wickerhamiella azymoides	Standard	Standard	1.02435024022284	1.89256308896031	0.890274074161453	1.2037750660419	NA	NA	NA	NA	NA	NA	NA	NA	NA	NA	NA	NA	NA	NA	NA	NA	NA	NA	NA	NA	NA	NA	NA	NA	NA	NA	NA	NA	NA	ripe fruits of Brazilian cherry (Eugenia uniflora, Myrtaceae)	Yes	Yes	Yes	Yes	Yes	Yes	No	Yes	No	No	No
SRR16988944	yHMPu5000035287_candida_bombiphila_160928	35287	Dipodascales	Wickerhamiella bombiphila	Standard	Standard	0	0.990156327310652	0.664964693461255	0	Yes	Yes	Yes	Yes	Yes	Yes	Yes	NA	Yes	NA	NA	Yes	No	Yes	Yes	Yes	Yes	No	No	Yes	No	Yes	Yes	No	No	Yes	NA	No	No	Bombus terrestris, body surface	Yes	Yes	No	No	No	No	Yes	No	Yes	Yes	Yes
SRR16988775	yHMPu5000037239_wickerhamiella_brachini_210210	37239	Dipodascales	Wickerhamiella brachini	NA	NA	NA	NA	NA	NA	Yes	Yes	Yes	Yes	Yes	Yes	Yes	Yes	Yes	No	Yes	Yes	No	Yes	Yes	Yes	Yes	No	No	No	Yes	Yes	Yes	No	No	Yes	Yes	No	No	gut of Brachinus scotomedes collected in the Qilin Lake Scenic Area in Nanyang, Henan Province, China	Yes	Yes	No	No	No	No	Yes	No	Yes	Yes	Yes
SRR16988810	yHMPu5000037206_wickerhamiella_kurtzmanii_210210	37206	Dipodascales	Wickerhamiella kurtzmanii	NA	NA	NA	NA	NA	NA	Yes	Yes	Yes	Yes	Yes	Yes	Yes	Yes	Yes	No	Yes	Yes	Yes	Yes	NA	Yes	Yes	No	No	NA	No	No	No	No	NA	Yes	NA	No	NA	flower of I. batatoides in Santa Rosa National Park,	Yes	Yes	Yes	Yes	Yes	Yes	No	Yes	No	No	No
SRR16974540	yHMPu5000035283_wickerhamiella_lipophila_170713	35283	Dipodascales	Wickerhamiella lipophila	NA	NA	NA	NA	NA	NA	Yes	Yes	Yes	Yes	Yes	Yes	No	Yes	Yes	Yes	No	Yes	No	No	No	No	No	No	No	No	Yes	No	No	No	No	Yes	No	No	No	flower of Ipomoea acuminata (morning glory)	Yes	Yes	Yes	Yes	Yes	Yes	No	Yes	No	No	No
SRR16989182	yHMPu5000038100_candida_musiphila_170912	38100	Dipodascales	Wickerhamiella musiphila	Standard	Standard	0.140190804903287	0.500858389329828	0.128902328871609	0	Yes	Yes	Yes	Yes	Yes	Yes	Yes	Yes	Yes	No	No	No	No	Yes	NA	Yes	Yes	No	No	No	Yes	No	NA	NA	NA	Yes	Yes	No	No	flowers of a banana tree	Yes	Yes	Yes	Yes	Yes	Yes	No	Yes	No	No	No
SRR16974377	yHMPu5000026090_wickerhamiella_nectarea_210210	26090	Dipodascales	Wickerhamiella nectarea	Standard	Standard	0.844783230825638	1.78289703110744	0.623054685795484	0.936846691385158	Yes	Yes	Yes	Yes	Yes	Yes	Yes	Yes	Yes	Yes	No	Yes	Yes	No	No	Yes	Yes	No	No	Yes	No	No	Yes	No	NA	Yes	No	Yes	No	Floral nectar of Protea dracomontana	Yes	Yes	Yes	Yes	Yes	Yes	No	Yes	No	No	No
SRR16988906	yHMPu5000040923_candida_parazyma_201018	40923	Dipodascales	Wickerhamiella parazyma	Standard	Standard	0.711503416649035	1.91118783234065	0.459717344060714	0.72503014295579	Yes	Yes	Yes	Yes	Yes	Yes	Yes	Yes	Yes	Yes	No	Yes	Yes	Yes	NA	Yes	Yes	No	No	Yes	Yes	No	Yes	No	NA	Yes	Yes	Yes	Yes	drosophila floricola catched in a flower of Ipomoea indica	Yes	Yes	No	No	No	No	Yes	No	Yes	Yes	Yes
SRR16988761	yHMPu5000037255_wickerhamiella_qilinesis_210210	37255	Dipodascales	Wickerhamiella qilinensis	NA	NA	NA	NA	NA	NA	Yes	Yes	Yes	No	Yes	Yes	Yes	Yes	Yes	No	No	Yes	No	No	Yes	Yes	No	No	No	Yes	No	No	Yes	Yes	No	Yes	Yes	No	No	Pterostichus pterostichi	Yes	Yes	No	No	No	No	Yes	No	Yes	Yes	Yes
SRR16989070	yHMPu5000038352_candida_sergipensis_180604	38352	Dipodascales	Wickerhamiella sergipiensis	Standard	Standard	0.117262335193619	0.265426906457842	0.168800743912858	0	NA	NA	NA	NA	NA	NA	NA	NA	NA	NA	NA	NA	NA	NA	NA	NA	NA	NA	NA	NA	NA	NA	NA	NA	NA	NA	NA	NA	NA	frozen pulp of mangaba fruit (Hanconia speciosa, Apocynaceaea)	Yes	Yes	Yes	Yes	Yes	Yes	No	Yes	No	No	No
SRR16988807	yHMPu5000037209_wickerhamiella_shivajii_210210	37209	Dipodascales	Wickerhamiella shivajii	Standard	Standard	0	2.08797055349719	0.681784725007123	0	Yes	Yes	Yes	Yes	NA	No	NA	Yes	No	Yes	No	Yes	No	Yes	NA	Yes	No	No	No	No	No	No	Yes	No	NA	Yes	Yes	No	No	distillery unit effluent associated with the Warana sugar factory	Yes	Yes	No	No	No	No	No	No	No	No	No
SRR16989235	yHMPu5000038046_wickerhamiella_siamensis_170912	38046	Dipodascales	Wickerhamiella siamensis	Specialist	Standard	0	0.907989698492759	0	0	Yes	Yes	Yes	Yes	Yes	Yes	Yes	Yes	Yes	Yes	No	Yes	No	Yes	Yes	Yes	No	No	No	No	Yes	No	Yes	No	No	Yes	Yes	No	No	sugarcane leaves	Yes	Yes	Yes	Yes	Yes	Yes	No	Yes	No	No	No
SRR16989234	yHMPu5000038047_wickerhamiella_slavikovae_170912	38047	Dipodascales	Wickerhamiella slavikovae	NA	NA	NA	NA	NA	NA	NA	NA	NA	NA	NA	NA	NA	NA	NA	NA	NA	NA	NA	NA	NA	NA	NA	NA	NA	NA	NA	NA	NA	NA	NA	NA	NA	NA	NA	leaf of sugar cane (Saccharum officinarum) collected in Rio de Janeiro, Brazil	Yes	Yes	Yes	Yes	Yes	Yes	No	Yes	No	No	No
SRR16989187	yHMPu5000038096_candida_sorbophila_170912	38096	Dipodascales	Wickerhamiella sorbophila	Specialist	Standard	0.503994360446247	1.22551222684243	0	0	Yes	Yes	Yes	Yes	Yes	Yes	Yes	Yes	Yes	Yes	No	Yes	No	Yes	No	Yes	No	No	No	No	No	No	Yes	No	No	Yes	Yes	No	No	washings of ion-exchange resin guanine-monophosphate plant	Yes	Yes	No	No	No	No	No	No	No	No	No
SRR16974549	yHMPu5000035275_candida_vanderwaltii_170307	35275	Dipodascales	Wickerhamiella vanderwaltii	Standard	Standard	1.79490235231841	2.31746117112161	1.00239042027635	0	Yes	Yes	Yes	Yes	Yes	Yes	Yes	Yes	Yes	Yes	No	Yes	Yes	Yes	Yes	Yes	Yes	No	No	No	Yes	Yes	Yes	Yes	No	Yes	No	No	No	winery equipment	Yes	Yes	No	No	No	No	No	No	No	No	No
SRR16974550	yHMPu5000035274_wickerhamomyces_alni_170307	35274	Phaffomycetales	Wickerhamomyces alni	Standard	Generalist	0	0.699319062336033	0.640253198556927	0.47039477207155	Yes	Yes	Yes	Yes	Yes	Yes	Yes	Yes	Yes	Yes	No	Yes	Yes	Yes	Yes	No	Yes	Yes	Yes	Yes	Yes	Yes	Yes	Yes	Yes	No	Yes	Yes	Yes	exudate of Alnus rubra (alder tree)	Yes	Yes	Yes	Yes	Yes	Yes	No	Yes	No	No	No
SRR16974552	yHMPu5000035272_wickerhamomyces_bisporus_170307	35272	Phaffomycetales	Wickerhamomyces bisporus	NA	NA	NA	NA	NA	NA	Yes	Yes	Yes	Yes	Yes	Yes	Yes	Yes	Yes	Yes	No	Yes	Yes	Yes	Yes	No	Yes	Yes	Yes	Yes	Yes	Yes	Yes	Yes	Yes	No	Yes	Yes	Yes	tunnel of Ips typographus (bark beetle), under bark of spruce	Yes	Yes	No	No	No	No	Yes	No	Yes	Yes	Yes
SRR16974554	yHMPu5000035270_wickerhamomyces_chambardii_180604.haplomerger2	35270	Phaffomycetales	Wickerhamomyces chambardii	NA	NA	NA	NA	NA	NA	Yes	Yes	No	Yes	No	No	No	No	No	Yes	No	Yes	No	No	Yes	Yes	No	Yes	Yes	No	No	Yes	No	No	Yes	No	No	No	No	tanning fluid	Yes	Yes	No	No	No	No	No	No	No	No	No
SRR16989133	yHMPu5000038316_wickerhamomyces_chaumierensis_170713.haplomerger2	38316	Phaffomycetales	Wickerhamomyces chaumierensis	Standard	Specialist	0	0	0.632495178453153	0.340528672096263	Yes	Yes	Yes	Yes	Yes	Yes	Yes	Yes	No	Yes	Yes	Yes	Yes	Yes	Yes	No	Yes	Yes	Yes	Yes	No	No	Yes	No	Yes	Yes	No	Yes	Yes	flower	Yes	Yes	Yes	Yes	Yes	Yes	No	No	No	No	No
SRR16988809	yHMPu5000037207_Wickerhamomyces_kurtzmanii_SPADES	37207	Phaffomycetales	Wickerhamomyces kurtzmanii	NA	NA	NA	NA	NA	NA	Yes	Yes	Yes	Yes	Yes	No	Yes	No	Yes	NA	No	Yes	No	No	NA	No	Yes	No	Yes	No	No	No	NA	NA	NA	NA	No	No	No	water of crater lake	Yes	Yes	No	No	No	No	No	No	No	No	No
SRR16974557	yHMPu5000035267_wickerhamomyces_lynferdii_170307	35267	Phaffomycetales	Wickerhamomyces lynferdii	Standard	Standard	0.355091997946733	0.408287992466621	0.437155795378075	0	Yes	Yes	Yes	Yes	Yes	Yes	Yes	Yes	Yes	Yes	Yes	Yes	Yes	No	Yes	Yes	Yes	Yes	Yes	Yes	Yes	Yes	No	Yes	Yes	No	No	Yes	Yes	soil of grassland	Yes	Yes	No	No	No	No	No	No	No	No	No
SRR16989233	yHMPu5000038048_wickerhamomyces_mucosus_170912.haplomerger2	38048	Phaffomycetales	Wickerhamomyces mucosus	Standard	Specialist	0	0.76017551205314	0.566359410280925	0.511049755063253	Yes	Yes	No	Yes	No	Yes	Yes	Yes	Yes	Yes	Yes	Yes	Yes	Yes	Yes	No	Yes	Yes	Yes	Yes	No	No	Yes	No	Yes	Yes	No	Yes	Yes	soil	Yes	Yes	No	No	No	No	No	No	No	No	No
SRR16974559	yHMPu5000035266_wickerhamomyces_onychis_170307.haplomerger2	35266	Phaffomycetales	Wickerhamomyces onychis	NA	NA	NA	NA	NA	NA	Yes	Yes	Yes	Yes	Yes	Yes	Yes	Yes	Yes	Yes	Yes	Yes	Yes	Yes	Yes	No	Yes	Yes	Yes	Yes	No	Yes	Yes	Yes	Yes	No	Yes	Yes	Yes	nail, of Man	Yes	Yes	No	No	No	No	Yes	No	No	No	No
SRR16974598	yHMPu5000035254_wickerhamomyces_pijperi_160928.haplomerger2	35254	Phaffomycetales	Wickerhamomyces pijperi	Standard	Standard	0	0.518218034349934	0.513055608544338	0	Yes	Yes	Yes	Yes	Yes	Yes	Yes	Yes	Yes	Yes	Yes	Yes	No	Yes	Yes	No	No	Yes	Yes	No	No	Yes	Yes	No	Yes	Yes	Yes	No	No	buttermilk	Yes	Yes	No	No	No	No	No	No	No	No	No
SRR16974658	yHDO582_wickerhamomyces_queroliae_180604	yHDO582	Phaffomycetales	Wickerhamomyces queroliae	Standard	Generalist	0	0.699348971648557	0.405071677659345	0.400223149978254	NA	NA	NA	NA	NA	NA	NA	NA	NA	NA	NA	NA	NA	NA	NA	NA	NA	NA	NA	NA	NA	NA	NA	NA	NA	NA	NA	NA	NA	larvae of A. mucronata (a frugivorious fly in the Cerrado ecosystem) on P. campestris fruit.	Yes	Yes	No	No	No	No	Yes	No	Yes	Yes	Yes
SRR16974596	yHMPu5000035255_wickerhamomyces_rabaulensis_170307.haplomerger2	35255	Phaffomycetales	Wickerhamomyces rabaulensis	Standard	Standard	0	0.402693954424702	0.297886613373752	0.447356308729048	Yes	Yes	Yes	Yes	Yes	Yes	Yes	Yes	Yes	Yes	Yes	Yes	Yes	Yes	Yes	No	Yes	Yes	Yes	Yes	Yes	Yes	Yes	Yes	Yes	No	Yes	Yes	Yes	excreta of African snail	Yes	Yes	No	No	No	No	Yes	No	No	No	No
SRR16974522	yHMPu5000026170_wickerhamomyces_silvicola_170307.haplomerger2	26170	Phaffomycetales	Wickerhamomyces silvicola	Standard	Generalist	0.506608558621649	0.514265015164371	1.02821570823954	0.558802164066246	Yes	Yes	Yes	Yes	Yes	Yes	Yes	Yes	Yes	Yes	Yes	Yes	Yes	Yes	Yes	Yes	Yes	Yes	Yes	Yes	Yes	Yes	Yes	Yes	Yes	Yes	Yes	No	Yes	gum on Prunus serotina (wild cherry)	Yes	Yes	Yes	Yes	Yes	Yes	No	Yes	No	No	No
SRR16974524	yHMPu5000026157_candida_sp_170713	26157	Phaffomycetales	Wickerhamomyces sp.	Generalist	Standard	0.0975024248882944	0.489119617679649	0.404622854226007	0.379890655230972	NA	NA	NA	NA	NA	NA	NA	NA	NA	NA	NA	NA	NA	NA	NA	NA	NA	NA	NA	NA	NA	NA	NA	NA	NA	NA	NA	NA	NA	NA	NA	NA	NA	NA	NA	NA	NA	NA	NA	NA	NA
SRR16989197	yHMPu5000038085_candida_sp_170912	38085	Phaffomycetales	Wickerhamomyces sp.	Standard	Generalist	0	0.416237691014955	0.308259391190296	0.255131223576084	NA	NA	NA	NA	NA	NA	NA	NA	NA	NA	NA	NA	NA	NA	NA	NA	NA	NA	NA	NA	NA	NA	NA	NA	NA	NA	NA	NA	NA	NA	NA	NA	NA	NA	NA	NA	NA	NA	NA	NA	NA
SRR16989001	yHQL14_Wickerhamomyces_sp_nov_plate33_MASURCA	yHQL14	Phaffomycetales	Wickerhamomyces sp.	NA	NA	NA	NA	NA	NA	NA	NA	NA	NA	NA	NA	NA	NA	NA	NA	NA	NA	NA	NA	NA	NA	NA	NA	NA	NA	NA	NA	NA	NA	NA	NA	NA	NA	NA	Soil Festuca	Yes	Yes	No	No	No	No	No	No	No	No	No
SRR16974480	yHMH451_Wickerhamomyces_sp_nov_plate33_PLATANUS	yHMH451	Phaffomycetales	Wickerhamomyces sp.	NA	NA	NA	NA	NA	NA	NA	NA	NA	NA	NA	NA	NA	NA	NA	NA	NA	NA	NA	NA	NA	NA	NA	NA	NA	NA	NA	NA	NA	NA	NA	NA	NA	NA	NA	soil	Yes	Yes	No	No	No	No	No	No	No	No	No
SRR16974485	yHMH26_Wickerhamomyces_sp_nov_plate34_DISCOVAR	yHMH26	Phaffomycetales	Wickerhamomyces sp.	NA	NA	NA	NA	NA	NA	NA	NA	NA	NA	NA	NA	NA	NA	NA	NA	NA	NA	NA	NA	NA	NA	NA	NA	NA	NA	NA	NA	NA	NA	NA	NA	NA	NA	NA	soil	Yes	Yes	No	No	No	No	No	No	No	No	No
SRR16974478	yHMH617_Wickerhamomyces_sp_nov_plate34_PLATANUS	yHMH617	Phaffomycetales	Wickerhamomyces sp.	NA	NA	NA	NA	NA	NA	NA	NA	NA	NA	NA	NA	NA	NA	NA	NA	NA	NA	NA	NA	NA	NA	NA	NA	NA	NA	NA	NA	NA	NA	NA	NA	NA	NA	NA	Bark Ulmus americana	Yes	Yes	Yes	Yes	Yes	Yes	No	Yes	No	No	No
SRR16988945	yHMPu5000035286_candida_azyma_170307	35286	Phaffomycetales	Wickerhamomyces sp.	Standard	Standard	0.338976058889194	0.465675124105926	0.399229153442374	0.358161117735497	NA	NA	NA	NA	NA	NA	NA	NA	NA	NA	NA	NA	NA	NA	NA	NA	NA	NA	NA	NA	NA	NA	NA	NA	NA	NA	NA	NA	NA	lichen	Yes	Yes	No	No	No	No	No	No	No	No	No
SRR16974595	yHMPu5000035257_wickerhamomyces_strasburgensis_170307.haplomerger2	35257	Phaffomycetales	Wickerhamomyces strasburgensis	Standard	Standard	0.266672039246766	0.25474254016713	0.412076302215069	0.256573800698443	Yes	Yes	Yes	Yes	Yes	Yes	Yes	NA	Yes	Yes	Yes	Yes	Yes	Yes	Yes	Yes	Yes	Yes	Yes	Yes	Yes	Yes	Yes	Yes	Yes	No	NA	Yes	Yes	tanned leather, France	Yes	Yes	No	No	No	No	No	No	No	No	No
SRR16974594	yHMPu5000035258_wickerhamomyces_subpelliculosus_160928.haplomerger2	35258	Phaffomycetales	Wickerhamomyces subpelliculosus	Standard	Standard	0	0.312119673128494	0.204208380381084	0.408970702253164	Yes	Yes	Yes	Yes	Yes	Yes	Yes	Yes	Yes	Yes	Yes	Yes	Yes	Yes	Yes	Yes	Yes	Yes	Yes	Yes	Yes	Yes	Yes	Yes	Yes	No	Yes	Yes	Yes	fermenting cucumbers, pickled in brine	Yes	Yes	No	No	No	No	No	No	No	No	No
SRR16974593	yHMPu5000035259_wickerhamomyces_sydowiorum_170307.haplomerger2	35259	Phaffomycetales	Wickerhamomyces sydowiorum	Specialist	Standard	0.161159073616764	0	0	0	Yes	Yes	Yes	Yes	Yes	Yes	Yes	Yes	Yes	Yes	Yes	Yes	Yes	Yes	Yes	Yes	Yes	Yes	Yes	Yes	Yes	Yes	Yes	No	Yes	No	No	Yes	Yes	tunnel of Sinoxylon ruficorne (beetle), in Combretum apiculatum	Yes	Yes	No	No	No	No	Yes	No	Yes	Yes	Yes
SRR16989134	yHMPu5000038315_wickerhamomyces_tratensis_190924.haplomerger2	38315	Phaffomycetales	Wickerhamomyces tratensis	NA	NA	NA	NA	NA	NA	Yes	Yes	Yes	Yes	NA	Yes	Yes	Yes	Yes	Yes	Yes	No	No	No	Yes	No	No	Yes	Yes	No	No	No	No	No	Yes	No	Yes	No	No	Flower of Sonneratia caseolaris	Yes	Yes	Yes	Yes	Yes	Yes	No	Yes	No	No	No
SRR16989232	yHMPu5000038049_wickerhamomyces_xylosica_180604	38049	Phaffomycetales	Wickerhamomyces xylosica	Standard	Standard	0.0713619834934153	0	0.518736873659473	0	Yes	Yes	Yes	Yes	Yes	No	Yes	Yes	Yes	Yes	Yes	Yes	Yes	Yes	Yes	No	Yes	Yes	Yes	Yes	No	No	NA	No	NA	Yes	NA	Yes	No	soil	Yes	Yes	No	No	No	No	No	No	No	No	No
SRR16988653	yHMPu5000038037_yamadazyma_akitaensis_170912	38037	Serinales	Yamadazyma akitaensis	Standard	Standard	0.423522326294272	0.183867178738469	0.465902352788906	0.421297971744066	Yes	Yes	Yes	Yes	Yes	Yes	Yes	Yes	Yes	Yes	Yes	Yes	Yes	Yes	No	Yes	Yes	Yes	Yes	Yes	Yes	Yes	Yes	Yes	Yes	Yes	Yes	Yes	Yes	exudate of Salix sp.	Yes	Yes	Yes	Yes	Yes	Yes	No	Yes	No	No	No
SRR16988654	yHMPu5000038036_yamadazyma_dushanensis_170912	38036	Serinales	Yamadazyma dushanensis	Generalist	Standard	0.770555621113542	0.45139502367963	0.605867478527998	0.665787509883745	Yes	Yes	Yes	Yes	Yes	Yes	Yes	Yes	Yes	Yes	Yes	Yes	Yes	Yes	NA	Yes	Yes	Yes	Yes	Yes	Yes	Yes	Yes	NA	Yes	Yes	Yes	Yes	Yes	rotten wood	Yes	Yes	Yes	Yes	Yes	Yes	No	No	No	No	No
SRR16974387	yHMPu5000026050_yamadazyma_endophytica_170912	26050	Serinales	Yamadazyma endophytica	Standard	Standard	0.640652898974276	0.648576701848201	0	0.532422871991561	Yes	Yes	Yes	Yes	Yes	Yes	Yes	Yes	Yes	Yes	Yes	Yes	Yes	Yes	Yes	Yes	Yes	Yes	Yes	Yes	Yes	No	Yes	Yes	NA	Yes	Yes	Yes	Yes	Corn Leaves (Zea mays L.)	Yes	Yes	Yes	Yes	Yes	Yes	No	Yes	No	No	No
SRR16988655	yHMPu5000038034_yamadazyma_epiphylla_170912	38034	Serinales	Yamadazyma epiphylla	Generalist	Generalist	0.780729734816284	0.843529660989982	0.427247869992972	0.932044343059555	Yes	Yes	Yes	Yes	Yes	Yes	Yes	Yes	Yes	Yes	Yes	Yes	Yes	Yes	No	Yes	Yes	Yes	Yes	Yes	Yes	Yes	Yes	NA	NA	Yes	Yes	Yes	Yes	rice leaves	Yes	Yes	Yes	Yes	Yes	Yes	No	Yes	No	No	No
SRR16988656	yHMPu5000038033_yamadazyma_insecticola_170912	38033	Serinales	Yamadazyma insecticola	Standard	Standard	0	0.583875686587856	0.609536005775661	0	Yes	Yes	Yes	Yes	Yes	Yes	Yes	Yes	Yes	Yes	Yes	Yes	Yes	Yes	No	Yes	Yes	Yes	Yes	Yes	Yes	Yes	Yes	NA	NA	Yes	Yes	Yes	Yes	Insect frass	Yes	Yes	No	No	No	No	Yes	No	Yes	Yes	Yes
SRR16988657	yHMPu5000038032_yamadazyma_kitorensis_170912	38032	Serinales	Yamadazyma kitorensis	Standard	Standard	0.814759742856303	0.349676496228813	0.345617646912163	0	NA	NA	NA	NA	NA	NA	NA	NA	NA	NA	NA	NA	NA	NA	NA	NA	NA	NA	NA	NA	NA	NA	NA	NA	NA	NA	NA	NA	NA	red viscous gels on a stone wall near the detached painting of a vermillion bird (Suzaku) on the south wall inside the KT stone chamber	Yes	Yes	No	No	No	No	No	No	No	No	No
SRR16989136	yHMPu5000038314_yamadazyma_mexicana_170713	38314	Serinales	Yamadazyma mexicana	Standard	Standard	1.90506175374862	0.577557393178539	0.71743673239824	0.761147316055247	Yes	Yes	Yes	Yes	Yes	Yes	Yes	Yes	Yes	Yes	Yes	Yes	Yes	Yes	Yes	Yes	Yes	Yes	Yes	Yes	Yes	Yes	Yes	Yes	Yes	No	Yes	Yes	Yes	soft rot of Stenocereus gummosis (agria cactus)	Yes	Yes	Yes	Yes	Yes	Yes	No	Yes	No	No	No
SRR16988658	yHMPu5000038031_Yamadazyma_olivae_SPADES	38031	Serinales	Yamadazyma olivae	Standard	Specialist	1.22802301122545	0.444135405386513	0.563681759939735	0.700653497331259	Yes	Yes	Yes	Yes	Yes	Yes	Yes	Yes	Yes	Yes	Yes	Yes	Yes	Yes	NA	Yes	Yes	Yes	Yes	Yes	Yes	Yes	Yes	Yes	Yes	No	NA	Yes	Yes	fermenting olives	Yes	Yes	No	No	No	No	No	No	No	No	No
SRR16988952	yHMPu5000040908_yamadazyma_paraphyllophila_201018	40908	Serinales	Yamadazyma paraphyllophila	Standard	Standard	0.533849762635961	0.377172268454586	0.205117885543021	0.336715572196342	Yes	Yes	Yes	Yes	Yes	Yes	Yes	Yes	Yes	Yes	Yes	Yes	Yes	Yes	Yes	Yes	Yes	Yes	Yes	Yes	Yes	Yes	Yes	Yes	No	No	Yes	Yes	Yes	leaves of Dysoxylum hongkongense	Yes	Yes	Yes	Yes	Yes	Yes	No	Yes	No	No	No
SRR16988659	yHMPu5000038030_yamadazyma_phyllophila_170912	38030	Serinales	Yamadazyma phyllophila	Generalist	Standard	0.780904899993728	0.252476584904239	0.317807636168384	0.693600663290753	Yes	Yes	NA	Yes	NA	Yes	NA	Yes	Yes	Yes	Yes	Yes	Yes	Yes	Yes	Yes	Yes	Yes	Yes	Yes	Yes	No	Yes	Yes	Yes	No	Yes	Yes	Yes	corn leaves	Yes	Yes	Yes	Yes	Yes	Yes	No	Yes	No	No	No
SRR16988660	yHMPu5000038029_Yamadazyma_siamensis_SPADES	38029	Serinales	Yamadazyma siamensis	Standard	Standard	0.593839183296191	0.501786446060419	0.284832867029893	0.517209470624584	Yes	Yes	Yes	Yes	Yes	Yes	Yes	Yes	Yes	Yes	Yes	Yes	Yes	Yes	No	Yes	Yes	Yes	Yes	Yes	Yes	Yes	Yes	Yes	Yes	Yes	Yes	Yes	Yes	sugarcane leaves	Yes	Yes	Yes	Yes	Yes	Yes	No	Yes	No	No	No
SRR16974391	yHMH685_Yamadazyma_sp_nov_plate33_DISCOVAR	yHMH685	Serinales	Yamadazyma sp.	NA	NA	NA	NA	NA	NA	NA	NA	NA	NA	NA	NA	NA	NA	NA	NA	NA	NA	NA	NA	NA	NA	NA	NA	NA	NA	NA	NA	NA	NA	NA	NA	NA	NA	NA	Bark sugar maple (Acer saccharum)	Yes	Yes	Yes	Yes	Yes	Yes	No	Yes	No	No	No
SRR16974484	yHMH393_Yamadazyma_sp_nov_plate33_MASURCA	yHMH393	Serinales	Yamadazyma sp.	NA	NA	NA	NA	NA	NA	NA	NA	NA	NA	NA	NA	NA	NA	NA	NA	NA	NA	NA	NA	NA	NA	NA	NA	NA	NA	NA	NA	NA	NA	NA	NA	NA	NA	NA	Leaf litter	Yes	Yes	Yes	No	No	No	No	No	No	No	No
SRR16974495	yHKB15_Yamadazyma_sp_nov_plate33_SPADES	yHKB15	Serinales	Yamadazyma sp.	NA	NA	NA	NA	NA	NA	NA	NA	NA	NA	NA	NA	NA	NA	NA	NA	NA	NA	NA	NA	NA	NA	NA	NA	NA	NA	NA	NA	NA	NA	NA	NA	NA	NA	NA	soil	Yes	Yes	No	No	No	No	No	No	No	No	No
SRR16974486	yHKS699_Yamadazyma_sp_nov_plate33_SPADES	yHKS699	Serinales	Yamadazyma sp.	NA	NA	NA	NA	NA	NA	NA	NA	NA	NA	NA	NA	NA	NA	NA	NA	NA	NA	NA	NA	NA	NA	NA	NA	NA	NA	NA	NA	NA	NA	NA	NA	NA	NA	NA	Bark Fagus grandifolia(Beech)	Yes	Yes	Yes	Yes	Yes	Yes	No	Yes	No	No	No
SRR16988661	yHMPu5000038028_yamadazyma_takamatsuzukensis_170912	38028	Serinales	Yamadazyma takamatsuzukensis	Standard	Standard	0	0.41119293479406	0.187947092429514	0.255600372533127	Yes	Yes	Yes	Yes	Yes	Yes	Yes	NA	Yes	Yes	Yes	Yes	Yes	Yes	No	Yes	Yes	Yes	Yes	Yes	Yes	Yes	Yes	Yes	Yes	Yes	No	No	No	Air In the stone chamber of the Takamatsu-zuka tumulus	Yes	Yes	No	No	No	No	No	No	No	No	No
SRR16988991	yHMPu5000035642_yamadazyma_triangularis_170307	35642	Serinales	Yamadazyma triangularis	NA	NA	NA	NA	NA	NA	Yes	Yes	Yes	Yes	Yes	Yes	Yes	Yes	Yes	Yes	Yes	Yes	Yes	Yes	No	Yes	Yes	Yes	Yes	Yes	Yes	Yes	No	Yes	Yes	No	No	Yes	Yes	tamari soya, Japan	Yes	Yes	No	No	No	No	No	No	No	No	No
SRR16989207	yHMPu5000038076_Candida_tumulicola_SPADES	38076	Serinales	Yamadazyma tumulicola	Standard	Standard	0.83209572398612	0.565441188879547	0.435168368600951	0	Yes	Yes	Yes	Yes	Yes	Yes	Yes	Yes	Yes	Yes	Yes	Yes	Yes	Yes	Yes	Yes	Yes	Yes	Yes	Yes	Yes	Yes	Yes	Yes	Yes	Yes	Yes	Yes	Yes	viscous gel collected near the feet of the rightmost of the four woman depicted on the east plaster wall in the stone chamber of the Takamatsu-zuka tumulus	Yes	Yes	No	No	No	No	No	No	No	No	No
SRR16988663	yHMPu5000038026_yamadazyma_ubonensis_170912	38026	Serinales	Yamadazyma ubonensis	Standard	Standard	0.730045077652657	1.19249779664722	0	0.600929190927742	Yes	Yes	Yes	NA	Yes	Yes	Yes	NA	Yes	Yes	Yes	No	Yes	Yes	No	Yes	Yes	Yes	Yes	Yes	Yes	No	Yes	Yes	NA	No	Yes	Yes	Yes	Tree bark and decaying plant leaf	Yes	Yes	Yes	Yes	Yes	Yes	No	No	No	No	No
SRR16989091	yHMPu5000035636_candida_alimentaria_201018	35636	Dipodascales	Yarrowia alimentaria	Standard	Standard	0.283626039782959	0.87109553545274	2.31014132523301	0	Yes	Yes	Yes	Yes	Yes	No	Yes	No	No	NA	No	Yes	No	No	Yes	Yes	No	No	No	No	No	Yes	No	Yes	No	Yes	No	No	No	Cured ham	Yes	Yes	No	No	No	No	No	No	No	No	No
SRR16988803	yHMPu5000037212_Yarrowia_brassicae_SPADES	37212	Dipodascales	Yarrowia brassicae	NA	NA	NA	NA	NA	NA	Yes	Yes	Yes	Yes	Yes	Yes	No	Yes	Yes	Yes	No	Yes	No	No	Yes	No	No	No	No	No	Yes	Yes	Yes	No	No	No	No	No	No	Chinese sauerkraut	Yes	Yes	No	No	No	No	No	No	No	No	No
SRR16988989	yHMPu5000035644_yarrowia_deformans_180604	35644	Dipodascales	Yarrowia deformans	Standard	Standard	0	0.664146742468622	0.968645514423009	0	Yes	Yes	Yes	Yes	Yes	Yes	Yes	Yes	Yes	Yes	No	Yes	No	No	Yes	No	No	No	Yes	No	No	Yes	No	Yes	Yes	No	No	No	No	fingernail, of 49-year-old woman	Yes	Yes	No	No	No	No	Yes	No	No	No	No
SRR16989102	yHMPu5000035635_candida_galli_170307	35635	Dipodascales	Yarrowia galli	Specialist	Standard	0	0	0.776395001986215	0	Yes	Yes	Yes	No	Yes	No	No	NA	No	NA	NA	No	No	No	No	Yes	No	No	No	Yes	Yes	No	No	No	No	Yes	NA	No	No	liver of chicken	Yes	Yes	No	No	No	No	Yes	No	No	No	No
SRR16989152	yHMPu5000035632_candida_hollandica_170307	35632	Dipodascales	Yarrowia hollandica	Specialist	Standard	0	0	0.959677761038133	0	Yes	Yes	Yes	Yes	Yes	Yes	Yes	Yes	Yes	Yes	No	Yes	No	No	Yes	No	No	No	No	No	No	Yes	No	No	No	Yes	No	No	No	back of cow	Yes	Yes	No	No	No	No	Yes	No	No	No	No
SRR16988988	yHMPu5000035646_yarrowia_keelungensis_170307	35646	Dipodascales	Yarrowia keelungensis	Standard	Standard	0	0.702589866649825	1.35178790441704	0	Yes	Yes	Yes	Yes	NA	Yes	NA	Yes	Yes	Yes	No	Yes	No	No	Yes	Yes	No	No	Yes	No	No	Yes	No	Yes	No	Yes	Yes	No	No	sea water	Yes	Yes	No	No	No	No	No	No	No	No	No
SRR16988987	yHMPu5000035647_yarrowia_lipolytica_160519.haplomerger2	35647	Dipodascales	Yarrowia lipolytica	Standard	Standard	0	0	1.80338888986074	0	Yes	Yes	Yes	Yes	Yes	Yes	Yes	Yes	Yes	Yes	No	Yes	No	No	Yes	No	No	No	No	No	No	Yes	No	Yes	No	No	Yes	No	No	maize-processing plant	Yes	Yes	No	No	No	No	No	No	No	No	No
SRR16989163	yHMPu5000035631_candida_oslonensis_190924	35631	Dipodascales	Yarrowia osloensis	Specialist	Standard	0	0.502548085210262	1.33845709115877	0	Yes	Yes	Yes	Yes	Yes	Yes	Yes	Yes	No	NA	No	Yes	No	Yes	No	Yes	No	No	No	No	Yes	Yes	No	Yes	No	Yes	No	No	No	Yoghurt with kiwi	Yes	Yes	No	No	No	No	No	No	No	No	No
SRR16988837	yHMPu5000035630_candida_phangngaensis_170307	35630	Dipodascales	Yarrowia phangngaensis	Specialist	Standard	0	0.525385686984308	0.960772519959124	0	Yes	Yes	Yes	Yes	Yes	NA	Yes	Yes	Yes	Yes	No	Yes	No	NA	Yes	NA	NA	No	NA	No	NA	Yes	NA	Yes	NA	Yes	Yes	No	NA	sea water	Yes	Yes	No	No	No	No	No	No	No	No	No
SRR16988986	yHMPu5000035648_yarrowia_porcina_170307	35648	Dipodascales	Yarrowia porcina	Standard	Standard	0	0.340111632979274	1.7880422305395	0	Yes	Yes	Yes	Yes	Yes	Yes	Yes	Yes	Yes	Yes	No	Yes	No	No	Yes	Yes	No	Yes	Yes	No	No	Yes	No	No	Yes	Yes	Yes	No	No	minced pork	Yes	Yes	No	No	No	No	No	No	No	No	No
SRR16988985	yHMPu5000035649_yarrowia_yakushimensis_170307	35649	Dipodascales	Yarrowia yakushimensis	Standard	Standard	0	0.682127222207514	0.883988208187647	0	NA	NA	NA	NA	NA	NA	NA	NA	NA	NA	NA	NA	NA	NA	NA	NA	NA	NA	NA	NA	NA	NA	NA	NA	NA	NA	NA	NA	NA	gut of japanese termite (Hodotermopsis sjoestedti)	Yes	Yes	No	No	No	No	Yes	No	Yes	Yes	Yes
SRR16988759	yHMPu5000037257_zygoascus_biomembranicola_210210	37257	Dipodascales	Zygoascus biomembranicola	Standard	Standard	0	0.396019079670918	0.291554166103444	0.306485378399282	Yes	Yes	Yes	Yes	Yes	Yes	Yes	NA	Yes	Yes	Yes	Yes	Yes	Yes	Yes	Yes	No	Yes	Yes	Yes	Yes	Yes	Yes	No	Yes	Yes	NA	Yes	No	Dried dark-brownish viscous gel Floor of stone chamber of The Kitora tumulus (KT)	Yes	Yes	No	No	No	No	No	No	No	No	No
SRR16974547	yHDO588_Zygoascus_bituminiphia_SPADES	yHDO588	Dipodascales	Zygoascus bituminiphia	NA	NA	NA	NA	NA	NA	Yes	Yes	Yes	Yes	Yes	Yes	No	Yes	Yes	Yes	Yes	Yes	Yes	Yes	Yes	Yes	No	Yes	Yes	Yes	Yes	No	Yes	Yes	Yes	Yes	No	No	No	bitumen in Canada	Yes	Yes	No	No	No	No	No	No	No	No	No
SRR16988781	yHMPu5000037232_zygoascus_flipseniorum_210210	37232	Dipodascales	Zygoascus flipseniorum	NA	NA	NA	NA	NA	NA	Yes	Yes	No	No	Yes	Yes	No	No	Yes	NA	Yes	NA	Yes	Yes	NA	Yes	No	Yes	NA	Yes	NA	NA	NA	Yes	NA	Yes	NA	No	No	Dutch soil	Yes	Yes	No	No	No	No	No	No	No	No	No
SRR16974247	yHMPu5000034578_zygoascus_hellenicus_180604	34578	Dipodascales	Zygoascus hellenicus	Generalist	Standard	0.383659325258695	0.440065859833836	0.33571538021148	0.166764273540312	Yes	Yes	Yes	Yes	Yes	Yes	Yes	Yes	Yes	Yes	Yes	Yes	Yes	Yes	Yes	Yes	Yes	Yes	Yes	Yes	Yes	Yes	Yes	Yes	Yes	Yes	Yes	Yes	Yes	mastitic udder of cow	Yes	Yes	No	No	No	No	Yes	No	No	No	No
SRR16988953	yHMPu5000040907_zygoascus_polysorbophila_201018	40907	Dipodascales	Zygoascus polysorbophila	Generalist	Standard	0.522018831229357	0.570525001123852	0.338862316539628	0.50173362519648	NA	NA	NA	NA	NA	NA	NA	NA	NA	NA	NA	NA	NA	NA	NA	NA	NA	NA	NA	NA	NA	NA	NA	NA	NA	NA	NA	NA	NA	emulsion of white oil and polysorbate	Yes	Yes	No	No	No	No	No	No	No	No	No
SRR16988954	yHMPu5000040906_zygoascus_tannicolus_201018	40906	Dipodascales	Zygoascus tannicola	Standard	Standard	0.751449745802026	0	0.297206508299504	0	Yes	Yes	Yes	Yes	Yes	Yes	No	Yes	Yes	Yes	Yes	Yes	Yes	Yes	Yes	Yes	No	No	No	No	Yes	Yes	No	No	No	No	No	No	No	vegetable tanning fluid	Yes	Yes	No	No	No	No	No	No	No	No	No
SRR16974472	yHDO565_zygosaccharomyces_gambellarensis_180604	yHDO565	Saccharomycetales	Zygosaccharomyces gambellarensis	NA	NA	NA	NA	NA	NA	Yes	NA	NA	NA	NA	NA	NA	Yes	No	NA	Yes	NA	NA	NA	NA	NA	NA	NA	NA	NA	NA	NA	NA	NA	NA	NA	Yes	NA	NA	Vin Santo of Gambellara, a sweet white wine produced off-vine overripened grapes	Yes	Yes	No	No	No	No	No	No	No	No	No
SRR16974706	yHMPu5000034864_zygosaccharomyces_lentus_170307	34864	Saccharomycetales	Zygosaccharomyces lentus	Standard	Standard	0	0.485956925220672	0	0	Yes	Yes	Yes	Yes	Yes	Yes	Yes	No	Yes	Yes	Yes	No	No	No	Yes	No	Yes	No	No	No	No	No	No	No	No	No	No	No	No	spoiled orange juice	Yes	Yes	No	No	No	No	No	No	No	No	No
SRR16974417	yHDO572_zygosaccharomyces_mellis_180604	yHDO572	Saccharomycetales	Zygosaccharomyces mellis	NA	NA	NA	NA	NA	NA	Yes	Yes	No	No	No	No	No	NA	Yes	No	Yes	No	No	No	No	Yes	No	Yes	No	No	No	No	No	No	Yes	No	NA	Yes	No	honey	Yes	Yes	No	No	No	No	Yes	No	No	No	No
SRR16988758	yHMPu5000037834_zygosaccharomyces_parabailii_190924.haplomerger2	37834	Saccharomycetales	Zygosaccharomyces parabailii	Specialist	Standard	0	0.200138131069294	0	0	Yes	Yes	Yes	Yes	Yes	Yes	Yes	Yes	Yes	Yes	Yes	No	Yes	No	Yes	Yes	Yes	No	No	No	Yes	No	Yes	No	No	Yes	NA	No	No	associated with fermentation	NA	NA	NA	NA	NA	NA	NA	NA	NA	NA	NA
SRR16988860	yHMPu5000035627_zygosaccharomyces_pseudobailii_201018.haplomerger2	35627	Saccharomycetales	Zygosaccharomyces pseudobailii	Specialist	Specialist	0	0.185682191009267	0	0	Yes	Yes	Yes	Yes	Yes	Yes	Yes	Yes	Yes	Yes	Yes	No	Yes	No	Yes	Yes	No	No	No	No	Yes	No	No	No	No	Yes	Yes	No	No	worcester sauce	Yes	Yes	No	No	No	No	No	No	No	No	No
SRR16988757	yHMPu5000037836_zygosaccharomyces_pseudorouxii_201018.haplomerger2	37836	Saccharomycetales	Zygosaccharomyces pseudorouxii	NA	NA	NA	NA	NA	NA	NA	NA	NA	NA	NA	NA	NA	NA	NA	NA	NA	NA	NA	NA	NA	NA	NA	NA	NA	NA	NA	NA	NA	NA	NA	NA	NA	NA	NA	UK soft drinks factory	Yes	Yes	No	No	No	No	No	No	No	No	No
SRR16974501	yHDO603_zygosaccharomyces_sapae_190924.haplomerger2	yHDO603	Saccharomycetales	Zygosaccharomyces sapae	NA	NA	NA	NA	NA	NA	Yes	Yes	Yes	Yes	Yes	Yes	Yes	Yes	NA	No	Yes	NA	No	No	NA	Yes	Yes	NA	NA	NA	NA	NA	NA	NA	NA	No	Yes	NA	NA	balsamic vinegars	Yes	Yes	No	No	No	No	No	No	No	No	No
SRR16988899	yHMPu5000035626_zygosaccharomyces_siamensis_190924	35626	Saccharomycetales	Zygosaccharomyces siamensis	NA	NA	NA	NA	NA	NA	Yes	Yes	Yes	Yes	Yes	Yes	Yes	Yes	Yes	Yes	Yes	Yes	Yes	Yes	Yes	Yes	No	Yes	Yes	Yes	Yes	Yes	No	Yes	NA	Yes	Yes	No	Yes	raw honey, Apis Mellifera	No	No	No	No	No	No	No	No	No	No	No
SRR16988812	yHMPu5000037204_zygotorulaspora_chibaensis_210210	37204	Saccharomycetales	Zygotorulaspora chibaensis	Standard	Standard	0.57067121406964	0.418331914909615	0.0986294020318019	0.492222560375891	Yes	Yes	Yes	No	Yes	Yes	No	Yes	Yes	Yes	Yes	NA	Yes	Yes	Yes	Yes	Yes	No	No	Yes	No	No	Yes	No	NA	Yes	Yes	Yes	Yes	soil underneath Castanopsis sieboldii	Yes	Yes	No	No	No	No	No	No	No	No	No
SRR16988811	yHMPu5000037205_zygotorulaspora_danielsina_210210	37205	Saccharomycetales	Zygotorulaspora danielsina	Standard	Standard	0	0.327893565119178	0	0.327144178935633	Yes	Yes	Yes	No	Yes	NA	No	Yes	Yes	Yes	Yes	No	Yes	Yes	No	Yes	Yes	No	No	Yes	No	No	Yes	No	NA	No	Yes	Yes	Yes	bark Nothofagus menziesii	Yes	Yes	Yes	Yes	Yes	Yes	No	Yes	No	No	No
SRR16974507	yHDO592_zygotorulaspora_sp_190924	yHDO592	Saccharomycetales	Zygotorulaspora sp.	Generalist	Standard	0.536223324458032	0.250688384744441	0.061676735091287	0.500145152845338	NA	NA	NA	NA	NA	NA	NA	NA	NA	NA	NA	NA	NA	NA	NA	NA	NA	NA	NA	NA	NA	NA	NA	NA	NA	NA	NA	NA	NA	bark of the tree Tapirira guianensis	Yes	Yes	Yes	Yes	Yes	Yes	No	Yes	No	No	No
SRR16974481	yHMH446_Pichia_sp_nov_plate33_SPADES	yHMH446	Pichiales	Pichia galeolata	NA	NA	NA	NA	NA	NA	NA	NA	NA	NA	NA	NA	NA	NA	NA	NA	NA	NA	NA	NA	NA	NA	NA	NA	NA	NA	NA	NA	NA	NA	NA	NA	NA	NA	NA	Soil/Sand	Yes	Yes	No	No	No	No	No	No	No	No	No
SRR16974648	yHMPu5000035040_ambrosiozyma_maleeae_160519	35040	Pichiales	Ambrosiozyma maleeae	Standard	Standard	0	0.260137048227064	0.127065798058712	0	Yes	NA	NA	NA	NA	NA	NA	Yes	NA	Yes	Yes	NA	NA	NA	NA	NA	NA	NA	NA	NA	NA	NA	NA	NA	NA	NA	No	NA	NA	Mushroom (unidentified)	Yes	Yes	No	No	No	No	No	No	No	No	No
SRR16974434	yHMPu5000034946_ambrosiozyma_oregonensis_160519	34946	Pichiales	Ambrosiozyma oregonensis	Generalist	Generalist	0	0.365371081617709	0.557525656778131	0.685462123784644	Yes	Yes	NA	Yes	Yes	Yes	NA	Yes	Yes	Yes	Yes	Yes	Yes	Yes	Yes	No	Yes	Yes	Yes	Yes	Yes	Yes	Yes	Yes	Yes	No	No	Yes	Yes	South Santiam River, rapidly flowing mountain stream	Yes	Yes	No	No	No	No	No	No	No	No	No
SRR16974531	yHMPu5000026137_ambrosiozyma_ambrosiae_160519	26137	Pichiales	Ambrosiozyma ambrosiae	Standard	Standard	0	0.706052397119389	0.405336722241995	0.4631557873377	Yes	Yes	Yes	Yes	Yes	Yes	Yes	Yes	Yes	Yes	Yes	Yes	Yes	Yes	Yes	No	Yes	Yes	Yes	Yes	Yes	Yes	Yes	No	Yes	No	NA	Yes	Yes	tunnel of Platypus externedentatus (beetle), in Ficus sycomorus	Yes	Yes	No	No	No	No	Yes	No	Yes	Yes	Yes
SRR16974646	yHMPu5000035041_ambrosiozyma_pseudovanderkliftii_160519	35041	Pichiales	Ambrosiozyma pseudovanderkliftii	Standard	Generalist	0	1.04341826564693	0	0.72064068587448	Yes	Yes	Yes	Yes	Yes	Yes	Yes	NA	Yes	Yes	Yes	Yes	Yes	Yes	Yes	No	Yes	Yes	Yes	Yes	Yes	Yes	Yes	No	NA	No	NA	Yes	Yes	beetle gallery of Platypus quercivorus	Yes	Yes	No	No	No	No	Yes	No	Yes	Yes	Yes
SRR16974528	yHMPu5000026145_ambrosiozyma_vanderkliftii_160519	26145	Pichiales	Ambrosiozyma vanderkliftii	Generalist	Generalist	NA	0	0.230473510016656	0.199288398639791	Yes	Yes	Yes	Yes	Yes	Yes	Yes	NA	Yes	Yes	Yes	Yes	Yes	Yes	Yes	No	Yes	Yes	Yes	Yes	Yes	Yes	Yes	Yes	NA	No	Yes	Yes	Yes	beetle gallery of Platypus quercivorus	Yes	Yes	No	No	No	No	Yes	No	Yes	Yes	Yes
SRR16974616	yHMPu5000035044_barnettozyma_californica_160519	35044	Phaffomycetales	Barnettozyma californica	Generalist	Generalist	0	0.583272629780088	0.567953955404085	0.173042056729933	Yes	Yes	Yes	Yes	Yes	Yes	Yes	Yes	Yes	Yes	Yes	Yes	No	Yes	Yes	No	Yes	Yes	Yes	Yes	No	Yes	Yes	Yes	Yes	Yes	NA	No	Yes	leaf-mould	Yes	Yes	No	No	No	No	No	No	No	No	No
SRR16974615	yHMPu5000035045_barnettozyma_hawaiiensis_160613	35045	Phaffomycetales	Barnettozyma hawaiiensis	Standard	Generalist	0	1.01929743069379	0.581087949716411	0	Yes	Yes	Yes	Yes	Yes	No	Yes	No	Yes	Yes	No	Yes	No	Yes	No	No	No	Yes	Yes	No	No	No	Yes	No	Yes	No	No	No	No	Rotting bark of Charpentiera sp. infested with insect	Yes	Yes	Yes	Yes	Yes	Yes	No	Yes	No	No	No
SRR16974614	yHMPu5000035046_barnettozyma_populi_160613	35046	Phaffomycetales	Barnettozyma populi	Standard	Generalist	0	1.03663507635679	1.53947294027735	0	Yes	Yes	Yes	Yes	Yes	Yes	Yes	Yes	Yes	Yes	No	Yes	No	Yes	Yes	No	No	Yes	Yes	No	No	No	No	Yes	Yes	No	No	No	No	Populus trichocarpa (black cotton-wood)	Yes	Yes	Yes	Yes	Yes	Yes	No	Yes	No	No	No
SRR16974613	yHMPu5000035047_barnettozyma_pratensis_160519	35047	Phaffomycetales	Barnettozyma pratensis	Standard	Standard	0.258598244437258	0.21994031085679	0.236005419107808	0.559347111253642	Yes	Yes	Yes	Yes	Yes	Yes	Yes	Yes	Yes	Yes	Yes	Yes	Yes	Yes	Yes	Yes	Yes	Yes	Yes	Yes	No	Yes	Yes	Yes	Yes	No	No	No	Yes	soil of mountain-meadow	Yes	Yes	No	No	No	No	No	No	No	No	No
SRR16974306	yHMPu5000034681_blastobotrys_americana_160519	34681	Dipodascales	Blastobotrys americanus	Standard	Standard	1.01365149803941	NA	0.470134914936832	0.317867967229547	Yes	Yes	NA	Yes	Yes	Yes	NA	NA	Yes	Yes	Yes	Yes	Yes	Yes	NA	Yes	No	Yes	Yes	No	Yes	No	NA	Yes	NA	Yes	NA	No	Yes	unknown	NA	NA	NA	NA	NA	NA	NA	NA	NA	NA	NA
SRR16974312	yHMPu5000034675_blastobotrys_mokoenaii_160519	34675	Dipodascales	Blastobotrys mokoenaii	NA	NA	NA	NA	NA	NA	Yes	Yes	Yes	Yes	Yes	Yes	Yes	Yes	Yes	Yes	No	Yes	Yes	Yes	Yes	Yes	Yes	Yes	Yes	Yes	Yes	Yes	Yes	Yes	Yes	Yes	Yes	No	Yes	soil	Yes	Yes	No	No	No	No	No	No	No	No	No
SRR16974313	yHMPu5000034674_blastobotrys_muscicola_160519	34674	Dipodascales	Blastobotrys muscicola	Standard	Standard	0.468249156634721	0	0	0.961763034130833	Yes	Yes	NA	Yes	Yes	No	NA	Yes	Yes	No	No	Yes	Yes	No	NA	Yes	Yes	Yes	Yes	Yes	No	Yes	NA	No	NA	No	Yes	Yes	Yes	moss	Yes	Yes	Yes	Yes	No	No	No	No	No	No	No
SRR16974344	yHMPu5000034671_blastobotrys_peoriensis_160519	34671	Dipodascales	Blastobotrys peoriensis	Generalist	Standard	0.5063891888985	0.291885819685744	0	0.56691590730522	Yes	Yes	NA	Yes	Yes	Yes	NA	NA	Yes	Yes	Yes	Yes	No	Yes	NA	Yes	Yes	Yes	Yes	Yes	Yes	No	NA	NA	NA	Yes	NA	Yes	Yes	fungus	Yes	Yes	No	No	No	No	No	No	No	No	No
SRR16974345	yHMPu5000034670_blastobotrys_proliferans_160519	34670	Dipodascales	Blastobotrys proliferans	NA	NA	NA	NA	NA	NA	NA	NA	NA	NA	NA	NA	NA	NA	NA	NA	NA	NA	NA	NA	NA	NA	NA	NA	NA	NA	NA	NA	NA	NA	NA	NA	NA	NA	NA	mite-infested nut, Brazil	Yes	Yes	Yes	Yes	Yes	Yes	No	No	No	No	No
SRR16974349	yHMPu5000034667_blastobotrys_serpentis_160519	34667	Dipodascales	Blastobotrys serpentis	NA	NA	NA	NA	NA	NA	Yes	Yes	Yes	Yes	Yes	Yes	Yes	NA	NA	No	No	NA	Yes	NA	NA	Yes	Yes	Yes	Yes	Yes	Yes	NA	Yes	NA	NA	Yes	NA	NA	NA	intestine of a dead Trinket snake (Elaphe sp., Colubridae)	Yes	Yes	No	No	No	No	Yes	No	No	No	No
SRR16974518	yHMPu5000026197_brettanomyces_custersianus_160519	26197	Pichiales	Brettanomyces custersianus	NA	NA	NA	NA	NA	NA	Yes	Yes	No	Yes	Yes	No	No	Yes	No	Yes	Yes	Yes	Yes	No	Yes	No	No	No	No	No	No	No	No	No	No	No	Yes	No	No	Bantu-beer brewery	Yes	Yes	No	No	No	No	No	No	No	No	No
SRR16988962	yHMPu5000035335_candida_blattae_160928	35335	Serinales	Candida blattae	Generalist	Standard	0.299521842773262	0.666192317879423	0.116176309490345	0.358184160955086	Yes	Yes	Yes	Yes	Yes	Yes	Yes	Yes	Yes	Yes	Yes	Yes	Yes	Yes	No	Yes	Yes	Yes	Yes	Yes	Yes	Yes	Yes	Yes	Yes	Yes	NA	Yes	Yes	unidentified cockroach	Yes	Yes	No	No	No	No	Yes	No	Yes	Yes	Yes
SRR16974414	yHMPu5000034967_candida_freyschussii_160519	34967	Phaffomycetales	Candida freyschussii	Standard	Standard	0	0.325488582951584	0.209318006031681	0.257644305560506	Yes	Yes	Yes	Yes	Yes	Yes	Yes	Yes	Yes	Yes	Yes	Yes	Yes	Yes	Yes	No	Yes	Yes	Yes	Yes	No	Yes	Yes	Yes	Yes	No	Yes	Yes	Yes	wood pulp	Yes	Yes	Yes	Yes	Yes	Yes	No	No	No	No	No
SRR16989032	yHMPu5000041863_candida_gorgasii_160928	41863	Serinales	Candida gorgasii	Generalist	Standard	0.594901027293021	0.760618473870113	0.50895556390754	0.611081535554474	Yes	Yes	Yes	Yes	Yes	Yes	Yes	Yes	Yes	Yes	Yes	Yes	Yes	Yes	Yes	Yes	Yes	Yes	Yes	Yes	Yes	Yes	Yes	Yes	Yes	No	Yes	Yes	Yes	unidentified cerambycid (Cerambycidae)	Yes	Yes	No	No	No	No	Yes	No	Yes	Yes	Yes
SRR16988863	yHMPu5000035707_candida_heveicola_160519	35707	Serinales	Candida heveicola	Standard	Standard	0.211008203221309	0.301573231730266	0.300302437642001	0.573548773067327	Yes	Yes	Yes	Yes	Yes	Yes	Yes	NA	Yes	Yes	Yes	Yes	Yes	Yes	NA	Yes	Yes	No	Yes	Yes	Yes	Yes	NA	NA	NA	Yes	NA	Yes	Yes	sap of a rubber plant	Yes	Yes	Yes	Yes	Yes	Yes	No	Yes	No	No	No
SRR16974607	yHMPu5000035244_candida_incommunis_160928	35244	Dipodascales	Candida incommunis	Generalist	Generalist	0.2418266374992	0.68839344916521	0.162354797400416	0.632520332098465	Yes	Yes	Yes	Yes	Yes	Yes	Yes	Yes	Yes	Yes	Yes	Yes	Yes	Yes	Yes	Yes	Yes	Yes	Yes	Yes	No	Yes	Yes	Yes	Yes	Yes	Yes	Yes	Yes	grape must	Yes	Yes	No	No	No	No	No	No	No	No	No
SRR16974651	yHMPu5000035037_candida_montana_160519	35037	Phaffomycetales	Candida montana	Standard	Standard	0	0.357810235871198	0.349797851414307	0	Yes	Yes	Yes	Yes	Yes	No	Yes	Yes	Yes	Yes	No	Yes	No	No	No	No	No	Yes	Yes	No	No	Yes	No	No	Yes	No	No	No	No	wild grape of Vitis coignetiae	Yes	Yes	Yes	Yes	Yes	Yes	No	Yes	No	No	No
SRR16988926	yHMPu5000035673_candida_orba_160613	35673	Phaffomycetales	Candida orba	Standard	Standard	0	1.41069953085543	1.19787770995209	0	Yes	Yes	Yes	Yes	Yes	Yes	Yes	Yes	Yes	Yes	No	Yes	No	No	Yes	No	No	Yes	Yes	No	No	No	Yes	No	Yes	No	No	No	No	decaying cladodes of Opuntia stricta	Yes	Yes	Yes	Yes	Yes	Yes	No	Yes	No	No	No
SRR16974396	yHMPu5000034986_candida_oregonensis_160519	34986	Serinales	Candida oregonensis	Standard	Standard	0	0.754927306311352	0	1.23326183157801	Yes	Yes	Yes	No	Yes	Yes	Yes	Yes	Yes	Yes	Yes	Yes	Yes	Yes	No	No	Yes	Yes	Yes	Yes	Yes	Yes	Yes	Yes	Yes	No	No	Yes	Yes	insect frass under bark of Tsuga heterophylla	Yes	Yes	No	No	No	No	Yes	No	Yes	Yes	Yes
SRR16988882	yHMPu5000035690_candida_vartiovaarae_160613	35690	Phaffomycetales	Candida vartiovaarae	NA	NA	NA	NA	NA	NA	Yes	Yes	Yes	Yes	Yes	Yes	Yes	Yes	Yes	Yes	Yes	Yes	Yes	Yes	Yes	No	Yes	Yes	Yes	Yes	No	No	Yes	Yes	Yes	No	No	Yes	Yes	soil	Yes	Yes	No	No	No	No	No	No	No	No	No
SRR16989053	yHMPu5000041840_candida_wancherniae_160928	41840	Serinales	Candida wancherniae	Specialist	Standard	0	0.970186379938273	0	0	NA	NA	NA	NA	NA	NA	NA	NA	NA	NA	NA	NA	NA	NA	NA	NA	NA	NA	NA	NA	NA	NA	NA	NA	NA	NA	NA	NA	NA	Insect frass	Yes	Yes	No	No	No	No	Yes	No	Yes	Yes	Yes
SRR16974329	yHMPu5000034999_cephaloascus_fragrans_160519	34999	Serinales	Cephaloascus fragrans	Standard	Standard	0.869081175584046	0.386338092060754	0.568636734441262	0	NA	NA	NA	NA	NA	NA	NA	NA	NA	NA	NA	NA	NA	NA	NA	NA	NA	NA	NA	NA	NA	NA	NA	NA	NA	NA	NA	NA	NA	human ear	Yes	Yes	No	No	No	No	Yes	No	No	No	No
SRR16974341	yHMPu5000034988_candida_fructus_160519	34988	Serinales	Clavispora fructus	Standard	Standard	0	0.295152774144698	0.0774735615608404	0	Yes	Yes	Yes	Yes	Yes	Yes	Yes	Yes	Yes	Yes	Yes	Yes	Yes	Yes	Yes	No	No	No	No	No	Yes	Yes	Yes	Yes	No	Yes	No	No	No	fruit of Musa sapientum (banana)	Yes	Yes	Yes	Yes	Yes	Yes	No	Yes	No	No	No
SRR16988868	yHMPu5000035703_cyberlindnera_americana_160613	35703	Phaffomycetales	Cyberlindnera americana	Generalist	Generalist	0	0.523562059346557	0.658618908499228	0.572009999920263	Yes	Yes	Yes	Yes	Yes	Yes	Yes	NA	Yes	Yes	Yes	Yes	Yes	Yes	Yes	No	Yes	Yes	Yes	Yes	No	Yes	Yes	Yes	Yes	No	NA	Yes	Yes	frass on Pinus jeffreyi (Jeffrey pine)	Yes	Yes	No	No	No	No	Yes	No	Yes	Yes	Yes
SRR16988872	yHMPu5000035699_cyberlindnera_maclurae_160613	35699	Phaffomycetales	Cyberlindnera maclurae	Standard	Standard	0	0.398388780322189	0.541431907629065	0.22950962237098	Yes	Yes	Yes	Yes	Yes	Yes	Yes	Yes	Yes	Yes	Yes	Yes	Yes	No	Yes	No	Yes	Yes	Yes	Yes	No	Yes	No	Yes	Yes	No	No	Yes	Yes	rotting fruit of Maclura pomifera (hedge apple)	Yes	Yes	Yes	Yes	Yes	Yes	No	Yes	No	No	No
SRR16974403	yHMPu5000034979_cyberlindnera_misumaiensis_160519	34979	Phaffomycetales	Cyberlindnera misumaiensis	Standard	Generalist	0	0.532317159812852	0.739510395615821	0	Yes	Yes	Yes	Yes	Yes	Yes	Yes	No	Yes	Yes	Yes	Yes	No	Yes	Yes	No	No	Yes	Yes	No	No	Yes	Yes	Yes	Yes	No	No	No	No	soil of orchard	Yes	Yes	No	No	No	No	No	No	No	No	No
SRR16974404	yHMPu5000034978_cyberlindnera_mrakii_160519	34978	Phaffomycetales	Cyberlindnera mrakii	Standard	Generalist	0	0.483483641546436	0.460006328119377	0.126717557540865	Yes	Yes	Yes	Yes	Yes	Yes	Yes	NA	Yes	Yes	Yes	Yes	No	Yes	Yes	No	No	Yes	Yes	No	No	No	No	Yes	Yes	No	NA	No	No	soil	Yes	Yes	No	No	No	No	No	No	No	No	No
SRR16988883	yHMPu5000035689_candida_mycetangii_160613	35689	Phaffomycetales	Cyberlindnera mycetangii	Standard	Standard	0	0.388969616446685	0.239212574895614	0.251654474441352	Yes	Yes	Yes	Yes	Yes	Yes	Yes	Yes	Yes	Yes	Yes	Yes	Yes	Yes	Yes	No	Yes	Yes	Yes	Yes	No	Yes	Yes	Yes	Yes	No	Yes	Yes	Yes	mycetangia of ambrosia beetles	Yes	Yes	No	No	No	No	Yes	No	Yes	Yes	Yes
SRR16988885	yHMPu5000035687_cyberlindnera_suaveolens_160613	35687	Phaffomycetales	Cyberlindnera suaveolens	Standard	Generalist	0	0.362708943395683	0.492668702090067	0	Yes	Yes	Yes	Yes	Yes	Yes	Yes	Yes	Yes	Yes	Yes	Yes	No	Yes	Yes	No	Yes	Yes	Yes	No	No	No	Yes	Yes	Yes	No	Yes	No	No	soil	Yes	Yes	No	No	No	No	No	No	No	No	No
SRR16974409	yHMPu5000034973_danielozyma_ontarioensis_160519	34973	Serinales	Danielozyma ontarioensis	Standard	Standard	0	0.172282362333699	0	0.188350144529087	Yes	Yes	Yes	Yes	Yes	Yes	Yes	Yes	Yes	Yes	Yes	Yes	Yes	Yes	Yes	Yes	Yes	Yes	Yes	Yes	Yes	Yes	Yes	Yes	Yes	No	Yes	Yes	Yes	frass tunnels of insect larvae, in dead Picea sp. (spruce tree)	Yes	Yes	No	No	No	No	Yes	No	Yes	Yes	Yes
SRR16974408	yHMPu5000034974_deakozyma_indianensis_160519	34974	Dipodascales	Deakozyma indianensis	Standard	Generalist	0	1.18894754303799	0	0.923129977499712	NA	NA	NA	NA	NA	NA	NA	NA	NA	NA	NA	NA	NA	NA	NA	NA	NA	NA	NA	NA	NA	NA	NA	NA	NA	NA	NA	NA	NA	eggs of an unidentified insect	Yes	Yes	No	No	No	No	Yes	No	Yes	Yes	Yes
SRR16989092	yHMPu5000041824_debaryomyces_subglobosus_160928	41824	Serinales	Debaryomyces subglobosus	Standard	Standard	0.480265097342609	0.632409245542507	0.208948577436347	2.29944440359333	Yes	Yes	Yes	Yes	Yes	Yes	Yes	Yes	Yes	Yes	Yes	Yes	Yes	Yes	Yes	Yes	Yes	Yes	Yes	Yes	Yes	No	Yes	Yes	Yes	Yes	Yes	Yes	Yes	infected nail, of 12-year-old girl	Yes	Yes	No	No	No	No	Yes	No	No	No	No
SRR16974369	yHAB154_kazachstania_transvaalensis_160519	yHAB154	Saccharomycetales	Grigorovia transvaalensis	Specialist	Specialist	0.684946029970822	0	0.42133974633488	0	Yes	Yes	Yes	No	Yes	No	No	NA	No	Yes	Yes	No	Yes	No	Yes	Yes	No	No	No	No	No	No	No	Yes	No	No	NA	No	No	soil	Yes	Yes	No	No	No	No	No	No	No	No	No
SRR16974690	yHAB166_kazachstania_yakushimaensis_160519	yHAB166	Saccharomycetales	Grigorovia yakushimaensis	NA	NA	NA	NA	NA	NA	Yes	Yes	Yes	No	No	No	Yes	Yes	No	No	Yes	No	No	No	No	Yes	No	No	No	No	No	No	No	No	No	No	No	No	No	rotting leaf	Yes	Yes	Yes	No	No	No	No	No	No	No	No
SRR16988881	yHMPu5000035691_candida_salmanticensis_160519	35691	Dipodascales	Groenewaldozyma salmanticensis	Standard	Standard	0.655348424085944	0	0	0.903399868545077	Yes	Yes	Yes	No	Yes	Yes	Yes	Yes	Yes	Yes	Yes	Yes	Yes	Yes	Yes	Yes	Yes	Yes	Yes	Yes	Yes	No	Yes	Yes	Yes	Yes	No	Yes	Yes	alpechín	Yes	Yes	No	No	No	No	No	No	No	No	No
SRR16974418	yHMPu5000034963_hanseniaspora_clermontiae_160519.haplomerger2	34963	Saccharomycodales	Hanseniaspora clermontiae	Specialist	Specialist	0	0	0	0	Yes	Yes	Yes	No	Yes	No	Yes	No	No	NA	NA	No	No	No	No	No	NA	Yes	Yes	No	No	No	No	Yes	Yes	No	No	No	No	rotting Clermontia sp.	Yes	Yes	Yes	Yes	Yes	Yes	No	Yes	No	No	No
SRR16988918	yHMPu5000035681_candida_gotoi_160519	35681	Serinales	Hyphopichia gotoi	Generalist	Standard	0.395021877962822	0.366607578268338	0.106230941083943	0.323895547661998	Yes	Yes	Yes	Yes	Yes	Yes	Yes	Yes	Yes	Yes	Yes	Yes	Yes	Yes	Yes	Yes	Yes	Yes	Yes	Yes	Yes	Yes	Yes	Yes	Yes	No	Yes	Yes	Yes	insect frass on Acer palmatum (Japanese maple)	Yes	Yes	No	No	No	No	Yes	No	Yes	Yes	Yes
SRR16988920	yHMPu5000035679_candida_rhagii_160613	35679	Serinales	Hyphopichia rhagii	Generalist	Standard	0.517492934485348	0.602176367787759	0.355905209960967	0.494011033036511	Yes	Yes	Yes	Yes	Yes	Yes	Yes	Yes	Yes	Yes	Yes	Yes	Yes	Yes	Yes	Yes	Yes	Yes	Yes	Yes	Yes	No	Yes	Yes	Yes	Yes	No	Yes	Yes	Harpium inquisitor (cerambycid beetle), female	Yes	Yes	No	No	No	No	Yes	No	Yes	Yes	Yes
SRR16974713	yHAB164_kazachstania_aerobia_160519	yHAB164	Saccharomycetales	Kazachstania aerobia	Specialist	Specialist	0.505327039898526	0.334735381514666	0	0	Yes	NA	NA	NA	NA	NA	NA	Yes	NA	NA	NA	NA	NA	NA	NA	NA	NA	NA	NA	NA	NA	NA	NA	NA	NA	NA	No	NA	NA	corn silage	Yes	Yes	No	No	No	No	No	No	No	No	No
SRR16974487	yHAB136_kazachstania_bromeliacearum_160519	yHAB136	Saccharomycetales	Kazachstania bromeliacearum	Specialist	Specialist	1.27912664136182	0	0	0	Yes	Yes	Yes	No	Yes	No	Yes	NA	No	No	Yes	Yes	No	No	Yes	Yes	No	No	No	No	No	No	No	No	No	No	NA	No	No	water in tank of Quesnelia quesneliana	Yes	Yes	No	No	No	No	No	No	No	No	No
SRR16974644	yHAB148_kazachstania_intestinalis_160519	yHAB148	Saccharomycetales	Kazachstania intestinalis	Standard	Specialist	0.68815143335817	0.315402484446474	0.230824461833987	0	Yes	Yes	Yes	Yes	No	No	No	Yes	No	Yes	Yes	Yes	Yes	No	Yes	Yes	No	No	No	No	No	No	No	Yes	No	No	NA	No	No	gut of passalid beetle Odontotaenius disjunctus on rotten log	Yes	Yes	No	No	No	No	Yes	No	Yes	Yes	Yes
SRR16974275	yHAB160_kazachstania_kunashirensis_160519	yHAB160	Saccharomycetales	Kazachstania kunashirensis	Standard	Specialist	0.769014200632966	0.359382919145738	0	0	Yes	Yes	Yes	Yes	No	No	No	Yes	No	Yes	Yes	No	Yes	No	Yes	Yes	No	No	No	No	No	No	No	No	No	No	No	No	No	soil	Yes	Yes	No	No	No	No	No	No	No	No	No
SRR16974537	yHAB132_kazachstania_martiniae_160519	yHAB132	Saccharomycetales	Kazachstania martiniae	Specialist	Specialist	0.682327496944482	0.176146200808072	0	0	Yes	Yes	No	No	No	No	No	NA	No	Yes	Yes	No	Yes	No	Yes	Yes	No	No	No	No	No	No	No	Yes	No	No	NA	No	No	fermenting mushroom	Yes	Yes	No	No	No	No	No	No	No	No	No
SRR16974573	yHAB153_kazachstania_rosinii_160519	yHAB153	Saccharomycetales	Kazachstania rosinii	NA	NA	NA	NA	NA	NA	NA	NA	NA	NA	NA	NA	NA	NA	NA	NA	NA	NA	NA	NA	NA	NA	NA	NA	NA	NA	NA	NA	NA	NA	NA	NA	NA	NA	NA	Unknown	NA	NA	NA	NA	NA	NA	NA	NA	NA	NA	NA
SRR16974521	yHAB143_kazachstania_siamensis_160519	yHAB143	Saccharomycetales	Kazachstania siamensis	Specialist	Specialist	1.3677474496944	0	0	0	Yes	Yes	No	No	No	No	No	Yes	No	No	Yes	No	Yes	No	NA	Yes	No	No	No	No	No	No	NA	No	NA	No	Yes	No	NA	soil	Yes	Yes	No	No	No	No	No	No	No	No	No
SRR16974358	yHAB155_kazachstania_spencerorum_160519	yHAB155	Saccharomycetales	Kazachstania spencerorum	Standard	Specialist	0.494601273882034	0.21416436361957	0.388829226900043	0	Yes	Yes	No	Yes	Yes	No	Yes	Yes	No	Yes	Yes	Yes	Yes	No	Yes	Yes	Yes	No	No	No	No	No	No	No	No	No	Yes	No	No	soil	Yes	Yes	No	No	No	No	No	No	No	No	No
SRR16974240	yHAB147_kazachstania_taianensis_160519	yHAB147	Saccharomycetales	Kazachstania taianensis	NA	NA	NA	NA	NA	NA	Yes	Yes	No	No	No	NA	No	Yes	No	Yes	Yes	No	No	No	NA	Yes	No	No	No	No	No	No	NA	NA	NA	No	NA	No	No	soil	Yes	Yes	No	No	No	No	No	No	No	No	No
SRR16974498	yHAB133_kazachstania_unispora_160519	yHAB133	Saccharomycetales	Kazachstania unispora	Specialist	Standard	0.707824658164181	0.407416746102723	0	0	Yes	Yes	Yes	No	Yes	No	Yes	NA	No	Yes	Yes	No	No	No	No	Yes	No	No	No	No	No	No	No	No	No	No	NA	No	No	unknown substrate	NA	NA	NA	NA	NA	NA	NA	NA	NA	NA	NA
SRR16974284	yHMPu5000034709_kluyveromyces_aestuarii_160519	34709	Saccharomycetales	Kluyveromyces aestuarii	Standard	Standard	0.283130339630342	0.334890003419255	0.201789343024705	0.153998024877772	Yes	Yes	Yes	Yes	Yes	Yes	Yes	Yes	Yes	Yes	Yes	Yes	No	No	No	Yes	Yes	Yes	Yes	Yes	No	No	Yes	No	Yes	Yes	Yes	No	Yes	mud of estuary	Yes	Yes	No	No	No	No	No	No	No	No	No
SRR16974283	yHMPu5000034710_kluyveromyces_dobzhanskii_160519	34710	Saccharomycetales	Kluyveromyces dobzhanskii	Generalist	Standard	0.236505663370348	0.223184902585689	0.125045988943095	0.403153666423531	Yes	Yes	Yes	Yes	Yes	Yes	Yes	Yes	Yes	Yes	Yes	Yes	Yes	Yes	Yes	Yes	Yes	Yes	Yes	Yes	No	Yes	Yes	No	Yes	Yes	Yes	Yes	Yes	Drosophila pseudoobscura (fruit fly)	Yes	Yes	No	No	No	No	Yes	No	Yes	Yes	Yes
SRR16974729	yHMPu5000034742_lipomyces_suomiensis_160519	34742	Lipomycetales	Kockiozyma suomiensis	Standard	Generalist	0.791257759377925	NA	0.806791448877463	NA	Yes	Yes	Yes	Yes	Yes	Yes	Yes	Yes	Yes	Yes	No	Yes	No	Yes	Yes	Yes	No	Yes	Yes	No	Yes	Yes	Yes	Yes	Yes	Yes	Yes	No	No	skin lesion of cow, infected with Trichophyton verrucosum	Yes	Yes	No	No	No	No	Yes	No	No	No	No
SRR16988922	yHMPu5000035677_kodamaea_ohmeri_160519	35677	Serinales	Kodamaea ohmeri	Generalist	Standard	0.258653790185236	0.323858728763025	0.154298934379751	0.438274598284423	Yes	Yes	Yes	Yes	Yes	Yes	Yes	Yes	Yes	Yes	Yes	Yes	Yes	Yes	Yes	Yes	Yes	Yes	Yes	Yes	Yes	Yes	No	Yes	Yes	Yes	Yes	No	Yes	cucumber brine	Yes	Yes	No	No	No	No	No	No	No	No	No
SRR16974368	yHMPu5000034648_candida_restingae_160519	34648	Serinales	Kodamaea restingae	Generalist	Standard	0.54229103873695494	0.897613112190331	0.440637709565187	0.597823913995678	Yes	Yes	Yes	Yes	Yes	Yes	Yes	Yes	Yes	Yes	Yes	Yes	Yes	Yes	Yes	Yes	Yes	Yes	Yes	Yes	Yes	Yes	Yes	No	Yes	Yes	Yes	Yes	Yes	flower of Cereus pernambucensis (cactus)	Yes	Yes	Yes	Yes	Yes	Yes	No	Yes	No	No	No
SRR16974508	yHMPu5000026274_komagataella_populi_160519	26274	Pichiales	Komagataella populi	Standard	Standard	0	0.701298515015335	0.407669735756475	0	Yes	Yes	NA	Yes	NA	Yes	NA	NA	Yes	Yes	Yes	Yes	Yes	No	NA	No	No	No	No	No	No	No	NA	No	NA	No	NA	No	No	exudate cottonwood tree( Populus deltoides)	Yes	Yes	Yes	Yes	Yes	Yes	No	Yes	No	No	No
SRR16988925	yHMPu5000035674_kregervanrija_delftensis_160613	35674	Pichiales	Kregervanrija delftensis	NA	NA	NA	NA	NA	NA	Yes	Yes	Yes	No	Yes	Yes	Yes	No	Yes	Yes	Yes	Yes	No	No	No	No	No	No	No	No	Yes	No	No	No	No	No	No	No	No	cider	Yes	Yes	No	No	No	No	No	No	No	No	No
SRR16988924	yHMPu5000035675_kregervanrija_fluxuum_160613	35675	Pichiales	Kregervanrija fluxuum	Specialist	Standard	0	0	0	0	Yes	Yes	Yes	No	Yes	Yes	Yes	Yes	Yes	Yes	Yes	Yes	No	No	No	No	No	No	No	No	Yes	No	No	No	No	No	No	No	No	sap of Quercus kelloggii (black oak)	Yes	Yes	Yes	Yes	Yes	Yes	No	Yes	No	No	No
SRR16974444	yHMPu5000034933_kuraishia_molischiana_160519	34933	Pichiales	Kuraishia molischiana	Standard	Generalist	0	0.500677174706997	0.319394955860581	0.682352416970618	NA	NA	NA	NA	NA	NA	NA	NA	NA	NA	NA	NA	NA	NA	NA	NA	NA	NA	NA	NA	NA	NA	NA	NA	NA	NA	NA	NA	NA	rotten wood of European beech (Fagus sylvatica)	Yes	Yes	Yes	Yes	Yes	Yes	No	Yes	No	No	No
SRR16974445	yHMPu5000034932_kuraishia_ogatae_160519	34932	Pichiales	Kuraishia ogatae	Standard	Standard	0	0.437264226330809	0	0	Yes	Yes	Yes	Yes	Yes	Yes	Yes	Yes	Yes	Yes	Yes	Yes	Yes	Yes	Yes	Yes	Yes	Yes	No	Yes	Yes	No	Yes	Yes	No	Yes	Yes	Yes	Yes	rotten wood of oak (Quercus sp., Fagaceae)	Yes	Yes	Yes	Yes	Yes	Yes	No	Yes	No	No	No
SRR16974714	yHMPu5000034758_lipomyces_japonicus_160519	34758	Lipomycetales	Lipomyces japonicus	Generalist	Standard	0.822358504155188	1.03319272879051	0.941184616902715	0	Yes	Yes	Yes	Yes	Yes	Yes	Yes	Yes	Yes	No	No	No	No	Yes	Yes	Yes	Yes	Yes	Yes	No	Yes	Yes	Yes	No	No	Yes	No	No	No	soil of garden	Yes	Yes	No	No	No	No	No	No	No	No	No
SRR16974721	yHMPu5000034749_lipomyces_mesembrius_160519	34749	Lipomycetales	Lipomyces mesembrius	NA	NA	NA	NA	NA	NA	Yes	Yes	Yes	No	Yes	Yes	Yes	No	Yes	Yes	No	Yes	No	No	No	No	No	No	No	No	No	Yes	No	No	No	No	No	No	No	soil	Yes	Yes	No	No	No	No	No	No	No	No	No
SRR16974722	yHMPu5000034748_lipomyces_oligophaga_160519	34748	Lipomycetales	Lipomyces oligophaga	Specialist	Standard	NA	NA	NA	NA	Yes	Yes	Yes	Yes	Yes	Yes	Yes	Yes	No	Yes	No	Yes	No	Yes	Yes	Yes	No	No	No	No	No	No	Yes	Yes	No	No	No	No	No	frass of bark beetle infesting moribund Ficus tripoda	Yes	Yes	No	No	No	No	Yes	No	Yes	Yes	Yes
SRR16974711	yHMPu5000034760_lipomyces_kononenkoae_160519	34760	Lipomycetales	Lipomyces sp.	NA	NA	NA	NA	NA	NA	Yes	Yes	Yes	No	Yes	Yes	Yes	Yes	Yes	Yes	No	No	Yes	No	Yes	Yes	Yes	Yes	Yes	Yes	No	Yes	Yes	Yes	Yes	Yes	No	Yes	Yes	soil of grassland	Yes	Yes	No	No	No	No	No	No	No	No	No
SRR16988939	yHMPu5000035662_meyerozyma_caribbica_160613	35662	Serinales	Meyerozyma caribbica	Generalist	Standard	0.80758012996993	0.641772141615351	0.17798562856811	0.367822272530057	Yes	Yes	NA	NA	NA	Yes	NA	NA	Yes	Yes	Yes	Yes	Yes	Yes	NA	Yes	Yes	Yes	NA	Yes	NA	Yes	NA	No	Yes	Yes	NA	Yes	Yes	Saccharum officinarum	Yes	Yes	Yes	Yes	Yes	Yes	No	Yes	No	No	No
SRR16988935	yHMPu5000035665_middelhovenomyces_tepae_160613	35665	Dipodascales	Middelhovenomyces tepae	NA	NA	NA	NA	NA	NA	Yes	Yes	No	Yes	Yes	Yes	No	No	Yes	Yes	No	Yes	Yes	Yes	No	Yes	Yes	Yes	No	Yes	Yes	No	No	No	No	Yes	No	No	No	rotting trunk of Laurelia phillipiana	Yes	Yes	Yes	Yes	Yes	Yes	No	Yes	No	No	No
SRR16974576	yHMPu5000034635_nadsonia_fulvescens_160519	34635	Dipodascales	Nadsonia fulvescens var. fulvescens	NA	NA	NA	NA	NA	NA	Yes	Yes	Yes	Yes	Yes	Yes	No	No	Yes	Yes	Yes	Yes	No	No	Yes	Yes	Yes	No	No	Yes	Yes	No	No	No	No	Yes	No	No	Yes	exudate of Quercus sp. (oak tree)	Yes	Yes	Yes	Yes	Yes	Yes	No	Yes	No	No	No
SRR16974459	yHMPu5000034918_nakazawaea_holstii_160519	34918	Alaninales	Nakazawaea holstii	Standard	Generalist	0.373610575859161	0.40445275505328	0.276203461319886	0.222931167137064	Yes	Yes	Yes	Yes	Yes	Yes	Yes	Yes	Yes	Yes	Yes	Yes	Yes	Yes	Yes	Yes	Yes	Yes	Yes	Yes	Yes	Yes	Yes	No	Yes	Yes	Yes	Yes	Yes	frass on Picea sp. (yellow spruce)	Yes	Yes	No	No	No	No	Yes	No	Yes	Yes	Yes
SRR16974373	yHMPu5000026124_ogataea_henricii_160519	26124	Pichiales	Ogataea henricii	NA	NA	NA	NA	NA	NA	Yes	Yes	Yes	Yes	Yes	Yes	Yes	Yes	Yes	Yes	Yes	No	Yes	Yes	Yes	No	No	Yes	Yes	No	Yes	Yes	Yes	No	Yes	No	Yes	No	No	droppings of bird	Yes	Yes	No	No	No	No	Yes	No	No	No	No
SRR16974476	yHMPu5000034899_ogataea_kodamae_160519	34899	Pichiales	Ogataea kodamae	Standard	Standard	0	0.999827100570618	0.501793779097005	0	Yes	Yes	Yes	Yes	Yes	Yes	Yes	Yes	Yes	Yes	Yes	Yes	No	Yes	Yes	No	No	Yes	Yes	No	Yes	Yes	Yes	No	Yes	No	Yes	No	No	rotting Euphorbia ingens (spurge), infested with larvae of cerambycid beetles	Yes	Yes	Yes	Yes	Yes	Yes	No	Yes	No	No	No
SRR16974473	yHMPu5000034902_ogataea_minuta_160519	34902	Pichiales	Ogataea minuta	Standard	Generalist	0	0.588705169955561	0.681970041080054	0	Yes	Yes	Yes	Yes	Yes	Yes	Yes	Yes	Yes	Yes	Yes	Yes	Yes	No	Yes	No	No	Yes	Yes	Yes	Yes	Yes	Yes	Yes	Yes	Yes	Yes	No	No	fermenting Mycena pura (fungus)	Yes	Yes	No	No	No	No	No	No	No	No	No
SRR16974471	yHMPu5000034903_ogataea_naganishii_160519	34903	Pichiales	Ogataea naganishii	Standard	Standard	0.04992406668872	0.53226307567237	0.364358504948644	0.256508204591887	Yes	Yes	Yes	Yes	Yes	Yes	Yes	Yes	Yes	Yes	Yes	No	Yes	Yes	Yes	Yes	Yes	Yes	Yes	Yes	Yes	Yes	Yes	No	Yes	No	Yes	Yes	No	exudate of Camellia japonica	Yes	Yes	Yes	Yes	Yes	Yes	No	Yes	No	No	No
SRR16974677	yHMPu5000034893_ogataea_philodendra_160519	34893	Pichiales	Ogataea philodendri	Standard	Standard	0	0.641367192947862	0.416629353953299	0	Yes	Yes	Yes	Yes	Yes	Yes	Yes	Yes	Yes	Yes	Yes	Yes	Yes	Yes	Yes	No	No	No	No	No	Yes	Yes	Yes	No	No	Yes	Yes	No	No	frass in tunnel of Xylion adustus (beetle), in moribund Ficus sycomorus	Yes	Yes	No	No	No	No	Yes	No	Yes	Yes	Yes
SRR16974678	yHMPu5000034892_ogataea_pilisensis_160519	34892	Pichiales	Ogataea pilisensis	Standard	Standard	0	0	0.0736255922913018	0	Yes	Yes	Yes	No	Yes	Yes	Yes	Yes	No	NA	Yes	No	No	Yes	No	No	Yes	Yes	Yes	No	Yes	No	Yes	No	Yes	No	No	No	No	rotten wood of Quercus sp.	Yes	Yes	Yes	Yes	Yes	Yes	No	Yes	No	No	No
SRR16974680	yHMPu5000034891_ogataea_pini_160519	34891	Pichiales	Ogataea pini	Specialist	Specialist	0	0	0	0	Yes	Yes	No	Yes	Yes	Yes	No	Yes	Yes	Yes	No	No	Yes	Yes	Yes	Yes	No	Yes	Yes	No	Yes	No	Yes	Yes	Yes	No	Yes	No	No	Dendroctonus brevicomis (bark beetle), in Pinus ponderosa (ponderosa pine)	Yes	Yes	No	No	No	No	Yes	No	Yes	Yes	Yes
SRR16974681	yHMPu5000034890_ogataea_ramenticola_160519	34890	Pichiales	Ogataea ramenticola	Standard	Generalist	0.954095745193022	0.409868974627663	0.680564581849107	0	Yes	Yes	Yes	Yes	Yes	Yes	Yes	Yes	Yes	Yes	Yes	Yes	No	Yes	Yes	Yes	No	No	No	No	Yes	No	Yes	No	No	No	Yes	No	No	tunnel of insect in Pinus palustris (long-leaf pine tree)	Yes	Yes	No	No	No	No	Yes	No	Yes	Yes	Yes
SRR16974683	yHMPu5000034887_ogataea_trehaloabstinens_160519	34887	Pichiales	Ogataea trehaloabstinens	Standard	Generalist	0	0.909384029725925	0.371090436828897	0	Yes	NA	NA	NA	NA	NA	NA	Yes	NA	NA	No	NA	NA	NA	NA	NA	NA	NA	NA	NA	NA	NA	NA	NA	NA	NA	Yes	NA	NA	exudate of Quercus sp. (oak tree)	Yes	Yes	Yes	Yes	Yes	Yes	No	Yes	No	No	No
SRR16974684	yHMPu5000034886_ogataea_trehalophila_160519	34886	Pichiales	Ogataea trehalophila	Standard	Standard	0	0.398915854086531	0.229006287063598	0	Yes	Yes	Yes	Yes	Yes	Yes	Yes	Yes	Yes	Yes	Yes	Yes	Yes	Yes	Yes	No	No	No	No	No	Yes	No	Yes	No	No	Yes	Yes	No	No	slime flux of Populus trichocarpa (black cotton-wood)	Yes	Yes	Yes	Yes	Yes	Yes	No	Yes	No	No	No
SRR16974685	yHMPu5000034885_ogataea_zsoltii_160519	34885	Pichiales	Ogataea zsoltii	Standard	Standard	0	0.49408926407016	0.350664521750302	0	Yes	Yes	Yes	Yes	Yes	Yes	No	Yes	No	NA	Yes	No	Yes	Yes	No	No	No	No	Yes	Yes	Yes	No	Yes	No	Yes	Yes	Yes	No	No	rotten railway-sleeper	Yes	Yes	Yes	Yes	Yes	Yes	No	No	No	No	No
SRR16974686	yHMPu5000034884_peterozyma_toletana_160519	34884	Alaninales	Peterozyma toletana	Standard	Specialist	0	0	0.221038765520956	0.07977733685256	Yes	Yes	Yes	Yes	Yes	Yes	Yes	Yes	Yes	Yes	Yes	Yes	Yes	Yes	Yes	No	Yes	Yes	Yes	Yes	No	Yes	No	Yes	Yes	No	No	Yes	Yes	tanning fluid, prepared extract of evergreen oak	Yes	Yes	No	No	No	No	No	No	No	No	No
SRR16988929	yHMPu5000035671_phaffomyces_antillensis_160613	35671	Phaffomycetales	Phaffomyces antillensis	Standard	Standard	0	1.02927913607102	0.915586366895702	0	Yes	Yes	Yes	Yes	Yes	No	Yes	Yes	Yes	Yes	No	Yes	No	No	Yes	No	No	No	No	No	No	Yes	No	No	No	No	Yes	No	No	Cephalocereus royenii (columnar cactus)	Yes	Yes	Yes	Yes	Yes	Yes	No	Yes	No	No	No
SRR16988930	yHMPu5000035670_phaffomyces_opuntiae_160613	35670	Phaffomycetales	Phaffomyces opuntiae	Standard	Standard	0	1.07311584976813	0.688302707575694	0	Yes	Yes	Yes	Yes	Yes	No	Yes	NA	Yes	Yes	No	Yes	No	No	No	No	No	Yes	Yes	No	No	Yes	No	No	Yes	No	NA	No	No	Opuntia inermis (prickly-pear cactus)	Yes	Yes	Yes	Yes	Yes	Yes	No	Yes	No	No	No
SRR16988928	yHMPu5000035672_phaffomyces_thermotolerans_160613	35672	Phaffomycetales	Phaffomyces thermotolerans	Standard	Standard	0	1.26415983170946	0.90244064738011	0	Yes	Yes	Yes	Yes	Yes	Yes	Yes	Yes	Yes	Yes	No	Yes	No	No	Yes	No	No	Yes	Yes	No	No	No	No	No	Yes	No	Yes	No	No	Lophocereus schottii (senita cactus)	Yes	Yes	Yes	Yes	Yes	Yes	No	Yes	No	No	No
SRR16988927	yHMPu5000035296_priceomyces_carsonii_160928	35296	Serinales	Priceomyces carsonii	Standard	Standard	0.704069386892175	0.847283982100259	0.456585923734302	0.860992813153626	Yes	Yes	Yes	Yes	Yes	Yes	Yes	Yes	Yes	Yes	No	Yes	Yes	Yes	No	Yes	Yes	Yes	Yes	Yes	Yes	Yes	Yes	Yes	Yes	Yes	Yes	Yes	Yes	slime flux of Quercus kelloggii (black oak)	Yes	Yes	Yes	Yes	Yes	Yes	No	Yes	No	No	No
SRR16974630	yHMPu5000034610_saturnispora_hagleri_160519	34610	Pichiales	Saturnispora hagleri	Standard	Standard	0	0.246629956984352	0.0611577577399074	0.113703555129101	NA	NA	NA	NA	NA	NA	NA	NA	NA	NA	NA	NA	NA	NA	NA	NA	NA	NA	NA	NA	NA	NA	NA	NA	NA	NA	NA	NA	NA	crop of Drosophila cardinae, Rio de Janeiro State, Brazil	Yes	Yes	No	No	No	No	Yes	No	Yes	Yes	Yes
SRR16974625	yHMPu5000034615_saturnispora_zaruensis_160519	34615	Pichiales	Saturnispora zaruensis	Specialist	Standard	0	0.30448503998138	0	0	Yes	Yes	Yes	No	Yes	Yes	Yes	Yes	Yes	Yes	Yes	Yes	Yes	No	No	No	No	No	No	No	Yes	No	No	No	No	No	No	No	No	exudate of Quercus serrata (oak tree)	Yes	Yes	Yes	Yes	Yes	Yes	No	Yes	No	No	No
SRR16974670	yHMPu5000035018_candida_canberraensis_160519	35018	Serinales	Suhomyces canberraensis	Standard	Standard	0.26713267563129	0.308512287627788	0.106578970689808	0.526486186228586	Yes	Yes	Yes	Yes	Yes	Yes	Yes	NA	Yes	NA	NA	Yes	Yes	Yes	Yes	Yes	Yes	Yes	Yes	Yes	Yes	Yes	Yes	Yes	Yes	No	NA	Yes	Yes	soil	Yes	Yes	No	No	No	No	No	No	No	No	No
SRR16974665	yHMPu5000035022_candida_emberorum_160519	35022	Serinales	Suhomyces emberorum	Standard	Standard	0.318382926198488	0.545204848430702	0	0.816474609355949	Yes	NA	NA	NA	NA	NA	NA	Yes	NA	NA	Yes	NA	NA	NA	NA	NA	NA	NA	NA	NA	NA	NA	NA	NA	NA	NA	Yes	NA	NA	Triplax alvarengai, Erotylidae	Yes	Yes	No	No	No	No	Yes	No	Yes	Yes	Yes
SRR16974318	yHMPu5000035011_candida_pyralidae_160519	35011	Serinales	Suhomyces pyralidae	Standard	Standard	0.373471504331452	0.55093725329442	0.718215478337178	0	Yes	Yes	Yes	Yes	Yes	Yes	Yes	Yes	Yes	Yes	Yes	Yes	Yes	Yes	Yes	Yes	No	No	No	No	Yes	Yes	No	Yes	No	Yes	Yes	No	No	frass of Pyralidae larvae	Yes	Yes	No	No	No	No	Yes	No	Yes	Yes	Yes
SRR16974694	yHMPu5000034875_tetrapisispora_fleetii_160519	34875	Saccharomycetales	Tetrapisispora fleetii	Specialist	Specialist	0.274431307490546	0.196372050689342	0	0	Yes	Yes	No	No	No	No	No	NA	No	NA	NA	No	No	No	Yes	Yes	No	No	No	No	No	No	No	No	No	No	NA	No	No	food	Yes	Yes	No	No	No	No	No	No	No	No	No
SRR16974692	yHMPu5000034877_tetrapisispora_namnaonensis_160519	34877	Saccharomycetales	Tetrapisispora namnaoensis	Specialist	Specialist	0.353395469419541	0.166102251029392	0	0	NA	NA	NA	NA	NA	NA	NA	NA	NA	NA	NA	NA	NA	NA	NA	NA	NA	NA	NA	NA	NA	NA	NA	NA	NA	NA	NA	NA	NA	forest soil	Yes	Yes	No	No	No	No	No	No	No	No	No
SRR16974654	yHMPu5000035033_candida_cretensis_160519	35033	Serinales	Teunomyces cretensis	Generalist	Standard	0.675025820002149	0.29237582506083	0.301681081574064	0.344872850074468	Yes	Yes	Yes	Yes	Yes	Yes	Yes	Yes	Yes	Yes	Yes	Yes	Yes	Yes	Yes	Yes	Yes	Yes	Yes	Yes	Yes	Yes	Yes	Yes	Yes	Yes	No	Yes	Yes	rotten mushroom (Inonotus tamaricis (Pat.) Maire)	Yes	Yes	No	No	No	No	No	No	No	No	No
SRR16974655	yHMPu5000035032_candida_gatunensis_160519	35032	Serinales	Teunomyces gatunensis	Standard	Standard	0.331427533605543	0.919238688359947	0.22983616544811	0.427563879842884	Yes	Yes	Yes	Yes	Yes	Yes	Yes	Yes	Yes	Yes	Yes	Yes	Yes	Yes	Yes	Yes	Yes	Yes	Yes	Yes	Yes	Yes	Yes	Yes	Yes	No	NA	No	Yes	gut of Pallodes sp. (Coleoptera, Nitidulidae) ex: Hydropus sp.	Yes	Yes	No	No	No	No	Yes	No	Yes	Yes	Yes
SRR16988982	yHMPu5000035652_torulaspora_maleeae_160613	35652	Saccharomycetales	Torulaspora maleeae	Standard	Standard	0.502709006648733	0.310892011758288	0.119181681779026	0.607710479047018	Yes	Yes	Yes	Yes	No	Yes	No	NA	Yes	Yes	Yes	NA	Yes	No	NA	Yes	Yes	No	No	Yes	No	NA	Yes	Yes	NA	No	NA	Yes	Yes	leaf Rhizophora mucronata	Yes	Yes	Yes	Yes	Yes	Yes	No	Yes	No	No	No
SRR16988984	yHMPu5000035650_trigonopsis_variabilis_160613	35650	Trigonopsidales	Trigonopsis variabilis	Standard	Standard	0.366358685246228	0.722317873685628	1.84305284081279	0	Yes	Yes	No	Yes	Yes	Yes	Yes	Yes	Yes	Yes	No	Yes	Yes	Yes	Yes	Yes	No	No	No	No	No	Yes	Yes	No	No	Yes	Yes	No	No	beer	Yes	Yes	No	No	No	No	No	No	No	No	No
SRR16974553	yHMPu5000035271_wickerhamomyces_bovis_160928	35271	Phaffomycetales	Wickerhamomyces bovis	Standard	Standard	0	0.453905349846899	0.253854390394298	0.308929693150914	Yes	Yes	Yes	Yes	Yes	Yes	Yes	Yes	Yes	Yes	Yes	Yes	Yes	Yes	Yes	No	Yes	Yes	Yes	Yes	No	Yes	Yes	Yes	Yes	No	Yes	Yes	Yes	caecum of cow	Yes	Yes	No	No	No	No	Yes	No	No	No	No
SRR16989041	yHMPu5000035639_wickerhamomyces_canadensis_160613	35639	Phaffomycetales	Wickerhamomyces canadensis	Standard	Generalist	0	0.305825135499594	0.967958872307069	0.267695454677331	Yes	Yes	Yes	Yes	Yes	Yes	Yes	Yes	Yes	Yes	No	Yes	Yes	Yes	Yes	No	Yes	Yes	Yes	Yes	No	Yes	Yes	Yes	Yes	No	Yes	Yes	Yes	insect frass on Pinus resinosa (red pine)	Yes	Yes	No	No	No	No	Yes	No	Yes	Yes	Yes
SRR16974556	yHMPu5000035268_wickerhamomyces_hampshirensis_160928	35268	Phaffomycetales	Wickerhamomyces hampshirensis	Standard	Standard	0	0.44266208296624	0.263160535924705	0.342834880674109	Yes	Yes	Yes	Yes	Yes	Yes	Yes	Yes	Yes	Yes	Yes	Yes	Yes	Yes	Yes	No	Yes	Yes	Yes	Yes	No	Yes	Yes	Yes	Yes	No	Yes	Yes	Yes	frass on dead cut Quercus sp. (oak tree)	Yes	Yes	No	No	No	No	Yes	No	Yes	Yes	Yes
SRR16989003	yHMPu5000035640_yamadazyma_philogaea_160519	35640	Serinales	Yamadazyma philogaea	Standard	Standard	0.321260427586143	1.10834378783078	0.233062120306852	0.569701869752918	Yes	Yes	No	Yes	Yes	Yes	Yes	Yes	Yes	Yes	Yes	Yes	Yes	Yes	Yes	Yes	Yes	Yes	Yes	Yes	Yes	Yes	Yes	Yes	Yes	Yes	Yes	Yes	Yes	soil, of grassland	Yes	Yes	No	No	No	No	No	No	No	No	No
SRR16988993	yHMPu5000035641_yamadazyma_scolyti_160613	35641	Serinales	Yamadazyma scolyti	Standard	Standard	0.734019642483079	0.707392260466363	1.0687085437846	1.09048149388006	Yes	Yes	Yes	Yes	Yes	Yes	Yes	Yes	Yes	Yes	Yes	Yes	Yes	Yes	Yes	Yes	Yes	Yes	Yes	Yes	Yes	Yes	Yes	Yes	Yes	No	Yes	Yes	Yes	frass of Scolytus ventralis (bark beetle) in Abies concolor (red fir)	Yes	Yes	No	No	No	No	Yes	No	Yes	Yes	Yes
SRR16974610	yHMPu5000035242_zygoascus_ofunaensis_160928	35242	Dipodascales	Zygoascus ofunaensis	Standard	Standard	0.864978988575873	0.546026801085348	0.416285497209333	0.281832255020063	NA	NA	NA	NA	NA	NA	NA	NA	NA	NA	NA	NA	NA	NA	NA	NA	NA	NA	NA	NA	NA	NA	NA	NA	NA	NA	NA	NA	NA	soil	Yes	Yes	No	No	No	No	No	No	No	No	No
SRR16974704	yHMPu5000034866_zygosaccharomyces_bisporus_160519	34866	Saccharomycetales	Zygosaccharomyces bisporus	Specialist	Standard	0	0	0.165597104251911	0	Yes	Yes	Yes	Yes	Yes	No	Yes	NA	No	Yes	Yes	No	No	No	Yes	Yes	No	No	No	No	Yes	No	Yes	No	No	Yes	NA	No	No	uncertain origin	NA	NA	NA	NA	NA	NA	NA	NA	NA	NA	NA
SRR16974705	yHMPu5000034865_zygosaccharomyces_kombuchaensis_160519	34865	Saccharomycetales	Zygosaccharomyces kombuchaensis	Specialist	Standard	0.261492976728401	0	0	0.183707597407899	Yes	Yes	Yes	Yes	Yes	Yes	Yes	NA	Yes	NA	NA	No	No	Yes	Yes	Yes	Yes	Yes	No	Yes	Yes	No	Yes	Yes	No	Yes	NA	No	No	dried tea fungus (Kombucha tea)	Yes	Yes	No	No	No	No	No	No	No	No	No
SRR16974419	yHMPu5000034962_hanseniaspora_guilliermondii_170307	34962	Saccharomycodales	Hanseniaspora guilliermondii	NA	NA	NA	NA	NA	NA	Yes	Yes	Yes	No	Yes	No	Yes	Yes	No	No	Yes	No	No	No	Yes	No	No	Yes	Yes	No	No	No	No	Yes	Yes	No	Yes	No	No	infected nail	Yes	Yes	No	No	No	No	Yes	No	No	No	No
SRR16988880	yHMPu5000035692_hanseniaspora_jakobsenii_160519.haplomerger2	35692	Saccharomycodales	Hanseniaspora jakobsenii	Specialist	Standard	0	0.879666395701587	0	0	NA	NA	NA	NA	NA	NA	NA	NA	NA	NA	NA	NA	NA	NA	NA	NA	NA	NA	NA	NA	NA	NA	NA	NA	NA	NA	NA	NA	NA	Palm wine	Yes	Yes	No	No	No	No	No	No	No	No	No
SRR16974420	yHMPu5000034961_hanseniaspora_lachancei_170307.haplomerger2	34961	Saccharomycodales	Hanseniaspora lachancei	Specialist	Standard	NA	NA	NA	NA	Yes	Yes	Yes	No	Yes	No	Yes	Yes	No	NA	NA	No	No	No	Yes	No	NA	Yes	Yes	No	No	No	No	Yes	Yes	No	Yes	No	No	fermenting agave juice	Yes	Yes	No	No	No	No	No	No	No	No	No
SRR16974422	yHMPu5000034959_hanseniaspora_occidentalis_var_occidentalis_170307	34959	Saccharomycodales	Hanseniaspora occidentalis var. occidentalis	NA	NA	NA	NA	NA	NA	Yes	Yes	Yes	Yes	Yes	No	Yes	Yes	No	No	Yes	No	No	No	Yes	No	Yes	Yes	Yes	No	No	No	No	No	Yes	No	Yes	No	No	soil	Yes	Yes	No	No	No	No	No	No	No	No	No
SRR16974623	yHMPu5000034617_spathaspora_passalidarum_170713	34617	Serinales	Spathaspora passalidarum	Standard	Standard	0.812862374521808	0	0	0.666250155471769	Yes	Yes	Yes	Yes	Yes	Yes	Yes	Yes	Yes	Yes	Yes	Yes	Yes	Yes	Yes	Yes	Yes	Yes	Yes	Yes	Yes	Yes	Yes	Yes	Yes	No	Yes	Yes	Yes	gut of Odontotaenius disjunctus (Coleoptera, Passalidae)	Yes	Yes	No	No	No	No	Yes	No	Yes	Yes	Yes
