sample_name	Order	C14_Cellobiose_Saccharomycetales	C14_Cellobiose_Lipomycetales	C14_Cellobiose_Serinales	C14_Cellobiose_Pichiales	C14_Cellobiose_Dipodascales	C14_Cellobiose_Phaffomycetales	C14_Cellobiose_Trigonopsidales	C14_Cellobiose_Saccharomycodales	C14_Cellobiose_Alaninales	C14_Cellobiose_Alloascoideales	C14_Cellobiose_Sporopachydermiales	C14_Cellobiose_Ascoideales	C15_Salicin_Saccharomycetales	C15_Salicin_Lipomycetales	C15_Salicin_Serinales	C15_Salicin_Pichiales	C15_Salicin_Dipodascales	C15_Salicin_Phaffomycetales	C15_Salicin_Trigonopsidales	C15_Salicin_Saccharomycodales	C15_Salicin_Alaninales	C15_Salicin_Alloascoideales	C15_Salicin_Sporopachydermiales	C15_Salicin_Ascoideales	C5_D.Ribose_Saccharomycetales	C5_D.Ribose_Lipomycetales	C5_D.Ribose_Serinales	C5_D.Ribose_Pichiales	C5_D.Ribose_Dipodascales	C5_D.Ribose_Phaffomycetales	C5_D.Ribose_Trigonopsidales	C5_D.Ribose_Saccharomycodales	C5_D.Ribose_Alaninales	C5_D.Ribose_Alloascoideales	C5_D.Ribose_Sporopachydermiales	C5_D.Ribose_Ascoideales	C12_a_a.Trehalose_Saccharomycetales	C12_a_a.Trehalose_Lipomycetales	C12_a_a.Trehalose_Serinales	C12_a_a.Trehalose_Pichiales	C12_a_a.Trehalose_Dipodascales	C12_a_a.Trehalose_Phaffomycetales	C12_a_a.Trehalose_Trigonopsidales	C12_a_a.Trehalose_Saccharomycodales	C12_a_a.Trehalose_Alaninales	C12_a_a.Trehalose_Alloascoideales	C12_a_a.Trehalose_Sporopachydermiales	C12_a_a.Trehalose_Ascoideales	C26_Xylitol_Saccharomycetales	C26_Xylitol_Lipomycetales	C26_Xylitol_Serinales	C26_Xylitol_Pichiales	C26_Xylitol_Dipodascales	C26_Xylitol_Phaffomycetales	C26_Xylitol_Trigonopsidales	C26_Xylitol_Saccharomycodales	C26_Xylitol_Alaninales	C26_Xylitol_Alloascoideales	C26_Xylitol_Sporopachydermiales	C26_Xylitol_Ascoideales	C32_D.Glucono.1_5.lactone_Saccharomycetales	C32_D.Glucono.1_5.lactone_Lipomycetales	C32_D.Glucono.1_5.lactone_Serinales	C32_D.Glucono.1_5.lactone_Pichiales	C32_D.Glucono.1_5.lactone_Dipodascales	C32_D.Glucono.1_5.lactone_Phaffomycetales	C32_D.Glucono.1_5.lactone_Trigonopsidales	C32_D.Glucono.1_5.lactone_Saccharomycodales	C32_D.Glucono.1_5.lactone_Alaninales	C32_D.Glucono.1_5.lactone_Alloascoideales	C32_D.Glucono.1_5.lactone_Sporopachydermiales	C32_D.Glucono.1_5.lactone_Ascoideales	C38_DL.Lactate_Saccharomycetales	C38_DL.Lactate_Lipomycetales	C38_DL.Lactate_Serinales	C38_DL.Lactate_Pichiales	C38_DL.Lactate_Dipodascales	C38_DL.Lactate_Phaffomycetales	C38_DL.Lactate_Trigonopsidales	C38_DL.Lactate_Saccharomycodales	C38_DL.Lactate_Alaninales	C38_DL.Lactate_Alloascoideales	C38_DL.Lactate_Sporopachydermiales	C38_DL.Lactate_Ascoideales	C40_Citrate_Saccharomycetales	C40_Citrate_Lipomycetales	C40_Citrate_Serinales	C40_Citrate_Pichiales	C40_Citrate_Dipodascales	C40_Citrate_Phaffomycetales	C40_Citrate_Trigonopsidales	C40_Citrate_Saccharomycodales	C40_Citrate_Alaninales	C40_Citrate_Alloascoideales	C40_Citrate_Sporopachydermiales	C40_Citrate_Ascoideales	O1_Cycloheximide_0.01__Saccharomycetales	O1_Cycloheximide_0.01__Lipomycetales	O1_Cycloheximide_0.01__Serinales	O1_Cycloheximide_0.01__Pichiales	O1_Cycloheximide_0.01__Dipodascales	O1_Cycloheximide_0.01__Phaffomycetales	O1_Cycloheximide_0.01__Trigonopsidales	O1_Cycloheximide_0.01__Saccharomycodales	O1_Cycloheximide_0.01__Alaninales	O1_Cycloheximide_0.01__Alloascoideales	O1_Cycloheximide_0.01__Sporopachydermiales	O1_Cycloheximide_0.01__Ascoideales	at_37_C_Saccharomycetales	at_37_C_Lipomycetales	at_37_C_Serinales	at_37_C_Pichiales	at_37_C_Dipodascales	at_37_C_Phaffomycetales	at_37_C_Trigonopsidales	at_37_C_Saccharomycodales	at_37_C_Alaninales	at_37_C_Alloascoideales	at_37_C_Sporopachydermiales	at_37_C_Ascoideales	Serinales_any_resistance	Pichiales_any_resistance	Phaffomycetales_any_resistance	Saccharomycetales_any_resistance
SRR16974534	Saccharomycetales	No	NA	NA	NA	NA	NA	NA	NA	NA	NA	NA	NA	No	NA	NA	NA	NA	NA	NA	NA	NA	NA	NA	NA	No	NA	NA	NA	NA	NA	NA	NA	NA	NA	NA	NA	No	NA	NA	NA	NA	NA	NA	NA	NA	NA	NA	NA	No	NA	NA	NA	NA	NA	NA	NA	NA	NA	NA	NA	No	NA	NA	NA	NA	NA	NA	NA	NA	NA	NA	NA	No	NA	NA	NA	NA	NA	NA	NA	NA	NA	NA	NA	No	NA	NA	NA	NA	NA	NA	NA	NA	NA	NA	NA	No	NA	NA	NA	NA	NA	NA	NA	NA	NA	NA	NA	Yes	NA	NA	NA	NA	NA	NA	NA	NA	NA	NA	NA	NA	NA	NA	No
SRR16974533	Saccharomycetales	No	NA	NA	NA	NA	NA	NA	NA	NA	NA	NA	NA	No	NA	NA	NA	NA	NA	NA	NA	NA	NA	NA	NA	No	NA	NA	NA	NA	NA	NA	NA	NA	NA	NA	NA	No	NA	NA	NA	NA	NA	NA	NA	NA	NA	NA	NA	No	NA	NA	NA	NA	NA	NA	NA	NA	NA	NA	NA	No	NA	NA	NA	NA	NA	NA	NA	NA	NA	NA	NA	No	NA	NA	NA	NA	NA	NA	NA	NA	NA	NA	NA	No	NA	NA	NA	NA	NA	NA	NA	NA	NA	NA	NA	No	NA	NA	NA	NA	NA	NA	NA	NA	NA	NA	NA	Yes	NA	NA	NA	NA	NA	NA	NA	NA	NA	NA	NA	NA	NA	NA	NA
SRR16974370	Saccharomycetales	No	NA	NA	NA	NA	NA	NA	NA	NA	NA	NA	NA	No	NA	NA	NA	NA	NA	NA	NA	NA	NA	NA	NA	No	NA	NA	NA	NA	NA	NA	NA	NA	NA	NA	NA	No	NA	NA	NA	NA	NA	NA	NA	NA	NA	NA	NA	No	NA	NA	NA	NA	NA	NA	NA	NA	NA	NA	NA	No	NA	NA	NA	NA	NA	NA	NA	NA	NA	NA	NA	No	NA	NA	NA	NA	NA	NA	NA	NA	NA	NA	NA	No	NA	NA	NA	NA	NA	NA	NA	NA	NA	NA	NA	No	NA	NA	NA	NA	NA	NA	NA	NA	NA	NA	NA	Yes	NA	NA	NA	NA	NA	NA	NA	NA	NA	NA	NA	NA	NA	NA	NA
SRR16974702	Saccharomycetales	NA	NA	NA	NA	NA	NA	NA	NA	NA	NA	NA	NA	NA	NA	NA	NA	NA	NA	NA	NA	NA	NA	NA	NA	NA	NA	NA	NA	NA	NA	NA	NA	NA	NA	NA	NA	NA	NA	NA	NA	NA	NA	NA	NA	NA	NA	NA	NA	NA	NA	NA	NA	NA	NA	NA	NA	NA	NA	NA	NA	NA	NA	NA	NA	NA	NA	NA	NA	NA	NA	NA	NA	NA	NA	NA	NA	NA	NA	NA	NA	NA	NA	NA	NA	NA	NA	NA	NA	NA	NA	NA	NA	NA	NA	NA	NA	NA	NA	NA	NA	NA	NA	NA	NA	NA	NA	NA	NA	NA	NA	NA	NA	NA	NA	NA	NA	NA	NA	NA	NA	NA	NA	NA	NA
SRR16974395	Saccharomycetales	No	NA	NA	NA	NA	NA	NA	NA	NA	NA	NA	NA	No	NA	NA	NA	NA	NA	NA	NA	NA	NA	NA	NA	No	NA	NA	NA	NA	NA	NA	NA	NA	NA	NA	NA	No	NA	NA	NA	NA	NA	NA	NA	NA	NA	NA	NA	No	NA	NA	NA	NA	NA	NA	NA	NA	NA	NA	NA	No	NA	NA	NA	NA	NA	NA	NA	NA	NA	NA	NA	No	NA	NA	NA	NA	NA	NA	NA	NA	NA	NA	NA	No	NA	NA	NA	NA	NA	NA	NA	NA	NA	NA	NA	No	NA	NA	NA	NA	NA	NA	NA	NA	NA	NA	NA	Yes	NA	NA	NA	NA	NA	NA	NA	NA	NA	NA	NA	NA	NA	NA	No
SRR16974537	Saccharomycetales	No	NA	NA	NA	NA	NA	NA	NA	NA	NA	NA	NA	No	NA	NA	NA	NA	NA	NA	NA	NA	NA	NA	NA	Yes	NA	NA	NA	NA	NA	NA	NA	NA	NA	NA	NA	Yes	NA	NA	NA	NA	NA	NA	NA	NA	NA	NA	NA	No	NA	NA	NA	NA	NA	NA	NA	NA	NA	NA	NA	Yes	NA	NA	NA	NA	NA	NA	NA	NA	NA	NA	NA	No	NA	NA	NA	NA	NA	NA	NA	NA	NA	NA	NA	No	NA	NA	NA	NA	NA	NA	NA	NA	NA	NA	NA	No	NA	NA	NA	NA	NA	NA	NA	NA	NA	NA	NA	NA	NA	NA	NA	NA	NA	NA	NA	NA	NA	NA	NA	NA	NA	NA	Yes
SRR16974498	Saccharomycetales	No	NA	NA	NA	NA	NA	NA	NA	NA	NA	NA	NA	No	NA	NA	NA	NA	NA	NA	NA	NA	NA	NA	NA	No	NA	NA	NA	NA	NA	NA	NA	NA	NA	NA	NA	No	NA	NA	NA	NA	NA	NA	NA	NA	NA	NA	NA	No	NA	NA	NA	NA	NA	NA	NA	NA	NA	NA	NA	No	NA	NA	NA	NA	NA	NA	NA	NA	NA	NA	NA	No	NA	NA	NA	NA	NA	NA	NA	NA	NA	NA	NA	No	NA	NA	NA	NA	NA	NA	NA	NA	NA	NA	NA	Yes	NA	NA	NA	NA	NA	NA	NA	NA	NA	NA	NA	NA	NA	NA	NA	NA	NA	NA	NA	NA	NA	NA	NA	NA	NA	NA	Yes
SRR16974487	Saccharomycetales	No	NA	NA	NA	NA	NA	NA	NA	NA	NA	NA	NA	No	NA	NA	NA	NA	NA	NA	NA	NA	NA	NA	NA	No	NA	NA	NA	NA	NA	NA	NA	NA	NA	NA	NA	No	NA	NA	NA	NA	NA	NA	NA	NA	NA	NA	NA	No	NA	NA	NA	NA	NA	NA	NA	NA	NA	NA	NA	Yes	NA	NA	NA	NA	NA	NA	NA	NA	NA	NA	NA	Yes	NA	NA	NA	NA	NA	NA	NA	NA	NA	NA	NA	No	NA	NA	NA	NA	NA	NA	NA	NA	NA	NA	NA	No	NA	NA	NA	NA	NA	NA	NA	NA	NA	NA	NA	Yes	NA	NA	NA	NA	NA	NA	NA	NA	NA	NA	NA	NA	NA	NA	NA
SRR16974392	Saccharomycetales	No	NA	NA	NA	NA	NA	NA	NA	NA	NA	NA	NA	No	NA	NA	NA	NA	NA	NA	NA	NA	NA	NA	NA	No	NA	NA	NA	NA	NA	NA	NA	NA	NA	NA	NA	No	NA	NA	NA	NA	NA	NA	NA	NA	NA	NA	NA	No	NA	NA	NA	NA	NA	NA	NA	NA	NA	NA	NA	No	NA	NA	NA	NA	NA	NA	NA	NA	NA	NA	NA	No	NA	NA	NA	NA	NA	NA	NA	NA	NA	NA	NA	No	NA	NA	NA	NA	NA	NA	NA	NA	NA	NA	NA	No	NA	NA	NA	NA	NA	NA	NA	NA	NA	NA	NA	No	NA	NA	NA	NA	NA	NA	NA	NA	NA	NA	NA	NA	NA	NA	No
SRR16974381	Saccharomycetales	NA	NA	NA	NA	NA	NA	NA	NA	NA	NA	NA	NA	NA	NA	NA	NA	NA	NA	NA	NA	NA	NA	NA	NA	NA	NA	NA	NA	NA	NA	NA	NA	NA	NA	NA	NA	NA	NA	NA	NA	NA	NA	NA	NA	NA	NA	NA	NA	NA	NA	NA	NA	NA	NA	NA	NA	NA	NA	NA	NA	NA	NA	NA	NA	NA	NA	NA	NA	NA	NA	NA	NA	NA	NA	NA	NA	NA	NA	NA	NA	NA	NA	NA	NA	NA	NA	NA	NA	NA	NA	NA	NA	NA	NA	NA	NA	NA	NA	NA	NA	NA	NA	NA	NA	NA	NA	NA	NA	NA	NA	NA	NA	NA	NA	NA	NA	NA	NA	NA	NA	NA	NA	NA	NA
SRR16974532	Saccharomycetales	No	NA	NA	NA	NA	NA	NA	NA	NA	NA	NA	NA	No	NA	NA	NA	NA	NA	NA	NA	NA	NA	NA	NA	No	NA	NA	NA	NA	NA	NA	NA	NA	NA	NA	NA	Yes	NA	NA	NA	NA	NA	NA	NA	NA	NA	NA	NA	NA	NA	NA	NA	NA	NA	NA	NA	NA	NA	NA	NA	Yes	NA	NA	NA	NA	NA	NA	NA	NA	NA	NA	NA	Yes	NA	NA	NA	NA	NA	NA	NA	NA	NA	NA	NA	No	NA	NA	NA	NA	NA	NA	NA	NA	NA	NA	NA	NA	NA	NA	NA	NA	NA	NA	NA	NA	NA	NA	NA	No	NA	NA	NA	NA	NA	NA	NA	NA	NA	NA	NA	NA	NA	NA	Yes
SRR16974521	Saccharomycetales	No	NA	NA	NA	NA	NA	NA	NA	NA	NA	NA	NA	No	NA	NA	NA	NA	NA	NA	NA	NA	NA	NA	NA	No	NA	NA	NA	NA	NA	NA	NA	NA	NA	NA	NA	Yes	NA	NA	NA	NA	NA	NA	NA	NA	NA	NA	NA	NA	NA	NA	NA	NA	NA	NA	NA	NA	NA	NA	NA	NA	NA	NA	NA	NA	NA	NA	NA	NA	NA	NA	NA	No	NA	NA	NA	NA	NA	NA	NA	NA	NA	NA	NA	No	NA	NA	NA	NA	NA	NA	NA	NA	NA	NA	NA	Yes	NA	NA	NA	NA	NA	NA	NA	NA	NA	NA	NA	Yes	NA	NA	NA	NA	NA	NA	NA	NA	NA	NA	NA	NA	NA	NA	Yes
SRR16974510	Saccharomycetales	No	NA	NA	NA	NA	NA	NA	NA	NA	NA	NA	NA	No	NA	NA	NA	NA	NA	NA	NA	NA	NA	NA	NA	No	NA	NA	NA	NA	NA	NA	NA	NA	NA	NA	NA	No	NA	NA	NA	NA	NA	NA	NA	NA	NA	NA	NA	No	NA	NA	NA	NA	NA	NA	NA	NA	NA	NA	NA	No	NA	NA	NA	NA	NA	NA	NA	NA	NA	NA	NA	No	NA	NA	NA	NA	NA	NA	NA	NA	NA	NA	NA	No	NA	NA	NA	NA	NA	NA	NA	NA	NA	NA	NA	No	NA	NA	NA	NA	NA	NA	NA	NA	NA	NA	NA	Yes	NA	NA	NA	NA	NA	NA	NA	NA	NA	NA	NA	NA	NA	NA	NA
SRR16974251	Saccharomycetales	Yes	NA	NA	NA	NA	NA	NA	NA	NA	NA	NA	NA	No	NA	NA	NA	NA	NA	NA	NA	NA	NA	NA	NA	No	NA	NA	NA	NA	NA	NA	NA	NA	NA	NA	NA	Yes	NA	NA	NA	NA	NA	NA	NA	NA	NA	NA	NA	NA	NA	NA	NA	NA	NA	NA	NA	NA	NA	NA	NA	NA	NA	NA	NA	NA	NA	NA	NA	NA	NA	NA	NA	No	NA	NA	NA	NA	NA	NA	NA	NA	NA	NA	NA	No	NA	NA	NA	NA	NA	NA	NA	NA	NA	NA	NA	NA	NA	NA	NA	NA	NA	NA	NA	NA	NA	NA	NA	No	NA	NA	NA	NA	NA	NA	NA	NA	NA	NA	NA	NA	NA	NA	NA
SRR16974240	Saccharomycetales	No	NA	NA	NA	NA	NA	NA	NA	NA	NA	NA	NA	No	NA	NA	NA	NA	NA	NA	NA	NA	NA	NA	NA	Yes	NA	NA	NA	NA	NA	NA	NA	NA	NA	NA	NA	No	NA	NA	NA	NA	NA	NA	NA	NA	NA	NA	NA	NA	NA	NA	NA	NA	NA	NA	NA	NA	NA	NA	NA	NA	NA	NA	NA	NA	NA	NA	NA	NA	NA	NA	NA	No	NA	NA	NA	NA	NA	NA	NA	NA	NA	NA	NA	No	NA	NA	NA	NA	NA	NA	NA	NA	NA	NA	NA	NA	NA	NA	NA	NA	NA	NA	NA	NA	NA	NA	NA	NA	NA	NA	NA	NA	NA	NA	NA	NA	NA	NA	NA	NA	NA	NA	NA
SRR16974644	Saccharomycetales	No	NA	NA	NA	NA	NA	NA	NA	NA	NA	NA	NA	No	NA	NA	NA	NA	NA	NA	NA	NA	NA	NA	NA	Yes	NA	NA	NA	NA	NA	NA	NA	NA	NA	NA	NA	Yes	NA	NA	NA	NA	NA	NA	NA	NA	NA	NA	NA	No	NA	NA	NA	NA	NA	NA	NA	NA	NA	NA	NA	Yes	NA	NA	NA	NA	NA	NA	NA	NA	NA	NA	NA	No	NA	NA	NA	NA	NA	NA	NA	NA	NA	NA	NA	No	NA	NA	NA	NA	NA	NA	NA	NA	NA	NA	NA	No	NA	NA	NA	NA	NA	NA	NA	NA	NA	NA	NA	No	NA	NA	NA	NA	NA	NA	NA	NA	NA	NA	NA	NA	NA	NA	NA
SRR16974633	Saccharomycetales	No	NA	NA	NA	NA	NA	NA	NA	NA	NA	NA	NA	No	NA	NA	NA	NA	NA	NA	NA	NA	NA	NA	NA	No	NA	NA	NA	NA	NA	NA	NA	NA	NA	NA	NA	Yes	NA	NA	NA	NA	NA	NA	NA	NA	NA	NA	NA	No	NA	NA	NA	NA	NA	NA	NA	NA	NA	NA	NA	No	NA	NA	NA	NA	NA	NA	NA	NA	NA	NA	NA	No	NA	NA	NA	NA	NA	NA	NA	NA	NA	NA	NA	No	NA	NA	NA	NA	NA	NA	NA	NA	NA	NA	NA	Yes	NA	NA	NA	NA	NA	NA	NA	NA	NA	NA	NA	NA	NA	NA	NA	NA	NA	NA	NA	NA	NA	NA	NA	NA	NA	NA	No
SRR16974622	Saccharomycetales	No	NA	NA	NA	NA	NA	NA	NA	NA	NA	NA	NA	No	NA	NA	NA	NA	NA	NA	NA	NA	NA	NA	NA	Yes	NA	NA	NA	NA	NA	NA	NA	NA	NA	NA	NA	Yes	NA	NA	NA	NA	NA	NA	NA	NA	NA	NA	NA	No	NA	NA	NA	NA	NA	NA	NA	NA	NA	NA	NA	No	NA	NA	NA	NA	NA	NA	NA	NA	NA	NA	NA	No	NA	NA	NA	NA	NA	NA	NA	NA	NA	NA	NA	No	NA	NA	NA	NA	NA	NA	NA	NA	NA	NA	NA	Yes	NA	NA	NA	NA	NA	NA	NA	NA	NA	NA	NA	NA	NA	NA	NA	NA	NA	NA	NA	NA	NA	NA	NA	NA	NA	NA	Yes
SRR16974584	Saccharomycetales	No	NA	NA	NA	NA	NA	NA	NA	NA	NA	NA	NA	No	NA	NA	NA	NA	NA	NA	NA	NA	NA	NA	NA	No	NA	NA	NA	NA	NA	NA	NA	NA	NA	NA	NA	Yes	NA	NA	NA	NA	NA	NA	NA	NA	NA	NA	NA	No	NA	NA	NA	NA	NA	NA	NA	NA	NA	NA	NA	Yes	NA	NA	NA	NA	NA	NA	NA	NA	NA	NA	NA	Yes	NA	NA	NA	NA	NA	NA	NA	NA	NA	NA	NA	No	NA	NA	NA	NA	NA	NA	NA	NA	NA	NA	NA	Yes	NA	NA	NA	NA	NA	NA	NA	NA	NA	NA	NA	No	NA	NA	NA	NA	NA	NA	NA	NA	NA	NA	NA	NA	NA	NA	Yes
SRR16974573	Saccharomycetales	NA	NA	NA	NA	NA	NA	NA	NA	NA	NA	NA	NA	NA	NA	NA	NA	NA	NA	NA	NA	NA	NA	NA	NA	NA	NA	NA	NA	NA	NA	NA	NA	NA	NA	NA	NA	NA	NA	NA	NA	NA	NA	NA	NA	NA	NA	NA	NA	NA	NA	NA	NA	NA	NA	NA	NA	NA	NA	NA	NA	NA	NA	NA	NA	NA	NA	NA	NA	NA	NA	NA	NA	NA	NA	NA	NA	NA	NA	NA	NA	NA	NA	NA	NA	NA	NA	NA	NA	NA	NA	NA	NA	NA	NA	NA	NA	NA	NA	NA	NA	NA	NA	NA	NA	NA	NA	NA	NA	NA	NA	NA	NA	NA	NA	NA	NA	NA	NA	NA	NA	NA	NA	NA	NA
SRR16974369	Saccharomycetales	No	NA	NA	NA	NA	NA	NA	NA	NA	NA	NA	NA	No	NA	NA	NA	NA	NA	NA	NA	NA	NA	NA	NA	No	NA	NA	NA	NA	NA	NA	NA	NA	NA	NA	NA	Yes	NA	NA	NA	NA	NA	NA	NA	NA	NA	NA	NA	No	NA	NA	NA	NA	NA	NA	NA	NA	NA	NA	NA	Yes	NA	NA	NA	NA	NA	NA	NA	NA	NA	NA	NA	No	NA	NA	NA	NA	NA	NA	NA	NA	NA	NA	NA	No	NA	NA	NA	NA	NA	NA	NA	NA	NA	NA	NA	No	NA	NA	NA	NA	NA	NA	NA	NA	NA	NA	NA	NA	NA	NA	NA	NA	NA	NA	NA	NA	NA	NA	NA	NA	NA	NA	Yes
SRR16974358	Saccharomycetales	No	NA	NA	NA	NA	NA	NA	NA	NA	NA	NA	NA	No	NA	NA	NA	NA	NA	NA	NA	NA	NA	NA	NA	No	NA	NA	NA	NA	NA	NA	NA	NA	NA	NA	NA	Yes	NA	NA	NA	NA	NA	NA	NA	NA	NA	NA	NA	No	NA	NA	NA	NA	NA	NA	NA	NA	NA	NA	NA	Yes	NA	NA	NA	NA	NA	NA	NA	NA	NA	NA	NA	Yes	NA	NA	NA	NA	NA	NA	NA	NA	NA	NA	NA	No	NA	NA	NA	NA	NA	NA	NA	NA	NA	NA	NA	No	NA	NA	NA	NA	NA	NA	NA	NA	NA	NA	NA	No	NA	NA	NA	NA	NA	NA	NA	NA	NA	NA	NA	NA	NA	NA	Yes
SRR16974347	Saccharomycetales	No	NA	NA	NA	NA	NA	NA	NA	NA	NA	NA	NA	No	NA	NA	NA	NA	NA	NA	NA	NA	NA	NA	NA	Yes	NA	NA	NA	NA	NA	NA	NA	NA	NA	NA	NA	No	NA	NA	NA	NA	NA	NA	NA	NA	NA	NA	NA	No	NA	NA	NA	NA	NA	NA	NA	NA	NA	NA	NA	Yes	NA	NA	NA	NA	NA	NA	NA	NA	NA	NA	NA	Yes	NA	NA	NA	NA	NA	NA	NA	NA	NA	NA	NA	No	NA	NA	NA	NA	NA	NA	NA	NA	NA	NA	NA	Yes	NA	NA	NA	NA	NA	NA	NA	NA	NA	NA	NA	No	NA	NA	NA	NA	NA	NA	NA	NA	NA	NA	NA	NA	NA	NA	Yes
SRR16974308	Saccharomycetales	No	NA	NA	NA	NA	NA	NA	NA	NA	NA	NA	NA	No	NA	NA	NA	NA	NA	NA	NA	NA	NA	NA	NA	No	NA	NA	NA	NA	NA	NA	NA	NA	NA	NA	NA	Yes	NA	NA	NA	NA	NA	NA	NA	NA	NA	NA	NA	No	NA	NA	NA	NA	NA	NA	NA	NA	NA	NA	NA	Yes	NA	NA	NA	NA	NA	NA	NA	NA	NA	NA	NA	No	NA	NA	NA	NA	NA	NA	NA	NA	NA	NA	NA	No	NA	NA	NA	NA	NA	NA	NA	NA	NA	NA	NA	Yes	NA	NA	NA	NA	NA	NA	NA	NA	NA	NA	NA	No	NA	NA	NA	NA	NA	NA	NA	NA	NA	NA	NA	NA	NA	NA	Yes
SRR16974297	Saccharomycetales	No	NA	NA	NA	NA	NA	NA	NA	NA	NA	NA	NA	No	NA	NA	NA	NA	NA	NA	NA	NA	NA	NA	NA	No	NA	NA	NA	NA	NA	NA	NA	NA	NA	NA	NA	No	NA	NA	NA	NA	NA	NA	NA	NA	NA	NA	NA	No	NA	NA	NA	NA	NA	NA	NA	NA	NA	NA	NA	Yes	NA	NA	NA	NA	NA	NA	NA	NA	NA	NA	NA	No	NA	NA	NA	NA	NA	NA	NA	NA	NA	NA	NA	No	NA	NA	NA	NA	NA	NA	NA	NA	NA	NA	NA	No	NA	NA	NA	NA	NA	NA	NA	NA	NA	NA	NA	NA	NA	NA	NA	NA	NA	NA	NA	NA	NA	NA	NA	NA	NA	NA	No
SRR16974286	Saccharomycetales	No	NA	NA	NA	NA	NA	NA	NA	NA	NA	NA	NA	No	NA	NA	NA	NA	NA	NA	NA	NA	NA	NA	NA	Yes	NA	NA	NA	NA	NA	NA	NA	NA	NA	NA	NA	Yes	NA	NA	NA	NA	NA	NA	NA	NA	NA	NA	NA	NA	NA	NA	NA	NA	NA	NA	NA	NA	NA	NA	NA	NA	NA	NA	NA	NA	NA	NA	NA	NA	NA	NA	NA	No	NA	NA	NA	NA	NA	NA	NA	NA	NA	NA	NA	No	NA	NA	NA	NA	NA	NA	NA	NA	NA	NA	NA	NA	NA	NA	NA	NA	NA	NA	NA	NA	NA	NA	NA	Yes	NA	NA	NA	NA	NA	NA	NA	NA	NA	NA	NA	NA	NA	NA	No
SRR16974275	Saccharomycetales	No	NA	NA	NA	NA	NA	NA	NA	NA	NA	NA	NA	No	NA	NA	NA	NA	NA	NA	NA	NA	NA	NA	NA	No	NA	NA	NA	NA	NA	NA	NA	NA	NA	NA	NA	Yes	NA	NA	NA	NA	NA	NA	NA	NA	NA	NA	NA	No	NA	NA	NA	NA	NA	NA	NA	NA	NA	NA	NA	Yes	NA	NA	NA	NA	NA	NA	NA	NA	NA	NA	NA	No	NA	NA	NA	NA	NA	NA	NA	NA	NA	NA	NA	No	NA	NA	NA	NA	NA	NA	NA	NA	NA	NA	NA	No	NA	NA	NA	NA	NA	NA	NA	NA	NA	NA	NA	No	NA	NA	NA	NA	NA	NA	NA	NA	NA	NA	NA	NA	NA	NA	Yes
SRR16974264	Saccharomycetales	No	NA	NA	NA	NA	NA	NA	NA	NA	NA	NA	NA	No	NA	NA	NA	NA	NA	NA	NA	NA	NA	NA	NA	No	NA	NA	NA	NA	NA	NA	NA	NA	NA	NA	NA	Yes	NA	NA	NA	NA	NA	NA	NA	NA	NA	NA	NA	No	NA	NA	NA	NA	NA	NA	NA	NA	NA	NA	NA	Yes	NA	NA	NA	NA	NA	NA	NA	NA	NA	NA	NA	No	NA	NA	NA	NA	NA	NA	NA	NA	NA	NA	NA	No	NA	NA	NA	NA	NA	NA	NA	NA	NA	NA	NA	No	NA	NA	NA	NA	NA	NA	NA	NA	NA	NA	NA	Yes	NA	NA	NA	NA	NA	NA	NA	NA	NA	NA	NA	NA	NA	NA	Yes
SRR16974724	Saccharomycetales	No	NA	NA	NA	NA	NA	NA	NA	NA	NA	NA	NA	No	NA	NA	NA	NA	NA	NA	NA	NA	NA	NA	NA	No	NA	NA	NA	NA	NA	NA	NA	NA	NA	NA	NA	Yes	NA	NA	NA	NA	NA	NA	NA	NA	NA	NA	NA	No	NA	NA	NA	NA	NA	NA	NA	NA	NA	NA	NA	Yes	NA	NA	NA	NA	NA	NA	NA	NA	NA	NA	NA	Yes	NA	NA	NA	NA	NA	NA	NA	NA	NA	NA	NA	No	NA	NA	NA	NA	NA	NA	NA	NA	NA	NA	NA	Yes	NA	NA	NA	NA	NA	NA	NA	NA	NA	NA	NA	No	NA	NA	NA	NA	NA	NA	NA	NA	NA	NA	NA	NA	NA	NA	NA
SRR16974713	Saccharomycetales	NA	NA	NA	NA	NA	NA	NA	NA	NA	NA	NA	NA	NA	NA	NA	NA	NA	NA	NA	NA	NA	NA	NA	NA	NA	NA	NA	NA	NA	NA	NA	NA	NA	NA	NA	NA	NA	NA	NA	NA	NA	NA	NA	NA	NA	NA	NA	NA	NA	NA	NA	NA	NA	NA	NA	NA	NA	NA	NA	NA	NA	NA	NA	NA	NA	NA	NA	NA	NA	NA	NA	NA	NA	NA	NA	NA	NA	NA	NA	NA	NA	NA	NA	NA	NA	NA	NA	NA	NA	NA	NA	NA	NA	NA	NA	NA	NA	NA	NA	NA	NA	NA	NA	NA	NA	NA	NA	NA	No	NA	NA	NA	NA	NA	NA	NA	NA	NA	NA	NA	NA	NA	NA	Yes
SRR16974701	Saccharomycetales	No	NA	NA	NA	NA	NA	NA	NA	NA	NA	NA	NA	No	NA	NA	NA	NA	NA	NA	NA	NA	NA	NA	NA	No	NA	NA	NA	NA	NA	NA	NA	NA	NA	NA	NA	Yes	NA	NA	NA	NA	NA	NA	NA	NA	NA	NA	NA	NA	NA	NA	NA	NA	NA	NA	NA	NA	NA	NA	NA	NA	NA	NA	NA	NA	NA	NA	NA	NA	NA	NA	NA	No	NA	NA	NA	NA	NA	NA	NA	NA	NA	NA	NA	No	NA	NA	NA	NA	NA	NA	NA	NA	NA	NA	NA	NA	NA	NA	NA	NA	NA	NA	NA	NA	NA	NA	NA	Yes	NA	NA	NA	NA	NA	NA	NA	NA	NA	NA	NA	NA	NA	NA	Yes
SRR16974690	Saccharomycetales	No	NA	NA	NA	NA	NA	NA	NA	NA	NA	NA	NA	No	NA	NA	NA	NA	NA	NA	NA	NA	NA	NA	NA	No	NA	NA	NA	NA	NA	NA	NA	NA	NA	NA	NA	No	NA	NA	NA	NA	NA	NA	NA	NA	NA	NA	NA	No	NA	NA	NA	NA	NA	NA	NA	NA	NA	NA	NA	No	NA	NA	NA	NA	NA	NA	NA	NA	NA	NA	NA	No	NA	NA	NA	NA	NA	NA	NA	NA	NA	NA	NA	No	NA	NA	NA	NA	NA	NA	NA	NA	NA	NA	NA	No	NA	NA	NA	NA	NA	NA	NA	NA	NA	NA	NA	No	NA	NA	NA	NA	NA	NA	NA	NA	NA	NA	NA	NA	NA	NA	No
SRR16974679	Lipomycetales	NA	Yes	NA	NA	NA	NA	NA	NA	NA	NA	NA	NA	NA	Yes	NA	NA	NA	NA	NA	NA	NA	NA	NA	NA	NA	Yes	NA	NA	NA	NA	NA	NA	NA	NA	NA	NA	NA	No	NA	NA	NA	NA	NA	NA	NA	NA	NA	NA	NA	Yes	NA	NA	NA	NA	NA	NA	NA	NA	NA	NA	NA	Yes	NA	NA	NA	NA	NA	NA	NA	NA	NA	NA	NA	No	NA	NA	NA	NA	NA	NA	NA	NA	NA	NA	NA	Yes	NA	NA	NA	NA	NA	NA	NA	NA	NA	NA	NA	Yes	NA	NA	NA	NA	NA	NA	NA	NA	NA	NA	NA	Yes	NA	NA	NA	NA	NA	NA	NA	NA	NA	NA	NA	NA	NA	NA
SRR16974472	Saccharomycetales	NA	NA	NA	NA	NA	NA	NA	NA	NA	NA	NA	NA	NA	NA	NA	NA	NA	NA	NA	NA	NA	NA	NA	NA	NA	NA	NA	NA	NA	NA	NA	NA	NA	NA	NA	NA	NA	NA	NA	NA	NA	NA	NA	NA	NA	NA	NA	NA	NA	NA	NA	NA	NA	NA	NA	NA	NA	NA	NA	NA	NA	NA	NA	NA	NA	NA	NA	NA	NA	NA	NA	NA	NA	NA	NA	NA	NA	NA	NA	NA	NA	NA	NA	NA	NA	NA	NA	NA	NA	NA	NA	NA	NA	NA	NA	NA	NA	NA	NA	NA	NA	NA	NA	NA	NA	NA	NA	NA	Yes	NA	NA	NA	NA	NA	NA	NA	NA	NA	NA	NA	NA	NA	NA	NA
SRR16974461	Saccharomycetales	NA	NA	NA	NA	NA	NA	NA	NA	NA	NA	NA	NA	NA	NA	NA	NA	NA	NA	NA	NA	NA	NA	NA	NA	NA	NA	NA	NA	NA	NA	NA	NA	NA	NA	NA	NA	NA	NA	NA	NA	NA	NA	NA	NA	NA	NA	NA	NA	NA	NA	NA	NA	NA	NA	NA	NA	NA	NA	NA	NA	NA	NA	NA	NA	NA	NA	NA	NA	NA	NA	NA	NA	NA	NA	NA	NA	NA	NA	NA	NA	NA	NA	NA	NA	NA	NA	NA	NA	NA	NA	NA	NA	NA	NA	NA	NA	NA	NA	NA	NA	NA	NA	NA	NA	NA	NA	NA	NA	NA	NA	NA	NA	NA	NA	NA	NA	NA	NA	NA	NA	NA	NA	NA	NA
SRR16974450	Saccharomycetales	NA	NA	NA	NA	NA	NA	NA	NA	NA	NA	NA	NA	NA	NA	NA	NA	NA	NA	NA	NA	NA	NA	NA	NA	NA	NA	NA	NA	NA	NA	NA	NA	NA	NA	NA	NA	NA	NA	NA	NA	NA	NA	NA	NA	NA	NA	NA	NA	NA	NA	NA	NA	NA	NA	NA	NA	NA	NA	NA	NA	NA	NA	NA	NA	NA	NA	NA	NA	NA	NA	NA	NA	NA	NA	NA	NA	NA	NA	NA	NA	NA	NA	NA	NA	NA	NA	NA	NA	NA	NA	NA	NA	NA	NA	NA	NA	NA	NA	NA	NA	NA	NA	NA	NA	NA	NA	NA	NA	NA	NA	NA	NA	NA	NA	NA	NA	NA	NA	NA	NA	NA	NA	NA	NA
SRR16974439	Serinales	NA	NA	NA	NA	NA	NA	NA	NA	NA	NA	NA	NA	NA	NA	NA	NA	NA	NA	NA	NA	NA	NA	NA	NA	NA	NA	NA	NA	NA	NA	NA	NA	NA	NA	NA	NA	NA	NA	NA	NA	NA	NA	NA	NA	NA	NA	NA	NA	NA	NA	NA	NA	NA	NA	NA	NA	NA	NA	NA	NA	NA	NA	NA	NA	NA	NA	NA	NA	NA	NA	NA	NA	NA	NA	NA	NA	NA	NA	NA	NA	NA	NA	NA	NA	NA	NA	NA	NA	NA	NA	NA	NA	NA	NA	NA	NA	NA	NA	NA	NA	NA	NA	NA	NA	NA	NA	NA	NA	NA	NA	NA	NA	NA	NA	NA	NA	NA	NA	NA	NA	NA	NA	NA	NA
SRR16974428	Saccharomycetales	NA	NA	NA	NA	NA	NA	NA	NA	NA	NA	NA	NA	NA	NA	NA	NA	NA	NA	NA	NA	NA	NA	NA	NA	NA	NA	NA	NA	NA	NA	NA	NA	NA	NA	NA	NA	NA	NA	NA	NA	NA	NA	NA	NA	NA	NA	NA	NA	NA	NA	NA	NA	NA	NA	NA	NA	NA	NA	NA	NA	NA	NA	NA	NA	NA	NA	NA	NA	NA	NA	NA	NA	NA	NA	NA	NA	NA	NA	NA	NA	NA	NA	NA	NA	NA	NA	NA	NA	NA	NA	NA	NA	NA	NA	NA	NA	NA	NA	NA	NA	NA	NA	NA	NA	NA	NA	NA	NA	NA	NA	NA	NA	NA	NA	NA	NA	NA	NA	NA	NA	NA	NA	NA	NA
SRR16974417	Saccharomycetales	Yes	NA	NA	NA	NA	NA	NA	NA	NA	NA	NA	NA	No	NA	NA	NA	NA	NA	NA	NA	NA	NA	NA	NA	No	NA	NA	NA	NA	NA	NA	NA	NA	NA	NA	NA	No	NA	NA	NA	NA	NA	NA	NA	NA	NA	NA	NA	No	NA	NA	NA	NA	NA	NA	NA	NA	NA	NA	NA	No	NA	NA	NA	NA	NA	NA	NA	NA	NA	NA	NA	No	NA	NA	NA	NA	NA	NA	NA	NA	NA	NA	NA	No	NA	NA	NA	NA	NA	NA	NA	NA	NA	NA	NA	No	NA	NA	NA	NA	NA	NA	NA	NA	NA	NA	NA	NA	NA	NA	NA	NA	NA	NA	NA	NA	NA	NA	NA	NA	NA	NA	NA
SRR16974406	Saccharomycetales	NA	NA	NA	NA	NA	NA	NA	NA	NA	NA	NA	NA	NA	NA	NA	NA	NA	NA	NA	NA	NA	NA	NA	NA	NA	NA	NA	NA	NA	NA	NA	NA	NA	NA	NA	NA	NA	NA	NA	NA	NA	NA	NA	NA	NA	NA	NA	NA	NA	NA	NA	NA	NA	NA	NA	NA	NA	NA	NA	NA	NA	NA	NA	NA	NA	NA	NA	NA	NA	NA	NA	NA	NA	NA	NA	NA	NA	NA	NA	NA	NA	NA	NA	NA	NA	NA	NA	NA	NA	NA	NA	NA	NA	NA	NA	NA	NA	NA	NA	NA	NA	NA	NA	NA	NA	NA	NA	NA	NA	NA	NA	NA	NA	NA	NA	NA	NA	NA	NA	NA	NA	NA	NA	NA
SRR16974393	Pichiales	NA	NA	NA	NA	NA	NA	NA	NA	NA	NA	NA	NA	NA	NA	NA	NA	NA	NA	NA	NA	NA	NA	NA	NA	NA	NA	NA	NA	NA	NA	NA	NA	NA	NA	NA	NA	NA	NA	NA	NA	NA	NA	NA	NA	NA	NA	NA	NA	NA	NA	NA	NA	NA	NA	NA	NA	NA	NA	NA	NA	NA	NA	NA	NA	NA	NA	NA	NA	NA	NA	NA	NA	NA	NA	NA	NA	NA	NA	NA	NA	NA	NA	NA	NA	NA	NA	NA	NA	NA	NA	NA	NA	NA	NA	NA	NA	NA	NA	NA	NA	NA	NA	NA	NA	NA	NA	NA	NA	NA	NA	NA	NA	NA	NA	NA	NA	NA	NA	NA	NA	NA	NA	NA	NA
SRR16974332	Saccharomycetales	NA	NA	NA	NA	NA	NA	NA	NA	NA	NA	NA	NA	NA	NA	NA	NA	NA	NA	NA	NA	NA	NA	NA	NA	NA	NA	NA	NA	NA	NA	NA	NA	NA	NA	NA	NA	NA	NA	NA	NA	NA	NA	NA	NA	NA	NA	NA	NA	NA	NA	NA	NA	NA	NA	NA	NA	NA	NA	NA	NA	NA	NA	NA	NA	NA	NA	NA	NA	NA	NA	NA	NA	NA	NA	NA	NA	NA	NA	NA	NA	NA	NA	NA	NA	NA	NA	NA	NA	NA	NA	NA	NA	NA	NA	NA	NA	NA	NA	NA	NA	NA	NA	NA	NA	NA	NA	NA	NA	NA	NA	NA	NA	NA	NA	NA	NA	NA	NA	NA	NA	NA	NA	NA	NA
SRR16974321	Pichiales	NA	NA	NA	No	NA	NA	NA	NA	NA	NA	NA	NA	NA	NA	NA	No	NA	NA	NA	NA	NA	NA	NA	NA	NA	NA	NA	No	NA	NA	NA	NA	NA	NA	NA	NA	NA	NA	NA	No	NA	NA	NA	NA	NA	NA	NA	NA	NA	NA	NA	No	NA	NA	NA	NA	NA	NA	NA	NA	NA	NA	NA	No	NA	NA	NA	NA	NA	NA	NA	NA	NA	NA	NA	Yes	NA	NA	NA	NA	NA	NA	NA	NA	NA	NA	NA	No	NA	NA	NA	NA	NA	NA	NA	NA	NA	NA	NA	No	NA	NA	NA	NA	NA	NA	NA	NA	NA	NA	NA	No	NA	NA	NA	NA	NA	NA	NA	NA	NA	NA	NA	NA
SRR16974669	Dipodascales	NA	NA	NA	NA	NA	NA	NA	NA	NA	NA	NA	NA	NA	NA	NA	NA	NA	NA	NA	NA	NA	NA	NA	NA	NA	NA	NA	NA	NA	NA	NA	NA	NA	NA	NA	NA	NA	NA	NA	NA	NA	NA	NA	NA	NA	NA	NA	NA	NA	NA	NA	NA	NA	NA	NA	NA	NA	NA	NA	NA	NA	NA	NA	NA	NA	NA	NA	NA	NA	NA	NA	NA	NA	NA	NA	NA	NA	NA	NA	NA	NA	NA	NA	NA	NA	NA	NA	NA	NA	NA	NA	NA	NA	NA	NA	NA	NA	NA	NA	NA	NA	NA	NA	NA	NA	NA	NA	NA	NA	NA	NA	NA	NA	NA	NA	NA	NA	NA	NA	NA	NA	NA	NA	NA
SRR16974658	Phaffomycetales	NA	NA	NA	NA	NA	NA	NA	NA	NA	NA	NA	NA	NA	NA	NA	NA	NA	NA	NA	NA	NA	NA	NA	NA	NA	NA	NA	NA	NA	NA	NA	NA	NA	NA	NA	NA	NA	NA	NA	NA	NA	NA	NA	NA	NA	NA	NA	NA	NA	NA	NA	NA	NA	NA	NA	NA	NA	NA	NA	NA	NA	NA	NA	NA	NA	NA	NA	NA	NA	NA	NA	NA	NA	NA	NA	NA	NA	NA	NA	NA	NA	NA	NA	NA	NA	NA	NA	NA	NA	NA	NA	NA	NA	NA	NA	NA	NA	NA	NA	NA	NA	NA	NA	NA	NA	NA	NA	NA	NA	NA	NA	NA	NA	NA	NA	NA	NA	NA	NA	NA	NA	NA	NA	NA
SRR16974647	Trigonopsidales	NA	NA	NA	NA	NA	NA	Yes	NA	NA	NA	NA	NA	NA	NA	NA	NA	NA	NA	No	NA	NA	NA	NA	NA	NA	NA	NA	NA	NA	NA	No	NA	NA	NA	NA	NA	NA	NA	NA	NA	NA	NA	Yes	NA	NA	NA	NA	NA	NA	NA	NA	NA	NA	NA	Yes	NA	NA	NA	NA	NA	NA	NA	NA	NA	NA	NA	Yes	NA	NA	NA	NA	NA	NA	NA	NA	NA	NA	NA	Yes	NA	NA	NA	NA	NA	NA	NA	NA	NA	NA	NA	No	NA	NA	NA	NA	NA	NA	NA	NA	NA	NA	NA	Yes	NA	NA	NA	NA	NA	NA	NA	NA	NA	NA	NA	Yes	NA	NA	NA	NA	NA	NA	NA	NA	NA
SRR16974608	Serinales	NA	NA	Yes	NA	NA	NA	NA	NA	NA	NA	NA	NA	NA	NA	Yes	NA	NA	NA	NA	NA	NA	NA	NA	NA	NA	NA	No	NA	NA	NA	NA	NA	NA	NA	NA	NA	NA	NA	No	NA	NA	NA	NA	NA	NA	NA	NA	NA	NA	NA	No	NA	NA	NA	NA	NA	NA	NA	NA	NA	NA	NA	NA	NA	NA	NA	NA	NA	NA	NA	NA	NA	NA	NA	No	NA	NA	NA	NA	NA	NA	NA	NA	NA	NA	NA	Yes	NA	NA	NA	NA	NA	NA	NA	NA	NA	NA	NA	NA	NA	NA	NA	NA	NA	NA	NA	NA	NA	NA	NA	NA	NA	NA	NA	NA	NA	NA	NA	NA	NA	NA	NA	NA	NA
SRR16974597	Saccharomycetales	No	NA	NA	NA	NA	NA	NA	NA	NA	NA	NA	NA	No	NA	NA	NA	NA	NA	NA	NA	NA	NA	NA	NA	Yes	NA	NA	NA	NA	NA	NA	NA	NA	NA	NA	NA	Yes	NA	NA	NA	NA	NA	NA	NA	NA	NA	NA	NA	No	NA	NA	NA	NA	NA	NA	NA	NA	NA	NA	NA	Yes	NA	NA	NA	NA	NA	NA	NA	NA	NA	NA	NA	No	NA	NA	NA	NA	NA	NA	NA	NA	NA	NA	NA	No	NA	NA	NA	NA	NA	NA	NA	NA	NA	NA	NA	No	NA	NA	NA	NA	NA	NA	NA	NA	NA	NA	NA	NA	NA	NA	NA	NA	NA	NA	NA	NA	NA	NA	NA	NA	NA	NA	NA
SRR16974558	Pichiales	NA	NA	NA	No	NA	NA	NA	NA	NA	NA	NA	NA	NA	NA	NA	No	NA	NA	NA	NA	NA	NA	NA	NA	NA	NA	NA	No	NA	NA	NA	NA	NA	NA	NA	NA	NA	NA	NA	No	NA	NA	NA	NA	NA	NA	NA	NA	NA	NA	NA	NA	NA	NA	NA	NA	NA	NA	NA	NA	NA	NA	NA	NA	NA	NA	NA	NA	NA	NA	NA	NA	NA	NA	NA	No	NA	NA	NA	NA	NA	NA	NA	NA	NA	NA	NA	NA	NA	NA	NA	NA	NA	NA	NA	NA	NA	NA	NA	No	NA	NA	NA	NA	NA	NA	NA	NA	NA	NA	NA	No	NA	NA	NA	NA	NA	NA	NA	NA	NA	NA	NA	NA
SRR16974547	Dipodascales	NA	NA	NA	NA	Yes	NA	NA	NA	NA	NA	NA	NA	NA	NA	NA	NA	Yes	NA	NA	NA	NA	NA	NA	NA	NA	NA	NA	NA	Yes	NA	NA	NA	NA	NA	NA	NA	NA	NA	NA	NA	Yes	NA	NA	NA	NA	NA	NA	NA	NA	NA	NA	NA	Yes	NA	NA	NA	NA	NA	NA	NA	NA	NA	NA	NA	Yes	NA	NA	NA	NA	NA	NA	NA	NA	NA	NA	NA	Yes	NA	NA	NA	NA	NA	NA	NA	NA	NA	NA	NA	No	NA	NA	NA	NA	NA	NA	NA	NA	NA	NA	NA	Yes	NA	NA	NA	NA	NA	NA	NA	NA	NA	NA	NA	No	NA	NA	NA	NA	NA	NA	NA	NA	NA	NA	NA
SRR16974536	Dipodascales	NA	NA	NA	NA	No	NA	NA	NA	NA	NA	NA	NA	NA	NA	NA	NA	No	NA	NA	NA	NA	NA	NA	NA	NA	NA	NA	NA	No	NA	NA	NA	NA	NA	NA	NA	NA	NA	NA	NA	Yes	NA	NA	NA	NA	NA	NA	NA	NA	NA	NA	NA	No	NA	NA	NA	NA	NA	NA	NA	NA	NA	NA	NA	NA	NA	NA	NA	NA	NA	NA	NA	NA	NA	NA	NA	No	NA	NA	NA	NA	NA	NA	NA	NA	NA	NA	NA	No	NA	NA	NA	NA	NA	NA	NA	NA	NA	NA	NA	No	NA	NA	NA	NA	NA	NA	NA	NA	NA	NA	NA	Yes	NA	NA	NA	NA	NA	NA	NA	NA	NA	NA	NA
SRR16974535	Saccharomycodales	NA	NA	NA	NA	NA	NA	NA	Yes	NA	NA	NA	NA	NA	NA	NA	NA	NA	NA	NA	Yes	NA	NA	NA	NA	NA	NA	NA	NA	NA	NA	NA	No	NA	NA	NA	NA	NA	NA	NA	NA	NA	NA	NA	No	NA	NA	NA	NA	NA	NA	NA	NA	NA	NA	NA	No	NA	NA	NA	NA	NA	NA	NA	NA	NA	NA	NA	Yes	NA	NA	NA	NA	NA	NA	NA	NA	NA	NA	NA	No	NA	NA	NA	NA	NA	NA	NA	NA	NA	NA	NA	No	NA	NA	NA	NA	NA	NA	NA	NA	NA	NA	NA	No	NA	NA	NA	NA	NA	NA	NA	NA	NA	NA	NA	NA	NA	NA	NA	NA	NA	NA	NA	NA
SRR16974507	Saccharomycetales	NA	NA	NA	NA	NA	NA	NA	NA	NA	NA	NA	NA	NA	NA	NA	NA	NA	NA	NA	NA	NA	NA	NA	NA	NA	NA	NA	NA	NA	NA	NA	NA	NA	NA	NA	NA	NA	NA	NA	NA	NA	NA	NA	NA	NA	NA	NA	NA	NA	NA	NA	NA	NA	NA	NA	NA	NA	NA	NA	NA	NA	NA	NA	NA	NA	NA	NA	NA	NA	NA	NA	NA	NA	NA	NA	NA	NA	NA	NA	NA	NA	NA	NA	NA	NA	NA	NA	NA	NA	NA	NA	NA	NA	NA	NA	NA	NA	NA	NA	NA	NA	NA	NA	NA	NA	NA	NA	NA	NA	NA	NA	NA	NA	NA	NA	NA	NA	NA	NA	NA	NA	NA	NA	NA
SRR16974505	Phaffomycetales	NA	NA	NA	NA	NA	NA	NA	NA	NA	NA	NA	NA	NA	NA	NA	NA	NA	NA	NA	NA	NA	NA	NA	NA	NA	NA	NA	NA	NA	NA	NA	NA	NA	NA	NA	NA	NA	NA	NA	NA	NA	NA	NA	NA	NA	NA	NA	NA	NA	NA	NA	NA	NA	NA	NA	NA	NA	NA	NA	NA	NA	NA	NA	NA	NA	NA	NA	NA	NA	NA	NA	NA	NA	NA	NA	NA	NA	NA	NA	NA	NA	NA	NA	NA	NA	NA	NA	NA	NA	NA	NA	NA	NA	NA	NA	NA	NA	NA	NA	NA	NA	NA	NA	NA	NA	NA	NA	NA	NA	NA	NA	NA	NA	NA	NA	NA	NA	NA	NA	NA	NA	NA	NA	NA
SRR16974504	Lipomycetales	NA	NA	NA	NA	NA	NA	NA	NA	NA	NA	NA	NA	NA	NA	NA	NA	NA	NA	NA	NA	NA	NA	NA	NA	NA	NA	NA	NA	NA	NA	NA	NA	NA	NA	NA	NA	NA	NA	NA	NA	NA	NA	NA	NA	NA	NA	NA	NA	NA	NA	NA	NA	NA	NA	NA	NA	NA	NA	NA	NA	NA	NA	NA	NA	NA	NA	NA	NA	NA	NA	NA	NA	NA	NA	NA	NA	NA	NA	NA	NA	NA	NA	NA	NA	NA	NA	NA	NA	NA	NA	NA	NA	NA	NA	NA	NA	NA	NA	NA	NA	NA	NA	NA	NA	NA	NA	NA	NA	NA	NA	NA	NA	NA	NA	NA	NA	NA	NA	NA	NA	NA	NA	NA	NA
SRR16974503	Dipodascales	NA	NA	NA	NA	Yes	NA	NA	NA	NA	NA	NA	NA	NA	NA	NA	NA	Yes	NA	NA	NA	NA	NA	NA	NA	NA	NA	NA	NA	Yes	NA	NA	NA	NA	NA	NA	NA	NA	NA	NA	NA	Yes	NA	NA	NA	NA	NA	NA	NA	NA	NA	NA	NA	No	NA	NA	NA	NA	NA	NA	NA	NA	NA	NA	NA	No	NA	NA	NA	NA	NA	NA	NA	NA	NA	NA	NA	No	NA	NA	NA	NA	NA	NA	NA	NA	NA	NA	NA	No	NA	NA	NA	NA	NA	NA	NA	NA	NA	NA	NA	Yes	NA	NA	NA	NA	NA	NA	NA	NA	NA	NA	NA	Yes	NA	NA	NA	NA	NA	NA	NA	NA	NA	NA	NA
SRR16974502	Trigonopsidales	NA	NA	NA	NA	NA	NA	No	NA	NA	NA	NA	NA	NA	NA	NA	NA	NA	NA	No	NA	NA	NA	NA	NA	NA	NA	NA	NA	NA	NA	No	NA	NA	NA	NA	NA	NA	NA	NA	NA	NA	NA	No	NA	NA	NA	NA	NA	NA	NA	NA	NA	NA	NA	No	NA	NA	NA	NA	NA	NA	NA	NA	NA	NA	NA	Yes	NA	NA	NA	NA	NA	NA	NA	NA	NA	NA	NA	Yes	NA	NA	NA	NA	NA	NA	NA	NA	NA	NA	NA	No	NA	NA	NA	NA	NA	NA	NA	NA	NA	NA	NA	Yes	NA	NA	NA	NA	NA	NA	NA	NA	NA	NA	NA	Yes	NA	NA	NA	NA	NA	NA	NA	NA	NA
SRR16974501	Saccharomycetales	NA	NA	NA	NA	NA	NA	NA	NA	NA	NA	NA	NA	NA	NA	NA	NA	NA	NA	NA	NA	NA	NA	NA	NA	No	NA	NA	NA	NA	NA	NA	NA	NA	NA	NA	NA	No	NA	NA	NA	NA	NA	NA	NA	NA	NA	NA	NA	NA	NA	NA	NA	NA	NA	NA	NA	NA	NA	NA	NA	NA	NA	NA	NA	NA	NA	NA	NA	NA	NA	NA	NA	NA	NA	NA	NA	NA	NA	NA	NA	NA	NA	NA	NA	NA	NA	NA	NA	NA	NA	NA	NA	NA	NA	NA	NA	No	NA	NA	NA	NA	NA	NA	NA	NA	NA	NA	NA	Yes	NA	NA	NA	NA	NA	NA	NA	NA	NA	NA	NA	NA	NA	NA	NA
SRR16974500	Alaninales	NA	NA	NA	NA	NA	NA	NA	NA	NA	NA	NA	NA	NA	NA	NA	NA	NA	NA	NA	NA	NA	NA	NA	NA	NA	NA	NA	NA	NA	NA	NA	NA	NA	NA	NA	NA	NA	NA	NA	NA	NA	NA	NA	NA	NA	NA	NA	NA	NA	NA	NA	NA	NA	NA	NA	NA	NA	NA	NA	NA	NA	NA	NA	NA	NA	NA	NA	NA	NA	NA	NA	NA	NA	NA	NA	NA	NA	NA	NA	NA	NA	NA	NA	NA	NA	NA	NA	NA	NA	NA	NA	NA	NA	NA	NA	NA	NA	NA	NA	NA	NA	NA	NA	NA	NA	NA	NA	NA	NA	NA	NA	NA	NA	NA	NA	NA	NA	NA	NA	NA	NA	NA	NA	NA
SRR16974499	Lipomycetales	NA	No	NA	NA	NA	NA	NA	NA	NA	NA	NA	NA	NA	No	NA	NA	NA	NA	NA	NA	NA	NA	NA	NA	NA	Yes	NA	NA	NA	NA	NA	NA	NA	NA	NA	NA	NA	No	NA	NA	NA	NA	NA	NA	NA	NA	NA	NA	NA	Yes	NA	NA	NA	NA	NA	NA	NA	NA	NA	NA	NA	Yes	NA	NA	NA	NA	NA	NA	NA	NA	NA	NA	NA	No	NA	NA	NA	NA	NA	NA	NA	NA	NA	NA	NA	No	NA	NA	NA	NA	NA	NA	NA	NA	NA	NA	NA	Yes	NA	NA	NA	NA	NA	NA	NA	NA	NA	NA	NA	No	NA	NA	NA	NA	NA	NA	NA	NA	NA	NA	NA	NA	NA	NA
SRR16974497	Lipomycetales	NA	Yes	NA	NA	NA	NA	NA	NA	NA	NA	NA	NA	NA	Yes	NA	NA	NA	NA	NA	NA	NA	NA	NA	NA	NA	No	NA	NA	NA	NA	NA	NA	NA	NA	NA	NA	NA	No	NA	NA	NA	NA	NA	NA	NA	NA	NA	NA	NA	Yes	NA	NA	NA	NA	NA	NA	NA	NA	NA	NA	NA	Yes	NA	NA	NA	NA	NA	NA	NA	NA	NA	NA	NA	Yes	NA	NA	NA	NA	NA	NA	NA	NA	NA	NA	NA	No	NA	NA	NA	NA	NA	NA	NA	NA	NA	NA	NA	Yes	NA	NA	NA	NA	NA	NA	NA	NA	NA	NA	NA	No	NA	NA	NA	NA	NA	NA	NA	NA	NA	NA	NA	NA	NA	NA
SRR16974496	Lipomycetales	NA	NA	NA	NA	NA	NA	NA	NA	NA	NA	NA	NA	NA	NA	NA	NA	NA	NA	NA	NA	NA	NA	NA	NA	NA	NA	NA	NA	NA	NA	NA	NA	NA	NA	NA	NA	NA	NA	NA	NA	NA	NA	NA	NA	NA	NA	NA	NA	NA	NA	NA	NA	NA	NA	NA	NA	NA	NA	NA	NA	NA	NA	NA	NA	NA	NA	NA	NA	NA	NA	NA	NA	NA	NA	NA	NA	NA	NA	NA	NA	NA	NA	NA	NA	NA	NA	NA	NA	NA	NA	NA	NA	NA	NA	NA	NA	NA	NA	NA	NA	NA	NA	NA	NA	NA	NA	NA	NA	NA	NA	NA	NA	NA	NA	NA	NA	NA	NA	NA	NA	NA	NA	NA	NA
SRR16974495	Serinales	NA	NA	NA	NA	NA	NA	NA	NA	NA	NA	NA	NA	NA	NA	NA	NA	NA	NA	NA	NA	NA	NA	NA	NA	NA	NA	NA	NA	NA	NA	NA	NA	NA	NA	NA	NA	NA	NA	NA	NA	NA	NA	NA	NA	NA	NA	NA	NA	NA	NA	NA	NA	NA	NA	NA	NA	NA	NA	NA	NA	NA	NA	NA	NA	NA	NA	NA	NA	NA	NA	NA	NA	NA	NA	NA	NA	NA	NA	NA	NA	NA	NA	NA	NA	NA	NA	NA	NA	NA	NA	NA	NA	NA	NA	NA	NA	NA	NA	NA	NA	NA	NA	NA	NA	NA	NA	NA	NA	NA	NA	NA	NA	NA	NA	NA	NA	NA	NA	NA	NA	NA	NA	NA	NA
SRR16974494	Saccharomycetales	NA	NA	NA	NA	NA	NA	NA	NA	NA	NA	NA	NA	NA	NA	NA	NA	NA	NA	NA	NA	NA	NA	NA	NA	NA	NA	NA	NA	NA	NA	NA	NA	NA	NA	NA	NA	NA	NA	NA	NA	NA	NA	NA	NA	NA	NA	NA	NA	NA	NA	NA	NA	NA	NA	NA	NA	NA	NA	NA	NA	NA	NA	NA	NA	NA	NA	NA	NA	NA	NA	NA	NA	NA	NA	NA	NA	NA	NA	NA	NA	NA	NA	NA	NA	NA	NA	NA	NA	NA	NA	NA	NA	NA	NA	NA	NA	NA	NA	NA	NA	NA	NA	NA	NA	NA	NA	NA	NA	NA	NA	NA	NA	NA	NA	NA	NA	NA	NA	NA	NA	NA	NA	NA	NA
SRR16974493	Serinales	NA	NA	NA	NA	NA	NA	NA	NA	NA	NA	NA	NA	NA	NA	NA	NA	NA	NA	NA	NA	NA	NA	NA	NA	NA	NA	NA	NA	NA	NA	NA	NA	NA	NA	NA	NA	NA	NA	NA	NA	NA	NA	NA	NA	NA	NA	NA	NA	NA	NA	NA	NA	NA	NA	NA	NA	NA	NA	NA	NA	NA	NA	NA	NA	NA	NA	NA	NA	NA	NA	NA	NA	NA	NA	NA	NA	NA	NA	NA	NA	NA	NA	NA	NA	NA	NA	NA	NA	NA	NA	NA	NA	NA	NA	NA	NA	NA	NA	NA	NA	NA	NA	NA	NA	NA	NA	NA	NA	NA	NA	NA	NA	NA	NA	NA	NA	NA	NA	NA	NA	NA	NA	NA	NA
SRR16974492	Serinales	NA	NA	NA	NA	NA	NA	NA	NA	NA	NA	NA	NA	NA	NA	NA	NA	NA	NA	NA	NA	NA	NA	NA	NA	NA	NA	NA	NA	NA	NA	NA	NA	NA	NA	NA	NA	NA	NA	NA	NA	NA	NA	NA	NA	NA	NA	NA	NA	NA	NA	NA	NA	NA	NA	NA	NA	NA	NA	NA	NA	NA	NA	NA	NA	NA	NA	NA	NA	NA	NA	NA	NA	NA	NA	NA	NA	NA	NA	NA	NA	NA	NA	NA	NA	NA	NA	NA	NA	NA	NA	NA	NA	NA	NA	NA	NA	NA	NA	NA	NA	NA	NA	NA	NA	NA	NA	NA	NA	NA	NA	NA	NA	NA	NA	NA	NA	NA	NA	NA	NA	NA	NA	NA	NA
SRR16974491	Pichiales	NA	NA	NA	NA	NA	NA	NA	NA	NA	NA	NA	NA	NA	NA	NA	NA	NA	NA	NA	NA	NA	NA	NA	NA	NA	NA	NA	NA	NA	NA	NA	NA	NA	NA	NA	NA	NA	NA	NA	NA	NA	NA	NA	NA	NA	NA	NA	NA	NA	NA	NA	NA	NA	NA	NA	NA	NA	NA	NA	NA	NA	NA	NA	NA	NA	NA	NA	NA	NA	NA	NA	NA	NA	NA	NA	NA	NA	NA	NA	NA	NA	NA	NA	NA	NA	NA	NA	NA	NA	NA	NA	NA	NA	NA	NA	NA	NA	NA	NA	NA	NA	NA	NA	NA	NA	NA	NA	NA	NA	NA	NA	NA	NA	NA	NA	NA	NA	NA	NA	NA	NA	NA	NA	NA
SRR16974490	Alaninales	NA	NA	NA	NA	NA	NA	NA	NA	NA	NA	NA	NA	NA	NA	NA	NA	NA	NA	NA	NA	NA	NA	NA	NA	NA	NA	NA	NA	NA	NA	NA	NA	NA	NA	NA	NA	NA	NA	NA	NA	NA	NA	NA	NA	NA	NA	NA	NA	NA	NA	NA	NA	NA	NA	NA	NA	NA	NA	NA	NA	NA	NA	NA	NA	NA	NA	NA	NA	NA	NA	NA	NA	NA	NA	NA	NA	NA	NA	NA	NA	NA	NA	NA	NA	NA	NA	NA	NA	NA	NA	NA	NA	NA	NA	NA	NA	NA	NA	NA	NA	NA	NA	NA	NA	NA	NA	NA	NA	NA	NA	NA	NA	NA	NA	NA	NA	NA	NA	NA	NA	NA	NA	NA	NA
SRR16974489	Dipodascales	NA	NA	NA	NA	NA	NA	NA	NA	NA	NA	NA	NA	NA	NA	NA	NA	NA	NA	NA	NA	NA	NA	NA	NA	NA	NA	NA	NA	NA	NA	NA	NA	NA	NA	NA	NA	NA	NA	NA	NA	NA	NA	NA	NA	NA	NA	NA	NA	NA	NA	NA	NA	NA	NA	NA	NA	NA	NA	NA	NA	NA	NA	NA	NA	NA	NA	NA	NA	NA	NA	NA	NA	NA	NA	NA	NA	NA	NA	NA	NA	NA	NA	NA	NA	NA	NA	NA	NA	NA	NA	NA	NA	NA	NA	NA	NA	NA	NA	NA	NA	NA	NA	NA	NA	NA	NA	NA	NA	NA	NA	NA	NA	NA	NA	NA	NA	NA	NA	NA	NA	NA	NA	NA	NA
SRR16974488	Serinales	NA	NA	NA	NA	NA	NA	NA	NA	NA	NA	NA	NA	NA	NA	NA	NA	NA	NA	NA	NA	NA	NA	NA	NA	NA	NA	NA	NA	NA	NA	NA	NA	NA	NA	NA	NA	NA	NA	NA	NA	NA	NA	NA	NA	NA	NA	NA	NA	NA	NA	NA	NA	NA	NA	NA	NA	NA	NA	NA	NA	NA	NA	NA	NA	NA	NA	NA	NA	NA	NA	NA	NA	NA	NA	NA	NA	NA	NA	NA	NA	NA	NA	NA	NA	NA	NA	NA	NA	NA	NA	NA	NA	NA	NA	NA	NA	NA	NA	NA	NA	NA	NA	NA	NA	NA	NA	NA	NA	NA	NA	NA	NA	NA	NA	NA	NA	NA	NA	NA	NA	NA	NA	NA	NA
SRR16974486	Serinales	NA	NA	NA	NA	NA	NA	NA	NA	NA	NA	NA	NA	NA	NA	NA	NA	NA	NA	NA	NA	NA	NA	NA	NA	NA	NA	NA	NA	NA	NA	NA	NA	NA	NA	NA	NA	NA	NA	NA	NA	NA	NA	NA	NA	NA	NA	NA	NA	NA	NA	NA	NA	NA	NA	NA	NA	NA	NA	NA	NA	NA	NA	NA	NA	NA	NA	NA	NA	NA	NA	NA	NA	NA	NA	NA	NA	NA	NA	NA	NA	NA	NA	NA	NA	NA	NA	NA	NA	NA	NA	NA	NA	NA	NA	NA	NA	NA	NA	NA	NA	NA	NA	NA	NA	NA	NA	NA	NA	NA	NA	NA	NA	NA	NA	NA	NA	NA	NA	NA	NA	NA	NA	NA	NA
SRR16974485	Phaffomycetales	NA	NA	NA	NA	NA	NA	NA	NA	NA	NA	NA	NA	NA	NA	NA	NA	NA	NA	NA	NA	NA	NA	NA	NA	NA	NA	NA	NA	NA	NA	NA	NA	NA	NA	NA	NA	NA	NA	NA	NA	NA	NA	NA	NA	NA	NA	NA	NA	NA	NA	NA	NA	NA	NA	NA	NA	NA	NA	NA	NA	NA	NA	NA	NA	NA	NA	NA	NA	NA	NA	NA	NA	NA	NA	NA	NA	NA	NA	NA	NA	NA	NA	NA	NA	NA	NA	NA	NA	NA	NA	NA	NA	NA	NA	NA	NA	NA	NA	NA	NA	NA	NA	NA	NA	NA	NA	NA	NA	NA	NA	NA	NA	NA	NA	NA	NA	NA	NA	NA	NA	NA	NA	NA	NA
SRR16974484	Serinales	NA	NA	NA	NA	NA	NA	NA	NA	NA	NA	NA	NA	NA	NA	NA	NA	NA	NA	NA	NA	NA	NA	NA	NA	NA	NA	NA	NA	NA	NA	NA	NA	NA	NA	NA	NA	NA	NA	NA	NA	NA	NA	NA	NA	NA	NA	NA	NA	NA	NA	NA	NA	NA	NA	NA	NA	NA	NA	NA	NA	NA	NA	NA	NA	NA	NA	NA	NA	NA	NA	NA	NA	NA	NA	NA	NA	NA	NA	NA	NA	NA	NA	NA	NA	NA	NA	NA	NA	NA	NA	NA	NA	NA	NA	NA	NA	NA	NA	NA	NA	NA	NA	NA	NA	NA	NA	NA	NA	NA	NA	NA	NA	NA	NA	NA	NA	NA	NA	NA	NA	NA	NA	NA	NA
SRR16974483	Serinales	NA	NA	NA	NA	NA	NA	NA	NA	NA	NA	NA	NA	NA	NA	NA	NA	NA	NA	NA	NA	NA	NA	NA	NA	NA	NA	NA	NA	NA	NA	NA	NA	NA	NA	NA	NA	NA	NA	NA	NA	NA	NA	NA	NA	NA	NA	NA	NA	NA	NA	NA	NA	NA	NA	NA	NA	NA	NA	NA	NA	NA	NA	NA	NA	NA	NA	NA	NA	NA	NA	NA	NA	NA	NA	NA	NA	NA	NA	NA	NA	NA	NA	NA	NA	NA	NA	NA	NA	NA	NA	NA	NA	NA	NA	NA	NA	NA	NA	NA	NA	NA	NA	NA	NA	NA	NA	NA	NA	NA	NA	NA	NA	NA	NA	NA	NA	NA	NA	NA	NA	NA	NA	NA	NA
SRR16974482	Dipodascales	NA	NA	NA	NA	NA	NA	NA	NA	NA	NA	NA	NA	NA	NA	NA	NA	NA	NA	NA	NA	NA	NA	NA	NA	NA	NA	NA	NA	NA	NA	NA	NA	NA	NA	NA	NA	NA	NA	NA	NA	NA	NA	NA	NA	NA	NA	NA	NA	NA	NA	NA	NA	NA	NA	NA	NA	NA	NA	NA	NA	NA	NA	NA	NA	NA	NA	NA	NA	NA	NA	NA	NA	NA	NA	NA	NA	NA	NA	NA	NA	NA	NA	NA	NA	NA	NA	NA	NA	NA	NA	NA	NA	NA	NA	NA	NA	NA	NA	NA	NA	NA	NA	NA	NA	NA	NA	NA	NA	NA	NA	NA	NA	NA	NA	NA	NA	NA	NA	NA	NA	NA	NA	NA	NA
SRR16974481	Pichiales	NA	NA	NA	NA	NA	NA	NA	NA	NA	NA	NA	NA	NA	NA	NA	NA	NA	NA	NA	NA	NA	NA	NA	NA	NA	NA	NA	NA	NA	NA	NA	NA	NA	NA	NA	NA	NA	NA	NA	NA	NA	NA	NA	NA	NA	NA	NA	NA	NA	NA	NA	NA	NA	NA	NA	NA	NA	NA	NA	NA	NA	NA	NA	NA	NA	NA	NA	NA	NA	NA	NA	NA	NA	NA	NA	NA	NA	NA	NA	NA	NA	NA	NA	NA	NA	NA	NA	NA	NA	NA	NA	NA	NA	NA	NA	NA	NA	NA	NA	NA	NA	NA	NA	NA	NA	NA	NA	NA	NA	NA	NA	NA	NA	NA	NA	NA	NA	NA	NA	NA	NA	NA	NA	NA
SRR16974480	Phaffomycetales	NA	NA	NA	NA	NA	NA	NA	NA	NA	NA	NA	NA	NA	NA	NA	NA	NA	NA	NA	NA	NA	NA	NA	NA	NA	NA	NA	NA	NA	NA	NA	NA	NA	NA	NA	NA	NA	NA	NA	NA	NA	NA	NA	NA	NA	NA	NA	NA	NA	NA	NA	NA	NA	NA	NA	NA	NA	NA	NA	NA	NA	NA	NA	NA	NA	NA	NA	NA	NA	NA	NA	NA	NA	NA	NA	NA	NA	NA	NA	NA	NA	NA	NA	NA	NA	NA	NA	NA	NA	NA	NA	NA	NA	NA	NA	NA	NA	NA	NA	NA	NA	NA	NA	NA	NA	NA	NA	NA	NA	NA	NA	NA	NA	NA	NA	NA	NA	NA	NA	NA	NA	NA	NA	NA
SRR16974479	Serinales	NA	NA	NA	NA	NA	NA	NA	NA	NA	NA	NA	NA	NA	NA	NA	NA	NA	NA	NA	NA	NA	NA	NA	NA	NA	NA	NA	NA	NA	NA	NA	NA	NA	NA	NA	NA	NA	NA	NA	NA	NA	NA	NA	NA	NA	NA	NA	NA	NA	NA	NA	NA	NA	NA	NA	NA	NA	NA	NA	NA	NA	NA	NA	NA	NA	NA	NA	NA	NA	NA	NA	NA	NA	NA	NA	NA	NA	NA	NA	NA	NA	NA	NA	NA	NA	NA	NA	NA	NA	NA	NA	NA	NA	NA	NA	NA	NA	NA	NA	NA	NA	NA	NA	NA	NA	NA	NA	NA	NA	NA	NA	NA	NA	NA	NA	NA	NA	NA	NA	NA	NA	NA	NA	NA
SRR16974478	Phaffomycetales	NA	NA	NA	NA	NA	NA	NA	NA	NA	NA	NA	NA	NA	NA	NA	NA	NA	NA	NA	NA	NA	NA	NA	NA	NA	NA	NA	NA	NA	NA	NA	NA	NA	NA	NA	NA	NA	NA	NA	NA	NA	NA	NA	NA	NA	NA	NA	NA	NA	NA	NA	NA	NA	NA	NA	NA	NA	NA	NA	NA	NA	NA	NA	NA	NA	NA	NA	NA	NA	NA	NA	NA	NA	NA	NA	NA	NA	NA	NA	NA	NA	NA	NA	NA	NA	NA	NA	NA	NA	NA	NA	NA	NA	NA	NA	NA	NA	NA	NA	NA	NA	NA	NA	NA	NA	NA	NA	NA	NA	NA	NA	NA	NA	NA	NA	NA	NA	NA	NA	NA	NA	NA	NA	NA
SRR16974394	Saccharomycetales	NA	NA	NA	NA	NA	NA	NA	NA	NA	NA	NA	NA	NA	NA	NA	NA	NA	NA	NA	NA	NA	NA	NA	NA	NA	NA	NA	NA	NA	NA	NA	NA	NA	NA	NA	NA	NA	NA	NA	NA	NA	NA	NA	NA	NA	NA	NA	NA	NA	NA	NA	NA	NA	NA	NA	NA	NA	NA	NA	NA	NA	NA	NA	NA	NA	NA	NA	NA	NA	NA	NA	NA	NA	NA	NA	NA	NA	NA	NA	NA	NA	NA	NA	NA	NA	NA	NA	NA	NA	NA	NA	NA	NA	NA	NA	NA	NA	NA	NA	NA	NA	NA	NA	NA	NA	NA	NA	NA	NA	NA	NA	NA	NA	NA	NA	NA	NA	NA	NA	NA	NA	NA	NA	NA
SRR16974391	Serinales	NA	NA	NA	NA	NA	NA	NA	NA	NA	NA	NA	NA	NA	NA	NA	NA	NA	NA	NA	NA	NA	NA	NA	NA	NA	NA	NA	NA	NA	NA	NA	NA	NA	NA	NA	NA	NA	NA	NA	NA	NA	NA	NA	NA	NA	NA	NA	NA	NA	NA	NA	NA	NA	NA	NA	NA	NA	NA	NA	NA	NA	NA	NA	NA	NA	NA	NA	NA	NA	NA	NA	NA	NA	NA	NA	NA	NA	NA	NA	NA	NA	NA	NA	NA	NA	NA	NA	NA	NA	NA	NA	NA	NA	NA	NA	NA	NA	NA	NA	NA	NA	NA	NA	NA	NA	NA	NA	NA	NA	NA	NA	NA	NA	NA	NA	NA	NA	NA	NA	NA	NA	NA	NA	NA
SRR16974390	Pichiales	NA	NA	NA	NA	NA	NA	NA	NA	NA	NA	NA	NA	NA	NA	NA	NA	NA	NA	NA	NA	NA	NA	NA	NA	NA	NA	NA	NA	NA	NA	NA	NA	NA	NA	NA	NA	NA	NA	NA	NA	NA	NA	NA	NA	NA	NA	NA	NA	NA	NA	NA	NA	NA	NA	NA	NA	NA	NA	NA	NA	NA	NA	NA	NA	NA	NA	NA	NA	NA	NA	NA	NA	NA	NA	NA	NA	NA	NA	NA	NA	NA	NA	NA	NA	NA	NA	NA	NA	NA	NA	NA	NA	NA	NA	NA	NA	NA	NA	NA	NA	NA	NA	NA	NA	NA	NA	NA	NA	NA	NA	NA	NA	NA	NA	NA	NA	NA	NA	NA	NA	NA	NA	NA	NA
SRR16974388	Saccharomycetales	NA	NA	NA	NA	NA	NA	NA	NA	NA	NA	NA	NA	NA	NA	NA	NA	NA	NA	NA	NA	NA	NA	NA	NA	NA	NA	NA	NA	NA	NA	NA	NA	NA	NA	NA	NA	NA	NA	NA	NA	NA	NA	NA	NA	NA	NA	NA	NA	NA	NA	NA	NA	NA	NA	NA	NA	NA	NA	NA	NA	NA	NA	NA	NA	NA	NA	NA	NA	NA	NA	NA	NA	NA	NA	NA	NA	NA	NA	NA	NA	NA	NA	NA	NA	NA	NA	NA	NA	NA	NA	NA	NA	NA	NA	NA	NA	NA	NA	NA	NA	NA	NA	NA	NA	NA	NA	NA	NA	NA	NA	NA	NA	NA	NA	NA	NA	NA	NA	NA	NA	NA	NA	NA	NA
SRR16974389	Serinales	NA	NA	NA	NA	NA	NA	NA	NA	NA	NA	NA	NA	NA	NA	NA	NA	NA	NA	NA	NA	NA	NA	NA	NA	NA	NA	NA	NA	NA	NA	NA	NA	NA	NA	NA	NA	NA	NA	NA	NA	NA	NA	NA	NA	NA	NA	NA	NA	NA	NA	NA	NA	NA	NA	NA	NA	NA	NA	NA	NA	NA	NA	NA	NA	NA	NA	NA	NA	NA	NA	NA	NA	NA	NA	NA	NA	NA	NA	NA	NA	NA	NA	NA	NA	NA	NA	NA	NA	NA	NA	NA	NA	NA	NA	NA	NA	NA	NA	NA	NA	NA	NA	NA	NA	NA	NA	NA	NA	NA	NA	NA	NA	NA	NA	NA	NA	NA	NA	NA	NA	NA	NA	NA	NA
SRR16974387	Serinales	NA	NA	Yes	NA	NA	NA	NA	NA	NA	NA	NA	NA	NA	NA	Yes	NA	NA	NA	NA	NA	NA	NA	NA	NA	NA	NA	Yes	NA	NA	NA	NA	NA	NA	NA	NA	NA	NA	NA	Yes	NA	NA	NA	NA	NA	NA	NA	NA	NA	NA	NA	Yes	NA	NA	NA	NA	NA	NA	NA	NA	NA	NA	NA	Yes	NA	NA	NA	NA	NA	NA	NA	NA	NA	NA	NA	No	NA	NA	NA	NA	NA	NA	NA	NA	NA	NA	NA	No	NA	NA	NA	NA	NA	NA	NA	NA	NA	NA	NA	No	NA	NA	NA	NA	NA	NA	NA	NA	NA	NA	NA	Yes	NA	NA	NA	NA	NA	NA	NA	NA	NA	NA	NA	NA	NA
SRR16974386	Serinales	NA	NA	Yes	NA	NA	NA	NA	NA	NA	NA	NA	NA	NA	NA	Yes	NA	NA	NA	NA	NA	NA	NA	NA	NA	NA	NA	No	NA	NA	NA	NA	NA	NA	NA	NA	NA	NA	NA	Yes	NA	NA	NA	NA	NA	NA	NA	NA	NA	NA	NA	Yes	NA	NA	NA	NA	NA	NA	NA	NA	NA	NA	NA	Yes	NA	NA	NA	NA	NA	NA	NA	NA	NA	NA	NA	No	NA	NA	NA	NA	NA	NA	NA	NA	NA	NA	NA	Yes	NA	NA	NA	NA	NA	NA	NA	NA	NA	NA	NA	No	NA	NA	NA	NA	NA	NA	NA	NA	NA	NA	NA	No	NA	NA	NA	NA	NA	NA	NA	NA	NA	NA	NA	NA	NA
SRR16974385	Serinales	NA	NA	No	NA	NA	NA	NA	NA	NA	NA	NA	NA	NA	NA	Yes	NA	NA	NA	NA	NA	NA	NA	NA	NA	NA	NA	No	NA	NA	NA	NA	NA	NA	NA	NA	NA	NA	NA	No	NA	NA	NA	NA	NA	NA	NA	NA	NA	NA	NA	NA	NA	NA	NA	NA	NA	NA	NA	NA	NA	NA	NA	NA	NA	NA	NA	NA	NA	NA	NA	NA	NA	NA	NA	Yes	NA	NA	NA	NA	NA	NA	NA	NA	NA	NA	NA	No	NA	NA	NA	NA	NA	NA	NA	NA	NA	NA	NA	NA	NA	NA	NA	NA	NA	NA	NA	NA	NA	NA	NA	Yes	NA	NA	NA	NA	NA	NA	NA	NA	NA	Yes	NA	NA	NA
SRR16974384	Serinales	NA	NA	No	NA	NA	NA	NA	NA	NA	NA	NA	NA	NA	NA	No	NA	NA	NA	NA	NA	NA	NA	NA	NA	NA	NA	Yes	NA	NA	NA	NA	NA	NA	NA	NA	NA	NA	NA	Yes	NA	NA	NA	NA	NA	NA	NA	NA	NA	NA	NA	No	NA	NA	NA	NA	NA	NA	NA	NA	NA	NA	NA	Yes	NA	NA	NA	NA	NA	NA	NA	NA	NA	NA	NA	No	NA	NA	NA	NA	NA	NA	NA	NA	NA	NA	NA	No	NA	NA	NA	NA	NA	NA	NA	NA	NA	NA	NA	No	NA	NA	NA	NA	NA	NA	NA	NA	NA	NA	NA	Yes	NA	NA	NA	NA	NA	NA	NA	NA	NA	NA	NA	NA	NA
SRR16974383	Serinales	NA	NA	Yes	NA	NA	NA	NA	NA	NA	NA	NA	NA	NA	NA	Yes	NA	NA	NA	NA	NA	NA	NA	NA	NA	NA	NA	No	NA	NA	NA	NA	NA	NA	NA	NA	NA	NA	NA	Yes	NA	NA	NA	NA	NA	NA	NA	NA	NA	NA	NA	Yes	NA	NA	NA	NA	NA	NA	NA	NA	NA	NA	NA	Yes	NA	NA	NA	NA	NA	NA	NA	NA	NA	NA	NA	No	NA	NA	NA	NA	NA	NA	NA	NA	NA	NA	NA	Yes	NA	NA	NA	NA	NA	NA	NA	NA	NA	NA	NA	Yes	NA	NA	NA	NA	NA	NA	NA	NA	NA	NA	NA	No	NA	NA	NA	NA	NA	NA	NA	NA	NA	No	NA	NA	NA
SRR16974382	Pichiales	NA	NA	NA	NA	NA	NA	NA	NA	NA	NA	NA	NA	NA	NA	NA	NA	NA	NA	NA	NA	NA	NA	NA	NA	NA	NA	NA	NA	NA	NA	NA	NA	NA	NA	NA	NA	NA	NA	NA	NA	NA	NA	NA	NA	NA	NA	NA	NA	NA	NA	NA	NA	NA	NA	NA	NA	NA	NA	NA	NA	NA	NA	NA	NA	NA	NA	NA	NA	NA	NA	NA	NA	NA	NA	NA	NA	NA	NA	NA	NA	NA	NA	NA	NA	NA	NA	NA	NA	NA	NA	NA	NA	NA	NA	NA	NA	NA	NA	NA	NA	NA	NA	NA	NA	NA	NA	NA	NA	NA	NA	NA	NA	NA	NA	NA	NA	NA	NA	NA	NA	NA	NA	NA	NA
SRR16974380	Serinales	NA	NA	Yes	NA	NA	NA	NA	NA	NA	NA	NA	NA	NA	NA	Yes	NA	NA	NA	NA	NA	NA	NA	NA	NA	NA	NA	Yes	NA	NA	NA	NA	NA	NA	NA	NA	NA	NA	NA	Yes	NA	NA	NA	NA	NA	NA	NA	NA	NA	NA	NA	Yes	NA	NA	NA	NA	NA	NA	NA	NA	NA	NA	NA	Yes	NA	NA	NA	NA	NA	NA	NA	NA	NA	NA	NA	Yes	NA	NA	NA	NA	NA	NA	NA	NA	NA	NA	NA	Yes	NA	NA	NA	NA	NA	NA	NA	NA	NA	NA	NA	NA	NA	NA	NA	NA	NA	NA	NA	NA	NA	NA	NA	Yes	NA	NA	NA	NA	NA	NA	NA	NA	NA	NA	NA	NA	NA
SRR16974379	Dipodascales	NA	NA	NA	NA	NA	NA	NA	NA	NA	NA	NA	NA	NA	NA	NA	NA	NA	NA	NA	NA	NA	NA	NA	NA	NA	NA	NA	NA	NA	NA	NA	NA	NA	NA	NA	NA	NA	NA	NA	NA	NA	NA	NA	NA	NA	NA	NA	NA	NA	NA	NA	NA	NA	NA	NA	NA	NA	NA	NA	NA	NA	NA	NA	NA	NA	NA	NA	NA	NA	NA	NA	NA	NA	NA	NA	NA	NA	NA	NA	NA	NA	NA	NA	NA	NA	NA	NA	NA	NA	NA	NA	NA	NA	NA	NA	NA	NA	NA	NA	NA	NA	NA	NA	NA	NA	NA	NA	NA	NA	NA	NA	NA	NA	NA	NA	NA	NA	NA	NA	NA	NA	NA	NA	NA
SRR16974378	Phaffomycetales	NA	NA	NA	NA	NA	NA	NA	NA	NA	NA	NA	NA	NA	NA	NA	NA	NA	NA	NA	NA	NA	NA	NA	NA	NA	NA	NA	NA	NA	NA	NA	NA	NA	NA	NA	NA	NA	NA	NA	NA	NA	NA	NA	NA	NA	NA	NA	NA	NA	NA	NA	NA	NA	NA	NA	NA	NA	NA	NA	NA	NA	NA	NA	NA	NA	NA	NA	NA	NA	NA	NA	NA	NA	NA	NA	NA	NA	NA	NA	NA	NA	NA	NA	NA	NA	NA	NA	NA	NA	NA	NA	NA	NA	NA	NA	NA	NA	NA	NA	NA	NA	NA	NA	NA	NA	NA	NA	NA	NA	NA	NA	NA	NA	NA	NA	NA	NA	NA	NA	NA	NA	NA	NA	NA
SRR16974377	Dipodascales	NA	NA	NA	NA	No	NA	NA	NA	NA	NA	NA	NA	NA	NA	NA	NA	No	NA	NA	NA	NA	NA	NA	NA	NA	NA	NA	NA	No	NA	NA	NA	NA	NA	NA	NA	NA	NA	NA	NA	Yes	NA	NA	NA	NA	NA	NA	NA	NA	NA	NA	NA	Yes	NA	NA	NA	NA	NA	NA	NA	NA	NA	NA	NA	No	NA	NA	NA	NA	NA	NA	NA	NA	NA	NA	NA	No	NA	NA	NA	NA	NA	NA	NA	NA	NA	NA	NA	No	NA	NA	NA	NA	NA	NA	NA	NA	NA	NA	NA	NA	NA	NA	NA	NA	NA	NA	NA	NA	NA	NA	NA	No	NA	NA	NA	NA	NA	NA	NA	NA	NA	NA	NA
SRR16974376	Dipodascales	NA	NA	NA	NA	NA	NA	NA	NA	NA	NA	NA	NA	NA	NA	NA	NA	NA	NA	NA	NA	NA	NA	NA	NA	NA	NA	NA	NA	NA	NA	NA	NA	NA	NA	NA	NA	NA	NA	NA	NA	NA	NA	NA	NA	NA	NA	NA	NA	NA	NA	NA	NA	NA	NA	NA	NA	NA	NA	NA	NA	NA	NA	NA	NA	NA	NA	NA	NA	NA	NA	NA	NA	NA	NA	NA	NA	NA	NA	NA	NA	NA	NA	NA	NA	NA	NA	NA	NA	NA	NA	NA	NA	NA	NA	NA	NA	NA	NA	NA	NA	NA	NA	NA	NA	NA	NA	NA	NA	NA	NA	NA	NA	Yes	NA	NA	NA	NA	NA	NA	NA	NA	NA	NA	NA
SRR16974375	Serinales	NA	NA	Yes	NA	NA	NA	NA	NA	NA	NA	NA	NA	NA	NA	Yes	NA	NA	NA	NA	NA	NA	NA	NA	NA	NA	NA	Yes	NA	NA	NA	NA	NA	NA	NA	NA	NA	NA	NA	Yes	NA	NA	NA	NA	NA	NA	NA	NA	NA	NA	NA	NA	NA	NA	NA	NA	NA	NA	NA	NA	NA	NA	NA	NA	NA	NA	NA	NA	NA	NA	NA	NA	NA	NA	NA	No	NA	NA	NA	NA	NA	NA	NA	NA	NA	NA	NA	Yes	NA	NA	NA	NA	NA	NA	NA	NA	NA	NA	NA	NA	NA	NA	NA	NA	NA	NA	NA	NA	NA	NA	NA	NA	NA	NA	NA	NA	NA	NA	NA	NA	NA	NA	NA	NA	NA
SRR16974374	Alloascoideales	NA	NA	NA	NA	NA	NA	NA	NA	NA	NA	NA	NA	NA	NA	NA	NA	NA	NA	NA	NA	NA	NA	NA	NA	NA	NA	NA	NA	NA	NA	NA	NA	NA	NA	NA	NA	NA	NA	NA	NA	NA	NA	NA	NA	NA	NA	NA	NA	NA	NA	NA	NA	NA	NA	NA	NA	NA	NA	NA	NA	NA	NA	NA	NA	NA	NA	NA	NA	NA	NA	NA	NA	NA	NA	NA	NA	NA	NA	NA	NA	NA	NA	NA	NA	NA	NA	NA	NA	NA	NA	NA	NA	NA	NA	NA	NA	NA	NA	NA	NA	NA	NA	NA	NA	NA	NA	NA	NA	NA	NA	NA	NA	NA	NA	NA	NA	NA	NA	NA	NA	NA	NA	NA	NA
SRR16974373	Pichiales	NA	NA	NA	Yes	NA	NA	NA	NA	NA	NA	NA	NA	NA	NA	NA	Yes	NA	NA	NA	NA	NA	NA	NA	NA	NA	NA	NA	Yes	NA	NA	NA	NA	NA	NA	NA	NA	NA	NA	NA	Yes	NA	NA	NA	NA	NA	NA	NA	NA	NA	NA	NA	Yes	NA	NA	NA	NA	NA	NA	NA	NA	NA	NA	NA	Yes	NA	NA	NA	NA	NA	NA	NA	NA	NA	NA	NA	No	NA	NA	NA	NA	NA	NA	NA	NA	NA	NA	NA	Yes	NA	NA	NA	NA	NA	NA	NA	NA	NA	NA	NA	No	NA	NA	NA	NA	NA	NA	NA	NA	NA	NA	NA	Yes	NA	NA	NA	NA	NA	NA	NA	NA	NA	No	NA	NA
SRR16974372	Saccharomycetales	No	NA	NA	NA	NA	NA	NA	NA	NA	NA	NA	NA	No	NA	NA	NA	NA	NA	NA	NA	NA	NA	NA	NA	No	NA	NA	NA	NA	NA	NA	NA	NA	NA	NA	NA	No	NA	NA	NA	NA	NA	NA	NA	NA	NA	NA	NA	No	NA	NA	NA	NA	NA	NA	NA	NA	NA	NA	NA	Yes	NA	NA	NA	NA	NA	NA	NA	NA	NA	NA	NA	No	NA	NA	NA	NA	NA	NA	NA	NA	NA	NA	NA	No	NA	NA	NA	NA	NA	NA	NA	NA	NA	NA	NA	No	NA	NA	NA	NA	NA	NA	NA	NA	NA	NA	NA	Yes	NA	NA	NA	NA	NA	NA	NA	NA	NA	NA	NA	NA	NA	NA	Yes
SRR16974371	Dipodascales	NA	NA	NA	NA	NA	NA	NA	NA	NA	NA	NA	NA	NA	NA	NA	NA	NA	NA	NA	NA	NA	NA	NA	NA	NA	NA	NA	NA	NA	NA	NA	NA	NA	NA	NA	NA	NA	NA	NA	NA	NA	NA	NA	NA	NA	NA	NA	NA	NA	NA	NA	NA	NA	NA	NA	NA	NA	NA	NA	NA	NA	NA	NA	NA	NA	NA	NA	NA	NA	NA	NA	NA	NA	NA	NA	NA	NA	NA	NA	NA	NA	NA	NA	NA	NA	NA	NA	NA	NA	NA	NA	NA	NA	NA	NA	NA	NA	NA	NA	NA	NA	NA	NA	NA	NA	NA	NA	NA	NA	NA	NA	NA	NA	NA	NA	NA	NA	NA	NA	NA	NA	NA	NA	NA
SRR16974531	Pichiales	NA	NA	NA	Yes	NA	NA	NA	NA	NA	NA	NA	NA	NA	NA	NA	Yes	NA	NA	NA	NA	NA	NA	NA	NA	NA	NA	NA	Yes	NA	NA	NA	NA	NA	NA	NA	NA	NA	NA	NA	Yes	NA	NA	NA	NA	NA	NA	NA	NA	NA	NA	NA	Yes	NA	NA	NA	NA	NA	NA	NA	NA	NA	NA	NA	Yes	NA	NA	NA	NA	NA	NA	NA	NA	NA	NA	NA	No	NA	NA	NA	NA	NA	NA	NA	NA	NA	NA	NA	Yes	NA	NA	NA	NA	NA	NA	NA	NA	NA	NA	NA	Yes	NA	NA	NA	NA	NA	NA	NA	NA	NA	NA	NA	No	NA	NA	NA	NA	NA	NA	NA	NA	NA	No	NA	NA
SRR16974530	Pichiales	NA	NA	NA	No	NA	NA	NA	NA	NA	NA	NA	NA	NA	NA	NA	No	NA	NA	NA	NA	NA	NA	NA	NA	NA	NA	NA	No	NA	NA	NA	NA	NA	NA	NA	NA	NA	NA	NA	No	NA	NA	NA	NA	NA	NA	NA	NA	NA	NA	NA	No	NA	NA	NA	NA	NA	NA	NA	NA	NA	NA	NA	No	NA	NA	NA	NA	NA	NA	NA	NA	NA	NA	NA	No	NA	NA	NA	NA	NA	NA	NA	NA	NA	NA	NA	No	NA	NA	NA	NA	NA	NA	NA	NA	NA	NA	NA	No	NA	NA	NA	NA	NA	NA	NA	NA	NA	NA	NA	No	NA	NA	NA	NA	NA	NA	NA	NA	NA	No	NA	NA
SRR16974529	Pichiales	NA	NA	NA	Yes	NA	NA	NA	NA	NA	NA	NA	NA	NA	NA	NA	Yes	NA	NA	NA	NA	NA	NA	NA	NA	NA	NA	NA	Yes	NA	NA	NA	NA	NA	NA	NA	NA	NA	NA	NA	Yes	NA	NA	NA	NA	NA	NA	NA	NA	NA	NA	NA	Yes	NA	NA	NA	NA	NA	NA	NA	NA	NA	NA	NA	Yes	NA	NA	NA	NA	NA	NA	NA	NA	NA	NA	NA	Yes	NA	NA	NA	NA	NA	NA	NA	NA	NA	NA	NA	Yes	NA	NA	NA	NA	NA	NA	NA	NA	NA	NA	NA	Yes	NA	NA	NA	NA	NA	NA	NA	NA	NA	NA	NA	Yes	NA	NA	NA	NA	NA	NA	NA	NA	NA	No	NA	NA
SRR16974528	Pichiales	NA	NA	NA	Yes	NA	NA	NA	NA	NA	NA	NA	NA	NA	NA	NA	Yes	NA	NA	NA	NA	NA	NA	NA	NA	NA	NA	NA	Yes	NA	NA	NA	NA	NA	NA	NA	NA	NA	NA	NA	Yes	NA	NA	NA	NA	NA	NA	NA	NA	NA	NA	NA	Yes	NA	NA	NA	NA	NA	NA	NA	NA	NA	NA	NA	Yes	NA	NA	NA	NA	NA	NA	NA	NA	NA	NA	NA	Yes	NA	NA	NA	NA	NA	NA	NA	NA	NA	NA	NA	Yes	NA	NA	NA	NA	NA	NA	NA	NA	NA	NA	NA	Yes	NA	NA	NA	NA	NA	NA	NA	NA	NA	NA	NA	No	NA	NA	NA	NA	NA	NA	NA	NA	NA	NA	NA	NA
SRR16974527	Saccharomycodales	NA	NA	NA	NA	NA	NA	NA	Yes	NA	NA	NA	NA	NA	NA	NA	NA	NA	NA	NA	Yes	NA	NA	NA	NA	NA	NA	NA	NA	NA	NA	NA	No	NA	NA	NA	NA	NA	NA	NA	NA	NA	NA	NA	NA	NA	NA	NA	NA	NA	NA	NA	NA	NA	NA	NA	No	NA	NA	NA	NA	NA	NA	NA	NA	NA	NA	NA	Yes	NA	NA	NA	NA	NA	NA	NA	NA	NA	NA	NA	No	NA	NA	NA	NA	NA	NA	NA	NA	NA	NA	NA	No	NA	NA	NA	NA	NA	NA	NA	NA	NA	NA	NA	No	NA	NA	NA	NA	NA	NA	NA	NA	NA	NA	NA	No	NA	NA	NA	NA	NA	NA	NA	NA
SRR16974526	Dipodascales	NA	NA	NA	NA	NA	NA	NA	NA	NA	NA	NA	NA	NA	NA	NA	NA	NA	NA	NA	NA	NA	NA	NA	NA	NA	NA	NA	NA	NA	NA	NA	NA	NA	NA	NA	NA	NA	NA	NA	NA	NA	NA	NA	NA	NA	NA	NA	NA	NA	NA	NA	NA	NA	NA	NA	NA	NA	NA	NA	NA	NA	NA	NA	NA	NA	NA	NA	NA	NA	NA	NA	NA	NA	NA	NA	NA	NA	NA	NA	NA	NA	NA	NA	NA	NA	NA	NA	NA	NA	NA	NA	NA	NA	NA	NA	NA	NA	NA	NA	NA	NA	NA	NA	NA	NA	NA	NA	NA	NA	NA	NA	NA	NA	NA	NA	NA	NA	NA	NA	NA	NA	NA	NA	NA
SRR16974525	Saccharomycetales	No	NA	NA	NA	NA	NA	NA	NA	NA	NA	NA	NA	No	NA	NA	NA	NA	NA	NA	NA	NA	NA	NA	NA	No	NA	NA	NA	NA	NA	NA	NA	NA	NA	NA	NA	Yes	NA	NA	NA	NA	NA	NA	NA	NA	NA	NA	NA	Yes	NA	NA	NA	NA	NA	NA	NA	NA	NA	NA	NA	No	NA	NA	NA	NA	NA	NA	NA	NA	NA	NA	NA	Yes	NA	NA	NA	NA	NA	NA	NA	NA	NA	NA	NA	No	NA	NA	NA	NA	NA	NA	NA	NA	NA	NA	NA	No	NA	NA	NA	NA	NA	NA	NA	NA	NA	NA	NA	Yes	NA	NA	NA	NA	NA	NA	NA	NA	NA	NA	NA	NA	NA	NA	No
SRR16974524	Phaffomycetales	NA	NA	NA	NA	NA	NA	NA	NA	NA	NA	NA	NA	NA	NA	NA	NA	NA	NA	NA	NA	NA	NA	NA	NA	NA	NA	NA	NA	NA	NA	NA	NA	NA	NA	NA	NA	NA	NA	NA	NA	NA	NA	NA	NA	NA	NA	NA	NA	NA	NA	NA	NA	NA	NA	NA	NA	NA	NA	NA	NA	NA	NA	NA	NA	NA	NA	NA	NA	NA	NA	NA	NA	NA	NA	NA	NA	NA	NA	NA	NA	NA	NA	NA	NA	NA	NA	NA	NA	NA	NA	NA	NA	NA	NA	NA	NA	NA	NA	NA	NA	NA	NA	NA	NA	NA	NA	NA	NA	NA	NA	NA	NA	NA	NA	NA	NA	NA	NA	NA	NA	NA	NA	NA	NA
SRR16974523	Pichiales	NA	NA	NA	Yes	NA	NA	NA	NA	NA	NA	NA	NA	NA	NA	NA	Yes	NA	NA	NA	NA	NA	NA	NA	NA	NA	NA	NA	Yes	NA	NA	NA	NA	NA	NA	NA	NA	NA	NA	NA	Yes	NA	NA	NA	NA	NA	NA	NA	NA	NA	NA	NA	Yes	NA	NA	NA	NA	NA	NA	NA	NA	NA	NA	NA	Yes	NA	NA	NA	NA	NA	NA	NA	NA	NA	NA	NA	No	NA	NA	NA	NA	NA	NA	NA	NA	NA	NA	NA	No	NA	NA	NA	NA	NA	NA	NA	NA	NA	NA	NA	Yes	NA	NA	NA	NA	NA	NA	NA	NA	NA	NA	NA	No	NA	NA	NA	NA	NA	NA	NA	NA	NA	No	NA	NA
SRR16974522	Phaffomycetales	NA	NA	NA	NA	NA	Yes	NA	NA	NA	NA	NA	NA	NA	NA	NA	NA	NA	Yes	NA	NA	NA	NA	NA	NA	NA	NA	NA	NA	NA	Yes	NA	NA	NA	NA	NA	NA	NA	NA	NA	NA	NA	Yes	NA	NA	NA	NA	NA	NA	NA	NA	NA	NA	NA	Yes	NA	NA	NA	NA	NA	NA	NA	NA	NA	NA	NA	Yes	NA	NA	NA	NA	NA	NA	NA	NA	NA	NA	NA	Yes	NA	NA	NA	NA	NA	NA	NA	NA	NA	NA	NA	Yes	NA	NA	NA	NA	NA	NA	NA	NA	NA	NA	NA	No	NA	NA	NA	NA	NA	NA	NA	NA	NA	NA	NA	Yes	NA	NA	NA	NA	NA	NA	NA	NA	No	NA
SRR16974520	Pichiales	NA	NA	NA	Yes	NA	NA	NA	NA	NA	NA	NA	NA	NA	NA	NA	Yes	NA	NA	NA	NA	NA	NA	NA	NA	NA	NA	NA	Yes	NA	NA	NA	NA	NA	NA	NA	NA	NA	NA	NA	Yes	NA	NA	NA	NA	NA	NA	NA	NA	NA	NA	NA	NA	NA	NA	NA	NA	NA	NA	NA	NA	NA	NA	NA	NA	NA	NA	NA	NA	NA	NA	NA	NA	NA	NA	NA	No	NA	NA	NA	NA	NA	NA	NA	NA	NA	NA	NA	Yes	NA	NA	NA	NA	NA	NA	NA	NA	NA	NA	NA	NA	NA	NA	NA	NA	NA	NA	NA	NA	NA	NA	NA	Yes	NA	NA	NA	NA	NA	NA	NA	NA	NA	NA	NA	NA
SRR16974519	Pichiales	NA	NA	NA	NA	NA	NA	NA	NA	NA	NA	NA	NA	NA	NA	NA	NA	NA	NA	NA	NA	NA	NA	NA	NA	NA	NA	NA	NA	NA	NA	NA	NA	NA	NA	NA	NA	NA	NA	NA	NA	NA	NA	NA	NA	NA	NA	NA	NA	NA	NA	NA	NA	NA	NA	NA	NA	NA	NA	NA	NA	NA	NA	NA	NA	NA	NA	NA	NA	NA	NA	NA	NA	NA	NA	NA	NA	NA	NA	NA	NA	NA	NA	NA	NA	NA	NA	NA	NA	NA	NA	NA	NA	NA	NA	NA	NA	NA	NA	NA	NA	NA	NA	NA	NA	NA	NA	NA	NA	NA	NA	NA	NA	NA	NA	NA	NA	NA	NA	NA	NA	NA	NA	NA	NA
SRR16974518	Pichiales	NA	NA	NA	No	NA	NA	NA	NA	NA	NA	NA	NA	NA	NA	NA	No	NA	NA	NA	NA	NA	NA	NA	NA	NA	NA	NA	Yes	NA	NA	NA	NA	NA	NA	NA	NA	NA	NA	NA	Yes	NA	NA	NA	NA	NA	NA	NA	NA	NA	NA	NA	No	NA	NA	NA	NA	NA	NA	NA	NA	NA	NA	NA	Yes	NA	NA	NA	NA	NA	NA	NA	NA	NA	NA	NA	Yes	NA	NA	NA	NA	NA	NA	NA	NA	NA	NA	NA	No	NA	NA	NA	NA	NA	NA	NA	NA	NA	NA	NA	Yes	NA	NA	NA	NA	NA	NA	NA	NA	NA	NA	NA	Yes	NA	NA	NA	NA	NA	NA	NA	NA	NA	No	NA	NA
SRR16974517	Pichiales	NA	NA	NA	No	NA	NA	NA	NA	NA	NA	NA	NA	NA	NA	NA	No	NA	NA	NA	NA	NA	NA	NA	NA	NA	NA	NA	No	NA	NA	NA	NA	NA	NA	NA	NA	NA	NA	NA	No	NA	NA	NA	NA	NA	NA	NA	NA	NA	NA	NA	No	NA	NA	NA	NA	NA	NA	NA	NA	NA	NA	NA	No	NA	NA	NA	NA	NA	NA	NA	NA	NA	NA	NA	Yes	NA	NA	NA	NA	NA	NA	NA	NA	NA	NA	NA	Yes	NA	NA	NA	NA	NA	NA	NA	NA	NA	NA	NA	No	NA	NA	NA	NA	NA	NA	NA	NA	NA	NA	NA	Yes	NA	NA	NA	NA	NA	NA	NA	NA	NA	No	NA	NA
SRR16974516	Saccharomycetales	No	NA	NA	NA	NA	NA	NA	NA	NA	NA	NA	NA	No	NA	NA	NA	NA	NA	NA	NA	NA	NA	NA	NA	No	NA	NA	NA	NA	NA	NA	NA	NA	NA	NA	NA	No	NA	NA	NA	NA	NA	NA	NA	NA	NA	NA	NA	Yes	NA	NA	NA	NA	NA	NA	NA	NA	NA	NA	NA	Yes	NA	NA	NA	NA	NA	NA	NA	NA	NA	NA	NA	No	NA	NA	NA	NA	NA	NA	NA	NA	NA	NA	NA	No	NA	NA	NA	NA	NA	NA	NA	NA	NA	NA	NA	Yes	NA	NA	NA	NA	NA	NA	NA	NA	NA	NA	NA	No	NA	NA	NA	NA	NA	NA	NA	NA	NA	NA	NA	NA	NA	NA	Yes
SRR16974515	Dipodascales	NA	NA	NA	NA	NA	NA	NA	NA	NA	NA	NA	NA	NA	NA	NA	NA	NA	NA	NA	NA	NA	NA	NA	NA	NA	NA	NA	NA	NA	NA	NA	NA	NA	NA	NA	NA	NA	NA	NA	NA	NA	NA	NA	NA	NA	NA	NA	NA	NA	NA	NA	NA	NA	NA	NA	NA	NA	NA	NA	NA	NA	NA	NA	NA	NA	NA	NA	NA	NA	NA	NA	NA	NA	NA	NA	NA	NA	NA	NA	NA	NA	NA	NA	NA	NA	NA	NA	NA	NA	NA	NA	NA	NA	NA	NA	NA	NA	NA	NA	NA	NA	NA	NA	NA	NA	NA	NA	NA	NA	NA	NA	NA	NA	NA	NA	NA	NA	NA	NA	NA	NA	NA	NA	NA
SRR16974514	Lipomycetales	NA	Yes	NA	NA	NA	NA	NA	NA	NA	NA	NA	NA	NA	Yes	NA	NA	NA	NA	NA	NA	NA	NA	NA	NA	NA	No	NA	NA	NA	NA	NA	NA	NA	NA	NA	NA	NA	No	NA	NA	NA	NA	NA	NA	NA	NA	NA	NA	NA	Yes	NA	NA	NA	NA	NA	NA	NA	NA	NA	NA	NA	Yes	NA	NA	NA	NA	NA	NA	NA	NA	NA	NA	NA	No	NA	NA	NA	NA	NA	NA	NA	NA	NA	NA	NA	Yes	NA	NA	NA	NA	NA	NA	NA	NA	NA	NA	NA	Yes	NA	NA	NA	NA	NA	NA	NA	NA	NA	NA	NA	No	NA	NA	NA	NA	NA	NA	NA	NA	NA	NA	NA	NA	NA	NA
SRR16974513	Saccharomycetales	No	NA	NA	NA	NA	NA	NA	NA	NA	NA	NA	NA	No	NA	NA	NA	NA	NA	NA	NA	NA	NA	NA	NA	No	NA	NA	NA	NA	NA	NA	NA	NA	NA	NA	NA	No	NA	NA	NA	NA	NA	NA	NA	NA	NA	NA	NA	Yes	NA	NA	NA	NA	NA	NA	NA	NA	NA	NA	NA	Yes	NA	NA	NA	NA	NA	NA	NA	NA	NA	NA	NA	No	NA	NA	NA	NA	NA	NA	NA	NA	NA	NA	NA	No	NA	NA	NA	NA	NA	NA	NA	NA	NA	NA	NA	Yes	NA	NA	NA	NA	NA	NA	NA	NA	NA	NA	NA	NA	NA	NA	NA	NA	NA	NA	NA	NA	NA	NA	NA	NA	NA	NA	Yes
SRR16974512	Saccharomycetales	No	NA	NA	NA	NA	NA	NA	NA	NA	NA	NA	NA	No	NA	NA	NA	NA	NA	NA	NA	NA	NA	NA	NA	No	NA	NA	NA	NA	NA	NA	NA	NA	NA	NA	NA	Yes	NA	NA	NA	NA	NA	NA	NA	NA	NA	NA	NA	No	NA	NA	NA	NA	NA	NA	NA	NA	NA	NA	NA	No	NA	NA	NA	NA	NA	NA	NA	NA	NA	NA	NA	No	NA	NA	NA	NA	NA	NA	NA	NA	NA	NA	NA	No	NA	NA	NA	NA	NA	NA	NA	NA	NA	NA	NA	NA	NA	NA	NA	NA	NA	NA	NA	NA	NA	NA	NA	NA	NA	NA	NA	NA	NA	NA	NA	NA	NA	NA	NA	NA	NA	NA	NA
SRR16974511	Pichiales	NA	NA	NA	NA	NA	NA	NA	NA	NA	NA	NA	NA	NA	NA	NA	NA	NA	NA	NA	NA	NA	NA	NA	NA	NA	NA	NA	NA	NA	NA	NA	NA	NA	NA	NA	NA	NA	NA	NA	NA	NA	NA	NA	NA	NA	NA	NA	NA	NA	NA	NA	NA	NA	NA	NA	NA	NA	NA	NA	NA	NA	NA	NA	NA	NA	NA	NA	NA	NA	NA	NA	NA	NA	NA	NA	NA	NA	NA	NA	NA	NA	NA	NA	NA	NA	NA	NA	NA	NA	NA	NA	NA	NA	NA	NA	NA	NA	NA	NA	NA	NA	NA	NA	NA	NA	NA	NA	NA	NA	NA	NA	NA	NA	NA	NA	NA	NA	NA	NA	NA	NA	NA	NA	NA
SRR16974509	Serinales	NA	NA	Yes	NA	NA	NA	NA	NA	NA	NA	NA	NA	NA	NA	Yes	NA	NA	NA	NA	NA	NA	NA	NA	NA	NA	NA	No	NA	NA	NA	NA	NA	NA	NA	NA	NA	NA	NA	Yes	NA	NA	NA	NA	NA	NA	NA	NA	NA	NA	NA	Yes	NA	NA	NA	NA	NA	NA	NA	NA	NA	NA	NA	Yes	NA	NA	NA	NA	NA	NA	NA	NA	NA	NA	NA	No	NA	NA	NA	NA	NA	NA	NA	NA	NA	NA	NA	Yes	NA	NA	NA	NA	NA	NA	NA	NA	NA	NA	NA	No	NA	NA	NA	NA	NA	NA	NA	NA	NA	NA	NA	Yes	NA	NA	NA	NA	NA	NA	NA	NA	NA	No	NA	NA	NA
SRR16974508	Pichiales	NA	NA	NA	No	NA	NA	NA	NA	NA	NA	NA	NA	NA	NA	NA	No	NA	NA	NA	NA	NA	NA	NA	NA	NA	NA	NA	No	NA	NA	NA	NA	NA	NA	NA	NA	NA	NA	NA	Yes	NA	NA	NA	NA	NA	NA	NA	NA	NA	NA	NA	NA	NA	NA	NA	NA	NA	NA	NA	NA	NA	NA	NA	NA	NA	NA	NA	NA	NA	NA	NA	NA	NA	NA	NA	Yes	NA	NA	NA	NA	NA	NA	NA	NA	NA	NA	NA	No	NA	NA	NA	NA	NA	NA	NA	NA	NA	NA	NA	NA	NA	NA	NA	NA	NA	NA	NA	NA	NA	NA	NA	Yes	NA	NA	NA	NA	NA	NA	NA	NA	NA	NA	NA	NA
SRR16974506	Pichiales	NA	NA	NA	Yes	NA	NA	NA	NA	NA	NA	NA	NA	NA	NA	NA	No	NA	NA	NA	NA	NA	NA	NA	NA	NA	NA	NA	Yes	NA	NA	NA	NA	NA	NA	NA	NA	NA	NA	NA	No	NA	NA	NA	NA	NA	NA	NA	NA	NA	NA	NA	Yes	NA	NA	NA	NA	NA	NA	NA	NA	NA	NA	NA	No	NA	NA	NA	NA	NA	NA	NA	NA	NA	NA	NA	Yes	NA	NA	NA	NA	NA	NA	NA	NA	NA	NA	NA	No	NA	NA	NA	NA	NA	NA	NA	NA	NA	NA	NA	No	NA	NA	NA	NA	NA	NA	NA	NA	NA	NA	NA	Yes	NA	NA	NA	NA	NA	NA	NA	NA	NA	No	NA	NA
SRR16974258	Pichiales	NA	NA	NA	NA	NA	NA	NA	NA	NA	NA	NA	NA	NA	NA	NA	NA	NA	NA	NA	NA	NA	NA	NA	NA	NA	NA	NA	NA	NA	NA	NA	NA	NA	NA	NA	NA	NA	NA	NA	NA	NA	NA	NA	NA	NA	NA	NA	NA	NA	NA	NA	NA	NA	NA	NA	NA	NA	NA	NA	NA	NA	NA	NA	NA	NA	NA	NA	NA	NA	NA	NA	NA	NA	NA	NA	NA	NA	NA	NA	NA	NA	NA	NA	NA	NA	NA	NA	NA	NA	NA	NA	NA	NA	NA	NA	NA	NA	NA	NA	NA	NA	NA	NA	NA	NA	NA	NA	NA	NA	NA	NA	NA	NA	NA	NA	NA	NA	NA	NA	NA	NA	NA	NA	NA
SRR16974257	Saccharomycodales	NA	NA	NA	NA	NA	NA	NA	Yes	NA	NA	NA	NA	NA	NA	NA	NA	NA	NA	NA	Yes	NA	NA	NA	NA	NA	NA	NA	NA	NA	NA	NA	No	NA	NA	NA	NA	NA	NA	NA	NA	NA	NA	NA	No	NA	NA	NA	NA	NA	NA	NA	NA	NA	NA	NA	No	NA	NA	NA	NA	NA	NA	NA	NA	NA	NA	NA	Yes	NA	NA	NA	NA	NA	NA	NA	NA	NA	NA	NA	Yes	NA	NA	NA	NA	NA	NA	NA	NA	NA	NA	NA	No	NA	NA	NA	NA	NA	NA	NA	NA	NA	NA	NA	No	NA	NA	NA	NA	NA	NA	NA	NA	NA	NA	NA	No	NA	NA	NA	NA	NA	NA	NA	NA
SRR16974256	Dipodascales	NA	NA	NA	NA	No	NA	NA	NA	NA	NA	NA	NA	NA	NA	NA	NA	No	NA	NA	NA	NA	NA	NA	NA	NA	NA	NA	NA	No	NA	NA	NA	NA	NA	NA	NA	NA	NA	NA	NA	Yes	NA	NA	NA	NA	NA	NA	NA	NA	NA	NA	NA	No	NA	NA	NA	NA	NA	NA	NA	NA	NA	NA	NA	Yes	NA	NA	NA	NA	NA	NA	NA	NA	NA	NA	NA	No	NA	NA	NA	NA	NA	NA	NA	NA	NA	NA	NA	Yes	NA	NA	NA	NA	NA	NA	NA	NA	NA	NA	NA	No	NA	NA	NA	NA	NA	NA	NA	NA	NA	NA	NA	Yes	NA	NA	NA	NA	NA	NA	NA	NA	NA	NA	NA
SRR16974255	Trigonopsidales	NA	NA	NA	NA	NA	NA	No	NA	NA	NA	NA	NA	NA	NA	NA	NA	NA	NA	No	NA	NA	NA	NA	NA	NA	NA	NA	NA	NA	NA	No	NA	NA	NA	NA	NA	NA	NA	NA	NA	NA	NA	Yes	NA	NA	NA	NA	NA	NA	NA	NA	NA	NA	NA	No	NA	NA	NA	NA	NA	NA	NA	NA	NA	NA	NA	Yes	NA	NA	NA	NA	NA	NA	NA	NA	NA	NA	NA	Yes	NA	NA	NA	NA	NA	NA	NA	NA	NA	NA	NA	No	NA	NA	NA	NA	NA	NA	NA	NA	NA	NA	NA	Yes	NA	NA	NA	NA	NA	NA	NA	NA	NA	NA	NA	Yes	NA	NA	NA	NA	NA	NA	NA	NA	NA
SRR16974254	Trigonopsidales	NA	NA	NA	NA	NA	NA	No	NA	NA	NA	NA	NA	NA	NA	NA	NA	NA	NA	No	NA	NA	NA	NA	NA	NA	NA	NA	NA	NA	NA	No	NA	NA	NA	NA	NA	NA	NA	NA	NA	NA	NA	Yes	NA	NA	NA	NA	NA	NA	NA	NA	NA	NA	NA	No	NA	NA	NA	NA	NA	NA	NA	NA	NA	NA	NA	Yes	NA	NA	NA	NA	NA	NA	NA	NA	NA	NA	NA	Yes	NA	NA	NA	NA	NA	NA	NA	NA	NA	NA	NA	No	NA	NA	NA	NA	NA	NA	NA	NA	NA	NA	NA	Yes	NA	NA	NA	NA	NA	NA	NA	NA	NA	NA	NA	Yes	NA	NA	NA	NA	NA	NA	NA	NA	NA
SRR16974253	Dipodascales	NA	NA	NA	NA	Yes	NA	NA	NA	NA	NA	NA	NA	NA	NA	NA	NA	Yes	NA	NA	NA	NA	NA	NA	NA	NA	NA	NA	NA	No	NA	NA	NA	NA	NA	NA	NA	NA	NA	NA	NA	Yes	NA	NA	NA	NA	NA	NA	NA	NA	NA	NA	NA	Yes	NA	NA	NA	NA	NA	NA	NA	NA	NA	NA	NA	Yes	NA	NA	NA	NA	NA	NA	NA	NA	NA	NA	NA	No	NA	NA	NA	NA	NA	NA	NA	NA	NA	NA	NA	Yes	NA	NA	NA	NA	NA	NA	NA	NA	NA	NA	NA	Yes	NA	NA	NA	NA	NA	NA	NA	NA	NA	NA	NA	No	NA	NA	NA	NA	NA	NA	NA	NA	NA	NA	NA
SRR16974252	Dipodascales	NA	NA	NA	NA	Yes	NA	NA	NA	NA	NA	NA	NA	NA	NA	NA	NA	Yes	NA	NA	NA	NA	NA	NA	NA	NA	NA	NA	NA	Yes	NA	NA	NA	NA	NA	NA	NA	NA	NA	NA	NA	Yes	NA	NA	NA	NA	NA	NA	NA	NA	NA	NA	NA	Yes	NA	NA	NA	NA	NA	NA	NA	NA	NA	NA	NA	Yes	NA	NA	NA	NA	NA	NA	NA	NA	NA	NA	NA	No	NA	NA	NA	NA	NA	NA	NA	NA	NA	NA	NA	Yes	NA	NA	NA	NA	NA	NA	NA	NA	NA	NA	NA	Yes	NA	NA	NA	NA	NA	NA	NA	NA	NA	NA	NA	Yes	NA	NA	NA	NA	NA	NA	NA	NA	NA	NA	NA
SRR16974250	Dipodascales	NA	NA	NA	NA	Yes	NA	NA	NA	NA	NA	NA	NA	NA	NA	NA	NA	Yes	NA	NA	NA	NA	NA	NA	NA	NA	NA	NA	NA	No	NA	NA	NA	NA	NA	NA	NA	NA	NA	NA	NA	Yes	NA	NA	NA	NA	NA	NA	NA	NA	NA	NA	NA	No	NA	NA	NA	NA	NA	NA	NA	NA	NA	NA	NA	Yes	NA	NA	NA	NA	NA	NA	NA	NA	NA	NA	NA	No	NA	NA	NA	NA	NA	NA	NA	NA	NA	NA	NA	Yes	NA	NA	NA	NA	NA	NA	NA	NA	NA	NA	NA	Yes	NA	NA	NA	NA	NA	NA	NA	NA	NA	NA	NA	No	NA	NA	NA	NA	NA	NA	NA	NA	NA	NA	NA
SRR16974249	Dipodascales	NA	NA	NA	NA	Yes	NA	NA	NA	NA	NA	NA	NA	NA	NA	NA	NA	Yes	NA	NA	NA	NA	NA	NA	NA	NA	NA	NA	NA	Yes	NA	NA	NA	NA	NA	NA	NA	NA	NA	NA	NA	Yes	NA	NA	NA	NA	NA	NA	NA	NA	NA	NA	NA	NA	NA	NA	NA	NA	NA	NA	NA	NA	NA	NA	NA	NA	NA	NA	NA	NA	NA	NA	NA	NA	NA	NA	NA	Yes	NA	NA	NA	NA	NA	NA	NA	NA	NA	NA	NA	No	NA	NA	NA	NA	NA	NA	NA	NA	NA	NA	NA	Yes	NA	NA	NA	NA	NA	NA	NA	NA	NA	NA	NA	No	NA	NA	NA	NA	NA	NA	NA	NA	NA	NA	NA
SRR16974248	Dipodascales	NA	NA	NA	NA	Yes	NA	NA	NA	NA	NA	NA	NA	NA	NA	NA	NA	Yes	NA	NA	NA	NA	NA	NA	NA	NA	NA	NA	NA	Yes	NA	NA	NA	NA	NA	NA	NA	NA	NA	NA	NA	Yes	NA	NA	NA	NA	NA	NA	NA	NA	NA	NA	NA	Yes	NA	NA	NA	NA	NA	NA	NA	NA	NA	NA	NA	Yes	NA	NA	NA	NA	NA	NA	NA	NA	NA	NA	NA	Yes	NA	NA	NA	NA	NA	NA	NA	NA	NA	NA	NA	Yes	NA	NA	NA	NA	NA	NA	NA	NA	NA	NA	NA	Yes	NA	NA	NA	NA	NA	NA	NA	NA	NA	NA	NA	No	NA	NA	NA	NA	NA	NA	NA	NA	NA	NA	NA
SRR16974247	Dipodascales	NA	NA	NA	NA	Yes	NA	NA	NA	NA	NA	NA	NA	NA	NA	NA	NA	Yes	NA	NA	NA	NA	NA	NA	NA	NA	NA	NA	NA	Yes	NA	NA	NA	NA	NA	NA	NA	NA	NA	NA	NA	Yes	NA	NA	NA	NA	NA	NA	NA	NA	NA	NA	NA	Yes	NA	NA	NA	NA	NA	NA	NA	NA	NA	NA	NA	Yes	NA	NA	NA	NA	NA	NA	NA	NA	NA	NA	NA	Yes	NA	NA	NA	NA	NA	NA	NA	NA	NA	NA	NA	Yes	NA	NA	NA	NA	NA	NA	NA	NA	NA	NA	NA	Yes	NA	NA	NA	NA	NA	NA	NA	NA	NA	NA	NA	Yes	NA	NA	NA	NA	NA	NA	NA	NA	NA	NA	NA
SRR16974246	Serinales	NA	NA	No	NA	NA	NA	NA	NA	NA	NA	NA	NA	NA	NA	No	NA	NA	NA	NA	NA	NA	NA	NA	NA	NA	NA	No	NA	NA	NA	NA	NA	NA	NA	NA	NA	NA	NA	No	NA	NA	NA	NA	NA	NA	NA	NA	NA	NA	NA	No	NA	NA	NA	NA	NA	NA	NA	NA	NA	NA	NA	Yes	NA	NA	NA	NA	NA	NA	NA	NA	NA	NA	NA	Yes	NA	NA	NA	NA	NA	NA	NA	NA	NA	NA	NA	Yes	NA	NA	NA	NA	NA	NA	NA	NA	NA	NA	NA	Yes	NA	NA	NA	NA	NA	NA	NA	NA	NA	NA	NA	No	NA	NA	NA	NA	NA	NA	NA	NA	NA	No	NA	NA	NA
SRR16974245	Saccharomycetales	No	NA	NA	NA	NA	NA	NA	NA	NA	NA	NA	NA	No	NA	NA	NA	NA	NA	NA	NA	NA	NA	NA	NA	No	NA	NA	NA	NA	NA	NA	NA	NA	NA	NA	NA	Yes	NA	NA	NA	NA	NA	NA	NA	NA	NA	NA	NA	No	NA	NA	NA	NA	NA	NA	NA	NA	NA	NA	NA	Yes	NA	NA	NA	NA	NA	NA	NA	NA	NA	NA	NA	No	NA	NA	NA	NA	NA	NA	NA	NA	NA	NA	NA	No	NA	NA	NA	NA	NA	NA	NA	NA	NA	NA	NA	No	NA	NA	NA	NA	NA	NA	NA	NA	NA	NA	NA	No	NA	NA	NA	NA	NA	NA	NA	NA	NA	NA	NA	NA	NA	NA	No
SRR16974244	Serinales	NA	NA	Yes	NA	NA	NA	NA	NA	NA	NA	NA	NA	NA	NA	Yes	NA	NA	NA	NA	NA	NA	NA	NA	NA	NA	NA	No	NA	NA	NA	NA	NA	NA	NA	NA	NA	NA	NA	Yes	NA	NA	NA	NA	NA	NA	NA	NA	NA	NA	NA	Yes	NA	NA	NA	NA	NA	NA	NA	NA	NA	NA	NA	Yes	NA	NA	NA	NA	NA	NA	NA	NA	NA	NA	NA	No	NA	NA	NA	NA	NA	NA	NA	NA	NA	NA	NA	Yes	NA	NA	NA	NA	NA	NA	NA	NA	NA	NA	NA	Yes	NA	NA	NA	NA	NA	NA	NA	NA	NA	NA	NA	No	NA	NA	NA	NA	NA	NA	NA	NA	NA	No	NA	NA	NA
SRR16974243	Dipodascales	NA	NA	NA	NA	NA	NA	NA	NA	NA	NA	NA	NA	NA	NA	NA	NA	NA	NA	NA	NA	NA	NA	NA	NA	NA	NA	NA	NA	NA	NA	NA	NA	NA	NA	NA	NA	NA	NA	NA	NA	NA	NA	NA	NA	NA	NA	NA	NA	NA	NA	NA	NA	NA	NA	NA	NA	NA	NA	NA	NA	NA	NA	NA	NA	NA	NA	NA	NA	NA	NA	NA	NA	NA	NA	NA	NA	NA	NA	NA	NA	NA	NA	NA	NA	NA	NA	NA	NA	NA	NA	NA	NA	NA	NA	NA	NA	NA	NA	NA	NA	NA	NA	NA	NA	NA	NA	NA	NA	NA	NA	NA	NA	NA	NA	NA	NA	NA	NA	NA	NA	NA	NA	NA	NA
SRR16974242	Dipodascales	NA	NA	NA	NA	No	NA	NA	NA	NA	NA	NA	NA	NA	NA	NA	NA	No	NA	NA	NA	NA	NA	NA	NA	NA	NA	NA	NA	Yes	NA	NA	NA	NA	NA	NA	NA	NA	NA	NA	NA	No	NA	NA	NA	NA	NA	NA	NA	NA	NA	NA	NA	Yes	NA	NA	NA	NA	NA	NA	NA	NA	NA	NA	NA	Yes	NA	NA	NA	NA	NA	NA	NA	NA	NA	NA	NA	No	NA	NA	NA	NA	NA	NA	NA	NA	NA	NA	NA	Yes	NA	NA	NA	NA	NA	NA	NA	NA	NA	NA	NA	No	NA	NA	NA	NA	NA	NA	NA	NA	NA	NA	NA	No	NA	NA	NA	NA	NA	NA	NA	NA	NA	NA	NA
SRR16974241	Dipodascales	NA	NA	NA	NA	No	NA	NA	NA	NA	NA	NA	NA	NA	NA	NA	NA	No	NA	NA	NA	NA	NA	NA	NA	NA	NA	NA	NA	Yes	NA	NA	NA	NA	NA	NA	NA	NA	NA	NA	NA	No	NA	NA	NA	NA	NA	NA	NA	NA	NA	NA	NA	Yes	NA	NA	NA	NA	NA	NA	NA	NA	NA	NA	NA	Yes	NA	NA	NA	NA	NA	NA	NA	NA	NA	NA	NA	No	NA	NA	NA	NA	NA	NA	NA	NA	NA	NA	NA	No	NA	NA	NA	NA	NA	NA	NA	NA	NA	NA	NA	No	NA	NA	NA	NA	NA	NA	NA	NA	NA	NA	NA	No	NA	NA	NA	NA	NA	NA	NA	NA	NA	NA	NA
SRR16974239	Dipodascales	NA	NA	NA	NA	No	NA	NA	NA	NA	NA	NA	NA	NA	NA	NA	NA	No	NA	NA	NA	NA	NA	NA	NA	NA	NA	NA	NA	No	NA	NA	NA	NA	NA	NA	NA	NA	NA	NA	NA	No	NA	NA	NA	NA	NA	NA	NA	NA	NA	NA	NA	No	NA	NA	NA	NA	NA	NA	NA	NA	NA	NA	NA	NA	NA	NA	NA	NA	NA	NA	NA	NA	NA	NA	NA	No	NA	NA	NA	NA	NA	NA	NA	NA	NA	NA	NA	No	NA	NA	NA	NA	NA	NA	NA	NA	NA	NA	NA	Yes	NA	NA	NA	NA	NA	NA	NA	NA	NA	NA	NA	Yes	NA	NA	NA	NA	NA	NA	NA	NA	NA	NA	NA
SRR16974238	Dipodascales	NA	NA	NA	NA	Yes	NA	NA	NA	NA	NA	NA	NA	NA	NA	NA	NA	Yes	NA	NA	NA	NA	NA	NA	NA	NA	NA	NA	NA	Yes	NA	NA	NA	NA	NA	NA	NA	NA	NA	NA	NA	No	NA	NA	NA	NA	NA	NA	NA	NA	NA	NA	NA	Yes	NA	NA	NA	NA	NA	NA	NA	NA	NA	NA	NA	Yes	NA	NA	NA	NA	NA	NA	NA	NA	NA	NA	NA	No	NA	NA	NA	NA	NA	NA	NA	NA	NA	NA	NA	Yes	NA	NA	NA	NA	NA	NA	NA	NA	NA	NA	NA	No	NA	NA	NA	NA	NA	NA	NA	NA	NA	NA	NA	Yes	NA	NA	NA	NA	NA	NA	NA	NA	NA	NA	NA
SRR16974237	Dipodascales	NA	NA	NA	NA	Yes	NA	NA	NA	NA	NA	NA	NA	NA	NA	NA	NA	Yes	NA	NA	NA	NA	NA	NA	NA	NA	NA	NA	NA	No	NA	NA	NA	NA	NA	NA	NA	NA	NA	NA	NA	Yes	NA	NA	NA	NA	NA	NA	NA	NA	NA	NA	NA	Yes	NA	NA	NA	NA	NA	NA	NA	NA	NA	NA	NA	Yes	NA	NA	NA	NA	NA	NA	NA	NA	NA	NA	NA	Yes	NA	NA	NA	NA	NA	NA	NA	NA	NA	NA	NA	Yes	NA	NA	NA	NA	NA	NA	NA	NA	NA	NA	NA	No	NA	NA	NA	NA	NA	NA	NA	NA	NA	NA	NA	No	NA	NA	NA	NA	NA	NA	NA	NA	NA	NA	NA
SRR16974735	Dipodascales	NA	NA	NA	NA	No	NA	NA	NA	NA	NA	NA	NA	NA	NA	NA	NA	Yes	NA	NA	NA	NA	NA	NA	NA	NA	NA	NA	NA	Yes	NA	NA	NA	NA	NA	NA	NA	NA	NA	NA	NA	No	NA	NA	NA	NA	NA	NA	NA	NA	NA	NA	NA	Yes	NA	NA	NA	NA	NA	NA	NA	NA	NA	NA	NA	Yes	NA	NA	NA	NA	NA	NA	NA	NA	NA	NA	NA	No	NA	NA	NA	NA	NA	NA	NA	NA	NA	NA	NA	Yes	NA	NA	NA	NA	NA	NA	NA	NA	NA	NA	NA	Yes	NA	NA	NA	NA	NA	NA	NA	NA	NA	NA	NA	No	NA	NA	NA	NA	NA	NA	NA	NA	NA	NA	NA
SRR16974734	Dipodascales	NA	NA	NA	NA	No	NA	NA	NA	NA	NA	NA	NA	NA	NA	NA	NA	No	NA	NA	NA	NA	NA	NA	NA	NA	NA	NA	NA	No	NA	NA	NA	NA	NA	NA	NA	NA	NA	NA	NA	No	NA	NA	NA	NA	NA	NA	NA	NA	NA	NA	NA	Yes	NA	NA	NA	NA	NA	NA	NA	NA	NA	NA	NA	Yes	NA	NA	NA	NA	NA	NA	NA	NA	NA	NA	NA	No	NA	NA	NA	NA	NA	NA	NA	NA	NA	NA	NA	No	NA	NA	NA	NA	NA	NA	NA	NA	NA	NA	NA	Yes	NA	NA	NA	NA	NA	NA	NA	NA	NA	NA	NA	Yes	NA	NA	NA	NA	NA	NA	NA	NA	NA	NA	NA
SRR16974733	Dipodascales	NA	NA	NA	NA	Yes	NA	NA	NA	NA	NA	NA	NA	NA	NA	NA	NA	Yes	NA	NA	NA	NA	NA	NA	NA	NA	NA	NA	NA	Yes	NA	NA	NA	NA	NA	NA	NA	NA	NA	NA	NA	No	NA	NA	NA	NA	NA	NA	NA	NA	NA	NA	NA	Yes	NA	NA	NA	NA	NA	NA	NA	NA	NA	NA	NA	Yes	NA	NA	NA	NA	NA	NA	NA	NA	NA	NA	NA	Yes	NA	NA	NA	NA	NA	NA	NA	NA	NA	NA	NA	Yes	NA	NA	NA	NA	NA	NA	NA	NA	NA	NA	NA	No	NA	NA	NA	NA	NA	NA	NA	NA	NA	NA	NA	Yes	NA	NA	NA	NA	NA	NA	NA	NA	NA	NA	NA
SRR16974732	Dipodascales	NA	NA	NA	NA	No	NA	NA	NA	NA	NA	NA	NA	NA	NA	NA	NA	No	NA	NA	NA	NA	NA	NA	NA	NA	NA	NA	NA	No	NA	NA	NA	NA	NA	NA	NA	NA	NA	NA	NA	No	NA	NA	NA	NA	NA	NA	NA	NA	NA	NA	NA	No	NA	NA	NA	NA	NA	NA	NA	NA	NA	NA	NA	No	NA	NA	NA	NA	NA	NA	NA	NA	NA	NA	NA	No	NA	NA	NA	NA	NA	NA	NA	NA	NA	NA	NA	No	NA	NA	NA	NA	NA	NA	NA	NA	NA	NA	NA	No	NA	NA	NA	NA	NA	NA	NA	NA	NA	NA	NA	No	NA	NA	NA	NA	NA	NA	NA	NA	NA	NA	NA
SRR16974731	Serinales	NA	NA	Yes	NA	NA	NA	NA	NA	NA	NA	NA	NA	NA	NA	Yes	NA	NA	NA	NA	NA	NA	NA	NA	NA	NA	NA	No	NA	NA	NA	NA	NA	NA	NA	NA	NA	NA	NA	Yes	NA	NA	NA	NA	NA	NA	NA	NA	NA	NA	NA	Yes	NA	NA	NA	NA	NA	NA	NA	NA	NA	NA	NA	Yes	NA	NA	NA	NA	NA	NA	NA	NA	NA	NA	NA	No	NA	NA	NA	NA	NA	NA	NA	NA	NA	NA	NA	No	NA	NA	NA	NA	NA	NA	NA	NA	NA	NA	NA	No	NA	NA	NA	NA	NA	NA	NA	NA	NA	NA	NA	No	NA	NA	NA	NA	NA	NA	NA	NA	NA	No	NA	NA	NA
SRR16974730	Phaffomycetales	NA	NA	NA	NA	NA	Yes	NA	NA	NA	NA	NA	NA	NA	NA	NA	NA	NA	Yes	NA	NA	NA	NA	NA	NA	NA	NA	NA	NA	NA	No	NA	NA	NA	NA	NA	NA	NA	NA	NA	NA	NA	No	NA	NA	NA	NA	NA	NA	NA	NA	NA	NA	NA	Yes	NA	NA	NA	NA	NA	NA	NA	NA	NA	NA	NA	Yes	NA	NA	NA	NA	NA	NA	NA	NA	NA	NA	NA	No	NA	NA	NA	NA	NA	NA	NA	NA	NA	NA	NA	Yes	NA	NA	NA	NA	NA	NA	NA	NA	NA	NA	NA	No	NA	NA	NA	NA	NA	NA	NA	NA	NA	NA	NA	No	NA	NA	NA	NA	NA	NA	NA	NA	Yes	NA
SRR16974645	Dipodascales	NA	NA	NA	NA	No	NA	NA	NA	NA	NA	NA	NA	NA	NA	NA	NA	No	NA	NA	NA	NA	NA	NA	NA	NA	NA	NA	NA	No	NA	NA	NA	NA	NA	NA	NA	NA	NA	NA	NA	No	NA	NA	NA	NA	NA	NA	NA	NA	NA	NA	NA	No	NA	NA	NA	NA	NA	NA	NA	NA	NA	NA	NA	Yes	NA	NA	NA	NA	NA	NA	NA	NA	NA	NA	NA	No	NA	NA	NA	NA	NA	NA	NA	NA	NA	NA	NA	Yes	NA	NA	NA	NA	NA	NA	NA	NA	NA	NA	NA	No	NA	NA	NA	NA	NA	NA	NA	NA	NA	NA	NA	No	NA	NA	NA	NA	NA	NA	NA	NA	NA	NA	NA
SRR16974643	Phaffomycetales	NA	NA	NA	NA	NA	NA	NA	NA	NA	NA	NA	NA	NA	NA	NA	NA	NA	NA	NA	NA	NA	NA	NA	NA	NA	NA	NA	NA	NA	NA	NA	NA	NA	NA	NA	NA	NA	NA	NA	NA	NA	NA	NA	NA	NA	NA	NA	NA	NA	NA	NA	NA	NA	NA	NA	NA	NA	NA	NA	NA	NA	NA	NA	NA	NA	NA	NA	NA	NA	NA	NA	NA	NA	NA	NA	NA	NA	NA	NA	NA	NA	NA	NA	NA	NA	NA	NA	NA	NA	NA	NA	NA	NA	NA	NA	NA	NA	NA	NA	NA	NA	NA	NA	NA	NA	NA	NA	NA	NA	NA	NA	NA	NA	NA	NA	NA	NA	NA	NA	NA	NA	NA	NA	NA
SRR16974642	Phaffomycetales	NA	NA	NA	NA	NA	No	NA	NA	NA	NA	NA	NA	NA	NA	NA	NA	NA	No	NA	NA	NA	NA	NA	NA	NA	NA	NA	NA	NA	No	NA	NA	NA	NA	NA	NA	NA	NA	NA	NA	NA	No	NA	NA	NA	NA	NA	NA	NA	NA	NA	NA	NA	No	NA	NA	NA	NA	NA	NA	NA	NA	NA	NA	NA	Yes	NA	NA	NA	NA	NA	NA	NA	NA	NA	NA	NA	Yes	NA	NA	NA	NA	NA	NA	NA	NA	NA	NA	NA	No	NA	NA	NA	NA	NA	NA	NA	NA	NA	NA	NA	No	NA	NA	NA	NA	NA	NA	NA	NA	NA	NA	NA	Yes	NA	NA	NA	NA	NA	NA	NA	NA	Yes	NA
SRR16974641	Phaffomycetales	NA	NA	NA	NA	NA	Yes	NA	NA	NA	NA	NA	NA	NA	NA	NA	NA	NA	Yes	NA	NA	NA	NA	NA	NA	NA	NA	NA	NA	NA	No	NA	NA	NA	NA	NA	NA	NA	NA	NA	NA	NA	No	NA	NA	NA	NA	NA	NA	NA	NA	NA	NA	NA	No	NA	NA	NA	NA	NA	NA	NA	NA	NA	NA	NA	Yes	NA	NA	NA	NA	NA	NA	NA	NA	NA	NA	NA	Yes	NA	NA	NA	NA	NA	NA	NA	NA	NA	NA	NA	Yes	NA	NA	NA	NA	NA	NA	NA	NA	NA	NA	NA	Yes	NA	NA	NA	NA	NA	NA	NA	NA	NA	NA	NA	No	NA	NA	NA	NA	NA	NA	NA	NA	No	NA
SRR16974640	Phaffomycetales	NA	NA	NA	NA	NA	NA	NA	NA	NA	NA	NA	NA	NA	NA	NA	NA	NA	NA	NA	NA	NA	NA	NA	NA	NA	NA	NA	NA	NA	NA	NA	NA	NA	NA	NA	NA	NA	NA	NA	NA	NA	NA	NA	NA	NA	NA	NA	NA	NA	NA	NA	NA	NA	NA	NA	NA	NA	NA	NA	NA	NA	NA	NA	NA	NA	NA	NA	NA	NA	NA	NA	NA	NA	NA	NA	NA	NA	NA	NA	NA	NA	NA	NA	NA	NA	NA	NA	NA	NA	NA	NA	NA	NA	NA	NA	NA	NA	NA	NA	NA	NA	NA	NA	NA	NA	NA	NA	NA	NA	NA	NA	NA	NA	NA	NA	NA	NA	NA	NA	NA	NA	NA	NA	NA
SRR16974639	Phaffomycetales	NA	NA	NA	NA	NA	Yes	NA	NA	NA	NA	NA	NA	NA	NA	NA	NA	NA	Yes	NA	NA	NA	NA	NA	NA	NA	NA	NA	NA	NA	No	NA	NA	NA	NA	NA	NA	NA	NA	NA	NA	NA	No	NA	NA	NA	NA	NA	NA	NA	NA	NA	NA	NA	Yes	NA	NA	NA	NA	NA	NA	NA	NA	NA	NA	NA	Yes	NA	NA	NA	NA	NA	NA	NA	NA	NA	NA	NA	Yes	NA	NA	NA	NA	NA	NA	NA	NA	NA	NA	NA	Yes	NA	NA	NA	NA	NA	NA	NA	NA	NA	NA	NA	Yes	NA	NA	NA	NA	NA	NA	NA	NA	NA	NA	NA	Yes	NA	NA	NA	NA	NA	NA	NA	NA	Yes	NA
SRR16974638	Phaffomycetales	NA	NA	NA	NA	NA	No	NA	NA	NA	NA	NA	NA	NA	NA	NA	NA	NA	No	NA	NA	NA	NA	NA	NA	NA	NA	NA	NA	NA	No	NA	NA	NA	NA	NA	NA	NA	NA	NA	NA	NA	No	NA	NA	NA	NA	NA	NA	NA	NA	NA	NA	NA	No	NA	NA	NA	NA	NA	NA	NA	NA	NA	NA	NA	Yes	NA	NA	NA	NA	NA	NA	NA	NA	NA	NA	NA	No	NA	NA	NA	NA	NA	NA	NA	NA	NA	NA	NA	No	NA	NA	NA	NA	NA	NA	NA	NA	NA	NA	NA	No	NA	NA	NA	NA	NA	NA	NA	NA	NA	NA	NA	Yes	NA	NA	NA	NA	NA	NA	NA	NA	Yes	NA
SRR16974637	Sporopachydermiales	NA	NA	NA	NA	NA	NA	NA	NA	NA	NA	No	NA	NA	NA	NA	NA	NA	NA	NA	NA	NA	NA	No	NA	NA	NA	NA	NA	NA	NA	NA	NA	NA	NA	No	NA	NA	NA	NA	NA	NA	NA	NA	NA	NA	NA	No	NA	NA	NA	NA	NA	NA	NA	NA	NA	NA	NA	Yes	NA	NA	NA	NA	NA	NA	NA	NA	NA	NA	NA	No	NA	NA	NA	NA	NA	NA	NA	NA	NA	NA	NA	Yes	NA	NA	NA	NA	NA	NA	NA	NA	NA	NA	NA	No	NA	NA	NA	NA	NA	NA	NA	NA	NA	NA	NA	Yes	NA	NA	NA	NA	NA	NA	NA	NA	NA	NA	NA	Yes	NA	NA	NA	NA	NA
SRR16974636	Sporopachydermiales	NA	NA	NA	NA	NA	NA	NA	NA	NA	NA	No	NA	NA	NA	NA	NA	NA	NA	NA	NA	NA	NA	No	NA	NA	NA	NA	NA	NA	NA	NA	NA	NA	NA	No	NA	NA	NA	NA	NA	NA	NA	NA	NA	NA	NA	No	NA	NA	NA	NA	NA	NA	NA	NA	NA	NA	NA	Yes	NA	NA	NA	NA	NA	NA	NA	NA	NA	NA	NA	No	NA	NA	NA	NA	NA	NA	NA	NA	NA	NA	NA	Yes	NA	NA	NA	NA	NA	NA	NA	NA	NA	NA	NA	No	NA	NA	NA	NA	NA	NA	NA	NA	NA	NA	NA	Yes	NA	NA	NA	NA	NA	NA	NA	NA	NA	NA	NA	Yes	NA	NA	NA	NA	NA
SRR16974635	Dipodascales	NA	NA	NA	NA	NA	NA	NA	NA	NA	NA	NA	NA	NA	NA	NA	NA	NA	NA	NA	NA	NA	NA	NA	NA	NA	NA	NA	NA	NA	NA	NA	NA	NA	NA	NA	NA	NA	NA	NA	NA	NA	NA	NA	NA	NA	NA	NA	NA	NA	NA	NA	NA	NA	NA	NA	NA	NA	NA	NA	NA	NA	NA	NA	NA	NA	NA	NA	NA	NA	NA	NA	NA	NA	NA	NA	NA	NA	NA	NA	NA	NA	NA	NA	NA	NA	NA	NA	NA	NA	NA	NA	NA	NA	NA	NA	NA	NA	NA	NA	NA	NA	NA	NA	NA	NA	NA	NA	NA	NA	NA	NA	NA	NA	NA	NA	NA	NA	NA	NA	NA	NA	NA	NA	NA
SRR16974634	Serinales	NA	NA	Yes	NA	NA	NA	NA	NA	NA	NA	NA	NA	NA	NA	Yes	NA	NA	NA	NA	NA	NA	NA	NA	NA	NA	NA	Yes	NA	NA	NA	NA	NA	NA	NA	NA	NA	NA	NA	Yes	NA	NA	NA	NA	NA	NA	NA	NA	NA	NA	NA	Yes	NA	NA	NA	NA	NA	NA	NA	NA	NA	NA	NA	Yes	NA	NA	NA	NA	NA	NA	NA	NA	NA	NA	NA	No	NA	NA	NA	NA	NA	NA	NA	NA	NA	NA	NA	Yes	NA	NA	NA	NA	NA	NA	NA	NA	NA	NA	NA	Yes	NA	NA	NA	NA	NA	NA	NA	NA	NA	NA	NA	No	NA	NA	NA	NA	NA	NA	NA	NA	NA	Yes	NA	NA	NA
SRR16974632	Ascoideales	NA	NA	NA	NA	NA	NA	NA	NA	NA	NA	NA	Yes	NA	NA	NA	NA	NA	NA	NA	NA	NA	NA	NA	Yes	NA	NA	NA	NA	NA	NA	NA	NA	NA	NA	NA	Yes	NA	NA	NA	NA	NA	NA	NA	NA	NA	NA	NA	Yes	NA	NA	NA	NA	NA	NA	NA	NA	NA	NA	NA	Yes	NA	NA	NA	NA	NA	NA	NA	NA	NA	NA	NA	Yes	NA	NA	NA	NA	NA	NA	NA	NA	NA	NA	NA	No	NA	NA	NA	NA	NA	NA	NA	NA	NA	NA	NA	Yes	NA	NA	NA	NA	NA	NA	NA	NA	NA	NA	NA	Yes	NA	NA	NA	NA	NA	NA	NA	NA	NA	NA	NA	No	NA	NA	NA	NA
SRR16974631	Pichiales	NA	NA	NA	No	NA	NA	NA	NA	NA	NA	NA	NA	NA	NA	NA	No	NA	NA	NA	NA	NA	NA	NA	NA	NA	NA	NA	No	NA	NA	NA	NA	NA	NA	NA	NA	NA	NA	NA	Yes	NA	NA	NA	NA	NA	NA	NA	NA	NA	NA	NA	No	NA	NA	NA	NA	NA	NA	NA	NA	NA	NA	NA	NA	NA	NA	NA	NA	NA	NA	NA	NA	NA	NA	NA	Yes	NA	NA	NA	NA	NA	NA	NA	NA	NA	NA	NA	No	NA	NA	NA	NA	NA	NA	NA	NA	NA	NA	NA	No	NA	NA	NA	NA	NA	NA	NA	NA	NA	NA	NA	NA	NA	NA	NA	NA	NA	NA	NA	NA	NA	NA	NA	NA
SRR16974630	Pichiales	NA	NA	NA	NA	NA	NA	NA	NA	NA	NA	NA	NA	NA	NA	NA	NA	NA	NA	NA	NA	NA	NA	NA	NA	NA	NA	NA	NA	NA	NA	NA	NA	NA	NA	NA	NA	NA	NA	NA	NA	NA	NA	NA	NA	NA	NA	NA	NA	NA	NA	NA	NA	NA	NA	NA	NA	NA	NA	NA	NA	NA	NA	NA	NA	NA	NA	NA	NA	NA	NA	NA	NA	NA	NA	NA	NA	NA	NA	NA	NA	NA	NA	NA	NA	NA	NA	NA	NA	NA	NA	NA	NA	NA	NA	NA	NA	NA	NA	NA	NA	NA	NA	NA	NA	NA	NA	NA	NA	NA	NA	NA	NA	NA	NA	NA	NA	NA	NA	NA	NA	NA	NA	NA	NA
SRR16974629	Pichiales	NA	NA	NA	No	NA	NA	NA	NA	NA	NA	NA	NA	NA	NA	NA	No	NA	NA	NA	NA	NA	NA	NA	NA	NA	NA	NA	No	NA	NA	NA	NA	NA	NA	NA	NA	NA	NA	NA	No	NA	NA	NA	NA	NA	NA	NA	NA	NA	NA	NA	No	NA	NA	NA	NA	NA	NA	NA	NA	NA	NA	NA	No	NA	NA	NA	NA	NA	NA	NA	NA	NA	NA	NA	Yes	NA	NA	NA	NA	NA	NA	NA	NA	NA	NA	NA	No	NA	NA	NA	NA	NA	NA	NA	NA	NA	NA	NA	No	NA	NA	NA	NA	NA	NA	NA	NA	NA	NA	NA	No	NA	NA	NA	NA	NA	NA	NA	NA	NA	Yes	NA	NA
SRR16974628	Pichiales	NA	NA	NA	No	NA	NA	NA	NA	NA	NA	NA	NA	NA	NA	NA	No	NA	NA	NA	NA	NA	NA	NA	NA	NA	NA	NA	No	NA	NA	NA	NA	NA	NA	NA	NA	NA	NA	NA	Yes	NA	NA	NA	NA	NA	NA	NA	NA	NA	NA	NA	No	NA	NA	NA	NA	NA	NA	NA	NA	NA	NA	NA	No	NA	NA	NA	NA	NA	NA	NA	NA	NA	NA	NA	Yes	NA	NA	NA	NA	NA	NA	NA	NA	NA	NA	NA	No	NA	NA	NA	NA	NA	NA	NA	NA	NA	NA	NA	No	NA	NA	NA	NA	NA	NA	NA	NA	NA	NA	NA	No	NA	NA	NA	NA	NA	NA	NA	NA	NA	No	NA	NA
SRR16974627	Pichiales	NA	NA	NA	NA	NA	NA	NA	NA	NA	NA	NA	NA	NA	NA	NA	NA	NA	NA	NA	NA	NA	NA	NA	NA	NA	NA	NA	NA	NA	NA	NA	NA	NA	NA	NA	NA	NA	NA	NA	NA	NA	NA	NA	NA	NA	NA	NA	NA	NA	NA	NA	NA	NA	NA	NA	NA	NA	NA	NA	NA	NA	NA	NA	NA	NA	NA	NA	NA	NA	NA	NA	NA	NA	NA	NA	NA	NA	NA	NA	NA	NA	NA	NA	NA	NA	NA	NA	NA	NA	NA	NA	NA	NA	NA	NA	NA	NA	NA	NA	NA	NA	NA	NA	NA	NA	NA	NA	NA	NA	NA	NA	NA	NA	NA	NA	NA	NA	NA	NA	NA	NA	NA	NA	NA
SRR16974626	Pichiales	NA	NA	NA	No	NA	NA	NA	NA	NA	NA	NA	NA	NA	NA	NA	No	NA	NA	NA	NA	NA	NA	NA	NA	NA	NA	NA	No	NA	NA	NA	NA	NA	NA	NA	NA	NA	NA	NA	No	NA	NA	NA	NA	NA	NA	NA	NA	NA	NA	NA	No	NA	NA	NA	NA	NA	NA	NA	NA	NA	NA	NA	Yes	NA	NA	NA	NA	NA	NA	NA	NA	NA	NA	NA	Yes	NA	NA	NA	NA	NA	NA	NA	NA	NA	NA	NA	Yes	NA	NA	NA	NA	NA	NA	NA	NA	NA	NA	NA	No	NA	NA	NA	NA	NA	NA	NA	NA	NA	NA	NA	Yes	NA	NA	NA	NA	NA	NA	NA	NA	NA	Yes	NA	NA
SRR16974625	Pichiales	NA	NA	NA	No	NA	NA	NA	NA	NA	NA	NA	NA	NA	NA	NA	No	NA	NA	NA	NA	NA	NA	NA	NA	NA	NA	NA	No	NA	NA	NA	NA	NA	NA	NA	NA	NA	NA	NA	Yes	NA	NA	NA	NA	NA	NA	NA	NA	NA	NA	NA	No	NA	NA	NA	NA	NA	NA	NA	NA	NA	NA	NA	No	NA	NA	NA	NA	NA	NA	NA	NA	NA	NA	NA	Yes	NA	NA	NA	NA	NA	NA	NA	NA	NA	NA	NA	No	NA	NA	NA	NA	NA	NA	NA	NA	NA	NA	NA	No	NA	NA	NA	NA	NA	NA	NA	NA	NA	NA	NA	No	NA	NA	NA	NA	NA	NA	NA	NA	NA	Yes	NA	NA
SRR16974624	Serinales	NA	NA	NA	NA	NA	NA	NA	NA	NA	NA	NA	NA	NA	NA	NA	NA	NA	NA	NA	NA	NA	NA	NA	NA	NA	NA	NA	NA	NA	NA	NA	NA	NA	NA	NA	NA	NA	NA	NA	NA	NA	NA	NA	NA	NA	NA	NA	NA	NA	NA	NA	NA	NA	NA	NA	NA	NA	NA	NA	NA	NA	NA	NA	NA	NA	NA	NA	NA	NA	NA	NA	NA	NA	NA	NA	NA	NA	NA	NA	NA	NA	NA	NA	NA	NA	NA	NA	NA	NA	NA	NA	NA	NA	NA	NA	NA	NA	NA	NA	NA	NA	NA	NA	NA	NA	NA	NA	NA	NA	NA	NA	NA	NA	NA	NA	NA	NA	NA	NA	NA	NA	NA	NA	NA
SRR16974623	Serinales	NA	NA	Yes	NA	NA	NA	NA	NA	NA	NA	NA	NA	NA	NA	Yes	NA	NA	NA	NA	NA	NA	NA	NA	NA	NA	NA	Yes	NA	NA	NA	NA	NA	NA	NA	NA	NA	NA	NA	Yes	NA	NA	NA	NA	NA	NA	NA	NA	NA	NA	NA	Yes	NA	NA	NA	NA	NA	NA	NA	NA	NA	NA	NA	Yes	NA	NA	NA	NA	NA	NA	NA	NA	NA	NA	NA	Yes	NA	NA	NA	NA	NA	NA	NA	NA	NA	NA	NA	Yes	NA	NA	NA	NA	NA	NA	NA	NA	NA	NA	NA	No	NA	NA	NA	NA	NA	NA	NA	NA	NA	NA	NA	Yes	NA	NA	NA	NA	NA	NA	NA	NA	NA	NA	NA	NA	NA
SRR16974621	Pichiales	NA	NA	NA	No	NA	NA	NA	NA	NA	NA	NA	NA	NA	NA	NA	No	NA	NA	NA	NA	NA	NA	NA	NA	NA	NA	NA	No	NA	NA	NA	NA	NA	NA	NA	NA	NA	NA	NA	No	NA	NA	NA	NA	NA	NA	NA	NA	NA	NA	NA	No	NA	NA	NA	NA	NA	NA	NA	NA	NA	NA	NA	Yes	NA	NA	NA	NA	NA	NA	NA	NA	NA	NA	NA	Yes	NA	NA	NA	NA	NA	NA	NA	NA	NA	NA	NA	No	NA	NA	NA	NA	NA	NA	NA	NA	NA	NA	NA	No	NA	NA	NA	NA	NA	NA	NA	NA	NA	NA	NA	Yes	NA	NA	NA	NA	NA	NA	NA	NA	NA	Yes	NA	NA
SRR16974620	Pichiales	NA	NA	NA	No	NA	NA	NA	NA	NA	NA	NA	NA	NA	NA	NA	No	NA	NA	NA	NA	NA	NA	NA	NA	NA	NA	NA	No	NA	NA	NA	NA	NA	NA	NA	NA	NA	NA	NA	No	NA	NA	NA	NA	NA	NA	NA	NA	NA	NA	NA	No	NA	NA	NA	NA	NA	NA	NA	NA	NA	NA	NA	No	NA	NA	NA	NA	NA	NA	NA	NA	NA	NA	NA	Yes	NA	NA	NA	NA	NA	NA	NA	NA	NA	NA	NA	No	NA	NA	NA	NA	NA	NA	NA	NA	NA	NA	NA	No	NA	NA	NA	NA	NA	NA	NA	NA	NA	NA	NA	Yes	NA	NA	NA	NA	NA	NA	NA	NA	NA	Yes	NA	NA
SRR16974619	Pichiales	NA	NA	NA	NA	NA	NA	NA	NA	NA	NA	NA	NA	NA	NA	NA	NA	NA	NA	NA	NA	NA	NA	NA	NA	NA	NA	NA	NA	NA	NA	NA	NA	NA	NA	NA	NA	NA	NA	NA	NA	NA	NA	NA	NA	NA	NA	NA	NA	NA	NA	NA	NA	NA	NA	NA	NA	NA	NA	NA	NA	NA	NA	NA	NA	NA	NA	NA	NA	NA	NA	NA	NA	NA	NA	NA	NA	NA	NA	NA	NA	NA	NA	NA	NA	NA	NA	NA	NA	NA	NA	NA	NA	NA	NA	NA	NA	NA	NA	NA	NA	NA	NA	NA	NA	NA	NA	NA	NA	NA	NA	NA	NA	NA	NA	NA	NA	NA	NA	NA	NA	NA	NA	NA	NA
SRR16974618	Pichiales	NA	NA	NA	NA	NA	NA	NA	NA	NA	NA	NA	NA	NA	NA	NA	NA	NA	NA	NA	NA	NA	NA	NA	NA	NA	NA	NA	NA	NA	NA	NA	NA	NA	NA	NA	NA	NA	NA	NA	NA	NA	NA	NA	NA	NA	NA	NA	NA	NA	NA	NA	NA	NA	NA	NA	NA	NA	NA	NA	NA	NA	NA	NA	NA	NA	NA	NA	NA	NA	NA	NA	NA	NA	NA	NA	NA	NA	NA	NA	NA	NA	NA	NA	NA	NA	NA	NA	NA	NA	NA	NA	NA	NA	NA	NA	NA	NA	NA	NA	NA	NA	NA	NA	NA	NA	NA	NA	NA	NA	NA	NA	NA	NA	NA	NA	NA	NA	NA	NA	NA	NA	NA	NA	NA
SRR16974590	Pichiales	NA	NA	NA	NA	NA	NA	NA	NA	NA	NA	NA	NA	NA	NA	NA	NA	NA	NA	NA	NA	NA	NA	NA	NA	NA	NA	NA	NA	NA	NA	NA	NA	NA	NA	NA	NA	NA	NA	NA	NA	NA	NA	NA	NA	NA	NA	NA	NA	NA	NA	NA	NA	NA	NA	NA	NA	NA	NA	NA	NA	NA	NA	NA	NA	NA	NA	NA	NA	NA	NA	NA	NA	NA	NA	NA	NA	NA	NA	NA	NA	NA	NA	NA	NA	NA	NA	NA	NA	NA	NA	NA	NA	NA	NA	NA	NA	NA	NA	NA	NA	NA	NA	NA	NA	NA	NA	NA	NA	NA	NA	NA	NA	NA	NA	NA	NA	NA	NA	NA	NA	NA	NA	NA	NA
SRR16974589	Pichiales	NA	NA	NA	Yes	NA	NA	NA	NA	NA	NA	NA	NA	NA	NA	NA	Yes	NA	NA	NA	NA	NA	NA	NA	NA	NA	NA	NA	No	NA	NA	NA	NA	NA	NA	NA	NA	NA	NA	NA	No	NA	NA	NA	NA	NA	NA	NA	NA	NA	NA	NA	No	NA	NA	NA	NA	NA	NA	NA	NA	NA	NA	NA	No	NA	NA	NA	NA	NA	NA	NA	NA	NA	NA	NA	Yes	NA	NA	NA	NA	NA	NA	NA	NA	NA	NA	NA	Yes	NA	NA	NA	NA	NA	NA	NA	NA	NA	NA	NA	No	NA	NA	NA	NA	NA	NA	NA	NA	NA	NA	NA	Yes	NA	NA	NA	NA	NA	NA	NA	NA	NA	Yes	NA	NA
SRR16974588	Pichiales	NA	NA	NA	No	NA	NA	NA	NA	NA	NA	NA	NA	NA	NA	NA	No	NA	NA	NA	NA	NA	NA	NA	NA	NA	NA	NA	No	NA	NA	NA	NA	NA	NA	NA	NA	NA	NA	NA	No	NA	NA	NA	NA	NA	NA	NA	NA	NA	NA	NA	No	NA	NA	NA	NA	NA	NA	NA	NA	NA	NA	NA	Yes	NA	NA	NA	NA	NA	NA	NA	NA	NA	NA	NA	No	NA	NA	NA	NA	NA	NA	NA	NA	NA	NA	NA	No	NA	NA	NA	NA	NA	NA	NA	NA	NA	NA	NA	No	NA	NA	NA	NA	NA	NA	NA	NA	NA	NA	NA	No	NA	NA	NA	NA	NA	NA	NA	NA	NA	Yes	NA	NA
SRR16974587	Pichiales	NA	NA	NA	No	NA	NA	NA	NA	NA	NA	NA	NA	NA	NA	NA	No	NA	NA	NA	NA	NA	NA	NA	NA	NA	NA	NA	Yes	NA	NA	NA	NA	NA	NA	NA	NA	NA	NA	NA	No	NA	NA	NA	NA	NA	NA	NA	NA	NA	NA	NA	No	NA	NA	NA	NA	NA	NA	NA	NA	NA	NA	NA	Yes	NA	NA	NA	NA	NA	NA	NA	NA	NA	NA	NA	Yes	NA	NA	NA	NA	NA	NA	NA	NA	NA	NA	NA	Yes	NA	NA	NA	NA	NA	NA	NA	NA	NA	NA	NA	No	NA	NA	NA	NA	NA	NA	NA	NA	NA	NA	NA	Yes	NA	NA	NA	NA	NA	NA	NA	NA	NA	Yes	NA	NA
SRR16974586	Pichiales	NA	NA	NA	No	NA	NA	NA	NA	NA	NA	NA	NA	NA	NA	NA	No	NA	NA	NA	NA	NA	NA	NA	NA	NA	NA	NA	No	NA	NA	NA	NA	NA	NA	NA	NA	NA	NA	NA	No	NA	NA	NA	NA	NA	NA	NA	NA	NA	NA	NA	No	NA	NA	NA	NA	NA	NA	NA	NA	NA	NA	NA	Yes	NA	NA	NA	NA	NA	NA	NA	NA	NA	NA	NA	Yes	NA	NA	NA	NA	NA	NA	NA	NA	NA	NA	NA	Yes	NA	NA	NA	NA	NA	NA	NA	NA	NA	NA	NA	No	NA	NA	NA	NA	NA	NA	NA	NA	NA	NA	NA	Yes	NA	NA	NA	NA	NA	NA	NA	NA	NA	Yes	NA	NA
SRR16974585	Pichiales	NA	NA	NA	No	NA	NA	NA	NA	NA	NA	NA	NA	NA	NA	NA	No	NA	NA	NA	NA	NA	NA	NA	NA	NA	NA	NA	No	NA	NA	NA	NA	NA	NA	NA	NA	NA	NA	NA	No	NA	NA	NA	NA	NA	NA	NA	NA	NA	NA	NA	No	NA	NA	NA	NA	NA	NA	NA	NA	NA	NA	NA	No	NA	NA	NA	NA	NA	NA	NA	NA	NA	NA	NA	Yes	NA	NA	NA	NA	NA	NA	NA	NA	NA	NA	NA	Yes	NA	NA	NA	NA	NA	NA	NA	NA	NA	NA	NA	No	NA	NA	NA	NA	NA	NA	NA	NA	NA	NA	NA	Yes	NA	NA	NA	NA	NA	NA	NA	NA	NA	Yes	NA	NA
SRR16974583	Pichiales	NA	NA	NA	No	NA	NA	NA	NA	NA	NA	NA	NA	NA	NA	NA	No	NA	NA	NA	NA	NA	NA	NA	NA	NA	NA	NA	No	NA	NA	NA	NA	NA	NA	NA	NA	NA	NA	NA	No	NA	NA	NA	NA	NA	NA	NA	NA	NA	NA	NA	No	NA	NA	NA	NA	NA	NA	NA	NA	NA	NA	NA	No	NA	NA	NA	NA	NA	NA	NA	NA	NA	NA	NA	Yes	NA	NA	NA	NA	NA	NA	NA	NA	NA	NA	NA	Yes	NA	NA	NA	NA	NA	NA	NA	NA	NA	NA	NA	No	NA	NA	NA	NA	NA	NA	NA	NA	NA	NA	NA	Yes	NA	NA	NA	NA	NA	NA	NA	NA	NA	Yes	NA	NA
SRR16974582	Pichiales	NA	NA	NA	No	NA	NA	NA	NA	NA	NA	NA	NA	NA	NA	NA	No	NA	NA	NA	NA	NA	NA	NA	NA	NA	NA	NA	No	NA	NA	NA	NA	NA	NA	NA	NA	NA	NA	NA	No	NA	NA	NA	NA	NA	NA	NA	NA	NA	NA	NA	No	NA	NA	NA	NA	NA	NA	NA	NA	NA	NA	NA	No	NA	NA	NA	NA	NA	NA	NA	NA	NA	NA	NA	Yes	NA	NA	NA	NA	NA	NA	NA	NA	NA	NA	NA	No	NA	NA	NA	NA	NA	NA	NA	NA	NA	NA	NA	No	NA	NA	NA	NA	NA	NA	NA	NA	NA	NA	NA	Yes	NA	NA	NA	NA	NA	NA	NA	NA	NA	Yes	NA	NA
SRR16974581	Dipodascales	NA	NA	NA	NA	NA	NA	NA	NA	NA	NA	NA	NA	NA	NA	NA	NA	NA	NA	NA	NA	NA	NA	NA	NA	NA	NA	NA	NA	NA	NA	NA	NA	NA	NA	NA	NA	NA	NA	NA	NA	NA	NA	NA	NA	NA	NA	NA	NA	NA	NA	NA	NA	NA	NA	NA	NA	NA	NA	NA	NA	NA	NA	NA	NA	NA	NA	NA	NA	NA	NA	NA	NA	NA	NA	NA	NA	NA	NA	NA	NA	NA	NA	NA	NA	NA	NA	NA	NA	NA	NA	NA	NA	NA	NA	NA	NA	NA	NA	NA	NA	NA	NA	NA	NA	NA	NA	NA	NA	NA	NA	NA	NA	NA	NA	NA	NA	NA	NA	NA	NA	NA	NA	NA	NA
SRR16974580	Pichiales	NA	NA	NA	No	NA	NA	NA	NA	NA	NA	NA	NA	NA	NA	NA	No	NA	NA	NA	NA	NA	NA	NA	NA	NA	NA	NA	No	NA	NA	NA	NA	NA	NA	NA	NA	NA	NA	NA	No	NA	NA	NA	NA	NA	NA	NA	NA	NA	NA	NA	No	NA	NA	NA	NA	NA	NA	NA	NA	NA	NA	NA	No	NA	NA	NA	NA	NA	NA	NA	NA	NA	NA	NA	NA	NA	NA	NA	NA	NA	NA	NA	NA	NA	NA	NA	No	NA	NA	NA	NA	NA	NA	NA	NA	NA	NA	NA	No	NA	NA	NA	NA	NA	NA	NA	NA	NA	NA	NA	No	NA	NA	NA	NA	NA	NA	NA	NA	NA	No	NA	NA
SRR16974579	Serinales	NA	NA	Yes	NA	NA	NA	NA	NA	NA	NA	NA	NA	NA	NA	No	NA	NA	NA	NA	NA	NA	NA	NA	NA	NA	NA	Yes	NA	NA	NA	NA	NA	NA	NA	NA	NA	NA	NA	Yes	NA	NA	NA	NA	NA	NA	NA	NA	NA	NA	NA	Yes	NA	NA	NA	NA	NA	NA	NA	NA	NA	NA	NA	Yes	NA	NA	NA	NA	NA	NA	NA	NA	NA	NA	NA	No	NA	NA	NA	NA	NA	NA	NA	NA	NA	NA	NA	No	NA	NA	NA	NA	NA	NA	NA	NA	NA	NA	NA	Yes	NA	NA	NA	NA	NA	NA	NA	NA	NA	NA	NA	Yes	NA	NA	NA	NA	NA	NA	NA	NA	NA	Yes	NA	NA	NA
SRR16974578	Serinales	NA	NA	Yes	NA	NA	NA	NA	NA	NA	NA	NA	NA	NA	NA	No	NA	NA	NA	NA	NA	NA	NA	NA	NA	NA	NA	Yes	NA	NA	NA	NA	NA	NA	NA	NA	NA	NA	NA	Yes	NA	NA	NA	NA	NA	NA	NA	NA	NA	NA	NA	Yes	NA	NA	NA	NA	NA	NA	NA	NA	NA	NA	NA	No	NA	NA	NA	NA	NA	NA	NA	NA	NA	NA	NA	No	NA	NA	NA	NA	NA	NA	NA	NA	NA	NA	NA	No	NA	NA	NA	NA	NA	NA	NA	NA	NA	NA	NA	Yes	NA	NA	NA	NA	NA	NA	NA	NA	NA	NA	NA	NA	NA	NA	NA	NA	NA	NA	NA	NA	NA	Yes	NA	NA	NA
SRR16974577	Serinales	NA	NA	Yes	NA	NA	NA	NA	NA	NA	NA	NA	NA	NA	NA	Yes	NA	NA	NA	NA	NA	NA	NA	NA	NA	NA	NA	Yes	NA	NA	NA	NA	NA	NA	NA	NA	NA	NA	NA	Yes	NA	NA	NA	NA	NA	NA	NA	NA	NA	NA	NA	No	NA	NA	NA	NA	NA	NA	NA	NA	NA	NA	NA	No	NA	NA	NA	NA	NA	NA	NA	NA	NA	NA	NA	No	NA	NA	NA	NA	NA	NA	NA	NA	NA	NA	NA	Yes	NA	NA	NA	NA	NA	NA	NA	NA	NA	NA	NA	Yes	NA	NA	NA	NA	NA	NA	NA	NA	NA	NA	NA	Yes	NA	NA	NA	NA	NA	NA	NA	NA	NA	Yes	NA	NA	NA
SRR16974576	Dipodascales	NA	NA	NA	NA	No	NA	NA	NA	NA	NA	NA	NA	NA	NA	NA	NA	No	NA	NA	NA	NA	NA	NA	NA	NA	NA	NA	NA	No	NA	NA	NA	NA	NA	NA	NA	NA	NA	NA	NA	No	NA	NA	NA	NA	NA	NA	NA	NA	NA	NA	NA	No	NA	NA	NA	NA	NA	NA	NA	NA	NA	NA	NA	Yes	NA	NA	NA	NA	NA	NA	NA	NA	NA	NA	NA	Yes	NA	NA	NA	NA	NA	NA	NA	NA	NA	NA	NA	No	NA	NA	NA	NA	NA	NA	NA	NA	NA	NA	NA	No	NA	NA	NA	NA	NA	NA	NA	NA	NA	NA	NA	No	NA	NA	NA	NA	NA	NA	NA	NA	NA	NA	NA
SRR16974575	Pichiales	NA	NA	NA	Yes	NA	NA	NA	NA	NA	NA	NA	NA	NA	NA	NA	Yes	NA	NA	NA	NA	NA	NA	NA	NA	NA	NA	NA	Yes	NA	NA	NA	NA	NA	NA	NA	NA	NA	NA	NA	Yes	NA	NA	NA	NA	NA	NA	NA	NA	NA	NA	NA	Yes	NA	NA	NA	NA	NA	NA	NA	NA	NA	NA	NA	No	NA	NA	NA	NA	NA	NA	NA	NA	NA	NA	NA	No	NA	NA	NA	NA	NA	NA	NA	NA	NA	NA	NA	No	NA	NA	NA	NA	NA	NA	NA	NA	NA	NA	NA	NA	NA	NA	NA	NA	NA	NA	NA	NA	NA	NA	NA	NA	NA	NA	NA	NA	NA	NA	NA	NA	NA	NA	NA	NA
SRR16974574	Pichiales	NA	NA	NA	Yes	NA	NA	NA	NA	NA	NA	NA	NA	NA	NA	NA	Yes	NA	NA	NA	NA	NA	NA	NA	NA	NA	NA	NA	Yes	NA	NA	NA	NA	NA	NA	NA	NA	NA	NA	NA	No	NA	NA	NA	NA	NA	NA	NA	NA	NA	NA	NA	Yes	NA	NA	NA	NA	NA	NA	NA	NA	NA	NA	NA	Yes	NA	NA	NA	NA	NA	NA	NA	NA	NA	NA	NA	Yes	NA	NA	NA	NA	NA	NA	NA	NA	NA	NA	NA	No	NA	NA	NA	NA	NA	NA	NA	NA	NA	NA	NA	Yes	NA	NA	NA	NA	NA	NA	NA	NA	NA	NA	NA	Yes	NA	NA	NA	NA	NA	NA	NA	NA	NA	NA	NA	NA
SRR16974572	Pichiales	NA	NA	NA	No	NA	NA	NA	NA	NA	NA	NA	NA	NA	NA	NA	No	NA	NA	NA	NA	NA	NA	NA	NA	NA	NA	NA	Yes	NA	NA	NA	NA	NA	NA	NA	NA	NA	NA	NA	Yes	NA	NA	NA	NA	NA	NA	NA	NA	NA	NA	NA	Yes	NA	NA	NA	NA	NA	NA	NA	NA	NA	NA	NA	Yes	NA	NA	NA	NA	NA	NA	NA	NA	NA	NA	NA	No	NA	NA	NA	NA	NA	NA	NA	NA	NA	NA	NA	No	NA	NA	NA	NA	NA	NA	NA	NA	NA	NA	NA	Yes	NA	NA	NA	NA	NA	NA	NA	NA	NA	NA	NA	No	NA	NA	NA	NA	NA	NA	NA	NA	NA	Yes	NA	NA
SRR16974571	Pichiales	NA	NA	NA	No	NA	NA	NA	NA	NA	NA	NA	NA	NA	NA	NA	No	NA	NA	NA	NA	NA	NA	NA	NA	NA	NA	NA	Yes	NA	NA	NA	NA	NA	NA	NA	NA	NA	NA	NA	Yes	NA	NA	NA	NA	NA	NA	NA	NA	NA	NA	NA	Yes	NA	NA	NA	NA	NA	NA	NA	NA	NA	NA	NA	Yes	NA	NA	NA	NA	NA	NA	NA	NA	NA	NA	NA	Yes	NA	NA	NA	NA	NA	NA	NA	NA	NA	NA	NA	Yes	NA	NA	NA	NA	NA	NA	NA	NA	NA	NA	NA	Yes	NA	NA	NA	NA	NA	NA	NA	NA	NA	NA	NA	NA	NA	NA	NA	NA	NA	NA	NA	NA	NA	No	NA	NA
SRR16974570	Pichiales	NA	NA	NA	No	NA	NA	NA	NA	NA	NA	NA	NA	NA	NA	NA	No	NA	NA	NA	NA	NA	NA	NA	NA	NA	NA	NA	No	NA	NA	NA	NA	NA	NA	NA	NA	NA	NA	NA	No	NA	NA	NA	NA	NA	NA	NA	NA	NA	NA	NA	No	NA	NA	NA	NA	NA	NA	NA	NA	NA	NA	NA	No	NA	NA	NA	NA	NA	NA	NA	NA	NA	NA	NA	Yes	NA	NA	NA	NA	NA	NA	NA	NA	NA	NA	NA	No	NA	NA	NA	NA	NA	NA	NA	NA	NA	NA	NA	No	NA	NA	NA	NA	NA	NA	NA	NA	NA	NA	NA	Yes	NA	NA	NA	NA	NA	NA	NA	NA	NA	Yes	NA	NA
SRR16974569	Pichiales	NA	NA	NA	No	NA	NA	NA	NA	NA	NA	NA	NA	NA	NA	NA	No	NA	NA	NA	NA	NA	NA	NA	NA	NA	NA	NA	No	NA	NA	NA	NA	NA	NA	NA	NA	NA	NA	NA	No	NA	NA	NA	NA	NA	NA	NA	NA	NA	NA	NA	No	NA	NA	NA	NA	NA	NA	NA	NA	NA	NA	NA	No	NA	NA	NA	NA	NA	NA	NA	NA	NA	NA	NA	Yes	NA	NA	NA	NA	NA	NA	NA	NA	NA	NA	NA	Yes	NA	NA	NA	NA	NA	NA	NA	NA	NA	NA	NA	No	NA	NA	NA	NA	NA	NA	NA	NA	NA	NA	NA	Yes	NA	NA	NA	NA	NA	NA	NA	NA	NA	NA	NA	NA
SRR16974568	Serinales	NA	NA	Yes	NA	NA	NA	NA	NA	NA	NA	NA	NA	NA	NA	Yes	NA	NA	NA	NA	NA	NA	NA	NA	NA	NA	NA	No	NA	NA	NA	NA	NA	NA	NA	NA	NA	NA	NA	Yes	NA	NA	NA	NA	NA	NA	NA	NA	NA	NA	NA	No	NA	NA	NA	NA	NA	NA	NA	NA	NA	NA	NA	Yes	NA	NA	NA	NA	NA	NA	NA	NA	NA	NA	NA	No	NA	NA	NA	NA	NA	NA	NA	NA	NA	NA	NA	Yes	NA	NA	NA	NA	NA	NA	NA	NA	NA	NA	NA	Yes	NA	NA	NA	NA	NA	NA	NA	NA	NA	NA	NA	No	NA	NA	NA	NA	NA	NA	NA	NA	NA	Yes	NA	NA	NA
SRR16974567	Serinales	NA	NA	No	NA	NA	NA	NA	NA	NA	NA	NA	NA	NA	NA	No	NA	NA	NA	NA	NA	NA	NA	NA	NA	NA	NA	Yes	NA	NA	NA	NA	NA	NA	NA	NA	NA	NA	NA	Yes	NA	NA	NA	NA	NA	NA	NA	NA	NA	NA	NA	Yes	NA	NA	NA	NA	NA	NA	NA	NA	NA	NA	NA	Yes	NA	NA	NA	NA	NA	NA	NA	NA	NA	NA	NA	No	NA	NA	NA	NA	NA	NA	NA	NA	NA	NA	NA	Yes	NA	NA	NA	NA	NA	NA	NA	NA	NA	NA	NA	Yes	NA	NA	NA	NA	NA	NA	NA	NA	NA	NA	NA	No	NA	NA	NA	NA	NA	NA	NA	NA	NA	Yes	NA	NA	NA
SRR16974566	Serinales	NA	NA	No	NA	NA	NA	NA	NA	NA	NA	NA	NA	NA	NA	No	NA	NA	NA	NA	NA	NA	NA	NA	NA	NA	NA	Yes	NA	NA	NA	NA	NA	NA	NA	NA	NA	NA	NA	Yes	NA	NA	NA	NA	NA	NA	NA	NA	NA	NA	NA	Yes	NA	NA	NA	NA	NA	NA	NA	NA	NA	NA	NA	Yes	NA	NA	NA	NA	NA	NA	NA	NA	NA	NA	NA	No	NA	NA	NA	NA	NA	NA	NA	NA	NA	NA	NA	Yes	NA	NA	NA	NA	NA	NA	NA	NA	NA	NA	NA	Yes	NA	NA	NA	NA	NA	NA	NA	NA	NA	NA	NA	No	NA	NA	NA	NA	NA	NA	NA	NA	NA	Yes	NA	NA	NA
SRR16974565	Serinales	NA	NA	Yes	NA	NA	NA	NA	NA	NA	NA	NA	NA	NA	NA	Yes	NA	NA	NA	NA	NA	NA	NA	NA	NA	NA	NA	Yes	NA	NA	NA	NA	NA	NA	NA	NA	NA	NA	NA	Yes	NA	NA	NA	NA	NA	NA	NA	NA	NA	NA	NA	Yes	NA	NA	NA	NA	NA	NA	NA	NA	NA	NA	NA	Yes	NA	NA	NA	NA	NA	NA	NA	NA	NA	NA	NA	No	NA	NA	NA	NA	NA	NA	NA	NA	NA	NA	NA	Yes	NA	NA	NA	NA	NA	NA	NA	NA	NA	NA	NA	Yes	NA	NA	NA	NA	NA	NA	NA	NA	NA	NA	NA	No	NA	NA	NA	NA	NA	NA	NA	NA	NA	Yes	NA	NA	NA
SRR16974564	Dipodascales	NA	NA	NA	NA	No	NA	NA	NA	NA	NA	NA	NA	NA	NA	NA	NA	No	NA	NA	NA	NA	NA	NA	NA	NA	NA	NA	NA	No	NA	NA	NA	NA	NA	NA	NA	NA	NA	NA	NA	No	NA	NA	NA	NA	NA	NA	NA	NA	NA	NA	NA	Yes	NA	NA	NA	NA	NA	NA	NA	NA	NA	NA	NA	No	NA	NA	NA	NA	NA	NA	NA	NA	NA	NA	NA	No	NA	NA	NA	NA	NA	NA	NA	NA	NA	NA	NA	No	NA	NA	NA	NA	NA	NA	NA	NA	NA	NA	NA	Yes	NA	NA	NA	NA	NA	NA	NA	NA	NA	NA	NA	Yes	NA	NA	NA	NA	NA	NA	NA	NA	NA	NA	NA
SRR16974562	Serinales	NA	NA	Yes	NA	NA	NA	NA	NA	NA	NA	NA	NA	NA	NA	Yes	NA	NA	NA	NA	NA	NA	NA	NA	NA	NA	NA	No	NA	NA	NA	NA	NA	NA	NA	NA	NA	NA	NA	Yes	NA	NA	NA	NA	NA	NA	NA	NA	NA	NA	NA	Yes	NA	NA	NA	NA	NA	NA	NA	NA	NA	NA	NA	Yes	NA	NA	NA	NA	NA	NA	NA	NA	NA	NA	NA	No	NA	NA	NA	NA	NA	NA	NA	NA	NA	NA	NA	Yes	NA	NA	NA	NA	NA	NA	NA	NA	NA	NA	NA	Yes	NA	NA	NA	NA	NA	NA	NA	NA	NA	NA	NA	No	NA	NA	NA	NA	NA	NA	NA	NA	NA	No	NA	NA	NA
SRR16974368	Serinales	NA	NA	Yes	NA	NA	NA	NA	NA	NA	NA	NA	NA	NA	NA	Yes	NA	NA	NA	NA	NA	NA	NA	NA	NA	NA	NA	No	NA	NA	NA	NA	NA	NA	NA	NA	NA	NA	NA	Yes	NA	NA	NA	NA	NA	NA	NA	NA	NA	NA	NA	Yes	NA	NA	NA	NA	NA	NA	NA	NA	NA	NA	NA	Yes	NA	NA	NA	NA	NA	NA	NA	NA	NA	NA	NA	No	NA	NA	NA	NA	NA	NA	NA	NA	NA	NA	NA	Yes	NA	NA	NA	NA	NA	NA	NA	NA	NA	NA	NA	No	NA	NA	NA	NA	NA	NA	NA	NA	NA	NA	NA	Yes	NA	NA	NA	NA	NA	NA	NA	NA	NA	Yes	NA	NA	NA
SRR16974367	Serinales	NA	NA	Yes	NA	NA	NA	NA	NA	NA	NA	NA	NA	NA	NA	Yes	NA	NA	NA	NA	NA	NA	NA	NA	NA	NA	NA	No	NA	NA	NA	NA	NA	NA	NA	NA	NA	NA	NA	Yes	NA	NA	NA	NA	NA	NA	NA	NA	NA	NA	NA	No	NA	NA	NA	NA	NA	NA	NA	NA	NA	NA	NA	No	NA	NA	NA	NA	NA	NA	NA	NA	NA	NA	NA	No	NA	NA	NA	NA	NA	NA	NA	NA	NA	NA	NA	Yes	NA	NA	NA	NA	NA	NA	NA	NA	NA	NA	NA	No	NA	NA	NA	NA	NA	NA	NA	NA	NA	NA	NA	No	NA	NA	NA	NA	NA	NA	NA	NA	NA	NA	NA	NA	NA
SRR16974366	Serinales	NA	NA	Yes	NA	NA	NA	NA	NA	NA	NA	NA	NA	NA	NA	Yes	NA	NA	NA	NA	NA	NA	NA	NA	NA	NA	NA	Yes	NA	NA	NA	NA	NA	NA	NA	NA	NA	NA	NA	Yes	NA	NA	NA	NA	NA	NA	NA	NA	NA	NA	NA	Yes	NA	NA	NA	NA	NA	NA	NA	NA	NA	NA	NA	Yes	NA	NA	NA	NA	NA	NA	NA	NA	NA	NA	NA	No	NA	NA	NA	NA	NA	NA	NA	NA	NA	NA	NA	Yes	NA	NA	NA	NA	NA	NA	NA	NA	NA	NA	NA	No	NA	NA	NA	NA	NA	NA	NA	NA	NA	NA	NA	No	NA	NA	NA	NA	NA	NA	NA	NA	NA	NA	NA	NA	NA
SRR16974365	Serinales	NA	NA	NA	NA	NA	NA	NA	NA	NA	NA	NA	NA	NA	NA	NA	NA	NA	NA	NA	NA	NA	NA	NA	NA	NA	NA	NA	NA	NA	NA	NA	NA	NA	NA	NA	NA	NA	NA	NA	NA	NA	NA	NA	NA	NA	NA	NA	NA	NA	NA	NA	NA	NA	NA	NA	NA	NA	NA	NA	NA	NA	NA	NA	NA	NA	NA	NA	NA	NA	NA	NA	NA	NA	NA	NA	NA	NA	NA	NA	NA	NA	NA	NA	NA	NA	NA	NA	NA	NA	NA	NA	NA	NA	NA	NA	NA	NA	NA	NA	NA	NA	NA	NA	NA	NA	NA	NA	NA	NA	NA	NA	NA	NA	NA	NA	NA	NA	NA	NA	NA	NA	NA	NA	NA
SRR16974364	Serinales	NA	NA	Yes	NA	NA	NA	NA	NA	NA	NA	NA	NA	NA	NA	Yes	NA	NA	NA	NA	NA	NA	NA	NA	NA	NA	NA	Yes	NA	NA	NA	NA	NA	NA	NA	NA	NA	NA	NA	Yes	NA	NA	NA	NA	NA	NA	NA	NA	NA	NA	NA	No	NA	NA	NA	NA	NA	NA	NA	NA	NA	NA	NA	Yes	NA	NA	NA	NA	NA	NA	NA	NA	NA	NA	NA	No	NA	NA	NA	NA	NA	NA	NA	NA	NA	NA	NA	Yes	NA	NA	NA	NA	NA	NA	NA	NA	NA	NA	NA	No	NA	NA	NA	NA	NA	NA	NA	NA	NA	NA	NA	No	NA	NA	NA	NA	NA	NA	NA	NA	NA	NA	NA	NA	NA
SRR16974363	Serinales	NA	NA	Yes	NA	NA	NA	NA	NA	NA	NA	NA	NA	NA	NA	Yes	NA	NA	NA	NA	NA	NA	NA	NA	NA	NA	NA	No	NA	NA	NA	NA	NA	NA	NA	NA	NA	NA	NA	Yes	NA	NA	NA	NA	NA	NA	NA	NA	NA	NA	NA	No	NA	NA	NA	NA	NA	NA	NA	NA	NA	NA	NA	No	NA	NA	NA	NA	NA	NA	NA	NA	NA	NA	NA	No	NA	NA	NA	NA	NA	NA	NA	NA	NA	NA	NA	Yes	NA	NA	NA	NA	NA	NA	NA	NA	NA	NA	NA	Yes	NA	NA	NA	NA	NA	NA	NA	NA	NA	NA	NA	No	NA	NA	NA	NA	NA	NA	NA	NA	NA	Yes	NA	NA	NA
SRR16974362	Trigonopsidales	NA	NA	NA	NA	NA	NA	No	NA	NA	NA	NA	NA	NA	NA	NA	NA	NA	NA	No	NA	NA	NA	NA	NA	NA	NA	NA	NA	NA	NA	No	NA	NA	NA	NA	NA	NA	NA	NA	NA	NA	NA	Yes	NA	NA	NA	NA	NA	NA	NA	NA	NA	NA	NA	No	NA	NA	NA	NA	NA	NA	NA	NA	NA	NA	NA	No	NA	NA	NA	NA	NA	NA	NA	NA	NA	NA	NA	Yes	NA	NA	NA	NA	NA	NA	NA	NA	NA	NA	NA	No	NA	NA	NA	NA	NA	NA	NA	NA	NA	NA	NA	Yes	NA	NA	NA	NA	NA	NA	NA	NA	NA	NA	NA	No	NA	NA	NA	NA	NA	NA	NA	NA	NA
SRR16974361	Serinales	NA	NA	Yes	NA	NA	NA	NA	NA	NA	NA	NA	NA	NA	NA	Yes	NA	NA	NA	NA	NA	NA	NA	NA	NA	NA	NA	No	NA	NA	NA	NA	NA	NA	NA	NA	NA	NA	NA	Yes	NA	NA	NA	NA	NA	NA	NA	NA	NA	NA	NA	Yes	NA	NA	NA	NA	NA	NA	NA	NA	NA	NA	NA	No	NA	NA	NA	NA	NA	NA	NA	NA	NA	NA	NA	Yes	NA	NA	NA	NA	NA	NA	NA	NA	NA	NA	NA	Yes	NA	NA	NA	NA	NA	NA	NA	NA	NA	NA	NA	Yes	NA	NA	NA	NA	NA	NA	NA	NA	NA	NA	NA	NA	NA	NA	NA	NA	NA	NA	NA	NA	NA	Yes	NA	NA	NA
SRR16974360	Serinales	NA	NA	Yes	NA	NA	NA	NA	NA	NA	NA	NA	NA	NA	NA	Yes	NA	NA	NA	NA	NA	NA	NA	NA	NA	NA	NA	No	NA	NA	NA	NA	NA	NA	NA	NA	NA	NA	NA	Yes	NA	NA	NA	NA	NA	NA	NA	NA	NA	NA	NA	Yes	NA	NA	NA	NA	NA	NA	NA	NA	NA	NA	NA	Yes	NA	NA	NA	NA	NA	NA	NA	NA	NA	NA	NA	Yes	NA	NA	NA	NA	NA	NA	NA	NA	NA	NA	NA	Yes	NA	NA	NA	NA	NA	NA	NA	NA	NA	NA	NA	No	NA	NA	NA	NA	NA	NA	NA	NA	NA	NA	NA	No	NA	NA	NA	NA	NA	NA	NA	NA	NA	Yes	NA	NA	NA
SRR16974359	Serinales	NA	NA	Yes	NA	NA	NA	NA	NA	NA	NA	NA	NA	NA	NA	Yes	NA	NA	NA	NA	NA	NA	NA	NA	NA	NA	NA	No	NA	NA	NA	NA	NA	NA	NA	NA	NA	NA	NA	Yes	NA	NA	NA	NA	NA	NA	NA	NA	NA	NA	NA	Yes	NA	NA	NA	NA	NA	NA	NA	NA	NA	NA	NA	Yes	NA	NA	NA	NA	NA	NA	NA	NA	NA	NA	NA	Yes	NA	NA	NA	NA	NA	NA	NA	NA	NA	NA	NA	Yes	NA	NA	NA	NA	NA	NA	NA	NA	NA	NA	NA	No	NA	NA	NA	NA	NA	NA	NA	NA	NA	NA	NA	Yes	NA	NA	NA	NA	NA	NA	NA	NA	NA	No	NA	NA	NA
SRR16974357	Serinales	NA	NA	Yes	NA	NA	NA	NA	NA	NA	NA	NA	NA	NA	NA	Yes	NA	NA	NA	NA	NA	NA	NA	NA	NA	NA	NA	Yes	NA	NA	NA	NA	NA	NA	NA	NA	NA	NA	NA	Yes	NA	NA	NA	NA	NA	NA	NA	NA	NA	NA	NA	Yes	NA	NA	NA	NA	NA	NA	NA	NA	NA	NA	NA	No	NA	NA	NA	NA	NA	NA	NA	NA	NA	NA	NA	No	NA	NA	NA	NA	NA	NA	NA	NA	NA	NA	NA	No	NA	NA	NA	NA	NA	NA	NA	NA	NA	NA	NA	Yes	NA	NA	NA	NA	NA	NA	NA	NA	NA	NA	NA	No	NA	NA	NA	NA	NA	NA	NA	NA	NA	Yes	NA	NA	NA
SRR16974356	Dipodascales	NA	NA	NA	NA	NA	NA	NA	NA	NA	NA	NA	NA	NA	NA	NA	NA	NA	NA	NA	NA	NA	NA	NA	NA	NA	NA	NA	NA	NA	NA	NA	NA	NA	NA	NA	NA	NA	NA	NA	NA	NA	NA	NA	NA	NA	NA	NA	NA	NA	NA	NA	NA	NA	NA	NA	NA	NA	NA	NA	NA	NA	NA	NA	NA	NA	NA	NA	NA	NA	NA	NA	NA	NA	NA	NA	NA	NA	NA	NA	NA	NA	NA	NA	NA	NA	NA	NA	NA	NA	NA	NA	NA	NA	NA	NA	NA	NA	NA	NA	NA	NA	NA	NA	NA	NA	NA	NA	NA	NA	NA	NA	NA	NA	NA	NA	NA	NA	NA	NA	NA	NA	NA	NA	NA
SRR16974355	Dipodascales	NA	NA	NA	NA	NA	NA	NA	NA	NA	NA	NA	NA	NA	NA	NA	NA	NA	NA	NA	NA	NA	NA	NA	NA	NA	NA	NA	NA	NA	NA	NA	NA	NA	NA	NA	NA	NA	NA	NA	NA	NA	NA	NA	NA	NA	NA	NA	NA	NA	NA	NA	NA	NA	NA	NA	NA	NA	NA	NA	NA	NA	NA	NA	NA	NA	NA	NA	NA	NA	NA	NA	NA	NA	NA	NA	NA	NA	NA	NA	NA	NA	NA	NA	NA	NA	NA	NA	NA	NA	NA	NA	NA	NA	NA	NA	NA	NA	NA	NA	NA	NA	NA	NA	NA	NA	NA	NA	NA	NA	NA	NA	NA	NA	NA	NA	NA	NA	NA	NA	NA	NA	NA	NA	NA
SRR16974354	Dipodascales	NA	NA	NA	NA	NA	NA	NA	NA	NA	NA	NA	NA	NA	NA	NA	NA	NA	NA	NA	NA	NA	NA	NA	NA	NA	NA	NA	NA	NA	NA	NA	NA	NA	NA	NA	NA	NA	NA	NA	NA	NA	NA	NA	NA	NA	NA	NA	NA	NA	NA	NA	NA	NA	NA	NA	NA	NA	NA	NA	NA	NA	NA	NA	NA	NA	NA	NA	NA	NA	NA	NA	NA	NA	NA	NA	NA	NA	NA	NA	NA	NA	NA	NA	NA	NA	NA	NA	NA	NA	NA	NA	NA	NA	NA	NA	NA	NA	NA	NA	NA	NA	NA	NA	NA	NA	NA	NA	NA	NA	NA	NA	NA	NA	NA	NA	NA	NA	NA	NA	NA	NA	NA	NA	NA
SRR16974353	Saccharomycodales	NA	NA	NA	NA	NA	NA	NA	Yes	NA	NA	NA	NA	NA	NA	NA	NA	NA	NA	NA	Yes	NA	NA	NA	NA	NA	NA	NA	NA	NA	NA	NA	No	NA	NA	NA	NA	NA	NA	NA	NA	NA	NA	NA	No	NA	NA	NA	NA	NA	NA	NA	NA	NA	NA	NA	No	NA	NA	NA	NA	NA	NA	NA	NA	NA	NA	NA	Yes	NA	NA	NA	NA	NA	NA	NA	NA	NA	NA	NA	No	NA	NA	NA	NA	NA	NA	NA	NA	NA	NA	NA	No	NA	NA	NA	NA	NA	NA	NA	NA	NA	NA	NA	Yes	NA	NA	NA	NA	NA	NA	NA	NA	NA	NA	NA	No	NA	NA	NA	NA	NA	NA	NA	NA
SRR16974352	Serinales	NA	NA	Yes	NA	NA	NA	NA	NA	NA	NA	NA	NA	NA	NA	Yes	NA	NA	NA	NA	NA	NA	NA	NA	NA	NA	NA	No	NA	NA	NA	NA	NA	NA	NA	NA	NA	NA	NA	Yes	NA	NA	NA	NA	NA	NA	NA	NA	NA	NA	NA	Yes	NA	NA	NA	NA	NA	NA	NA	NA	NA	NA	NA	Yes	NA	NA	NA	NA	NA	NA	NA	NA	NA	NA	NA	No	NA	NA	NA	NA	NA	NA	NA	NA	NA	NA	NA	Yes	NA	NA	NA	NA	NA	NA	NA	NA	NA	NA	NA	No	NA	NA	NA	NA	NA	NA	NA	NA	NA	NA	NA	Yes	NA	NA	NA	NA	NA	NA	NA	NA	NA	No	NA	NA	NA
SRR16974351	Serinales	NA	NA	Yes	NA	NA	NA	NA	NA	NA	NA	NA	NA	NA	NA	Yes	NA	NA	NA	NA	NA	NA	NA	NA	NA	NA	NA	No	NA	NA	NA	NA	NA	NA	NA	NA	NA	NA	NA	Yes	NA	NA	NA	NA	NA	NA	NA	NA	NA	NA	NA	No	NA	NA	NA	NA	NA	NA	NA	NA	NA	NA	NA	Yes	NA	NA	NA	NA	NA	NA	NA	NA	NA	NA	NA	Yes	NA	NA	NA	NA	NA	NA	NA	NA	NA	NA	NA	Yes	NA	NA	NA	NA	NA	NA	NA	NA	NA	NA	NA	Yes	NA	NA	NA	NA	NA	NA	NA	NA	NA	NA	NA	No	NA	NA	NA	NA	NA	NA	NA	NA	NA	NA	NA	NA	NA
SRR16974350	Dipodascales	NA	NA	NA	NA	Yes	NA	NA	NA	NA	NA	NA	NA	NA	NA	NA	NA	Yes	NA	NA	NA	NA	NA	NA	NA	NA	NA	NA	NA	Yes	NA	NA	NA	NA	NA	NA	NA	NA	NA	NA	NA	Yes	NA	NA	NA	NA	NA	NA	NA	NA	NA	NA	NA	Yes	NA	NA	NA	NA	NA	NA	NA	NA	NA	NA	NA	Yes	NA	NA	NA	NA	NA	NA	NA	NA	NA	NA	NA	Yes	NA	NA	NA	NA	NA	NA	NA	NA	NA	NA	NA	Yes	NA	NA	NA	NA	NA	NA	NA	NA	NA	NA	NA	Yes	NA	NA	NA	NA	NA	NA	NA	NA	NA	NA	NA	Yes	NA	NA	NA	NA	NA	NA	NA	NA	NA	NA	NA
SRR16974349	Dipodascales	NA	NA	NA	NA	Yes	NA	NA	NA	NA	NA	NA	NA	NA	NA	NA	NA	Yes	NA	NA	NA	NA	NA	NA	NA	NA	NA	NA	NA	NA	NA	NA	NA	NA	NA	NA	NA	NA	NA	NA	NA	Yes	NA	NA	NA	NA	NA	NA	NA	NA	NA	NA	NA	Yes	NA	NA	NA	NA	NA	NA	NA	NA	NA	NA	NA	NA	NA	NA	NA	NA	NA	NA	NA	NA	NA	NA	NA	NA	NA	NA	NA	NA	NA	NA	NA	NA	NA	NA	NA	NA	NA	NA	NA	NA	NA	NA	NA	NA	NA	NA	NA	NA	NA	NA	NA	NA	NA	NA	NA	NA	NA	NA	NA	NA	NA	NA	NA	NA	NA	NA	NA	NA	NA	NA	NA
SRR16974348	Dipodascales	NA	NA	NA	NA	Yes	NA	NA	NA	NA	NA	NA	NA	NA	NA	NA	NA	Yes	NA	NA	NA	NA	NA	NA	NA	NA	NA	NA	NA	No	NA	NA	NA	NA	NA	NA	NA	NA	NA	NA	NA	Yes	NA	NA	NA	NA	NA	NA	NA	NA	NA	NA	NA	No	NA	NA	NA	NA	NA	NA	NA	NA	NA	NA	NA	Yes	NA	NA	NA	NA	NA	NA	NA	NA	NA	NA	NA	No	NA	NA	NA	NA	NA	NA	NA	NA	NA	NA	NA	Yes	NA	NA	NA	NA	NA	NA	NA	NA	NA	NA	NA	Yes	NA	NA	NA	NA	NA	NA	NA	NA	NA	NA	NA	NA	NA	NA	NA	NA	NA	NA	NA	NA	NA	NA	NA
SRR16974346	Dipodascales	NA	NA	NA	NA	Yes	NA	NA	NA	NA	NA	NA	NA	NA	NA	NA	NA	Yes	NA	NA	NA	NA	NA	NA	NA	NA	NA	NA	NA	Yes	NA	NA	NA	NA	NA	NA	NA	NA	NA	NA	NA	Yes	NA	NA	NA	NA	NA	NA	NA	NA	NA	NA	NA	Yes	NA	NA	NA	NA	NA	NA	NA	NA	NA	NA	NA	Yes	NA	NA	NA	NA	NA	NA	NA	NA	NA	NA	NA	No	NA	NA	NA	NA	NA	NA	NA	NA	NA	NA	NA	Yes	NA	NA	NA	NA	NA	NA	NA	NA	NA	NA	NA	Yes	NA	NA	NA	NA	NA	NA	NA	NA	NA	NA	NA	Yes	NA	NA	NA	NA	NA	NA	NA	NA	NA	NA	NA
SRR16974345	Dipodascales	NA	NA	NA	NA	NA	NA	NA	NA	NA	NA	NA	NA	NA	NA	NA	NA	NA	NA	NA	NA	NA	NA	NA	NA	NA	NA	NA	NA	NA	NA	NA	NA	NA	NA	NA	NA	NA	NA	NA	NA	NA	NA	NA	NA	NA	NA	NA	NA	NA	NA	NA	NA	NA	NA	NA	NA	NA	NA	NA	NA	NA	NA	NA	NA	NA	NA	NA	NA	NA	NA	NA	NA	NA	NA	NA	NA	NA	NA	NA	NA	NA	NA	NA	NA	NA	NA	NA	NA	NA	NA	NA	NA	NA	NA	NA	NA	NA	NA	NA	NA	NA	NA	NA	NA	NA	NA	NA	NA	NA	NA	NA	NA	NA	NA	NA	NA	NA	NA	NA	NA	NA	NA	NA	NA
SRR16974344	Dipodascales	NA	NA	NA	NA	Yes	NA	NA	NA	NA	NA	NA	NA	NA	NA	NA	NA	Yes	NA	NA	NA	NA	NA	NA	NA	NA	NA	NA	NA	Yes	NA	NA	NA	NA	NA	NA	NA	NA	NA	NA	NA	No	NA	NA	NA	NA	NA	NA	NA	NA	NA	NA	NA	NA	NA	NA	NA	NA	NA	NA	NA	NA	NA	NA	NA	NA	NA	NA	NA	NA	NA	NA	NA	NA	NA	NA	NA	No	NA	NA	NA	NA	NA	NA	NA	NA	NA	NA	NA	No	NA	NA	NA	NA	NA	NA	NA	NA	NA	NA	NA	Yes	NA	NA	NA	NA	NA	NA	NA	NA	NA	NA	NA	No	NA	NA	NA	NA	NA	NA	NA	NA	NA	NA	NA
SRR16974343	Dipodascales	NA	NA	NA	NA	Yes	NA	NA	NA	NA	NA	NA	NA	NA	NA	NA	NA	No	NA	NA	NA	NA	NA	NA	NA	NA	NA	NA	NA	Yes	NA	NA	NA	NA	NA	NA	NA	NA	NA	NA	NA	Yes	NA	NA	NA	NA	NA	NA	NA	NA	NA	NA	NA	Yes	NA	NA	NA	NA	NA	NA	NA	NA	NA	NA	NA	No	NA	NA	NA	NA	NA	NA	NA	NA	NA	NA	NA	No	NA	NA	NA	NA	NA	NA	NA	NA	NA	NA	NA	Yes	NA	NA	NA	NA	NA	NA	NA	NA	NA	NA	NA	Yes	NA	NA	NA	NA	NA	NA	NA	NA	NA	NA	NA	No	NA	NA	NA	NA	NA	NA	NA	NA	NA	NA	NA
SRR16974314	Dipodascales	NA	NA	NA	NA	NA	NA	NA	NA	NA	NA	NA	NA	NA	NA	NA	NA	NA	NA	NA	NA	NA	NA	NA	NA	NA	NA	NA	NA	NA	NA	NA	NA	NA	NA	NA	NA	NA	NA	NA	NA	NA	NA	NA	NA	NA	NA	NA	NA	NA	NA	NA	NA	NA	NA	NA	NA	NA	NA	NA	NA	NA	NA	NA	NA	NA	NA	NA	NA	NA	NA	NA	NA	NA	NA	NA	NA	NA	NA	NA	NA	NA	NA	NA	NA	NA	NA	NA	NA	NA	NA	NA	NA	NA	NA	NA	NA	NA	NA	NA	NA	NA	NA	NA	NA	NA	NA	NA	NA	NA	NA	NA	NA	NA	NA	NA	NA	NA	NA	NA	NA	NA	NA	NA	NA
SRR16974313	Dipodascales	NA	NA	NA	NA	Yes	NA	NA	NA	NA	NA	NA	NA	NA	NA	NA	NA	Yes	NA	NA	NA	NA	NA	NA	NA	NA	NA	NA	NA	No	NA	NA	NA	NA	NA	NA	NA	NA	NA	NA	NA	Yes	NA	NA	NA	NA	NA	NA	NA	NA	NA	NA	NA	NA	NA	NA	NA	NA	NA	NA	NA	NA	NA	NA	NA	NA	NA	NA	NA	NA	NA	NA	NA	NA	NA	NA	NA	No	NA	NA	NA	NA	NA	NA	NA	NA	NA	NA	NA	Yes	NA	NA	NA	NA	NA	NA	NA	NA	NA	NA	NA	Yes	NA	NA	NA	NA	NA	NA	NA	NA	NA	NA	NA	Yes	NA	NA	NA	NA	NA	NA	NA	NA	NA	NA	NA
SRR16974312	Dipodascales	NA	NA	NA	NA	Yes	NA	NA	NA	NA	NA	NA	NA	NA	NA	NA	NA	Yes	NA	NA	NA	NA	NA	NA	NA	NA	NA	NA	NA	Yes	NA	NA	NA	NA	NA	NA	NA	NA	NA	NA	NA	Yes	NA	NA	NA	NA	NA	NA	NA	NA	NA	NA	NA	Yes	NA	NA	NA	NA	NA	NA	NA	NA	NA	NA	NA	Yes	NA	NA	NA	NA	NA	NA	NA	NA	NA	NA	NA	Yes	NA	NA	NA	NA	NA	NA	NA	NA	NA	NA	NA	Yes	NA	NA	NA	NA	NA	NA	NA	NA	NA	NA	NA	Yes	NA	NA	NA	NA	NA	NA	NA	NA	NA	NA	NA	Yes	NA	NA	NA	NA	NA	NA	NA	NA	NA	NA	NA
SRR16974311	Dipodascales	NA	NA	NA	NA	Yes	NA	NA	NA	NA	NA	NA	NA	NA	NA	NA	NA	Yes	NA	NA	NA	NA	NA	NA	NA	NA	NA	NA	NA	Yes	NA	NA	NA	NA	NA	NA	NA	NA	NA	NA	NA	Yes	NA	NA	NA	NA	NA	NA	NA	NA	NA	NA	NA	NA	NA	NA	NA	NA	NA	NA	NA	NA	NA	NA	NA	NA	NA	NA	NA	NA	NA	NA	NA	NA	NA	NA	NA	Yes	NA	NA	NA	NA	NA	NA	NA	NA	NA	NA	NA	Yes	NA	NA	NA	NA	NA	NA	NA	NA	NA	NA	NA	Yes	NA	NA	NA	NA	NA	NA	NA	NA	NA	NA	NA	Yes	NA	NA	NA	NA	NA	NA	NA	NA	NA	NA	NA
SRR16974310	Dipodascales	NA	NA	NA	NA	NA	NA	NA	NA	NA	NA	NA	NA	NA	NA	NA	NA	NA	NA	NA	NA	NA	NA	NA	NA	NA	NA	NA	NA	NA	NA	NA	NA	NA	NA	NA	NA	NA	NA	NA	NA	NA	NA	NA	NA	NA	NA	NA	NA	NA	NA	NA	NA	NA	NA	NA	NA	NA	NA	NA	NA	NA	NA	NA	NA	NA	NA	NA	NA	NA	NA	NA	NA	NA	NA	NA	NA	NA	NA	NA	NA	NA	NA	NA	NA	NA	NA	NA	NA	NA	NA	NA	NA	NA	NA	NA	NA	NA	NA	NA	NA	NA	NA	NA	NA	NA	NA	NA	NA	NA	NA	NA	NA	NA	NA	NA	NA	NA	NA	NA	NA	NA	NA	NA	NA
SRR16974309	Saccharomycetales	No	NA	NA	NA	NA	NA	NA	NA	NA	NA	NA	NA	No	NA	NA	NA	NA	NA	NA	NA	NA	NA	NA	NA	No	NA	NA	NA	NA	NA	NA	NA	NA	NA	NA	NA	Yes	NA	NA	NA	NA	NA	NA	NA	NA	NA	NA	NA	Yes	NA	NA	NA	NA	NA	NA	NA	NA	NA	NA	NA	Yes	NA	NA	NA	NA	NA	NA	NA	NA	NA	NA	NA	No	NA	NA	NA	NA	NA	NA	NA	NA	NA	NA	NA	No	NA	NA	NA	NA	NA	NA	NA	NA	NA	NA	NA	No	NA	NA	NA	NA	NA	NA	NA	NA	NA	NA	NA	No	NA	NA	NA	NA	NA	NA	NA	NA	NA	NA	NA	NA	NA	NA	No
SRR16974307	Dipodascales	NA	NA	NA	NA	Yes	NA	NA	NA	NA	NA	NA	NA	NA	NA	NA	NA	Yes	NA	NA	NA	NA	NA	NA	NA	NA	NA	NA	NA	Yes	NA	NA	NA	NA	NA	NA	NA	NA	NA	NA	NA	Yes	NA	NA	NA	NA	NA	NA	NA	NA	NA	NA	NA	Yes	NA	NA	NA	NA	NA	NA	NA	NA	NA	NA	NA	Yes	NA	NA	NA	NA	NA	NA	NA	NA	NA	NA	NA	No	NA	NA	NA	NA	NA	NA	NA	NA	NA	NA	NA	Yes	NA	NA	NA	NA	NA	NA	NA	NA	NA	NA	NA	Yes	NA	NA	NA	NA	NA	NA	NA	NA	NA	NA	NA	Yes	NA	NA	NA	NA	NA	NA	NA	NA	NA	NA	NA
SRR16974306	Dipodascales	NA	NA	NA	NA	Yes	NA	NA	NA	NA	NA	NA	NA	NA	NA	NA	NA	Yes	NA	NA	NA	NA	NA	NA	NA	NA	NA	NA	NA	Yes	NA	NA	NA	NA	NA	NA	NA	NA	NA	NA	NA	Yes	NA	NA	NA	NA	NA	NA	NA	NA	NA	NA	NA	NA	NA	NA	NA	NA	NA	NA	NA	NA	NA	NA	NA	NA	NA	NA	NA	NA	NA	NA	NA	NA	NA	NA	NA	Yes	NA	NA	NA	NA	NA	NA	NA	NA	NA	NA	NA	No	NA	NA	NA	NA	NA	NA	NA	NA	NA	NA	NA	Yes	NA	NA	NA	NA	NA	NA	NA	NA	NA	NA	NA	No	NA	NA	NA	NA	NA	NA	NA	NA	NA	NA	NA
SRR16974305	Dipodascales	NA	NA	NA	NA	NA	NA	NA	NA	NA	NA	NA	NA	NA	NA	NA	NA	NA	NA	NA	NA	NA	NA	NA	NA	NA	NA	NA	NA	NA	NA	NA	NA	NA	NA	NA	NA	NA	NA	NA	NA	NA	NA	NA	NA	NA	NA	NA	NA	NA	NA	NA	NA	NA	NA	NA	NA	NA	NA	NA	NA	NA	NA	NA	NA	NA	NA	NA	NA	NA	NA	NA	NA	NA	NA	NA	NA	NA	NA	NA	NA	NA	NA	NA	NA	NA	NA	NA	NA	NA	NA	NA	NA	NA	NA	NA	NA	NA	NA	NA	NA	NA	NA	NA	NA	NA	NA	NA	NA	NA	NA	NA	NA	NA	NA	NA	NA	NA	NA	NA	NA	NA	NA	NA	NA
SRR16974304	Dipodascales	NA	NA	NA	NA	NA	NA	NA	NA	NA	NA	NA	NA	NA	NA	NA	NA	NA	NA	NA	NA	NA	NA	NA	NA	NA	NA	NA	NA	NA	NA	NA	NA	NA	NA	NA	NA	NA	NA	NA	NA	NA	NA	NA	NA	NA	NA	NA	NA	NA	NA	NA	NA	NA	NA	NA	NA	NA	NA	NA	NA	NA	NA	NA	NA	NA	NA	NA	NA	NA	NA	NA	NA	NA	NA	NA	NA	NA	NA	NA	NA	NA	NA	NA	NA	NA	NA	NA	NA	NA	NA	NA	NA	NA	NA	NA	NA	NA	NA	NA	NA	NA	NA	NA	NA	NA	NA	NA	NA	NA	NA	NA	NA	NA	NA	NA	NA	NA	NA	NA	NA	NA	NA	NA	NA
SRR16974303	Dipodascales	NA	NA	NA	NA	NA	NA	NA	NA	NA	NA	NA	NA	NA	NA	NA	NA	NA	NA	NA	NA	NA	NA	NA	NA	NA	NA	NA	NA	NA	NA	NA	NA	NA	NA	NA	NA	NA	NA	NA	NA	NA	NA	NA	NA	NA	NA	NA	NA	NA	NA	NA	NA	NA	NA	NA	NA	NA	NA	NA	NA	NA	NA	NA	NA	NA	NA	NA	NA	NA	NA	NA	NA	NA	NA	NA	NA	NA	NA	NA	NA	NA	NA	NA	NA	NA	NA	NA	NA	NA	NA	NA	NA	NA	NA	NA	NA	NA	NA	NA	NA	NA	NA	NA	NA	NA	NA	NA	NA	NA	NA	NA	NA	NA	NA	NA	NA	NA	NA	NA	NA	NA	NA	NA	NA
SRR16974302	Dipodascales	NA	NA	NA	NA	Yes	NA	NA	NA	NA	NA	NA	NA	NA	NA	NA	NA	Yes	NA	NA	NA	NA	NA	NA	NA	NA	NA	NA	NA	Yes	NA	NA	NA	NA	NA	NA	NA	NA	NA	NA	NA	Yes	NA	NA	NA	NA	NA	NA	NA	NA	NA	NA	NA	Yes	NA	NA	NA	NA	NA	NA	NA	NA	NA	NA	NA	Yes	NA	NA	NA	NA	NA	NA	NA	NA	NA	NA	NA	Yes	NA	NA	NA	NA	NA	NA	NA	NA	NA	NA	NA	Yes	NA	NA	NA	NA	NA	NA	NA	NA	NA	NA	NA	Yes	NA	NA	NA	NA	NA	NA	NA	NA	NA	NA	NA	Yes	NA	NA	NA	NA	NA	NA	NA	NA	NA	NA	NA
SRR16974301	Dipodascales	NA	NA	NA	NA	NA	NA	NA	NA	NA	NA	NA	NA	NA	NA	NA	NA	NA	NA	NA	NA	NA	NA	NA	NA	NA	NA	NA	NA	NA	NA	NA	NA	NA	NA	NA	NA	NA	NA	NA	NA	NA	NA	NA	NA	NA	NA	NA	NA	NA	NA	NA	NA	NA	NA	NA	NA	NA	NA	NA	NA	NA	NA	NA	NA	NA	NA	NA	NA	NA	NA	NA	NA	NA	NA	NA	NA	NA	NA	NA	NA	NA	NA	NA	NA	NA	NA	NA	NA	NA	NA	NA	NA	NA	NA	NA	NA	NA	NA	NA	NA	NA	NA	NA	NA	NA	NA	NA	NA	NA	NA	NA	NA	NA	NA	NA	NA	NA	NA	NA	NA	NA	NA	NA	NA
SRR16974300	Dipodascales	NA	NA	NA	NA	Yes	NA	NA	NA	NA	NA	NA	NA	NA	NA	NA	NA	Yes	NA	NA	NA	NA	NA	NA	NA	NA	NA	NA	NA	No	NA	NA	NA	NA	NA	NA	NA	NA	NA	NA	NA	No	NA	NA	NA	NA	NA	NA	NA	NA	NA	NA	NA	NA	NA	NA	NA	NA	NA	NA	NA	NA	NA	NA	NA	NA	NA	NA	NA	NA	NA	NA	NA	NA	NA	NA	NA	No	NA	NA	NA	NA	NA	NA	NA	NA	NA	NA	NA	Yes	NA	NA	NA	NA	NA	NA	NA	NA	NA	NA	NA	Yes	NA	NA	NA	NA	NA	NA	NA	NA	NA	NA	NA	Yes	NA	NA	NA	NA	NA	NA	NA	NA	NA	NA	NA
SRR16974299	Saccharomycetales	No	NA	NA	NA	NA	NA	NA	NA	NA	NA	NA	NA	No	NA	NA	NA	NA	NA	NA	NA	NA	NA	NA	NA	No	NA	NA	NA	NA	NA	NA	NA	NA	NA	NA	NA	Yes	NA	NA	NA	NA	NA	NA	NA	NA	NA	NA	NA	Yes	NA	NA	NA	NA	NA	NA	NA	NA	NA	NA	NA	NA	NA	NA	NA	NA	NA	NA	NA	NA	NA	NA	NA	No	NA	NA	NA	NA	NA	NA	NA	NA	NA	NA	NA	No	NA	NA	NA	NA	NA	NA	NA	NA	NA	NA	NA	No	NA	NA	NA	NA	NA	NA	NA	NA	NA	NA	NA	NA	NA	NA	NA	NA	NA	NA	NA	NA	NA	NA	NA	NA	NA	NA	NA
SRR16974298	Saccharomycetales	NA	NA	NA	NA	NA	NA	NA	NA	NA	NA	NA	NA	NA	NA	NA	NA	NA	NA	NA	NA	NA	NA	NA	NA	NA	NA	NA	NA	NA	NA	NA	NA	NA	NA	NA	NA	NA	NA	NA	NA	NA	NA	NA	NA	NA	NA	NA	NA	NA	NA	NA	NA	NA	NA	NA	NA	NA	NA	NA	NA	NA	NA	NA	NA	NA	NA	NA	NA	NA	NA	NA	NA	NA	NA	NA	NA	NA	NA	NA	NA	NA	NA	NA	NA	NA	NA	NA	NA	NA	NA	NA	NA	NA	NA	NA	NA	NA	NA	NA	NA	NA	NA	NA	NA	NA	NA	NA	NA	NA	NA	NA	NA	NA	NA	NA	NA	NA	NA	NA	NA	NA	NA	NA	NA
SRR16974296	Saccharomycetales	Yes	NA	NA	NA	NA	NA	NA	NA	NA	NA	NA	NA	No	NA	NA	NA	NA	NA	NA	NA	NA	NA	NA	NA	No	NA	NA	NA	NA	NA	NA	NA	NA	NA	NA	NA	Yes	NA	NA	NA	NA	NA	NA	NA	NA	NA	NA	NA	No	NA	NA	NA	NA	NA	NA	NA	NA	NA	NA	NA	Yes	NA	NA	NA	NA	NA	NA	NA	NA	NA	NA	NA	No	NA	NA	NA	NA	NA	NA	NA	NA	NA	NA	NA	No	NA	NA	NA	NA	NA	NA	NA	NA	NA	NA	NA	No	NA	NA	NA	NA	NA	NA	NA	NA	NA	NA	NA	NA	NA	NA	NA	NA	NA	NA	NA	NA	NA	NA	NA	NA	NA	NA	No
SRR16974295	Saccharomycetales	No	NA	NA	NA	NA	NA	NA	NA	NA	NA	NA	NA	No	NA	NA	NA	NA	NA	NA	NA	NA	NA	NA	NA	No	NA	NA	NA	NA	NA	NA	NA	NA	NA	NA	NA	Yes	NA	NA	NA	NA	NA	NA	NA	NA	NA	NA	NA	Yes	NA	NA	NA	NA	NA	NA	NA	NA	NA	NA	NA	NA	NA	NA	NA	NA	NA	NA	NA	NA	NA	NA	NA	No	NA	NA	NA	NA	NA	NA	NA	NA	NA	NA	NA	No	NA	NA	NA	NA	NA	NA	NA	NA	NA	NA	NA	No	NA	NA	NA	NA	NA	NA	NA	NA	NA	NA	NA	No	NA	NA	NA	NA	NA	NA	NA	NA	NA	NA	NA	NA	NA	NA	NA
SRR16974294	Saccharomycetales	No	NA	NA	NA	NA	NA	NA	NA	NA	NA	NA	NA	No	NA	NA	NA	NA	NA	NA	NA	NA	NA	NA	NA	No	NA	NA	NA	NA	NA	NA	NA	NA	NA	NA	NA	Yes	NA	NA	NA	NA	NA	NA	NA	NA	NA	NA	NA	Yes	NA	NA	NA	NA	NA	NA	NA	NA	NA	NA	NA	No	NA	NA	NA	NA	NA	NA	NA	NA	NA	NA	NA	Yes	NA	NA	NA	NA	NA	NA	NA	NA	NA	NA	NA	No	NA	NA	NA	NA	NA	NA	NA	NA	NA	NA	NA	No	NA	NA	NA	NA	NA	NA	NA	NA	NA	NA	NA	NA	NA	NA	NA	NA	NA	NA	NA	NA	NA	NA	NA	NA	NA	NA	No
SRR16974293	Saccharomycetales	Yes	NA	NA	NA	NA	NA	NA	NA	NA	NA	NA	NA	Yes	NA	NA	NA	NA	NA	NA	NA	NA	NA	NA	NA	No	NA	NA	NA	NA	NA	NA	NA	NA	NA	NA	NA	Yes	NA	NA	NA	NA	NA	NA	NA	NA	NA	NA	NA	Yes	NA	NA	NA	NA	NA	NA	NA	NA	NA	NA	NA	No	NA	NA	NA	NA	NA	NA	NA	NA	NA	NA	NA	Yes	NA	NA	NA	NA	NA	NA	NA	NA	NA	NA	NA	No	NA	NA	NA	NA	NA	NA	NA	NA	NA	NA	NA	Yes	NA	NA	NA	NA	NA	NA	NA	NA	NA	NA	NA	Yes	NA	NA	NA	NA	NA	NA	NA	NA	NA	NA	NA	NA	NA	NA	Yes
SRR16974292	Saccharomycetales	No	NA	NA	NA	NA	NA	NA	NA	NA	NA	NA	NA	No	NA	NA	NA	NA	NA	NA	NA	NA	NA	NA	NA	No	NA	NA	NA	NA	NA	NA	NA	NA	NA	NA	NA	Yes	NA	NA	NA	NA	NA	NA	NA	NA	NA	NA	NA	No	NA	NA	NA	NA	NA	NA	NA	NA	NA	NA	NA	Yes	NA	NA	NA	NA	NA	NA	NA	NA	NA	NA	NA	No	NA	NA	NA	NA	NA	NA	NA	NA	NA	NA	NA	No	NA	NA	NA	NA	NA	NA	NA	NA	NA	NA	NA	Yes	NA	NA	NA	NA	NA	NA	NA	NA	NA	NA	NA	No	NA	NA	NA	NA	NA	NA	NA	NA	NA	NA	NA	NA	NA	NA	NA
SRR16974291	Saccharomycetales	No	NA	NA	NA	NA	NA	NA	NA	NA	NA	NA	NA	No	NA	NA	NA	NA	NA	NA	NA	NA	NA	NA	NA	No	NA	NA	NA	NA	NA	NA	NA	NA	NA	NA	NA	Yes	NA	NA	NA	NA	NA	NA	NA	NA	NA	NA	NA	Yes	NA	NA	NA	NA	NA	NA	NA	NA	NA	NA	NA	No	NA	NA	NA	NA	NA	NA	NA	NA	NA	NA	NA	Yes	NA	NA	NA	NA	NA	NA	NA	NA	NA	NA	NA	No	NA	NA	NA	NA	NA	NA	NA	NA	NA	NA	NA	Yes	NA	NA	NA	NA	NA	NA	NA	NA	NA	NA	NA	NA	NA	NA	NA	NA	NA	NA	NA	NA	NA	NA	NA	NA	NA	NA	Yes
SRR16974290	Saccharomycetales	Yes	NA	NA	NA	NA	NA	NA	NA	NA	NA	NA	NA	Yes	NA	NA	NA	NA	NA	NA	NA	NA	NA	NA	NA	No	NA	NA	NA	NA	NA	NA	NA	NA	NA	NA	NA	No	NA	NA	NA	NA	NA	NA	NA	NA	NA	NA	NA	Yes	NA	NA	NA	NA	NA	NA	NA	NA	NA	NA	NA	No	NA	NA	NA	NA	NA	NA	NA	NA	NA	NA	NA	Yes	NA	NA	NA	NA	NA	NA	NA	NA	NA	NA	NA	No	NA	NA	NA	NA	NA	NA	NA	NA	NA	NA	NA	Yes	NA	NA	NA	NA	NA	NA	NA	NA	NA	NA	NA	Yes	NA	NA	NA	NA	NA	NA	NA	NA	NA	NA	NA	NA	NA	NA	No
SRR16974289	Saccharomycetales	Yes	NA	NA	NA	NA	NA	NA	NA	NA	NA	NA	NA	Yes	NA	NA	NA	NA	NA	NA	NA	NA	NA	NA	NA	No	NA	NA	NA	NA	NA	NA	NA	NA	NA	NA	NA	No	NA	NA	NA	NA	NA	NA	NA	NA	NA	NA	NA	NA	NA	NA	NA	NA	NA	NA	NA	NA	NA	NA	NA	Yes	NA	NA	NA	NA	NA	NA	NA	NA	NA	NA	NA	Yes	NA	NA	NA	NA	NA	NA	NA	NA	NA	NA	NA	No	NA	NA	NA	NA	NA	NA	NA	NA	NA	NA	NA	No	NA	NA	NA	NA	NA	NA	NA	NA	NA	NA	NA	Yes	NA	NA	NA	NA	NA	NA	NA	NA	NA	NA	NA	NA	NA	NA	NA
SRR16974288	Saccharomycetales	Yes	NA	NA	NA	NA	NA	NA	NA	NA	NA	NA	NA	Yes	NA	NA	NA	NA	NA	NA	NA	NA	NA	NA	NA	No	NA	NA	NA	NA	NA	NA	NA	NA	NA	NA	NA	No	NA	NA	NA	NA	NA	NA	NA	NA	NA	NA	NA	No	NA	NA	NA	NA	NA	NA	NA	NA	NA	NA	NA	No	NA	NA	NA	NA	NA	NA	NA	NA	NA	NA	NA	Yes	NA	NA	NA	NA	NA	NA	NA	NA	NA	NA	NA	No	NA	NA	NA	NA	NA	NA	NA	NA	NA	NA	NA	No	NA	NA	NA	NA	NA	NA	NA	NA	NA	NA	NA	Yes	NA	NA	NA	NA	NA	NA	NA	NA	NA	NA	NA	NA	NA	NA	No
SRR16974287	Saccharomycetales	No	NA	NA	NA	NA	NA	NA	NA	NA	NA	NA	NA	No	NA	NA	NA	NA	NA	NA	NA	NA	NA	NA	NA	No	NA	NA	NA	NA	NA	NA	NA	NA	NA	NA	NA	Yes	NA	NA	NA	NA	NA	NA	NA	NA	NA	NA	NA	NA	NA	NA	NA	NA	NA	NA	NA	NA	NA	NA	NA	NA	NA	NA	NA	NA	NA	NA	NA	NA	NA	NA	NA	Yes	NA	NA	NA	NA	NA	NA	NA	NA	NA	NA	NA	No	NA	NA	NA	NA	NA	NA	NA	NA	NA	NA	NA	NA	NA	NA	NA	NA	NA	NA	NA	NA	NA	NA	NA	No	NA	NA	NA	NA	NA	NA	NA	NA	NA	NA	NA	NA	NA	NA	NA
SRR16974285	Saccharomycetales	NA	NA	NA	NA	NA	NA	NA	NA	NA	NA	NA	NA	NA	NA	NA	NA	NA	NA	NA	NA	NA	NA	NA	NA	NA	NA	NA	NA	NA	NA	NA	NA	NA	NA	NA	NA	NA	NA	NA	NA	NA	NA	NA	NA	NA	NA	NA	NA	NA	NA	NA	NA	NA	NA	NA	NA	NA	NA	NA	NA	NA	NA	NA	NA	NA	NA	NA	NA	NA	NA	NA	NA	NA	NA	NA	NA	NA	NA	NA	NA	NA	NA	NA	NA	NA	NA	NA	NA	NA	NA	NA	NA	NA	NA	NA	NA	NA	NA	NA	NA	NA	NA	NA	NA	NA	NA	NA	NA	NA	NA	NA	NA	NA	NA	NA	NA	NA	NA	NA	NA	NA	NA	NA	NA
SRR16974284	Saccharomycetales	Yes	NA	NA	NA	NA	NA	NA	NA	NA	NA	NA	NA	Yes	NA	NA	NA	NA	NA	NA	NA	NA	NA	NA	NA	No	NA	NA	NA	NA	NA	NA	NA	NA	NA	NA	NA	No	NA	NA	NA	NA	NA	NA	NA	NA	NA	NA	NA	Yes	NA	NA	NA	NA	NA	NA	NA	NA	NA	NA	NA	No	NA	NA	NA	NA	NA	NA	NA	NA	NA	NA	NA	Yes	NA	NA	NA	NA	NA	NA	NA	NA	NA	NA	NA	No	NA	NA	NA	NA	NA	NA	NA	NA	NA	NA	NA	No	NA	NA	NA	NA	NA	NA	NA	NA	NA	NA	NA	No	NA	NA	NA	NA	NA	NA	NA	NA	NA	NA	NA	NA	NA	NA	Yes
SRR16974283	Saccharomycetales	Yes	NA	NA	NA	NA	NA	NA	NA	NA	NA	NA	NA	Yes	NA	NA	NA	NA	NA	NA	NA	NA	NA	NA	NA	No	NA	NA	NA	NA	NA	NA	NA	NA	NA	NA	NA	Yes	NA	NA	NA	NA	NA	NA	NA	NA	NA	NA	NA	Yes	NA	NA	NA	NA	NA	NA	NA	NA	NA	NA	NA	Yes	NA	NA	NA	NA	NA	NA	NA	NA	NA	NA	NA	Yes	NA	NA	NA	NA	NA	NA	NA	NA	NA	NA	NA	Yes	NA	NA	NA	NA	NA	NA	NA	NA	NA	NA	NA	Yes	NA	NA	NA	NA	NA	NA	NA	NA	NA	NA	NA	No	NA	NA	NA	NA	NA	NA	NA	NA	NA	NA	NA	NA	NA	NA	No
SRR16974282	Saccharomycetales	Yes	NA	NA	NA	NA	NA	NA	NA	NA	NA	NA	NA	Yes	NA	NA	NA	NA	NA	NA	NA	NA	NA	NA	NA	No	NA	NA	NA	NA	NA	NA	NA	NA	NA	NA	NA	Yes	NA	NA	NA	NA	NA	NA	NA	NA	NA	NA	NA	Yes	NA	NA	NA	NA	NA	NA	NA	NA	NA	NA	NA	Yes	NA	NA	NA	NA	NA	NA	NA	NA	NA	NA	NA	Yes	NA	NA	NA	NA	NA	NA	NA	NA	NA	NA	NA	Yes	NA	NA	NA	NA	NA	NA	NA	NA	NA	NA	NA	Yes	NA	NA	NA	NA	NA	NA	NA	NA	NA	NA	NA	Yes	NA	NA	NA	NA	NA	NA	NA	NA	NA	NA	NA	NA	NA	NA	No
SRR16974281	Saccharomycetales	Yes	NA	NA	NA	NA	NA	NA	NA	NA	NA	NA	NA	Yes	NA	NA	NA	NA	NA	NA	NA	NA	NA	NA	NA	No	NA	NA	NA	NA	NA	NA	NA	NA	NA	NA	NA	Yes	NA	NA	NA	NA	NA	NA	NA	NA	NA	NA	NA	Yes	NA	NA	NA	NA	NA	NA	NA	NA	NA	NA	NA	No	NA	NA	NA	NA	NA	NA	NA	NA	NA	NA	NA	Yes	NA	NA	NA	NA	NA	NA	NA	NA	NA	NA	NA	No	NA	NA	NA	NA	NA	NA	NA	NA	NA	NA	NA	Yes	NA	NA	NA	NA	NA	NA	NA	NA	NA	NA	NA	Yes	NA	NA	NA	NA	NA	NA	NA	NA	NA	NA	NA	NA	NA	NA	No
SRR16974280	Saccharomycetales	Yes	NA	NA	NA	NA	NA	NA	NA	NA	NA	NA	NA	Yes	NA	NA	NA	NA	NA	NA	NA	NA	NA	NA	NA	Yes	NA	NA	NA	NA	NA	NA	NA	NA	NA	NA	NA	No	NA	NA	NA	NA	NA	NA	NA	NA	NA	NA	NA	Yes	NA	NA	NA	NA	NA	NA	NA	NA	NA	NA	NA	Yes	NA	NA	NA	NA	NA	NA	NA	NA	NA	NA	NA	Yes	NA	NA	NA	NA	NA	NA	NA	NA	NA	NA	NA	Yes	NA	NA	NA	NA	NA	NA	NA	NA	NA	NA	NA	Yes	NA	NA	NA	NA	NA	NA	NA	NA	NA	NA	NA	NA	NA	NA	NA	NA	NA	NA	NA	NA	NA	NA	NA	NA	NA	NA	No
SRR16974279	Saccharomycetales	No	NA	NA	NA	NA	NA	NA	NA	NA	NA	NA	NA	No	NA	NA	NA	NA	NA	NA	NA	NA	NA	NA	NA	No	NA	NA	NA	NA	NA	NA	NA	NA	NA	NA	NA	Yes	NA	NA	NA	NA	NA	NA	NA	NA	NA	NA	NA	NA	NA	NA	NA	NA	NA	NA	NA	NA	NA	NA	NA	Yes	NA	NA	NA	NA	NA	NA	NA	NA	NA	NA	NA	Yes	NA	NA	NA	NA	NA	NA	NA	NA	NA	NA	NA	No	NA	NA	NA	NA	NA	NA	NA	NA	NA	NA	NA	No	NA	NA	NA	NA	NA	NA	NA	NA	NA	NA	NA	Yes	NA	NA	NA	NA	NA	NA	NA	NA	NA	NA	NA	NA	NA	NA	NA
SRR16974278	Saccharomycetales	No	NA	NA	NA	NA	NA	NA	NA	NA	NA	NA	NA	No	NA	NA	NA	NA	NA	NA	NA	NA	NA	NA	NA	No	NA	NA	NA	NA	NA	NA	NA	NA	NA	NA	NA	Yes	NA	NA	NA	NA	NA	NA	NA	NA	NA	NA	NA	NA	NA	NA	NA	NA	NA	NA	NA	NA	NA	NA	NA	NA	NA	NA	NA	NA	NA	NA	NA	NA	NA	NA	NA	No	NA	NA	NA	NA	NA	NA	NA	NA	NA	NA	NA	No	NA	NA	NA	NA	NA	NA	NA	NA	NA	NA	NA	NA	NA	NA	NA	NA	NA	NA	NA	NA	NA	NA	NA	NA	NA	NA	NA	NA	NA	NA	NA	NA	NA	NA	NA	NA	NA	NA	NA
SRR16974277	Saccharomycetales	NA	NA	NA	NA	NA	NA	NA	NA	NA	NA	NA	NA	NA	NA	NA	NA	NA	NA	NA	NA	NA	NA	NA	NA	NA	NA	NA	NA	NA	NA	NA	NA	NA	NA	NA	NA	NA	NA	NA	NA	NA	NA	NA	NA	NA	NA	NA	NA	NA	NA	NA	NA	NA	NA	NA	NA	NA	NA	NA	NA	NA	NA	NA	NA	NA	NA	NA	NA	NA	NA	NA	NA	NA	NA	NA	NA	NA	NA	NA	NA	NA	NA	NA	NA	NA	NA	NA	NA	NA	NA	NA	NA	NA	NA	NA	NA	NA	NA	NA	NA	NA	NA	NA	NA	NA	NA	NA	NA	NA	NA	NA	NA	NA	NA	NA	NA	NA	NA	NA	NA	NA	NA	NA	NA
SRR16974276	Saccharomycetales	No	NA	NA	NA	NA	NA	NA	NA	NA	NA	NA	NA	No	NA	NA	NA	NA	NA	NA	NA	NA	NA	NA	NA	No	NA	NA	NA	NA	NA	NA	NA	NA	NA	NA	NA	Yes	NA	NA	NA	NA	NA	NA	NA	NA	NA	NA	NA	No	NA	NA	NA	NA	NA	NA	NA	NA	NA	NA	NA	Yes	NA	NA	NA	NA	NA	NA	NA	NA	NA	NA	NA	No	NA	NA	NA	NA	NA	NA	NA	NA	NA	NA	NA	No	NA	NA	NA	NA	NA	NA	NA	NA	NA	NA	NA	No	NA	NA	NA	NA	NA	NA	NA	NA	NA	NA	NA	No	NA	NA	NA	NA	NA	NA	NA	NA	NA	NA	NA	NA	NA	NA	Yes
SRR16974274	Saccharomycetales	NA	NA	NA	NA	NA	NA	NA	NA	NA	NA	NA	NA	No	NA	NA	NA	NA	NA	NA	NA	NA	NA	NA	NA	No	NA	NA	NA	NA	NA	NA	NA	NA	NA	NA	NA	Yes	NA	NA	NA	NA	NA	NA	NA	NA	NA	NA	NA	NA	NA	NA	NA	NA	NA	NA	NA	NA	NA	NA	NA	Yes	NA	NA	NA	NA	NA	NA	NA	NA	NA	NA	NA	Yes	NA	NA	NA	NA	NA	NA	NA	NA	NA	NA	NA	No	NA	NA	NA	NA	NA	NA	NA	NA	NA	NA	NA	No	NA	NA	NA	NA	NA	NA	NA	NA	NA	NA	NA	Yes	NA	NA	NA	NA	NA	NA	NA	NA	NA	NA	NA	NA	NA	NA	NA
SRR16974273	Saccharomycetales	No	NA	NA	NA	NA	NA	NA	NA	NA	NA	NA	NA	No	NA	NA	NA	NA	NA	NA	NA	NA	NA	NA	NA	No	NA	NA	NA	NA	NA	NA	NA	NA	NA	NA	NA	Yes	NA	NA	NA	NA	NA	NA	NA	NA	NA	NA	NA	No	NA	NA	NA	NA	NA	NA	NA	NA	NA	NA	NA	Yes	NA	NA	NA	NA	NA	NA	NA	NA	NA	NA	NA	Yes	NA	NA	NA	NA	NA	NA	NA	NA	NA	NA	NA	No	NA	NA	NA	NA	NA	NA	NA	NA	NA	NA	NA	No	NA	NA	NA	NA	NA	NA	NA	NA	NA	NA	NA	NA	NA	NA	NA	NA	NA	NA	NA	NA	NA	NA	NA	NA	NA	NA	Yes
SRR16974272	Saccharomycetales	No	NA	NA	NA	NA	NA	NA	NA	NA	NA	NA	NA	No	NA	NA	NA	NA	NA	NA	NA	NA	NA	NA	NA	Yes	NA	NA	NA	NA	NA	NA	NA	NA	NA	NA	NA	No	NA	NA	NA	NA	NA	NA	NA	NA	NA	NA	NA	No	NA	NA	NA	NA	NA	NA	NA	NA	NA	NA	NA	Yes	NA	NA	NA	NA	NA	NA	NA	NA	NA	NA	NA	No	NA	NA	NA	NA	NA	NA	NA	NA	NA	NA	NA	No	NA	NA	NA	NA	NA	NA	NA	NA	NA	NA	NA	No	NA	NA	NA	NA	NA	NA	NA	NA	NA	NA	NA	Yes	NA	NA	NA	NA	NA	NA	NA	NA	NA	NA	NA	NA	NA	NA	Yes
SRR16974271	Saccharomycetales	NA	NA	NA	NA	NA	NA	NA	NA	NA	NA	NA	NA	NA	NA	NA	NA	NA	NA	NA	NA	NA	NA	NA	NA	NA	NA	NA	NA	NA	NA	NA	NA	NA	NA	NA	NA	NA	NA	NA	NA	NA	NA	NA	NA	NA	NA	NA	NA	NA	NA	NA	NA	NA	NA	NA	NA	NA	NA	NA	NA	NA	NA	NA	NA	NA	NA	NA	NA	NA	NA	NA	NA	NA	NA	NA	NA	NA	NA	NA	NA	NA	NA	NA	NA	NA	NA	NA	NA	NA	NA	NA	NA	NA	NA	NA	NA	NA	NA	NA	NA	NA	NA	NA	NA	NA	NA	NA	NA	NA	NA	NA	NA	NA	NA	NA	NA	NA	NA	NA	NA	NA	NA	NA	NA
SRR16974270	Lipomycetales	NA	Yes	NA	NA	NA	NA	NA	NA	NA	NA	NA	NA	NA	Yes	NA	NA	NA	NA	NA	NA	NA	NA	NA	NA	NA	Yes	NA	NA	NA	NA	NA	NA	NA	NA	NA	NA	NA	Yes	NA	NA	NA	NA	NA	NA	NA	NA	NA	NA	NA	Yes	NA	NA	NA	NA	NA	NA	NA	NA	NA	NA	NA	Yes	NA	NA	NA	NA	NA	NA	NA	NA	NA	NA	NA	No	NA	NA	NA	NA	NA	NA	NA	NA	NA	NA	NA	Yes	NA	NA	NA	NA	NA	NA	NA	NA	NA	NA	NA	Yes	NA	NA	NA	NA	NA	NA	NA	NA	NA	NA	NA	No	NA	NA	NA	NA	NA	NA	NA	NA	NA	NA	NA	NA	NA	NA
SRR16974269	Lipomycetales	NA	No	NA	NA	NA	NA	NA	NA	NA	NA	NA	NA	NA	No	NA	NA	NA	NA	NA	NA	NA	NA	NA	NA	NA	Yes	NA	NA	NA	NA	NA	NA	NA	NA	NA	NA	NA	Yes	NA	NA	NA	NA	NA	NA	NA	NA	NA	NA	NA	Yes	NA	NA	NA	NA	NA	NA	NA	NA	NA	NA	NA	Yes	NA	NA	NA	NA	NA	NA	NA	NA	NA	NA	NA	Yes	NA	NA	NA	NA	NA	NA	NA	NA	NA	NA	NA	Yes	NA	NA	NA	NA	NA	NA	NA	NA	NA	NA	NA	Yes	NA	NA	NA	NA	NA	NA	NA	NA	NA	NA	NA	No	NA	NA	NA	NA	NA	NA	NA	NA	NA	NA	NA	NA	NA	NA
SRR16974268	Lipomycetales	NA	Yes	NA	NA	NA	NA	NA	NA	NA	NA	NA	NA	NA	Yes	NA	NA	NA	NA	NA	NA	NA	NA	NA	NA	NA	Yes	NA	NA	NA	NA	NA	NA	NA	NA	NA	NA	NA	Yes	NA	NA	NA	NA	NA	NA	NA	NA	NA	NA	NA	Yes	NA	NA	NA	NA	NA	NA	NA	NA	NA	NA	NA	Yes	NA	NA	NA	NA	NA	NA	NA	NA	NA	NA	NA	Yes	NA	NA	NA	NA	NA	NA	NA	NA	NA	NA	NA	No	NA	NA	NA	NA	NA	NA	NA	NA	NA	NA	NA	Yes	NA	NA	NA	NA	NA	NA	NA	NA	NA	NA	NA	No	NA	NA	NA	NA	NA	NA	NA	NA	NA	NA	NA	NA	NA	NA
SRR16974267	Lipomycetales	NA	Yes	NA	NA	NA	NA	NA	NA	NA	NA	NA	NA	NA	Yes	NA	NA	NA	NA	NA	NA	NA	NA	NA	NA	NA	Yes	NA	NA	NA	NA	NA	NA	NA	NA	NA	NA	NA	No	NA	NA	NA	NA	NA	NA	NA	NA	NA	NA	NA	Yes	NA	NA	NA	NA	NA	NA	NA	NA	NA	NA	NA	Yes	NA	NA	NA	NA	NA	NA	NA	NA	NA	NA	NA	Yes	NA	NA	NA	NA	NA	NA	NA	NA	NA	NA	NA	Yes	NA	NA	NA	NA	NA	NA	NA	NA	NA	NA	NA	Yes	NA	NA	NA	NA	NA	NA	NA	NA	NA	NA	NA	No	NA	NA	NA	NA	NA	NA	NA	NA	NA	NA	NA	NA	NA	NA
SRR16974266	Lipomycetales	NA	NA	NA	NA	NA	NA	NA	NA	NA	NA	NA	NA	NA	NA	NA	NA	NA	NA	NA	NA	NA	NA	NA	NA	NA	NA	NA	NA	NA	NA	NA	NA	NA	NA	NA	NA	NA	NA	NA	NA	NA	NA	NA	NA	NA	NA	NA	NA	NA	NA	NA	NA	NA	NA	NA	NA	NA	NA	NA	NA	NA	NA	NA	NA	NA	NA	NA	NA	NA	NA	NA	NA	NA	NA	NA	NA	NA	NA	NA	NA	NA	NA	NA	NA	NA	NA	NA	NA	NA	NA	NA	NA	NA	NA	NA	NA	NA	NA	NA	NA	NA	NA	NA	NA	NA	NA	NA	NA	NA	NA	NA	NA	NA	NA	NA	NA	NA	NA	NA	NA	NA	NA	NA	NA
SRR16974265	Lipomycetales	NA	Yes	NA	NA	NA	NA	NA	NA	NA	NA	NA	NA	NA	Yes	NA	NA	NA	NA	NA	NA	NA	NA	NA	NA	NA	No	NA	NA	NA	NA	NA	NA	NA	NA	NA	NA	NA	Yes	NA	NA	NA	NA	NA	NA	NA	NA	NA	NA	NA	Yes	NA	NA	NA	NA	NA	NA	NA	NA	NA	NA	NA	Yes	NA	NA	NA	NA	NA	NA	NA	NA	NA	NA	NA	Yes	NA	NA	NA	NA	NA	NA	NA	NA	NA	NA	NA	Yes	NA	NA	NA	NA	NA	NA	NA	NA	NA	NA	NA	No	NA	NA	NA	NA	NA	NA	NA	NA	NA	NA	NA	Yes	NA	NA	NA	NA	NA	NA	NA	NA	NA	NA	NA	NA	NA	NA
SRR16974263	Lipomycetales	NA	Yes	NA	NA	NA	NA	NA	NA	NA	NA	NA	NA	NA	Yes	NA	NA	NA	NA	NA	NA	NA	NA	NA	NA	NA	Yes	NA	NA	NA	NA	NA	NA	NA	NA	NA	NA	NA	Yes	NA	NA	NA	NA	NA	NA	NA	NA	NA	NA	NA	Yes	NA	NA	NA	NA	NA	NA	NA	NA	NA	NA	NA	Yes	NA	NA	NA	NA	NA	NA	NA	NA	NA	NA	NA	Yes	NA	NA	NA	NA	NA	NA	NA	NA	NA	NA	NA	No	NA	NA	NA	NA	NA	NA	NA	NA	NA	NA	NA	Yes	NA	NA	NA	NA	NA	NA	NA	NA	NA	NA	NA	No	NA	NA	NA	NA	NA	NA	NA	NA	NA	NA	NA	NA	NA	NA
SRR16974262	Dipodascales	NA	NA	NA	NA	NA	NA	NA	NA	NA	NA	NA	NA	NA	NA	NA	NA	NA	NA	NA	NA	NA	NA	NA	NA	NA	NA	NA	NA	NA	NA	NA	NA	NA	NA	NA	NA	NA	NA	NA	NA	NA	NA	NA	NA	NA	NA	NA	NA	NA	NA	NA	NA	NA	NA	NA	NA	NA	NA	NA	NA	NA	NA	NA	NA	NA	NA	NA	NA	NA	NA	NA	NA	NA	NA	NA	NA	NA	NA	NA	NA	NA	NA	NA	NA	NA	NA	NA	NA	NA	NA	NA	NA	NA	NA	NA	NA	NA	NA	NA	NA	NA	NA	NA	NA	NA	NA	NA	NA	NA	NA	NA	NA	NA	NA	NA	NA	NA	NA	NA	NA	NA	NA	NA	NA
SRR16974261	Lipomycetales	NA	Yes	NA	NA	NA	NA	NA	NA	NA	NA	NA	NA	NA	Yes	NA	NA	NA	NA	NA	NA	NA	NA	NA	NA	NA	No	NA	NA	NA	NA	NA	NA	NA	NA	NA	NA	NA	Yes	NA	NA	NA	NA	NA	NA	NA	NA	NA	NA	NA	Yes	NA	NA	NA	NA	NA	NA	NA	NA	NA	NA	NA	Yes	NA	NA	NA	NA	NA	NA	NA	NA	NA	NA	NA	No	NA	NA	NA	NA	NA	NA	NA	NA	NA	NA	NA	No	NA	NA	NA	NA	NA	NA	NA	NA	NA	NA	NA	Yes	NA	NA	NA	NA	NA	NA	NA	NA	NA	NA	NA	No	NA	NA	NA	NA	NA	NA	NA	NA	NA	NA	NA	NA	NA	NA
SRR16974260	Lipomycetales	NA	Yes	NA	NA	NA	NA	NA	NA	NA	NA	NA	NA	NA	Yes	NA	NA	NA	NA	NA	NA	NA	NA	NA	NA	NA	No	NA	NA	NA	NA	NA	NA	NA	NA	NA	NA	NA	Yes	NA	NA	NA	NA	NA	NA	NA	NA	NA	NA	NA	Yes	NA	NA	NA	NA	NA	NA	NA	NA	NA	NA	NA	Yes	NA	NA	NA	NA	NA	NA	NA	NA	NA	NA	NA	No	NA	NA	NA	NA	NA	NA	NA	NA	NA	NA	NA	Yes	NA	NA	NA	NA	NA	NA	NA	NA	NA	NA	NA	Yes	NA	NA	NA	NA	NA	NA	NA	NA	NA	NA	NA	No	NA	NA	NA	NA	NA	NA	NA	NA	NA	NA	NA	NA	NA	NA
SRR16974259	Lipomycetales	NA	Yes	NA	NA	NA	NA	NA	NA	NA	NA	NA	NA	NA	Yes	NA	NA	NA	NA	NA	NA	NA	NA	NA	NA	NA	No	NA	NA	NA	NA	NA	NA	NA	NA	NA	NA	NA	Yes	NA	NA	NA	NA	NA	NA	NA	NA	NA	NA	NA	Yes	NA	NA	NA	NA	NA	NA	NA	NA	NA	NA	NA	Yes	NA	NA	NA	NA	NA	NA	NA	NA	NA	NA	NA	No	NA	NA	NA	NA	NA	NA	NA	NA	NA	NA	NA	Yes	NA	NA	NA	NA	NA	NA	NA	NA	NA	NA	NA	Yes	NA	NA	NA	NA	NA	NA	NA	NA	NA	NA	NA	No	NA	NA	NA	NA	NA	NA	NA	NA	NA	NA	NA	NA	NA	NA
SRR16974729	Lipomycetales	NA	Yes	NA	NA	NA	NA	NA	NA	NA	NA	NA	NA	NA	Yes	NA	NA	NA	NA	NA	NA	NA	NA	NA	NA	NA	Yes	NA	NA	NA	NA	NA	NA	NA	NA	NA	NA	NA	No	NA	NA	NA	NA	NA	NA	NA	NA	NA	NA	NA	Yes	NA	NA	NA	NA	NA	NA	NA	NA	NA	NA	NA	Yes	NA	NA	NA	NA	NA	NA	NA	NA	NA	NA	NA	No	NA	NA	NA	NA	NA	NA	NA	NA	NA	NA	NA	Yes	NA	NA	NA	NA	NA	NA	NA	NA	NA	NA	NA	Yes	NA	NA	NA	NA	NA	NA	NA	NA	NA	NA	NA	No	NA	NA	NA	NA	NA	NA	NA	NA	NA	NA	NA	NA	NA	NA
SRR16974728	Lipomycetales	NA	NA	NA	NA	NA	NA	NA	NA	NA	NA	NA	NA	NA	NA	NA	NA	NA	NA	NA	NA	NA	NA	NA	NA	NA	NA	NA	NA	NA	NA	NA	NA	NA	NA	NA	NA	NA	NA	NA	NA	NA	NA	NA	NA	NA	NA	NA	NA	NA	NA	NA	NA	NA	NA	NA	NA	NA	NA	NA	NA	NA	NA	NA	NA	NA	NA	NA	NA	NA	NA	NA	NA	NA	NA	NA	NA	NA	NA	NA	NA	NA	NA	NA	NA	NA	NA	NA	NA	NA	NA	NA	NA	NA	NA	NA	NA	NA	NA	NA	NA	NA	NA	NA	NA	NA	NA	NA	NA	NA	NA	NA	NA	NA	NA	NA	NA	NA	NA	NA	NA	NA	NA	NA	NA
SRR16974727	Lipomycetales	NA	No	NA	NA	NA	NA	NA	NA	NA	NA	NA	NA	NA	No	NA	NA	NA	NA	NA	NA	NA	NA	NA	NA	NA	No	NA	NA	NA	NA	NA	NA	NA	NA	NA	NA	NA	Yes	NA	NA	NA	NA	NA	NA	NA	NA	NA	NA	NA	Yes	NA	NA	NA	NA	NA	NA	NA	NA	NA	NA	NA	Yes	NA	NA	NA	NA	NA	NA	NA	NA	NA	NA	NA	No	NA	NA	NA	NA	NA	NA	NA	NA	NA	NA	NA	Yes	NA	NA	NA	NA	NA	NA	NA	NA	NA	NA	NA	Yes	NA	NA	NA	NA	NA	NA	NA	NA	NA	NA	NA	Yes	NA	NA	NA	NA	NA	NA	NA	NA	NA	NA	NA	NA	NA	NA
SRR16974726	Lipomycetales	NA	NA	NA	NA	NA	NA	NA	NA	NA	NA	NA	NA	NA	NA	NA	NA	NA	NA	NA	NA	NA	NA	NA	NA	NA	NA	NA	NA	NA	NA	NA	NA	NA	NA	NA	NA	NA	NA	NA	NA	NA	NA	NA	NA	NA	NA	NA	NA	NA	NA	NA	NA	NA	NA	NA	NA	NA	NA	NA	NA	NA	NA	NA	NA	NA	NA	NA	NA	NA	NA	NA	NA	NA	NA	NA	NA	NA	NA	NA	NA	NA	NA	NA	NA	NA	NA	NA	NA	NA	NA	NA	NA	NA	NA	NA	NA	NA	NA	NA	NA	NA	NA	NA	NA	NA	NA	NA	NA	NA	NA	NA	NA	NA	NA	NA	NA	NA	NA	NA	NA	NA	NA	NA	NA
SRR16974725	Lipomycetales	NA	No	NA	NA	NA	NA	NA	NA	NA	NA	NA	NA	NA	Yes	NA	NA	NA	NA	NA	NA	NA	NA	NA	NA	NA	No	NA	NA	NA	NA	NA	NA	NA	NA	NA	NA	NA	No	NA	NA	NA	NA	NA	NA	NA	NA	NA	NA	NA	Yes	NA	NA	NA	NA	NA	NA	NA	NA	NA	NA	NA	Yes	NA	NA	NA	NA	NA	NA	NA	NA	NA	NA	NA	Yes	NA	NA	NA	NA	NA	NA	NA	NA	NA	NA	NA	No	NA	NA	NA	NA	NA	NA	NA	NA	NA	NA	NA	Yes	NA	NA	NA	NA	NA	NA	NA	NA	NA	NA	NA	No	NA	NA	NA	NA	NA	NA	NA	NA	NA	NA	NA	NA	NA	NA
SRR16974723	Lipomycetales	NA	Yes	NA	NA	NA	NA	NA	NA	NA	NA	NA	NA	NA	Yes	NA	NA	NA	NA	NA	NA	NA	NA	NA	NA	NA	No	NA	NA	NA	NA	NA	NA	NA	NA	NA	NA	NA	Yes	NA	NA	NA	NA	NA	NA	NA	NA	NA	NA	NA	Yes	NA	NA	NA	NA	NA	NA	NA	NA	NA	NA	NA	Yes	NA	NA	NA	NA	NA	NA	NA	NA	NA	NA	NA	No	NA	NA	NA	NA	NA	NA	NA	NA	NA	NA	NA	Yes	NA	NA	NA	NA	NA	NA	NA	NA	NA	NA	NA	NA	NA	NA	NA	NA	NA	NA	NA	NA	NA	NA	NA	NA	NA	NA	NA	NA	NA	NA	NA	NA	NA	NA	NA	NA	NA	NA
SRR16974722	Lipomycetales	NA	No	NA	NA	NA	NA	NA	NA	NA	NA	NA	NA	NA	No	NA	NA	NA	NA	NA	NA	NA	NA	NA	NA	NA	No	NA	NA	NA	NA	NA	NA	NA	NA	NA	NA	NA	No	NA	NA	NA	NA	NA	NA	NA	NA	NA	NA	NA	Yes	NA	NA	NA	NA	NA	NA	NA	NA	NA	NA	NA	Yes	NA	NA	NA	NA	NA	NA	NA	NA	NA	NA	NA	No	NA	NA	NA	NA	NA	NA	NA	NA	NA	NA	NA	No	NA	NA	NA	NA	NA	NA	NA	NA	NA	NA	NA	Yes	NA	NA	NA	NA	NA	NA	NA	NA	NA	NA	NA	No	NA	NA	NA	NA	NA	NA	NA	NA	NA	NA	NA	NA	NA	NA
SRR16974721	Lipomycetales	NA	No	NA	NA	NA	NA	NA	NA	NA	NA	NA	NA	NA	No	NA	NA	NA	NA	NA	NA	NA	NA	NA	NA	NA	No	NA	NA	NA	NA	NA	NA	NA	NA	NA	NA	NA	No	NA	NA	NA	NA	NA	NA	NA	NA	NA	NA	NA	No	NA	NA	NA	NA	NA	NA	NA	NA	NA	NA	NA	No	NA	NA	NA	NA	NA	NA	NA	NA	NA	NA	NA	No	NA	NA	NA	NA	NA	NA	NA	NA	NA	NA	NA	Yes	NA	NA	NA	NA	NA	NA	NA	NA	NA	NA	NA	Yes	NA	NA	NA	NA	NA	NA	NA	NA	NA	NA	NA	No	NA	NA	NA	NA	NA	NA	NA	NA	NA	NA	NA	NA	NA	NA
SRR16974720	Lipomycetales	NA	NA	NA	NA	NA	NA	NA	NA	NA	NA	NA	NA	NA	NA	NA	NA	NA	NA	NA	NA	NA	NA	NA	NA	NA	NA	NA	NA	NA	NA	NA	NA	NA	NA	NA	NA	NA	NA	NA	NA	NA	NA	NA	NA	NA	NA	NA	NA	NA	NA	NA	NA	NA	NA	NA	NA	NA	NA	NA	NA	NA	NA	NA	NA	NA	NA	NA	NA	NA	NA	NA	NA	NA	NA	NA	NA	NA	NA	NA	NA	NA	NA	NA	NA	NA	NA	NA	NA	NA	NA	NA	NA	NA	NA	NA	NA	NA	NA	NA	NA	NA	NA	NA	NA	NA	NA	NA	NA	NA	NA	NA	NA	NA	NA	NA	NA	NA	NA	NA	NA	NA	NA	NA	NA
SRR16974719	Lipomycetales	NA	NA	NA	NA	NA	NA	NA	NA	NA	NA	NA	NA	NA	NA	NA	NA	NA	NA	NA	NA	NA	NA	NA	NA	NA	NA	NA	NA	NA	NA	NA	NA	NA	NA	NA	NA	NA	NA	NA	NA	NA	NA	NA	NA	NA	NA	NA	NA	NA	NA	NA	NA	NA	NA	NA	NA	NA	NA	NA	NA	NA	NA	NA	NA	NA	NA	NA	NA	NA	NA	NA	NA	NA	NA	NA	NA	NA	NA	NA	NA	NA	NA	NA	NA	NA	NA	NA	NA	NA	NA	NA	NA	NA	NA	NA	NA	NA	NA	NA	NA	NA	NA	NA	NA	NA	NA	NA	NA	NA	NA	NA	NA	NA	NA	NA	NA	NA	NA	NA	NA	NA	NA	NA	NA
SRR16974718	Lipomycetales	NA	NA	NA	NA	NA	NA	NA	NA	NA	NA	NA	NA	NA	NA	NA	NA	NA	NA	NA	NA	NA	NA	NA	NA	NA	NA	NA	NA	NA	NA	NA	NA	NA	NA	NA	NA	NA	NA	NA	NA	NA	NA	NA	NA	NA	NA	NA	NA	NA	NA	NA	NA	NA	NA	NA	NA	NA	NA	NA	NA	NA	NA	NA	NA	NA	NA	NA	NA	NA	NA	NA	NA	NA	NA	NA	NA	NA	NA	NA	NA	NA	NA	NA	NA	NA	NA	NA	NA	NA	NA	NA	NA	NA	NA	NA	NA	NA	NA	NA	NA	NA	NA	NA	NA	NA	NA	NA	NA	NA	NA	NA	NA	NA	NA	NA	NA	NA	NA	NA	NA	NA	NA	NA	NA
SRR16974717	Lipomycetales	NA	Yes	NA	NA	NA	NA	NA	NA	NA	NA	NA	NA	NA	Yes	NA	NA	NA	NA	NA	NA	NA	NA	NA	NA	NA	No	NA	NA	NA	NA	NA	NA	NA	NA	NA	NA	NA	Yes	NA	NA	NA	NA	NA	NA	NA	NA	NA	NA	NA	No	NA	NA	NA	NA	NA	NA	NA	NA	NA	NA	NA	Yes	NA	NA	NA	NA	NA	NA	NA	NA	NA	NA	NA	No	NA	NA	NA	NA	NA	NA	NA	NA	NA	NA	NA	No	NA	NA	NA	NA	NA	NA	NA	NA	NA	NA	NA	Yes	NA	NA	NA	NA	NA	NA	NA	NA	NA	NA	NA	No	NA	NA	NA	NA	NA	NA	NA	NA	NA	NA	NA	NA	NA	NA
SRR16974716	Lipomycetales	NA	Yes	NA	NA	NA	NA	NA	NA	NA	NA	NA	NA	NA	No	NA	NA	NA	NA	NA	NA	NA	NA	NA	NA	NA	Yes	NA	NA	NA	NA	NA	NA	NA	NA	NA	NA	NA	Yes	NA	NA	NA	NA	NA	NA	NA	NA	NA	NA	NA	Yes	NA	NA	NA	NA	NA	NA	NA	NA	NA	NA	NA	Yes	NA	NA	NA	NA	NA	NA	NA	NA	NA	NA	NA	No	NA	NA	NA	NA	NA	NA	NA	NA	NA	NA	NA	Yes	NA	NA	NA	NA	NA	NA	NA	NA	NA	NA	NA	Yes	NA	NA	NA	NA	NA	NA	NA	NA	NA	NA	NA	No	NA	NA	NA	NA	NA	NA	NA	NA	NA	NA	NA	NA	NA	NA
SRR16974715	Serinales	NA	NA	Yes	NA	NA	NA	NA	NA	NA	NA	NA	NA	NA	NA	Yes	NA	NA	NA	NA	NA	NA	NA	NA	NA	NA	NA	Yes	NA	NA	NA	NA	NA	NA	NA	NA	NA	NA	NA	Yes	NA	NA	NA	NA	NA	NA	NA	NA	NA	NA	NA	No	NA	NA	NA	NA	NA	NA	NA	NA	NA	NA	NA	No	NA	NA	NA	NA	NA	NA	NA	NA	NA	NA	NA	Yes	NA	NA	NA	NA	NA	NA	NA	NA	NA	NA	NA	No	NA	NA	NA	NA	NA	NA	NA	NA	NA	NA	NA	No	NA	NA	NA	NA	NA	NA	NA	NA	NA	NA	NA	Yes	NA	NA	NA	NA	NA	NA	NA	NA	NA	NA	NA	NA	NA
SRR16974714	Lipomycetales	NA	Yes	NA	NA	NA	NA	NA	NA	NA	NA	NA	NA	NA	Yes	NA	NA	NA	NA	NA	NA	NA	NA	NA	NA	NA	No	NA	NA	NA	NA	NA	NA	NA	NA	NA	NA	NA	No	NA	NA	NA	NA	NA	NA	NA	NA	NA	NA	NA	Yes	NA	NA	NA	NA	NA	NA	NA	NA	NA	NA	NA	Yes	NA	NA	NA	NA	NA	NA	NA	NA	NA	NA	NA	No	NA	NA	NA	NA	NA	NA	NA	NA	NA	NA	NA	Yes	NA	NA	NA	NA	NA	NA	NA	NA	NA	NA	NA	Yes	NA	NA	NA	NA	NA	NA	NA	NA	NA	NA	NA	No	NA	NA	NA	NA	NA	NA	NA	NA	NA	NA	NA	NA	NA	NA
SRR16974712	Lipomycetales	NA	Yes	NA	NA	NA	NA	NA	NA	NA	NA	NA	NA	NA	Yes	NA	NA	NA	NA	NA	NA	NA	NA	NA	NA	NA	No	NA	NA	NA	NA	NA	NA	NA	NA	NA	NA	NA	No	NA	NA	NA	NA	NA	NA	NA	NA	NA	NA	NA	Yes	NA	NA	NA	NA	NA	NA	NA	NA	NA	NA	NA	Yes	NA	NA	NA	NA	NA	NA	NA	NA	NA	NA	NA	No	NA	NA	NA	NA	NA	NA	NA	NA	NA	NA	NA	No	NA	NA	NA	NA	NA	NA	NA	NA	NA	NA	NA	Yes	NA	NA	NA	NA	NA	NA	NA	NA	NA	NA	NA	No	NA	NA	NA	NA	NA	NA	NA	NA	NA	NA	NA	NA	NA	NA
SRR16974711	Lipomycetales	NA	Yes	NA	NA	NA	NA	NA	NA	NA	NA	NA	NA	NA	Yes	NA	NA	NA	NA	NA	NA	NA	NA	NA	NA	NA	No	NA	NA	NA	NA	NA	NA	NA	NA	NA	NA	NA	Yes	NA	NA	NA	NA	NA	NA	NA	NA	NA	NA	NA	Yes	NA	NA	NA	NA	NA	NA	NA	NA	NA	NA	NA	Yes	NA	NA	NA	NA	NA	NA	NA	NA	NA	NA	NA	No	NA	NA	NA	NA	NA	NA	NA	NA	NA	NA	NA	Yes	NA	NA	NA	NA	NA	NA	NA	NA	NA	NA	NA	Yes	NA	NA	NA	NA	NA	NA	NA	NA	NA	NA	NA	No	NA	NA	NA	NA	NA	NA	NA	NA	NA	NA	NA	NA	NA	NA
SRR16974710	Lipomycetales	NA	Yes	NA	NA	NA	NA	NA	NA	NA	NA	NA	NA	NA	Yes	NA	NA	NA	NA	NA	NA	NA	NA	NA	NA	NA	No	NA	NA	NA	NA	NA	NA	NA	NA	NA	NA	NA	Yes	NA	NA	NA	NA	NA	NA	NA	NA	NA	NA	NA	Yes	NA	NA	NA	NA	NA	NA	NA	NA	NA	NA	NA	Yes	NA	NA	NA	NA	NA	NA	NA	NA	NA	NA	NA	No	NA	NA	NA	NA	NA	NA	NA	NA	NA	NA	NA	Yes	NA	NA	NA	NA	NA	NA	NA	NA	NA	NA	NA	Yes	NA	NA	NA	NA	NA	NA	NA	NA	NA	NA	NA	No	NA	NA	NA	NA	NA	NA	NA	NA	NA	NA	NA	NA	NA	NA
SRR16974709	Dipodascales	NA	NA	NA	NA	Yes	NA	NA	NA	NA	NA	NA	NA	NA	NA	NA	NA	Yes	NA	NA	NA	NA	NA	NA	NA	NA	NA	NA	NA	Yes	NA	NA	NA	NA	NA	NA	NA	NA	NA	NA	NA	Yes	NA	NA	NA	NA	NA	NA	NA	NA	NA	NA	NA	Yes	NA	NA	NA	NA	NA	NA	NA	NA	NA	NA	NA	Yes	NA	NA	NA	NA	NA	NA	NA	NA	NA	NA	NA	Yes	NA	NA	NA	NA	NA	NA	NA	NA	NA	NA	NA	Yes	NA	NA	NA	NA	NA	NA	NA	NA	NA	NA	NA	Yes	NA	NA	NA	NA	NA	NA	NA	NA	NA	NA	NA	NA	NA	NA	NA	NA	NA	NA	NA	NA	NA	NA	NA
SRR16974708	Saccharomycetales	No	NA	NA	NA	NA	NA	NA	NA	NA	NA	NA	NA	No	NA	NA	NA	NA	NA	NA	NA	NA	NA	NA	NA	No	NA	NA	NA	NA	NA	NA	NA	NA	NA	NA	NA	Yes	NA	NA	NA	NA	NA	NA	NA	NA	NA	NA	NA	Yes	NA	NA	NA	NA	NA	NA	NA	NA	NA	NA	NA	Yes	NA	NA	NA	NA	NA	NA	NA	NA	NA	NA	NA	No	NA	NA	NA	NA	NA	NA	NA	NA	NA	NA	NA	No	NA	NA	NA	NA	NA	NA	NA	NA	NA	NA	NA	Yes	NA	NA	NA	NA	NA	NA	NA	NA	NA	NA	NA	NA	NA	NA	NA	NA	NA	NA	NA	NA	NA	NA	NA	NA	NA	NA	No
SRR16974707	Saccharomycetales	No	NA	NA	NA	NA	NA	NA	NA	NA	NA	NA	NA	No	NA	NA	NA	NA	NA	NA	NA	NA	NA	NA	NA	No	NA	NA	NA	NA	NA	NA	NA	NA	NA	NA	NA	No	NA	NA	NA	NA	NA	NA	NA	NA	NA	NA	NA	No	NA	NA	NA	NA	NA	NA	NA	NA	NA	NA	NA	Yes	NA	NA	NA	NA	NA	NA	NA	NA	NA	NA	NA	No	NA	NA	NA	NA	NA	NA	NA	NA	NA	NA	NA	No	NA	NA	NA	NA	NA	NA	NA	NA	NA	NA	NA	No	NA	NA	NA	NA	NA	NA	NA	NA	NA	NA	NA	NA	NA	NA	NA	NA	NA	NA	NA	NA	NA	NA	NA	NA	NA	NA	Yes
SRR16974706	Saccharomycetales	No	NA	NA	NA	NA	NA	NA	NA	NA	NA	NA	NA	No	NA	NA	NA	NA	NA	NA	NA	NA	NA	NA	NA	No	NA	NA	NA	NA	NA	NA	NA	NA	NA	NA	NA	No	NA	NA	NA	NA	NA	NA	NA	NA	NA	NA	NA	No	NA	NA	NA	NA	NA	NA	NA	NA	NA	NA	NA	Yes	NA	NA	NA	NA	NA	NA	NA	NA	NA	NA	NA	No	NA	NA	NA	NA	NA	NA	NA	NA	NA	NA	NA	No	NA	NA	NA	NA	NA	NA	NA	NA	NA	NA	NA	No	NA	NA	NA	NA	NA	NA	NA	NA	NA	NA	NA	No	NA	NA	NA	NA	NA	NA	NA	NA	NA	NA	NA	NA	NA	NA	No
SRR16974705	Saccharomycetales	Yes	NA	NA	NA	NA	NA	NA	NA	NA	NA	NA	NA	No	NA	NA	NA	NA	NA	NA	NA	NA	NA	NA	NA	No	NA	NA	NA	NA	NA	NA	NA	NA	NA	NA	NA	No	NA	NA	NA	NA	NA	NA	NA	NA	NA	NA	NA	Yes	NA	NA	NA	NA	NA	NA	NA	NA	NA	NA	NA	Yes	NA	NA	NA	NA	NA	NA	NA	NA	NA	NA	NA	Yes	NA	NA	NA	NA	NA	NA	NA	NA	NA	NA	NA	No	NA	NA	NA	NA	NA	NA	NA	NA	NA	NA	NA	No	NA	NA	NA	NA	NA	NA	NA	NA	NA	NA	NA	NA	NA	NA	NA	NA	NA	NA	NA	NA	NA	NA	NA	NA	NA	NA	No
SRR16974704	Saccharomycetales	No	NA	NA	NA	NA	NA	NA	NA	NA	NA	NA	NA	No	NA	NA	NA	NA	NA	NA	NA	NA	NA	NA	NA	No	NA	NA	NA	NA	NA	NA	NA	NA	NA	NA	NA	No	NA	NA	NA	NA	NA	NA	NA	NA	NA	NA	NA	Yes	NA	NA	NA	NA	NA	NA	NA	NA	NA	NA	NA	Yes	NA	NA	NA	NA	NA	NA	NA	NA	NA	NA	NA	No	NA	NA	NA	NA	NA	NA	NA	NA	NA	NA	NA	No	NA	NA	NA	NA	NA	NA	NA	NA	NA	NA	NA	No	NA	NA	NA	NA	NA	NA	NA	NA	NA	NA	NA	NA	NA	NA	NA	NA	NA	NA	NA	NA	NA	NA	NA	NA	NA	NA	Yes
SRR16974703	Saccharomycetales	No	NA	NA	NA	NA	NA	NA	NA	NA	NA	NA	NA	No	NA	NA	NA	NA	NA	NA	NA	NA	NA	NA	NA	No	NA	NA	NA	NA	NA	NA	NA	NA	NA	NA	NA	No	NA	NA	NA	NA	NA	NA	NA	NA	NA	NA	NA	No	NA	NA	NA	NA	NA	NA	NA	NA	NA	NA	NA	Yes	NA	NA	NA	NA	NA	NA	NA	NA	NA	NA	NA	No	NA	NA	NA	NA	NA	NA	NA	NA	NA	NA	NA	No	NA	NA	NA	NA	NA	NA	NA	NA	NA	NA	NA	No	NA	NA	NA	NA	NA	NA	NA	NA	NA	NA	NA	No	NA	NA	NA	NA	NA	NA	NA	NA	NA	NA	NA	NA	NA	NA	Yes
SRR16974700	Saccharomycetales	No	NA	NA	NA	NA	NA	NA	NA	NA	NA	NA	NA	No	NA	NA	NA	NA	NA	NA	NA	NA	NA	NA	NA	No	NA	NA	NA	NA	NA	NA	NA	NA	NA	NA	NA	Yes	NA	NA	NA	NA	NA	NA	NA	NA	NA	NA	NA	No	NA	NA	NA	NA	NA	NA	NA	NA	NA	NA	NA	Yes	NA	NA	NA	NA	NA	NA	NA	NA	NA	NA	NA	No	NA	NA	NA	NA	NA	NA	NA	NA	NA	NA	NA	Yes	NA	NA	NA	NA	NA	NA	NA	NA	NA	NA	NA	No	NA	NA	NA	NA	NA	NA	NA	NA	NA	NA	NA	No	NA	NA	NA	NA	NA	NA	NA	NA	NA	NA	NA	NA	NA	NA	Yes
SRR16974699	Pichiales	NA	NA	NA	No	NA	NA	NA	NA	NA	NA	NA	NA	NA	NA	NA	No	NA	NA	NA	NA	NA	NA	NA	NA	NA	NA	NA	Yes	NA	NA	NA	NA	NA	NA	NA	NA	NA	NA	NA	Yes	NA	NA	NA	NA	NA	NA	NA	NA	NA	NA	NA	Yes	NA	NA	NA	NA	NA	NA	NA	NA	NA	NA	NA	No	NA	NA	NA	NA	NA	NA	NA	NA	NA	NA	NA	No	NA	NA	NA	NA	NA	NA	NA	NA	NA	NA	NA	No	NA	NA	NA	NA	NA	NA	NA	NA	NA	NA	NA	Yes	NA	NA	NA	NA	NA	NA	NA	NA	NA	NA	NA	No	NA	NA	NA	NA	NA	NA	NA	NA	NA	Yes	NA	NA
SRR16974698	Saccharomycetales	No	NA	NA	NA	NA	NA	NA	NA	NA	NA	NA	NA	No	NA	NA	NA	NA	NA	NA	NA	NA	NA	NA	NA	Yes	NA	NA	NA	NA	NA	NA	NA	NA	NA	NA	NA	No	NA	NA	NA	NA	NA	NA	NA	NA	NA	NA	NA	No	NA	NA	NA	NA	NA	NA	NA	NA	NA	NA	NA	No	NA	NA	NA	NA	NA	NA	NA	NA	NA	NA	NA	No	NA	NA	NA	NA	NA	NA	NA	NA	NA	NA	NA	No	NA	NA	NA	NA	NA	NA	NA	NA	NA	NA	NA	Yes	NA	NA	NA	NA	NA	NA	NA	NA	NA	NA	NA	NA	NA	NA	NA	NA	NA	NA	NA	NA	NA	NA	NA	NA	NA	NA	Yes
SRR16974697	Saccharomycetales	No	NA	NA	NA	NA	NA	NA	NA	NA	NA	NA	NA	No	NA	NA	NA	NA	NA	NA	NA	NA	NA	NA	NA	No	NA	NA	NA	NA	NA	NA	NA	NA	NA	NA	NA	Yes	NA	NA	NA	NA	NA	NA	NA	NA	NA	NA	NA	No	NA	NA	NA	NA	NA	NA	NA	NA	NA	NA	NA	Yes	NA	NA	NA	NA	NA	NA	NA	NA	NA	NA	NA	No	NA	NA	NA	NA	NA	NA	NA	NA	NA	NA	NA	No	NA	NA	NA	NA	NA	NA	NA	NA	NA	NA	NA	Yes	NA	NA	NA	NA	NA	NA	NA	NA	NA	NA	NA	NA	NA	NA	NA	NA	NA	NA	NA	NA	NA	NA	NA	NA	NA	NA	Yes
SRR16974696	Saccharomycetales	No	NA	NA	NA	NA	NA	NA	NA	NA	NA	NA	NA	No	NA	NA	NA	NA	NA	NA	NA	NA	NA	NA	NA	No	NA	NA	NA	NA	NA	NA	NA	NA	NA	NA	NA	Yes	NA	NA	NA	NA	NA	NA	NA	NA	NA	NA	NA	No	NA	NA	NA	NA	NA	NA	NA	NA	NA	NA	NA	Yes	NA	NA	NA	NA	NA	NA	NA	NA	NA	NA	NA	No	NA	NA	NA	NA	NA	NA	NA	NA	NA	NA	NA	No	NA	NA	NA	NA	NA	NA	NA	NA	NA	NA	NA	Yes	NA	NA	NA	NA	NA	NA	NA	NA	NA	NA	NA	No	NA	NA	NA	NA	NA	NA	NA	NA	NA	NA	NA	NA	NA	NA	Yes
SRR16974695	Saccharomycetales	No	NA	NA	NA	NA	NA	NA	NA	NA	NA	NA	NA	No	NA	NA	NA	NA	NA	NA	NA	NA	NA	NA	NA	Yes	NA	NA	NA	NA	NA	NA	NA	NA	NA	NA	NA	No	NA	NA	NA	NA	NA	NA	NA	NA	NA	NA	NA	No	NA	NA	NA	NA	NA	NA	NA	NA	NA	NA	NA	Yes	NA	NA	NA	NA	NA	NA	NA	NA	NA	NA	NA	No	NA	NA	NA	NA	NA	NA	NA	NA	NA	NA	NA	No	NA	NA	NA	NA	NA	NA	NA	NA	NA	NA	NA	No	NA	NA	NA	NA	NA	NA	NA	NA	NA	NA	NA	No	NA	NA	NA	NA	NA	NA	NA	NA	NA	NA	NA	NA	NA	NA	Yes
SRR16974694	Saccharomycetales	No	NA	NA	NA	NA	NA	NA	NA	NA	NA	NA	NA	No	NA	NA	NA	NA	NA	NA	NA	NA	NA	NA	NA	No	NA	NA	NA	NA	NA	NA	NA	NA	NA	NA	NA	No	NA	NA	NA	NA	NA	NA	NA	NA	NA	NA	NA	No	NA	NA	NA	NA	NA	NA	NA	NA	NA	NA	NA	Yes	NA	NA	NA	NA	NA	NA	NA	NA	NA	NA	NA	No	NA	NA	NA	NA	NA	NA	NA	NA	NA	NA	NA	No	NA	NA	NA	NA	NA	NA	NA	NA	NA	NA	NA	Yes	NA	NA	NA	NA	NA	NA	NA	NA	NA	NA	NA	NA	NA	NA	NA	NA	NA	NA	NA	NA	NA	NA	NA	NA	NA	NA	No
SRR16974693	Saccharomycetales	No	NA	NA	NA	NA	NA	NA	NA	NA	NA	NA	NA	No	NA	NA	NA	NA	NA	NA	NA	NA	NA	NA	NA	No	NA	NA	NA	NA	NA	NA	NA	NA	NA	NA	NA	Yes	NA	NA	NA	NA	NA	NA	NA	NA	NA	NA	NA	No	NA	NA	NA	NA	NA	NA	NA	NA	NA	NA	NA	Yes	NA	NA	NA	NA	NA	NA	NA	NA	NA	NA	NA	No	NA	NA	NA	NA	NA	NA	NA	NA	NA	NA	NA	No	NA	NA	NA	NA	NA	NA	NA	NA	NA	NA	NA	No	NA	NA	NA	NA	NA	NA	NA	NA	NA	NA	NA	No	NA	NA	NA	NA	NA	NA	NA	NA	NA	NA	NA	NA	NA	NA	Yes
SRR16974692	Saccharomycetales	NA	NA	NA	NA	NA	NA	NA	NA	NA	NA	NA	NA	NA	NA	NA	NA	NA	NA	NA	NA	NA	NA	NA	NA	NA	NA	NA	NA	NA	NA	NA	NA	NA	NA	NA	NA	NA	NA	NA	NA	NA	NA	NA	NA	NA	NA	NA	NA	NA	NA	NA	NA	NA	NA	NA	NA	NA	NA	NA	NA	NA	NA	NA	NA	NA	NA	NA	NA	NA	NA	NA	NA	NA	NA	NA	NA	NA	NA	NA	NA	NA	NA	NA	NA	NA	NA	NA	NA	NA	NA	NA	NA	NA	NA	NA	NA	NA	NA	NA	NA	NA	NA	NA	NA	NA	NA	NA	NA	NA	NA	NA	NA	NA	NA	NA	NA	NA	NA	NA	NA	NA	NA	NA	NA
SRR16974691	Saccharomycetales	No	NA	NA	NA	NA	NA	NA	NA	NA	NA	NA	NA	No	NA	NA	NA	NA	NA	NA	NA	NA	NA	NA	NA	No	NA	NA	NA	NA	NA	NA	NA	NA	NA	NA	NA	No	NA	NA	NA	NA	NA	NA	NA	NA	NA	NA	NA	No	NA	NA	NA	NA	NA	NA	NA	NA	NA	NA	NA	Yes	NA	NA	NA	NA	NA	NA	NA	NA	NA	NA	NA	No	NA	NA	NA	NA	NA	NA	NA	NA	NA	NA	NA	No	NA	NA	NA	NA	NA	NA	NA	NA	NA	NA	NA	Yes	NA	NA	NA	NA	NA	NA	NA	NA	NA	NA	NA	No	NA	NA	NA	NA	NA	NA	NA	NA	NA	NA	NA	NA	NA	NA	Yes
SRR16974689	Saccharomycetales	No	NA	NA	NA	NA	NA	NA	NA	NA	NA	NA	NA	No	NA	NA	NA	NA	NA	NA	NA	NA	NA	NA	NA	No	NA	NA	NA	NA	NA	NA	NA	NA	NA	NA	NA	Yes	NA	NA	NA	NA	NA	NA	NA	NA	NA	NA	NA	No	NA	NA	NA	NA	NA	NA	NA	NA	NA	NA	NA	Yes	NA	NA	NA	NA	NA	NA	NA	NA	NA	NA	NA	Yes	NA	NA	NA	NA	NA	NA	NA	NA	NA	NA	NA	No	NA	NA	NA	NA	NA	NA	NA	NA	NA	NA	NA	Yes	NA	NA	NA	NA	NA	NA	NA	NA	NA	NA	NA	Yes	NA	NA	NA	NA	NA	NA	NA	NA	NA	NA	NA	NA	NA	NA	No
SRR16974688	Saccharomycetales	No	NA	NA	NA	NA	NA	NA	NA	NA	NA	NA	NA	No	NA	NA	NA	NA	NA	NA	NA	NA	NA	NA	NA	No	NA	NA	NA	NA	NA	NA	NA	NA	NA	NA	NA	Yes	NA	NA	NA	NA	NA	NA	NA	NA	NA	NA	NA	Yes	NA	NA	NA	NA	NA	NA	NA	NA	NA	NA	NA	Yes	NA	NA	NA	NA	NA	NA	NA	NA	NA	NA	NA	Yes	NA	NA	NA	NA	NA	NA	NA	NA	NA	NA	NA	No	NA	NA	NA	NA	NA	NA	NA	NA	NA	NA	NA	No	NA	NA	NA	NA	NA	NA	NA	NA	NA	NA	NA	Yes	NA	NA	NA	NA	NA	NA	NA	NA	NA	NA	NA	NA	NA	NA	Yes
SRR16974687	Alaninales	NA	NA	NA	NA	NA	NA	NA	NA	Yes	NA	NA	NA	NA	NA	NA	NA	NA	NA	NA	NA	Yes	NA	NA	NA	NA	NA	NA	NA	NA	NA	NA	NA	No	NA	NA	NA	NA	NA	NA	NA	NA	NA	NA	NA	Yes	NA	NA	NA	NA	NA	NA	NA	NA	NA	NA	NA	Yes	NA	NA	NA	NA	NA	NA	NA	NA	NA	NA	NA	Yes	NA	NA	NA	NA	NA	NA	NA	NA	NA	NA	NA	No	NA	NA	NA	NA	NA	NA	NA	NA	NA	NA	NA	Yes	NA	NA	NA	NA	NA	NA	NA	NA	NA	NA	NA	No	NA	NA	NA	NA	NA	NA	NA	NA	NA	NA	NA	No	NA	NA	NA	NA	NA	NA	NA
SRR16974686	Alaninales	NA	NA	NA	NA	NA	NA	NA	NA	Yes	NA	NA	NA	NA	NA	NA	NA	NA	NA	NA	NA	Yes	NA	NA	NA	NA	NA	NA	NA	NA	NA	NA	NA	No	NA	NA	NA	NA	NA	NA	NA	NA	NA	NA	NA	Yes	NA	NA	NA	NA	NA	NA	NA	NA	NA	NA	NA	No	NA	NA	NA	NA	NA	NA	NA	NA	NA	NA	NA	Yes	NA	NA	NA	NA	NA	NA	NA	NA	NA	NA	NA	Yes	NA	NA	NA	NA	NA	NA	NA	NA	NA	NA	NA	Yes	NA	NA	NA	NA	NA	NA	NA	NA	NA	NA	NA	No	NA	NA	NA	NA	NA	NA	NA	NA	NA	NA	NA	No	NA	NA	NA	NA	NA	NA	NA
SRR16974685	Pichiales	NA	NA	NA	No	NA	NA	NA	NA	NA	NA	NA	NA	NA	NA	NA	Yes	NA	NA	NA	NA	NA	NA	NA	NA	NA	NA	NA	Yes	NA	NA	NA	NA	NA	NA	NA	NA	NA	NA	NA	Yes	NA	NA	NA	NA	NA	NA	NA	NA	NA	NA	NA	Yes	NA	NA	NA	NA	NA	NA	NA	NA	NA	NA	NA	No	NA	NA	NA	NA	NA	NA	NA	NA	NA	NA	NA	No	NA	NA	NA	NA	NA	NA	NA	NA	NA	NA	NA	No	NA	NA	NA	NA	NA	NA	NA	NA	NA	NA	NA	Yes	NA	NA	NA	NA	NA	NA	NA	NA	NA	NA	NA	Yes	NA	NA	NA	NA	NA	NA	NA	NA	NA	No	NA	NA
SRR16974684	Pichiales	NA	NA	NA	No	NA	NA	NA	NA	NA	NA	NA	NA	NA	NA	NA	No	NA	NA	NA	NA	NA	NA	NA	NA	NA	NA	NA	Yes	NA	NA	NA	NA	NA	NA	NA	NA	NA	NA	NA	Yes	NA	NA	NA	NA	NA	NA	NA	NA	NA	NA	NA	Yes	NA	NA	NA	NA	NA	NA	NA	NA	NA	NA	NA	Yes	NA	NA	NA	NA	NA	NA	NA	NA	NA	NA	NA	Yes	NA	NA	NA	NA	NA	NA	NA	NA	NA	NA	NA	No	NA	NA	NA	NA	NA	NA	NA	NA	NA	NA	NA	Yes	NA	NA	NA	NA	NA	NA	NA	NA	NA	NA	NA	No	NA	NA	NA	NA	NA	NA	NA	NA	NA	No	NA	NA
SRR16974683	Pichiales	NA	NA	NA	NA	NA	NA	NA	NA	NA	NA	NA	NA	NA	NA	NA	NA	NA	NA	NA	NA	NA	NA	NA	NA	NA	NA	NA	NA	NA	NA	NA	NA	NA	NA	NA	NA	NA	NA	NA	NA	NA	NA	NA	NA	NA	NA	NA	NA	NA	NA	NA	NA	NA	NA	NA	NA	NA	NA	NA	NA	NA	NA	NA	NA	NA	NA	NA	NA	NA	NA	NA	NA	NA	NA	NA	NA	NA	NA	NA	NA	NA	NA	NA	NA	NA	NA	NA	NA	NA	NA	NA	NA	NA	NA	NA	NA	NA	NA	NA	NA	NA	NA	NA	NA	NA	NA	NA	NA	NA	NA	NA	Yes	NA	NA	NA	NA	NA	NA	NA	NA	NA	Yes	NA	NA
SRR16974682	Pichiales	NA	NA	NA	No	NA	NA	NA	NA	NA	NA	NA	NA	NA	NA	NA	No	NA	NA	NA	NA	NA	NA	NA	NA	NA	NA	NA	Yes	NA	NA	NA	NA	NA	NA	NA	NA	NA	NA	NA	No	NA	NA	NA	NA	NA	NA	NA	NA	NA	NA	NA	Yes	NA	NA	NA	NA	NA	NA	NA	NA	NA	NA	NA	No	NA	NA	NA	NA	NA	NA	NA	NA	NA	NA	NA	No	NA	NA	NA	NA	NA	NA	NA	NA	NA	NA	NA	No	NA	NA	NA	NA	NA	NA	NA	NA	NA	NA	NA	Yes	NA	NA	NA	NA	NA	NA	NA	NA	NA	NA	NA	No	NA	NA	NA	NA	NA	NA	NA	NA	NA	No	NA	NA
SRR16974681	Pichiales	NA	NA	NA	No	NA	NA	NA	NA	NA	NA	NA	NA	NA	NA	NA	No	NA	NA	NA	NA	NA	NA	NA	NA	NA	NA	NA	Yes	NA	NA	NA	NA	NA	NA	NA	NA	NA	NA	NA	No	NA	NA	NA	NA	NA	NA	NA	NA	NA	NA	NA	Yes	NA	NA	NA	NA	NA	NA	NA	NA	NA	NA	NA	Yes	NA	NA	NA	NA	NA	NA	NA	NA	NA	NA	NA	Yes	NA	NA	NA	NA	NA	NA	NA	NA	NA	NA	NA	No	NA	NA	NA	NA	NA	NA	NA	NA	NA	NA	NA	Yes	NA	NA	NA	NA	NA	NA	NA	NA	NA	NA	NA	Yes	NA	NA	NA	NA	NA	NA	NA	NA	NA	No	NA	NA
SRR16974680	Pichiales	NA	NA	NA	Yes	NA	NA	NA	NA	NA	NA	NA	NA	NA	NA	NA	Yes	NA	NA	NA	NA	NA	NA	NA	NA	NA	NA	NA	Yes	NA	NA	NA	NA	NA	NA	NA	NA	NA	NA	NA	Yes	NA	NA	NA	NA	NA	NA	NA	NA	NA	NA	NA	Yes	NA	NA	NA	NA	NA	NA	NA	NA	NA	NA	NA	Yes	NA	NA	NA	NA	NA	NA	NA	NA	NA	NA	NA	No	NA	NA	NA	NA	NA	NA	NA	NA	NA	NA	NA	No	NA	NA	NA	NA	NA	NA	NA	NA	NA	NA	NA	Yes	NA	NA	NA	NA	NA	NA	NA	NA	NA	NA	NA	No	NA	NA	NA	NA	NA	NA	NA	NA	NA	No	NA	NA
SRR16974678	Pichiales	NA	NA	NA	Yes	NA	NA	NA	NA	NA	NA	NA	NA	NA	NA	NA	Yes	NA	NA	NA	NA	NA	NA	NA	NA	NA	NA	NA	No	NA	NA	NA	NA	NA	NA	NA	NA	NA	NA	NA	No	NA	NA	NA	NA	NA	NA	NA	NA	NA	NA	NA	Yes	NA	NA	NA	NA	NA	NA	NA	NA	NA	NA	NA	No	NA	NA	NA	NA	NA	NA	NA	NA	NA	NA	NA	No	NA	NA	NA	NA	NA	NA	NA	NA	NA	NA	NA	No	NA	NA	NA	NA	NA	NA	NA	NA	NA	NA	NA	Yes	NA	NA	NA	NA	NA	NA	NA	NA	NA	NA	NA	No	NA	NA	NA	NA	NA	NA	NA	NA	NA	Yes	NA	NA
SRR16974677	Pichiales	NA	NA	NA	No	NA	NA	NA	NA	NA	NA	NA	NA	NA	NA	NA	No	NA	NA	NA	NA	NA	NA	NA	NA	NA	NA	NA	Yes	NA	NA	NA	NA	NA	NA	NA	NA	NA	NA	NA	Yes	NA	NA	NA	NA	NA	NA	NA	NA	NA	NA	NA	Yes	NA	NA	NA	NA	NA	NA	NA	NA	NA	NA	NA	Yes	NA	NA	NA	NA	NA	NA	NA	NA	NA	NA	NA	No	NA	NA	NA	NA	NA	NA	NA	NA	NA	NA	NA	Yes	NA	NA	NA	NA	NA	NA	NA	NA	NA	NA	NA	Yes	NA	NA	NA	NA	NA	NA	NA	NA	NA	NA	NA	Yes	NA	NA	NA	NA	NA	NA	NA	NA	NA	No	NA	NA
SRR16974676	Saccharomycetales	No	NA	NA	NA	NA	NA	NA	NA	NA	NA	NA	NA	No	NA	NA	NA	NA	NA	NA	NA	NA	NA	NA	NA	No	NA	NA	NA	NA	NA	NA	NA	NA	NA	NA	NA	Yes	NA	NA	NA	NA	NA	NA	NA	NA	NA	NA	NA	NA	NA	NA	NA	NA	NA	NA	NA	NA	NA	NA	NA	NA	NA	NA	NA	NA	NA	NA	NA	NA	NA	NA	NA	No	NA	NA	NA	NA	NA	NA	NA	NA	NA	NA	NA	No	NA	NA	NA	NA	NA	NA	NA	NA	NA	NA	NA	NA	NA	NA	NA	NA	NA	NA	NA	NA	NA	NA	NA	NA	NA	NA	NA	NA	NA	NA	NA	NA	NA	NA	NA	NA	NA	NA	NA
SRR16974675	Pichiales	NA	NA	NA	Yes	NA	NA	NA	NA	NA	NA	NA	NA	NA	NA	NA	Yes	NA	NA	NA	NA	NA	NA	NA	NA	NA	NA	NA	Yes	NA	NA	NA	NA	NA	NA	NA	NA	NA	NA	NA	Yes	NA	NA	NA	NA	NA	NA	NA	NA	NA	NA	NA	Yes	NA	NA	NA	NA	NA	NA	NA	NA	NA	NA	NA	Yes	NA	NA	NA	NA	NA	NA	NA	NA	NA	NA	NA	Yes	NA	NA	NA	NA	NA	NA	NA	NA	NA	NA	NA	Yes	NA	NA	NA	NA	NA	NA	NA	NA	NA	NA	NA	Yes	NA	NA	NA	NA	NA	NA	NA	NA	NA	NA	NA	Yes	NA	NA	NA	NA	NA	NA	NA	NA	NA	No	NA	NA
SRR16974674	Pichiales	NA	NA	NA	Yes	NA	NA	NA	NA	NA	NA	NA	NA	NA	NA	NA	Yes	NA	NA	NA	NA	NA	NA	NA	NA	NA	NA	NA	Yes	NA	NA	NA	NA	NA	NA	NA	NA	NA	NA	NA	Yes	NA	NA	NA	NA	NA	NA	NA	NA	NA	NA	NA	Yes	NA	NA	NA	NA	NA	NA	NA	NA	NA	NA	NA	No	NA	NA	NA	NA	NA	NA	NA	NA	NA	NA	NA	No	NA	NA	NA	NA	NA	NA	NA	NA	NA	NA	NA	No	NA	NA	NA	NA	NA	NA	NA	NA	NA	NA	NA	Yes	NA	NA	NA	NA	NA	NA	NA	NA	NA	NA	NA	Yes	NA	NA	NA	NA	NA	NA	NA	NA	NA	No	NA	NA
SRR16974477	Pichiales	NA	NA	NA	Yes	NA	NA	NA	NA	NA	NA	NA	NA	NA	NA	NA	Yes	NA	NA	NA	NA	NA	NA	NA	NA	NA	NA	NA	Yes	NA	NA	NA	NA	NA	NA	NA	NA	NA	NA	NA	Yes	NA	NA	NA	NA	NA	NA	NA	NA	NA	NA	NA	Yes	NA	NA	NA	NA	NA	NA	NA	NA	NA	NA	NA	Yes	NA	NA	NA	NA	NA	NA	NA	NA	NA	NA	NA	No	NA	NA	NA	NA	NA	NA	NA	NA	NA	NA	NA	Yes	NA	NA	NA	NA	NA	NA	NA	NA	NA	NA	NA	Yes	NA	NA	NA	NA	NA	NA	NA	NA	NA	NA	NA	Yes	NA	NA	NA	NA	NA	NA	NA	NA	NA	No	NA	NA
SRR16974476	Pichiales	NA	NA	NA	Yes	NA	NA	NA	NA	NA	NA	NA	NA	NA	NA	NA	Yes	NA	NA	NA	NA	NA	NA	NA	NA	NA	NA	NA	Yes	NA	NA	NA	NA	NA	NA	NA	NA	NA	NA	NA	No	NA	NA	NA	NA	NA	NA	NA	NA	NA	NA	NA	Yes	NA	NA	NA	NA	NA	NA	NA	NA	NA	NA	NA	Yes	NA	NA	NA	NA	NA	NA	NA	NA	NA	NA	NA	No	NA	NA	NA	NA	NA	NA	NA	NA	NA	NA	NA	Yes	NA	NA	NA	NA	NA	NA	NA	NA	NA	NA	NA	Yes	NA	NA	NA	NA	NA	NA	NA	NA	NA	NA	NA	Yes	NA	NA	NA	NA	NA	NA	NA	NA	NA	Yes	NA	NA
SRR16974475	Pichiales	NA	NA	NA	Yes	NA	NA	NA	NA	NA	NA	NA	NA	NA	NA	NA	Yes	NA	NA	NA	NA	NA	NA	NA	NA	NA	NA	NA	Yes	NA	NA	NA	NA	NA	NA	NA	NA	NA	NA	NA	Yes	NA	NA	NA	NA	NA	NA	NA	NA	NA	NA	NA	Yes	NA	NA	NA	NA	NA	NA	NA	NA	NA	NA	NA	Yes	NA	NA	NA	NA	NA	NA	NA	NA	NA	NA	NA	No	NA	NA	NA	NA	NA	NA	NA	NA	NA	NA	NA	Yes	NA	NA	NA	NA	NA	NA	NA	NA	NA	NA	NA	Yes	NA	NA	NA	NA	NA	NA	NA	NA	NA	NA	NA	No	NA	NA	NA	NA	NA	NA	NA	NA	NA	Yes	NA	NA
SRR16974474	Pichiales	NA	NA	NA	No	NA	NA	NA	NA	NA	NA	NA	NA	NA	NA	NA	No	NA	NA	NA	NA	NA	NA	NA	NA	NA	NA	NA	Yes	NA	NA	NA	NA	NA	NA	NA	NA	NA	NA	NA	Yes	NA	NA	NA	NA	NA	NA	NA	NA	NA	NA	NA	Yes	NA	NA	NA	NA	NA	NA	NA	NA	NA	NA	NA	Yes	NA	NA	NA	NA	NA	NA	NA	NA	NA	NA	NA	Yes	NA	NA	NA	NA	NA	NA	NA	NA	NA	NA	NA	Yes	NA	NA	NA	NA	NA	NA	NA	NA	NA	NA	NA	Yes	NA	NA	NA	NA	NA	NA	NA	NA	NA	NA	NA	Yes	NA	NA	NA	NA	NA	NA	NA	NA	NA	Yes	NA	NA
SRR16974473	Pichiales	NA	NA	NA	Yes	NA	NA	NA	NA	NA	NA	NA	NA	NA	NA	NA	Yes	NA	NA	NA	NA	NA	NA	NA	NA	NA	NA	NA	No	NA	NA	NA	NA	NA	NA	NA	NA	NA	NA	NA	Yes	NA	NA	NA	NA	NA	NA	NA	NA	NA	NA	NA	Yes	NA	NA	NA	NA	NA	NA	NA	NA	NA	NA	NA	Yes	NA	NA	NA	NA	NA	NA	NA	NA	NA	NA	NA	No	NA	NA	NA	NA	NA	NA	NA	NA	NA	NA	NA	Yes	NA	NA	NA	NA	NA	NA	NA	NA	NA	NA	NA	Yes	NA	NA	NA	NA	NA	NA	NA	NA	NA	NA	NA	No	NA	NA	NA	NA	NA	NA	NA	NA	NA	No	NA	NA
SRR16974471	Pichiales	NA	NA	NA	Yes	NA	NA	NA	NA	NA	NA	NA	NA	NA	NA	NA	Yes	NA	NA	NA	NA	NA	NA	NA	NA	NA	NA	NA	Yes	NA	NA	NA	NA	NA	NA	NA	NA	NA	NA	NA	Yes	NA	NA	NA	NA	NA	NA	NA	NA	NA	NA	NA	Yes	NA	NA	NA	NA	NA	NA	NA	NA	NA	NA	NA	Yes	NA	NA	NA	NA	NA	NA	NA	NA	NA	NA	NA	Yes	NA	NA	NA	NA	NA	NA	NA	NA	NA	NA	NA	Yes	NA	NA	NA	NA	NA	NA	NA	NA	NA	NA	NA	Yes	NA	NA	NA	NA	NA	NA	NA	NA	NA	NA	NA	Yes	NA	NA	NA	NA	NA	NA	NA	NA	NA	No	NA	NA
SRR16974470	Pichiales	NA	NA	NA	Yes	NA	NA	NA	NA	NA	NA	NA	NA	NA	NA	NA	Yes	NA	NA	NA	NA	NA	NA	NA	NA	NA	NA	NA	Yes	NA	NA	NA	NA	NA	NA	NA	NA	NA	NA	NA	Yes	NA	NA	NA	NA	NA	NA	NA	NA	NA	NA	NA	Yes	NA	NA	NA	NA	NA	NA	NA	NA	NA	NA	NA	Yes	NA	NA	NA	NA	NA	NA	NA	NA	NA	NA	NA	No	NA	NA	NA	NA	NA	NA	NA	NA	NA	NA	NA	Yes	NA	NA	NA	NA	NA	NA	NA	NA	NA	NA	NA	Yes	NA	NA	NA	NA	NA	NA	NA	NA	NA	NA	NA	Yes	NA	NA	NA	NA	NA	NA	NA	NA	NA	Yes	NA	NA
SRR16974469	Pichiales	NA	NA	NA	Yes	NA	NA	NA	NA	NA	NA	NA	NA	NA	NA	NA	Yes	NA	NA	NA	NA	NA	NA	NA	NA	NA	NA	NA	Yes	NA	NA	NA	NA	NA	NA	NA	NA	NA	NA	NA	Yes	NA	NA	NA	NA	NA	NA	NA	NA	NA	NA	NA	Yes	NA	NA	NA	NA	NA	NA	NA	NA	NA	NA	NA	Yes	NA	NA	NA	NA	NA	NA	NA	NA	NA	NA	NA	No	NA	NA	NA	NA	NA	NA	NA	NA	NA	NA	NA	No	NA	NA	NA	NA	NA	NA	NA	NA	NA	NA	NA	Yes	NA	NA	NA	NA	NA	NA	NA	NA	NA	NA	NA	NA	NA	NA	NA	NA	NA	NA	NA	NA	NA	No	NA	NA
SRR16974468	Pichiales	NA	NA	NA	NA	NA	NA	NA	NA	NA	NA	NA	NA	NA	NA	NA	NA	NA	NA	NA	NA	NA	NA	NA	NA	NA	NA	NA	NA	NA	NA	NA	NA	NA	NA	NA	NA	NA	NA	NA	NA	NA	NA	NA	NA	NA	NA	NA	NA	NA	NA	NA	NA	NA	NA	NA	NA	NA	NA	NA	NA	NA	NA	NA	NA	NA	NA	NA	NA	NA	NA	NA	NA	NA	NA	NA	NA	NA	NA	NA	NA	NA	NA	NA	NA	NA	NA	NA	NA	NA	NA	NA	NA	NA	NA	NA	NA	NA	NA	NA	NA	NA	NA	NA	NA	NA	NA	NA	NA	NA	NA	NA	NA	NA	NA	NA	NA	NA	NA	NA	NA	NA	NA	NA	NA
SRR16974467	Pichiales	NA	NA	NA	NA	NA	NA	NA	NA	NA	NA	NA	NA	NA	NA	NA	NA	NA	NA	NA	NA	NA	NA	NA	NA	NA	NA	NA	NA	NA	NA	NA	NA	NA	NA	NA	NA	NA	NA	NA	NA	NA	NA	NA	NA	NA	NA	NA	NA	NA	NA	NA	NA	NA	NA	NA	NA	NA	NA	NA	NA	NA	NA	NA	NA	NA	NA	NA	NA	NA	NA	NA	NA	NA	NA	NA	NA	NA	NA	NA	NA	NA	NA	NA	NA	NA	NA	NA	NA	NA	NA	NA	NA	NA	NA	NA	NA	NA	NA	NA	NA	NA	NA	NA	NA	NA	NA	NA	NA	NA	NA	NA	NA	NA	NA	NA	NA	NA	NA	NA	NA	NA	NA	NA	NA
SRR16974466	Pichiales	NA	NA	NA	NA	NA	NA	NA	NA	NA	NA	NA	NA	NA	NA	NA	NA	NA	NA	NA	NA	NA	NA	NA	NA	NA	NA	NA	NA	NA	NA	NA	NA	NA	NA	NA	NA	NA	NA	NA	NA	NA	NA	NA	NA	NA	NA	NA	NA	NA	NA	NA	NA	NA	NA	NA	NA	NA	NA	NA	NA	NA	NA	NA	NA	NA	NA	NA	NA	NA	NA	NA	NA	NA	NA	NA	NA	NA	NA	NA	NA	NA	NA	NA	NA	NA	NA	NA	NA	NA	NA	NA	NA	NA	NA	NA	NA	NA	NA	NA	NA	NA	NA	NA	NA	NA	NA	NA	NA	NA	NA	NA	NA	NA	NA	NA	NA	NA	NA	NA	NA	NA	NA	NA	NA
SRR16974465	Pichiales	NA	NA	NA	Yes	NA	NA	NA	NA	NA	NA	NA	NA	NA	NA	NA	Yes	NA	NA	NA	NA	NA	NA	NA	NA	NA	NA	NA	Yes	NA	NA	NA	NA	NA	NA	NA	NA	NA	NA	NA	No	NA	NA	NA	NA	NA	NA	NA	NA	NA	NA	NA	Yes	NA	NA	NA	NA	NA	NA	NA	NA	NA	NA	NA	Yes	NA	NA	NA	NA	NA	NA	NA	NA	NA	NA	NA	Yes	NA	NA	NA	NA	NA	NA	NA	NA	NA	NA	NA	No	NA	NA	NA	NA	NA	NA	NA	NA	NA	NA	NA	Yes	NA	NA	NA	NA	NA	NA	NA	NA	NA	NA	NA	Yes	NA	NA	NA	NA	NA	NA	NA	NA	NA	Yes	NA	NA
SRR16974464	Pichiales	NA	NA	NA	Yes	NA	NA	NA	NA	NA	NA	NA	NA	NA	NA	NA	No	NA	NA	NA	NA	NA	NA	NA	NA	NA	NA	NA	Yes	NA	NA	NA	NA	NA	NA	NA	NA	NA	NA	NA	Yes	NA	NA	NA	NA	NA	NA	NA	NA	NA	NA	NA	No	NA	NA	NA	NA	NA	NA	NA	NA	NA	NA	NA	Yes	NA	NA	NA	NA	NA	NA	NA	NA	NA	NA	NA	No	NA	NA	NA	NA	NA	NA	NA	NA	NA	NA	NA	No	NA	NA	NA	NA	NA	NA	NA	NA	NA	NA	NA	No	NA	NA	NA	NA	NA	NA	NA	NA	NA	NA	NA	No	NA	NA	NA	NA	NA	NA	NA	NA	NA	No	NA	NA
SRR16974463	Pichiales	NA	NA	NA	Yes	NA	NA	NA	NA	NA	NA	NA	NA	NA	NA	NA	Yes	NA	NA	NA	NA	NA	NA	NA	NA	NA	NA	NA	Yes	NA	NA	NA	NA	NA	NA	NA	NA	NA	NA	NA	Yes	NA	NA	NA	NA	NA	NA	NA	NA	NA	NA	NA	Yes	NA	NA	NA	NA	NA	NA	NA	NA	NA	NA	NA	No	NA	NA	NA	NA	NA	NA	NA	NA	NA	NA	NA	No	NA	NA	NA	NA	NA	NA	NA	NA	NA	NA	NA	No	NA	NA	NA	NA	NA	NA	NA	NA	NA	NA	NA	Yes	NA	NA	NA	NA	NA	NA	NA	NA	NA	NA	NA	No	NA	NA	NA	NA	NA	NA	NA	NA	NA	No	NA	NA
SRR16974462	Pichiales	NA	NA	NA	No	NA	NA	NA	NA	NA	NA	NA	NA	NA	NA	NA	No	NA	NA	NA	NA	NA	NA	NA	NA	NA	NA	NA	Yes	NA	NA	NA	NA	NA	NA	NA	NA	NA	NA	NA	Yes	NA	NA	NA	NA	NA	NA	NA	NA	NA	NA	NA	Yes	NA	NA	NA	NA	NA	NA	NA	NA	NA	NA	NA	Yes	NA	NA	NA	NA	NA	NA	NA	NA	NA	NA	NA	No	NA	NA	NA	NA	NA	NA	NA	NA	NA	NA	NA	No	NA	NA	NA	NA	NA	NA	NA	NA	NA	NA	NA	Yes	NA	NA	NA	NA	NA	NA	NA	NA	NA	NA	NA	No	NA	NA	NA	NA	NA	NA	NA	NA	NA	No	NA	NA
SRR16974460	Pichiales	NA	NA	NA	Yes	NA	NA	NA	NA	NA	NA	NA	NA	NA	NA	NA	Yes	NA	NA	NA	NA	NA	NA	NA	NA	NA	NA	NA	Yes	NA	NA	NA	NA	NA	NA	NA	NA	NA	NA	NA	Yes	NA	NA	NA	NA	NA	NA	NA	NA	NA	NA	NA	Yes	NA	NA	NA	NA	NA	NA	NA	NA	NA	NA	NA	Yes	NA	NA	NA	NA	NA	NA	NA	NA	NA	NA	NA	No	NA	NA	NA	NA	NA	NA	NA	NA	NA	NA	NA	No	NA	NA	NA	NA	NA	NA	NA	NA	NA	NA	NA	Yes	NA	NA	NA	NA	NA	NA	NA	NA	NA	NA	NA	No	NA	NA	NA	NA	NA	NA	NA	NA	NA	No	NA	NA
SRR16974459	Alaninales	NA	NA	NA	NA	NA	NA	NA	NA	Yes	NA	NA	NA	NA	NA	NA	NA	NA	NA	NA	NA	Yes	NA	NA	NA	NA	NA	NA	NA	NA	NA	NA	NA	Yes	NA	NA	NA	NA	NA	NA	NA	NA	NA	NA	NA	Yes	NA	NA	NA	NA	NA	NA	NA	NA	NA	NA	NA	Yes	NA	NA	NA	NA	NA	NA	NA	NA	NA	NA	NA	Yes	NA	NA	NA	NA	NA	NA	NA	NA	NA	NA	NA	No	NA	NA	NA	NA	NA	NA	NA	NA	NA	NA	NA	Yes	NA	NA	NA	NA	NA	NA	NA	NA	NA	NA	NA	Yes	NA	NA	NA	NA	NA	NA	NA	NA	NA	NA	NA	Yes	NA	NA	NA	NA	NA	NA	NA
SRR16974458	Alaninales	NA	NA	NA	NA	NA	NA	NA	NA	Yes	NA	NA	NA	NA	NA	NA	NA	NA	NA	NA	NA	Yes	NA	NA	NA	NA	NA	NA	NA	NA	NA	NA	NA	Yes	NA	NA	NA	NA	NA	NA	NA	NA	NA	NA	NA	Yes	NA	NA	NA	NA	NA	NA	NA	NA	NA	NA	NA	Yes	NA	NA	NA	NA	NA	NA	NA	NA	NA	NA	NA	Yes	NA	NA	NA	NA	NA	NA	NA	NA	NA	NA	NA	Yes	NA	NA	NA	NA	NA	NA	NA	NA	NA	NA	NA	Yes	NA	NA	NA	NA	NA	NA	NA	NA	NA	NA	NA	Yes	NA	NA	NA	NA	NA	NA	NA	NA	NA	NA	NA	No	NA	NA	NA	NA	NA	NA	NA
SRR16974457	Alaninales	NA	NA	NA	NA	NA	NA	NA	NA	Yes	NA	NA	NA	NA	NA	NA	NA	NA	NA	NA	NA	Yes	NA	NA	NA	NA	NA	NA	NA	NA	NA	NA	NA	Yes	NA	NA	NA	NA	NA	NA	NA	NA	NA	NA	NA	Yes	NA	NA	NA	NA	NA	NA	NA	NA	NA	NA	NA	NA	NA	NA	NA	NA	NA	NA	NA	NA	NA	NA	NA	NA	NA	NA	NA	NA	NA	NA	NA	NA	NA	NA	NA	Yes	NA	NA	NA	NA	NA	NA	NA	NA	NA	NA	NA	Yes	NA	NA	NA	NA	NA	NA	NA	NA	NA	NA	NA	NA	NA	NA	NA	NA	NA	NA	NA	NA	NA	NA	NA	Yes	NA	NA	NA	NA	NA	NA	NA
SRR16974456	Alaninales	NA	NA	NA	NA	NA	NA	NA	NA	Yes	NA	NA	NA	NA	NA	NA	NA	NA	NA	NA	NA	Yes	NA	NA	NA	NA	NA	NA	NA	NA	NA	NA	NA	Yes	NA	NA	NA	NA	NA	NA	NA	NA	NA	NA	NA	Yes	NA	NA	NA	NA	NA	NA	NA	NA	NA	NA	NA	Yes	NA	NA	NA	NA	NA	NA	NA	NA	NA	NA	NA	Yes	NA	NA	NA	NA	NA	NA	NA	NA	NA	NA	NA	No	NA	NA	NA	NA	NA	NA	NA	NA	NA	NA	NA	Yes	NA	NA	NA	NA	NA	NA	NA	NA	NA	NA	NA	Yes	NA	NA	NA	NA	NA	NA	NA	NA	NA	NA	NA	Yes	NA	NA	NA	NA	NA	NA	NA
SRR16974455	Alaninales	NA	NA	NA	NA	NA	NA	NA	NA	Yes	NA	NA	NA	NA	NA	NA	NA	NA	NA	NA	NA	Yes	NA	NA	NA	NA	NA	NA	NA	NA	NA	NA	NA	Yes	NA	NA	NA	NA	NA	NA	NA	NA	NA	NA	NA	Yes	NA	NA	NA	NA	NA	NA	NA	NA	NA	NA	NA	Yes	NA	NA	NA	NA	NA	NA	NA	NA	NA	NA	NA	Yes	NA	NA	NA	NA	NA	NA	NA	NA	NA	NA	NA	No	NA	NA	NA	NA	NA	NA	NA	NA	NA	NA	NA	Yes	NA	NA	NA	NA	NA	NA	NA	NA	NA	NA	NA	Yes	NA	NA	NA	NA	NA	NA	NA	NA	NA	NA	NA	No	NA	NA	NA	NA	NA	NA	NA
SRR16974454	Alaninales	NA	NA	NA	NA	NA	NA	NA	NA	Yes	NA	NA	NA	NA	NA	NA	NA	NA	NA	NA	NA	Yes	NA	NA	NA	NA	NA	NA	NA	NA	NA	NA	NA	Yes	NA	NA	NA	NA	NA	NA	NA	NA	NA	NA	NA	No	NA	NA	NA	NA	NA	NA	NA	NA	NA	NA	NA	No	NA	NA	NA	NA	NA	NA	NA	NA	NA	NA	NA	Yes	NA	NA	NA	NA	NA	NA	NA	NA	NA	NA	NA	No	NA	NA	NA	NA	NA	NA	NA	NA	NA	NA	NA	Yes	NA	NA	NA	NA	NA	NA	NA	NA	NA	NA	NA	Yes	NA	NA	NA	NA	NA	NA	NA	NA	NA	NA	NA	No	NA	NA	NA	NA	NA	NA	NA
SRR16974453	Alaninales	NA	NA	NA	NA	NA	NA	NA	NA	Yes	NA	NA	NA	NA	NA	NA	NA	NA	NA	NA	NA	Yes	NA	NA	NA	NA	NA	NA	NA	NA	NA	NA	NA	Yes	NA	NA	NA	NA	NA	NA	NA	NA	NA	NA	NA	Yes	NA	NA	NA	NA	NA	NA	NA	NA	NA	NA	NA	No	NA	NA	NA	NA	NA	NA	NA	NA	NA	NA	NA	Yes	NA	NA	NA	NA	NA	NA	NA	NA	NA	NA	NA	Yes	NA	NA	NA	NA	NA	NA	NA	NA	NA	NA	NA	Yes	NA	NA	NA	NA	NA	NA	NA	NA	NA	NA	NA	Yes	NA	NA	NA	NA	NA	NA	NA	NA	NA	NA	NA	Yes	NA	NA	NA	NA	NA	NA	NA
SRR16974452	Pichiales	NA	NA	NA	Yes	NA	NA	NA	NA	NA	NA	NA	NA	NA	NA	NA	Yes	NA	NA	NA	NA	NA	NA	NA	NA	NA	NA	NA	Yes	NA	NA	NA	NA	NA	NA	NA	NA	NA	NA	NA	Yes	NA	NA	NA	NA	NA	NA	NA	NA	NA	NA	NA	Yes	NA	NA	NA	NA	NA	NA	NA	NA	NA	NA	NA	Yes	NA	NA	NA	NA	NA	NA	NA	NA	NA	NA	NA	No	NA	NA	NA	NA	NA	NA	NA	NA	NA	NA	NA	No	NA	NA	NA	NA	NA	NA	NA	NA	NA	NA	NA	Yes	NA	NA	NA	NA	NA	NA	NA	NA	NA	NA	NA	No	NA	NA	NA	NA	NA	NA	NA	NA	NA	No	NA	NA
SRR16974451	Pichiales	NA	NA	NA	No	NA	NA	NA	NA	NA	NA	NA	NA	NA	NA	NA	No	NA	NA	NA	NA	NA	NA	NA	NA	NA	NA	NA	Yes	NA	NA	NA	NA	NA	NA	NA	NA	NA	NA	NA	No	NA	NA	NA	NA	NA	NA	NA	NA	NA	NA	NA	Yes	NA	NA	NA	NA	NA	NA	NA	NA	NA	NA	NA	Yes	NA	NA	NA	NA	NA	NA	NA	NA	NA	NA	NA	Yes	NA	NA	NA	NA	NA	NA	NA	NA	NA	NA	NA	No	NA	NA	NA	NA	NA	NA	NA	NA	NA	NA	NA	Yes	NA	NA	NA	NA	NA	NA	NA	NA	NA	NA	NA	NA	NA	NA	NA	NA	NA	NA	NA	NA	NA	Yes	NA	NA
SRR16974449	Pichiales	NA	NA	NA	No	NA	NA	NA	NA	NA	NA	NA	NA	NA	NA	NA	No	NA	NA	NA	NA	NA	NA	NA	NA	NA	NA	NA	No	NA	NA	NA	NA	NA	NA	NA	NA	NA	NA	NA	No	NA	NA	NA	NA	NA	NA	NA	NA	NA	NA	NA	Yes	NA	NA	NA	NA	NA	NA	NA	NA	NA	NA	NA	Yes	NA	NA	NA	NA	NA	NA	NA	NA	NA	NA	NA	No	NA	NA	NA	NA	NA	NA	NA	NA	NA	NA	NA	No	NA	NA	NA	NA	NA	NA	NA	NA	NA	NA	NA	Yes	NA	NA	NA	NA	NA	NA	NA	NA	NA	NA	NA	NA	NA	NA	NA	NA	NA	NA	NA	NA	NA	No	NA	NA
SRR16974448	Pichiales	NA	NA	NA	No	NA	NA	NA	NA	NA	NA	NA	NA	NA	NA	NA	No	NA	NA	NA	NA	NA	NA	NA	NA	NA	NA	NA	Yes	NA	NA	NA	NA	NA	NA	NA	NA	NA	NA	NA	Yes	NA	NA	NA	NA	NA	NA	NA	NA	NA	NA	NA	Yes	NA	NA	NA	NA	NA	NA	NA	NA	NA	NA	NA	Yes	NA	NA	NA	NA	NA	NA	NA	NA	NA	NA	NA	No	NA	NA	NA	NA	NA	NA	NA	NA	NA	NA	NA	No	NA	NA	NA	NA	NA	NA	NA	NA	NA	NA	NA	Yes	NA	NA	NA	NA	NA	NA	NA	NA	NA	NA	NA	Yes	NA	NA	NA	NA	NA	NA	NA	NA	NA	No	NA	NA
SRR16974447	Alaninales	NA	NA	NA	NA	NA	NA	NA	NA	Yes	NA	NA	NA	NA	NA	NA	NA	NA	NA	NA	NA	Yes	NA	NA	NA	NA	NA	NA	NA	NA	NA	NA	NA	Yes	NA	NA	NA	NA	NA	NA	NA	NA	NA	NA	NA	Yes	NA	NA	NA	NA	NA	NA	NA	NA	NA	NA	NA	Yes	NA	NA	NA	NA	NA	NA	NA	NA	NA	NA	NA	Yes	NA	NA	NA	NA	NA	NA	NA	NA	NA	NA	NA	No	NA	NA	NA	NA	NA	NA	NA	NA	NA	NA	NA	Yes	NA	NA	NA	NA	NA	NA	NA	NA	NA	NA	NA	Yes	NA	NA	NA	NA	NA	NA	NA	NA	NA	NA	NA	No	NA	NA	NA	NA	NA	NA	NA
SRR16974446	Pichiales	NA	NA	NA	Yes	NA	NA	NA	NA	NA	NA	NA	NA	NA	NA	NA	Yes	NA	NA	NA	NA	NA	NA	NA	NA	NA	NA	NA	Yes	NA	NA	NA	NA	NA	NA	NA	NA	NA	NA	NA	Yes	NA	NA	NA	NA	NA	NA	NA	NA	NA	NA	NA	NA	NA	NA	NA	NA	NA	NA	NA	NA	NA	NA	NA	NA	NA	NA	NA	NA	NA	NA	NA	NA	NA	NA	NA	Yes	NA	NA	NA	NA	NA	NA	NA	NA	NA	NA	NA	No	NA	NA	NA	NA	NA	NA	NA	NA	NA	NA	NA	NA	NA	NA	NA	NA	NA	NA	NA	NA	NA	NA	NA	Yes	NA	NA	NA	NA	NA	NA	NA	NA	NA	NA	NA	NA
SRR16974445	Pichiales	NA	NA	NA	Yes	NA	NA	NA	NA	NA	NA	NA	NA	NA	NA	NA	No	NA	NA	NA	NA	NA	NA	NA	NA	NA	NA	NA	Yes	NA	NA	NA	NA	NA	NA	NA	NA	NA	NA	NA	Yes	NA	NA	NA	NA	NA	NA	NA	NA	NA	NA	NA	Yes	NA	NA	NA	NA	NA	NA	NA	NA	NA	NA	NA	Yes	NA	NA	NA	NA	NA	NA	NA	NA	NA	NA	NA	Yes	NA	NA	NA	NA	NA	NA	NA	NA	NA	NA	NA	No	NA	NA	NA	NA	NA	NA	NA	NA	NA	NA	NA	Yes	NA	NA	NA	NA	NA	NA	NA	NA	NA	NA	NA	Yes	NA	NA	NA	NA	NA	NA	NA	NA	NA	NA	NA	NA
SRR16974444	Pichiales	NA	NA	NA	NA	NA	NA	NA	NA	NA	NA	NA	NA	NA	NA	NA	NA	NA	NA	NA	NA	NA	NA	NA	NA	NA	NA	NA	NA	NA	NA	NA	NA	NA	NA	NA	NA	NA	NA	NA	NA	NA	NA	NA	NA	NA	NA	NA	NA	NA	NA	NA	NA	NA	NA	NA	NA	NA	NA	NA	NA	NA	NA	NA	NA	NA	NA	NA	NA	NA	NA	NA	NA	NA	NA	NA	NA	NA	NA	NA	NA	NA	NA	NA	NA	NA	NA	NA	NA	NA	NA	NA	NA	NA	NA	NA	NA	NA	NA	NA	NA	NA	NA	NA	NA	NA	NA	NA	NA	NA	NA	NA	NA	NA	NA	NA	NA	NA	NA	NA	NA	NA	NA	NA	NA
SRR16974443	Pichiales	NA	NA	NA	Yes	NA	NA	NA	NA	NA	NA	NA	NA	NA	NA	NA	Yes	NA	NA	NA	NA	NA	NA	NA	NA	NA	NA	NA	Yes	NA	NA	NA	NA	NA	NA	NA	NA	NA	NA	NA	No	NA	NA	NA	NA	NA	NA	NA	NA	NA	NA	NA	Yes	NA	NA	NA	NA	NA	NA	NA	NA	NA	NA	NA	No	NA	NA	NA	NA	NA	NA	NA	NA	NA	NA	NA	No	NA	NA	NA	NA	NA	NA	NA	NA	NA	NA	NA	No	NA	NA	NA	NA	NA	NA	NA	NA	NA	NA	NA	Yes	NA	NA	NA	NA	NA	NA	NA	NA	NA	NA	NA	No	NA	NA	NA	NA	NA	NA	NA	NA	NA	NA	NA	NA
SRR16974442	Pichiales	NA	NA	NA	No	NA	NA	NA	NA	NA	NA	NA	NA	NA	NA	NA	No	NA	NA	NA	NA	NA	NA	NA	NA	NA	NA	NA	No	NA	NA	NA	NA	NA	NA	NA	NA	NA	NA	NA	Yes	NA	NA	NA	NA	NA	NA	NA	NA	NA	NA	NA	Yes	NA	NA	NA	NA	NA	NA	NA	NA	NA	NA	NA	Yes	NA	NA	NA	NA	NA	NA	NA	NA	NA	NA	NA	Yes	NA	NA	NA	NA	NA	NA	NA	NA	NA	NA	NA	Yes	NA	NA	NA	NA	NA	NA	NA	NA	NA	NA	NA	Yes	NA	NA	NA	NA	NA	NA	NA	NA	NA	NA	NA	No	NA	NA	NA	NA	NA	NA	NA	NA	NA	No	NA	NA
SRR16974441	Pichiales	NA	NA	NA	No	NA	NA	NA	NA	NA	NA	NA	NA	NA	NA	NA	No	NA	NA	NA	NA	NA	NA	NA	NA	NA	NA	NA	Yes	NA	NA	NA	NA	NA	NA	NA	NA	NA	NA	NA	Yes	NA	NA	NA	NA	NA	NA	NA	NA	NA	NA	NA	Yes	NA	NA	NA	NA	NA	NA	NA	NA	NA	NA	NA	Yes	NA	NA	NA	NA	NA	NA	NA	NA	NA	NA	NA	Yes	NA	NA	NA	NA	NA	NA	NA	NA	NA	NA	NA	Yes	NA	NA	NA	NA	NA	NA	NA	NA	NA	NA	NA	Yes	NA	NA	NA	NA	NA	NA	NA	NA	NA	NA	NA	No	NA	NA	NA	NA	NA	NA	NA	NA	NA	Yes	NA	NA
SRR16974440	Pichiales	NA	NA	NA	Yes	NA	NA	NA	NA	NA	NA	NA	NA	NA	NA	NA	Yes	NA	NA	NA	NA	NA	NA	NA	NA	NA	NA	NA	Yes	NA	NA	NA	NA	NA	NA	NA	NA	NA	NA	NA	Yes	NA	NA	NA	NA	NA	NA	NA	NA	NA	NA	NA	NA	NA	NA	NA	NA	NA	NA	NA	NA	NA	NA	NA	Yes	NA	NA	NA	NA	NA	NA	NA	NA	NA	NA	NA	No	NA	NA	NA	NA	NA	NA	NA	NA	NA	NA	NA	No	NA	NA	NA	NA	NA	NA	NA	NA	NA	NA	NA	No	NA	NA	NA	NA	NA	NA	NA	NA	NA	NA	NA	Yes	NA	NA	NA	NA	NA	NA	NA	NA	NA	No	NA	NA
SRR16974438	Pichiales	NA	NA	NA	No	NA	NA	NA	NA	NA	NA	NA	NA	NA	NA	NA	No	NA	NA	NA	NA	NA	NA	NA	NA	NA	NA	NA	No	NA	NA	NA	NA	NA	NA	NA	NA	NA	NA	NA	Yes	NA	NA	NA	NA	NA	NA	NA	NA	NA	NA	NA	NA	NA	NA	NA	NA	NA	NA	NA	NA	NA	NA	NA	NA	NA	NA	NA	NA	NA	NA	NA	NA	NA	NA	NA	Yes	NA	NA	NA	NA	NA	NA	NA	NA	NA	NA	NA	No	NA	NA	NA	NA	NA	NA	NA	NA	NA	NA	NA	NA	NA	NA	NA	NA	NA	NA	NA	NA	NA	NA	NA	Yes	NA	NA	NA	NA	NA	NA	NA	NA	NA	NA	NA	NA
SRR16974437	Pichiales	NA	NA	NA	No	NA	NA	NA	NA	NA	NA	NA	NA	NA	NA	NA	No	NA	NA	NA	NA	NA	NA	NA	NA	NA	NA	NA	No	NA	NA	NA	NA	NA	NA	NA	NA	NA	NA	NA	Yes	NA	NA	NA	NA	NA	NA	NA	NA	NA	NA	NA	No	NA	NA	NA	NA	NA	NA	NA	NA	NA	NA	NA	NA	NA	NA	NA	NA	NA	NA	NA	NA	NA	NA	NA	NA	NA	NA	NA	NA	NA	NA	NA	NA	NA	NA	NA	NA	NA	NA	NA	NA	NA	NA	NA	NA	NA	NA	NA	NA	NA	NA	NA	NA	NA	NA	NA	NA	NA	NA	NA	NA	NA	NA	NA	NA	NA	NA	NA	NA	NA	No	NA	NA
SRR16974436	Pichiales	NA	NA	NA	No	NA	NA	NA	NA	NA	NA	NA	NA	NA	NA	NA	No	NA	NA	NA	NA	NA	NA	NA	NA	NA	NA	NA	No	NA	NA	NA	NA	NA	NA	NA	NA	NA	NA	NA	Yes	NA	NA	NA	NA	NA	NA	NA	NA	NA	NA	NA	No	NA	NA	NA	NA	NA	NA	NA	NA	NA	NA	NA	No	NA	NA	NA	NA	NA	NA	NA	NA	NA	NA	NA	Yes	NA	NA	NA	NA	NA	NA	NA	NA	NA	NA	NA	No	NA	NA	NA	NA	NA	NA	NA	NA	NA	NA	NA	Yes	NA	NA	NA	NA	NA	NA	NA	NA	NA	NA	NA	Yes	NA	NA	NA	NA	NA	NA	NA	NA	NA	No	NA	NA
SRR16974435	Pichiales	NA	NA	NA	Yes	NA	NA	NA	NA	NA	NA	NA	NA	NA	NA	NA	Yes	NA	NA	NA	NA	NA	NA	NA	NA	NA	NA	NA	Yes	NA	NA	NA	NA	NA	NA	NA	NA	NA	NA	NA	Yes	NA	NA	NA	NA	NA	NA	NA	NA	NA	NA	NA	Yes	NA	NA	NA	NA	NA	NA	NA	NA	NA	NA	NA	Yes	NA	NA	NA	NA	NA	NA	NA	NA	NA	NA	NA	Yes	NA	NA	NA	NA	NA	NA	NA	NA	NA	NA	NA	Yes	NA	NA	NA	NA	NA	NA	NA	NA	NA	NA	NA	Yes	NA	NA	NA	NA	NA	NA	NA	NA	NA	NA	NA	No	NA	NA	NA	NA	NA	NA	NA	NA	NA	No	NA	NA
SRR16974434	Pichiales	NA	NA	NA	Yes	NA	NA	NA	NA	NA	NA	NA	NA	NA	NA	NA	Yes	NA	NA	NA	NA	NA	NA	NA	NA	NA	NA	NA	Yes	NA	NA	NA	NA	NA	NA	NA	NA	NA	NA	NA	Yes	NA	NA	NA	NA	NA	NA	NA	NA	NA	NA	NA	Yes	NA	NA	NA	NA	NA	NA	NA	NA	NA	NA	NA	Yes	NA	NA	NA	NA	NA	NA	NA	NA	NA	NA	NA	Yes	NA	NA	NA	NA	NA	NA	NA	NA	NA	NA	NA	Yes	NA	NA	NA	NA	NA	NA	NA	NA	NA	NA	NA	Yes	NA	NA	NA	NA	NA	NA	NA	NA	NA	NA	NA	No	NA	NA	NA	NA	NA	NA	NA	NA	NA	NA	NA	NA
SRR16974433	Pichiales	NA	NA	NA	Yes	NA	NA	NA	NA	NA	NA	NA	NA	NA	NA	NA	Yes	NA	NA	NA	NA	NA	NA	NA	NA	NA	NA	NA	Yes	NA	NA	NA	NA	NA	NA	NA	NA	NA	NA	NA	Yes	NA	NA	NA	NA	NA	NA	NA	NA	NA	NA	NA	Yes	NA	NA	NA	NA	NA	NA	NA	NA	NA	NA	NA	Yes	NA	NA	NA	NA	NA	NA	NA	NA	NA	NA	NA	Yes	NA	NA	NA	NA	NA	NA	NA	NA	NA	NA	NA	Yes	NA	NA	NA	NA	NA	NA	NA	NA	NA	NA	NA	Yes	NA	NA	NA	NA	NA	NA	NA	NA	NA	NA	NA	No	NA	NA	NA	NA	NA	NA	NA	NA	NA	Yes	NA	NA
SRR16974432	Pichiales	NA	NA	NA	Yes	NA	NA	NA	NA	NA	NA	NA	NA	NA	NA	NA	Yes	NA	NA	NA	NA	NA	NA	NA	NA	NA	NA	NA	Yes	NA	NA	NA	NA	NA	NA	NA	NA	NA	NA	NA	Yes	NA	NA	NA	NA	NA	NA	NA	NA	NA	NA	NA	Yes	NA	NA	NA	NA	NA	NA	NA	NA	NA	NA	NA	Yes	NA	NA	NA	NA	NA	NA	NA	NA	NA	NA	NA	Yes	NA	NA	NA	NA	NA	NA	NA	NA	NA	NA	NA	Yes	NA	NA	NA	NA	NA	NA	NA	NA	NA	NA	NA	Yes	NA	NA	NA	NA	NA	NA	NA	NA	NA	NA	NA	No	NA	NA	NA	NA	NA	NA	NA	NA	NA	No	NA	NA
SRR16974431	Pichiales	NA	NA	NA	Yes	NA	NA	NA	NA	NA	NA	NA	NA	NA	NA	NA	Yes	NA	NA	NA	NA	NA	NA	NA	NA	NA	NA	NA	Yes	NA	NA	NA	NA	NA	NA	NA	NA	NA	NA	NA	Yes	NA	NA	NA	NA	NA	NA	NA	NA	NA	NA	NA	Yes	NA	NA	NA	NA	NA	NA	NA	NA	NA	NA	NA	Yes	NA	NA	NA	NA	NA	NA	NA	NA	NA	NA	NA	Yes	NA	NA	NA	NA	NA	NA	NA	NA	NA	NA	NA	Yes	NA	NA	NA	NA	NA	NA	NA	NA	NA	NA	NA	Yes	NA	NA	NA	NA	NA	NA	NA	NA	NA	NA	NA	No	NA	NA	NA	NA	NA	NA	NA	NA	NA	NA	NA	NA
SRR16974430	Pichiales	NA	NA	NA	No	NA	NA	NA	NA	NA	NA	NA	NA	NA	NA	NA	No	NA	NA	NA	NA	NA	NA	NA	NA	NA	NA	NA	No	NA	NA	NA	NA	NA	NA	NA	NA	NA	NA	NA	Yes	NA	NA	NA	NA	NA	NA	NA	NA	NA	NA	NA	NA	NA	NA	NA	NA	NA	NA	NA	NA	NA	NA	NA	NA	NA	NA	NA	NA	NA	NA	NA	NA	NA	NA	NA	No	NA	NA	NA	NA	NA	NA	NA	NA	NA	NA	NA	Yes	NA	NA	NA	NA	NA	NA	NA	NA	NA	NA	NA	NA	NA	NA	NA	NA	NA	NA	NA	NA	NA	NA	NA	No	NA	NA	NA	NA	NA	NA	NA	NA	NA	NA	NA	NA
SRR16974429	Pichiales	NA	NA	NA	No	NA	NA	NA	NA	NA	NA	NA	NA	NA	NA	NA	No	NA	NA	NA	NA	NA	NA	NA	NA	NA	NA	NA	No	NA	NA	NA	NA	NA	NA	NA	NA	NA	NA	NA	Yes	NA	NA	NA	NA	NA	NA	NA	NA	NA	NA	NA	No	NA	NA	NA	NA	NA	NA	NA	NA	NA	NA	NA	No	NA	NA	NA	NA	NA	NA	NA	NA	NA	NA	NA	Yes	NA	NA	NA	NA	NA	NA	NA	NA	NA	NA	NA	No	NA	NA	NA	NA	NA	NA	NA	NA	NA	NA	NA	Yes	NA	NA	NA	NA	NA	NA	NA	NA	NA	NA	NA	Yes	NA	NA	NA	NA	NA	NA	NA	NA	NA	No	NA	NA
SRR16974427	Phaffomycetales	NA	NA	NA	NA	NA	Yes	NA	NA	NA	NA	NA	NA	NA	NA	NA	NA	NA	Yes	NA	NA	NA	NA	NA	NA	NA	NA	NA	NA	NA	No	NA	NA	NA	NA	NA	NA	NA	NA	NA	NA	NA	No	NA	NA	NA	NA	NA	NA	NA	NA	NA	NA	NA	No	NA	NA	NA	NA	NA	NA	NA	NA	NA	NA	NA	Yes	NA	NA	NA	NA	NA	NA	NA	NA	NA	NA	NA	Yes	NA	NA	NA	NA	NA	NA	NA	NA	NA	NA	NA	Yes	NA	NA	NA	NA	NA	NA	NA	NA	NA	NA	NA	No	NA	NA	NA	NA	NA	NA	NA	NA	NA	NA	NA	No	NA	NA	NA	NA	NA	NA	NA	NA	Yes	NA
SRR16974426	Saccharomycodales	NA	NA	NA	NA	NA	NA	NA	Yes	NA	NA	NA	NA	NA	NA	NA	NA	NA	NA	NA	Yes	NA	NA	NA	NA	NA	NA	NA	NA	NA	NA	NA	No	NA	NA	NA	NA	NA	NA	NA	NA	NA	NA	NA	No	NA	NA	NA	NA	NA	NA	NA	NA	NA	NA	NA	No	NA	NA	NA	NA	NA	NA	NA	NA	NA	NA	NA	Yes	NA	NA	NA	NA	NA	NA	NA	NA	NA	NA	NA	No	NA	NA	NA	NA	NA	NA	NA	NA	NA	NA	NA	No	NA	NA	NA	NA	NA	NA	NA	NA	NA	NA	NA	Yes	NA	NA	NA	NA	NA	NA	NA	NA	NA	NA	NA	No	NA	NA	NA	NA	NA	NA	NA	NA
SRR16974425	Saccharomycodales	NA	NA	NA	NA	NA	NA	NA	Yes	NA	NA	NA	NA	NA	NA	NA	NA	NA	NA	NA	Yes	NA	NA	NA	NA	NA	NA	NA	NA	NA	NA	NA	No	NA	NA	NA	NA	NA	NA	NA	NA	NA	NA	NA	No	NA	NA	NA	NA	NA	NA	NA	NA	NA	NA	NA	No	NA	NA	NA	NA	NA	NA	NA	NA	NA	NA	NA	Yes	NA	NA	NA	NA	NA	NA	NA	NA	NA	NA	NA	No	NA	NA	NA	NA	NA	NA	NA	NA	NA	NA	NA	No	NA	NA	NA	NA	NA	NA	NA	NA	NA	NA	NA	Yes	NA	NA	NA	NA	NA	NA	NA	NA	NA	NA	NA	No	NA	NA	NA	NA	NA	NA	NA	NA
SRR16974424	Saccharomycodales	NA	NA	NA	NA	NA	NA	NA	Yes	NA	NA	NA	NA	NA	NA	NA	NA	NA	NA	NA	Yes	NA	NA	NA	NA	NA	NA	NA	NA	NA	NA	NA	No	NA	NA	NA	NA	NA	NA	NA	NA	NA	NA	NA	Yes	NA	NA	NA	NA	NA	NA	NA	NA	NA	NA	NA	No	NA	NA	NA	NA	NA	NA	NA	NA	NA	NA	NA	Yes	NA	NA	NA	NA	NA	NA	NA	NA	NA	NA	NA	No	NA	NA	NA	NA	NA	NA	NA	NA	NA	NA	NA	No	NA	NA	NA	NA	NA	NA	NA	NA	NA	NA	NA	No	NA	NA	NA	NA	NA	NA	NA	NA	NA	NA	NA	No	NA	NA	NA	NA	NA	NA	NA	NA
SRR16974423	Saccharomycodales	NA	NA	NA	NA	NA	NA	NA	Yes	NA	NA	NA	NA	NA	NA	NA	NA	NA	NA	NA	Yes	NA	NA	NA	NA	NA	NA	NA	NA	NA	NA	NA	NA	NA	NA	NA	NA	NA	NA	NA	NA	NA	NA	NA	NA	NA	NA	NA	NA	NA	NA	NA	NA	NA	NA	NA	NA	NA	NA	NA	NA	NA	NA	NA	NA	NA	NA	NA	Yes	NA	NA	NA	NA	NA	NA	NA	NA	NA	NA	NA	NA	NA	NA	NA	NA	NA	NA	NA	NA	NA	NA	NA	NA	NA	NA	NA	NA	NA	NA	NA	NA	NA	NA	NA	NA	NA	NA	NA	NA	NA	NA	NA	NA	NA	NA	NA	Yes	NA	NA	NA	NA	NA	NA	NA	NA
SRR16974422	Saccharomycodales	NA	NA	NA	NA	NA	NA	NA	Yes	NA	NA	NA	NA	NA	NA	NA	NA	NA	NA	NA	Yes	NA	NA	NA	NA	NA	NA	NA	NA	NA	NA	NA	No	NA	NA	NA	NA	NA	NA	NA	NA	NA	NA	NA	No	NA	NA	NA	NA	NA	NA	NA	NA	NA	NA	NA	No	NA	NA	NA	NA	NA	NA	NA	NA	NA	NA	NA	Yes	NA	NA	NA	NA	NA	NA	NA	NA	NA	NA	NA	No	NA	NA	NA	NA	NA	NA	NA	NA	NA	NA	NA	No	NA	NA	NA	NA	NA	NA	NA	NA	NA	NA	NA	No	NA	NA	NA	NA	NA	NA	NA	NA	NA	NA	NA	No	NA	NA	NA	NA	NA	NA	NA	NA
SRR16974421	Saccharomycodales	NA	NA	NA	NA	NA	NA	NA	Yes	NA	NA	NA	NA	NA	NA	NA	NA	NA	NA	NA	Yes	NA	NA	NA	NA	NA	NA	NA	NA	NA	NA	NA	NA	NA	NA	NA	NA	NA	NA	NA	NA	NA	NA	NA	NA	NA	NA	NA	NA	NA	NA	NA	NA	NA	NA	NA	NA	NA	NA	NA	NA	NA	NA	NA	NA	NA	NA	NA	Yes	NA	NA	NA	NA	NA	NA	NA	NA	NA	NA	NA	NA	NA	NA	NA	NA	NA	NA	NA	NA	NA	NA	NA	NA	NA	NA	NA	NA	NA	NA	NA	NA	NA	NA	NA	NA	NA	NA	NA	NA	NA	NA	NA	NA	NA	NA	NA	No	NA	NA	NA	NA	NA	NA	NA	NA
SRR16974420	Saccharomycodales	NA	NA	NA	NA	NA	NA	NA	Yes	NA	NA	NA	NA	NA	NA	NA	NA	NA	NA	NA	Yes	NA	NA	NA	NA	NA	NA	NA	NA	NA	NA	NA	No	NA	NA	NA	NA	NA	NA	NA	NA	NA	NA	NA	No	NA	NA	NA	NA	NA	NA	NA	NA	NA	NA	NA	No	NA	NA	NA	NA	NA	NA	NA	NA	NA	NA	NA	Yes	NA	NA	NA	NA	NA	NA	NA	NA	NA	NA	NA	No	NA	NA	NA	NA	NA	NA	NA	NA	NA	NA	NA	No	NA	NA	NA	NA	NA	NA	NA	NA	NA	NA	NA	Yes	NA	NA	NA	NA	NA	NA	NA	NA	NA	NA	NA	Yes	NA	NA	NA	NA	NA	NA	NA	NA
SRR16974419	Saccharomycodales	NA	NA	NA	NA	NA	NA	NA	Yes	NA	NA	NA	NA	NA	NA	NA	NA	NA	NA	NA	Yes	NA	NA	NA	NA	NA	NA	NA	NA	NA	NA	NA	No	NA	NA	NA	NA	NA	NA	NA	NA	NA	NA	NA	No	NA	NA	NA	NA	NA	NA	NA	NA	NA	NA	NA	No	NA	NA	NA	NA	NA	NA	NA	NA	NA	NA	NA	Yes	NA	NA	NA	NA	NA	NA	NA	NA	NA	NA	NA	No	NA	NA	NA	NA	NA	NA	NA	NA	NA	NA	NA	No	NA	NA	NA	NA	NA	NA	NA	NA	NA	NA	NA	Yes	NA	NA	NA	NA	NA	NA	NA	NA	NA	NA	NA	Yes	NA	NA	NA	NA	NA	NA	NA	NA
SRR16974418	Saccharomycodales	NA	NA	NA	NA	NA	NA	NA	Yes	NA	NA	NA	NA	NA	NA	NA	NA	NA	NA	NA	Yes	NA	NA	NA	NA	NA	NA	NA	NA	NA	NA	NA	No	NA	NA	NA	NA	NA	NA	NA	NA	NA	NA	NA	No	NA	NA	NA	NA	NA	NA	NA	NA	NA	NA	NA	No	NA	NA	NA	NA	NA	NA	NA	NA	NA	NA	NA	No	NA	NA	NA	NA	NA	NA	NA	NA	NA	NA	NA	No	NA	NA	NA	NA	NA	NA	NA	NA	NA	NA	NA	No	NA	NA	NA	NA	NA	NA	NA	NA	NA	NA	NA	Yes	NA	NA	NA	NA	NA	NA	NA	NA	NA	NA	NA	No	NA	NA	NA	NA	NA	NA	NA	NA
SRR16974416	Pichiales	NA	NA	NA	Yes	NA	NA	NA	NA	NA	NA	NA	NA	NA	NA	NA	Yes	NA	NA	NA	NA	NA	NA	NA	NA	NA	NA	NA	No	NA	NA	NA	NA	NA	NA	NA	NA	NA	NA	NA	Yes	NA	NA	NA	NA	NA	NA	NA	NA	NA	NA	NA	Yes	NA	NA	NA	NA	NA	NA	NA	NA	NA	NA	NA	No	NA	NA	NA	NA	NA	NA	NA	NA	NA	NA	NA	Yes	NA	NA	NA	NA	NA	NA	NA	NA	NA	NA	NA	No	NA	NA	NA	NA	NA	NA	NA	NA	NA	NA	NA	Yes	NA	NA	NA	NA	NA	NA	NA	NA	NA	NA	NA	No	NA	NA	NA	NA	NA	NA	NA	NA	NA	No	NA	NA
SRR16974415	Phaffomycetales	NA	NA	NA	NA	NA	Yes	NA	NA	NA	NA	NA	NA	NA	NA	NA	NA	NA	Yes	NA	NA	NA	NA	NA	NA	NA	NA	NA	NA	NA	No	NA	NA	NA	NA	NA	NA	NA	NA	NA	NA	NA	No	NA	NA	NA	NA	NA	NA	NA	NA	NA	NA	NA	Yes	NA	NA	NA	NA	NA	NA	NA	NA	NA	NA	NA	Yes	NA	NA	NA	NA	NA	NA	NA	NA	NA	NA	NA	Yes	NA	NA	NA	NA	NA	NA	NA	NA	NA	NA	NA	No	NA	NA	NA	NA	NA	NA	NA	NA	NA	NA	NA	No	NA	NA	NA	NA	NA	NA	NA	NA	NA	NA	NA	Yes	NA	NA	NA	NA	NA	NA	NA	NA	No	NA
SRR16974414	Phaffomycetales	NA	NA	NA	NA	NA	Yes	NA	NA	NA	NA	NA	NA	NA	NA	NA	NA	NA	Yes	NA	NA	NA	NA	NA	NA	NA	NA	NA	NA	NA	No	NA	NA	NA	NA	NA	NA	NA	NA	NA	NA	NA	Yes	NA	NA	NA	NA	NA	NA	NA	NA	NA	NA	NA	Yes	NA	NA	NA	NA	NA	NA	NA	NA	NA	NA	NA	Yes	NA	NA	NA	NA	NA	NA	NA	NA	NA	NA	NA	Yes	NA	NA	NA	NA	NA	NA	NA	NA	NA	NA	NA	Yes	NA	NA	NA	NA	NA	NA	NA	NA	NA	NA	NA	No	NA	NA	NA	NA	NA	NA	NA	NA	NA	NA	NA	Yes	NA	NA	NA	NA	NA	NA	NA	NA	NA	NA
SRR16974413	Phaffomycetales	NA	NA	NA	NA	NA	Yes	NA	NA	NA	NA	NA	NA	NA	NA	NA	NA	NA	Yes	NA	NA	NA	NA	NA	NA	NA	NA	NA	NA	NA	No	NA	NA	NA	NA	NA	NA	NA	NA	NA	NA	NA	Yes	NA	NA	NA	NA	NA	NA	NA	NA	NA	NA	NA	Yes	NA	NA	NA	NA	NA	NA	NA	NA	NA	NA	NA	Yes	NA	NA	NA	NA	NA	NA	NA	NA	NA	NA	NA	Yes	NA	NA	NA	NA	NA	NA	NA	NA	NA	NA	NA	Yes	NA	NA	NA	NA	NA	NA	NA	NA	NA	NA	NA	No	NA	NA	NA	NA	NA	NA	NA	NA	NA	NA	NA	No	NA	NA	NA	NA	NA	NA	NA	NA	Yes	NA
SRR16974412	Phaffomycetales	NA	NA	NA	NA	NA	NA	NA	NA	NA	NA	NA	NA	NA	NA	NA	NA	NA	NA	NA	NA	NA	NA	NA	NA	NA	NA	NA	NA	NA	NA	NA	NA	NA	NA	NA	NA	NA	NA	NA	NA	NA	NA	NA	NA	NA	NA	NA	NA	NA	NA	NA	NA	NA	NA	NA	NA	NA	NA	NA	NA	NA	NA	NA	NA	NA	NA	NA	NA	NA	NA	NA	NA	NA	NA	NA	NA	NA	NA	NA	NA	NA	NA	NA	NA	NA	NA	NA	NA	NA	NA	NA	NA	NA	NA	NA	NA	NA	NA	NA	NA	NA	NA	NA	NA	NA	NA	NA	NA	NA	NA	NA	NA	NA	NA	NA	NA	NA	NA	NA	NA	NA	NA	NA	NA
SRR16974411	Phaffomycetales	NA	NA	NA	NA	NA	NA	NA	NA	NA	NA	NA	NA	NA	NA	NA	NA	NA	NA	NA	NA	NA	NA	NA	NA	NA	NA	NA	NA	NA	NA	NA	NA	NA	NA	NA	NA	NA	NA	NA	NA	NA	NA	NA	NA	NA	NA	NA	NA	NA	NA	NA	NA	NA	NA	NA	NA	NA	NA	NA	NA	NA	NA	NA	NA	NA	NA	NA	NA	NA	NA	NA	NA	NA	NA	NA	NA	NA	NA	NA	NA	NA	NA	NA	NA	NA	NA	NA	NA	NA	NA	NA	NA	NA	NA	NA	NA	NA	NA	NA	NA	NA	NA	NA	NA	NA	NA	NA	NA	NA	NA	NA	NA	NA	NA	NA	NA	NA	NA	NA	NA	NA	NA	NA	NA
SRR16974410	Phaffomycetales	NA	NA	NA	NA	NA	NA	NA	NA	NA	NA	NA	NA	NA	NA	NA	NA	NA	NA	NA	NA	NA	NA	NA	NA	NA	NA	NA	NA	NA	NA	NA	NA	NA	NA	NA	NA	NA	NA	NA	NA	NA	NA	NA	NA	NA	NA	NA	NA	NA	NA	NA	NA	NA	NA	NA	NA	NA	NA	NA	NA	NA	NA	NA	NA	NA	NA	NA	NA	NA	NA	NA	NA	NA	NA	NA	NA	NA	NA	NA	NA	NA	NA	NA	NA	NA	NA	NA	NA	NA	NA	NA	NA	NA	NA	NA	NA	NA	NA	NA	NA	NA	NA	NA	NA	NA	NA	NA	NA	NA	NA	NA	NA	NA	NA	NA	NA	NA	NA	NA	NA	NA	NA	NA	NA
SRR16974409	Serinales	NA	NA	Yes	NA	NA	NA	NA	NA	NA	NA	NA	NA	NA	NA	Yes	NA	NA	NA	NA	NA	NA	NA	NA	NA	NA	NA	Yes	NA	NA	NA	NA	NA	NA	NA	NA	NA	NA	NA	Yes	NA	NA	NA	NA	NA	NA	NA	NA	NA	NA	NA	Yes	NA	NA	NA	NA	NA	NA	NA	NA	NA	NA	NA	Yes	NA	NA	NA	NA	NA	NA	NA	NA	NA	NA	NA	No	NA	NA	NA	NA	NA	NA	NA	NA	NA	NA	NA	Yes	NA	NA	NA	NA	NA	NA	NA	NA	NA	NA	NA	Yes	NA	NA	NA	NA	NA	NA	NA	NA	NA	NA	NA	No	NA	NA	NA	NA	NA	NA	NA	NA	NA	No	NA	NA	NA
SRR16974408	Dipodascales	NA	NA	NA	NA	NA	NA	NA	NA	NA	NA	NA	NA	NA	NA	NA	NA	NA	NA	NA	NA	NA	NA	NA	NA	NA	NA	NA	NA	NA	NA	NA	NA	NA	NA	NA	NA	NA	NA	NA	NA	NA	NA	NA	NA	NA	NA	NA	NA	NA	NA	NA	NA	NA	NA	NA	NA	NA	NA	NA	NA	NA	NA	NA	NA	NA	NA	NA	NA	NA	NA	NA	NA	NA	NA	NA	NA	NA	NA	NA	NA	NA	NA	NA	NA	NA	NA	NA	NA	NA	NA	NA	NA	NA	NA	NA	NA	NA	NA	NA	NA	NA	NA	NA	NA	NA	NA	NA	NA	NA	NA	NA	NA	NA	NA	NA	NA	NA	NA	NA	NA	NA	NA	NA	NA
SRR16974407	Pichiales	NA	NA	NA	No	NA	NA	NA	NA	NA	NA	NA	NA	NA	NA	NA	No	NA	NA	NA	NA	NA	NA	NA	NA	NA	NA	NA	No	NA	NA	NA	NA	NA	NA	NA	NA	NA	NA	NA	Yes	NA	NA	NA	NA	NA	NA	NA	NA	NA	NA	NA	No	NA	NA	NA	NA	NA	NA	NA	NA	NA	NA	NA	Yes	NA	NA	NA	NA	NA	NA	NA	NA	NA	NA	NA	No	NA	NA	NA	NA	NA	NA	NA	NA	NA	NA	NA	No	NA	NA	NA	NA	NA	NA	NA	NA	NA	NA	NA	Yes	NA	NA	NA	NA	NA	NA	NA	NA	NA	NA	NA	No	NA	NA	NA	NA	NA	NA	NA	NA	NA	No	NA	NA
SRR16974405	Pichiales	NA	NA	NA	Yes	NA	NA	NA	NA	NA	NA	NA	NA	NA	NA	NA	Yes	NA	NA	NA	NA	NA	NA	NA	NA	NA	NA	NA	No	NA	NA	NA	NA	NA	NA	NA	NA	NA	NA	NA	Yes	NA	NA	NA	NA	NA	NA	NA	NA	NA	NA	NA	No	NA	NA	NA	NA	NA	NA	NA	NA	NA	NA	NA	Yes	NA	NA	NA	NA	NA	NA	NA	NA	NA	NA	NA	No	NA	NA	NA	NA	NA	NA	NA	NA	NA	NA	NA	No	NA	NA	NA	NA	NA	NA	NA	NA	NA	NA	NA	Yes	NA	NA	NA	NA	NA	NA	NA	NA	NA	NA	NA	Yes	NA	NA	NA	NA	NA	NA	NA	NA	NA	Yes	NA	NA
SRR16974404	Phaffomycetales	NA	NA	NA	NA	NA	Yes	NA	NA	NA	NA	NA	NA	NA	NA	NA	NA	NA	Yes	NA	NA	NA	NA	NA	NA	NA	NA	NA	NA	NA	No	NA	NA	NA	NA	NA	NA	NA	NA	NA	NA	NA	No	NA	NA	NA	NA	NA	NA	NA	NA	NA	NA	NA	No	NA	NA	NA	NA	NA	NA	NA	NA	NA	NA	NA	Yes	NA	NA	NA	NA	NA	NA	NA	NA	NA	NA	NA	Yes	NA	NA	NA	NA	NA	NA	NA	NA	NA	NA	NA	No	NA	NA	NA	NA	NA	NA	NA	NA	NA	NA	NA	No	NA	NA	NA	NA	NA	NA	NA	NA	NA	NA	NA	NA	NA	NA	NA	NA	NA	NA	NA	NA	Yes	NA
SRR16974403	Phaffomycetales	NA	NA	NA	NA	NA	Yes	NA	NA	NA	NA	NA	NA	NA	NA	NA	NA	NA	Yes	NA	NA	NA	NA	NA	NA	NA	NA	NA	NA	NA	Yes	NA	NA	NA	NA	NA	NA	NA	NA	NA	NA	NA	No	NA	NA	NA	NA	NA	NA	NA	NA	NA	NA	NA	Yes	NA	NA	NA	NA	NA	NA	NA	NA	NA	NA	NA	Yes	NA	NA	NA	NA	NA	NA	NA	NA	NA	NA	NA	Yes	NA	NA	NA	NA	NA	NA	NA	NA	NA	NA	NA	Yes	NA	NA	NA	NA	NA	NA	NA	NA	NA	NA	NA	Yes	NA	NA	NA	NA	NA	NA	NA	NA	NA	NA	NA	No	NA	NA	NA	NA	NA	NA	NA	NA	No	NA
SRR16974402	Phaffomycetales	NA	NA	NA	NA	NA	Yes	NA	NA	NA	NA	NA	NA	NA	NA	NA	NA	NA	Yes	NA	NA	NA	NA	NA	NA	NA	NA	NA	NA	NA	No	NA	NA	NA	NA	NA	NA	NA	NA	NA	NA	NA	No	NA	NA	NA	NA	NA	NA	NA	NA	NA	NA	NA	Yes	NA	NA	NA	NA	NA	NA	NA	NA	NA	NA	NA	Yes	NA	NA	NA	NA	NA	NA	NA	NA	NA	NA	NA	Yes	NA	NA	NA	NA	NA	NA	NA	NA	NA	NA	NA	Yes	NA	NA	NA	NA	NA	NA	NA	NA	NA	NA	NA	No	NA	NA	NA	NA	NA	NA	NA	NA	NA	NA	NA	No	NA	NA	NA	NA	NA	NA	NA	NA	No	NA
SRR16974401	Phaffomycetales	NA	NA	NA	NA	NA	Yes	NA	NA	NA	NA	NA	NA	NA	NA	NA	NA	NA	Yes	NA	NA	NA	NA	NA	NA	NA	NA	NA	NA	NA	No	NA	NA	NA	NA	NA	NA	NA	NA	NA	NA	NA	Yes	NA	NA	NA	NA	NA	NA	NA	NA	NA	NA	NA	Yes	NA	NA	NA	NA	NA	NA	NA	NA	NA	NA	NA	Yes	NA	NA	NA	NA	NA	NA	NA	NA	NA	NA	NA	Yes	NA	NA	NA	NA	NA	NA	NA	NA	NA	NA	NA	Yes	NA	NA	NA	NA	NA	NA	NA	NA	NA	NA	NA	No	NA	NA	NA	NA	NA	NA	NA	NA	NA	NA	NA	Yes	NA	NA	NA	NA	NA	NA	NA	NA	No	NA
SRR16974400	Serinales	NA	NA	NA	NA	NA	NA	NA	NA	NA	NA	NA	NA	NA	NA	NA	NA	NA	NA	NA	NA	NA	NA	NA	NA	NA	NA	NA	NA	NA	NA	NA	NA	NA	NA	NA	NA	NA	NA	NA	NA	NA	NA	NA	NA	NA	NA	NA	NA	NA	NA	NA	NA	NA	NA	NA	NA	NA	NA	NA	NA	NA	NA	NA	NA	NA	NA	NA	NA	NA	NA	NA	NA	NA	NA	NA	NA	NA	NA	NA	NA	NA	NA	NA	NA	NA	NA	NA	NA	NA	NA	NA	NA	NA	NA	NA	NA	NA	NA	NA	NA	NA	NA	NA	NA	NA	NA	NA	NA	NA	NA	NA	NA	NA	NA	NA	NA	NA	NA	NA	NA	NA	NA	NA	NA
SRR16974399	Serinales	NA	NA	No	NA	NA	NA	NA	NA	NA	NA	NA	NA	NA	NA	No	NA	NA	NA	NA	NA	NA	NA	NA	NA	NA	NA	No	NA	NA	NA	NA	NA	NA	NA	NA	NA	NA	NA	Yes	NA	NA	NA	NA	NA	NA	NA	NA	NA	NA	NA	Yes	NA	NA	NA	NA	NA	NA	NA	NA	NA	NA	NA	Yes	NA	NA	NA	NA	NA	NA	NA	NA	NA	NA	NA	No	NA	NA	NA	NA	NA	NA	NA	NA	NA	NA	NA	Yes	NA	NA	NA	NA	NA	NA	NA	NA	NA	NA	NA	Yes	NA	NA	NA	NA	NA	NA	NA	NA	NA	NA	NA	No	NA	NA	NA	NA	NA	NA	NA	NA	NA	Yes	NA	NA	NA
SRR16974398	Serinales	NA	NA	Yes	NA	NA	NA	NA	NA	NA	NA	NA	NA	NA	NA	Yes	NA	NA	NA	NA	NA	NA	NA	NA	NA	NA	NA	No	NA	NA	NA	NA	NA	NA	NA	NA	NA	NA	NA	Yes	NA	NA	NA	NA	NA	NA	NA	NA	NA	NA	NA	NA	NA	NA	NA	NA	NA	NA	NA	NA	NA	NA	NA	NA	NA	NA	NA	NA	NA	NA	NA	NA	NA	NA	NA	No	NA	NA	NA	NA	NA	NA	NA	NA	NA	NA	NA	Yes	NA	NA	NA	NA	NA	NA	NA	NA	NA	NA	NA	No	NA	NA	NA	NA	NA	NA	NA	NA	NA	NA	NA	Yes	NA	NA	NA	NA	NA	NA	NA	NA	NA	NA	NA	NA	NA
SRR16974397	Serinales	NA	NA	Yes	NA	NA	NA	NA	NA	NA	NA	NA	NA	NA	NA	Yes	NA	NA	NA	NA	NA	NA	NA	NA	NA	NA	NA	Yes	NA	NA	NA	NA	NA	NA	NA	NA	NA	NA	NA	Yes	NA	NA	NA	NA	NA	NA	NA	NA	NA	NA	NA	Yes	NA	NA	NA	NA	NA	NA	NA	NA	NA	NA	NA	Yes	NA	NA	NA	NA	NA	NA	NA	NA	NA	NA	NA	No	NA	NA	NA	NA	NA	NA	NA	NA	NA	NA	NA	Yes	NA	NA	NA	NA	NA	NA	NA	NA	NA	NA	NA	Yes	NA	NA	NA	NA	NA	NA	NA	NA	NA	NA	NA	No	NA	NA	NA	NA	NA	NA	NA	NA	NA	Yes	NA	NA	NA
SRR16974396	Serinales	NA	NA	Yes	NA	NA	NA	NA	NA	NA	NA	NA	NA	NA	NA	Yes	NA	NA	NA	NA	NA	NA	NA	NA	NA	NA	NA	No	NA	NA	NA	NA	NA	NA	NA	NA	NA	NA	NA	Yes	NA	NA	NA	NA	NA	NA	NA	NA	NA	NA	NA	Yes	NA	NA	NA	NA	NA	NA	NA	NA	NA	NA	NA	No	NA	NA	NA	NA	NA	NA	NA	NA	NA	NA	NA	No	NA	NA	NA	NA	NA	NA	NA	NA	NA	NA	NA	Yes	NA	NA	NA	NA	NA	NA	NA	NA	NA	NA	NA	No	NA	NA	NA	NA	NA	NA	NA	NA	NA	NA	NA	No	NA	NA	NA	NA	NA	NA	NA	NA	NA	Yes	NA	NA	NA
SRR16974342	Serinales	NA	NA	Yes	NA	NA	NA	NA	NA	NA	NA	NA	NA	NA	NA	Yes	NA	NA	NA	NA	NA	NA	NA	NA	NA	NA	NA	No	NA	NA	NA	NA	NA	NA	NA	NA	NA	NA	NA	Yes	NA	NA	NA	NA	NA	NA	NA	NA	NA	NA	NA	Yes	NA	NA	NA	NA	NA	NA	NA	NA	NA	NA	NA	Yes	NA	NA	NA	NA	NA	NA	NA	NA	NA	NA	NA	No	NA	NA	NA	NA	NA	NA	NA	NA	NA	NA	NA	Yes	NA	NA	NA	NA	NA	NA	NA	NA	NA	NA	NA	Yes	NA	NA	NA	NA	NA	NA	NA	NA	NA	NA	NA	No	NA	NA	NA	NA	NA	NA	NA	NA	NA	No	NA	NA	NA
SRR16974341	Serinales	NA	NA	No	NA	NA	NA	NA	NA	NA	NA	NA	NA	NA	NA	No	NA	NA	NA	NA	NA	NA	NA	NA	NA	NA	NA	Yes	NA	NA	NA	NA	NA	NA	NA	NA	NA	NA	NA	Yes	NA	NA	NA	NA	NA	NA	NA	NA	NA	NA	NA	Yes	NA	NA	NA	NA	NA	NA	NA	NA	NA	NA	NA	Yes	NA	NA	NA	NA	NA	NA	NA	NA	NA	NA	NA	No	NA	NA	NA	NA	NA	NA	NA	NA	NA	NA	NA	Yes	NA	NA	NA	NA	NA	NA	NA	NA	NA	NA	NA	No	NA	NA	NA	NA	NA	NA	NA	NA	NA	NA	NA	No	NA	NA	NA	NA	NA	NA	NA	NA	NA	No	NA	NA	NA
SRR16974340	Serinales	NA	NA	Yes	NA	NA	NA	NA	NA	NA	NA	NA	NA	NA	NA	Yes	NA	NA	NA	NA	NA	NA	NA	NA	NA	NA	NA	Yes	NA	NA	NA	NA	NA	NA	NA	NA	NA	NA	NA	Yes	NA	NA	NA	NA	NA	NA	NA	NA	NA	NA	NA	Yes	NA	NA	NA	NA	NA	NA	NA	NA	NA	NA	NA	Yes	NA	NA	NA	NA	NA	NA	NA	NA	NA	NA	NA	Yes	NA	NA	NA	NA	NA	NA	NA	NA	NA	NA	NA	Yes	NA	NA	NA	NA	NA	NA	NA	NA	NA	NA	NA	Yes	NA	NA	NA	NA	NA	NA	NA	NA	NA	NA	NA	Yes	NA	NA	NA	NA	NA	NA	NA	NA	NA	NA	NA	NA	NA
SRR16974339	Serinales	NA	NA	No	NA	NA	NA	NA	NA	NA	NA	NA	NA	NA	NA	Yes	NA	NA	NA	NA	NA	NA	NA	NA	NA	NA	NA	Yes	NA	NA	NA	NA	NA	NA	NA	NA	NA	NA	NA	Yes	NA	NA	NA	NA	NA	NA	NA	NA	NA	NA	NA	Yes	NA	NA	NA	NA	NA	NA	NA	NA	NA	NA	NA	Yes	NA	NA	NA	NA	NA	NA	NA	NA	NA	NA	NA	Yes	NA	NA	NA	NA	NA	NA	NA	NA	NA	NA	NA	Yes	NA	NA	NA	NA	NA	NA	NA	NA	NA	NA	NA	Yes	NA	NA	NA	NA	NA	NA	NA	NA	NA	NA	NA	No	NA	NA	NA	NA	NA	NA	NA	NA	NA	NA	NA	NA	NA
SRR16974338	Serinales	NA	NA	No	NA	NA	NA	NA	NA	NA	NA	NA	NA	NA	NA	No	NA	NA	NA	NA	NA	NA	NA	NA	NA	NA	NA	No	NA	NA	NA	NA	NA	NA	NA	NA	NA	NA	NA	Yes	NA	NA	NA	NA	NA	NA	NA	NA	NA	NA	NA	Yes	NA	NA	NA	NA	NA	NA	NA	NA	NA	NA	NA	Yes	NA	NA	NA	NA	NA	NA	NA	NA	NA	NA	NA	Yes	NA	NA	NA	NA	NA	NA	NA	NA	NA	NA	NA	Yes	NA	NA	NA	NA	NA	NA	NA	NA	NA	NA	NA	Yes	NA	NA	NA	NA	NA	NA	NA	NA	NA	NA	NA	Yes	NA	NA	NA	NA	NA	NA	NA	NA	NA	No	NA	NA	NA
SRR16974337	Serinales	NA	NA	Yes	NA	NA	NA	NA	NA	NA	NA	NA	NA	NA	NA	Yes	NA	NA	NA	NA	NA	NA	NA	NA	NA	NA	NA	No	NA	NA	NA	NA	NA	NA	NA	NA	NA	NA	NA	Yes	NA	NA	NA	NA	NA	NA	NA	NA	NA	NA	NA	Yes	NA	NA	NA	NA	NA	NA	NA	NA	NA	NA	NA	Yes	NA	NA	NA	NA	NA	NA	NA	NA	NA	NA	NA	No	NA	NA	NA	NA	NA	NA	NA	NA	NA	NA	NA	Yes	NA	NA	NA	NA	NA	NA	NA	NA	NA	NA	NA	Yes	NA	NA	NA	NA	NA	NA	NA	NA	NA	NA	NA	Yes	NA	NA	NA	NA	NA	NA	NA	NA	NA	Yes	NA	NA	NA
SRR16974336	Serinales	NA	NA	NA	NA	NA	NA	NA	NA	NA	NA	NA	NA	NA	NA	NA	NA	NA	NA	NA	NA	NA	NA	NA	NA	NA	NA	NA	NA	NA	NA	NA	NA	NA	NA	NA	NA	NA	NA	NA	NA	NA	NA	NA	NA	NA	NA	NA	NA	NA	NA	NA	NA	NA	NA	NA	NA	NA	NA	NA	NA	NA	NA	NA	NA	NA	NA	NA	NA	NA	NA	NA	NA	NA	NA	NA	NA	NA	NA	NA	NA	NA	NA	NA	NA	NA	NA	NA	NA	NA	NA	NA	NA	NA	NA	NA	NA	NA	NA	NA	NA	NA	NA	NA	NA	NA	NA	NA	NA	NA	NA	NA	NA	NA	NA	NA	NA	NA	NA	NA	NA	NA	NA	NA	NA
SRR16974335	Serinales	NA	NA	Yes	NA	NA	NA	NA	NA	NA	NA	NA	NA	NA	NA	Yes	NA	NA	NA	NA	NA	NA	NA	NA	NA	NA	NA	Yes	NA	NA	NA	NA	NA	NA	NA	NA	NA	NA	NA	Yes	NA	NA	NA	NA	NA	NA	NA	NA	NA	NA	NA	Yes	NA	NA	NA	NA	NA	NA	NA	NA	NA	NA	NA	Yes	NA	NA	NA	NA	NA	NA	NA	NA	NA	NA	NA	Yes	NA	NA	NA	NA	NA	NA	NA	NA	NA	NA	NA	Yes	NA	NA	NA	NA	NA	NA	NA	NA	NA	NA	NA	No	NA	NA	NA	NA	NA	NA	NA	NA	NA	NA	NA	No	NA	NA	NA	NA	NA	NA	NA	NA	NA	No	NA	NA	NA
SRR16974334	Serinales	NA	NA	No	NA	NA	NA	NA	NA	NA	NA	NA	NA	NA	NA	No	NA	NA	NA	NA	NA	NA	NA	NA	NA	NA	NA	No	NA	NA	NA	NA	NA	NA	NA	NA	NA	NA	NA	Yes	NA	NA	NA	NA	NA	NA	NA	NA	NA	NA	NA	Yes	NA	NA	NA	NA	NA	NA	NA	NA	NA	NA	NA	Yes	NA	NA	NA	NA	NA	NA	NA	NA	NA	NA	NA	No	NA	NA	NA	NA	NA	NA	NA	NA	NA	NA	NA	Yes	NA	NA	NA	NA	NA	NA	NA	NA	NA	NA	NA	Yes	NA	NA	NA	NA	NA	NA	NA	NA	NA	NA	NA	NA	NA	NA	NA	NA	NA	NA	NA	NA	NA	Yes	NA	NA	NA
SRR16974333	Serinales	NA	NA	Yes	NA	NA	NA	NA	NA	NA	NA	NA	NA	NA	NA	Yes	NA	NA	NA	NA	NA	NA	NA	NA	NA	NA	NA	Yes	NA	NA	NA	NA	NA	NA	NA	NA	NA	NA	NA	Yes	NA	NA	NA	NA	NA	NA	NA	NA	NA	NA	NA	No	NA	NA	NA	NA	NA	NA	NA	NA	NA	NA	NA	Yes	NA	NA	NA	NA	NA	NA	NA	NA	NA	NA	NA	Yes	NA	NA	NA	NA	NA	NA	NA	NA	NA	NA	NA	Yes	NA	NA	NA	NA	NA	NA	NA	NA	NA	NA	NA	Yes	NA	NA	NA	NA	NA	NA	NA	NA	NA	NA	NA	Yes	NA	NA	NA	NA	NA	NA	NA	NA	NA	No	NA	NA	NA
SRR16974331	Serinales	NA	NA	Yes	NA	NA	NA	NA	NA	NA	NA	NA	NA	NA	NA	No	NA	NA	NA	NA	NA	NA	NA	NA	NA	NA	NA	No	NA	NA	NA	NA	NA	NA	NA	NA	NA	NA	NA	Yes	NA	NA	NA	NA	NA	NA	NA	NA	NA	NA	NA	No	NA	NA	NA	NA	NA	NA	NA	NA	NA	NA	NA	Yes	NA	NA	NA	NA	NA	NA	NA	NA	NA	NA	NA	Yes	NA	NA	NA	NA	NA	NA	NA	NA	NA	NA	NA	Yes	NA	NA	NA	NA	NA	NA	NA	NA	NA	NA	NA	Yes	NA	NA	NA	NA	NA	NA	NA	NA	NA	NA	NA	NA	NA	NA	NA	NA	NA	NA	NA	NA	NA	Yes	NA	NA	NA
SRR16974330	Serinales	NA	NA	NA	NA	NA	NA	NA	NA	NA	NA	NA	NA	NA	NA	NA	NA	NA	NA	NA	NA	NA	NA	NA	NA	NA	NA	NA	NA	NA	NA	NA	NA	NA	NA	NA	NA	NA	NA	NA	NA	NA	NA	NA	NA	NA	NA	NA	NA	NA	NA	NA	NA	NA	NA	NA	NA	NA	NA	NA	NA	NA	NA	NA	NA	NA	NA	NA	NA	NA	NA	NA	NA	NA	NA	NA	NA	NA	NA	NA	NA	NA	NA	NA	NA	NA	NA	NA	NA	NA	NA	NA	NA	NA	NA	NA	NA	NA	NA	NA	NA	NA	NA	NA	NA	NA	NA	NA	NA	NA	NA	NA	NA	NA	NA	NA	NA	NA	NA	NA	NA	NA	NA	NA	NA
SRR16974329	Serinales	NA	NA	NA	NA	NA	NA	NA	NA	NA	NA	NA	NA	NA	NA	NA	NA	NA	NA	NA	NA	NA	NA	NA	NA	NA	NA	NA	NA	NA	NA	NA	NA	NA	NA	NA	NA	NA	NA	NA	NA	NA	NA	NA	NA	NA	NA	NA	NA	NA	NA	NA	NA	NA	NA	NA	NA	NA	NA	NA	NA	NA	NA	NA	NA	NA	NA	NA	NA	NA	NA	NA	NA	NA	NA	NA	NA	NA	NA	NA	NA	NA	NA	NA	NA	NA	NA	NA	NA	NA	NA	NA	NA	NA	NA	NA	NA	NA	NA	NA	NA	NA	NA	NA	NA	NA	NA	NA	NA	NA	NA	NA	NA	NA	NA	NA	NA	NA	NA	NA	NA	NA	NA	NA	NA
SRR16974328	Serinales	NA	NA	Yes	NA	NA	NA	NA	NA	NA	NA	NA	NA	NA	NA	No	NA	NA	NA	NA	NA	NA	NA	NA	NA	NA	NA	No	NA	NA	NA	NA	NA	NA	NA	NA	NA	NA	NA	Yes	NA	NA	NA	NA	NA	NA	NA	NA	NA	NA	NA	Yes	NA	NA	NA	NA	NA	NA	NA	NA	NA	NA	NA	No	NA	NA	NA	NA	NA	NA	NA	NA	NA	NA	NA	No	NA	NA	NA	NA	NA	NA	NA	NA	NA	NA	NA	Yes	NA	NA	NA	NA	NA	NA	NA	NA	NA	NA	NA	Yes	NA	NA	NA	NA	NA	NA	NA	NA	NA	NA	NA	Yes	NA	NA	NA	NA	NA	NA	NA	NA	NA	NA	NA	NA	NA
SRR16974327	Serinales	NA	NA	No	NA	NA	NA	NA	NA	NA	NA	NA	NA	NA	NA	No	NA	NA	NA	NA	NA	NA	NA	NA	NA	NA	NA	No	NA	NA	NA	NA	NA	NA	NA	NA	NA	NA	NA	No	NA	NA	NA	NA	NA	NA	NA	NA	NA	NA	NA	Yes	NA	NA	NA	NA	NA	NA	NA	NA	NA	NA	NA	No	NA	NA	NA	NA	NA	NA	NA	NA	NA	NA	NA	No	NA	NA	NA	NA	NA	NA	NA	NA	NA	NA	NA	No	NA	NA	NA	NA	NA	NA	NA	NA	NA	NA	NA	Yes	NA	NA	NA	NA	NA	NA	NA	NA	NA	NA	NA	Yes	NA	NA	NA	NA	NA	NA	NA	NA	NA	NA	NA	NA	NA
SRR16974326	Serinales	NA	NA	No	NA	NA	NA	NA	NA	NA	NA	NA	NA	NA	NA	No	NA	NA	NA	NA	NA	NA	NA	NA	NA	NA	NA	No	NA	NA	NA	NA	NA	NA	NA	NA	NA	NA	NA	Yes	NA	NA	NA	NA	NA	NA	NA	NA	NA	NA	NA	Yes	NA	NA	NA	NA	NA	NA	NA	NA	NA	NA	NA	Yes	NA	NA	NA	NA	NA	NA	NA	NA	NA	NA	NA	Yes	NA	NA	NA	NA	NA	NA	NA	NA	NA	NA	NA	Yes	NA	NA	NA	NA	NA	NA	NA	NA	NA	NA	NA	Yes	NA	NA	NA	NA	NA	NA	NA	NA	NA	NA	NA	NA	NA	NA	NA	NA	NA	NA	NA	NA	NA	No	NA	NA	NA
SRR16974325	Serinales	NA	NA	No	NA	NA	NA	NA	NA	NA	NA	NA	NA	NA	NA	No	NA	NA	NA	NA	NA	NA	NA	NA	NA	NA	NA	No	NA	NA	NA	NA	NA	NA	NA	NA	NA	NA	NA	Yes	NA	NA	NA	NA	NA	NA	NA	NA	NA	NA	NA	Yes	NA	NA	NA	NA	NA	NA	NA	NA	NA	NA	NA	Yes	NA	NA	NA	NA	NA	NA	NA	NA	NA	NA	NA	No	NA	NA	NA	NA	NA	NA	NA	NA	NA	NA	NA	Yes	NA	NA	NA	NA	NA	NA	NA	NA	NA	NA	NA	Yes	NA	NA	NA	NA	NA	NA	NA	NA	NA	NA	NA	Yes	NA	NA	NA	NA	NA	NA	NA	NA	NA	No	NA	NA	NA
SRR16974324	Serinales	NA	NA	Yes	NA	NA	NA	NA	NA	NA	NA	NA	NA	NA	NA	Yes	NA	NA	NA	NA	NA	NA	NA	NA	NA	NA	NA	No	NA	NA	NA	NA	NA	NA	NA	NA	NA	NA	NA	Yes	NA	NA	NA	NA	NA	NA	NA	NA	NA	NA	NA	No	NA	NA	NA	NA	NA	NA	NA	NA	NA	NA	NA	Yes	NA	NA	NA	NA	NA	NA	NA	NA	NA	NA	NA	No	NA	NA	NA	NA	NA	NA	NA	NA	NA	NA	NA	Yes	NA	NA	NA	NA	NA	NA	NA	NA	NA	NA	NA	No	NA	NA	NA	NA	NA	NA	NA	NA	NA	NA	NA	Yes	NA	NA	NA	NA	NA	NA	NA	NA	NA	Yes	NA	NA	NA
SRR16974323	Serinales	NA	NA	No	NA	NA	NA	NA	NA	NA	NA	NA	NA	NA	NA	No	NA	NA	NA	NA	NA	NA	NA	NA	NA	NA	NA	No	NA	NA	NA	NA	NA	NA	NA	NA	NA	NA	NA	Yes	NA	NA	NA	NA	NA	NA	NA	NA	NA	NA	NA	No	NA	NA	NA	NA	NA	NA	NA	NA	NA	NA	NA	No	NA	NA	NA	NA	NA	NA	NA	NA	NA	NA	NA	No	NA	NA	NA	NA	NA	NA	NA	NA	NA	NA	NA	No	NA	NA	NA	NA	NA	NA	NA	NA	NA	NA	NA	No	NA	NA	NA	NA	NA	NA	NA	NA	NA	NA	NA	No	NA	NA	NA	NA	NA	NA	NA	NA	NA	Yes	NA	NA	NA
SRR16974322	Serinales	NA	NA	Yes	NA	NA	NA	NA	NA	NA	NA	NA	NA	NA	NA	Yes	NA	NA	NA	NA	NA	NA	NA	NA	NA	NA	NA	Yes	NA	NA	NA	NA	NA	NA	NA	NA	NA	NA	NA	Yes	NA	NA	NA	NA	NA	NA	NA	NA	NA	NA	NA	No	NA	NA	NA	NA	NA	NA	NA	NA	NA	NA	NA	Yes	NA	NA	NA	NA	NA	NA	NA	NA	NA	NA	NA	No	NA	NA	NA	NA	NA	NA	NA	NA	NA	NA	NA	Yes	NA	NA	NA	NA	NA	NA	NA	NA	NA	NA	NA	Yes	NA	NA	NA	NA	NA	NA	NA	NA	NA	NA	NA	NA	NA	NA	NA	NA	NA	NA	NA	NA	NA	NA	NA	NA	NA
SRR16974320	Serinales	NA	NA	NA	NA	NA	NA	NA	NA	NA	NA	NA	NA	NA	NA	NA	NA	NA	NA	NA	NA	NA	NA	NA	NA	NA	NA	NA	NA	NA	NA	NA	NA	NA	NA	NA	NA	NA	NA	NA	NA	NA	NA	NA	NA	NA	NA	NA	NA	NA	NA	NA	NA	NA	NA	NA	NA	NA	NA	NA	NA	NA	NA	NA	NA	NA	NA	NA	NA	NA	NA	NA	NA	NA	NA	NA	NA	NA	NA	NA	NA	NA	NA	NA	NA	NA	NA	NA	NA	NA	NA	NA	NA	NA	NA	NA	NA	NA	NA	NA	NA	NA	NA	NA	NA	NA	NA	NA	NA	NA	NA	Yes	NA	NA	NA	NA	NA	NA	NA	NA	NA	Yes	NA	NA	NA
SRR16974319	Serinales	NA	NA	Yes	NA	NA	NA	NA	NA	NA	NA	NA	NA	NA	NA	Yes	NA	NA	NA	NA	NA	NA	NA	NA	NA	NA	NA	No	NA	NA	NA	NA	NA	NA	NA	NA	NA	NA	NA	Yes	NA	NA	NA	NA	NA	NA	NA	NA	NA	NA	NA	No	NA	NA	NA	NA	NA	NA	NA	NA	NA	NA	NA	No	NA	NA	NA	NA	NA	NA	NA	NA	NA	NA	NA	No	NA	NA	NA	NA	NA	NA	NA	NA	NA	NA	NA	Yes	NA	NA	NA	NA	NA	NA	NA	NA	NA	NA	NA	No	NA	NA	NA	NA	NA	NA	NA	NA	NA	NA	NA	No	NA	NA	NA	NA	NA	NA	NA	NA	NA	Yes	NA	NA	NA
SRR16974318	Serinales	NA	NA	No	NA	NA	NA	NA	NA	NA	NA	NA	NA	NA	NA	No	NA	NA	NA	NA	NA	NA	NA	NA	NA	NA	NA	Yes	NA	NA	NA	NA	NA	NA	NA	NA	NA	NA	NA	Yes	NA	NA	NA	NA	NA	NA	NA	NA	NA	NA	NA	No	NA	NA	NA	NA	NA	NA	NA	NA	NA	NA	NA	Yes	NA	NA	NA	NA	NA	NA	NA	NA	NA	NA	NA	No	NA	NA	NA	NA	NA	NA	NA	NA	NA	NA	NA	Yes	NA	NA	NA	NA	NA	NA	NA	NA	NA	NA	NA	No	NA	NA	NA	NA	NA	NA	NA	NA	NA	NA	NA	No	NA	NA	NA	NA	NA	NA	NA	NA	NA	Yes	NA	NA	NA
SRR16974317	Serinales	NA	NA	No	NA	NA	NA	NA	NA	NA	NA	NA	NA	NA	NA	No	NA	NA	NA	NA	NA	NA	NA	NA	NA	NA	NA	No	NA	NA	NA	NA	NA	NA	NA	NA	NA	NA	NA	Yes	NA	NA	NA	NA	NA	NA	NA	NA	NA	NA	NA	No	NA	NA	NA	NA	NA	NA	NA	NA	NA	NA	NA	Yes	NA	NA	NA	NA	NA	NA	NA	NA	NA	NA	NA	Yes	NA	NA	NA	NA	NA	NA	NA	NA	NA	NA	NA	Yes	NA	NA	NA	NA	NA	NA	NA	NA	NA	NA	NA	No	NA	NA	NA	NA	NA	NA	NA	NA	NA	NA	NA	NA	NA	NA	NA	NA	NA	NA	NA	NA	NA	No	NA	NA	NA
SRR16974316	Serinales	NA	NA	Yes	NA	NA	NA	NA	NA	NA	NA	NA	NA	NA	NA	Yes	NA	NA	NA	NA	NA	NA	NA	NA	NA	NA	NA	No	NA	NA	NA	NA	NA	NA	NA	NA	NA	NA	NA	Yes	NA	NA	NA	NA	NA	NA	NA	NA	NA	NA	NA	No	NA	NA	NA	NA	NA	NA	NA	NA	NA	NA	NA	Yes	NA	NA	NA	NA	NA	NA	NA	NA	NA	NA	NA	Yes	NA	NA	NA	NA	NA	NA	NA	NA	NA	NA	NA	Yes	NA	NA	NA	NA	NA	NA	NA	NA	NA	NA	NA	No	NA	NA	NA	NA	NA	NA	NA	NA	NA	NA	NA	No	NA	NA	NA	NA	NA	NA	NA	NA	NA	No	NA	NA	NA
SRR16974315	Serinales	NA	NA	Yes	NA	NA	NA	NA	NA	NA	NA	NA	NA	NA	NA	Yes	NA	NA	NA	NA	NA	NA	NA	NA	NA	NA	NA	No	NA	NA	NA	NA	NA	NA	NA	NA	NA	NA	NA	Yes	NA	NA	NA	NA	NA	NA	NA	NA	NA	NA	NA	Yes	NA	NA	NA	NA	NA	NA	NA	NA	NA	NA	NA	No	NA	NA	NA	NA	NA	NA	NA	NA	NA	NA	NA	No	NA	NA	NA	NA	NA	NA	NA	NA	NA	NA	NA	No	NA	NA	NA	NA	NA	NA	NA	NA	NA	NA	NA	No	NA	NA	NA	NA	NA	NA	NA	NA	NA	NA	NA	Yes	NA	NA	NA	NA	NA	NA	NA	NA	NA	Yes	NA	NA	NA
SRR16974673	Serinales	NA	NA	Yes	NA	NA	NA	NA	NA	NA	NA	NA	NA	NA	NA	Yes	NA	NA	NA	NA	NA	NA	NA	NA	NA	NA	NA	No	NA	NA	NA	NA	NA	NA	NA	NA	NA	NA	NA	Yes	NA	NA	NA	NA	NA	NA	NA	NA	NA	NA	NA	No	NA	NA	NA	NA	NA	NA	NA	NA	NA	NA	NA	No	NA	NA	NA	NA	NA	NA	NA	NA	NA	NA	NA	No	NA	NA	NA	NA	NA	NA	NA	NA	NA	NA	NA	Yes	NA	NA	NA	NA	NA	NA	NA	NA	NA	NA	NA	No	NA	NA	NA	NA	NA	NA	NA	NA	NA	NA	NA	No	NA	NA	NA	NA	NA	NA	NA	NA	NA	Yes	NA	NA	NA
SRR16974672	Serinales	NA	NA	Yes	NA	NA	NA	NA	NA	NA	NA	NA	NA	NA	NA	Yes	NA	NA	NA	NA	NA	NA	NA	NA	NA	NA	NA	Yes	NA	NA	NA	NA	NA	NA	NA	NA	NA	NA	NA	Yes	NA	NA	NA	NA	NA	NA	NA	NA	NA	NA	NA	Yes	NA	NA	NA	NA	NA	NA	NA	NA	NA	NA	NA	No	NA	NA	NA	NA	NA	NA	NA	NA	NA	NA	NA	No	NA	NA	NA	NA	NA	NA	NA	NA	NA	NA	NA	No	NA	NA	NA	NA	NA	NA	NA	NA	NA	NA	NA	No	NA	NA	NA	NA	NA	NA	NA	NA	NA	NA	NA	Yes	NA	NA	NA	NA	NA	NA	NA	NA	NA	No	NA	NA	NA
SRR16974671	Serinales	NA	NA	Yes	NA	NA	NA	NA	NA	NA	NA	NA	NA	NA	NA	Yes	NA	NA	NA	NA	NA	NA	NA	NA	NA	NA	NA	Yes	NA	NA	NA	NA	NA	NA	NA	NA	NA	NA	NA	Yes	NA	NA	NA	NA	NA	NA	NA	NA	NA	NA	NA	Yes	NA	NA	NA	NA	NA	NA	NA	NA	NA	NA	NA	No	NA	NA	NA	NA	NA	NA	NA	NA	NA	NA	NA	No	NA	NA	NA	NA	NA	NA	NA	NA	NA	NA	NA	No	NA	NA	NA	NA	NA	NA	NA	NA	NA	NA	NA	Yes	NA	NA	NA	NA	NA	NA	NA	NA	NA	NA	NA	No	NA	NA	NA	NA	NA	NA	NA	NA	NA	No	NA	NA	NA
SRR16974670	Serinales	NA	NA	Yes	NA	NA	NA	NA	NA	NA	NA	NA	NA	NA	NA	Yes	NA	NA	NA	NA	NA	NA	NA	NA	NA	NA	NA	Yes	NA	NA	NA	NA	NA	NA	NA	NA	NA	NA	NA	Yes	NA	NA	NA	NA	NA	NA	NA	NA	NA	NA	NA	Yes	NA	NA	NA	NA	NA	NA	NA	NA	NA	NA	NA	Yes	NA	NA	NA	NA	NA	NA	NA	NA	NA	NA	NA	Yes	NA	NA	NA	NA	NA	NA	NA	NA	NA	NA	NA	Yes	NA	NA	NA	NA	NA	NA	NA	NA	NA	NA	NA	Yes	NA	NA	NA	NA	NA	NA	NA	NA	NA	NA	NA	NA	NA	NA	NA	NA	NA	NA	NA	NA	NA	Yes	NA	NA	NA
SRR16974668	Serinales	NA	NA	Yes	NA	NA	NA	NA	NA	NA	NA	NA	NA	NA	NA	No	NA	NA	NA	NA	NA	NA	NA	NA	NA	NA	NA	Yes	NA	NA	NA	NA	NA	NA	NA	NA	NA	NA	NA	Yes	NA	NA	NA	NA	NA	NA	NA	NA	NA	NA	NA	No	NA	NA	NA	NA	NA	NA	NA	NA	NA	NA	NA	Yes	NA	NA	NA	NA	NA	NA	NA	NA	NA	NA	NA	No	NA	NA	NA	NA	NA	NA	NA	NA	NA	NA	NA	Yes	NA	NA	NA	NA	NA	NA	NA	NA	NA	NA	NA	No	NA	NA	NA	NA	NA	NA	NA	NA	NA	NA	NA	NA	NA	NA	NA	NA	NA	NA	NA	NA	NA	Yes	NA	NA	NA
SRR16974667	Serinales	NA	NA	Yes	NA	NA	NA	NA	NA	NA	NA	NA	NA	NA	NA	Yes	NA	NA	NA	NA	NA	NA	NA	NA	NA	NA	NA	Yes	NA	NA	NA	NA	NA	NA	NA	NA	NA	NA	NA	Yes	NA	NA	NA	NA	NA	NA	NA	NA	NA	NA	NA	No	NA	NA	NA	NA	NA	NA	NA	NA	NA	NA	NA	No	NA	NA	NA	NA	NA	NA	NA	NA	NA	NA	NA	No	NA	NA	NA	NA	NA	NA	NA	NA	NA	NA	NA	No	NA	NA	NA	NA	NA	NA	NA	NA	NA	NA	NA	No	NA	NA	NA	NA	NA	NA	NA	NA	NA	NA	NA	No	NA	NA	NA	NA	NA	NA	NA	NA	NA	Yes	NA	NA	NA
SRR16974666	Serinales	NA	NA	Yes	NA	NA	NA	NA	NA	NA	NA	NA	NA	NA	NA	Yes	NA	NA	NA	NA	NA	NA	NA	NA	NA	NA	NA	Yes	NA	NA	NA	NA	NA	NA	NA	NA	NA	NA	NA	Yes	NA	NA	NA	NA	NA	NA	NA	NA	NA	NA	NA	Yes	NA	NA	NA	NA	NA	NA	NA	NA	NA	NA	NA	No	NA	NA	NA	NA	NA	NA	NA	NA	NA	NA	NA	No	NA	NA	NA	NA	NA	NA	NA	NA	NA	NA	NA	No	NA	NA	NA	NA	NA	NA	NA	NA	NA	NA	NA	Yes	NA	NA	NA	NA	NA	NA	NA	NA	NA	NA	NA	Yes	NA	NA	NA	NA	NA	NA	NA	NA	NA	No	NA	NA	NA
SRR16974665	Serinales	NA	NA	NA	NA	NA	NA	NA	NA	NA	NA	NA	NA	NA	NA	NA	NA	NA	NA	NA	NA	NA	NA	NA	NA	NA	NA	NA	NA	NA	NA	NA	NA	NA	NA	NA	NA	NA	NA	NA	NA	NA	NA	NA	NA	NA	NA	NA	NA	NA	NA	NA	NA	NA	NA	NA	NA	NA	NA	NA	NA	NA	NA	NA	NA	NA	NA	NA	NA	NA	NA	NA	NA	NA	NA	NA	NA	NA	NA	NA	NA	NA	NA	NA	NA	NA	NA	NA	NA	NA	NA	NA	NA	NA	NA	NA	NA	NA	NA	NA	NA	NA	NA	NA	NA	NA	NA	NA	NA	NA	NA	Yes	NA	NA	NA	NA	NA	NA	NA	NA	NA	Yes	NA	NA	NA
SRR16974664	Serinales	NA	NA	Yes	NA	NA	NA	NA	NA	NA	NA	NA	NA	NA	NA	Yes	NA	NA	NA	NA	NA	NA	NA	NA	NA	NA	NA	No	NA	NA	NA	NA	NA	NA	NA	NA	NA	NA	NA	Yes	NA	NA	NA	NA	NA	NA	NA	NA	NA	NA	NA	No	NA	NA	NA	NA	NA	NA	NA	NA	NA	NA	NA	No	NA	NA	NA	NA	NA	NA	NA	NA	NA	NA	NA	No	NA	NA	NA	NA	NA	NA	NA	NA	NA	NA	NA	Yes	NA	NA	NA	NA	NA	NA	NA	NA	NA	NA	NA	No	NA	NA	NA	NA	NA	NA	NA	NA	NA	NA	NA	No	NA	NA	NA	NA	NA	NA	NA	NA	NA	Yes	NA	NA	NA
SRR16974663	Serinales	NA	NA	Yes	NA	NA	NA	NA	NA	NA	NA	NA	NA	NA	NA	Yes	NA	NA	NA	NA	NA	NA	NA	NA	NA	NA	NA	No	NA	NA	NA	NA	NA	NA	NA	NA	NA	NA	NA	Yes	NA	NA	NA	NA	NA	NA	NA	NA	NA	NA	NA	No	NA	NA	NA	NA	NA	NA	NA	NA	NA	NA	NA	No	NA	NA	NA	NA	NA	NA	NA	NA	NA	NA	NA	No	NA	NA	NA	NA	NA	NA	NA	NA	NA	NA	NA	Yes	NA	NA	NA	NA	NA	NA	NA	NA	NA	NA	NA	No	NA	NA	NA	NA	NA	NA	NA	NA	NA	NA	NA	No	NA	NA	NA	NA	NA	NA	NA	NA	NA	Yes	NA	NA	NA
SRR16974662	Serinales	NA	NA	No	NA	NA	NA	NA	NA	NA	NA	NA	NA	NA	NA	Yes	NA	NA	NA	NA	NA	NA	NA	NA	NA	NA	NA	No	NA	NA	NA	NA	NA	NA	NA	NA	NA	NA	NA	Yes	NA	NA	NA	NA	NA	NA	NA	NA	NA	NA	NA	No	NA	NA	NA	NA	NA	NA	NA	NA	NA	NA	NA	No	NA	NA	NA	NA	NA	NA	NA	NA	NA	NA	NA	No	NA	NA	NA	NA	NA	NA	NA	NA	NA	NA	NA	No	NA	NA	NA	NA	NA	NA	NA	NA	NA	NA	NA	No	NA	NA	NA	NA	NA	NA	NA	NA	NA	NA	NA	No	NA	NA	NA	NA	NA	NA	NA	NA	NA	Yes	NA	NA	NA
SRR16974661	Serinales	NA	NA	Yes	NA	NA	NA	NA	NA	NA	NA	NA	NA	NA	NA	No	NA	NA	NA	NA	NA	NA	NA	NA	NA	NA	NA	Yes	NA	NA	NA	NA	NA	NA	NA	NA	NA	NA	NA	Yes	NA	NA	NA	NA	NA	NA	NA	NA	NA	NA	NA	No	NA	NA	NA	NA	NA	NA	NA	NA	NA	NA	NA	No	NA	NA	NA	NA	NA	NA	NA	NA	NA	NA	NA	No	NA	NA	NA	NA	NA	NA	NA	NA	NA	NA	NA	No	NA	NA	NA	NA	NA	NA	NA	NA	NA	NA	NA	Yes	NA	NA	NA	NA	NA	NA	NA	NA	NA	NA	NA	Yes	NA	NA	NA	NA	NA	NA	NA	NA	NA	No	NA	NA	NA
SRR16974660	Serinales	NA	NA	Yes	NA	NA	NA	NA	NA	NA	NA	NA	NA	NA	NA	Yes	NA	NA	NA	NA	NA	NA	NA	NA	NA	NA	NA	Yes	NA	NA	NA	NA	NA	NA	NA	NA	NA	NA	NA	Yes	NA	NA	NA	NA	NA	NA	NA	NA	NA	NA	NA	Yes	NA	NA	NA	NA	NA	NA	NA	NA	NA	NA	NA	Yes	NA	NA	NA	NA	NA	NA	NA	NA	NA	NA	NA	Yes	NA	NA	NA	NA	NA	NA	NA	NA	NA	NA	NA	Yes	NA	NA	NA	NA	NA	NA	NA	NA	NA	NA	NA	Yes	NA	NA	NA	NA	NA	NA	NA	NA	NA	NA	NA	NA	NA	NA	NA	NA	NA	NA	NA	NA	NA	Yes	NA	NA	NA
SRR16974659	Serinales	NA	NA	Yes	NA	NA	NA	NA	NA	NA	NA	NA	NA	NA	NA	Yes	NA	NA	NA	NA	NA	NA	NA	NA	NA	NA	NA	Yes	NA	NA	NA	NA	NA	NA	NA	NA	NA	NA	NA	Yes	NA	NA	NA	NA	NA	NA	NA	NA	NA	NA	NA	Yes	NA	NA	NA	NA	NA	NA	NA	NA	NA	NA	NA	Yes	NA	NA	NA	NA	NA	NA	NA	NA	NA	NA	NA	Yes	NA	NA	NA	NA	NA	NA	NA	NA	NA	NA	NA	Yes	NA	NA	NA	NA	NA	NA	NA	NA	NA	NA	NA	No	NA	NA	NA	NA	NA	NA	NA	NA	NA	NA	NA	NA	NA	NA	NA	NA	NA	NA	NA	NA	NA	NA	NA	NA	NA
SRR16974657	Serinales	NA	NA	Yes	NA	NA	NA	NA	NA	NA	NA	NA	NA	NA	NA	Yes	NA	NA	NA	NA	NA	NA	NA	NA	NA	NA	NA	No	NA	NA	NA	NA	NA	NA	NA	NA	NA	NA	NA	Yes	NA	NA	NA	NA	NA	NA	NA	NA	NA	NA	NA	No	NA	NA	NA	NA	NA	NA	NA	NA	NA	NA	NA	Yes	NA	NA	NA	NA	NA	NA	NA	NA	NA	NA	NA	No	NA	NA	NA	NA	NA	NA	NA	NA	NA	NA	NA	Yes	NA	NA	NA	NA	NA	NA	NA	NA	NA	NA	NA	No	NA	NA	NA	NA	NA	NA	NA	NA	NA	NA	NA	No	NA	NA	NA	NA	NA	NA	NA	NA	NA	NA	NA	NA	NA
SRR16974656	Serinales	NA	NA	Yes	NA	NA	NA	NA	NA	NA	NA	NA	NA	NA	NA	Yes	NA	NA	NA	NA	NA	NA	NA	NA	NA	NA	NA	No	NA	NA	NA	NA	NA	NA	NA	NA	NA	NA	NA	Yes	NA	NA	NA	NA	NA	NA	NA	NA	NA	NA	NA	Yes	NA	NA	NA	NA	NA	NA	NA	NA	NA	NA	NA	Yes	NA	NA	NA	NA	NA	NA	NA	NA	NA	NA	NA	No	NA	NA	NA	NA	NA	NA	NA	NA	NA	NA	NA	Yes	NA	NA	NA	NA	NA	NA	NA	NA	NA	NA	NA	Yes	NA	NA	NA	NA	NA	NA	NA	NA	NA	NA	NA	No	NA	NA	NA	NA	NA	NA	NA	NA	NA	Yes	NA	NA	NA
SRR16974655	Serinales	NA	NA	Yes	NA	NA	NA	NA	NA	NA	NA	NA	NA	NA	NA	Yes	NA	NA	NA	NA	NA	NA	NA	NA	NA	NA	NA	No	NA	NA	NA	NA	NA	NA	NA	NA	NA	NA	NA	Yes	NA	NA	NA	NA	NA	NA	NA	NA	NA	NA	NA	Yes	NA	NA	NA	NA	NA	NA	NA	NA	NA	NA	NA	Yes	NA	NA	NA	NA	NA	NA	NA	NA	NA	NA	NA	No	NA	NA	NA	NA	NA	NA	NA	NA	NA	NA	NA	Yes	NA	NA	NA	NA	NA	NA	NA	NA	NA	NA	NA	Yes	NA	NA	NA	NA	NA	NA	NA	NA	NA	NA	NA	NA	NA	NA	NA	NA	NA	NA	NA	NA	NA	NA	NA	NA	NA
SRR16974654	Serinales	NA	NA	Yes	NA	NA	NA	NA	NA	NA	NA	NA	NA	NA	NA	Yes	NA	NA	NA	NA	NA	NA	NA	NA	NA	NA	NA	Yes	NA	NA	NA	NA	NA	NA	NA	NA	NA	NA	NA	Yes	NA	NA	NA	NA	NA	NA	NA	NA	NA	NA	NA	Yes	NA	NA	NA	NA	NA	NA	NA	NA	NA	NA	NA	Yes	NA	NA	NA	NA	NA	NA	NA	NA	NA	NA	NA	No	NA	NA	NA	NA	NA	NA	NA	NA	NA	NA	NA	Yes	NA	NA	NA	NA	NA	NA	NA	NA	NA	NA	NA	Yes	NA	NA	NA	NA	NA	NA	NA	NA	NA	NA	NA	NA	NA	NA	NA	NA	NA	NA	NA	NA	NA	NA	NA	NA	NA
SRR16974653	Serinales	NA	NA	Yes	NA	NA	NA	NA	NA	NA	NA	NA	NA	NA	NA	Yes	NA	NA	NA	NA	NA	NA	NA	NA	NA	NA	NA	No	NA	NA	NA	NA	NA	NA	NA	NA	NA	NA	NA	Yes	NA	NA	NA	NA	NA	NA	NA	NA	NA	NA	NA	Yes	NA	NA	NA	NA	NA	NA	NA	NA	NA	NA	NA	Yes	NA	NA	NA	NA	NA	NA	NA	NA	NA	NA	NA	No	NA	NA	NA	NA	NA	NA	NA	NA	NA	NA	NA	Yes	NA	NA	NA	NA	NA	NA	NA	NA	NA	NA	NA	Yes	NA	NA	NA	NA	NA	NA	NA	NA	NA	NA	NA	No	NA	NA	NA	NA	NA	NA	NA	NA	NA	NA	NA	NA	NA
SRR16974652	Serinales	NA	NA	Yes	NA	NA	NA	NA	NA	NA	NA	NA	NA	NA	NA	Yes	NA	NA	NA	NA	NA	NA	NA	NA	NA	NA	NA	Yes	NA	NA	NA	NA	NA	NA	NA	NA	NA	NA	NA	Yes	NA	NA	NA	NA	NA	NA	NA	NA	NA	NA	NA	Yes	NA	NA	NA	NA	NA	NA	NA	NA	NA	NA	NA	Yes	NA	NA	NA	NA	NA	NA	NA	NA	NA	NA	NA	No	NA	NA	NA	NA	NA	NA	NA	NA	NA	NA	NA	Yes	NA	NA	NA	NA	NA	NA	NA	NA	NA	NA	NA	Yes	NA	NA	NA	NA	NA	NA	NA	NA	NA	NA	NA	No	NA	NA	NA	NA	NA	NA	NA	NA	NA	NA	NA	NA	NA
SRR16974651	Phaffomycetales	NA	NA	NA	NA	NA	Yes	NA	NA	NA	NA	NA	NA	NA	NA	NA	NA	NA	Yes	NA	NA	NA	NA	NA	NA	NA	NA	NA	NA	NA	No	NA	NA	NA	NA	NA	NA	NA	NA	NA	NA	NA	No	NA	NA	NA	NA	NA	NA	NA	NA	NA	NA	NA	No	NA	NA	NA	NA	NA	NA	NA	NA	NA	NA	NA	No	NA	NA	NA	NA	NA	NA	NA	NA	NA	NA	NA	Yes	NA	NA	NA	NA	NA	NA	NA	NA	NA	NA	NA	Yes	NA	NA	NA	NA	NA	NA	NA	NA	NA	NA	NA	No	NA	NA	NA	NA	NA	NA	NA	NA	NA	NA	NA	No	NA	NA	NA	NA	NA	NA	NA	NA	No	NA
SRR16974650	Pichiales	NA	NA	NA	No	NA	NA	NA	NA	NA	NA	NA	NA	NA	NA	NA	No	NA	NA	NA	NA	NA	NA	NA	NA	NA	NA	NA	No	NA	NA	NA	NA	NA	NA	NA	NA	NA	NA	NA	No	NA	NA	NA	NA	NA	NA	NA	NA	NA	NA	NA	Yes	NA	NA	NA	NA	NA	NA	NA	NA	NA	NA	NA	Yes	NA	NA	NA	NA	NA	NA	NA	NA	NA	NA	NA	Yes	NA	NA	NA	NA	NA	NA	NA	NA	NA	NA	NA	Yes	NA	NA	NA	NA	NA	NA	NA	NA	NA	NA	NA	Yes	NA	NA	NA	NA	NA	NA	NA	NA	NA	NA	NA	No	NA	NA	NA	NA	NA	NA	NA	NA	NA	NA	NA	NA
SRR16974649	Pichiales	NA	NA	NA	No	NA	NA	NA	NA	NA	NA	NA	NA	NA	NA	NA	No	NA	NA	NA	NA	NA	NA	NA	NA	NA	NA	NA	Yes	NA	NA	NA	NA	NA	NA	NA	NA	NA	NA	NA	Yes	NA	NA	NA	NA	NA	NA	NA	NA	NA	NA	NA	Yes	NA	NA	NA	NA	NA	NA	NA	NA	NA	NA	NA	Yes	NA	NA	NA	NA	NA	NA	NA	NA	NA	NA	NA	Yes	NA	NA	NA	NA	NA	NA	NA	NA	NA	NA	NA	Yes	NA	NA	NA	NA	NA	NA	NA	NA	NA	NA	NA	Yes	NA	NA	NA	NA	NA	NA	NA	NA	NA	NA	NA	No	NA	NA	NA	NA	NA	NA	NA	NA	NA	NA	NA	NA
SRR16974648	Pichiales	NA	NA	NA	NA	NA	NA	NA	NA	NA	NA	NA	NA	NA	NA	NA	NA	NA	NA	NA	NA	NA	NA	NA	NA	NA	NA	NA	NA	NA	NA	NA	NA	NA	NA	NA	NA	NA	NA	NA	NA	NA	NA	NA	NA	NA	NA	NA	NA	NA	NA	NA	NA	NA	NA	NA	NA	NA	NA	NA	NA	NA	NA	NA	NA	NA	NA	NA	NA	NA	NA	NA	NA	NA	NA	NA	NA	NA	NA	NA	NA	NA	NA	NA	NA	NA	NA	NA	NA	NA	NA	NA	NA	NA	NA	NA	NA	NA	NA	NA	NA	NA	NA	NA	NA	NA	NA	NA	NA	NA	NA	NA	NA	NA	NA	NA	NA	NA	NA	NA	NA	NA	NA	NA	NA
SRR16974646	Pichiales	NA	NA	NA	Yes	NA	NA	NA	NA	NA	NA	NA	NA	NA	NA	NA	Yes	NA	NA	NA	NA	NA	NA	NA	NA	NA	NA	NA	No	NA	NA	NA	NA	NA	NA	NA	NA	NA	NA	NA	Yes	NA	NA	NA	NA	NA	NA	NA	NA	NA	NA	NA	Yes	NA	NA	NA	NA	NA	NA	NA	NA	NA	NA	NA	Yes	NA	NA	NA	NA	NA	NA	NA	NA	NA	NA	NA	Yes	NA	NA	NA	NA	NA	NA	NA	NA	NA	NA	NA	Yes	NA	NA	NA	NA	NA	NA	NA	NA	NA	NA	NA	No	NA	NA	NA	NA	NA	NA	NA	NA	NA	NA	NA	Yes	NA	NA	NA	NA	NA	NA	NA	NA	NA	NA	NA	NA
SRR16974617	Serinales	NA	NA	Yes	NA	NA	NA	NA	NA	NA	NA	NA	NA	NA	NA	Yes	NA	NA	NA	NA	NA	NA	NA	NA	NA	NA	NA	No	NA	NA	NA	NA	NA	NA	NA	NA	NA	NA	NA	Yes	NA	NA	NA	NA	NA	NA	NA	NA	NA	NA	NA	No	NA	NA	NA	NA	NA	NA	NA	NA	NA	NA	NA	Yes	NA	NA	NA	NA	NA	NA	NA	NA	NA	NA	NA	No	NA	NA	NA	NA	NA	NA	NA	NA	NA	NA	NA	Yes	NA	NA	NA	NA	NA	NA	NA	NA	NA	NA	NA	No	NA	NA	NA	NA	NA	NA	NA	NA	NA	NA	NA	No	NA	NA	NA	NA	NA	NA	NA	NA	NA	Yes	NA	NA	NA
SRR16974616	Phaffomycetales	NA	NA	NA	NA	NA	Yes	NA	NA	NA	NA	NA	NA	NA	NA	NA	NA	NA	Yes	NA	NA	NA	NA	NA	NA	NA	NA	NA	NA	NA	No	NA	NA	NA	NA	NA	NA	NA	NA	NA	NA	NA	No	NA	NA	NA	NA	NA	NA	NA	NA	NA	NA	NA	Yes	NA	NA	NA	NA	NA	NA	NA	NA	NA	NA	NA	Yes	NA	NA	NA	NA	NA	NA	NA	NA	NA	NA	NA	Yes	NA	NA	NA	NA	NA	NA	NA	NA	NA	NA	NA	Yes	NA	NA	NA	NA	NA	NA	NA	NA	NA	NA	NA	No	NA	NA	NA	NA	NA	NA	NA	NA	NA	NA	NA	No	NA	NA	NA	NA	NA	NA	NA	NA	Yes	NA
SRR16974615	Phaffomycetales	NA	NA	NA	NA	NA	Yes	NA	NA	NA	NA	NA	NA	NA	NA	NA	NA	NA	Yes	NA	NA	NA	NA	NA	NA	NA	NA	NA	NA	NA	No	NA	NA	NA	NA	NA	NA	NA	NA	NA	NA	NA	No	NA	NA	NA	NA	NA	NA	NA	NA	NA	NA	NA	Yes	NA	NA	NA	NA	NA	NA	NA	NA	NA	NA	NA	No	NA	NA	NA	NA	NA	NA	NA	NA	NA	NA	NA	Yes	NA	NA	NA	NA	NA	NA	NA	NA	NA	NA	NA	No	NA	NA	NA	NA	NA	NA	NA	NA	NA	NA	NA	No	NA	NA	NA	NA	NA	NA	NA	NA	NA	NA	NA	No	NA	NA	NA	NA	NA	NA	NA	NA	Yes	NA
SRR16974614	Phaffomycetales	NA	NA	NA	NA	NA	Yes	NA	NA	NA	NA	NA	NA	NA	NA	NA	NA	NA	Yes	NA	NA	NA	NA	NA	NA	NA	NA	NA	NA	NA	No	NA	NA	NA	NA	NA	NA	NA	NA	NA	NA	NA	No	NA	NA	NA	NA	NA	NA	NA	NA	NA	NA	NA	No	NA	NA	NA	NA	NA	NA	NA	NA	NA	NA	NA	Yes	NA	NA	NA	NA	NA	NA	NA	NA	NA	NA	NA	Yes	NA	NA	NA	NA	NA	NA	NA	NA	NA	NA	NA	No	NA	NA	NA	NA	NA	NA	NA	NA	NA	NA	NA	No	NA	NA	NA	NA	NA	NA	NA	NA	NA	NA	NA	No	NA	NA	NA	NA	NA	NA	NA	NA	Yes	NA
SRR16974613	Phaffomycetales	NA	NA	NA	NA	NA	Yes	NA	NA	NA	NA	NA	NA	NA	NA	NA	NA	NA	Yes	NA	NA	NA	NA	NA	NA	NA	NA	NA	NA	NA	No	NA	NA	NA	NA	NA	NA	NA	NA	NA	NA	NA	Yes	NA	NA	NA	NA	NA	NA	NA	NA	NA	NA	NA	Yes	NA	NA	NA	NA	NA	NA	NA	NA	NA	NA	NA	Yes	NA	NA	NA	NA	NA	NA	NA	NA	NA	NA	NA	Yes	NA	NA	NA	NA	NA	NA	NA	NA	NA	NA	NA	Yes	NA	NA	NA	NA	NA	NA	NA	NA	NA	NA	NA	No	NA	NA	NA	NA	NA	NA	NA	NA	NA	NA	NA	No	NA	NA	NA	NA	NA	NA	NA	NA	Yes	NA
SRR16974612	Phaffomycetales	NA	NA	NA	NA	NA	Yes	NA	NA	NA	NA	NA	NA	NA	NA	NA	NA	NA	Yes	NA	NA	NA	NA	NA	NA	NA	NA	NA	NA	NA	No	NA	NA	NA	NA	NA	NA	NA	NA	NA	NA	NA	No	NA	NA	NA	NA	NA	NA	NA	NA	NA	NA	NA	No	NA	NA	NA	NA	NA	NA	NA	NA	NA	NA	NA	Yes	NA	NA	NA	NA	NA	NA	NA	NA	NA	NA	NA	Yes	NA	NA	NA	NA	NA	NA	NA	NA	NA	NA	NA	Yes	NA	NA	NA	NA	NA	NA	NA	NA	NA	NA	NA	No	NA	NA	NA	NA	NA	NA	NA	NA	NA	NA	NA	Yes	NA	NA	NA	NA	NA	NA	NA	NA	Yes	NA
SRR16974611	Phaffomycetales	NA	NA	NA	NA	NA	Yes	NA	NA	NA	NA	NA	NA	NA	NA	NA	NA	NA	Yes	NA	NA	NA	NA	NA	NA	NA	NA	NA	NA	NA	No	NA	NA	NA	NA	NA	NA	NA	NA	NA	NA	NA	Yes	NA	NA	NA	NA	NA	NA	NA	NA	NA	NA	NA	Yes	NA	NA	NA	NA	NA	NA	NA	NA	NA	NA	NA	Yes	NA	NA	NA	NA	NA	NA	NA	NA	NA	NA	NA	Yes	NA	NA	NA	NA	NA	NA	NA	NA	NA	NA	NA	Yes	NA	NA	NA	NA	NA	NA	NA	NA	NA	NA	NA	No	NA	NA	NA	NA	NA	NA	NA	NA	NA	NA	NA	Yes	NA	NA	NA	NA	NA	NA	NA	NA	No	NA
SRR16974610	Dipodascales	NA	NA	NA	NA	NA	NA	NA	NA	NA	NA	NA	NA	NA	NA	NA	NA	NA	NA	NA	NA	NA	NA	NA	NA	NA	NA	NA	NA	NA	NA	NA	NA	NA	NA	NA	NA	NA	NA	NA	NA	NA	NA	NA	NA	NA	NA	NA	NA	NA	NA	NA	NA	NA	NA	NA	NA	NA	NA	NA	NA	NA	NA	NA	NA	NA	NA	NA	NA	NA	NA	NA	NA	NA	NA	NA	NA	NA	NA	NA	NA	NA	NA	NA	NA	NA	NA	NA	NA	NA	NA	NA	NA	NA	NA	NA	NA	NA	NA	NA	NA	NA	NA	NA	NA	NA	NA	NA	NA	NA	NA	NA	NA	NA	NA	NA	NA	NA	NA	NA	NA	NA	NA	NA	NA
SRR16974609	Dipodascales	NA	NA	NA	NA	Yes	NA	NA	NA	NA	NA	NA	NA	NA	NA	NA	NA	Yes	NA	NA	NA	NA	NA	NA	NA	NA	NA	NA	NA	Yes	NA	NA	NA	NA	NA	NA	NA	NA	NA	NA	NA	Yes	NA	NA	NA	NA	NA	NA	NA	NA	NA	NA	NA	Yes	NA	NA	NA	NA	NA	NA	NA	NA	NA	NA	NA	Yes	NA	NA	NA	NA	NA	NA	NA	NA	NA	NA	NA	No	NA	NA	NA	NA	NA	NA	NA	NA	NA	NA	NA	Yes	NA	NA	NA	NA	NA	NA	NA	NA	NA	NA	NA	Yes	NA	NA	NA	NA	NA	NA	NA	NA	NA	NA	NA	Yes	NA	NA	NA	NA	NA	NA	NA	NA	NA	NA	NA
SRR16974607	Dipodascales	NA	NA	NA	NA	Yes	NA	NA	NA	NA	NA	NA	NA	NA	NA	NA	NA	Yes	NA	NA	NA	NA	NA	NA	NA	NA	NA	NA	NA	No	NA	NA	NA	NA	NA	NA	NA	NA	NA	NA	NA	Yes	NA	NA	NA	NA	NA	NA	NA	NA	NA	NA	NA	Yes	NA	NA	NA	NA	NA	NA	NA	NA	NA	NA	NA	Yes	NA	NA	NA	NA	NA	NA	NA	NA	NA	NA	NA	Yes	NA	NA	NA	NA	NA	NA	NA	NA	NA	NA	NA	Yes	NA	NA	NA	NA	NA	NA	NA	NA	NA	NA	NA	Yes	NA	NA	NA	NA	NA	NA	NA	NA	NA	NA	NA	No	NA	NA	NA	NA	NA	NA	NA	NA	NA	NA	NA
SRR16974606	Serinales	NA	NA	Yes	NA	NA	NA	NA	NA	NA	NA	NA	NA	NA	NA	Yes	NA	NA	NA	NA	NA	NA	NA	NA	NA	NA	NA	Yes	NA	NA	NA	NA	NA	NA	NA	NA	NA	NA	NA	Yes	NA	NA	NA	NA	NA	NA	NA	NA	NA	NA	NA	NA	NA	NA	NA	NA	NA	NA	NA	NA	NA	NA	NA	NA	NA	NA	NA	NA	NA	NA	NA	NA	NA	NA	NA	No	NA	NA	NA	NA	NA	NA	NA	NA	NA	NA	NA	Yes	NA	NA	NA	NA	NA	NA	NA	NA	NA	NA	NA	NA	NA	NA	NA	NA	NA	NA	NA	NA	NA	NA	NA	Yes	NA	NA	NA	NA	NA	NA	NA	NA	NA	NA	NA	NA	NA
SRR16974605	Serinales	NA	NA	Yes	NA	NA	NA	NA	NA	NA	NA	NA	NA	NA	NA	Yes	NA	NA	NA	NA	NA	NA	NA	NA	NA	NA	NA	Yes	NA	NA	NA	NA	NA	NA	NA	NA	NA	NA	NA	Yes	NA	NA	NA	NA	NA	NA	NA	NA	NA	NA	NA	Yes	NA	NA	NA	NA	NA	NA	NA	NA	NA	NA	NA	Yes	NA	NA	NA	NA	NA	NA	NA	NA	NA	NA	NA	No	NA	NA	NA	NA	NA	NA	NA	NA	NA	NA	NA	Yes	NA	NA	NA	NA	NA	NA	NA	NA	NA	NA	NA	Yes	NA	NA	NA	NA	NA	NA	NA	NA	NA	NA	NA	Yes	NA	NA	NA	NA	NA	NA	NA	NA	NA	No	NA	NA	NA
SRR16974604	Serinales	NA	NA	Yes	NA	NA	NA	NA	NA	NA	NA	NA	NA	NA	NA	Yes	NA	NA	NA	NA	NA	NA	NA	NA	NA	NA	NA	Yes	NA	NA	NA	NA	NA	NA	NA	NA	NA	NA	NA	Yes	NA	NA	NA	NA	NA	NA	NA	NA	NA	NA	NA	Yes	NA	NA	NA	NA	NA	NA	NA	NA	NA	NA	NA	No	NA	NA	NA	NA	NA	NA	NA	NA	NA	NA	NA	No	NA	NA	NA	NA	NA	NA	NA	NA	NA	NA	NA	Yes	NA	NA	NA	NA	NA	NA	NA	NA	NA	NA	NA	No	NA	NA	NA	NA	NA	NA	NA	NA	NA	NA	NA	No	NA	NA	NA	NA	NA	NA	NA	NA	NA	No	NA	NA	NA
SRR16974603	Serinales	NA	NA	Yes	NA	NA	NA	NA	NA	NA	NA	NA	NA	NA	NA	Yes	NA	NA	NA	NA	NA	NA	NA	NA	NA	NA	NA	Yes	NA	NA	NA	NA	NA	NA	NA	NA	NA	NA	NA	Yes	NA	NA	NA	NA	NA	NA	NA	NA	NA	NA	NA	Yes	NA	NA	NA	NA	NA	NA	NA	NA	NA	NA	NA	Yes	NA	NA	NA	NA	NA	NA	NA	NA	NA	NA	NA	Yes	NA	NA	NA	NA	NA	NA	NA	NA	NA	NA	NA	Yes	NA	NA	NA	NA	NA	NA	NA	NA	NA	NA	NA	No	NA	NA	NA	NA	NA	NA	NA	NA	NA	NA	NA	NA	NA	NA	NA	NA	NA	NA	NA	NA	NA	No	NA	NA	NA
SRR16974602	Serinales	NA	NA	Yes	NA	NA	NA	NA	NA	NA	NA	NA	NA	NA	NA	Yes	NA	NA	NA	NA	NA	NA	NA	NA	NA	NA	NA	Yes	NA	NA	NA	NA	NA	NA	NA	NA	NA	NA	NA	Yes	NA	NA	NA	NA	NA	NA	NA	NA	NA	NA	NA	Yes	NA	NA	NA	NA	NA	NA	NA	NA	NA	NA	NA	Yes	NA	NA	NA	NA	NA	NA	NA	NA	NA	NA	NA	No	NA	NA	NA	NA	NA	NA	NA	NA	NA	NA	NA	Yes	NA	NA	NA	NA	NA	NA	NA	NA	NA	NA	NA	No	NA	NA	NA	NA	NA	NA	NA	NA	NA	NA	NA	No	NA	NA	NA	NA	NA	NA	NA	NA	NA	Yes	NA	NA	NA
SRR16974601	Serinales	NA	NA	Yes	NA	NA	NA	NA	NA	NA	NA	NA	NA	NA	NA	Yes	NA	NA	NA	NA	NA	NA	NA	NA	NA	NA	NA	Yes	NA	NA	NA	NA	NA	NA	NA	NA	NA	NA	NA	Yes	NA	NA	NA	NA	NA	NA	NA	NA	NA	NA	NA	Yes	NA	NA	NA	NA	NA	NA	NA	NA	NA	NA	NA	No	NA	NA	NA	NA	NA	NA	NA	NA	NA	NA	NA	No	NA	NA	NA	NA	NA	NA	NA	NA	NA	NA	NA	Yes	NA	NA	NA	NA	NA	NA	NA	NA	NA	NA	NA	No	NA	NA	NA	NA	NA	NA	NA	NA	NA	NA	NA	No	NA	NA	NA	NA	NA	NA	NA	NA	NA	No	NA	NA	NA
SRR16974600	Serinales	NA	NA	Yes	NA	NA	NA	NA	NA	NA	NA	NA	NA	NA	NA	Yes	NA	NA	NA	NA	NA	NA	NA	NA	NA	NA	NA	Yes	NA	NA	NA	NA	NA	NA	NA	NA	NA	NA	NA	Yes	NA	NA	NA	NA	NA	NA	NA	NA	NA	NA	NA	Yes	NA	NA	NA	NA	NA	NA	NA	NA	NA	NA	NA	Yes	NA	NA	NA	NA	NA	NA	NA	NA	NA	NA	NA	No	NA	NA	NA	NA	NA	NA	NA	NA	NA	NA	NA	Yes	NA	NA	NA	NA	NA	NA	NA	NA	NA	NA	NA	No	NA	NA	NA	NA	NA	NA	NA	NA	NA	NA	NA	NA	NA	NA	NA	NA	NA	NA	NA	NA	NA	No	NA	NA	NA
SRR16974599	Serinales	NA	NA	Yes	NA	NA	NA	NA	NA	NA	NA	NA	NA	NA	NA	Yes	NA	NA	NA	NA	NA	NA	NA	NA	NA	NA	NA	Yes	NA	NA	NA	NA	NA	NA	NA	NA	NA	NA	NA	Yes	NA	NA	NA	NA	NA	NA	NA	NA	NA	NA	NA	Yes	NA	NA	NA	NA	NA	NA	NA	NA	NA	NA	NA	Yes	NA	NA	NA	NA	NA	NA	NA	NA	NA	NA	NA	No	NA	NA	NA	NA	NA	NA	NA	NA	NA	NA	NA	Yes	NA	NA	NA	NA	NA	NA	NA	NA	NA	NA	NA	No	NA	NA	NA	NA	NA	NA	NA	NA	NA	NA	NA	No	NA	NA	NA	NA	NA	NA	NA	NA	NA	Yes	NA	NA	NA
SRR16974598	Phaffomycetales	NA	NA	NA	NA	NA	Yes	NA	NA	NA	NA	NA	NA	NA	NA	NA	NA	NA	Yes	NA	NA	NA	NA	NA	NA	NA	NA	NA	NA	NA	No	NA	NA	NA	NA	NA	NA	NA	NA	NA	NA	NA	No	NA	NA	NA	NA	NA	NA	NA	NA	NA	NA	NA	Yes	NA	NA	NA	NA	NA	NA	NA	NA	NA	NA	NA	Yes	NA	NA	NA	NA	NA	NA	NA	NA	NA	NA	NA	Yes	NA	NA	NA	NA	NA	NA	NA	NA	NA	NA	NA	Yes	NA	NA	NA	NA	NA	NA	NA	NA	NA	NA	NA	No	NA	NA	NA	NA	NA	NA	NA	NA	NA	NA	NA	Yes	NA	NA	NA	NA	NA	NA	NA	NA	No	NA
SRR16974596	Phaffomycetales	NA	NA	NA	NA	NA	Yes	NA	NA	NA	NA	NA	NA	NA	NA	NA	NA	NA	Yes	NA	NA	NA	NA	NA	NA	NA	NA	NA	NA	NA	No	NA	NA	NA	NA	NA	NA	NA	NA	NA	NA	NA	Yes	NA	NA	NA	NA	NA	NA	NA	NA	NA	NA	NA	Yes	NA	NA	NA	NA	NA	NA	NA	NA	NA	NA	NA	Yes	NA	NA	NA	NA	NA	NA	NA	NA	NA	NA	NA	Yes	NA	NA	NA	NA	NA	NA	NA	NA	NA	NA	NA	Yes	NA	NA	NA	NA	NA	NA	NA	NA	NA	NA	NA	No	NA	NA	NA	NA	NA	NA	NA	NA	NA	NA	NA	Yes	NA	NA	NA	NA	NA	NA	NA	NA	No	NA
SRR16974595	Phaffomycetales	NA	NA	NA	NA	NA	Yes	NA	NA	NA	NA	NA	NA	NA	NA	NA	NA	NA	Yes	NA	NA	NA	NA	NA	NA	NA	NA	NA	NA	NA	Yes	NA	NA	NA	NA	NA	NA	NA	NA	NA	NA	NA	Yes	NA	NA	NA	NA	NA	NA	NA	NA	NA	NA	NA	Yes	NA	NA	NA	NA	NA	NA	NA	NA	NA	NA	NA	Yes	NA	NA	NA	NA	NA	NA	NA	NA	NA	NA	NA	Yes	NA	NA	NA	NA	NA	NA	NA	NA	NA	NA	NA	Yes	NA	NA	NA	NA	NA	NA	NA	NA	NA	NA	NA	No	NA	NA	NA	NA	NA	NA	NA	NA	NA	NA	NA	NA	NA	NA	NA	NA	NA	NA	NA	NA	No	NA
SRR16974594	Phaffomycetales	NA	NA	NA	NA	NA	Yes	NA	NA	NA	NA	NA	NA	NA	NA	NA	NA	NA	Yes	NA	NA	NA	NA	NA	NA	NA	NA	NA	NA	NA	Yes	NA	NA	NA	NA	NA	NA	NA	NA	NA	NA	NA	Yes	NA	NA	NA	NA	NA	NA	NA	NA	NA	NA	NA	Yes	NA	NA	NA	NA	NA	NA	NA	NA	NA	NA	NA	Yes	NA	NA	NA	NA	NA	NA	NA	NA	NA	NA	NA	Yes	NA	NA	NA	NA	NA	NA	NA	NA	NA	NA	NA	Yes	NA	NA	NA	NA	NA	NA	NA	NA	NA	NA	NA	No	NA	NA	NA	NA	NA	NA	NA	NA	NA	NA	NA	Yes	NA	NA	NA	NA	NA	NA	NA	NA	No	NA
SRR16974593	Phaffomycetales	NA	NA	NA	NA	NA	Yes	NA	NA	NA	NA	NA	NA	NA	NA	NA	NA	NA	Yes	NA	NA	NA	NA	NA	NA	NA	NA	NA	NA	NA	Yes	NA	NA	NA	NA	NA	NA	NA	NA	NA	NA	NA	Yes	NA	NA	NA	NA	NA	NA	NA	NA	NA	NA	NA	Yes	NA	NA	NA	NA	NA	NA	NA	NA	NA	NA	NA	Yes	NA	NA	NA	NA	NA	NA	NA	NA	NA	NA	NA	Yes	NA	NA	NA	NA	NA	NA	NA	NA	NA	NA	NA	Yes	NA	NA	NA	NA	NA	NA	NA	NA	NA	NA	NA	No	NA	NA	NA	NA	NA	NA	NA	NA	NA	NA	NA	No	NA	NA	NA	NA	NA	NA	NA	NA	Yes	NA
SRR16974592	Phaffomycetales	NA	NA	NA	NA	NA	Yes	NA	NA	NA	NA	NA	NA	NA	NA	NA	NA	NA	Yes	NA	NA	NA	NA	NA	NA	NA	NA	NA	NA	NA	No	NA	NA	NA	NA	NA	NA	NA	NA	NA	NA	NA	Yes	NA	NA	NA	NA	NA	NA	NA	NA	NA	NA	NA	NA	NA	NA	NA	NA	NA	NA	NA	NA	NA	NA	NA	No	NA	NA	NA	NA	NA	NA	NA	NA	NA	NA	NA	Yes	NA	NA	NA	NA	NA	NA	NA	NA	NA	NA	NA	Yes	NA	NA	NA	NA	NA	NA	NA	NA	NA	NA	NA	No	NA	NA	NA	NA	NA	NA	NA	NA	NA	NA	NA	No	NA	NA	NA	NA	NA	NA	NA	NA	No	NA
SRR16974591	Phaffomycetales	NA	NA	NA	NA	NA	Yes	NA	NA	NA	NA	NA	NA	NA	NA	NA	NA	NA	Yes	NA	NA	NA	NA	NA	NA	NA	NA	NA	NA	NA	No	NA	NA	NA	NA	NA	NA	NA	NA	NA	NA	NA	No	NA	NA	NA	NA	NA	NA	NA	NA	NA	NA	NA	NA	NA	NA	NA	NA	NA	NA	NA	NA	NA	NA	NA	NA	NA	NA	NA	NA	NA	NA	NA	NA	NA	NA	NA	Yes	NA	NA	NA	NA	NA	NA	NA	NA	NA	NA	NA	Yes	NA	NA	NA	NA	NA	NA	NA	NA	NA	NA	NA	No	NA	NA	NA	NA	NA	NA	NA	NA	NA	NA	NA	No	NA	NA	NA	NA	NA	NA	NA	NA	No	NA
SRR16974563	Phaffomycetales	NA	NA	NA	NA	NA	Yes	NA	NA	NA	NA	NA	NA	NA	NA	NA	NA	NA	Yes	NA	NA	NA	NA	NA	NA	NA	NA	NA	NA	NA	Yes	NA	NA	NA	NA	NA	NA	NA	NA	NA	NA	NA	Yes	NA	NA	NA	NA	NA	NA	NA	NA	NA	NA	NA	Yes	NA	NA	NA	NA	NA	NA	NA	NA	NA	NA	NA	Yes	NA	NA	NA	NA	NA	NA	NA	NA	NA	NA	NA	Yes	NA	NA	NA	NA	NA	NA	NA	NA	NA	NA	NA	Yes	NA	NA	NA	NA	NA	NA	NA	NA	NA	NA	NA	No	NA	NA	NA	NA	NA	NA	NA	NA	NA	NA	NA	Yes	NA	NA	NA	NA	NA	NA	NA	NA	NA	NA
SRR16974561	Phaffomycetales	NA	NA	NA	NA	NA	Yes	NA	NA	NA	NA	NA	NA	NA	NA	NA	NA	NA	Yes	NA	NA	NA	NA	NA	NA	NA	NA	NA	NA	NA	No	NA	NA	NA	NA	NA	NA	NA	NA	NA	NA	NA	Yes	NA	NA	NA	NA	NA	NA	NA	NA	NA	NA	NA	Yes	NA	NA	NA	NA	NA	NA	NA	NA	NA	NA	NA	Yes	NA	NA	NA	NA	NA	NA	NA	NA	NA	NA	NA	Yes	NA	NA	NA	NA	NA	NA	NA	NA	NA	NA	NA	No	NA	NA	NA	NA	NA	NA	NA	NA	NA	NA	NA	No	NA	NA	NA	NA	NA	NA	NA	NA	NA	NA	NA	No	NA	NA	NA	NA	NA	NA	NA	NA	Yes	NA
SRR16974560	Phaffomycetales	NA	NA	NA	NA	NA	NA	NA	NA	NA	NA	NA	NA	NA	NA	NA	NA	NA	NA	NA	NA	NA	NA	NA	NA	NA	NA	NA	NA	NA	NA	NA	NA	NA	NA	NA	NA	NA	NA	NA	NA	NA	NA	NA	NA	NA	NA	NA	NA	NA	NA	NA	NA	NA	NA	NA	NA	NA	NA	NA	NA	NA	NA	NA	NA	NA	NA	NA	NA	NA	NA	NA	NA	NA	NA	NA	NA	NA	NA	NA	NA	NA	NA	NA	NA	NA	NA	NA	NA	NA	NA	NA	NA	NA	NA	NA	NA	NA	NA	NA	NA	NA	NA	NA	NA	NA	NA	NA	NA	NA	NA	NA	NA	NA	NA	NA	NA	NA	NA	NA	NA	NA	NA	NA	NA
SRR16974559	Phaffomycetales	NA	NA	NA	NA	NA	Yes	NA	NA	NA	NA	NA	NA	NA	NA	NA	NA	NA	Yes	NA	NA	NA	NA	NA	NA	NA	NA	NA	NA	NA	No	NA	NA	NA	NA	NA	NA	NA	NA	NA	NA	NA	Yes	NA	NA	NA	NA	NA	NA	NA	NA	NA	NA	NA	Yes	NA	NA	NA	NA	NA	NA	NA	NA	NA	NA	NA	Yes	NA	NA	NA	NA	NA	NA	NA	NA	NA	NA	NA	Yes	NA	NA	NA	NA	NA	NA	NA	NA	NA	NA	NA	Yes	NA	NA	NA	NA	NA	NA	NA	NA	NA	NA	NA	No	NA	NA	NA	NA	NA	NA	NA	NA	NA	NA	NA	Yes	NA	NA	NA	NA	NA	NA	NA	NA	No	NA
SRR16974557	Phaffomycetales	NA	NA	NA	NA	NA	Yes	NA	NA	NA	NA	NA	NA	NA	NA	NA	NA	NA	Yes	NA	NA	NA	NA	NA	NA	NA	NA	NA	NA	NA	No	NA	NA	NA	NA	NA	NA	NA	NA	NA	NA	NA	Yes	NA	NA	NA	NA	NA	NA	NA	NA	NA	NA	NA	No	NA	NA	NA	NA	NA	NA	NA	NA	NA	NA	NA	Yes	NA	NA	NA	NA	NA	NA	NA	NA	NA	NA	NA	Yes	NA	NA	NA	NA	NA	NA	NA	NA	NA	NA	NA	Yes	NA	NA	NA	NA	NA	NA	NA	NA	NA	NA	NA	No	NA	NA	NA	NA	NA	NA	NA	NA	NA	NA	NA	No	NA	NA	NA	NA	NA	NA	NA	NA	No	NA
SRR16974556	Phaffomycetales	NA	NA	NA	NA	NA	Yes	NA	NA	NA	NA	NA	NA	NA	NA	NA	NA	NA	Yes	NA	NA	NA	NA	NA	NA	NA	NA	NA	NA	NA	No	NA	NA	NA	NA	NA	NA	NA	NA	NA	NA	NA	Yes	NA	NA	NA	NA	NA	NA	NA	NA	NA	NA	NA	Yes	NA	NA	NA	NA	NA	NA	NA	NA	NA	NA	NA	Yes	NA	NA	NA	NA	NA	NA	NA	NA	NA	NA	NA	Yes	NA	NA	NA	NA	NA	NA	NA	NA	NA	NA	NA	Yes	NA	NA	NA	NA	NA	NA	NA	NA	NA	NA	NA	No	NA	NA	NA	NA	NA	NA	NA	NA	NA	NA	NA	No	NA	NA	NA	NA	NA	NA	NA	NA	Yes	NA
SRR16974555	Phaffomycetales	NA	NA	NA	NA	NA	Yes	NA	NA	NA	NA	NA	NA	NA	NA	NA	NA	NA	Yes	NA	NA	NA	NA	NA	NA	NA	NA	NA	NA	NA	Yes	NA	NA	NA	NA	NA	NA	NA	NA	NA	NA	NA	Yes	NA	NA	NA	NA	NA	NA	NA	NA	NA	NA	NA	Yes	NA	NA	NA	NA	NA	NA	NA	NA	NA	NA	NA	Yes	NA	NA	NA	NA	NA	NA	NA	NA	NA	NA	NA	Yes	NA	NA	NA	NA	NA	NA	NA	NA	NA	NA	NA	Yes	NA	NA	NA	NA	NA	NA	NA	NA	NA	NA	NA	No	NA	NA	NA	NA	NA	NA	NA	NA	NA	NA	NA	No	NA	NA	NA	NA	NA	NA	NA	NA	No	NA
SRR16974554	Phaffomycetales	NA	NA	NA	NA	NA	Yes	NA	NA	NA	NA	NA	NA	NA	NA	NA	NA	NA	Yes	NA	NA	NA	NA	NA	NA	NA	NA	NA	NA	NA	No	NA	NA	NA	NA	NA	NA	NA	NA	NA	NA	NA	No	NA	NA	NA	NA	NA	NA	NA	NA	NA	NA	NA	No	NA	NA	NA	NA	NA	NA	NA	NA	NA	NA	NA	Yes	NA	NA	NA	NA	NA	NA	NA	NA	NA	NA	NA	Yes	NA	NA	NA	NA	NA	NA	NA	NA	NA	NA	NA	Yes	NA	NA	NA	NA	NA	NA	NA	NA	NA	NA	NA	No	NA	NA	NA	NA	NA	NA	NA	NA	NA	NA	NA	No	NA	NA	NA	NA	NA	NA	NA	NA	Yes	NA
SRR16974553	Phaffomycetales	NA	NA	NA	NA	NA	Yes	NA	NA	NA	NA	NA	NA	NA	NA	NA	NA	NA	Yes	NA	NA	NA	NA	NA	NA	NA	NA	NA	NA	NA	No	NA	NA	NA	NA	NA	NA	NA	NA	NA	NA	NA	Yes	NA	NA	NA	NA	NA	NA	NA	NA	NA	NA	NA	Yes	NA	NA	NA	NA	NA	NA	NA	NA	NA	NA	NA	Yes	NA	NA	NA	NA	NA	NA	NA	NA	NA	NA	NA	Yes	NA	NA	NA	NA	NA	NA	NA	NA	NA	NA	NA	Yes	NA	NA	NA	NA	NA	NA	NA	NA	NA	NA	NA	No	NA	NA	NA	NA	NA	NA	NA	NA	NA	NA	NA	Yes	NA	NA	NA	NA	NA	NA	NA	NA	No	NA
SRR16974552	Phaffomycetales	NA	NA	NA	NA	NA	Yes	NA	NA	NA	NA	NA	NA	NA	NA	NA	NA	NA	Yes	NA	NA	NA	NA	NA	NA	NA	NA	NA	NA	NA	Yes	NA	NA	NA	NA	NA	NA	NA	NA	NA	NA	NA	Yes	NA	NA	NA	NA	NA	NA	NA	NA	NA	NA	NA	Yes	NA	NA	NA	NA	NA	NA	NA	NA	NA	NA	NA	Yes	NA	NA	NA	NA	NA	NA	NA	NA	NA	NA	NA	Yes	NA	NA	NA	NA	NA	NA	NA	NA	NA	NA	NA	Yes	NA	NA	NA	NA	NA	NA	NA	NA	NA	NA	NA	No	NA	NA	NA	NA	NA	NA	NA	NA	NA	NA	NA	No	NA	NA	NA	NA	NA	NA	NA	NA	No	NA
SRR16974551	Phaffomycetales	NA	NA	NA	NA	NA	Yes	NA	NA	NA	NA	NA	NA	NA	NA	NA	NA	NA	Yes	NA	NA	NA	NA	NA	NA	NA	NA	NA	NA	NA	Yes	NA	NA	NA	NA	NA	NA	NA	NA	NA	NA	NA	Yes	NA	NA	NA	NA	NA	NA	NA	NA	NA	NA	NA	Yes	NA	NA	NA	NA	NA	NA	NA	NA	NA	NA	NA	Yes	NA	NA	NA	NA	NA	NA	NA	NA	NA	NA	NA	Yes	NA	NA	NA	NA	NA	NA	NA	NA	NA	NA	NA	Yes	NA	NA	NA	NA	NA	NA	NA	NA	NA	NA	NA	No	NA	NA	NA	NA	NA	NA	NA	NA	NA	NA	NA	NA	NA	NA	NA	NA	NA	NA	NA	NA	Yes	NA
SRR16974550	Phaffomycetales	NA	NA	NA	NA	NA	Yes	NA	NA	NA	NA	NA	NA	NA	NA	NA	NA	NA	Yes	NA	NA	NA	NA	NA	NA	NA	NA	NA	NA	NA	No	NA	NA	NA	NA	NA	NA	NA	NA	NA	NA	NA	Yes	NA	NA	NA	NA	NA	NA	NA	NA	NA	NA	NA	Yes	NA	NA	NA	NA	NA	NA	NA	NA	NA	NA	NA	Yes	NA	NA	NA	NA	NA	NA	NA	NA	NA	NA	NA	Yes	NA	NA	NA	NA	NA	NA	NA	NA	NA	NA	NA	Yes	NA	NA	NA	NA	NA	NA	NA	NA	NA	NA	NA	No	NA	NA	NA	NA	NA	NA	NA	NA	NA	NA	NA	No	NA	NA	NA	NA	NA	NA	NA	NA	No	NA
SRR16974549	Dipodascales	NA	NA	NA	NA	No	NA	NA	NA	NA	NA	NA	NA	NA	NA	NA	NA	No	NA	NA	NA	NA	NA	NA	NA	NA	NA	NA	NA	Yes	NA	NA	NA	NA	NA	NA	NA	NA	NA	NA	NA	Yes	NA	NA	NA	NA	NA	NA	NA	NA	NA	NA	NA	Yes	NA	NA	NA	NA	NA	NA	NA	NA	NA	NA	NA	Yes	NA	NA	NA	NA	NA	NA	NA	NA	NA	NA	NA	No	NA	NA	NA	NA	NA	NA	NA	NA	NA	NA	NA	Yes	NA	NA	NA	NA	NA	NA	NA	NA	NA	NA	NA	Yes	NA	NA	NA	NA	NA	NA	NA	NA	NA	NA	NA	No	NA	NA	NA	NA	NA	NA	NA	NA	NA	NA	NA
SRR16974548	Dipodascales	NA	NA	NA	NA	No	NA	NA	NA	NA	NA	NA	NA	NA	NA	NA	NA	No	NA	NA	NA	NA	NA	NA	NA	NA	NA	NA	NA	No	NA	NA	NA	NA	NA	NA	NA	NA	NA	NA	NA	No	NA	NA	NA	NA	NA	NA	NA	NA	NA	NA	NA	No	NA	NA	NA	NA	NA	NA	NA	NA	NA	NA	NA	Yes	NA	NA	NA	NA	NA	NA	NA	NA	NA	NA	NA	Yes	NA	NA	NA	NA	NA	NA	NA	NA	NA	NA	NA	Yes	NA	NA	NA	NA	NA	NA	NA	NA	NA	NA	NA	No	NA	NA	NA	NA	NA	NA	NA	NA	NA	NA	NA	No	NA	NA	NA	NA	NA	NA	NA	NA	NA	NA	NA
SRR16974546	Dipodascales	NA	NA	NA	NA	No	NA	NA	NA	NA	NA	NA	NA	NA	NA	NA	NA	No	NA	NA	NA	NA	NA	NA	NA	NA	NA	NA	NA	No	NA	NA	NA	NA	NA	NA	NA	NA	NA	NA	NA	No	NA	NA	NA	NA	NA	NA	NA	NA	NA	NA	NA	Yes	NA	NA	NA	NA	NA	NA	NA	NA	NA	NA	NA	No	NA	NA	NA	NA	NA	NA	NA	NA	NA	NA	NA	No	NA	NA	NA	NA	NA	NA	NA	NA	NA	NA	NA	No	NA	NA	NA	NA	NA	NA	NA	NA	NA	NA	NA	No	NA	NA	NA	NA	NA	NA	NA	NA	NA	NA	NA	Yes	NA	NA	NA	NA	NA	NA	NA	NA	NA	NA	NA
SRR16974545	Trigonopsidales	NA	NA	NA	NA	NA	NA	No	NA	NA	NA	NA	NA	NA	NA	NA	NA	NA	NA	No	NA	NA	NA	NA	NA	NA	NA	NA	NA	NA	NA	No	NA	NA	NA	NA	NA	NA	NA	NA	NA	NA	NA	No	NA	NA	NA	NA	NA	NA	NA	NA	NA	NA	NA	No	NA	NA	NA	NA	NA	NA	NA	NA	NA	NA	NA	No	NA	NA	NA	NA	NA	NA	NA	NA	NA	NA	NA	No	NA	NA	NA	NA	NA	NA	NA	NA	NA	NA	NA	No	NA	NA	NA	NA	NA	NA	NA	NA	NA	NA	NA	Yes	NA	NA	NA	NA	NA	NA	NA	NA	NA	NA	NA	Yes	NA	NA	NA	NA	NA	NA	NA	NA	NA
SRR16974544	Trigonopsidales	NA	NA	NA	NA	NA	NA	No	NA	NA	NA	NA	NA	NA	NA	NA	NA	NA	NA	No	NA	NA	NA	NA	NA	NA	NA	NA	NA	NA	NA	No	NA	NA	NA	NA	NA	NA	NA	NA	NA	NA	NA	No	NA	NA	NA	NA	NA	NA	NA	NA	NA	NA	NA	No	NA	NA	NA	NA	NA	NA	NA	NA	NA	NA	NA	Yes	NA	NA	NA	NA	NA	NA	NA	NA	NA	NA	NA	Yes	NA	NA	NA	NA	NA	NA	NA	NA	NA	NA	NA	No	NA	NA	NA	NA	NA	NA	NA	NA	NA	NA	NA	Yes	NA	NA	NA	NA	NA	NA	NA	NA	NA	NA	NA	Yes	NA	NA	NA	NA	NA	NA	NA	NA	NA
SRR16974543	Trigonopsidales	NA	NA	NA	NA	NA	NA	NA	NA	NA	NA	NA	NA	NA	NA	NA	NA	NA	NA	NA	NA	NA	NA	NA	NA	NA	NA	NA	NA	NA	NA	NA	NA	NA	NA	NA	NA	NA	NA	NA	NA	NA	NA	NA	NA	NA	NA	NA	NA	NA	NA	NA	NA	NA	NA	NA	NA	NA	NA	NA	NA	NA	NA	NA	NA	NA	NA	NA	NA	NA	NA	NA	NA	NA	NA	NA	NA	NA	NA	NA	NA	NA	NA	NA	NA	NA	NA	NA	NA	NA	NA	NA	NA	NA	NA	NA	NA	NA	NA	NA	NA	NA	NA	NA	NA	NA	NA	NA	NA	NA	NA	NA	NA	NA	NA	NA	NA	NA	NA	NA	NA	NA	NA	NA	NA
SRR16974542	Trigonopsidales	NA	NA	NA	NA	NA	NA	No	NA	NA	NA	NA	NA	NA	NA	NA	NA	NA	NA	No	NA	NA	NA	NA	NA	NA	NA	NA	NA	NA	NA	Yes	NA	NA	NA	NA	NA	NA	NA	NA	NA	NA	NA	Yes	NA	NA	NA	NA	NA	NA	NA	NA	NA	NA	NA	Yes	NA	NA	NA	NA	NA	NA	NA	NA	NA	NA	NA	No	NA	NA	NA	NA	NA	NA	NA	NA	NA	NA	NA	Yes	NA	NA	NA	NA	NA	NA	NA	NA	NA	NA	NA	No	NA	NA	NA	NA	NA	NA	NA	NA	NA	NA	NA	Yes	NA	NA	NA	NA	NA	NA	NA	NA	NA	NA	NA	No	NA	NA	NA	NA	NA	NA	NA	NA	NA
SRR16974541	Trigonopsidales	NA	NA	NA	NA	NA	NA	No	NA	NA	NA	NA	NA	NA	NA	NA	NA	NA	NA	No	NA	NA	NA	NA	NA	NA	NA	NA	NA	NA	NA	No	NA	NA	NA	NA	NA	NA	NA	NA	NA	NA	NA	No	NA	NA	NA	NA	NA	NA	NA	NA	NA	NA	NA	Yes	NA	NA	NA	NA	NA	NA	NA	NA	NA	NA	NA	Yes	NA	NA	NA	NA	NA	NA	NA	NA	NA	NA	NA	Yes	NA	NA	NA	NA	NA	NA	NA	NA	NA	NA	NA	Yes	NA	NA	NA	NA	NA	NA	NA	NA	NA	NA	NA	Yes	NA	NA	NA	NA	NA	NA	NA	NA	NA	NA	NA	No	NA	NA	NA	NA	NA	NA	NA	NA	NA
SRR16974540	Dipodascales	NA	NA	NA	NA	No	NA	NA	NA	NA	NA	NA	NA	NA	NA	NA	NA	No	NA	NA	NA	NA	NA	NA	NA	NA	NA	NA	NA	No	NA	NA	NA	NA	NA	NA	NA	NA	NA	NA	NA	No	NA	NA	NA	NA	NA	NA	NA	NA	NA	NA	NA	No	NA	NA	NA	NA	NA	NA	NA	NA	NA	NA	NA	No	NA	NA	NA	NA	NA	NA	NA	NA	NA	NA	NA	No	NA	NA	NA	NA	NA	NA	NA	NA	NA	NA	NA	No	NA	NA	NA	NA	NA	NA	NA	NA	NA	NA	NA	Yes	NA	NA	NA	NA	NA	NA	NA	NA	NA	NA	NA	No	NA	NA	NA	NA	NA	NA	NA	NA	NA	NA	NA
SRR5938402	Dipodascales	NA	NA	NA	NA	No	NA	NA	NA	NA	NA	NA	NA	NA	NA	NA	NA	No	NA	NA	NA	NA	NA	NA	NA	NA	NA	NA	NA	No	NA	NA	NA	NA	NA	NA	NA	NA	NA	NA	NA	No	NA	NA	NA	NA	NA	NA	NA	NA	NA	NA	NA	Yes	NA	NA	NA	NA	NA	NA	NA	NA	NA	NA	NA	Yes	NA	NA	NA	NA	NA	NA	NA	NA	NA	NA	NA	No	NA	NA	NA	NA	NA	NA	NA	NA	NA	NA	NA	No	NA	NA	NA	NA	NA	NA	NA	NA	NA	NA	NA	Yes	NA	NA	NA	NA	NA	NA	NA	NA	NA	NA	NA	No	NA	NA	NA	NA	NA	NA	NA	NA	NA	NA	NA
SRR16974538	Dipodascales	NA	NA	NA	NA	No	NA	NA	NA	NA	NA	NA	NA	NA	NA	NA	NA	No	NA	NA	NA	NA	NA	NA	NA	NA	NA	NA	NA	No	NA	NA	NA	NA	NA	NA	NA	NA	NA	NA	NA	No	NA	NA	NA	NA	NA	NA	NA	NA	NA	NA	NA	NA	NA	NA	NA	NA	NA	NA	NA	NA	NA	NA	NA	NA	NA	NA	NA	NA	NA	NA	NA	NA	NA	NA	NA	No	NA	NA	NA	NA	NA	NA	NA	NA	NA	NA	NA	No	NA	NA	NA	NA	NA	NA	NA	NA	NA	NA	NA	NA	NA	NA	NA	NA	NA	NA	NA	NA	NA	NA	NA	NA	NA	NA	NA	NA	NA	NA	NA	NA	NA	NA	NA
SRR16988945	Phaffomycetales	NA	NA	NA	NA	NA	NA	NA	NA	NA	NA	NA	NA	NA	NA	NA	NA	NA	NA	NA	NA	NA	NA	NA	NA	NA	NA	NA	NA	NA	NA	NA	NA	NA	NA	NA	NA	NA	NA	NA	NA	NA	NA	NA	NA	NA	NA	NA	NA	NA	NA	NA	NA	NA	NA	NA	NA	NA	NA	NA	NA	NA	NA	NA	NA	NA	NA	NA	NA	NA	NA	NA	NA	NA	NA	NA	NA	NA	NA	NA	NA	NA	NA	NA	NA	NA	NA	NA	NA	NA	NA	NA	NA	NA	NA	NA	NA	NA	NA	NA	NA	NA	NA	NA	NA	NA	NA	NA	NA	NA	NA	NA	NA	NA	NA	NA	NA	NA	NA	NA	NA	NA	NA	NA	NA
SRR16988944	Dipodascales	NA	NA	NA	NA	No	NA	NA	NA	NA	NA	NA	NA	NA	NA	NA	NA	No	NA	NA	NA	NA	NA	NA	NA	NA	NA	NA	NA	Yes	NA	NA	NA	NA	NA	NA	NA	NA	NA	NA	NA	No	NA	NA	NA	NA	NA	NA	NA	NA	NA	NA	NA	Yes	NA	NA	NA	NA	NA	NA	NA	NA	NA	NA	NA	Yes	NA	NA	NA	NA	NA	NA	NA	NA	NA	NA	NA	No	NA	NA	NA	NA	NA	NA	NA	NA	NA	NA	NA	Yes	NA	NA	NA	NA	NA	NA	NA	NA	NA	NA	NA	Yes	NA	NA	NA	NA	NA	NA	NA	NA	NA	NA	NA	NA	NA	NA	NA	NA	NA	NA	NA	NA	NA	NA	NA
SRR5938406	Dipodascales	NA	NA	NA	NA	NA	NA	NA	NA	NA	NA	NA	NA	NA	NA	NA	NA	NA	NA	NA	NA	NA	NA	NA	NA	NA	NA	NA	NA	NA	NA	NA	NA	NA	NA	NA	NA	NA	NA	NA	NA	NA	NA	NA	NA	NA	NA	NA	NA	NA	NA	NA	NA	NA	NA	NA	NA	NA	NA	NA	NA	NA	NA	NA	NA	NA	NA	NA	NA	NA	NA	NA	NA	NA	NA	NA	NA	NA	NA	NA	NA	NA	NA	NA	NA	NA	NA	NA	NA	NA	NA	NA	NA	NA	NA	NA	NA	NA	NA	NA	NA	NA	NA	NA	NA	NA	NA	NA	NA	NA	NA	NA	NA	NA	NA	NA	NA	NA	NA	NA	NA	NA	NA	NA	NA
SRR5938417	Dipodascales	NA	NA	NA	NA	Yes	NA	NA	NA	NA	NA	NA	NA	NA	NA	NA	NA	Yes	NA	NA	NA	NA	NA	NA	NA	NA	NA	NA	NA	No	NA	NA	NA	NA	NA	NA	NA	NA	NA	NA	NA	No	NA	NA	NA	NA	NA	NA	NA	NA	NA	NA	NA	Yes	NA	NA	NA	NA	NA	NA	NA	NA	NA	NA	NA	Yes	NA	NA	NA	NA	NA	NA	NA	NA	NA	NA	NA	No	NA	NA	NA	NA	NA	NA	NA	NA	NA	NA	NA	Yes	NA	NA	NA	NA	NA	NA	NA	NA	NA	NA	NA	Yes	NA	NA	NA	NA	NA	NA	NA	NA	NA	NA	NA	Yes	NA	NA	NA	NA	NA	NA	NA	NA	NA	NA	NA
SRR5938413	Dipodascales	NA	NA	NA	NA	NA	NA	NA	NA	NA	NA	NA	NA	NA	NA	NA	NA	NA	NA	NA	NA	NA	NA	NA	NA	NA	NA	NA	NA	NA	NA	NA	NA	NA	NA	NA	NA	NA	NA	NA	NA	NA	NA	NA	NA	NA	NA	NA	NA	NA	NA	NA	NA	NA	NA	NA	NA	NA	NA	NA	NA	NA	NA	NA	NA	NA	NA	NA	NA	NA	NA	NA	NA	NA	NA	NA	NA	NA	NA	NA	NA	NA	NA	NA	NA	NA	NA	NA	NA	NA	NA	NA	NA	NA	NA	NA	NA	NA	NA	NA	NA	NA	NA	NA	NA	NA	NA	NA	NA	NA	NA	NA	NA	NA	NA	NA	NA	NA	NA	NA	NA	NA	NA	NA	NA
SRR16988838	Sporopachydermiales	NA	NA	NA	NA	NA	NA	NA	NA	NA	NA	Yes	NA	NA	NA	NA	NA	NA	NA	NA	NA	NA	NA	Yes	NA	NA	NA	NA	NA	NA	NA	NA	NA	NA	NA	Yes	NA	NA	NA	NA	NA	NA	NA	NA	NA	NA	NA	Yes	NA	NA	NA	NA	NA	NA	NA	NA	NA	NA	NA	Yes	NA	NA	NA	NA	NA	NA	NA	NA	NA	NA	NA	No	NA	NA	NA	NA	NA	NA	NA	NA	NA	NA	NA	Yes	NA	NA	NA	NA	NA	NA	NA	NA	NA	NA	NA	No	NA	NA	NA	NA	NA	NA	NA	NA	NA	NA	NA	Yes	NA	NA	NA	NA	NA	NA	NA	NA	NA	NA	NA	Yes	NA	NA	NA	NA	NA
SRR16988992	Pichiales	NA	NA	NA	No	NA	NA	NA	NA	NA	NA	NA	NA	NA	NA	NA	No	NA	NA	NA	NA	NA	NA	NA	NA	NA	NA	NA	No	NA	NA	NA	NA	NA	NA	NA	NA	NA	NA	NA	No	NA	NA	NA	NA	NA	NA	NA	NA	NA	NA	NA	No	NA	NA	NA	NA	NA	NA	NA	NA	NA	NA	NA	No	NA	NA	NA	NA	NA	NA	NA	NA	NA	NA	NA	No	NA	NA	NA	NA	NA	NA	NA	NA	NA	NA	NA	Yes	NA	NA	NA	NA	NA	NA	NA	NA	NA	NA	NA	No	NA	NA	NA	NA	NA	NA	NA	NA	NA	NA	NA	No	NA	NA	NA	NA	NA	NA	NA	NA	NA	Yes	NA	NA
SRR16988981	Serinales	NA	NA	No	NA	NA	NA	NA	NA	NA	NA	NA	NA	NA	NA	No	NA	NA	NA	NA	NA	NA	NA	NA	NA	NA	NA	Yes	NA	NA	NA	NA	NA	NA	NA	NA	NA	NA	NA	No	NA	NA	NA	NA	NA	NA	NA	NA	NA	NA	NA	Yes	NA	NA	NA	NA	NA	NA	NA	NA	NA	NA	NA	Yes	NA	NA	NA	NA	NA	NA	NA	NA	NA	NA	NA	No	NA	NA	NA	NA	NA	NA	NA	NA	NA	NA	NA	Yes	NA	NA	NA	NA	NA	NA	NA	NA	NA	NA	NA	Yes	NA	NA	NA	NA	NA	NA	NA	NA	NA	NA	NA	No	NA	NA	NA	NA	NA	NA	NA	NA	NA	NA	NA	NA	NA
SRR16988938	Serinales	NA	NA	Yes	NA	NA	NA	NA	NA	NA	NA	NA	NA	NA	NA	No	NA	NA	NA	NA	NA	NA	NA	NA	NA	NA	NA	No	NA	NA	NA	NA	NA	NA	NA	NA	NA	NA	NA	No	NA	NA	NA	NA	NA	NA	NA	NA	NA	NA	NA	No	NA	NA	NA	NA	NA	NA	NA	NA	NA	NA	NA	Yes	NA	NA	NA	NA	NA	NA	NA	NA	NA	NA	NA	No	NA	NA	NA	NA	NA	NA	NA	NA	NA	NA	NA	Yes	NA	NA	NA	NA	NA	NA	NA	NA	NA	NA	NA	No	NA	NA	NA	NA	NA	NA	NA	NA	NA	NA	NA	No	NA	NA	NA	NA	NA	NA	NA	NA	NA	Yes	NA	NA	NA
SRR16988927	Serinales	NA	NA	Yes	NA	NA	NA	NA	NA	NA	NA	NA	NA	NA	NA	Yes	NA	NA	NA	NA	NA	NA	NA	NA	NA	NA	NA	Yes	NA	NA	NA	NA	NA	NA	NA	NA	NA	NA	NA	Yes	NA	NA	NA	NA	NA	NA	NA	NA	NA	NA	NA	Yes	NA	NA	NA	NA	NA	NA	NA	NA	NA	NA	NA	No	NA	NA	NA	NA	NA	NA	NA	NA	NA	NA	NA	Yes	NA	NA	NA	NA	NA	NA	NA	NA	NA	NA	NA	Yes	NA	NA	NA	NA	NA	NA	NA	NA	NA	NA	NA	No	NA	NA	NA	NA	NA	NA	NA	NA	NA	NA	NA	No	NA	NA	NA	NA	NA	NA	NA	NA	NA	Yes	NA	NA	NA
SRR16988943	Serinales	NA	NA	Yes	NA	NA	NA	NA	NA	NA	NA	NA	NA	NA	NA	Yes	NA	NA	NA	NA	NA	NA	NA	NA	NA	NA	NA	Yes	NA	NA	NA	NA	NA	NA	NA	NA	NA	NA	NA	Yes	NA	NA	NA	NA	NA	NA	NA	NA	NA	NA	NA	Yes	NA	NA	NA	NA	NA	NA	NA	NA	NA	NA	NA	Yes	NA	NA	NA	NA	NA	NA	NA	NA	NA	NA	NA	No	NA	NA	NA	NA	NA	NA	NA	NA	NA	NA	NA	Yes	NA	NA	NA	NA	NA	NA	NA	NA	NA	NA	NA	No	NA	NA	NA	NA	NA	NA	NA	NA	NA	NA	NA	Yes	NA	NA	NA	NA	NA	NA	NA	NA	NA	No	NA	NA	NA
SRR16988878	Pichiales	NA	NA	NA	NA	NA	NA	NA	NA	NA	NA	NA	NA	NA	NA	NA	NA	NA	NA	NA	NA	NA	NA	NA	NA	NA	NA	NA	NA	NA	NA	NA	NA	NA	NA	NA	NA	NA	NA	NA	NA	NA	NA	NA	NA	NA	NA	NA	NA	NA	NA	NA	NA	NA	NA	NA	NA	NA	NA	NA	NA	NA	NA	NA	NA	NA	NA	NA	NA	NA	NA	NA	NA	NA	NA	NA	NA	NA	NA	NA	NA	NA	NA	NA	NA	NA	NA	NA	NA	NA	NA	NA	NA	NA	NA	NA	NA	NA	NA	NA	NA	NA	NA	NA	NA	NA	NA	NA	NA	NA	NA	NA	NA	NA	NA	NA	NA	NA	NA	NA	NA	NA	NA	NA	NA
SRR16988867	Pichiales	NA	NA	NA	NA	NA	NA	NA	NA	NA	NA	NA	NA	NA	NA	NA	NA	NA	NA	NA	NA	NA	NA	NA	NA	NA	NA	NA	NA	NA	NA	NA	NA	NA	NA	NA	NA	NA	NA	NA	NA	NA	NA	NA	NA	NA	NA	NA	NA	NA	NA	NA	NA	NA	NA	NA	NA	NA	NA	NA	NA	NA	NA	NA	NA	NA	NA	NA	NA	NA	NA	NA	NA	NA	NA	NA	NA	NA	NA	NA	NA	NA	NA	NA	NA	NA	NA	NA	NA	NA	NA	NA	NA	NA	NA	NA	NA	NA	NA	NA	NA	NA	NA	NA	NA	NA	NA	NA	NA	NA	NA	NA	NA	NA	NA	NA	NA	NA	NA	NA	NA	NA	NA	NA	NA
SRR16988828	Pichiales	NA	NA	NA	NA	NA	NA	NA	NA	NA	NA	NA	NA	NA	NA	NA	NA	NA	NA	NA	NA	NA	NA	NA	NA	NA	NA	NA	NA	NA	NA	NA	NA	NA	NA	NA	NA	NA	NA	NA	NA	NA	NA	NA	NA	NA	NA	NA	NA	NA	NA	NA	NA	NA	NA	NA	NA	NA	NA	NA	NA	NA	NA	NA	NA	NA	NA	NA	NA	NA	NA	NA	NA	NA	NA	NA	NA	NA	NA	NA	NA	NA	NA	NA	NA	NA	NA	NA	NA	NA	NA	NA	NA	NA	NA	NA	NA	NA	NA	NA	NA	NA	NA	NA	NA	NA	NA	NA	NA	NA	NA	NA	NA	NA	NA	NA	NA	NA	NA	NA	NA	NA	NA	NA	NA
SRR16988817	Pichiales	NA	NA	NA	No	NA	NA	NA	NA	NA	NA	NA	NA	NA	NA	NA	No	NA	NA	NA	NA	NA	NA	NA	NA	NA	NA	NA	No	NA	NA	NA	NA	NA	NA	NA	NA	NA	NA	NA	No	NA	NA	NA	NA	NA	NA	NA	NA	NA	NA	NA	No	NA	NA	NA	NA	NA	NA	NA	NA	NA	NA	NA	No	NA	NA	NA	NA	NA	NA	NA	NA	NA	NA	NA	No	NA	NA	NA	NA	NA	NA	NA	NA	NA	NA	NA	Yes	NA	NA	NA	NA	NA	NA	NA	NA	NA	NA	NA	No	NA	NA	NA	NA	NA	NA	NA	NA	NA	NA	NA	No	NA	NA	NA	NA	NA	NA	NA	NA	NA	Yes	NA	NA
SRR16988806	Serinales	NA	NA	Yes	NA	NA	NA	NA	NA	NA	NA	NA	NA	NA	NA	Yes	NA	NA	NA	NA	NA	NA	NA	NA	NA	NA	NA	Yes	NA	NA	NA	NA	NA	NA	NA	NA	NA	NA	NA	No	NA	NA	NA	NA	NA	NA	NA	NA	NA	NA	NA	Yes	NA	NA	NA	NA	NA	NA	NA	NA	NA	NA	NA	Yes	NA	NA	NA	NA	NA	NA	NA	NA	NA	NA	NA	No	NA	NA	NA	NA	NA	NA	NA	NA	NA	NA	NA	Yes	NA	NA	NA	NA	NA	NA	NA	NA	NA	NA	NA	No	NA	NA	NA	NA	NA	NA	NA	NA	NA	NA	NA	No	NA	NA	NA	NA	NA	NA	NA	NA	NA	Yes	NA	NA	NA
SRR16988795	Serinales	NA	NA	NA	NA	NA	NA	NA	NA	NA	NA	NA	NA	NA	NA	NA	NA	NA	NA	NA	NA	NA	NA	NA	NA	NA	NA	NA	NA	NA	NA	NA	NA	NA	NA	NA	NA	NA	NA	NA	NA	NA	NA	NA	NA	NA	NA	NA	NA	NA	NA	NA	NA	NA	NA	NA	NA	NA	NA	NA	NA	NA	NA	NA	NA	NA	NA	NA	NA	NA	NA	NA	NA	NA	NA	NA	NA	NA	NA	NA	NA	NA	NA	NA	NA	NA	NA	NA	NA	NA	NA	NA	NA	NA	NA	NA	NA	NA	NA	NA	NA	NA	NA	NA	NA	NA	NA	NA	NA	NA	NA	NA	NA	NA	NA	NA	NA	NA	NA	NA	NA	NA	NA	NA	NA
SRR16988784	Serinales	NA	NA	Yes	NA	NA	NA	NA	NA	NA	NA	NA	NA	NA	NA	Yes	NA	NA	NA	NA	NA	NA	NA	NA	NA	NA	NA	No	NA	NA	NA	NA	NA	NA	NA	NA	NA	NA	NA	Yes	NA	NA	NA	NA	NA	NA	NA	NA	NA	NA	NA	Yes	NA	NA	NA	NA	NA	NA	NA	NA	NA	NA	NA	Yes	NA	NA	NA	NA	NA	NA	NA	NA	NA	NA	NA	Yes	NA	NA	NA	NA	NA	NA	NA	NA	NA	NA	NA	Yes	NA	NA	NA	NA	NA	NA	NA	NA	NA	NA	NA	Yes	NA	NA	NA	NA	NA	NA	NA	NA	NA	NA	NA	No	NA	NA	NA	NA	NA	NA	NA	NA	NA	Yes	NA	NA	NA
SRR16988773	Serinales	NA	NA	Yes	NA	NA	NA	NA	NA	NA	NA	NA	NA	NA	NA	Yes	NA	NA	NA	NA	NA	NA	NA	NA	NA	NA	NA	Yes	NA	NA	NA	NA	NA	NA	NA	NA	NA	NA	NA	Yes	NA	NA	NA	NA	NA	NA	NA	NA	NA	NA	NA	Yes	NA	NA	NA	NA	NA	NA	NA	NA	NA	NA	NA	No	NA	NA	NA	NA	NA	NA	NA	NA	NA	NA	NA	No	NA	NA	NA	NA	NA	NA	NA	NA	NA	NA	NA	Yes	NA	NA	NA	NA	NA	NA	NA	NA	NA	NA	NA	No	NA	NA	NA	NA	NA	NA	NA	NA	NA	NA	NA	No	NA	NA	NA	NA	NA	NA	NA	NA	NA	No	NA	NA	NA
SRR16988762	Serinales	NA	NA	Yes	NA	NA	NA	NA	NA	NA	NA	NA	NA	NA	NA	Yes	NA	NA	NA	NA	NA	NA	NA	NA	NA	NA	NA	Yes	NA	NA	NA	NA	NA	NA	NA	NA	NA	NA	NA	Yes	NA	NA	NA	NA	NA	NA	NA	NA	NA	NA	NA	Yes	NA	NA	NA	NA	NA	NA	NA	NA	NA	NA	NA	No	NA	NA	NA	NA	NA	NA	NA	NA	NA	NA	NA	No	NA	NA	NA	NA	NA	NA	NA	NA	NA	NA	NA	Yes	NA	NA	NA	NA	NA	NA	NA	NA	NA	NA	NA	Yes	NA	NA	NA	NA	NA	NA	NA	NA	NA	NA	NA	Yes	NA	NA	NA	NA	NA	NA	NA	NA	NA	Yes	NA	NA	NA
SRR16988750	Serinales	NA	NA	Yes	NA	NA	NA	NA	NA	NA	NA	NA	NA	NA	NA	Yes	NA	NA	NA	NA	NA	NA	NA	NA	NA	NA	NA	Yes	NA	NA	NA	NA	NA	NA	NA	NA	NA	NA	NA	Yes	NA	NA	NA	NA	NA	NA	NA	NA	NA	NA	NA	Yes	NA	NA	NA	NA	NA	NA	NA	NA	NA	NA	NA	Yes	NA	NA	NA	NA	NA	NA	NA	NA	NA	NA	NA	No	NA	NA	NA	NA	NA	NA	NA	NA	NA	NA	NA	Yes	NA	NA	NA	NA	NA	NA	NA	NA	NA	NA	NA	No	NA	NA	NA	NA	NA	NA	NA	NA	NA	NA	NA	Yes	NA	NA	NA	NA	NA	NA	NA	NA	NA	Yes	NA	NA	NA
SRR16988739	Dipodascales	NA	NA	NA	NA	No	NA	NA	NA	NA	NA	NA	NA	NA	NA	NA	NA	No	NA	NA	NA	NA	NA	NA	NA	NA	NA	NA	NA	Yes	NA	NA	NA	NA	NA	NA	NA	NA	NA	NA	NA	Yes	NA	NA	NA	NA	NA	NA	NA	NA	NA	NA	NA	No	NA	NA	NA	NA	NA	NA	NA	NA	NA	NA	NA	Yes	NA	NA	NA	NA	NA	NA	NA	NA	NA	NA	NA	No	NA	NA	NA	NA	NA	NA	NA	NA	NA	NA	NA	No	NA	NA	NA	NA	NA	NA	NA	NA	NA	NA	NA	No	NA	NA	NA	NA	NA	NA	NA	NA	NA	NA	NA	No	NA	NA	NA	NA	NA	NA	NA	NA	NA	NA	NA
SRR16988728	Pichiales	NA	NA	NA	No	NA	NA	NA	NA	NA	NA	NA	NA	NA	NA	NA	No	NA	NA	NA	NA	NA	NA	NA	NA	NA	NA	NA	No	NA	NA	NA	NA	NA	NA	NA	NA	NA	NA	NA	No	NA	NA	NA	NA	NA	NA	NA	NA	NA	NA	NA	No	NA	NA	NA	NA	NA	NA	NA	NA	NA	NA	NA	No	NA	NA	NA	NA	NA	NA	NA	NA	NA	NA	NA	Yes	NA	NA	NA	NA	NA	NA	NA	NA	NA	NA	NA	No	NA	NA	NA	NA	NA	NA	NA	NA	NA	NA	NA	No	NA	NA	NA	NA	NA	NA	NA	NA	NA	NA	NA	No	NA	NA	NA	NA	NA	NA	NA	NA	NA	Yes	NA	NA
SRR16988717	Pichiales	NA	NA	NA	NA	NA	NA	NA	NA	NA	NA	NA	NA	NA	NA	NA	NA	NA	NA	NA	NA	NA	NA	NA	NA	NA	NA	NA	NA	NA	NA	NA	NA	NA	NA	NA	NA	NA	NA	NA	NA	NA	NA	NA	NA	NA	NA	NA	NA	NA	NA	NA	NA	NA	NA	NA	NA	NA	NA	NA	NA	NA	NA	NA	NA	NA	NA	NA	NA	NA	NA	NA	NA	NA	NA	NA	NA	NA	NA	NA	NA	NA	NA	NA	NA	NA	NA	NA	NA	NA	NA	NA	NA	NA	NA	NA	NA	NA	NA	NA	NA	NA	NA	NA	NA	NA	NA	NA	NA	NA	NA	NA	NA	NA	NA	NA	NA	NA	NA	NA	NA	NA	NA	NA	NA
SRR16988706	Pichiales	NA	NA	NA	No	NA	NA	NA	NA	NA	NA	NA	NA	NA	NA	NA	No	NA	NA	NA	NA	NA	NA	NA	NA	NA	NA	NA	No	NA	NA	NA	NA	NA	NA	NA	NA	NA	NA	NA	No	NA	NA	NA	NA	NA	NA	NA	NA	NA	NA	NA	No	NA	NA	NA	NA	NA	NA	NA	NA	NA	NA	NA	No	NA	NA	NA	NA	NA	NA	NA	NA	NA	NA	NA	Yes	NA	NA	NA	NA	NA	NA	NA	NA	NA	NA	NA	No	NA	NA	NA	NA	NA	NA	NA	NA	NA	NA	NA	No	NA	NA	NA	NA	NA	NA	NA	NA	NA	NA	NA	No	NA	NA	NA	NA	NA	NA	NA	NA	NA	Yes	NA	NA
SRR16988695	Serinales	NA	NA	No	NA	NA	NA	NA	NA	NA	NA	NA	NA	NA	NA	No	NA	NA	NA	NA	NA	NA	NA	NA	NA	NA	NA	No	NA	NA	NA	NA	NA	NA	NA	NA	NA	NA	NA	Yes	NA	NA	NA	NA	NA	NA	NA	NA	NA	NA	NA	Yes	NA	NA	NA	NA	NA	NA	NA	NA	NA	NA	NA	Yes	NA	NA	NA	NA	NA	NA	NA	NA	NA	NA	NA	No	NA	NA	NA	NA	NA	NA	NA	NA	NA	NA	NA	Yes	NA	NA	NA	NA	NA	NA	NA	NA	NA	NA	NA	No	NA	NA	NA	NA	NA	NA	NA	NA	NA	NA	NA	No	NA	NA	NA	NA	NA	NA	NA	NA	NA	Yes	NA	NA	NA
SRR16988684	Serinales	NA	NA	No	NA	NA	NA	NA	NA	NA	NA	NA	NA	NA	NA	Yes	NA	NA	NA	NA	NA	NA	NA	NA	NA	NA	NA	No	NA	NA	NA	NA	NA	NA	NA	NA	NA	NA	NA	Yes	NA	NA	NA	NA	NA	NA	NA	NA	NA	NA	NA	No	NA	NA	NA	NA	NA	NA	NA	NA	NA	NA	NA	Yes	NA	NA	NA	NA	NA	NA	NA	NA	NA	NA	NA	No	NA	NA	NA	NA	NA	NA	NA	NA	NA	NA	NA	Yes	NA	NA	NA	NA	NA	NA	NA	NA	NA	NA	NA	Yes	NA	NA	NA	NA	NA	NA	NA	NA	NA	NA	NA	No	NA	NA	NA	NA	NA	NA	NA	NA	NA	NA	NA	NA	NA
SRR16988673	Serinales	NA	NA	Yes	NA	NA	NA	NA	NA	NA	NA	NA	NA	NA	NA	Yes	NA	NA	NA	NA	NA	NA	NA	NA	NA	NA	NA	Yes	NA	NA	NA	NA	NA	NA	NA	NA	NA	NA	NA	Yes	NA	NA	NA	NA	NA	NA	NA	NA	NA	NA	NA	Yes	NA	NA	NA	NA	NA	NA	NA	NA	NA	NA	NA	Yes	NA	NA	NA	NA	NA	NA	NA	NA	NA	NA	NA	No	NA	NA	NA	NA	NA	NA	NA	NA	NA	NA	NA	Yes	NA	NA	NA	NA	NA	NA	NA	NA	NA	NA	NA	Yes	NA	NA	NA	NA	NA	NA	NA	NA	NA	NA	NA	No	NA	NA	NA	NA	NA	NA	NA	NA	NA	Yes	NA	NA	NA
SRR16988662	Serinales	NA	NA	Yes	NA	NA	NA	NA	NA	NA	NA	NA	NA	NA	NA	Yes	NA	NA	NA	NA	NA	NA	NA	NA	NA	NA	NA	Yes	NA	NA	NA	NA	NA	NA	NA	NA	NA	NA	NA	Yes	NA	NA	NA	NA	NA	NA	NA	NA	NA	NA	NA	Yes	NA	NA	NA	NA	NA	NA	NA	NA	NA	NA	NA	Yes	NA	NA	NA	NA	NA	NA	NA	NA	NA	NA	NA	No	NA	NA	NA	NA	NA	NA	NA	NA	NA	NA	NA	Yes	NA	NA	NA	NA	NA	NA	NA	NA	NA	NA	NA	No	NA	NA	NA	NA	NA	NA	NA	NA	NA	NA	NA	No	NA	NA	NA	NA	NA	NA	NA	NA	NA	No	NA	NA	NA
SRR16988651	Serinales	NA	NA	Yes	NA	NA	NA	NA	NA	NA	NA	NA	NA	NA	NA	Yes	NA	NA	NA	NA	NA	NA	NA	NA	NA	NA	NA	Yes	NA	NA	NA	NA	NA	NA	NA	NA	NA	NA	NA	Yes	NA	NA	NA	NA	NA	NA	NA	NA	NA	NA	NA	Yes	NA	NA	NA	NA	NA	NA	NA	NA	NA	NA	NA	Yes	NA	NA	NA	NA	NA	NA	NA	NA	NA	NA	NA	No	NA	NA	NA	NA	NA	NA	NA	NA	NA	NA	NA	Yes	NA	NA	NA	NA	NA	NA	NA	NA	NA	NA	NA	No	NA	NA	NA	NA	NA	NA	NA	NA	NA	NA	NA	No	NA	NA	NA	NA	NA	NA	NA	NA	NA	No	NA	NA	NA
SRR16989228	Dipodascales	NA	NA	NA	NA	Yes	NA	NA	NA	NA	NA	NA	NA	NA	NA	NA	NA	Yes	NA	NA	NA	NA	NA	NA	NA	NA	NA	NA	NA	Yes	NA	NA	NA	NA	NA	NA	NA	NA	NA	NA	NA	Yes	NA	NA	NA	NA	NA	NA	NA	NA	NA	NA	NA	Yes	NA	NA	NA	NA	NA	NA	NA	NA	NA	NA	NA	Yes	NA	NA	NA	NA	NA	NA	NA	NA	NA	NA	NA	Yes	NA	NA	NA	NA	NA	NA	NA	NA	NA	NA	NA	Yes	NA	NA	NA	NA	NA	NA	NA	NA	NA	NA	NA	Yes	NA	NA	NA	NA	NA	NA	NA	NA	NA	NA	NA	Yes	NA	NA	NA	NA	NA	NA	NA	NA	NA	NA	NA
SRR16989217	Dipodascales	NA	NA	NA	NA	Yes	NA	NA	NA	NA	NA	NA	NA	NA	NA	NA	NA	Yes	NA	NA	NA	NA	NA	NA	NA	NA	NA	NA	NA	Yes	NA	NA	NA	NA	NA	NA	NA	NA	NA	NA	NA	Yes	NA	NA	NA	NA	NA	NA	NA	NA	NA	NA	NA	Yes	NA	NA	NA	NA	NA	NA	NA	NA	NA	NA	NA	Yes	NA	NA	NA	NA	NA	NA	NA	NA	NA	NA	NA	No	NA	NA	NA	NA	NA	NA	NA	NA	NA	NA	NA	No	NA	NA	NA	NA	NA	NA	NA	NA	NA	NA	NA	Yes	NA	NA	NA	NA	NA	NA	NA	NA	NA	NA	NA	Yes	NA	NA	NA	NA	NA	NA	NA	NA	NA	NA	NA
SRR16989206	Dipodascales	NA	NA	NA	NA	NA	NA	NA	NA	NA	NA	NA	NA	NA	NA	NA	NA	NA	NA	NA	NA	NA	NA	NA	NA	NA	NA	NA	NA	NA	NA	NA	NA	NA	NA	NA	NA	NA	NA	NA	NA	NA	NA	NA	NA	NA	NA	NA	NA	NA	NA	NA	NA	NA	NA	NA	NA	NA	NA	NA	NA	NA	NA	NA	NA	NA	NA	NA	NA	NA	NA	NA	NA	NA	NA	NA	NA	NA	NA	NA	NA	NA	NA	NA	NA	NA	NA	NA	NA	NA	NA	NA	NA	NA	NA	NA	NA	NA	NA	NA	NA	NA	NA	NA	NA	NA	NA	NA	NA	NA	NA	NA	NA	NA	NA	NA	NA	NA	NA	NA	NA	NA	NA	NA	NA
SRR16989195	Dipodascales	NA	NA	NA	NA	Yes	NA	NA	NA	NA	NA	NA	NA	NA	NA	NA	NA	Yes	NA	NA	NA	NA	NA	NA	NA	NA	NA	NA	NA	Yes	NA	NA	NA	NA	NA	NA	NA	NA	NA	NA	NA	Yes	NA	NA	NA	NA	NA	NA	NA	NA	NA	NA	NA	Yes	NA	NA	NA	NA	NA	NA	NA	NA	NA	NA	NA	Yes	NA	NA	NA	NA	NA	NA	NA	NA	NA	NA	NA	No	NA	NA	NA	NA	NA	NA	NA	NA	NA	NA	NA	Yes	NA	NA	NA	NA	NA	NA	NA	NA	NA	NA	NA	Yes	NA	NA	NA	NA	NA	NA	NA	NA	NA	NA	NA	No	NA	NA	NA	NA	NA	NA	NA	NA	NA	NA	NA
SRR16989184	Phaffomycetales	NA	NA	NA	NA	NA	Yes	NA	NA	NA	NA	NA	NA	NA	NA	NA	NA	NA	Yes	NA	NA	NA	NA	NA	NA	NA	NA	NA	NA	NA	No	NA	NA	NA	NA	NA	NA	NA	NA	NA	NA	NA	No	NA	NA	NA	NA	NA	NA	NA	NA	NA	NA	NA	Yes	NA	NA	NA	NA	NA	NA	NA	NA	NA	NA	NA	Yes	NA	NA	NA	NA	NA	NA	NA	NA	NA	NA	NA	Yes	NA	NA	NA	NA	NA	NA	NA	NA	NA	NA	NA	Yes	NA	NA	NA	NA	NA	NA	NA	NA	NA	NA	NA	No	NA	NA	NA	NA	NA	NA	NA	NA	NA	NA	NA	NA	NA	NA	NA	NA	NA	NA	NA	NA	Yes	NA
SRR16989173	Phaffomycetales	NA	NA	NA	NA	NA	Yes	NA	NA	NA	NA	NA	NA	NA	NA	NA	NA	NA	Yes	NA	NA	NA	NA	NA	NA	NA	NA	NA	NA	NA	No	NA	NA	NA	NA	NA	NA	NA	NA	NA	NA	NA	Yes	NA	NA	NA	NA	NA	NA	NA	NA	NA	NA	NA	No	NA	NA	NA	NA	NA	NA	NA	NA	NA	NA	NA	Yes	NA	NA	NA	NA	NA	NA	NA	NA	NA	NA	NA	Yes	NA	NA	NA	NA	NA	NA	NA	NA	NA	NA	NA	Yes	NA	NA	NA	NA	NA	NA	NA	NA	NA	NA	NA	No	NA	NA	NA	NA	NA	NA	NA	NA	NA	NA	NA	Yes	NA	NA	NA	NA	NA	NA	NA	NA	Yes	NA
SRR16989135	Serinales	NA	NA	Yes	NA	NA	NA	NA	NA	NA	NA	NA	NA	NA	NA	Yes	NA	NA	NA	NA	NA	NA	NA	NA	NA	NA	NA	No	NA	NA	NA	NA	NA	NA	NA	NA	NA	NA	NA	Yes	NA	NA	NA	NA	NA	NA	NA	NA	NA	NA	NA	Yes	NA	NA	NA	NA	NA	NA	NA	NA	NA	NA	NA	Yes	NA	NA	NA	NA	NA	NA	NA	NA	NA	NA	NA	Yes	NA	NA	NA	NA	NA	NA	NA	NA	NA	NA	NA	Yes	NA	NA	NA	NA	NA	NA	NA	NA	NA	NA	NA	Yes	NA	NA	NA	NA	NA	NA	NA	NA	NA	NA	NA	Yes	NA	NA	NA	NA	NA	NA	NA	NA	NA	Yes	NA	NA	NA
SRR16989124	Serinales	NA	NA	No	NA	NA	NA	NA	NA	NA	NA	NA	NA	NA	NA	No	NA	NA	NA	NA	NA	NA	NA	NA	NA	NA	NA	No	NA	NA	NA	NA	NA	NA	NA	NA	NA	NA	NA	Yes	NA	NA	NA	NA	NA	NA	NA	NA	NA	NA	NA	Yes	NA	NA	NA	NA	NA	NA	NA	NA	NA	NA	NA	Yes	NA	NA	NA	NA	NA	NA	NA	NA	NA	NA	NA	Yes	NA	NA	NA	NA	NA	NA	NA	NA	NA	NA	NA	Yes	NA	NA	NA	NA	NA	NA	NA	NA	NA	NA	NA	No	NA	NA	NA	NA	NA	NA	NA	NA	NA	NA	NA	Yes	NA	NA	NA	NA	NA	NA	NA	NA	NA	Yes	NA	NA	NA
SRR16989085	Serinales	NA	NA	Yes	NA	NA	NA	NA	NA	NA	NA	NA	NA	NA	NA	Yes	NA	NA	NA	NA	NA	NA	NA	NA	NA	NA	NA	Yes	NA	NA	NA	NA	NA	NA	NA	NA	NA	NA	NA	Yes	NA	NA	NA	NA	NA	NA	NA	NA	NA	NA	NA	Yes	NA	NA	NA	NA	NA	NA	NA	NA	NA	NA	NA	Yes	NA	NA	NA	NA	NA	NA	NA	NA	NA	NA	NA	No	NA	NA	NA	NA	NA	NA	NA	NA	NA	NA	NA	No	NA	NA	NA	NA	NA	NA	NA	NA	NA	NA	NA	No	NA	NA	NA	NA	NA	NA	NA	NA	NA	NA	NA	No	NA	NA	NA	NA	NA	NA	NA	NA	NA	Yes	NA	NA	NA
SRR16989074	Serinales	NA	NA	Yes	NA	NA	NA	NA	NA	NA	NA	NA	NA	NA	NA	Yes	NA	NA	NA	NA	NA	NA	NA	NA	NA	NA	NA	Yes	NA	NA	NA	NA	NA	NA	NA	NA	NA	NA	NA	Yes	NA	NA	NA	NA	NA	NA	NA	NA	NA	NA	NA	Yes	NA	NA	NA	NA	NA	NA	NA	NA	NA	NA	NA	Yes	NA	NA	NA	NA	NA	NA	NA	NA	NA	NA	NA	No	NA	NA	NA	NA	NA	NA	NA	NA	NA	NA	NA	Yes	NA	NA	NA	NA	NA	NA	NA	NA	NA	NA	NA	Yes	NA	NA	NA	NA	NA	NA	NA	NA	NA	NA	NA	Yes	NA	NA	NA	NA	NA	NA	NA	NA	NA	No	NA	NA	NA
SRR16989062	Dipodascales	NA	NA	NA	NA	Yes	NA	NA	NA	NA	NA	NA	NA	NA	NA	NA	NA	Yes	NA	NA	NA	NA	NA	NA	NA	NA	NA	NA	NA	No	NA	NA	NA	NA	NA	NA	NA	NA	NA	NA	NA	Yes	NA	NA	NA	NA	NA	NA	NA	NA	NA	NA	NA	NA	NA	NA	NA	NA	NA	NA	NA	NA	NA	NA	NA	NA	NA	NA	NA	NA	NA	NA	NA	NA	NA	NA	NA	No	NA	NA	NA	NA	NA	NA	NA	NA	NA	NA	NA	No	NA	NA	NA	NA	NA	NA	NA	NA	NA	NA	NA	Yes	NA	NA	NA	NA	NA	NA	NA	NA	NA	NA	NA	Yes	NA	NA	NA	NA	NA	NA	NA	NA	NA	NA	NA
SRR16989023	Pichiales	NA	NA	NA	Yes	NA	NA	NA	NA	NA	NA	NA	NA	NA	NA	NA	Yes	NA	NA	NA	NA	NA	NA	NA	NA	NA	NA	NA	No	NA	NA	NA	NA	NA	NA	NA	NA	NA	NA	NA	Yes	NA	NA	NA	NA	NA	NA	NA	NA	NA	NA	NA	No	NA	NA	NA	NA	NA	NA	NA	NA	NA	NA	NA	Yes	NA	NA	NA	NA	NA	NA	NA	NA	NA	NA	NA	Yes	NA	NA	NA	NA	NA	NA	NA	NA	NA	NA	NA	No	NA	NA	NA	NA	NA	NA	NA	NA	NA	NA	NA	No	NA	NA	NA	NA	NA	NA	NA	NA	NA	NA	NA	Yes	NA	NA	NA	NA	NA	NA	NA	NA	NA	No	NA	NA
SRR16989012	Serinales	NA	NA	Yes	NA	NA	NA	NA	NA	NA	NA	NA	NA	NA	NA	Yes	NA	NA	NA	NA	NA	NA	NA	NA	NA	NA	NA	Yes	NA	NA	NA	NA	NA	NA	NA	NA	NA	NA	NA	Yes	NA	NA	NA	NA	NA	NA	NA	NA	NA	NA	NA	Yes	NA	NA	NA	NA	NA	NA	NA	NA	NA	NA	NA	Yes	NA	NA	NA	NA	NA	NA	NA	NA	NA	NA	NA	No	NA	NA	NA	NA	NA	NA	NA	NA	NA	NA	NA	Yes	NA	NA	NA	NA	NA	NA	NA	NA	NA	NA	NA	No	NA	NA	NA	NA	NA	NA	NA	NA	NA	NA	NA	Yes	NA	NA	NA	NA	NA	NA	NA	NA	NA	Yes	NA	NA	NA
SRR16988973	Serinales	NA	NA	Yes	NA	NA	NA	NA	NA	NA	NA	NA	NA	NA	NA	Yes	NA	NA	NA	NA	NA	NA	NA	NA	NA	NA	NA	No	NA	NA	NA	NA	NA	NA	NA	NA	NA	NA	NA	Yes	NA	NA	NA	NA	NA	NA	NA	NA	NA	NA	NA	Yes	NA	NA	NA	NA	NA	NA	NA	NA	NA	NA	NA	Yes	NA	NA	NA	NA	NA	NA	NA	NA	NA	NA	NA	Yes	NA	NA	NA	NA	NA	NA	NA	NA	NA	NA	NA	Yes	NA	NA	NA	NA	NA	NA	NA	NA	NA	NA	NA	No	NA	NA	NA	NA	NA	NA	NA	NA	NA	NA	NA	Yes	NA	NA	NA	NA	NA	NA	NA	NA	NA	No	NA	NA	NA
SRR16988962	Serinales	NA	NA	Yes	NA	NA	NA	NA	NA	NA	NA	NA	NA	NA	NA	Yes	NA	NA	NA	NA	NA	NA	NA	NA	NA	NA	NA	No	NA	NA	NA	NA	NA	NA	NA	NA	NA	NA	NA	Yes	NA	NA	NA	NA	NA	NA	NA	NA	NA	NA	NA	Yes	NA	NA	NA	NA	NA	NA	NA	NA	NA	NA	NA	No	NA	NA	NA	NA	NA	NA	NA	NA	NA	NA	NA	Yes	NA	NA	NA	NA	NA	NA	NA	NA	NA	NA	NA	Yes	NA	NA	NA	NA	NA	NA	NA	NA	NA	NA	NA	No	NA	NA	NA	NA	NA	NA	NA	NA	NA	NA	NA	No	NA	NA	NA	NA	NA	NA	NA	NA	NA	NA	NA	NA	NA
SRR16988951	Phaffomycetales	NA	NA	NA	NA	NA	Yes	NA	NA	NA	NA	NA	NA	NA	NA	NA	NA	NA	Yes	NA	NA	NA	NA	NA	NA	NA	NA	NA	NA	NA	No	NA	NA	NA	NA	NA	NA	NA	NA	NA	NA	NA	Yes	NA	NA	NA	NA	NA	NA	NA	NA	NA	NA	NA	Yes	NA	NA	NA	NA	NA	NA	NA	NA	NA	NA	NA	Yes	NA	NA	NA	NA	NA	NA	NA	NA	NA	NA	NA	Yes	NA	NA	NA	NA	NA	NA	NA	NA	NA	NA	NA	Yes	NA	NA	NA	NA	NA	NA	NA	NA	NA	NA	NA	No	NA	NA	NA	NA	NA	NA	NA	NA	NA	NA	NA	Yes	NA	NA	NA	NA	NA	NA	NA	NA	No	NA
SRR16988910	Phaffomycetales	NA	NA	NA	NA	NA	Yes	NA	NA	NA	NA	NA	NA	NA	NA	NA	NA	NA	Yes	NA	NA	NA	NA	NA	NA	NA	NA	NA	NA	NA	No	NA	NA	NA	NA	NA	NA	NA	NA	NA	NA	NA	Yes	NA	NA	NA	NA	NA	NA	NA	NA	NA	NA	NA	Yes	NA	NA	NA	NA	NA	NA	NA	NA	NA	NA	NA	Yes	NA	NA	NA	NA	NA	NA	NA	NA	NA	NA	NA	Yes	NA	NA	NA	NA	NA	NA	NA	NA	NA	NA	NA	Yes	NA	NA	NA	NA	NA	NA	NA	NA	NA	NA	NA	No	NA	NA	NA	NA	NA	NA	NA	NA	NA	NA	NA	Yes	NA	NA	NA	NA	NA	NA	NA	NA	No	NA
SRR16988899	Saccharomycetales	Yes	NA	NA	NA	NA	NA	NA	NA	NA	NA	NA	NA	Yes	NA	NA	NA	NA	NA	NA	NA	NA	NA	NA	NA	No	NA	NA	NA	NA	NA	NA	NA	NA	NA	NA	NA	Yes	NA	NA	NA	NA	NA	NA	NA	NA	NA	NA	NA	No	NA	NA	NA	NA	NA	NA	NA	NA	NA	NA	NA	Yes	NA	NA	NA	NA	NA	NA	NA	NA	NA	NA	NA	Yes	NA	NA	NA	NA	NA	NA	NA	NA	NA	NA	NA	Yes	NA	NA	NA	NA	NA	NA	NA	NA	NA	NA	NA	NA	NA	NA	NA	NA	NA	NA	NA	NA	NA	NA	NA	Yes	NA	NA	NA	NA	NA	NA	NA	NA	NA	NA	NA	NA	NA	NA	NA
SRR16988860	Saccharomycetales	No	NA	NA	NA	NA	NA	NA	NA	NA	NA	NA	NA	No	NA	NA	NA	NA	NA	NA	NA	NA	NA	NA	NA	No	NA	NA	NA	NA	NA	NA	NA	NA	NA	NA	NA	Yes	NA	NA	NA	NA	NA	NA	NA	NA	NA	NA	NA	No	NA	NA	NA	NA	NA	NA	NA	NA	NA	NA	NA	Yes	NA	NA	NA	NA	NA	NA	NA	NA	NA	NA	NA	Yes	NA	NA	NA	NA	NA	NA	NA	NA	NA	NA	NA	No	NA	NA	NA	NA	NA	NA	NA	NA	NA	NA	NA	No	NA	NA	NA	NA	NA	NA	NA	NA	NA	NA	NA	Yes	NA	NA	NA	NA	NA	NA	NA	NA	NA	NA	NA	NA	NA	NA	NA
SRR16988849	Saccharomycetales	No	NA	NA	NA	NA	NA	NA	NA	NA	NA	NA	NA	No	NA	NA	NA	NA	NA	NA	NA	NA	NA	NA	NA	Yes	NA	NA	NA	NA	NA	NA	NA	NA	NA	NA	NA	No	NA	NA	NA	NA	NA	NA	NA	NA	NA	NA	NA	No	NA	NA	NA	NA	NA	NA	NA	NA	NA	NA	NA	Yes	NA	NA	NA	NA	NA	NA	NA	NA	NA	NA	NA	No	NA	NA	NA	NA	NA	NA	NA	NA	NA	NA	NA	No	NA	NA	NA	NA	NA	NA	NA	NA	NA	NA	NA	No	NA	NA	NA	NA	NA	NA	NA	NA	NA	NA	NA	No	NA	NA	NA	NA	NA	NA	NA	NA	NA	NA	NA	NA	NA	NA	No
SRR16988837	Dipodascales	NA	NA	NA	NA	No	NA	NA	NA	NA	NA	NA	NA	NA	NA	NA	NA	NA	NA	NA	NA	NA	NA	NA	NA	NA	NA	NA	NA	NA	NA	NA	NA	NA	NA	NA	NA	NA	NA	NA	NA	No	NA	NA	NA	NA	NA	NA	NA	NA	NA	NA	NA	NA	NA	NA	NA	NA	NA	NA	NA	NA	NA	NA	NA	Yes	NA	NA	NA	NA	NA	NA	NA	NA	NA	NA	NA	Yes	NA	NA	NA	NA	NA	NA	NA	NA	NA	NA	NA	Yes	NA	NA	NA	NA	NA	NA	NA	NA	NA	NA	NA	Yes	NA	NA	NA	NA	NA	NA	NA	NA	NA	NA	NA	Yes	NA	NA	NA	NA	NA	NA	NA	NA	NA	NA	NA
SRR16989163	Dipodascales	NA	NA	NA	NA	No	NA	NA	NA	NA	NA	NA	NA	NA	NA	NA	NA	No	NA	NA	NA	NA	NA	NA	NA	NA	NA	NA	NA	Yes	NA	NA	NA	NA	NA	NA	NA	NA	NA	NA	NA	No	NA	NA	NA	NA	NA	NA	NA	NA	NA	NA	NA	No	NA	NA	NA	NA	NA	NA	NA	NA	NA	NA	NA	No	NA	NA	NA	NA	NA	NA	NA	NA	NA	NA	NA	Yes	NA	NA	NA	NA	NA	NA	NA	NA	NA	NA	NA	Yes	NA	NA	NA	NA	NA	NA	NA	NA	NA	NA	NA	NA	NA	NA	NA	NA	NA	NA	NA	NA	NA	NA	NA	NA	NA	NA	NA	NA	NA	NA	NA	NA	NA	NA	NA
SRR16989152	Dipodascales	NA	NA	NA	NA	No	NA	NA	NA	NA	NA	NA	NA	NA	NA	NA	NA	No	NA	NA	NA	NA	NA	NA	NA	NA	NA	NA	NA	Yes	NA	NA	NA	NA	NA	NA	NA	NA	NA	NA	NA	No	NA	NA	NA	NA	NA	NA	NA	NA	NA	NA	NA	No	NA	NA	NA	NA	NA	NA	NA	NA	NA	NA	NA	Yes	NA	NA	NA	NA	NA	NA	NA	NA	NA	NA	NA	Yes	NA	NA	NA	NA	NA	NA	NA	NA	NA	NA	NA	Yes	NA	NA	NA	NA	NA	NA	NA	NA	NA	NA	NA	Yes	NA	NA	NA	NA	NA	NA	NA	NA	NA	NA	NA	No	NA	NA	NA	NA	NA	NA	NA	NA	NA	NA	NA
SRR16989113	Dipodascales	NA	NA	NA	NA	NA	NA	NA	NA	NA	NA	NA	NA	NA	NA	NA	NA	NA	NA	NA	NA	NA	NA	NA	NA	NA	NA	NA	NA	NA	NA	NA	NA	NA	NA	NA	NA	NA	NA	NA	NA	NA	NA	NA	NA	NA	NA	NA	NA	NA	NA	NA	NA	NA	NA	NA	NA	NA	NA	NA	NA	NA	NA	NA	NA	NA	NA	NA	NA	NA	NA	NA	NA	NA	NA	NA	NA	NA	NA	NA	NA	NA	NA	NA	NA	NA	NA	NA	NA	NA	NA	NA	NA	NA	NA	NA	NA	NA	NA	NA	NA	NA	NA	NA	NA	NA	NA	NA	NA	NA	NA	NA	NA	NA	NA	NA	NA	NA	NA	NA	NA	NA	NA	NA	NA
SRR16989102	Dipodascales	NA	NA	NA	NA	No	NA	NA	NA	NA	NA	NA	NA	NA	NA	NA	NA	No	NA	NA	NA	NA	NA	NA	NA	NA	NA	NA	NA	No	NA	NA	NA	NA	NA	NA	NA	NA	NA	NA	NA	No	NA	NA	NA	NA	NA	NA	NA	NA	NA	NA	NA	No	NA	NA	NA	NA	NA	NA	NA	NA	NA	NA	NA	No	NA	NA	NA	NA	NA	NA	NA	NA	NA	NA	NA	No	NA	NA	NA	NA	NA	NA	NA	NA	NA	NA	NA	No	NA	NA	NA	NA	NA	NA	NA	NA	NA	NA	NA	Yes	NA	NA	NA	NA	NA	NA	NA	NA	NA	NA	NA	NA	NA	NA	NA	NA	NA	NA	NA	NA	NA	NA	NA
SRR16989091	Dipodascales	NA	NA	NA	NA	No	NA	NA	NA	NA	NA	NA	NA	NA	NA	NA	NA	No	NA	NA	NA	NA	NA	NA	NA	NA	NA	NA	NA	Yes	NA	NA	NA	NA	NA	NA	NA	NA	NA	NA	NA	No	NA	NA	NA	NA	NA	NA	NA	NA	NA	NA	NA	No	NA	NA	NA	NA	NA	NA	NA	NA	NA	NA	NA	Yes	NA	NA	NA	NA	NA	NA	NA	NA	NA	NA	NA	Yes	NA	NA	NA	NA	NA	NA	NA	NA	NA	NA	NA	Yes	NA	NA	NA	NA	NA	NA	NA	NA	NA	NA	NA	NA	NA	NA	NA	NA	NA	NA	NA	NA	NA	NA	NA	No	NA	NA	NA	NA	NA	NA	NA	NA	NA	NA	NA
SRR5938400	Dipodascales	NA	NA	NA	NA	No	NA	NA	NA	NA	NA	NA	NA	NA	NA	NA	NA	No	NA	NA	NA	NA	NA	NA	NA	NA	NA	NA	NA	Yes	NA	NA	NA	NA	NA	NA	NA	NA	NA	NA	NA	No	NA	NA	NA	NA	NA	NA	NA	NA	NA	NA	NA	Yes	NA	NA	NA	NA	NA	NA	NA	NA	NA	NA	NA	Yes	NA	NA	NA	NA	NA	NA	NA	NA	NA	NA	NA	No	NA	NA	NA	NA	NA	NA	NA	NA	NA	NA	NA	Yes	NA	NA	NA	NA	NA	NA	NA	NA	NA	NA	NA	No	NA	NA	NA	NA	NA	NA	NA	NA	NA	NA	NA	No	NA	NA	NA	NA	NA	NA	NA	NA	NA	NA	NA
SRR16989041	Phaffomycetales	NA	NA	NA	NA	NA	Yes	NA	NA	NA	NA	NA	NA	NA	NA	NA	NA	NA	Yes	NA	NA	NA	NA	NA	NA	NA	NA	NA	NA	NA	No	NA	NA	NA	NA	NA	NA	NA	NA	NA	NA	NA	Yes	NA	NA	NA	NA	NA	NA	NA	NA	NA	NA	NA	Yes	NA	NA	NA	NA	NA	NA	NA	NA	NA	NA	NA	Yes	NA	NA	NA	NA	NA	NA	NA	NA	NA	NA	NA	Yes	NA	NA	NA	NA	NA	NA	NA	NA	NA	NA	NA	Yes	NA	NA	NA	NA	NA	NA	NA	NA	NA	NA	NA	No	NA	NA	NA	NA	NA	NA	NA	NA	NA	NA	NA	Yes	NA	NA	NA	NA	NA	NA	NA	NA	No	NA
SRR16989003	Serinales	NA	NA	Yes	NA	NA	NA	NA	NA	NA	NA	NA	NA	NA	NA	Yes	NA	NA	NA	NA	NA	NA	NA	NA	NA	NA	NA	Yes	NA	NA	NA	NA	NA	NA	NA	NA	NA	NA	NA	Yes	NA	NA	NA	NA	NA	NA	NA	NA	NA	NA	NA	Yes	NA	NA	NA	NA	NA	NA	NA	NA	NA	NA	NA	Yes	NA	NA	NA	NA	NA	NA	NA	NA	NA	NA	NA	No	NA	NA	NA	NA	NA	NA	NA	NA	NA	NA	NA	Yes	NA	NA	NA	NA	NA	NA	NA	NA	NA	NA	NA	No	NA	NA	NA	NA	NA	NA	NA	NA	NA	NA	NA	No	NA	NA	NA	NA	NA	NA	NA	NA	NA	No	NA	NA	NA
SRR16988993	Serinales	NA	NA	Yes	NA	NA	NA	NA	NA	NA	NA	NA	NA	NA	NA	Yes	NA	NA	NA	NA	NA	NA	NA	NA	NA	NA	NA	Yes	NA	NA	NA	NA	NA	NA	NA	NA	NA	NA	NA	Yes	NA	NA	NA	NA	NA	NA	NA	NA	NA	NA	NA	Yes	NA	NA	NA	NA	NA	NA	NA	NA	NA	NA	NA	Yes	NA	NA	NA	NA	NA	NA	NA	NA	NA	NA	NA	No	NA	NA	NA	NA	NA	NA	NA	NA	NA	NA	NA	Yes	NA	NA	NA	NA	NA	NA	NA	NA	NA	NA	NA	No	NA	NA	NA	NA	NA	NA	NA	NA	NA	NA	NA	Yes	NA	NA	NA	NA	NA	NA	NA	NA	NA	No	NA	NA	NA
SRR16988991	Serinales	NA	NA	Yes	NA	NA	NA	NA	NA	NA	NA	NA	NA	NA	NA	Yes	NA	NA	NA	NA	NA	NA	NA	NA	NA	NA	NA	Yes	NA	NA	NA	NA	NA	NA	NA	NA	NA	NA	NA	Yes	NA	NA	NA	NA	NA	NA	NA	NA	NA	NA	NA	No	NA	NA	NA	NA	NA	NA	NA	NA	NA	NA	NA	No	NA	NA	NA	NA	NA	NA	NA	NA	NA	NA	NA	No	NA	NA	NA	NA	NA	NA	NA	NA	NA	NA	NA	Yes	NA	NA	NA	NA	NA	NA	NA	NA	NA	NA	NA	No	NA	NA	NA	NA	NA	NA	NA	NA	NA	NA	NA	No	NA	NA	NA	NA	NA	NA	NA	NA	NA	Yes	NA	NA	NA
SRR16988990	Dipodascales	NA	NA	NA	NA	No	NA	NA	NA	NA	NA	NA	NA	NA	NA	NA	NA	Yes	NA	NA	NA	NA	NA	NA	NA	NA	NA	NA	NA	Yes	NA	NA	NA	NA	NA	NA	NA	NA	NA	NA	NA	No	NA	NA	NA	NA	NA	NA	NA	NA	NA	NA	NA	Yes	NA	NA	NA	NA	NA	NA	NA	NA	NA	NA	NA	Yes	NA	NA	NA	NA	NA	NA	NA	NA	NA	NA	NA	Yes	NA	NA	NA	NA	NA	NA	NA	NA	NA	NA	NA	Yes	NA	NA	NA	NA	NA	NA	NA	NA	NA	NA	NA	Yes	NA	NA	NA	NA	NA	NA	NA	NA	NA	NA	NA	NA	NA	NA	NA	NA	NA	NA	NA	NA	NA	NA	NA
SRR16988989	Dipodascales	NA	NA	NA	NA	No	NA	NA	NA	NA	NA	NA	NA	NA	NA	NA	NA	Yes	NA	NA	NA	NA	NA	NA	NA	NA	NA	NA	NA	Yes	NA	NA	NA	NA	NA	NA	NA	NA	NA	NA	NA	No	NA	NA	NA	NA	NA	NA	NA	NA	NA	NA	NA	No	NA	NA	NA	NA	NA	NA	NA	NA	NA	NA	NA	Yes	NA	NA	NA	NA	NA	NA	NA	NA	NA	NA	NA	Yes	NA	NA	NA	NA	NA	NA	NA	NA	NA	NA	NA	Yes	NA	NA	NA	NA	NA	NA	NA	NA	NA	NA	NA	Yes	NA	NA	NA	NA	NA	NA	NA	NA	NA	NA	NA	No	NA	NA	NA	NA	NA	NA	NA	NA	NA	NA	NA
SRR16988988	Dipodascales	NA	NA	NA	NA	No	NA	NA	NA	NA	NA	NA	NA	NA	NA	NA	NA	Yes	NA	NA	NA	NA	NA	NA	NA	NA	NA	NA	NA	Yes	NA	NA	NA	NA	NA	NA	NA	NA	NA	NA	NA	No	NA	NA	NA	NA	NA	NA	NA	NA	NA	NA	NA	No	NA	NA	NA	NA	NA	NA	NA	NA	NA	NA	NA	Yes	NA	NA	NA	NA	NA	NA	NA	NA	NA	NA	NA	Yes	NA	NA	NA	NA	NA	NA	NA	NA	NA	NA	NA	Yes	NA	NA	NA	NA	NA	NA	NA	NA	NA	NA	NA	Yes	NA	NA	NA	NA	NA	NA	NA	NA	NA	NA	NA	NA	NA	NA	NA	NA	NA	NA	NA	NA	NA	NA	NA
SRR16988987	Dipodascales	NA	NA	NA	NA	No	NA	NA	NA	NA	NA	NA	NA	NA	NA	NA	NA	No	NA	NA	NA	NA	NA	NA	NA	NA	NA	NA	NA	No	NA	NA	NA	NA	NA	NA	NA	NA	NA	NA	NA	No	NA	NA	NA	NA	NA	NA	NA	NA	NA	NA	NA	No	NA	NA	NA	NA	NA	NA	NA	NA	NA	NA	NA	Yes	NA	NA	NA	NA	NA	NA	NA	NA	NA	NA	NA	Yes	NA	NA	NA	NA	NA	NA	NA	NA	NA	NA	NA	Yes	NA	NA	NA	NA	NA	NA	NA	NA	NA	NA	NA	Yes	NA	NA	NA	NA	NA	NA	NA	NA	NA	NA	NA	No	NA	NA	NA	NA	NA	NA	NA	NA	NA	NA	NA
SRR16988986	Dipodascales	NA	NA	NA	NA	Yes	NA	NA	NA	NA	NA	NA	NA	NA	NA	NA	NA	Yes	NA	NA	NA	NA	NA	NA	NA	NA	NA	NA	NA	Yes	NA	NA	NA	NA	NA	NA	NA	NA	NA	NA	NA	No	NA	NA	NA	NA	NA	NA	NA	NA	NA	NA	NA	No	NA	NA	NA	NA	NA	NA	NA	NA	NA	NA	NA	Yes	NA	NA	NA	NA	NA	NA	NA	NA	NA	NA	NA	Yes	NA	NA	NA	NA	NA	NA	NA	NA	NA	NA	NA	Yes	NA	NA	NA	NA	NA	NA	NA	NA	NA	NA	NA	Yes	NA	NA	NA	NA	NA	NA	NA	NA	NA	NA	NA	NA	NA	NA	NA	NA	NA	NA	NA	NA	NA	NA	NA
SRR16988985	Dipodascales	NA	NA	NA	NA	NA	NA	NA	NA	NA	NA	NA	NA	NA	NA	NA	NA	NA	NA	NA	NA	NA	NA	NA	NA	NA	NA	NA	NA	NA	NA	NA	NA	NA	NA	NA	NA	NA	NA	NA	NA	NA	NA	NA	NA	NA	NA	NA	NA	NA	NA	NA	NA	NA	NA	NA	NA	NA	NA	NA	NA	NA	NA	NA	NA	NA	NA	NA	NA	NA	NA	NA	NA	NA	NA	NA	NA	NA	NA	NA	NA	NA	NA	NA	NA	NA	NA	NA	NA	NA	NA	NA	NA	NA	NA	NA	NA	NA	NA	NA	NA	NA	NA	NA	NA	NA	NA	NA	NA	NA	NA	NA	NA	NA	NA	NA	NA	NA	NA	NA	NA	NA	NA	NA	NA
SRR16988984	Trigonopsidales	NA	NA	NA	NA	NA	NA	No	NA	NA	NA	NA	NA	NA	NA	NA	NA	NA	NA	No	NA	NA	NA	NA	NA	NA	NA	NA	NA	NA	NA	Yes	NA	NA	NA	NA	NA	NA	NA	NA	NA	NA	NA	Yes	NA	NA	NA	NA	NA	NA	NA	NA	NA	NA	NA	Yes	NA	NA	NA	NA	NA	NA	NA	NA	NA	NA	NA	Yes	NA	NA	NA	NA	NA	NA	NA	NA	NA	NA	NA	Yes	NA	NA	NA	NA	NA	NA	NA	NA	NA	NA	NA	Yes	NA	NA	NA	NA	NA	NA	NA	NA	NA	NA	NA	Yes	NA	NA	NA	NA	NA	NA	NA	NA	NA	NA	NA	Yes	NA	NA	NA	NA	NA	NA	NA	NA	NA
SRR16988983	Saccharomycetales	No	NA	NA	NA	NA	NA	NA	NA	NA	NA	NA	NA	No	NA	NA	NA	NA	NA	NA	NA	NA	NA	NA	NA	No	NA	NA	NA	NA	NA	NA	NA	NA	NA	NA	NA	No	NA	NA	NA	NA	NA	NA	NA	NA	NA	NA	NA	Yes	NA	NA	NA	NA	NA	NA	NA	NA	NA	NA	NA	Yes	NA	NA	NA	NA	NA	NA	NA	NA	NA	NA	NA	Yes	NA	NA	NA	NA	NA	NA	NA	NA	NA	NA	NA	No	NA	NA	NA	NA	NA	NA	NA	NA	NA	NA	NA	No	NA	NA	NA	NA	NA	NA	NA	NA	NA	NA	NA	NA	NA	NA	NA	NA	NA	NA	NA	NA	NA	NA	NA	NA	NA	NA	Yes
SRR16988982	Saccharomycetales	No	NA	NA	NA	NA	NA	NA	NA	NA	NA	NA	NA	No	NA	NA	NA	NA	NA	NA	NA	NA	NA	NA	NA	No	NA	NA	NA	NA	NA	NA	NA	NA	NA	NA	NA	Yes	NA	NA	NA	NA	NA	NA	NA	NA	NA	NA	NA	Yes	NA	NA	NA	NA	NA	NA	NA	NA	NA	NA	NA	NA	NA	NA	NA	NA	NA	NA	NA	NA	NA	NA	NA	Yes	NA	NA	NA	NA	NA	NA	NA	NA	NA	NA	NA	NA	NA	NA	NA	NA	NA	NA	NA	NA	NA	NA	NA	NA	NA	NA	NA	NA	NA	NA	NA	NA	NA	NA	NA	Yes	NA	NA	NA	NA	NA	NA	NA	NA	NA	NA	NA	NA	NA	NA	NA
SRR16988980	Saccharomycetales	No	NA	NA	NA	NA	NA	NA	NA	NA	NA	NA	NA	No	NA	NA	NA	NA	NA	NA	NA	NA	NA	NA	NA	No	NA	NA	NA	NA	NA	NA	NA	NA	NA	NA	NA	Yes	NA	NA	NA	NA	NA	NA	NA	NA	NA	NA	NA	No	NA	NA	NA	NA	NA	NA	NA	NA	NA	NA	NA	Yes	NA	NA	NA	NA	NA	NA	NA	NA	NA	NA	NA	No	NA	NA	NA	NA	NA	NA	NA	NA	NA	NA	NA	No	NA	NA	NA	NA	NA	NA	NA	NA	NA	NA	NA	No	NA	NA	NA	NA	NA	NA	NA	NA	NA	NA	NA	NA	NA	NA	NA	NA	NA	NA	NA	NA	NA	NA	NA	NA	NA	NA	Yes
SRR16988979	Trigonopsidales	NA	NA	NA	NA	NA	NA	No	NA	NA	NA	NA	NA	NA	NA	NA	NA	NA	NA	No	NA	NA	NA	NA	NA	NA	NA	NA	NA	NA	NA	No	NA	NA	NA	NA	NA	NA	NA	NA	NA	NA	NA	Yes	NA	NA	NA	NA	NA	NA	NA	NA	NA	NA	NA	No	NA	NA	NA	NA	NA	NA	NA	NA	NA	NA	NA	Yes	NA	NA	NA	NA	NA	NA	NA	NA	NA	NA	NA	No	NA	NA	NA	NA	NA	NA	NA	NA	NA	NA	NA	No	NA	NA	NA	NA	NA	NA	NA	NA	NA	NA	NA	No	NA	NA	NA	NA	NA	NA	NA	NA	NA	NA	NA	Yes	NA	NA	NA	NA	NA	NA	NA	NA	NA
SRR16988978	Saccharomycetales	No	NA	NA	NA	NA	NA	NA	NA	NA	NA	NA	NA	No	NA	NA	NA	NA	NA	NA	NA	NA	NA	NA	NA	No	NA	NA	NA	NA	NA	NA	NA	NA	NA	NA	NA	No	NA	NA	NA	NA	NA	NA	NA	NA	NA	NA	NA	No	NA	NA	NA	NA	NA	NA	NA	NA	NA	NA	NA	No	NA	NA	NA	NA	NA	NA	NA	NA	NA	NA	NA	No	NA	NA	NA	NA	NA	NA	NA	NA	NA	NA	NA	No	NA	NA	NA	NA	NA	NA	NA	NA	NA	NA	NA	No	NA	NA	NA	NA	NA	NA	NA	NA	NA	NA	NA	No	NA	NA	NA	NA	NA	NA	NA	NA	NA	NA	NA	NA	NA	NA	NA
SRR16988977	Saccharomycetales	No	NA	NA	NA	NA	NA	NA	NA	NA	NA	NA	NA	No	NA	NA	NA	NA	NA	NA	NA	NA	NA	NA	NA	No	NA	NA	NA	NA	NA	NA	NA	NA	NA	NA	NA	No	NA	NA	NA	NA	NA	NA	NA	NA	NA	NA	NA	No	NA	NA	NA	NA	NA	NA	NA	NA	NA	NA	NA	No	NA	NA	NA	NA	NA	NA	NA	NA	NA	NA	NA	No	NA	NA	NA	NA	NA	NA	NA	NA	NA	NA	NA	No	NA	NA	NA	NA	NA	NA	NA	NA	NA	NA	NA	No	NA	NA	NA	NA	NA	NA	NA	NA	NA	NA	NA	No	NA	NA	NA	NA	NA	NA	NA	NA	NA	NA	NA	NA	NA	NA	NA
SRR5938411	Dipodascales	NA	NA	NA	NA	No	NA	NA	NA	NA	NA	NA	NA	NA	NA	NA	NA	No	NA	NA	NA	NA	NA	NA	NA	NA	NA	NA	NA	Yes	NA	NA	NA	NA	NA	NA	NA	NA	NA	NA	NA	No	NA	NA	NA	NA	NA	NA	NA	NA	NA	NA	NA	No	NA	NA	NA	NA	NA	NA	NA	NA	NA	NA	NA	Yes	NA	NA	NA	NA	NA	NA	NA	NA	NA	NA	NA	No	NA	NA	NA	NA	NA	NA	NA	NA	NA	NA	NA	Yes	NA	NA	NA	NA	NA	NA	NA	NA	NA	NA	NA	Yes	NA	NA	NA	NA	NA	NA	NA	NA	NA	NA	NA	No	NA	NA	NA	NA	NA	NA	NA	NA	NA	NA	NA
SRR16988975	Phaffomycetales	NA	NA	NA	NA	NA	No	NA	NA	NA	NA	NA	NA	NA	NA	NA	NA	NA	No	NA	NA	NA	NA	NA	NA	NA	NA	NA	NA	NA	No	NA	NA	NA	NA	NA	NA	NA	NA	NA	NA	NA	No	NA	NA	NA	NA	NA	NA	NA	NA	NA	NA	NA	Yes	NA	NA	NA	NA	NA	NA	NA	NA	NA	NA	NA	Yes	NA	NA	NA	NA	NA	NA	NA	NA	NA	NA	NA	Yes	NA	NA	NA	NA	NA	NA	NA	NA	NA	NA	NA	No	NA	NA	NA	NA	NA	NA	NA	NA	NA	NA	NA	No	NA	NA	NA	NA	NA	NA	NA	NA	NA	NA	NA	Yes	NA	NA	NA	NA	NA	NA	NA	NA	No	NA
SRR16988942	Pichiales	NA	NA	NA	No	NA	NA	NA	NA	NA	NA	NA	NA	NA	NA	NA	No	NA	NA	NA	NA	NA	NA	NA	NA	NA	NA	NA	No	NA	NA	NA	NA	NA	NA	NA	NA	NA	NA	NA	Yes	NA	NA	NA	NA	NA	NA	NA	NA	NA	NA	NA	No	NA	NA	NA	NA	NA	NA	NA	NA	NA	NA	NA	Yes	NA	NA	NA	NA	NA	NA	NA	NA	NA	NA	NA	Yes	NA	NA	NA	NA	NA	NA	NA	NA	NA	NA	NA	No	NA	NA	NA	NA	NA	NA	NA	NA	NA	NA	NA	No	NA	NA	NA	NA	NA	NA	NA	NA	NA	NA	NA	No	NA	NA	NA	NA	NA	NA	NA	NA	NA	No	NA	NA
SRR16988941	Serinales	NA	NA	No	NA	NA	NA	NA	NA	NA	NA	NA	NA	NA	NA	No	NA	NA	NA	NA	NA	NA	NA	NA	NA	NA	NA	Yes	NA	NA	NA	NA	NA	NA	NA	NA	NA	NA	NA	No	NA	NA	NA	NA	NA	NA	NA	NA	NA	NA	NA	Yes	NA	NA	NA	NA	NA	NA	NA	NA	NA	NA	NA	Yes	NA	NA	NA	NA	NA	NA	NA	NA	NA	NA	NA	No	NA	NA	NA	NA	NA	NA	NA	NA	NA	NA	NA	No	NA	NA	NA	NA	NA	NA	NA	NA	NA	NA	NA	No	NA	NA	NA	NA	NA	NA	NA	NA	NA	NA	NA	No	NA	NA	NA	NA	NA	NA	NA	NA	NA	Yes	NA	NA	NA
SRR16988940	Pichiales	NA	NA	NA	No	NA	NA	NA	NA	NA	NA	NA	NA	NA	NA	NA	No	NA	NA	NA	NA	NA	NA	NA	NA	NA	NA	NA	No	NA	NA	NA	NA	NA	NA	NA	NA	NA	NA	NA	No	NA	NA	NA	NA	NA	NA	NA	NA	NA	NA	NA	No	NA	NA	NA	NA	NA	NA	NA	NA	NA	NA	NA	Yes	NA	NA	NA	NA	NA	NA	NA	NA	NA	NA	NA	Yes	NA	NA	NA	NA	NA	NA	NA	NA	NA	NA	NA	No	NA	NA	NA	NA	NA	NA	NA	NA	NA	NA	NA	No	NA	NA	NA	NA	NA	NA	NA	NA	NA	NA	NA	NA	NA	NA	NA	NA	NA	NA	NA	NA	NA	Yes	NA	NA
SRR16988939	Serinales	NA	NA	Yes	NA	NA	NA	NA	NA	NA	NA	NA	NA	NA	NA	NA	NA	NA	NA	NA	NA	NA	NA	NA	NA	NA	NA	Yes	NA	NA	NA	NA	NA	NA	NA	NA	NA	NA	NA	Yes	NA	NA	NA	NA	NA	NA	NA	NA	NA	NA	NA	NA	NA	NA	NA	NA	NA	NA	NA	NA	NA	NA	NA	NA	NA	NA	NA	NA	NA	NA	NA	NA	NA	NA	NA	No	NA	NA	NA	NA	NA	NA	NA	NA	NA	NA	NA	Yes	NA	NA	NA	NA	NA	NA	NA	NA	NA	NA	NA	Yes	NA	NA	NA	NA	NA	NA	NA	NA	NA	NA	NA	NA	NA	NA	NA	NA	NA	NA	NA	NA	NA	Yes	NA	NA	NA
SRR16988937	Serinales	NA	NA	Yes	NA	NA	NA	NA	NA	NA	NA	NA	NA	NA	NA	Yes	NA	NA	NA	NA	NA	NA	NA	NA	NA	NA	NA	Yes	NA	NA	NA	NA	NA	NA	NA	NA	NA	NA	NA	Yes	NA	NA	NA	NA	NA	NA	NA	NA	NA	NA	NA	Yes	NA	NA	NA	NA	NA	NA	NA	NA	NA	NA	NA	No	NA	NA	NA	NA	NA	NA	NA	NA	NA	NA	NA	No	NA	NA	NA	NA	NA	NA	NA	NA	NA	NA	NA	Yes	NA	NA	NA	NA	NA	NA	NA	NA	NA	NA	NA	Yes	NA	NA	NA	NA	NA	NA	NA	NA	NA	NA	NA	Yes	NA	NA	NA	NA	NA	NA	NA	NA	NA	No	NA	NA	NA
SRR16988936	Serinales	NA	NA	Yes	NA	NA	NA	NA	NA	NA	NA	NA	NA	NA	NA	Yes	NA	NA	NA	NA	NA	NA	NA	NA	NA	NA	NA	Yes	NA	NA	NA	NA	NA	NA	NA	NA	NA	NA	NA	Yes	NA	NA	NA	NA	NA	NA	NA	NA	NA	NA	NA	Yes	NA	NA	NA	NA	NA	NA	NA	NA	NA	NA	NA	No	NA	NA	NA	NA	NA	NA	NA	NA	NA	NA	NA	No	NA	NA	NA	NA	NA	NA	NA	NA	NA	NA	NA	Yes	NA	NA	NA	NA	NA	NA	NA	NA	NA	NA	NA	Yes	NA	NA	NA	NA	NA	NA	NA	NA	NA	NA	NA	Yes	NA	NA	NA	NA	NA	NA	NA	NA	NA	No	NA	NA	NA
SRR16988935	Dipodascales	NA	NA	NA	NA	Yes	NA	NA	NA	NA	NA	NA	NA	NA	NA	NA	NA	No	NA	NA	NA	NA	NA	NA	NA	NA	NA	NA	NA	No	NA	NA	NA	NA	NA	NA	NA	NA	NA	NA	NA	Yes	NA	NA	NA	NA	NA	NA	NA	NA	NA	NA	NA	No	NA	NA	NA	NA	NA	NA	NA	NA	NA	NA	NA	No	NA	NA	NA	NA	NA	NA	NA	NA	NA	NA	NA	Yes	NA	NA	NA	NA	NA	NA	NA	NA	NA	NA	NA	No	NA	NA	NA	NA	NA	NA	NA	NA	NA	NA	NA	Yes	NA	NA	NA	NA	NA	NA	NA	NA	NA	NA	NA	No	NA	NA	NA	NA	NA	NA	NA	NA	NA	NA	NA
SRR16988934	Saccharomycetales	No	NA	NA	NA	NA	NA	NA	NA	NA	NA	NA	NA	No	NA	NA	NA	NA	NA	NA	NA	NA	NA	NA	NA	No	NA	NA	NA	NA	NA	NA	NA	NA	NA	NA	NA	Yes	NA	NA	NA	NA	NA	NA	NA	NA	NA	NA	NA	No	NA	NA	NA	NA	NA	NA	NA	NA	NA	NA	NA	Yes	NA	NA	NA	NA	NA	NA	NA	NA	NA	NA	NA	No	NA	NA	NA	NA	NA	NA	NA	NA	NA	NA	NA	No	NA	NA	NA	NA	NA	NA	NA	NA	NA	NA	NA	No	NA	NA	NA	NA	NA	NA	NA	NA	NA	NA	NA	Yes	NA	NA	NA	NA	NA	NA	NA	NA	NA	NA	NA	NA	NA	NA	Yes
SRR16988933	Serinales	NA	NA	No	NA	NA	NA	NA	NA	NA	NA	NA	NA	NA	NA	Yes	NA	NA	NA	NA	NA	NA	NA	NA	NA	NA	NA	No	NA	NA	NA	NA	NA	NA	NA	NA	NA	NA	NA	No	NA	NA	NA	NA	NA	NA	NA	NA	NA	NA	NA	Yes	NA	NA	NA	NA	NA	NA	NA	NA	NA	NA	NA	Yes	NA	NA	NA	NA	NA	NA	NA	NA	NA	NA	NA	Yes	NA	NA	NA	NA	NA	NA	NA	NA	NA	NA	NA	Yes	NA	NA	NA	NA	NA	NA	NA	NA	NA	NA	NA	No	NA	NA	NA	NA	NA	NA	NA	NA	NA	NA	NA	Yes	NA	NA	NA	NA	NA	NA	NA	NA	NA	No	NA	NA	NA
SRR16988932	Alaninales	NA	NA	NA	NA	NA	NA	NA	NA	Yes	NA	NA	NA	NA	NA	NA	NA	NA	NA	NA	NA	Yes	NA	NA	NA	NA	NA	NA	NA	NA	NA	NA	NA	Yes	NA	NA	NA	NA	NA	NA	NA	NA	NA	NA	NA	Yes	NA	NA	NA	NA	NA	NA	NA	NA	NA	NA	NA	Yes	NA	NA	NA	NA	NA	NA	NA	NA	NA	NA	NA	Yes	NA	NA	NA	NA	NA	NA	NA	NA	NA	NA	NA	No	NA	NA	NA	NA	NA	NA	NA	NA	NA	NA	NA	Yes	NA	NA	NA	NA	NA	NA	NA	NA	NA	NA	NA	Yes	NA	NA	NA	NA	NA	NA	NA	NA	NA	NA	NA	No	NA	NA	NA	NA	NA	NA	NA
SRR16988931	Alaninales	NA	NA	NA	NA	NA	NA	NA	NA	Yes	NA	NA	NA	NA	NA	NA	NA	NA	NA	NA	NA	Yes	NA	NA	NA	NA	NA	NA	NA	NA	NA	NA	NA	No	NA	NA	NA	NA	NA	NA	NA	NA	NA	NA	NA	No	NA	NA	NA	NA	NA	NA	NA	NA	NA	NA	NA	No	NA	NA	NA	NA	NA	NA	NA	NA	NA	NA	NA	Yes	NA	NA	NA	NA	NA	NA	NA	NA	NA	NA	NA	Yes	NA	NA	NA	NA	NA	NA	NA	NA	NA	NA	NA	No	NA	NA	NA	NA	NA	NA	NA	NA	NA	NA	NA	No	NA	NA	NA	NA	NA	NA	NA	NA	NA	NA	NA	Yes	NA	NA	NA	NA	NA	NA	NA
SRR16988930	Phaffomycetales	NA	NA	NA	NA	NA	Yes	NA	NA	NA	NA	NA	NA	NA	NA	NA	NA	NA	Yes	NA	NA	NA	NA	NA	NA	NA	NA	NA	NA	NA	No	NA	NA	NA	NA	NA	NA	NA	NA	NA	NA	NA	No	NA	NA	NA	NA	NA	NA	NA	NA	NA	NA	NA	No	NA	NA	NA	NA	NA	NA	NA	NA	NA	NA	NA	No	NA	NA	NA	NA	NA	NA	NA	NA	NA	NA	NA	Yes	NA	NA	NA	NA	NA	NA	NA	NA	NA	NA	NA	Yes	NA	NA	NA	NA	NA	NA	NA	NA	NA	NA	NA	No	NA	NA	NA	NA	NA	NA	NA	NA	NA	NA	NA	NA	NA	NA	NA	NA	NA	NA	NA	NA	No	NA
SRR16988929	Phaffomycetales	NA	NA	NA	NA	NA	No	NA	NA	NA	NA	NA	NA	NA	NA	NA	NA	NA	No	NA	NA	NA	NA	NA	NA	NA	NA	NA	NA	NA	No	NA	NA	NA	NA	NA	NA	NA	NA	NA	NA	NA	No	NA	NA	NA	NA	NA	NA	NA	NA	NA	NA	NA	No	NA	NA	NA	NA	NA	NA	NA	NA	NA	NA	NA	Yes	NA	NA	NA	NA	NA	NA	NA	NA	NA	NA	NA	Yes	NA	NA	NA	NA	NA	NA	NA	NA	NA	NA	NA	Yes	NA	NA	NA	NA	NA	NA	NA	NA	NA	NA	NA	No	NA	NA	NA	NA	NA	NA	NA	NA	NA	NA	NA	Yes	NA	NA	NA	NA	NA	NA	NA	NA	No	NA
SRR16988928	Phaffomycetales	NA	NA	NA	NA	NA	Yes	NA	NA	NA	NA	NA	NA	NA	NA	NA	NA	NA	Yes	NA	NA	NA	NA	NA	NA	NA	NA	NA	NA	NA	No	NA	NA	NA	NA	NA	NA	NA	NA	NA	NA	NA	No	NA	NA	NA	NA	NA	NA	NA	NA	NA	NA	NA	No	NA	NA	NA	NA	NA	NA	NA	NA	NA	NA	NA	Yes	NA	NA	NA	NA	NA	NA	NA	NA	NA	NA	NA	Yes	NA	NA	NA	NA	NA	NA	NA	NA	NA	NA	NA	No	NA	NA	NA	NA	NA	NA	NA	NA	NA	NA	NA	No	NA	NA	NA	NA	NA	NA	NA	NA	NA	NA	NA	Yes	NA	NA	NA	NA	NA	NA	NA	NA	No	NA
SRR16988926	Phaffomycetales	NA	NA	NA	NA	NA	Yes	NA	NA	NA	NA	NA	NA	NA	NA	NA	NA	NA	Yes	NA	NA	NA	NA	NA	NA	NA	NA	NA	NA	NA	No	NA	NA	NA	NA	NA	NA	NA	NA	NA	NA	NA	No	NA	NA	NA	NA	NA	NA	NA	NA	NA	NA	NA	Yes	NA	NA	NA	NA	NA	NA	NA	NA	NA	NA	NA	Yes	NA	NA	NA	NA	NA	NA	NA	NA	NA	NA	NA	Yes	NA	NA	NA	NA	NA	NA	NA	NA	NA	NA	NA	No	NA	NA	NA	NA	NA	NA	NA	NA	NA	NA	NA	NA	NA	NA	NA	NA	NA	NA	NA	NA	NA	NA	NA	No	NA	NA	NA	NA	NA	NA	NA	NA	Yes	NA
SRR16988925	Pichiales	NA	NA	NA	No	NA	NA	NA	NA	NA	NA	NA	NA	NA	NA	NA	No	NA	NA	NA	NA	NA	NA	NA	NA	NA	NA	NA	No	NA	NA	NA	NA	NA	NA	NA	NA	NA	NA	NA	No	NA	NA	NA	NA	NA	NA	NA	NA	NA	NA	NA	No	NA	NA	NA	NA	NA	NA	NA	NA	NA	NA	NA	No	NA	NA	NA	NA	NA	NA	NA	NA	NA	NA	NA	No	NA	NA	NA	NA	NA	NA	NA	NA	NA	NA	NA	No	NA	NA	NA	NA	NA	NA	NA	NA	NA	NA	NA	No	NA	NA	NA	NA	NA	NA	NA	NA	NA	NA	NA	No	NA	NA	NA	NA	NA	NA	NA	NA	NA	No	NA	NA
SRR16988924	Pichiales	NA	NA	NA	No	NA	NA	NA	NA	NA	NA	NA	NA	NA	NA	NA	No	NA	NA	NA	NA	NA	NA	NA	NA	NA	NA	NA	No	NA	NA	NA	NA	NA	NA	NA	NA	NA	NA	NA	No	NA	NA	NA	NA	NA	NA	NA	NA	NA	NA	NA	No	NA	NA	NA	NA	NA	NA	NA	NA	NA	NA	NA	No	NA	NA	NA	NA	NA	NA	NA	NA	NA	NA	NA	No	NA	NA	NA	NA	NA	NA	NA	NA	NA	NA	NA	No	NA	NA	NA	NA	NA	NA	NA	NA	NA	NA	NA	No	NA	NA	NA	NA	NA	NA	NA	NA	NA	NA	NA	No	NA	NA	NA	NA	NA	NA	NA	NA	NA	Yes	NA	NA
SRR16988923	Pichiales	NA	NA	NA	No	NA	NA	NA	NA	NA	NA	NA	NA	NA	NA	NA	No	NA	NA	NA	NA	NA	NA	NA	NA	NA	NA	NA	No	NA	NA	NA	NA	NA	NA	NA	NA	NA	NA	NA	No	NA	NA	NA	NA	NA	NA	NA	NA	NA	NA	NA	No	NA	NA	NA	NA	NA	NA	NA	NA	NA	NA	NA	No	NA	NA	NA	NA	NA	NA	NA	NA	NA	NA	NA	Yes	NA	NA	NA	NA	NA	NA	NA	NA	NA	NA	NA	No	NA	NA	NA	NA	NA	NA	NA	NA	NA	NA	NA	NA	NA	NA	NA	NA	NA	NA	NA	NA	NA	NA	NA	No	NA	NA	NA	NA	NA	NA	NA	NA	NA	NA	NA	NA
SRR16988922	Serinales	NA	NA	Yes	NA	NA	NA	NA	NA	NA	NA	NA	NA	NA	NA	Yes	NA	NA	NA	NA	NA	NA	NA	NA	NA	NA	NA	Yes	NA	NA	NA	NA	NA	NA	NA	NA	NA	NA	NA	Yes	NA	NA	NA	NA	NA	NA	NA	NA	NA	NA	NA	No	NA	NA	NA	NA	NA	NA	NA	NA	NA	NA	NA	Yes	NA	NA	NA	NA	NA	NA	NA	NA	NA	NA	NA	Yes	NA	NA	NA	NA	NA	NA	NA	NA	NA	NA	NA	Yes	NA	NA	NA	NA	NA	NA	NA	NA	NA	NA	NA	Yes	NA	NA	NA	NA	NA	NA	NA	NA	NA	NA	NA	Yes	NA	NA	NA	NA	NA	NA	NA	NA	NA	No	NA	NA	NA
SRR16988921	Dipodascales	NA	NA	NA	NA	Yes	NA	NA	NA	NA	NA	NA	NA	NA	NA	NA	NA	Yes	NA	NA	NA	NA	NA	NA	NA	NA	NA	NA	NA	Yes	NA	NA	NA	NA	NA	NA	NA	NA	NA	NA	NA	Yes	NA	NA	NA	NA	NA	NA	NA	NA	NA	NA	NA	Yes	NA	NA	NA	NA	NA	NA	NA	NA	NA	NA	NA	No	NA	NA	NA	NA	NA	NA	NA	NA	NA	NA	NA	Yes	NA	NA	NA	NA	NA	NA	NA	NA	NA	NA	NA	Yes	NA	NA	NA	NA	NA	NA	NA	NA	NA	NA	NA	Yes	NA	NA	NA	NA	NA	NA	NA	NA	NA	NA	NA	Yes	NA	NA	NA	NA	NA	NA	NA	NA	NA	NA	NA
SRR16988920	Serinales	NA	NA	Yes	NA	NA	NA	NA	NA	NA	NA	NA	NA	NA	NA	Yes	NA	NA	NA	NA	NA	NA	NA	NA	NA	NA	NA	Yes	NA	NA	NA	NA	NA	NA	NA	NA	NA	NA	NA	Yes	NA	NA	NA	NA	NA	NA	NA	NA	NA	NA	NA	Yes	NA	NA	NA	NA	NA	NA	NA	NA	NA	NA	NA	Yes	NA	NA	NA	NA	NA	NA	NA	NA	NA	NA	NA	No	NA	NA	NA	NA	NA	NA	NA	NA	NA	NA	NA	No	NA	NA	NA	NA	NA	NA	NA	NA	NA	NA	NA	No	NA	NA	NA	NA	NA	NA	NA	NA	NA	NA	NA	No	NA	NA	NA	NA	NA	NA	NA	NA	NA	Yes	NA	NA	NA
SRR16988919	Serinales	NA	NA	NA	NA	NA	NA	NA	NA	NA	NA	NA	NA	NA	NA	NA	NA	NA	NA	NA	NA	NA	NA	NA	NA	NA	NA	NA	NA	NA	NA	NA	NA	NA	NA	NA	NA	NA	NA	NA	NA	NA	NA	NA	NA	NA	NA	NA	NA	NA	NA	NA	NA	NA	NA	NA	NA	NA	NA	NA	NA	NA	NA	NA	NA	NA	NA	NA	NA	NA	NA	NA	NA	NA	NA	NA	NA	NA	NA	NA	NA	NA	NA	NA	NA	NA	NA	NA	NA	NA	NA	NA	NA	NA	NA	NA	NA	NA	NA	NA	NA	NA	NA	NA	NA	NA	NA	NA	NA	NA	NA	NA	NA	NA	NA	NA	NA	NA	NA	NA	NA	NA	NA	NA	NA
SRR16988918	Serinales	NA	NA	Yes	NA	NA	NA	NA	NA	NA	NA	NA	NA	NA	NA	Yes	NA	NA	NA	NA	NA	NA	NA	NA	NA	NA	NA	Yes	NA	NA	NA	NA	NA	NA	NA	NA	NA	NA	NA	Yes	NA	NA	NA	NA	NA	NA	NA	NA	NA	NA	NA	Yes	NA	NA	NA	NA	NA	NA	NA	NA	NA	NA	NA	Yes	NA	NA	NA	NA	NA	NA	NA	NA	NA	NA	NA	Yes	NA	NA	NA	NA	NA	NA	NA	NA	NA	NA	NA	Yes	NA	NA	NA	NA	NA	NA	NA	NA	NA	NA	NA	No	NA	NA	NA	NA	NA	NA	NA	NA	NA	NA	NA	No	NA	NA	NA	NA	NA	NA	NA	NA	NA	Yes	NA	NA	NA
SRR12907799	Serinales	NA	NA	Yes	NA	NA	NA	NA	NA	NA	NA	NA	NA	NA	NA	Yes	NA	NA	NA	NA	NA	NA	NA	NA	NA	NA	NA	Yes	NA	NA	NA	NA	NA	NA	NA	NA	NA	NA	NA	Yes	NA	NA	NA	NA	NA	NA	NA	NA	NA	NA	NA	Yes	NA	NA	NA	NA	NA	NA	NA	NA	NA	NA	NA	No	NA	NA	NA	NA	NA	NA	NA	NA	NA	NA	NA	No	NA	NA	NA	NA	NA	NA	NA	NA	NA	NA	NA	Yes	NA	NA	NA	NA	NA	NA	NA	NA	NA	NA	NA	No	NA	NA	NA	NA	NA	NA	NA	NA	NA	NA	NA	No	NA	NA	NA	NA	NA	NA	NA	NA	NA	No	NA	NA	NA
SRR16988889	Saccharomycodales	NA	NA	NA	NA	NA	NA	NA	Yes	NA	NA	NA	NA	NA	NA	NA	NA	NA	NA	NA	Yes	NA	NA	NA	NA	NA	NA	NA	NA	NA	NA	NA	No	NA	NA	NA	NA	NA	NA	NA	NA	NA	NA	NA	No	NA	NA	NA	NA	NA	NA	NA	NA	NA	NA	NA	No	NA	NA	NA	NA	NA	NA	NA	NA	NA	NA	NA	Yes	NA	NA	NA	NA	NA	NA	NA	NA	NA	NA	NA	No	NA	NA	NA	NA	NA	NA	NA	NA	NA	NA	NA	No	NA	NA	NA	NA	NA	NA	NA	NA	NA	NA	NA	No	NA	NA	NA	NA	NA	NA	NA	NA	NA	NA	NA	No	NA	NA	NA	NA	NA	NA	NA	NA
SRR16988887	Saccharomycodales	NA	NA	NA	NA	NA	NA	NA	NA	NA	NA	NA	NA	NA	NA	NA	NA	NA	NA	NA	NA	NA	NA	NA	NA	NA	NA	NA	NA	NA	NA	NA	NA	NA	NA	NA	NA	NA	NA	NA	NA	NA	NA	NA	NA	NA	NA	NA	NA	NA	NA	NA	NA	NA	NA	NA	NA	NA	NA	NA	NA	NA	NA	NA	NA	NA	NA	NA	NA	NA	NA	NA	NA	NA	NA	NA	NA	NA	NA	NA	NA	NA	NA	NA	NA	NA	NA	NA	NA	NA	NA	NA	NA	NA	NA	NA	NA	NA	NA	NA	NA	NA	NA	NA	NA	NA	NA	NA	NA	NA	NA	NA	NA	NA	NA	NA	NA	NA	NA	NA	NA	NA	NA	NA	NA
SRR16988886	Phaffomycetales	NA	NA	NA	NA	NA	Yes	NA	NA	NA	NA	NA	NA	NA	NA	NA	NA	NA	Yes	NA	NA	NA	NA	NA	NA	NA	NA	NA	NA	NA	No	NA	NA	NA	NA	NA	NA	NA	NA	NA	NA	NA	No	NA	NA	NA	NA	NA	NA	NA	NA	NA	NA	NA	Yes	NA	NA	NA	NA	NA	NA	NA	NA	NA	NA	NA	Yes	NA	NA	NA	NA	NA	NA	NA	NA	NA	NA	NA	Yes	NA	NA	NA	NA	NA	NA	NA	NA	NA	NA	NA	Yes	NA	NA	NA	NA	NA	NA	NA	NA	NA	NA	NA	No	NA	NA	NA	NA	NA	NA	NA	NA	NA	NA	NA	No	NA	NA	NA	NA	NA	NA	NA	NA	No	NA
SRR16988885	Phaffomycetales	NA	NA	NA	NA	NA	Yes	NA	NA	NA	NA	NA	NA	NA	NA	NA	NA	NA	Yes	NA	NA	NA	NA	NA	NA	NA	NA	NA	NA	NA	No	NA	NA	NA	NA	NA	NA	NA	NA	NA	NA	NA	No	NA	NA	NA	NA	NA	NA	NA	NA	NA	NA	NA	Yes	NA	NA	NA	NA	NA	NA	NA	NA	NA	NA	NA	Yes	NA	NA	NA	NA	NA	NA	NA	NA	NA	NA	NA	Yes	NA	NA	NA	NA	NA	NA	NA	NA	NA	NA	NA	No	NA	NA	NA	NA	NA	NA	NA	NA	NA	NA	NA	No	NA	NA	NA	NA	NA	NA	NA	NA	NA	NA	NA	No	NA	NA	NA	NA	NA	NA	NA	NA	No	NA
SRR16988884	Phaffomycetales	NA	NA	NA	NA	NA	Yes	NA	NA	NA	NA	NA	NA	NA	NA	NA	NA	NA	Yes	NA	NA	NA	NA	NA	NA	NA	NA	NA	NA	NA	No	NA	NA	NA	NA	NA	NA	NA	NA	NA	NA	NA	Yes	NA	NA	NA	NA	NA	NA	NA	NA	NA	NA	NA	Yes	NA	NA	NA	NA	NA	NA	NA	NA	NA	NA	NA	NA	NA	NA	NA	NA	NA	NA	NA	NA	NA	NA	NA	Yes	NA	NA	NA	NA	NA	NA	NA	NA	NA	NA	NA	No	NA	NA	NA	NA	NA	NA	NA	NA	NA	NA	NA	No	NA	NA	NA	NA	NA	NA	NA	NA	NA	NA	NA	Yes	NA	NA	NA	NA	NA	NA	NA	NA	NA	NA
SRR16988883	Phaffomycetales	NA	NA	NA	NA	NA	Yes	NA	NA	NA	NA	NA	NA	NA	NA	NA	NA	NA	Yes	NA	NA	NA	NA	NA	NA	NA	NA	NA	NA	NA	Yes	NA	NA	NA	NA	NA	NA	NA	NA	NA	NA	NA	Yes	NA	NA	NA	NA	NA	NA	NA	NA	NA	NA	NA	Yes	NA	NA	NA	NA	NA	NA	NA	NA	NA	NA	NA	Yes	NA	NA	NA	NA	NA	NA	NA	NA	NA	NA	NA	Yes	NA	NA	NA	NA	NA	NA	NA	NA	NA	NA	NA	Yes	NA	NA	NA	NA	NA	NA	NA	NA	NA	NA	NA	No	NA	NA	NA	NA	NA	NA	NA	NA	NA	NA	NA	Yes	NA	NA	NA	NA	NA	NA	NA	NA	Yes	NA
SRR16988882	Phaffomycetales	NA	NA	NA	NA	NA	Yes	NA	NA	NA	NA	NA	NA	NA	NA	NA	NA	NA	Yes	NA	NA	NA	NA	NA	NA	NA	NA	NA	NA	NA	No	NA	NA	NA	NA	NA	NA	NA	NA	NA	NA	NA	Yes	NA	NA	NA	NA	NA	NA	NA	NA	NA	NA	NA	Yes	NA	NA	NA	NA	NA	NA	NA	NA	NA	NA	NA	Yes	NA	NA	NA	NA	NA	NA	NA	NA	NA	NA	NA	Yes	NA	NA	NA	NA	NA	NA	NA	NA	NA	NA	NA	No	NA	NA	NA	NA	NA	NA	NA	NA	NA	NA	NA	No	NA	NA	NA	NA	NA	NA	NA	NA	NA	NA	NA	No	NA	NA	NA	NA	NA	NA	NA	NA	Yes	NA
SRR16988881	Dipodascales	NA	NA	NA	NA	Yes	NA	NA	NA	NA	NA	NA	NA	NA	NA	NA	NA	Yes	NA	NA	NA	NA	NA	NA	NA	NA	NA	NA	NA	No	NA	NA	NA	NA	NA	NA	NA	NA	NA	NA	NA	Yes	NA	NA	NA	NA	NA	NA	NA	NA	NA	NA	NA	Yes	NA	NA	NA	NA	NA	NA	NA	NA	NA	NA	NA	Yes	NA	NA	NA	NA	NA	NA	NA	NA	NA	NA	NA	Yes	NA	NA	NA	NA	NA	NA	NA	NA	NA	NA	NA	No	NA	NA	NA	NA	NA	NA	NA	NA	NA	NA	NA	Yes	NA	NA	NA	NA	NA	NA	NA	NA	NA	NA	NA	No	NA	NA	NA	NA	NA	NA	NA	NA	NA	NA	NA
SRR16988880	Saccharomycodales	NA	NA	NA	NA	NA	NA	NA	NA	NA	NA	NA	NA	NA	NA	NA	NA	NA	NA	NA	NA	NA	NA	NA	NA	NA	NA	NA	NA	NA	NA	NA	NA	NA	NA	NA	NA	NA	NA	NA	NA	NA	NA	NA	NA	NA	NA	NA	NA	NA	NA	NA	NA	NA	NA	NA	NA	NA	NA	NA	NA	NA	NA	NA	NA	NA	NA	NA	NA	NA	NA	NA	NA	NA	NA	NA	NA	NA	NA	NA	NA	NA	NA	NA	NA	NA	NA	NA	NA	NA	NA	NA	NA	NA	NA	NA	NA	NA	NA	NA	NA	NA	NA	NA	NA	NA	NA	NA	NA	NA	NA	NA	NA	NA	NA	NA	NA	NA	NA	NA	NA	NA	NA	NA	NA
SRR16988879	Saccharomycodales	NA	NA	NA	NA	NA	NA	NA	NA	NA	NA	NA	NA	NA	NA	NA	NA	NA	NA	NA	NA	NA	NA	NA	NA	NA	NA	NA	NA	NA	NA	NA	NA	NA	NA	NA	NA	NA	NA	NA	NA	NA	NA	NA	NA	NA	NA	NA	NA	NA	NA	NA	NA	NA	NA	NA	NA	NA	NA	NA	NA	NA	NA	NA	NA	NA	NA	NA	NA	NA	NA	NA	NA	NA	NA	NA	NA	NA	NA	NA	NA	NA	NA	NA	NA	NA	NA	NA	NA	NA	NA	NA	NA	NA	NA	NA	NA	NA	NA	NA	NA	NA	NA	NA	NA	NA	NA	NA	NA	NA	NA	NA	NA	NA	NA	NA	NA	NA	NA	NA	NA	NA	NA	NA	NA
SRR16988877	Saccharomycodales	NA	NA	NA	NA	NA	NA	NA	Yes	NA	NA	NA	NA	NA	NA	NA	NA	NA	NA	NA	Yes	NA	NA	NA	NA	NA	NA	NA	NA	NA	NA	NA	No	NA	NA	NA	NA	NA	NA	NA	NA	NA	NA	NA	Yes	NA	NA	NA	NA	NA	NA	NA	NA	NA	NA	NA	No	NA	NA	NA	NA	NA	NA	NA	NA	NA	NA	NA	Yes	NA	NA	NA	NA	NA	NA	NA	NA	NA	NA	NA	No	NA	NA	NA	NA	NA	NA	NA	NA	NA	NA	NA	No	NA	NA	NA	NA	NA	NA	NA	NA	NA	NA	NA	No	NA	NA	NA	NA	NA	NA	NA	NA	NA	NA	NA	No	NA	NA	NA	NA	NA	NA	NA	NA
SRR16988876	Saccharomycodales	NA	NA	NA	NA	NA	NA	NA	Yes	NA	NA	NA	NA	NA	NA	NA	NA	NA	NA	NA	Yes	NA	NA	NA	NA	NA	NA	NA	NA	NA	NA	NA	No	NA	NA	NA	NA	NA	NA	NA	NA	NA	NA	NA	No	NA	NA	NA	NA	NA	NA	NA	NA	NA	NA	NA	No	NA	NA	NA	NA	NA	NA	NA	NA	NA	NA	NA	Yes	NA	NA	NA	NA	NA	NA	NA	NA	NA	NA	NA	No	NA	NA	NA	NA	NA	NA	NA	NA	NA	NA	NA	No	NA	NA	NA	NA	NA	NA	NA	NA	NA	NA	NA	NA	NA	NA	NA	NA	NA	NA	NA	NA	NA	NA	NA	Yes	NA	NA	NA	NA	NA	NA	NA	NA
SRR16988875	Saccharomycodales	NA	NA	NA	NA	NA	NA	NA	NA	NA	NA	NA	NA	NA	NA	NA	NA	NA	NA	NA	NA	NA	NA	NA	NA	NA	NA	NA	NA	NA	NA	NA	NA	NA	NA	NA	NA	NA	NA	NA	NA	NA	NA	NA	NA	NA	NA	NA	NA	NA	NA	NA	NA	NA	NA	NA	NA	NA	NA	NA	NA	NA	NA	NA	NA	NA	NA	NA	NA	NA	NA	NA	NA	NA	NA	NA	NA	NA	NA	NA	NA	NA	NA	NA	NA	NA	NA	NA	NA	NA	NA	NA	NA	NA	NA	NA	NA	NA	NA	NA	NA	NA	NA	NA	NA	NA	NA	NA	NA	NA	NA	NA	NA	NA	NA	NA	NA	NA	NA	NA	NA	NA	NA	NA	NA
SRR16988874	Saccharomycodales	NA	NA	NA	NA	NA	NA	NA	NA	NA	NA	NA	NA	NA	NA	NA	NA	NA	NA	NA	NA	NA	NA	NA	NA	NA	NA	NA	NA	NA	NA	NA	NA	NA	NA	NA	NA	NA	NA	NA	NA	NA	NA	NA	NA	NA	NA	NA	NA	NA	NA	NA	NA	NA	NA	NA	NA	NA	NA	NA	NA	NA	NA	NA	NA	NA	NA	NA	NA	NA	NA	NA	NA	NA	NA	NA	NA	NA	NA	NA	NA	NA	NA	NA	NA	NA	NA	NA	NA	NA	NA	NA	NA	NA	NA	NA	NA	NA	NA	NA	NA	NA	NA	NA	NA	NA	NA	NA	NA	NA	NA	NA	NA	NA	NA	NA	NA	NA	NA	NA	NA	NA	NA	NA	NA
SRR16988873	Phaffomycetales	NA	NA	NA	NA	NA	Yes	NA	NA	NA	NA	NA	NA	NA	NA	NA	NA	NA	Yes	NA	NA	NA	NA	NA	NA	NA	NA	NA	NA	NA	No	NA	NA	NA	NA	NA	NA	NA	NA	NA	NA	NA	Yes	NA	NA	NA	NA	NA	NA	NA	NA	NA	NA	NA	Yes	NA	NA	NA	NA	NA	NA	NA	NA	NA	NA	NA	Yes	NA	NA	NA	NA	NA	NA	NA	NA	NA	NA	NA	Yes	NA	NA	NA	NA	NA	NA	NA	NA	NA	NA	NA	Yes	NA	NA	NA	NA	NA	NA	NA	NA	NA	NA	NA	No	NA	NA	NA	NA	NA	NA	NA	NA	NA	NA	NA	Yes	NA	NA	NA	NA	NA	NA	NA	NA	No	NA
SRR16988872	Phaffomycetales	NA	NA	NA	NA	NA	Yes	NA	NA	NA	NA	NA	NA	NA	NA	NA	NA	NA	Yes	NA	NA	NA	NA	NA	NA	NA	NA	NA	NA	NA	No	NA	NA	NA	NA	NA	NA	NA	NA	NA	NA	NA	Yes	NA	NA	NA	NA	NA	NA	NA	NA	NA	NA	NA	No	NA	NA	NA	NA	NA	NA	NA	NA	NA	NA	NA	Yes	NA	NA	NA	NA	NA	NA	NA	NA	NA	NA	NA	Yes	NA	NA	NA	NA	NA	NA	NA	NA	NA	NA	NA	Yes	NA	NA	NA	NA	NA	NA	NA	NA	NA	NA	NA	Yes	NA	NA	NA	NA	NA	NA	NA	NA	NA	NA	NA	No	NA	NA	NA	NA	NA	NA	NA	NA	No	NA
SRR16988871	Phaffomycetales	NA	NA	NA	NA	NA	Yes	NA	NA	NA	NA	NA	NA	NA	NA	NA	NA	NA	Yes	NA	NA	NA	NA	NA	NA	NA	NA	NA	NA	NA	No	NA	NA	NA	NA	NA	NA	NA	NA	NA	NA	NA	Yes	NA	NA	NA	NA	NA	NA	NA	NA	NA	NA	NA	Yes	NA	NA	NA	NA	NA	NA	NA	NA	NA	NA	NA	Yes	NA	NA	NA	NA	NA	NA	NA	NA	NA	NA	NA	Yes	NA	NA	NA	NA	NA	NA	NA	NA	NA	NA	NA	Yes	NA	NA	NA	NA	NA	NA	NA	NA	NA	NA	NA	No	NA	NA	NA	NA	NA	NA	NA	NA	NA	NA	NA	Yes	NA	NA	NA	NA	NA	NA	NA	NA	No	NA
SRR12907801	Phaffomycetales	NA	NA	NA	NA	NA	Yes	NA	NA	NA	NA	NA	NA	NA	NA	NA	NA	NA	Yes	NA	NA	NA	NA	NA	NA	NA	NA	NA	NA	NA	No	NA	NA	NA	NA	NA	NA	NA	NA	NA	NA	NA	Yes	NA	NA	NA	NA	NA	NA	NA	NA	NA	NA	NA	Yes	NA	NA	NA	NA	NA	NA	NA	NA	NA	NA	NA	Yes	NA	NA	NA	NA	NA	NA	NA	NA	NA	NA	NA	Yes	NA	NA	NA	NA	NA	NA	NA	NA	NA	NA	NA	Yes	NA	NA	NA	NA	NA	NA	NA	NA	NA	NA	NA	No	NA	NA	NA	NA	NA	NA	NA	NA	NA	NA	NA	Yes	NA	NA	NA	NA	NA	NA	NA	NA	No	NA
SRR16988869	Phaffomycetales	NA	NA	NA	NA	NA	Yes	NA	NA	NA	NA	NA	NA	NA	NA	NA	NA	NA	Yes	NA	NA	NA	NA	NA	NA	NA	NA	NA	NA	NA	No	NA	NA	NA	NA	NA	NA	NA	NA	NA	NA	NA	Yes	NA	NA	NA	NA	NA	NA	NA	NA	NA	NA	NA	Yes	NA	NA	NA	NA	NA	NA	NA	NA	NA	NA	NA	Yes	NA	NA	NA	NA	NA	NA	NA	NA	NA	NA	NA	Yes	NA	NA	NA	NA	NA	NA	NA	NA	NA	NA	NA	Yes	NA	NA	NA	NA	NA	NA	NA	NA	NA	NA	NA	No	NA	NA	NA	NA	NA	NA	NA	NA	NA	NA	NA	Yes	NA	NA	NA	NA	NA	NA	NA	NA	No	NA
SRR16988868	Phaffomycetales	NA	NA	NA	NA	NA	Yes	NA	NA	NA	NA	NA	NA	NA	NA	NA	NA	NA	Yes	NA	NA	NA	NA	NA	NA	NA	NA	NA	NA	NA	No	NA	NA	NA	NA	NA	NA	NA	NA	NA	NA	NA	Yes	NA	NA	NA	NA	NA	NA	NA	NA	NA	NA	NA	Yes	NA	NA	NA	NA	NA	NA	NA	NA	NA	NA	NA	Yes	NA	NA	NA	NA	NA	NA	NA	NA	NA	NA	NA	Yes	NA	NA	NA	NA	NA	NA	NA	NA	NA	NA	NA	Yes	NA	NA	NA	NA	NA	NA	NA	NA	NA	NA	NA	No	NA	NA	NA	NA	NA	NA	NA	NA	NA	NA	NA	NA	NA	NA	NA	NA	NA	NA	NA	NA	No	NA
SRR16988866	Serinales	NA	NA	Yes	NA	NA	NA	NA	NA	NA	NA	NA	NA	NA	NA	Yes	NA	NA	NA	NA	NA	NA	NA	NA	NA	NA	NA	No	NA	NA	NA	NA	NA	NA	NA	NA	NA	NA	NA	Yes	NA	NA	NA	NA	NA	NA	NA	NA	NA	NA	NA	NA	NA	NA	NA	NA	NA	NA	NA	NA	NA	NA	NA	NA	NA	NA	NA	NA	NA	NA	NA	NA	NA	NA	NA	No	NA	NA	NA	NA	NA	NA	NA	NA	NA	NA	NA	Yes	NA	NA	NA	NA	NA	NA	NA	NA	NA	NA	NA	Yes	NA	NA	NA	NA	NA	NA	NA	NA	NA	NA	NA	No	NA	NA	NA	NA	NA	NA	NA	NA	NA	NA	NA	NA	NA
SRR16988865	Serinales	NA	NA	NA	NA	NA	NA	NA	NA	NA	NA	NA	NA	NA	NA	NA	NA	NA	NA	NA	NA	NA	NA	NA	NA	NA	NA	NA	NA	NA	NA	NA	NA	NA	NA	NA	NA	NA	NA	NA	NA	NA	NA	NA	NA	NA	NA	NA	NA	NA	NA	NA	NA	NA	NA	NA	NA	NA	NA	NA	NA	NA	NA	NA	NA	NA	NA	NA	NA	NA	NA	NA	NA	NA	NA	NA	NA	NA	NA	NA	NA	NA	NA	NA	NA	NA	NA	NA	NA	NA	NA	NA	NA	NA	NA	NA	NA	NA	NA	NA	NA	NA	NA	NA	NA	NA	NA	NA	NA	NA	NA	NA	NA	NA	NA	NA	NA	NA	NA	NA	NA	NA	NA	NA	NA
SRR16988864	Serinales	NA	NA	No	NA	NA	NA	NA	NA	NA	NA	NA	NA	NA	NA	No	NA	NA	NA	NA	NA	NA	NA	NA	NA	NA	NA	Yes	NA	NA	NA	NA	NA	NA	NA	NA	NA	NA	NA	Yes	NA	NA	NA	NA	NA	NA	NA	NA	NA	NA	NA	Yes	NA	NA	NA	NA	NA	NA	NA	NA	NA	NA	NA	Yes	NA	NA	NA	NA	NA	NA	NA	NA	NA	NA	NA	No	NA	NA	NA	NA	NA	NA	NA	NA	NA	NA	NA	Yes	NA	NA	NA	NA	NA	NA	NA	NA	NA	NA	NA	No	NA	NA	NA	NA	NA	NA	NA	NA	NA	NA	NA	Yes	NA	NA	NA	NA	NA	NA	NA	NA	NA	No	NA	NA	NA
SRR16988863	Serinales	NA	NA	No	NA	NA	NA	NA	NA	NA	NA	NA	NA	NA	NA	Yes	NA	NA	NA	NA	NA	NA	NA	NA	NA	NA	NA	No	NA	NA	NA	NA	NA	NA	NA	NA	NA	NA	NA	Yes	NA	NA	NA	NA	NA	NA	NA	NA	NA	NA	NA	NA	NA	NA	NA	NA	NA	NA	NA	NA	NA	NA	NA	NA	NA	NA	NA	NA	NA	NA	NA	NA	NA	NA	NA	No	NA	NA	NA	NA	NA	NA	NA	NA	NA	NA	NA	Yes	NA	NA	NA	NA	NA	NA	NA	NA	NA	NA	NA	NA	NA	NA	NA	NA	NA	NA	NA	NA	NA	NA	NA	Yes	NA	NA	NA	NA	NA	NA	NA	NA	NA	NA	NA	NA	NA
SRR16988862	Phaffomycetales	NA	NA	NA	NA	NA	NA	NA	NA	NA	NA	NA	NA	NA	NA	NA	NA	NA	NA	NA	NA	NA	NA	NA	NA	NA	NA	NA	NA	NA	NA	NA	NA	NA	NA	NA	NA	NA	NA	NA	NA	NA	NA	NA	NA	NA	NA	NA	NA	NA	NA	NA	NA	NA	NA	NA	NA	NA	NA	NA	NA	NA	NA	NA	NA	NA	NA	NA	NA	NA	NA	NA	NA	NA	NA	NA	NA	NA	NA	NA	NA	NA	NA	NA	NA	NA	NA	NA	NA	NA	NA	NA	NA	NA	NA	NA	NA	NA	NA	NA	NA	NA	NA	NA	NA	NA	NA	NA	NA	NA	NA	NA	NA	NA	NA	NA	NA	NA	NA	NA	NA	NA	NA	NA	NA
SRR16988861	Serinales	NA	NA	Yes	NA	NA	NA	NA	NA	NA	NA	NA	NA	NA	NA	Yes	NA	NA	NA	NA	NA	NA	NA	NA	NA	NA	NA	Yes	NA	NA	NA	NA	NA	NA	NA	NA	NA	NA	NA	Yes	NA	NA	NA	NA	NA	NA	NA	NA	NA	NA	NA	Yes	NA	NA	NA	NA	NA	NA	NA	NA	NA	NA	NA	Yes	NA	NA	NA	NA	NA	NA	NA	NA	NA	NA	NA	Yes	NA	NA	NA	NA	NA	NA	NA	NA	NA	NA	NA	Yes	NA	NA	NA	NA	NA	NA	NA	NA	NA	NA	NA	Yes	NA	NA	NA	NA	NA	NA	NA	NA	NA	NA	NA	No	NA	NA	NA	NA	NA	NA	NA	NA	NA	NA	NA	NA	NA
SRR16988832	Trigonopsidales	NA	NA	NA	NA	NA	NA	No	NA	NA	NA	NA	NA	NA	NA	NA	NA	NA	NA	No	NA	NA	NA	NA	NA	NA	NA	NA	NA	NA	NA	No	NA	NA	NA	NA	NA	NA	NA	NA	NA	NA	NA	Yes	NA	NA	NA	NA	NA	NA	NA	NA	NA	NA	NA	No	NA	NA	NA	NA	NA	NA	NA	NA	NA	NA	NA	No	NA	NA	NA	NA	NA	NA	NA	NA	NA	NA	NA	Yes	NA	NA	NA	NA	NA	NA	NA	NA	NA	NA	NA	No	NA	NA	NA	NA	NA	NA	NA	NA	NA	NA	NA	Yes	NA	NA	NA	NA	NA	NA	NA	NA	NA	NA	NA	No	NA	NA	NA	NA	NA	NA	NA	NA	NA
SRR16988831	Trigonopsidales	NA	NA	NA	NA	NA	NA	NA	NA	NA	NA	NA	NA	NA	NA	NA	NA	NA	NA	NA	NA	NA	NA	NA	NA	NA	NA	NA	NA	NA	NA	NA	NA	NA	NA	NA	NA	NA	NA	NA	NA	NA	NA	NA	NA	NA	NA	NA	NA	NA	NA	NA	NA	NA	NA	NA	NA	NA	NA	NA	NA	NA	NA	NA	NA	NA	NA	NA	NA	NA	NA	NA	NA	NA	NA	NA	NA	NA	NA	NA	NA	NA	NA	NA	NA	NA	NA	NA	NA	NA	NA	NA	NA	NA	NA	NA	NA	NA	NA	NA	NA	NA	NA	NA	NA	NA	NA	NA	NA	NA	NA	NA	NA	NA	NA	NA	NA	NA	NA	NA	NA	NA	NA	NA	NA
SRR16988830	Serinales	NA	NA	No	NA	NA	NA	NA	NA	NA	NA	NA	NA	NA	NA	No	NA	NA	NA	NA	NA	NA	NA	NA	NA	NA	NA	No	NA	NA	NA	NA	NA	NA	NA	NA	NA	NA	NA	Yes	NA	NA	NA	NA	NA	NA	NA	NA	NA	NA	NA	Yes	NA	NA	NA	NA	NA	NA	NA	NA	NA	NA	NA	Yes	NA	NA	NA	NA	NA	NA	NA	NA	NA	NA	NA	No	NA	NA	NA	NA	NA	NA	NA	NA	NA	NA	NA	Yes	NA	NA	NA	NA	NA	NA	NA	NA	NA	NA	NA	Yes	NA	NA	NA	NA	NA	NA	NA	NA	NA	NA	NA	No	NA	NA	NA	NA	NA	NA	NA	NA	NA	NA	NA	NA	NA
SRR16988829	Serinales	NA	NA	NA	NA	NA	NA	NA	NA	NA	NA	NA	NA	NA	NA	NA	NA	NA	NA	NA	NA	NA	NA	NA	NA	NA	NA	NA	NA	NA	NA	NA	NA	NA	NA	NA	NA	NA	NA	NA	NA	NA	NA	NA	NA	NA	NA	NA	NA	NA	NA	NA	NA	NA	NA	NA	NA	NA	NA	NA	NA	NA	NA	NA	NA	NA	NA	NA	NA	NA	NA	NA	NA	NA	NA	NA	NA	NA	NA	NA	NA	NA	NA	NA	NA	NA	NA	NA	NA	NA	NA	NA	NA	NA	NA	NA	NA	NA	NA	NA	NA	NA	NA	NA	NA	NA	NA	NA	NA	NA	NA	NA	NA	NA	NA	NA	NA	NA	NA	NA	NA	NA	NA	NA	NA
SRR16988827	Serinales	NA	NA	Yes	NA	NA	NA	NA	NA	NA	NA	NA	NA	NA	NA	No	NA	NA	NA	NA	NA	NA	NA	NA	NA	NA	NA	No	NA	NA	NA	NA	NA	NA	NA	NA	NA	NA	NA	Yes	NA	NA	NA	NA	NA	NA	NA	NA	NA	NA	NA	No	NA	NA	NA	NA	NA	NA	NA	NA	NA	NA	NA	No	NA	NA	NA	NA	NA	NA	NA	NA	NA	NA	NA	No	NA	NA	NA	NA	NA	NA	NA	NA	NA	NA	NA	No	NA	NA	NA	NA	NA	NA	NA	NA	NA	NA	NA	Yes	NA	NA	NA	NA	NA	NA	NA	NA	NA	NA	NA	Yes	NA	NA	NA	NA	NA	NA	NA	NA	NA	NA	NA	NA	NA
SRR16988826	Serinales	NA	NA	NA	NA	NA	NA	NA	NA	NA	NA	NA	NA	NA	NA	NA	NA	NA	NA	NA	NA	NA	NA	NA	NA	NA	NA	NA	NA	NA	NA	NA	NA	NA	NA	NA	NA	NA	NA	NA	NA	NA	NA	NA	NA	NA	NA	NA	NA	NA	NA	NA	NA	NA	NA	NA	NA	NA	NA	NA	NA	NA	NA	NA	NA	NA	NA	NA	NA	NA	NA	NA	NA	NA	NA	NA	NA	NA	NA	NA	NA	NA	NA	NA	NA	NA	NA	NA	NA	NA	NA	NA	NA	NA	NA	NA	NA	NA	NA	NA	NA	NA	NA	NA	NA	NA	NA	NA	NA	NA	NA	NA	NA	NA	NA	NA	NA	NA	NA	NA	NA	NA	NA	NA	NA
SRR16988825	Serinales	NA	NA	NA	NA	NA	NA	NA	NA	NA	NA	NA	NA	NA	NA	NA	NA	NA	NA	NA	NA	NA	NA	NA	NA	NA	NA	NA	NA	NA	NA	NA	NA	NA	NA	NA	NA	NA	NA	NA	NA	NA	NA	NA	NA	NA	NA	NA	NA	NA	NA	NA	NA	NA	NA	NA	NA	NA	NA	NA	NA	NA	NA	NA	NA	NA	NA	NA	NA	NA	NA	NA	NA	NA	NA	NA	NA	NA	NA	NA	NA	NA	NA	NA	NA	NA	NA	NA	NA	NA	NA	NA	NA	NA	NA	NA	NA	NA	NA	NA	NA	NA	NA	NA	NA	NA	NA	NA	NA	NA	NA	NA	NA	NA	NA	NA	NA	NA	NA	NA	NA	NA	NA	NA	NA
SRR16988824	Dipodascales	NA	NA	NA	NA	Yes	NA	NA	NA	NA	NA	NA	NA	NA	NA	NA	NA	Yes	NA	NA	NA	NA	NA	NA	NA	NA	NA	NA	NA	Yes	NA	NA	NA	NA	NA	NA	NA	NA	NA	NA	NA	Yes	NA	NA	NA	NA	NA	NA	NA	NA	NA	NA	NA	Yes	NA	NA	NA	NA	NA	NA	NA	NA	NA	NA	NA	Yes	NA	NA	NA	NA	NA	NA	NA	NA	NA	NA	NA	Yes	NA	NA	NA	NA	NA	NA	NA	NA	NA	NA	NA	Yes	NA	NA	NA	NA	NA	NA	NA	NA	NA	NA	NA	Yes	NA	NA	NA	NA	NA	NA	NA	NA	NA	NA	NA	Yes	NA	NA	NA	NA	NA	NA	NA	NA	NA	NA	NA
SRR12907808	Serinales	NA	NA	Yes	NA	NA	NA	NA	NA	NA	NA	NA	NA	NA	NA	Yes	NA	NA	NA	NA	NA	NA	NA	NA	NA	NA	NA	Yes	NA	NA	NA	NA	NA	NA	NA	NA	NA	NA	NA	Yes	NA	NA	NA	NA	NA	NA	NA	NA	NA	NA	NA	Yes	NA	NA	NA	NA	NA	NA	NA	NA	NA	NA	NA	No	NA	NA	NA	NA	NA	NA	NA	NA	NA	NA	NA	Yes	NA	NA	NA	NA	NA	NA	NA	NA	NA	NA	NA	Yes	NA	NA	NA	NA	NA	NA	NA	NA	NA	NA	NA	Yes	NA	NA	NA	NA	NA	NA	NA	NA	NA	NA	NA	No	NA	NA	NA	NA	NA	NA	NA	NA	NA	No	NA	NA	NA
SRR16988822	Serinales	NA	NA	Yes	NA	NA	NA	NA	NA	NA	NA	NA	NA	NA	NA	Yes	NA	NA	NA	NA	NA	NA	NA	NA	NA	NA	NA	No	NA	NA	NA	NA	NA	NA	NA	NA	NA	NA	NA	Yes	NA	NA	NA	NA	NA	NA	NA	NA	NA	NA	NA	Yes	NA	NA	NA	NA	NA	NA	NA	NA	NA	NA	NA	Yes	NA	NA	NA	NA	NA	NA	NA	NA	NA	NA	NA	Yes	NA	NA	NA	NA	NA	NA	NA	NA	NA	NA	NA	Yes	NA	NA	NA	NA	NA	NA	NA	NA	NA	NA	NA	No	NA	NA	NA	NA	NA	NA	NA	NA	NA	NA	NA	No	NA	NA	NA	NA	NA	NA	NA	NA	NA	No	NA	NA	NA
SRR16988821	Dipodascales	NA	NA	NA	NA	No	NA	NA	NA	NA	NA	NA	NA	NA	NA	NA	NA	No	NA	NA	NA	NA	NA	NA	NA	NA	NA	NA	NA	No	NA	NA	NA	NA	NA	NA	NA	NA	NA	NA	NA	No	NA	NA	NA	NA	NA	NA	NA	NA	NA	NA	NA	NA	NA	NA	NA	NA	NA	NA	NA	NA	NA	NA	NA	No	NA	NA	NA	NA	NA	NA	NA	NA	NA	NA	NA	NA	NA	NA	NA	NA	NA	NA	NA	NA	NA	NA	NA	No	NA	NA	NA	NA	NA	NA	NA	NA	NA	NA	NA	Yes	NA	NA	NA	NA	NA	NA	NA	NA	NA	NA	NA	No	NA	NA	NA	NA	NA	NA	NA	NA	NA	NA	NA
SRR16988820	Pichiales	NA	NA	NA	Yes	NA	NA	NA	NA	NA	NA	NA	NA	NA	NA	NA	Yes	NA	NA	NA	NA	NA	NA	NA	NA	NA	NA	NA	Yes	NA	NA	NA	NA	NA	NA	NA	NA	NA	NA	NA	Yes	NA	NA	NA	NA	NA	NA	NA	NA	NA	NA	NA	Yes	NA	NA	NA	NA	NA	NA	NA	NA	NA	NA	NA	No	NA	NA	NA	NA	NA	NA	NA	NA	NA	NA	NA	No	NA	NA	NA	NA	NA	NA	NA	NA	NA	NA	NA	No	NA	NA	NA	NA	NA	NA	NA	NA	NA	NA	NA	Yes	NA	NA	NA	NA	NA	NA	NA	NA	NA	NA	NA	Yes	NA	NA	NA	NA	NA	NA	NA	NA	NA	NA	NA	NA
SRR16988819	Pichiales	NA	NA	NA	No	NA	NA	NA	NA	NA	NA	NA	NA	NA	NA	NA	No	NA	NA	NA	NA	NA	NA	NA	NA	NA	NA	NA	No	NA	NA	NA	NA	NA	NA	NA	NA	NA	NA	NA	No	NA	NA	NA	NA	NA	NA	NA	NA	NA	NA	NA	No	NA	NA	NA	NA	NA	NA	NA	NA	NA	NA	NA	No	NA	NA	NA	NA	NA	NA	NA	NA	NA	NA	NA	No	NA	NA	NA	NA	NA	NA	NA	NA	NA	NA	NA	No	NA	NA	NA	NA	NA	NA	NA	NA	NA	NA	NA	No	NA	NA	NA	NA	NA	NA	NA	NA	NA	NA	NA	No	NA	NA	NA	NA	NA	NA	NA	NA	NA	NA	NA	NA
SRR16988818	Serinales	NA	NA	No	NA	NA	NA	NA	NA	NA	NA	NA	NA	NA	NA	Yes	NA	NA	NA	NA	NA	NA	NA	NA	NA	NA	NA	Yes	NA	NA	NA	NA	NA	NA	NA	NA	NA	NA	NA	Yes	NA	NA	NA	NA	NA	NA	NA	NA	NA	NA	NA	NA	NA	NA	NA	NA	NA	NA	NA	NA	NA	NA	NA	NA	NA	NA	NA	NA	NA	NA	NA	NA	NA	NA	NA	No	NA	NA	NA	NA	NA	NA	NA	NA	NA	NA	NA	No	NA	NA	NA	NA	NA	NA	NA	NA	NA	NA	NA	NA	NA	NA	NA	NA	NA	NA	NA	NA	NA	NA	NA	No	NA	NA	NA	NA	NA	NA	NA	NA	NA	NA	NA	NA	NA
SRR16988816	Serinales	NA	NA	Yes	NA	NA	NA	NA	NA	NA	NA	NA	NA	NA	NA	Yes	NA	NA	NA	NA	NA	NA	NA	NA	NA	NA	NA	No	NA	NA	NA	NA	NA	NA	NA	NA	NA	NA	NA	Yes	NA	NA	NA	NA	NA	NA	NA	NA	NA	NA	NA	NA	NA	NA	NA	NA	NA	NA	NA	NA	NA	NA	NA	NA	NA	NA	NA	NA	NA	NA	NA	NA	NA	NA	NA	No	NA	NA	NA	NA	NA	NA	NA	NA	NA	NA	NA	No	NA	NA	NA	NA	NA	NA	NA	NA	NA	NA	NA	NA	NA	NA	NA	NA	NA	NA	NA	NA	NA	NA	NA	No	NA	NA	NA	NA	NA	NA	NA	NA	NA	NA	NA	NA	NA
SRR16988815	Serinales	NA	NA	Yes	NA	NA	NA	NA	NA	NA	NA	NA	NA	NA	NA	Yes	NA	NA	NA	NA	NA	NA	NA	NA	NA	NA	NA	Yes	NA	NA	NA	NA	NA	NA	NA	NA	NA	NA	NA	Yes	NA	NA	NA	NA	NA	NA	NA	NA	NA	NA	NA	NA	NA	NA	NA	NA	NA	NA	NA	NA	NA	NA	NA	NA	NA	NA	NA	NA	NA	NA	NA	NA	NA	NA	NA	No	NA	NA	NA	NA	NA	NA	NA	NA	NA	NA	NA	No	NA	NA	NA	NA	NA	NA	NA	NA	NA	NA	NA	NA	NA	NA	NA	NA	NA	NA	NA	NA	NA	NA	NA	No	NA	NA	NA	NA	NA	NA	NA	NA	NA	NA	NA	NA	NA
SRR16988814	Serinales	NA	NA	Yes	NA	NA	NA	NA	NA	NA	NA	NA	NA	NA	NA	Yes	NA	NA	NA	NA	NA	NA	NA	NA	NA	NA	NA	Yes	NA	NA	NA	NA	NA	NA	NA	NA	NA	NA	NA	Yes	NA	NA	NA	NA	NA	NA	NA	NA	NA	NA	NA	NA	NA	NA	NA	NA	NA	NA	NA	NA	NA	NA	NA	NA	NA	NA	NA	NA	NA	NA	NA	NA	NA	NA	NA	No	NA	NA	NA	NA	NA	NA	NA	NA	NA	NA	NA	No	NA	NA	NA	NA	NA	NA	NA	NA	NA	NA	NA	NA	NA	NA	NA	NA	NA	NA	NA	NA	NA	NA	NA	No	NA	NA	NA	NA	NA	NA	NA	NA	NA	NA	NA	NA	NA
SRR16988813	Pichiales	NA	NA	NA	No	NA	NA	NA	NA	NA	NA	NA	NA	NA	NA	NA	No	NA	NA	NA	NA	NA	NA	NA	NA	NA	NA	NA	No	NA	NA	NA	NA	NA	NA	NA	NA	NA	NA	NA	No	NA	NA	NA	NA	NA	NA	NA	NA	NA	NA	NA	No	NA	NA	NA	NA	NA	NA	NA	NA	NA	NA	NA	No	NA	NA	NA	NA	NA	NA	NA	NA	NA	NA	NA	No	NA	NA	NA	NA	NA	NA	NA	NA	NA	NA	NA	No	NA	NA	NA	NA	NA	NA	NA	NA	NA	NA	NA	NA	NA	NA	NA	NA	NA	NA	NA	NA	NA	NA	NA	NA	NA	NA	NA	NA	NA	NA	NA	NA	NA	NA	NA	NA
SRR16988812	Saccharomycetales	No	NA	NA	NA	NA	NA	NA	NA	NA	NA	NA	NA	No	NA	NA	NA	NA	NA	NA	NA	NA	NA	NA	NA	No	NA	NA	NA	NA	NA	NA	NA	NA	NA	NA	NA	Yes	NA	NA	NA	NA	NA	NA	NA	NA	NA	NA	NA	Yes	NA	NA	NA	NA	NA	NA	NA	NA	NA	NA	NA	Yes	NA	NA	NA	NA	NA	NA	NA	NA	NA	NA	NA	No	NA	NA	NA	NA	NA	NA	NA	NA	NA	NA	NA	No	NA	NA	NA	NA	NA	NA	NA	NA	NA	NA	NA	Yes	NA	NA	NA	NA	NA	NA	NA	NA	NA	NA	NA	Yes	NA	NA	NA	NA	NA	NA	NA	NA	NA	NA	NA	NA	NA	NA	NA
SRR16988811	Saccharomycetales	No	NA	NA	NA	NA	NA	NA	NA	NA	NA	NA	NA	No	NA	NA	NA	NA	NA	NA	NA	NA	NA	NA	NA	No	NA	NA	NA	NA	NA	NA	NA	NA	NA	NA	NA	Yes	NA	NA	NA	NA	NA	NA	NA	NA	NA	NA	NA	Yes	NA	NA	NA	NA	NA	NA	NA	NA	NA	NA	NA	No	NA	NA	NA	NA	NA	NA	NA	NA	NA	NA	NA	No	NA	NA	NA	NA	NA	NA	NA	NA	NA	NA	NA	No	NA	NA	NA	NA	NA	NA	NA	NA	NA	NA	NA	No	NA	NA	NA	NA	NA	NA	NA	NA	NA	NA	NA	Yes	NA	NA	NA	NA	NA	NA	NA	NA	NA	NA	NA	NA	NA	NA	NA
SRR16988810	Dipodascales	NA	NA	NA	NA	No	NA	NA	NA	NA	NA	NA	NA	NA	NA	NA	NA	No	NA	NA	NA	NA	NA	NA	NA	NA	NA	NA	NA	Yes	NA	NA	NA	NA	NA	NA	NA	NA	NA	NA	NA	Yes	NA	NA	NA	NA	NA	NA	NA	NA	NA	NA	NA	No	NA	NA	NA	NA	NA	NA	NA	NA	NA	NA	NA	NA	NA	NA	NA	NA	NA	NA	NA	NA	NA	NA	NA	No	NA	NA	NA	NA	NA	NA	NA	NA	NA	NA	NA	No	NA	NA	NA	NA	NA	NA	NA	NA	NA	NA	NA	No	NA	NA	NA	NA	NA	NA	NA	NA	NA	NA	NA	No	NA	NA	NA	NA	NA	NA	NA	NA	NA	NA	NA
SRR16988809	Phaffomycetales	NA	NA	NA	NA	NA	No	NA	NA	NA	NA	NA	NA	NA	NA	NA	NA	NA	Yes	NA	NA	NA	NA	NA	NA	NA	NA	NA	NA	NA	No	NA	NA	NA	NA	NA	NA	NA	NA	NA	NA	NA	No	NA	NA	NA	NA	NA	NA	NA	NA	NA	NA	NA	NA	NA	NA	NA	NA	NA	NA	NA	NA	NA	NA	NA	NA	NA	NA	NA	NA	NA	NA	NA	NA	NA	NA	NA	Yes	NA	NA	NA	NA	NA	NA	NA	NA	NA	NA	NA	No	NA	NA	NA	NA	NA	NA	NA	NA	NA	NA	NA	NA	NA	NA	NA	NA	NA	NA	NA	NA	NA	NA	NA	No	NA	NA	NA	NA	NA	NA	NA	NA	NA	NA
SRR16988808	Serinales	NA	NA	Yes	NA	NA	NA	NA	NA	NA	NA	NA	NA	NA	NA	Yes	NA	NA	NA	NA	NA	NA	NA	NA	NA	NA	NA	No	NA	NA	NA	NA	NA	NA	NA	NA	NA	NA	NA	Yes	NA	NA	NA	NA	NA	NA	NA	NA	NA	NA	NA	Yes	NA	NA	NA	NA	NA	NA	NA	NA	NA	NA	NA	Yes	NA	NA	NA	NA	NA	NA	NA	NA	NA	NA	NA	No	NA	NA	NA	NA	NA	NA	NA	NA	NA	NA	NA	No	NA	NA	NA	NA	NA	NA	NA	NA	NA	NA	NA	No	NA	NA	NA	NA	NA	NA	NA	NA	NA	NA	NA	NA	NA	NA	NA	NA	NA	NA	NA	NA	NA	NA	NA	NA	NA
SRR16988807	Dipodascales	NA	NA	NA	NA	No	NA	NA	NA	NA	NA	NA	NA	NA	NA	NA	NA	No	NA	NA	NA	NA	NA	NA	NA	NA	NA	NA	NA	No	NA	NA	NA	NA	NA	NA	NA	NA	NA	NA	NA	No	NA	NA	NA	NA	NA	NA	NA	NA	NA	NA	NA	Yes	NA	NA	NA	NA	NA	NA	NA	NA	NA	NA	NA	NA	NA	NA	NA	NA	NA	NA	NA	NA	NA	NA	NA	Yes	NA	NA	NA	NA	NA	NA	NA	NA	NA	NA	NA	No	NA	NA	NA	NA	NA	NA	NA	NA	NA	NA	NA	No	NA	NA	NA	NA	NA	NA	NA	NA	NA	NA	NA	Yes	NA	NA	NA	NA	NA	NA	NA	NA	NA	NA	NA
SRR16988805	Saccharomycetales	No	NA	NA	NA	NA	NA	NA	NA	NA	NA	NA	NA	No	NA	NA	NA	NA	NA	NA	NA	NA	NA	NA	NA	No	NA	NA	NA	NA	NA	NA	NA	NA	NA	NA	NA	Yes	NA	NA	NA	NA	NA	NA	NA	NA	NA	NA	NA	No	NA	NA	NA	NA	NA	NA	NA	NA	NA	NA	NA	Yes	NA	NA	NA	NA	NA	NA	NA	NA	NA	NA	NA	Yes	NA	NA	NA	NA	NA	NA	NA	NA	NA	NA	NA	No	NA	NA	NA	NA	NA	NA	NA	NA	NA	NA	NA	No	NA	NA	NA	NA	NA	NA	NA	NA	NA	NA	NA	No	NA	NA	NA	NA	NA	NA	NA	NA	NA	NA	NA	NA	NA	NA	NA
SRR16988804	Serinales	NA	NA	Yes	NA	NA	NA	NA	NA	NA	NA	NA	NA	NA	NA	Yes	NA	NA	NA	NA	NA	NA	NA	NA	NA	NA	NA	No	NA	NA	NA	NA	NA	NA	NA	NA	NA	NA	NA	Yes	NA	NA	NA	NA	NA	NA	NA	NA	NA	NA	NA	No	NA	NA	NA	NA	NA	NA	NA	NA	NA	NA	NA	Yes	NA	NA	NA	NA	NA	NA	NA	NA	NA	NA	NA	No	NA	NA	NA	NA	NA	NA	NA	NA	NA	NA	NA	Yes	NA	NA	NA	NA	NA	NA	NA	NA	NA	NA	NA	Yes	NA	NA	NA	NA	NA	NA	NA	NA	NA	NA	NA	No	NA	NA	NA	NA	NA	NA	NA	NA	NA	NA	NA	NA	NA
SRR16988803	Dipodascales	NA	NA	NA	NA	No	NA	NA	NA	NA	NA	NA	NA	NA	NA	NA	NA	No	NA	NA	NA	NA	NA	NA	NA	NA	NA	NA	NA	Yes	NA	NA	NA	NA	NA	NA	NA	NA	NA	NA	NA	No	NA	NA	NA	NA	NA	NA	NA	NA	NA	NA	NA	Yes	NA	NA	NA	NA	NA	NA	NA	NA	NA	NA	NA	Yes	NA	NA	NA	NA	NA	NA	NA	NA	NA	NA	NA	Yes	NA	NA	NA	NA	NA	NA	NA	NA	NA	NA	NA	Yes	NA	NA	NA	NA	NA	NA	NA	NA	NA	NA	NA	NA	NA	NA	NA	NA	NA	NA	NA	NA	NA	NA	NA	NA	NA	NA	NA	NA	NA	NA	NA	NA	NA	NA	NA
SRR16988802	Pichiales	NA	NA	NA	No	NA	NA	NA	NA	NA	NA	NA	NA	NA	NA	NA	No	NA	NA	NA	NA	NA	NA	NA	NA	NA	NA	NA	No	NA	NA	NA	NA	NA	NA	NA	NA	NA	NA	NA	No	NA	NA	NA	NA	NA	NA	NA	NA	NA	NA	NA	No	NA	NA	NA	NA	NA	NA	NA	NA	NA	NA	NA	No	NA	NA	NA	NA	NA	NA	NA	NA	NA	NA	NA	No	NA	NA	NA	NA	NA	NA	NA	NA	NA	NA	NA	No	NA	NA	NA	NA	NA	NA	NA	NA	NA	NA	NA	No	NA	NA	NA	NA	NA	NA	NA	NA	NA	NA	NA	No	NA	NA	NA	NA	NA	NA	NA	NA	NA	NA	NA	NA
SRR16988801	Pichiales	NA	NA	NA	No	NA	NA	NA	NA	NA	NA	NA	NA	NA	NA	NA	No	NA	NA	NA	NA	NA	NA	NA	NA	NA	NA	NA	No	NA	NA	NA	NA	NA	NA	NA	NA	NA	NA	NA	No	NA	NA	NA	NA	NA	NA	NA	NA	NA	NA	NA	No	NA	NA	NA	NA	NA	NA	NA	NA	NA	NA	NA	No	NA	NA	NA	NA	NA	NA	NA	NA	NA	NA	NA	Yes	NA	NA	NA	NA	NA	NA	NA	NA	NA	NA	NA	Yes	NA	NA	NA	NA	NA	NA	NA	NA	NA	NA	NA	No	NA	NA	NA	NA	NA	NA	NA	NA	NA	NA	NA	NA	NA	NA	NA	NA	NA	NA	NA	NA	NA	NA	NA	NA
SRR16988800	Dipodascales	NA	NA	NA	NA	No	NA	NA	NA	NA	NA	NA	NA	NA	NA	NA	NA	No	NA	NA	NA	NA	NA	NA	NA	NA	NA	NA	NA	No	NA	NA	NA	NA	NA	NA	NA	NA	NA	NA	NA	No	NA	NA	NA	NA	NA	NA	NA	NA	NA	NA	NA	No	NA	NA	NA	NA	NA	NA	NA	NA	NA	NA	NA	Yes	NA	NA	NA	NA	NA	NA	NA	NA	NA	NA	NA	Yes	NA	NA	NA	NA	NA	NA	NA	NA	NA	NA	NA	Yes	NA	NA	NA	NA	NA	NA	NA	NA	NA	NA	NA	No	NA	NA	NA	NA	NA	NA	NA	NA	NA	NA	NA	No	NA	NA	NA	NA	NA	NA	NA	NA	NA	NA	NA
SRR16988799	Dipodascales	NA	NA	NA	NA	No	NA	NA	NA	NA	NA	NA	NA	NA	NA	NA	NA	No	NA	NA	NA	NA	NA	NA	NA	NA	NA	NA	NA	No	NA	NA	NA	NA	NA	NA	NA	NA	NA	NA	NA	No	NA	NA	NA	NA	NA	NA	NA	NA	NA	NA	NA	No	NA	NA	NA	NA	NA	NA	NA	NA	NA	NA	NA	Yes	NA	NA	NA	NA	NA	NA	NA	NA	NA	NA	NA	No	NA	NA	NA	NA	NA	NA	NA	NA	NA	NA	NA	No	NA	NA	NA	NA	NA	NA	NA	NA	NA	NA	NA	No	NA	NA	NA	NA	NA	NA	NA	NA	NA	NA	NA	No	NA	NA	NA	NA	NA	NA	NA	NA	NA	NA	NA
SRR16988798	Saccharomycodales	NA	NA	NA	NA	NA	NA	NA	Yes	NA	NA	NA	NA	NA	NA	NA	NA	NA	NA	NA	NA	NA	NA	NA	NA	NA	NA	NA	NA	NA	NA	NA	No	NA	NA	NA	NA	NA	NA	NA	NA	NA	NA	NA	Yes	NA	NA	NA	NA	NA	NA	NA	NA	NA	NA	NA	NA	NA	NA	NA	NA	NA	NA	NA	NA	NA	NA	NA	NA	NA	NA	NA	NA	NA	NA	NA	NA	NA	NA	NA	No	NA	NA	NA	NA	NA	NA	NA	NA	NA	NA	NA	NA	NA	NA	NA	NA	NA	NA	NA	NA	NA	NA	NA	Yes	NA	NA	NA	NA	NA	NA	NA	NA	NA	NA	NA	NA	NA	NA	NA	NA	NA	NA	NA	NA
SRR16988797	Pichiales	NA	NA	NA	Yes	NA	NA	NA	NA	NA	NA	NA	NA	NA	NA	NA	NA	NA	NA	NA	NA	NA	NA	NA	NA	NA	NA	NA	Yes	NA	NA	NA	NA	NA	NA	NA	NA	NA	NA	NA	Yes	NA	NA	NA	NA	NA	NA	NA	NA	NA	NA	NA	NA	NA	NA	NA	NA	NA	NA	NA	NA	NA	NA	NA	NA	NA	NA	NA	NA	NA	NA	NA	NA	NA	NA	NA	No	NA	NA	NA	NA	NA	NA	NA	NA	NA	NA	NA	NA	NA	NA	NA	NA	NA	NA	NA	NA	NA	NA	NA	Yes	NA	NA	NA	NA	NA	NA	NA	NA	NA	NA	NA	No	NA	NA	NA	NA	NA	NA	NA	NA	NA	NA	NA	NA
SRR16988796	Pichiales	NA	NA	NA	No	NA	NA	NA	NA	NA	NA	NA	NA	NA	NA	NA	NA	NA	NA	NA	NA	NA	NA	NA	NA	NA	NA	NA	No	NA	NA	NA	NA	NA	NA	NA	NA	NA	NA	NA	No	NA	NA	NA	NA	NA	NA	NA	NA	NA	NA	NA	NA	NA	NA	NA	NA	NA	NA	NA	NA	NA	NA	NA	NA	NA	NA	NA	NA	NA	NA	NA	NA	NA	NA	NA	No	NA	NA	NA	NA	NA	NA	NA	NA	NA	NA	NA	NA	NA	NA	NA	NA	NA	NA	NA	NA	NA	NA	NA	No	NA	NA	NA	NA	NA	NA	NA	NA	NA	NA	NA	NA	NA	NA	NA	NA	NA	NA	NA	NA	NA	NA	NA	NA
SRR16988794	Pichiales	NA	NA	NA	No	NA	NA	NA	NA	NA	NA	NA	NA	NA	NA	NA	No	NA	NA	NA	NA	NA	NA	NA	NA	NA	NA	NA	No	NA	NA	NA	NA	NA	NA	NA	NA	NA	NA	NA	Yes	NA	NA	NA	NA	NA	NA	NA	NA	NA	NA	NA	No	NA	NA	NA	NA	NA	NA	NA	NA	NA	NA	NA	No	NA	NA	NA	NA	NA	NA	NA	NA	NA	NA	NA	Yes	NA	NA	NA	NA	NA	NA	NA	NA	NA	NA	NA	No	NA	NA	NA	NA	NA	NA	NA	NA	NA	NA	NA	NA	NA	NA	NA	NA	NA	NA	NA	NA	NA	NA	NA	No	NA	NA	NA	NA	NA	NA	NA	NA	NA	NA	NA	NA
SRR16988793	Ascoideales	NA	NA	NA	NA	NA	NA	NA	NA	NA	NA	NA	No	NA	NA	NA	NA	NA	NA	NA	NA	NA	NA	NA	NA	NA	NA	NA	NA	NA	NA	NA	NA	NA	NA	NA	No	NA	NA	NA	NA	NA	NA	NA	NA	NA	NA	NA	Yes	NA	NA	NA	NA	NA	NA	NA	NA	NA	NA	NA	NA	NA	NA	NA	NA	NA	NA	NA	NA	NA	NA	NA	NA	NA	NA	NA	NA	NA	NA	NA	NA	NA	NA	NA	No	NA	NA	NA	NA	NA	NA	NA	NA	NA	NA	NA	NA	NA	NA	NA	NA	NA	NA	NA	NA	NA	NA	NA	Yes	NA	NA	NA	NA	NA	NA	NA	NA	NA	NA	NA	NA	NA	NA	NA	NA
SRR16988792	Serinales	NA	NA	No	NA	NA	NA	NA	NA	NA	NA	NA	NA	NA	NA	NA	NA	NA	NA	NA	NA	NA	NA	NA	NA	NA	NA	No	NA	NA	NA	NA	NA	NA	NA	NA	NA	NA	NA	Yes	NA	NA	NA	NA	NA	NA	NA	NA	NA	NA	NA	NA	NA	NA	NA	NA	NA	NA	NA	NA	NA	NA	NA	NA	NA	NA	NA	NA	NA	NA	NA	NA	NA	NA	NA	No	NA	NA	NA	NA	NA	NA	NA	NA	NA	NA	NA	NA	NA	NA	NA	NA	NA	NA	NA	NA	NA	NA	NA	No	NA	NA	NA	NA	NA	NA	NA	NA	NA	NA	NA	No	NA	NA	NA	NA	NA	NA	NA	NA	NA	NA	NA	NA	NA
SRR16988791	Serinales	NA	NA	Yes	NA	NA	NA	NA	NA	NA	NA	NA	NA	NA	NA	Yes	NA	NA	NA	NA	NA	NA	NA	NA	NA	NA	NA	Yes	NA	NA	NA	NA	NA	NA	NA	NA	NA	NA	NA	Yes	NA	NA	NA	NA	NA	NA	NA	NA	NA	NA	NA	Yes	NA	NA	NA	NA	NA	NA	NA	NA	NA	NA	NA	NA	NA	NA	NA	NA	NA	NA	NA	NA	NA	NA	NA	No	NA	NA	NA	NA	NA	NA	NA	NA	NA	NA	NA	No	NA	NA	NA	NA	NA	NA	NA	NA	NA	NA	NA	Yes	NA	NA	NA	NA	NA	NA	NA	NA	NA	NA	NA	No	NA	NA	NA	NA	NA	NA	NA	NA	NA	NA	NA	NA	NA
SRR16988790	Serinales	NA	NA	Yes	NA	NA	NA	NA	NA	NA	NA	NA	NA	NA	NA	No	NA	NA	NA	NA	NA	NA	NA	NA	NA	NA	NA	No	NA	NA	NA	NA	NA	NA	NA	NA	NA	NA	NA	Yes	NA	NA	NA	NA	NA	NA	NA	NA	NA	NA	NA	Yes	NA	NA	NA	NA	NA	NA	NA	NA	NA	NA	NA	Yes	NA	NA	NA	NA	NA	NA	NA	NA	NA	NA	NA	No	NA	NA	NA	NA	NA	NA	NA	NA	NA	NA	NA	Yes	NA	NA	NA	NA	NA	NA	NA	NA	NA	NA	NA	No	NA	NA	NA	NA	NA	NA	NA	NA	NA	NA	NA	Yes	NA	NA	NA	NA	NA	NA	NA	NA	NA	NA	NA	NA	NA
SRR16988789	Saccharomycetales	No	NA	NA	NA	NA	NA	NA	NA	NA	NA	NA	NA	NA	NA	NA	NA	NA	NA	NA	NA	NA	NA	NA	NA	No	NA	NA	NA	NA	NA	NA	NA	NA	NA	NA	NA	Yes	NA	NA	NA	NA	NA	NA	NA	NA	NA	NA	NA	NA	NA	NA	NA	NA	NA	NA	NA	NA	NA	NA	NA	NA	NA	NA	NA	NA	NA	NA	NA	NA	NA	NA	NA	No	NA	NA	NA	NA	NA	NA	NA	NA	NA	NA	NA	NA	NA	NA	NA	NA	NA	NA	NA	NA	NA	NA	NA	No	NA	NA	NA	NA	NA	NA	NA	NA	NA	NA	NA	No	NA	NA	NA	NA	NA	NA	NA	NA	NA	NA	NA	NA	NA	NA	NA
SRR16988788	Pichiales	NA	NA	NA	Yes	NA	NA	NA	NA	NA	NA	NA	NA	NA	NA	NA	Yes	NA	NA	NA	NA	NA	NA	NA	NA	NA	NA	NA	Yes	NA	NA	NA	NA	NA	NA	NA	NA	NA	NA	NA	Yes	NA	NA	NA	NA	NA	NA	NA	NA	NA	NA	NA	Yes	NA	NA	NA	NA	NA	NA	NA	NA	NA	NA	NA	Yes	NA	NA	NA	NA	NA	NA	NA	NA	NA	NA	NA	No	NA	NA	NA	NA	NA	NA	NA	NA	NA	NA	NA	Yes	NA	NA	NA	NA	NA	NA	NA	NA	NA	NA	NA	NA	NA	NA	NA	NA	NA	NA	NA	NA	NA	NA	NA	NA	NA	NA	NA	NA	NA	NA	NA	NA	NA	NA	NA	NA
SRR16988787	Phaffomycetales	NA	NA	NA	NA	NA	Yes	NA	NA	NA	NA	NA	NA	NA	NA	NA	NA	NA	Yes	NA	NA	NA	NA	NA	NA	NA	NA	NA	NA	NA	Yes	NA	NA	NA	NA	NA	NA	NA	NA	NA	NA	NA	Yes	NA	NA	NA	NA	NA	NA	NA	NA	NA	NA	NA	Yes	NA	NA	NA	NA	NA	NA	NA	NA	NA	NA	NA	Yes	NA	NA	NA	NA	NA	NA	NA	NA	NA	NA	NA	Yes	NA	NA	NA	NA	NA	NA	NA	NA	NA	NA	NA	Yes	NA	NA	NA	NA	NA	NA	NA	NA	NA	NA	NA	No	NA	NA	NA	NA	NA	NA	NA	NA	NA	NA	NA	No	NA	NA	NA	NA	NA	NA	NA	NA	NA	NA
SRR16988786	Pichiales	NA	NA	NA	Yes	NA	NA	NA	NA	NA	NA	NA	NA	NA	NA	NA	Yes	NA	NA	NA	NA	NA	NA	NA	NA	NA	NA	NA	Yes	NA	NA	NA	NA	NA	NA	NA	NA	NA	NA	NA	Yes	NA	NA	NA	NA	NA	NA	NA	NA	NA	NA	NA	NA	NA	NA	NA	NA	NA	NA	NA	NA	NA	NA	NA	Yes	NA	NA	NA	NA	NA	NA	NA	NA	NA	NA	NA	No	NA	NA	NA	NA	NA	NA	NA	NA	NA	NA	NA	NA	NA	NA	NA	NA	NA	NA	NA	NA	NA	NA	NA	NA	NA	NA	NA	NA	NA	NA	NA	NA	NA	NA	NA	Yes	NA	NA	NA	NA	NA	NA	NA	NA	NA	NA	NA	NA
SRR16988785	Serinales	NA	NA	Yes	NA	NA	NA	NA	NA	NA	NA	NA	NA	NA	NA	Yes	NA	NA	NA	NA	NA	NA	NA	NA	NA	NA	NA	No	NA	NA	NA	NA	NA	NA	NA	NA	NA	NA	NA	Yes	NA	NA	NA	NA	NA	NA	NA	NA	NA	NA	NA	No	NA	NA	NA	NA	NA	NA	NA	NA	NA	NA	NA	No	NA	NA	NA	NA	NA	NA	NA	NA	NA	NA	NA	No	NA	NA	NA	NA	NA	NA	NA	NA	NA	NA	NA	Yes	NA	NA	NA	NA	NA	NA	NA	NA	NA	NA	NA	Yes	NA	NA	NA	NA	NA	NA	NA	NA	NA	NA	NA	NA	NA	NA	NA	NA	NA	NA	NA	NA	NA	NA	NA	NA	NA
SRR16988783	Serinales	NA	NA	Yes	NA	NA	NA	NA	NA	NA	NA	NA	NA	NA	NA	Yes	NA	NA	NA	NA	NA	NA	NA	NA	NA	NA	NA	Yes	NA	NA	NA	NA	NA	NA	NA	NA	NA	NA	NA	Yes	NA	NA	NA	NA	NA	NA	NA	NA	NA	NA	NA	No	NA	NA	NA	NA	NA	NA	NA	NA	NA	NA	NA	Yes	NA	NA	NA	NA	NA	NA	NA	NA	NA	NA	NA	No	NA	NA	NA	NA	NA	NA	NA	NA	NA	NA	NA	Yes	NA	NA	NA	NA	NA	NA	NA	NA	NA	NA	NA	NA	NA	NA	NA	NA	NA	NA	NA	NA	NA	NA	NA	No	NA	NA	NA	NA	NA	NA	NA	NA	NA	NA	NA	NA	NA
SRR16988782	Lipomycetales	NA	Yes	NA	NA	NA	NA	NA	NA	NA	NA	NA	NA	NA	No	NA	NA	NA	NA	NA	NA	NA	NA	NA	NA	NA	Yes	NA	NA	NA	NA	NA	NA	NA	NA	NA	NA	NA	Yes	NA	NA	NA	NA	NA	NA	NA	NA	NA	NA	NA	Yes	NA	NA	NA	NA	NA	NA	NA	NA	NA	NA	NA	Yes	NA	NA	NA	NA	NA	NA	NA	NA	NA	NA	NA	Yes	NA	NA	NA	NA	NA	NA	NA	NA	NA	NA	NA	No	NA	NA	NA	NA	NA	NA	NA	NA	NA	NA	NA	NA	NA	NA	NA	NA	NA	NA	NA	NA	NA	NA	NA	No	NA	NA	NA	NA	NA	NA	NA	NA	NA	NA	NA	NA	NA	NA
SRR16988781	Dipodascales	NA	NA	NA	NA	Yes	NA	NA	NA	NA	NA	NA	NA	NA	NA	NA	NA	NA	NA	NA	NA	NA	NA	NA	NA	NA	NA	NA	NA	No	NA	NA	NA	NA	NA	NA	NA	NA	NA	NA	NA	Yes	NA	NA	NA	NA	NA	NA	NA	NA	NA	NA	NA	NA	NA	NA	NA	NA	NA	NA	NA	NA	NA	NA	NA	NA	NA	NA	NA	NA	NA	NA	NA	NA	NA	NA	NA	No	NA	NA	NA	NA	NA	NA	NA	NA	NA	NA	NA	NA	NA	NA	NA	NA	NA	NA	NA	NA	NA	NA	NA	Yes	NA	NA	NA	NA	NA	NA	NA	NA	NA	NA	NA	NA	NA	NA	NA	NA	NA	NA	NA	NA	NA	NA	NA
SRR16988780	Dipodascales	NA	NA	NA	NA	Yes	NA	NA	NA	NA	NA	NA	NA	NA	NA	NA	NA	NA	NA	NA	NA	NA	NA	NA	NA	NA	NA	NA	NA	Yes	NA	NA	NA	NA	NA	NA	NA	NA	NA	NA	NA	Yes	NA	NA	NA	NA	NA	NA	NA	NA	NA	NA	NA	NA	NA	NA	NA	NA	NA	NA	NA	NA	NA	NA	NA	NA	NA	NA	NA	NA	NA	NA	NA	NA	NA	NA	NA	Yes	NA	NA	NA	NA	NA	NA	NA	NA	NA	NA	NA	NA	NA	NA	NA	NA	NA	NA	NA	NA	NA	NA	NA	Yes	NA	NA	NA	NA	NA	NA	NA	NA	NA	NA	NA	Yes	NA	NA	NA	NA	NA	NA	NA	NA	NA	NA	NA
SRR16988779	Serinales	NA	NA	Yes	NA	NA	NA	NA	NA	NA	NA	NA	NA	NA	NA	NA	NA	NA	NA	NA	NA	NA	NA	NA	NA	NA	NA	No	NA	NA	NA	NA	NA	NA	NA	NA	NA	NA	NA	Yes	NA	NA	NA	NA	NA	NA	NA	NA	NA	NA	NA	NA	NA	NA	NA	NA	NA	NA	NA	NA	NA	NA	NA	NA	NA	NA	NA	NA	NA	NA	NA	NA	NA	NA	NA	No	NA	NA	NA	NA	NA	NA	NA	NA	NA	NA	NA	NA	NA	NA	NA	NA	NA	NA	NA	NA	NA	NA	NA	No	NA	NA	NA	NA	NA	NA	NA	NA	NA	NA	NA	No	NA	NA	NA	NA	NA	NA	NA	NA	NA	NA	NA	NA	NA
SRR16988778	Dipodascales	NA	NA	NA	NA	Yes	NA	NA	NA	NA	NA	NA	NA	NA	NA	NA	NA	Yes	NA	NA	NA	NA	NA	NA	NA	NA	NA	NA	NA	No	NA	NA	NA	NA	NA	NA	NA	NA	NA	NA	NA	Yes	NA	NA	NA	NA	NA	NA	NA	NA	NA	NA	NA	NA	NA	NA	NA	NA	NA	NA	NA	NA	NA	NA	NA	NA	NA	NA	NA	NA	NA	NA	NA	NA	NA	NA	NA	Yes	NA	NA	NA	NA	NA	NA	NA	NA	NA	NA	NA	No	NA	NA	NA	NA	NA	NA	NA	NA	NA	NA	NA	No	NA	NA	NA	NA	NA	NA	NA	NA	NA	NA	NA	Yes	NA	NA	NA	NA	NA	NA	NA	NA	NA	NA	NA
SRR16988777	Dipodascales	NA	NA	NA	NA	NA	NA	NA	NA	NA	NA	NA	NA	NA	NA	NA	NA	NA	NA	NA	NA	NA	NA	NA	NA	NA	NA	NA	NA	NA	NA	NA	NA	NA	NA	NA	NA	NA	NA	NA	NA	NA	NA	NA	NA	NA	NA	NA	NA	NA	NA	NA	NA	NA	NA	NA	NA	NA	NA	NA	NA	NA	NA	NA	NA	NA	NA	NA	NA	NA	NA	NA	NA	NA	NA	NA	NA	NA	NA	NA	NA	NA	NA	NA	NA	NA	NA	NA	NA	NA	NA	NA	NA	NA	NA	NA	NA	NA	NA	NA	NA	NA	NA	NA	NA	NA	NA	NA	NA	NA	NA	NA	NA	NA	NA	NA	NA	NA	NA	NA	NA	NA	NA	NA	NA
SRR16988776	Serinales	NA	NA	No	NA	NA	NA	NA	NA	NA	NA	NA	NA	NA	NA	Yes	NA	NA	NA	NA	NA	NA	NA	NA	NA	NA	NA	No	NA	NA	NA	NA	NA	NA	NA	NA	NA	NA	NA	Yes	NA	NA	NA	NA	NA	NA	NA	NA	NA	NA	NA	No	NA	NA	NA	NA	NA	NA	NA	NA	NA	NA	NA	NA	NA	NA	NA	NA	NA	NA	NA	NA	NA	NA	NA	No	NA	NA	NA	NA	NA	NA	NA	NA	NA	NA	NA	No	NA	NA	NA	NA	NA	NA	NA	NA	NA	NA	NA	No	NA	NA	NA	NA	NA	NA	NA	NA	NA	NA	NA	Yes	NA	NA	NA	NA	NA	NA	NA	NA	NA	NA	NA	NA	NA
SRR16988775	Dipodascales	NA	NA	NA	NA	No	NA	NA	NA	NA	NA	NA	NA	NA	NA	NA	NA	No	NA	NA	NA	NA	NA	NA	NA	NA	NA	NA	NA	Yes	NA	NA	NA	NA	NA	NA	NA	NA	NA	NA	NA	No	NA	NA	NA	NA	NA	NA	NA	NA	NA	NA	NA	Yes	NA	NA	NA	NA	NA	NA	NA	NA	NA	NA	NA	Yes	NA	NA	NA	NA	NA	NA	NA	NA	NA	NA	NA	Yes	NA	NA	NA	NA	NA	NA	NA	NA	NA	NA	NA	Yes	NA	NA	NA	NA	NA	NA	NA	NA	NA	NA	NA	Yes	NA	NA	NA	NA	NA	NA	NA	NA	NA	NA	NA	No	NA	NA	NA	NA	NA	NA	NA	NA	NA	NA	NA
SRR16988774	Serinales	NA	NA	No	NA	NA	NA	NA	NA	NA	NA	NA	NA	NA	NA	No	NA	NA	NA	NA	NA	NA	NA	NA	NA	NA	NA	No	NA	NA	NA	NA	NA	NA	NA	NA	NA	NA	NA	Yes	NA	NA	NA	NA	NA	NA	NA	NA	NA	NA	NA	Yes	NA	NA	NA	NA	NA	NA	NA	NA	NA	NA	NA	NA	NA	NA	NA	NA	NA	NA	NA	NA	NA	NA	NA	No	NA	NA	NA	NA	NA	NA	NA	NA	NA	NA	NA	Yes	NA	NA	NA	NA	NA	NA	NA	NA	NA	NA	NA	Yes	NA	NA	NA	NA	NA	NA	NA	NA	NA	NA	NA	Yes	NA	NA	NA	NA	NA	NA	NA	NA	NA	NA	NA	NA	NA
SRR16988772	Dipodascales	NA	NA	NA	NA	No	NA	NA	NA	NA	NA	NA	NA	NA	NA	NA	NA	No	NA	NA	NA	NA	NA	NA	NA	NA	NA	NA	NA	Yes	NA	NA	NA	NA	NA	NA	NA	NA	NA	NA	NA	No	NA	NA	NA	NA	NA	NA	NA	NA	NA	NA	NA	Yes	NA	NA	NA	NA	NA	NA	NA	NA	NA	NA	NA	Yes	NA	NA	NA	NA	NA	NA	NA	NA	NA	NA	NA	No	NA	NA	NA	NA	NA	NA	NA	NA	NA	NA	NA	Yes	NA	NA	NA	NA	NA	NA	NA	NA	NA	NA	NA	NA	NA	NA	NA	NA	NA	NA	NA	NA	NA	NA	NA	No	NA	NA	NA	NA	NA	NA	NA	NA	NA	NA	NA
SRR16988771	Dipodascales	NA	NA	NA	NA	No	NA	NA	NA	NA	NA	NA	NA	NA	NA	NA	NA	No	NA	NA	NA	NA	NA	NA	NA	NA	NA	NA	NA	No	NA	NA	NA	NA	NA	NA	NA	NA	NA	NA	NA	No	NA	NA	NA	NA	NA	NA	NA	NA	NA	NA	NA	Yes	NA	NA	NA	NA	NA	NA	NA	NA	NA	NA	NA	Yes	NA	NA	NA	NA	NA	NA	NA	NA	NA	NA	NA	No	NA	NA	NA	NA	NA	NA	NA	NA	NA	NA	NA	Yes	NA	NA	NA	NA	NA	NA	NA	NA	NA	NA	NA	No	NA	NA	NA	NA	NA	NA	NA	NA	NA	NA	NA	Yes	NA	NA	NA	NA	NA	NA	NA	NA	NA	NA	NA
SRR16988770	Serinales	NA	NA	No	NA	NA	NA	NA	NA	NA	NA	NA	NA	NA	NA	No	NA	NA	NA	NA	NA	NA	NA	NA	NA	NA	NA	No	NA	NA	NA	NA	NA	NA	NA	NA	NA	NA	NA	Yes	NA	NA	NA	NA	NA	NA	NA	NA	NA	NA	NA	Yes	NA	NA	NA	NA	NA	NA	NA	NA	NA	NA	NA	NA	NA	NA	NA	NA	NA	NA	NA	NA	NA	NA	NA	Yes	NA	NA	NA	NA	NA	NA	NA	NA	NA	NA	NA	Yes	NA	NA	NA	NA	NA	NA	NA	NA	NA	NA	NA	Yes	NA	NA	NA	NA	NA	NA	NA	NA	NA	NA	NA	Yes	NA	NA	NA	NA	NA	NA	NA	NA	NA	NA	NA	NA	NA
SRR16988769	Pichiales	NA	NA	NA	No	NA	NA	NA	NA	NA	NA	NA	NA	NA	NA	NA	No	NA	NA	NA	NA	NA	NA	NA	NA	NA	NA	NA	No	NA	NA	NA	NA	NA	NA	NA	NA	NA	NA	NA	Yes	NA	NA	NA	NA	NA	NA	NA	NA	NA	NA	NA	No	NA	NA	NA	NA	NA	NA	NA	NA	NA	NA	NA	No	NA	NA	NA	NA	NA	NA	NA	NA	NA	NA	NA	Yes	NA	NA	NA	NA	NA	NA	NA	NA	NA	NA	NA	Yes	NA	NA	NA	NA	NA	NA	NA	NA	NA	NA	NA	No	NA	NA	NA	NA	NA	NA	NA	NA	NA	NA	NA	Yes	NA	NA	NA	NA	NA	NA	NA	NA	NA	NA	NA	NA
SRR16988768	Serinales	NA	NA	NA	NA	NA	NA	NA	NA	NA	NA	NA	NA	NA	NA	NA	NA	NA	NA	NA	NA	NA	NA	NA	NA	NA	NA	NA	NA	NA	NA	NA	NA	NA	NA	NA	NA	NA	NA	NA	NA	NA	NA	NA	NA	NA	NA	NA	NA	NA	NA	NA	NA	NA	NA	NA	NA	NA	NA	NA	NA	NA	NA	NA	NA	NA	NA	NA	NA	NA	NA	NA	NA	NA	NA	NA	NA	NA	NA	NA	NA	NA	NA	NA	NA	NA	NA	NA	NA	NA	NA	NA	NA	NA	NA	NA	NA	NA	NA	NA	NA	NA	NA	NA	NA	NA	NA	NA	NA	NA	NA	NA	NA	NA	NA	NA	NA	NA	NA	NA	NA	NA	NA	NA	NA
SRR16988767	Serinales	NA	NA	Yes	NA	NA	NA	NA	NA	NA	NA	NA	NA	NA	NA	Yes	NA	NA	NA	NA	NA	NA	NA	NA	NA	NA	NA	Yes	NA	NA	NA	NA	NA	NA	NA	NA	NA	NA	NA	Yes	NA	NA	NA	NA	NA	NA	NA	NA	NA	NA	NA	No	NA	NA	NA	NA	NA	NA	NA	NA	NA	NA	NA	NA	NA	NA	NA	NA	NA	NA	NA	NA	NA	NA	NA	No	NA	NA	NA	NA	NA	NA	NA	NA	NA	NA	NA	Yes	NA	NA	NA	NA	NA	NA	NA	NA	NA	NA	NA	NA	NA	NA	NA	NA	NA	NA	NA	NA	NA	NA	NA	Yes	NA	NA	NA	NA	NA	NA	NA	NA	NA	NA	NA	NA	NA
SRR16988766	Serinales	NA	NA	Yes	NA	NA	NA	NA	NA	NA	NA	NA	NA	NA	NA	No	NA	NA	NA	NA	NA	NA	NA	NA	NA	NA	NA	No	NA	NA	NA	NA	NA	NA	NA	NA	NA	NA	NA	Yes	NA	NA	NA	NA	NA	NA	NA	NA	NA	NA	NA	Yes	NA	NA	NA	NA	NA	NA	NA	NA	NA	NA	NA	NA	NA	NA	NA	NA	NA	NA	NA	NA	NA	NA	NA	No	NA	NA	NA	NA	NA	NA	NA	NA	NA	NA	NA	Yes	NA	NA	NA	NA	NA	NA	NA	NA	NA	NA	NA	Yes	NA	NA	NA	NA	NA	NA	NA	NA	NA	NA	NA	No	NA	NA	NA	NA	NA	NA	NA	NA	NA	NA	NA	NA	NA
SRR16988765	Serinales	NA	NA	Yes	NA	NA	NA	NA	NA	NA	NA	NA	NA	NA	NA	Yes	NA	NA	NA	NA	NA	NA	NA	NA	NA	NA	NA	Yes	NA	NA	NA	NA	NA	NA	NA	NA	NA	NA	NA	Yes	NA	NA	NA	NA	NA	NA	NA	NA	NA	NA	NA	Yes	NA	NA	NA	NA	NA	NA	NA	NA	NA	NA	NA	Yes	NA	NA	NA	NA	NA	NA	NA	NA	NA	NA	NA	No	NA	NA	NA	NA	NA	NA	NA	NA	NA	NA	NA	No	NA	NA	NA	NA	NA	NA	NA	NA	NA	NA	NA	NA	NA	NA	NA	NA	NA	NA	NA	NA	NA	NA	NA	No	NA	NA	NA	NA	NA	NA	NA	NA	NA	NA	NA	NA	NA
SRR16988764	Serinales	NA	NA	NA	NA	NA	NA	NA	NA	NA	NA	NA	NA	NA	NA	NA	NA	NA	NA	NA	NA	NA	NA	NA	NA	NA	NA	NA	NA	NA	NA	NA	NA	NA	NA	NA	NA	NA	NA	NA	NA	NA	NA	NA	NA	NA	NA	NA	NA	NA	NA	NA	NA	NA	NA	NA	NA	NA	NA	NA	NA	NA	NA	NA	NA	NA	NA	NA	NA	NA	NA	NA	NA	NA	NA	NA	NA	NA	NA	NA	NA	NA	NA	NA	NA	NA	NA	NA	NA	NA	NA	NA	NA	NA	NA	NA	NA	NA	NA	NA	NA	NA	NA	NA	NA	NA	NA	NA	NA	NA	NA	NA	NA	NA	NA	NA	NA	NA	NA	NA	NA	NA	NA	NA	NA
SRR16988763	Serinales	NA	NA	No	NA	NA	NA	NA	NA	NA	NA	NA	NA	NA	NA	No	NA	NA	NA	NA	NA	NA	NA	NA	NA	NA	NA	No	NA	NA	NA	NA	NA	NA	NA	NA	NA	NA	NA	Yes	NA	NA	NA	NA	NA	NA	NA	NA	NA	NA	NA	Yes	NA	NA	NA	NA	NA	NA	NA	NA	NA	NA	NA	NA	NA	NA	NA	NA	NA	NA	NA	NA	NA	NA	NA	No	NA	NA	NA	NA	NA	NA	NA	NA	NA	NA	NA	No	NA	NA	NA	NA	NA	NA	NA	NA	NA	NA	NA	Yes	NA	NA	NA	NA	NA	NA	NA	NA	NA	NA	NA	No	NA	NA	NA	NA	NA	NA	NA	NA	NA	NA	NA	NA	NA
SRR16988761	Dipodascales	NA	NA	NA	NA	No	NA	NA	NA	NA	NA	NA	NA	NA	NA	NA	NA	No	NA	NA	NA	NA	NA	NA	NA	NA	NA	NA	NA	No	NA	NA	NA	NA	NA	NA	NA	NA	NA	NA	NA	No	NA	NA	NA	NA	NA	NA	NA	NA	NA	NA	NA	Yes	NA	NA	NA	NA	NA	NA	NA	NA	NA	NA	NA	Yes	NA	NA	NA	NA	NA	NA	NA	NA	NA	NA	NA	No	NA	NA	NA	NA	NA	NA	NA	NA	NA	NA	NA	No	NA	NA	NA	NA	NA	NA	NA	NA	NA	NA	NA	NA	NA	NA	NA	NA	NA	NA	NA	NA	NA	NA	NA	No	NA	NA	NA	NA	NA	NA	NA	NA	NA	NA	NA
SRR16988760	Phaffomycetales	NA	NA	NA	NA	NA	No	NA	NA	NA	NA	NA	NA	NA	NA	NA	NA	NA	Yes	NA	NA	NA	NA	NA	NA	NA	NA	NA	NA	NA	No	NA	NA	NA	NA	NA	NA	NA	NA	NA	NA	NA	No	NA	NA	NA	NA	NA	NA	NA	NA	NA	NA	NA	Yes	NA	NA	NA	NA	NA	NA	NA	NA	NA	NA	NA	NA	NA	NA	NA	NA	NA	NA	NA	NA	NA	NA	NA	No	NA	NA	NA	NA	NA	NA	NA	NA	NA	NA	NA	Yes	NA	NA	NA	NA	NA	NA	NA	NA	NA	NA	NA	No	NA	NA	NA	NA	NA	NA	NA	NA	NA	NA	NA	No	NA	NA	NA	NA	NA	NA	NA	NA	NA	NA
SRR16988759	Dipodascales	NA	NA	NA	NA	Yes	NA	NA	NA	NA	NA	NA	NA	NA	NA	NA	NA	Yes	NA	NA	NA	NA	NA	NA	NA	NA	NA	NA	NA	No	NA	NA	NA	NA	NA	NA	NA	NA	NA	NA	NA	Yes	NA	NA	NA	NA	NA	NA	NA	NA	NA	NA	NA	Yes	NA	NA	NA	NA	NA	NA	NA	NA	NA	NA	NA	Yes	NA	NA	NA	NA	NA	NA	NA	NA	NA	NA	NA	Yes	NA	NA	NA	NA	NA	NA	NA	NA	NA	NA	NA	Yes	NA	NA	NA	NA	NA	NA	NA	NA	NA	NA	NA	Yes	NA	NA	NA	NA	NA	NA	NA	NA	NA	NA	NA	No	NA	NA	NA	NA	NA	NA	NA	NA	NA	NA	NA
SRR16988758	Saccharomycetales	No	NA	NA	NA	NA	NA	NA	NA	NA	NA	NA	NA	No	NA	NA	NA	NA	NA	NA	NA	NA	NA	NA	NA	No	NA	NA	NA	NA	NA	NA	NA	NA	NA	NA	NA	Yes	NA	NA	NA	NA	NA	NA	NA	NA	NA	NA	NA	Yes	NA	NA	NA	NA	NA	NA	NA	NA	NA	NA	NA	Yes	NA	NA	NA	NA	NA	NA	NA	NA	NA	NA	NA	No	NA	NA	NA	NA	NA	NA	NA	NA	NA	NA	NA	No	NA	NA	NA	NA	NA	NA	NA	NA	NA	NA	NA	No	NA	NA	NA	NA	NA	NA	NA	NA	NA	NA	NA	No	NA	NA	NA	NA	NA	NA	NA	NA	NA	NA	NA	NA	NA	NA	NA
SRR16988757	Saccharomycetales	NA	NA	NA	NA	NA	NA	NA	NA	NA	NA	NA	NA	NA	NA	NA	NA	NA	NA	NA	NA	NA	NA	NA	NA	NA	NA	NA	NA	NA	NA	NA	NA	NA	NA	NA	NA	NA	NA	NA	NA	NA	NA	NA	NA	NA	NA	NA	NA	NA	NA	NA	NA	NA	NA	NA	NA	NA	NA	NA	NA	NA	NA	NA	NA	NA	NA	NA	NA	NA	NA	NA	NA	NA	NA	NA	NA	NA	NA	NA	NA	NA	NA	NA	NA	NA	NA	NA	NA	NA	NA	NA	NA	NA	NA	NA	NA	NA	NA	NA	NA	NA	NA	NA	NA	NA	NA	NA	NA	NA	NA	NA	NA	NA	NA	NA	NA	NA	NA	NA	NA	NA	NA	NA	NA
SRR16988756	Saccharomycetales	No	NA	NA	NA	NA	NA	NA	NA	NA	NA	NA	NA	No	NA	NA	NA	NA	NA	NA	NA	NA	NA	NA	NA	No	NA	NA	NA	NA	NA	NA	NA	NA	NA	NA	NA	No	NA	NA	NA	NA	NA	NA	NA	NA	NA	NA	NA	No	NA	NA	NA	NA	NA	NA	NA	NA	NA	NA	NA	Yes	NA	NA	NA	NA	NA	NA	NA	NA	NA	NA	NA	No	NA	NA	NA	NA	NA	NA	NA	NA	NA	NA	NA	No	NA	NA	NA	NA	NA	NA	NA	NA	NA	NA	NA	Yes	NA	NA	NA	NA	NA	NA	NA	NA	NA	NA	NA	No	NA	NA	NA	NA	NA	NA	NA	NA	NA	NA	NA	NA	NA	NA	NA
SRR16988755	Dipodascales	NA	NA	NA	NA	Yes	NA	NA	NA	NA	NA	NA	NA	NA	NA	NA	NA	Yes	NA	NA	NA	NA	NA	NA	NA	NA	NA	NA	NA	No	NA	NA	NA	NA	NA	NA	NA	NA	NA	NA	NA	Yes	NA	NA	NA	NA	NA	NA	NA	NA	NA	NA	NA	NA	NA	NA	NA	NA	NA	NA	NA	NA	NA	NA	NA	NA	NA	NA	NA	NA	NA	NA	NA	NA	NA	NA	NA	No	NA	NA	NA	NA	NA	NA	NA	NA	NA	NA	NA	Yes	NA	NA	NA	NA	NA	NA	NA	NA	NA	NA	NA	Yes	NA	NA	NA	NA	NA	NA	NA	NA	NA	NA	NA	No	NA	NA	NA	NA	NA	NA	NA	NA	NA	NA	NA
SRR16988754	Dipodascales	NA	NA	NA	NA	Yes	NA	NA	NA	NA	NA	NA	NA	NA	NA	NA	NA	Yes	NA	NA	NA	NA	NA	NA	NA	NA	NA	NA	NA	Yes	NA	NA	NA	NA	NA	NA	NA	NA	NA	NA	NA	Yes	NA	NA	NA	NA	NA	NA	NA	NA	NA	NA	NA	NA	NA	NA	NA	NA	NA	NA	NA	NA	NA	NA	NA	NA	NA	NA	NA	NA	NA	NA	NA	NA	NA	NA	NA	No	NA	NA	NA	NA	NA	NA	NA	NA	NA	NA	NA	Yes	NA	NA	NA	NA	NA	NA	NA	NA	NA	NA	NA	Yes	NA	NA	NA	NA	NA	NA	NA	NA	NA	NA	NA	Yes	NA	NA	NA	NA	NA	NA	NA	NA	NA	NA	NA
SRR16988753	Dipodascales	NA	NA	NA	NA	Yes	NA	NA	NA	NA	NA	NA	NA	NA	NA	NA	NA	Yes	NA	NA	NA	NA	NA	NA	NA	NA	NA	NA	NA	Yes	NA	NA	NA	NA	NA	NA	NA	NA	NA	NA	NA	Yes	NA	NA	NA	NA	NA	NA	NA	NA	NA	NA	NA	NA	NA	NA	NA	NA	NA	NA	NA	NA	NA	NA	NA	NA	NA	NA	NA	NA	NA	NA	NA	NA	NA	NA	NA	Yes	NA	NA	NA	NA	NA	NA	NA	NA	NA	NA	NA	Yes	NA	NA	NA	NA	NA	NA	NA	NA	NA	NA	NA	Yes	NA	NA	NA	NA	NA	NA	NA	NA	NA	NA	NA	Yes	NA	NA	NA	NA	NA	NA	NA	NA	NA	NA	NA
SRR16988752	Dipodascales	NA	NA	NA	NA	Yes	NA	NA	NA	NA	NA	NA	NA	NA	NA	NA	NA	Yes	NA	NA	NA	NA	NA	NA	NA	NA	NA	NA	NA	No	NA	NA	NA	NA	NA	NA	NA	NA	NA	NA	NA	Yes	NA	NA	NA	NA	NA	NA	NA	NA	NA	NA	NA	NA	NA	NA	NA	NA	NA	NA	NA	NA	NA	NA	NA	NA	NA	NA	NA	NA	NA	NA	NA	NA	NA	NA	NA	No	NA	NA	NA	NA	NA	NA	NA	NA	NA	NA	NA	Yes	NA	NA	NA	NA	NA	NA	NA	NA	NA	NA	NA	Yes	NA	NA	NA	NA	NA	NA	NA	NA	NA	NA	NA	Yes	NA	NA	NA	NA	NA	NA	NA	NA	NA	NA	NA
SRR16988749	Phaffomycetales	NA	NA	NA	NA	NA	No	NA	NA	NA	NA	NA	NA	NA	NA	NA	NA	NA	No	NA	NA	NA	NA	NA	NA	NA	NA	NA	NA	NA	No	NA	NA	NA	NA	NA	NA	NA	NA	NA	NA	NA	No	NA	NA	NA	NA	NA	NA	NA	NA	NA	NA	NA	Yes	NA	NA	NA	NA	NA	NA	NA	NA	NA	NA	NA	Yes	NA	NA	NA	NA	NA	NA	NA	NA	NA	NA	NA	Yes	NA	NA	NA	NA	NA	NA	NA	NA	NA	NA	NA	Yes	NA	NA	NA	NA	NA	NA	NA	NA	NA	NA	NA	No	NA	NA	NA	NA	NA	NA	NA	NA	NA	NA	NA	Yes	NA	NA	NA	NA	NA	NA	NA	NA	No	NA
SRR16988748	Serinales	NA	NA	Yes	NA	NA	NA	NA	NA	NA	NA	NA	NA	NA	NA	Yes	NA	NA	NA	NA	NA	NA	NA	NA	NA	NA	NA	Yes	NA	NA	NA	NA	NA	NA	NA	NA	NA	NA	NA	Yes	NA	NA	NA	NA	NA	NA	NA	NA	NA	NA	NA	Yes	NA	NA	NA	NA	NA	NA	NA	NA	NA	NA	NA	Yes	NA	NA	NA	NA	NA	NA	NA	NA	NA	NA	NA	No	NA	NA	NA	NA	NA	NA	NA	NA	NA	NA	NA	Yes	NA	NA	NA	NA	NA	NA	NA	NA	NA	NA	NA	Yes	NA	NA	NA	NA	NA	NA	NA	NA	NA	NA	NA	No	NA	NA	NA	NA	NA	NA	NA	NA	NA	No	NA	NA	NA
SRR16988747	Serinales	NA	NA	Yes	NA	NA	NA	NA	NA	NA	NA	NA	NA	NA	NA	Yes	NA	NA	NA	NA	NA	NA	NA	NA	NA	NA	NA	Yes	NA	NA	NA	NA	NA	NA	NA	NA	NA	NA	NA	Yes	NA	NA	NA	NA	NA	NA	NA	NA	NA	NA	NA	Yes	NA	NA	NA	NA	NA	NA	NA	NA	NA	NA	NA	Yes	NA	NA	NA	NA	NA	NA	NA	NA	NA	NA	NA	Yes	NA	NA	NA	NA	NA	NA	NA	NA	NA	NA	NA	Yes	NA	NA	NA	NA	NA	NA	NA	NA	NA	NA	NA	Yes	NA	NA	NA	NA	NA	NA	NA	NA	NA	NA	NA	Yes	NA	NA	NA	NA	NA	NA	NA	NA	NA	Yes	NA	NA	NA
SRR16988746	Serinales	NA	NA	Yes	NA	NA	NA	NA	NA	NA	NA	NA	NA	NA	NA	Yes	NA	NA	NA	NA	NA	NA	NA	NA	NA	NA	NA	Yes	NA	NA	NA	NA	NA	NA	NA	NA	NA	NA	NA	Yes	NA	NA	NA	NA	NA	NA	NA	NA	NA	NA	NA	Yes	NA	NA	NA	NA	NA	NA	NA	NA	NA	NA	NA	Yes	NA	NA	NA	NA	NA	NA	NA	NA	NA	NA	NA	No	NA	NA	NA	NA	NA	NA	NA	NA	NA	NA	NA	Yes	NA	NA	NA	NA	NA	NA	NA	NA	NA	NA	NA	Yes	NA	NA	NA	NA	NA	NA	NA	NA	NA	NA	NA	No	NA	NA	NA	NA	NA	NA	NA	NA	NA	NA	NA	NA	NA
SRR16988745	Pichiales	NA	NA	NA	No	NA	NA	NA	NA	NA	NA	NA	NA	NA	NA	NA	No	NA	NA	NA	NA	NA	NA	NA	NA	NA	NA	NA	No	NA	NA	NA	NA	NA	NA	NA	NA	NA	NA	NA	No	NA	NA	NA	NA	NA	NA	NA	NA	NA	NA	NA	No	NA	NA	NA	NA	NA	NA	NA	NA	NA	NA	NA	No	NA	NA	NA	NA	NA	NA	NA	NA	NA	NA	NA	Yes	NA	NA	NA	NA	NA	NA	NA	NA	NA	NA	NA	Yes	NA	NA	NA	NA	NA	NA	NA	NA	NA	NA	NA	No	NA	NA	NA	NA	NA	NA	NA	NA	NA	NA	NA	Yes	NA	NA	NA	NA	NA	NA	NA	NA	NA	NA	NA	NA
SRR16988744	Ascoideales	NA	NA	NA	NA	NA	NA	NA	NA	NA	NA	NA	Yes	NA	NA	NA	NA	NA	NA	NA	NA	NA	NA	NA	Yes	NA	NA	NA	NA	NA	NA	NA	NA	NA	NA	NA	Yes	NA	NA	NA	NA	NA	NA	NA	NA	NA	NA	NA	Yes	NA	NA	NA	NA	NA	NA	NA	NA	NA	NA	NA	Yes	NA	NA	NA	NA	NA	NA	NA	NA	NA	NA	NA	Yes	NA	NA	NA	NA	NA	NA	NA	NA	NA	NA	NA	Yes	NA	NA	NA	NA	NA	NA	NA	NA	NA	NA	NA	No	NA	NA	NA	NA	NA	NA	NA	NA	NA	NA	NA	Yes	NA	NA	NA	NA	NA	NA	NA	NA	NA	NA	NA	NA	NA	NA	NA	NA
SRR16988743	Ascoideales	NA	NA	NA	NA	NA	NA	NA	NA	NA	NA	NA	Yes	NA	NA	NA	NA	NA	NA	NA	NA	NA	NA	NA	Yes	NA	NA	NA	NA	NA	NA	NA	NA	NA	NA	NA	Yes	NA	NA	NA	NA	NA	NA	NA	NA	NA	NA	NA	Yes	NA	NA	NA	NA	NA	NA	NA	NA	NA	NA	NA	Yes	NA	NA	NA	NA	NA	NA	NA	NA	NA	NA	NA	Yes	NA	NA	NA	NA	NA	NA	NA	NA	NA	NA	NA	Yes	NA	NA	NA	NA	NA	NA	NA	NA	NA	NA	NA	Yes	NA	NA	NA	NA	NA	NA	NA	NA	NA	NA	NA	Yes	NA	NA	NA	NA	NA	NA	NA	NA	NA	NA	NA	No	NA	NA	NA	NA
SRR16988742	Pichiales	NA	NA	NA	No	NA	NA	NA	NA	NA	NA	NA	NA	NA	NA	NA	No	NA	NA	NA	NA	NA	NA	NA	NA	NA	NA	NA	No	NA	NA	NA	NA	NA	NA	NA	NA	NA	NA	NA	No	NA	NA	NA	NA	NA	NA	NA	NA	NA	NA	NA	No	NA	NA	NA	NA	NA	NA	NA	NA	NA	NA	NA	No	NA	NA	NA	NA	NA	NA	NA	NA	NA	NA	NA	Yes	NA	NA	NA	NA	NA	NA	NA	NA	NA	NA	NA	No	NA	NA	NA	NA	NA	NA	NA	NA	NA	NA	NA	No	NA	NA	NA	NA	NA	NA	NA	NA	NA	NA	NA	No	NA	NA	NA	NA	NA	NA	NA	NA	NA	No	NA	NA
SRR16988741	Serinales	NA	NA	NA	NA	NA	NA	NA	NA	NA	NA	NA	NA	NA	NA	NA	NA	NA	NA	NA	NA	NA	NA	NA	NA	NA	NA	NA	NA	NA	NA	NA	NA	NA	NA	NA	NA	NA	NA	NA	NA	NA	NA	NA	NA	NA	NA	NA	NA	NA	NA	NA	NA	NA	NA	NA	NA	NA	NA	NA	NA	NA	NA	NA	NA	NA	NA	NA	NA	NA	NA	NA	NA	NA	NA	NA	NA	NA	NA	NA	NA	NA	NA	NA	NA	NA	NA	NA	NA	NA	NA	NA	NA	NA	NA	NA	NA	NA	NA	NA	NA	NA	NA	NA	NA	NA	NA	NA	NA	NA	NA	NA	NA	NA	NA	NA	NA	NA	NA	NA	NA	NA	NA	NA	NA
SRR16988740	Serinales	NA	NA	Yes	NA	NA	NA	NA	NA	NA	NA	NA	NA	NA	NA	Yes	NA	NA	NA	NA	NA	NA	NA	NA	NA	NA	NA	Yes	NA	NA	NA	NA	NA	NA	NA	NA	NA	NA	NA	Yes	NA	NA	NA	NA	NA	NA	NA	NA	NA	NA	NA	Yes	NA	NA	NA	NA	NA	NA	NA	NA	NA	NA	NA	Yes	NA	NA	NA	NA	NA	NA	NA	NA	NA	NA	NA	Yes	NA	NA	NA	NA	NA	NA	NA	NA	NA	NA	NA	Yes	NA	NA	NA	NA	NA	NA	NA	NA	NA	NA	NA	Yes	NA	NA	NA	NA	NA	NA	NA	NA	NA	NA	NA	Yes	NA	NA	NA	NA	NA	NA	NA	NA	NA	NA	NA	NA	NA
SRR16988738	Serinales	NA	NA	Yes	NA	NA	NA	NA	NA	NA	NA	NA	NA	NA	NA	Yes	NA	NA	NA	NA	NA	NA	NA	NA	NA	NA	NA	Yes	NA	NA	NA	NA	NA	NA	NA	NA	NA	NA	NA	Yes	NA	NA	NA	NA	NA	NA	NA	NA	NA	NA	NA	Yes	NA	NA	NA	NA	NA	NA	NA	NA	NA	NA	NA	Yes	NA	NA	NA	NA	NA	NA	NA	NA	NA	NA	NA	Yes	NA	NA	NA	NA	NA	NA	NA	NA	NA	NA	NA	Yes	NA	NA	NA	NA	NA	NA	NA	NA	NA	NA	NA	Yes	NA	NA	NA	NA	NA	NA	NA	NA	NA	NA	NA	No	NA	NA	NA	NA	NA	NA	NA	NA	NA	No	NA	NA	NA
SRR16988737	Serinales	NA	NA	Yes	NA	NA	NA	NA	NA	NA	NA	NA	NA	NA	NA	Yes	NA	NA	NA	NA	NA	NA	NA	NA	NA	NA	NA	Yes	NA	NA	NA	NA	NA	NA	NA	NA	NA	NA	NA	Yes	NA	NA	NA	NA	NA	NA	NA	NA	NA	NA	NA	Yes	NA	NA	NA	NA	NA	NA	NA	NA	NA	NA	NA	Yes	NA	NA	NA	NA	NA	NA	NA	NA	NA	NA	NA	Yes	NA	NA	NA	NA	NA	NA	NA	NA	NA	NA	NA	Yes	NA	NA	NA	NA	NA	NA	NA	NA	NA	NA	NA	Yes	NA	NA	NA	NA	NA	NA	NA	NA	NA	NA	NA	No	NA	NA	NA	NA	NA	NA	NA	NA	NA	NA	NA	NA	NA
SRR16988736	Serinales	NA	NA	Yes	NA	NA	NA	NA	NA	NA	NA	NA	NA	NA	NA	Yes	NA	NA	NA	NA	NA	NA	NA	NA	NA	NA	NA	No	NA	NA	NA	NA	NA	NA	NA	NA	NA	NA	NA	Yes	NA	NA	NA	NA	NA	NA	NA	NA	NA	NA	NA	Yes	NA	NA	NA	NA	NA	NA	NA	NA	NA	NA	NA	Yes	NA	NA	NA	NA	NA	NA	NA	NA	NA	NA	NA	Yes	NA	NA	NA	NA	NA	NA	NA	NA	NA	NA	NA	Yes	NA	NA	NA	NA	NA	NA	NA	NA	NA	NA	NA	Yes	NA	NA	NA	NA	NA	NA	NA	NA	NA	NA	NA	No	NA	NA	NA	NA	NA	NA	NA	NA	NA	No	NA	NA	NA
SRR16988735	Pichiales	NA	NA	NA	Yes	NA	NA	NA	NA	NA	NA	NA	NA	NA	NA	NA	Yes	NA	NA	NA	NA	NA	NA	NA	NA	NA	NA	NA	Yes	NA	NA	NA	NA	NA	NA	NA	NA	NA	NA	NA	Yes	NA	NA	NA	NA	NA	NA	NA	NA	NA	NA	NA	Yes	NA	NA	NA	NA	NA	NA	NA	NA	NA	NA	NA	Yes	NA	NA	NA	NA	NA	NA	NA	NA	NA	NA	NA	No	NA	NA	NA	NA	NA	NA	NA	NA	NA	NA	NA	Yes	NA	NA	NA	NA	NA	NA	NA	NA	NA	NA	NA	NA	NA	NA	NA	NA	NA	NA	NA	NA	NA	NA	NA	NA	NA	NA	NA	NA	NA	NA	NA	NA	NA	NA	NA	NA
SRR16988734	Pichiales	NA	NA	NA	NA	NA	NA	NA	NA	NA	NA	NA	NA	NA	NA	NA	NA	NA	NA	NA	NA	NA	NA	NA	NA	NA	NA	NA	NA	NA	NA	NA	NA	NA	NA	NA	NA	NA	NA	NA	NA	NA	NA	NA	NA	NA	NA	NA	NA	NA	NA	NA	NA	NA	NA	NA	NA	NA	NA	NA	NA	NA	NA	NA	NA	NA	NA	NA	NA	NA	NA	NA	NA	NA	NA	NA	NA	NA	NA	NA	NA	NA	NA	NA	NA	NA	NA	NA	NA	NA	NA	NA	NA	NA	NA	NA	NA	NA	NA	NA	NA	NA	NA	NA	NA	NA	NA	NA	NA	NA	NA	NA	NA	NA	NA	NA	NA	NA	NA	NA	NA	NA	NA	NA	NA
SRR16988733	Pichiales	NA	NA	NA	NA	NA	NA	NA	NA	NA	NA	NA	NA	NA	NA	NA	NA	NA	NA	NA	NA	NA	NA	NA	NA	NA	NA	NA	NA	NA	NA	NA	NA	NA	NA	NA	NA	NA	NA	NA	NA	NA	NA	NA	NA	NA	NA	NA	NA	NA	NA	NA	NA	NA	NA	NA	NA	NA	NA	NA	NA	NA	NA	NA	NA	NA	NA	NA	NA	NA	NA	NA	NA	NA	NA	NA	NA	NA	NA	NA	NA	NA	NA	NA	NA	NA	NA	NA	NA	NA	NA	NA	NA	NA	NA	NA	NA	NA	NA	NA	NA	NA	NA	NA	NA	NA	NA	NA	NA	NA	NA	NA	NA	NA	NA	NA	NA	NA	NA	NA	NA	NA	NA	NA	NA
SRR16988732	Pichiales	NA	NA	NA	Yes	NA	NA	NA	NA	NA	NA	NA	NA	NA	NA	NA	Yes	NA	NA	NA	NA	NA	NA	NA	NA	NA	NA	NA	Yes	NA	NA	NA	NA	NA	NA	NA	NA	NA	NA	NA	Yes	NA	NA	NA	NA	NA	NA	NA	NA	NA	NA	NA	Yes	NA	NA	NA	NA	NA	NA	NA	NA	NA	NA	NA	Yes	NA	NA	NA	NA	NA	NA	NA	NA	NA	NA	NA	No	NA	NA	NA	NA	NA	NA	NA	NA	NA	NA	NA	Yes	NA	NA	NA	NA	NA	NA	NA	NA	NA	NA	NA	Yes	NA	NA	NA	NA	NA	NA	NA	NA	NA	NA	NA	Yes	NA	NA	NA	NA	NA	NA	NA	NA	NA	NA	NA	NA
SRR16988731	Alaninales	NA	NA	NA	NA	NA	NA	NA	NA	Yes	NA	NA	NA	NA	NA	NA	NA	NA	NA	NA	NA	Yes	NA	NA	NA	NA	NA	NA	NA	NA	NA	NA	NA	No	NA	NA	NA	NA	NA	NA	NA	NA	NA	NA	NA	Yes	NA	NA	NA	NA	NA	NA	NA	NA	NA	NA	NA	No	NA	NA	NA	NA	NA	NA	NA	NA	NA	NA	NA	Yes	NA	NA	NA	NA	NA	NA	NA	NA	NA	NA	NA	No	NA	NA	NA	NA	NA	NA	NA	NA	NA	NA	NA	Yes	NA	NA	NA	NA	NA	NA	NA	NA	NA	NA	NA	Yes	NA	NA	NA	NA	NA	NA	NA	NA	NA	NA	NA	No	NA	NA	NA	NA	NA	NA	NA
SRR16988730	Serinales	NA	NA	Yes	NA	NA	NA	NA	NA	NA	NA	NA	NA	NA	NA	Yes	NA	NA	NA	NA	NA	NA	NA	NA	NA	NA	NA	Yes	NA	NA	NA	NA	NA	NA	NA	NA	NA	NA	NA	Yes	NA	NA	NA	NA	NA	NA	NA	NA	NA	NA	NA	No	NA	NA	NA	NA	NA	NA	NA	NA	NA	NA	NA	Yes	NA	NA	NA	NA	NA	NA	NA	NA	NA	NA	NA	No	NA	NA	NA	NA	NA	NA	NA	NA	NA	NA	NA	No	NA	NA	NA	NA	NA	NA	NA	NA	NA	NA	NA	Yes	NA	NA	NA	NA	NA	NA	NA	NA	NA	NA	NA	No	NA	NA	NA	NA	NA	NA	NA	NA	NA	No	NA	NA	NA
SRR16988729	Serinales	NA	NA	NA	NA	NA	NA	NA	NA	NA	NA	NA	NA	NA	NA	NA	NA	NA	NA	NA	NA	NA	NA	NA	NA	NA	NA	NA	NA	NA	NA	NA	NA	NA	NA	NA	NA	NA	NA	NA	NA	NA	NA	NA	NA	NA	NA	NA	NA	NA	NA	NA	NA	NA	NA	NA	NA	NA	NA	NA	NA	NA	NA	NA	NA	NA	NA	NA	NA	NA	NA	NA	NA	NA	NA	NA	NA	NA	NA	NA	NA	NA	NA	NA	NA	NA	NA	NA	NA	NA	NA	NA	NA	NA	NA	NA	NA	NA	NA	NA	NA	NA	NA	NA	NA	NA	NA	NA	NA	NA	NA	NA	NA	NA	NA	NA	NA	NA	NA	NA	NA	No	NA	NA	NA
SRR16988727	Serinales	NA	NA	Yes	NA	NA	NA	NA	NA	NA	NA	NA	NA	NA	NA	Yes	NA	NA	NA	NA	NA	NA	NA	NA	NA	NA	NA	Yes	NA	NA	NA	NA	NA	NA	NA	NA	NA	NA	NA	Yes	NA	NA	NA	NA	NA	NA	NA	NA	NA	NA	NA	Yes	NA	NA	NA	NA	NA	NA	NA	NA	NA	NA	NA	Yes	NA	NA	NA	NA	NA	NA	NA	NA	NA	NA	NA	No	NA	NA	NA	NA	NA	NA	NA	NA	NA	NA	NA	No	NA	NA	NA	NA	NA	NA	NA	NA	NA	NA	NA	No	NA	NA	NA	NA	NA	NA	NA	NA	NA	NA	NA	No	NA	NA	NA	NA	NA	NA	NA	NA	NA	No	NA	NA	NA
SRR16988726	Serinales	NA	NA	No	NA	NA	NA	NA	NA	NA	NA	NA	NA	NA	NA	No	NA	NA	NA	NA	NA	NA	NA	NA	NA	NA	NA	No	NA	NA	NA	NA	NA	NA	NA	NA	NA	NA	NA	Yes	NA	NA	NA	NA	NA	NA	NA	NA	NA	NA	NA	No	NA	NA	NA	NA	NA	NA	NA	NA	NA	NA	NA	Yes	NA	NA	NA	NA	NA	NA	NA	NA	NA	NA	NA	Yes	NA	NA	NA	NA	NA	NA	NA	NA	NA	NA	NA	No	NA	NA	NA	NA	NA	NA	NA	NA	NA	NA	NA	Yes	NA	NA	NA	NA	NA	NA	NA	NA	NA	NA	NA	No	NA	NA	NA	NA	NA	NA	NA	NA	NA	No	NA	NA	NA
SRR16988725	Serinales	NA	NA	NA	NA	NA	NA	NA	NA	NA	NA	NA	NA	NA	NA	NA	NA	NA	NA	NA	NA	NA	NA	NA	NA	NA	NA	NA	NA	NA	NA	NA	NA	NA	NA	NA	NA	NA	NA	NA	NA	NA	NA	NA	NA	NA	NA	NA	NA	NA	NA	NA	NA	NA	NA	NA	NA	NA	NA	NA	NA	NA	NA	NA	NA	NA	NA	NA	NA	NA	NA	NA	NA	NA	NA	NA	NA	NA	NA	NA	NA	NA	NA	NA	NA	NA	NA	NA	NA	NA	NA	NA	NA	NA	NA	NA	NA	NA	NA	NA	NA	NA	NA	NA	NA	NA	NA	NA	NA	NA	NA	NA	NA	NA	NA	NA	NA	NA	NA	NA	NA	NA	NA	NA	NA
SRR16988724	Serinales	NA	NA	Yes	NA	NA	NA	NA	NA	NA	NA	NA	NA	NA	NA	Yes	NA	NA	NA	NA	NA	NA	NA	NA	NA	NA	NA	Yes	NA	NA	NA	NA	NA	NA	NA	NA	NA	NA	NA	Yes	NA	NA	NA	NA	NA	NA	NA	NA	NA	NA	NA	Yes	NA	NA	NA	NA	NA	NA	NA	NA	NA	NA	NA	Yes	NA	NA	NA	NA	NA	NA	NA	NA	NA	NA	NA	No	NA	NA	NA	NA	NA	NA	NA	NA	NA	NA	NA	No	NA	NA	NA	NA	NA	NA	NA	NA	NA	NA	NA	No	NA	NA	NA	NA	NA	NA	NA	NA	NA	NA	NA	No	NA	NA	NA	NA	NA	NA	NA	NA	NA	No	NA	NA	NA
SRR16988723	Serinales	NA	NA	Yes	NA	NA	NA	NA	NA	NA	NA	NA	NA	NA	NA	Yes	NA	NA	NA	NA	NA	NA	NA	NA	NA	NA	NA	Yes	NA	NA	NA	NA	NA	NA	NA	NA	NA	NA	NA	Yes	NA	NA	NA	NA	NA	NA	NA	NA	NA	NA	NA	Yes	NA	NA	NA	NA	NA	NA	NA	NA	NA	NA	NA	No	NA	NA	NA	NA	NA	NA	NA	NA	NA	NA	NA	No	NA	NA	NA	NA	NA	NA	NA	NA	NA	NA	NA	No	NA	NA	NA	NA	NA	NA	NA	NA	NA	NA	NA	No	NA	NA	NA	NA	NA	NA	NA	NA	NA	NA	NA	No	NA	NA	NA	NA	NA	NA	NA	NA	NA	No	NA	NA	NA
SRR16988722	Phaffomycetales	NA	NA	NA	NA	NA	NA	NA	NA	NA	NA	NA	NA	NA	NA	NA	NA	NA	NA	NA	NA	NA	NA	NA	NA	NA	NA	NA	NA	NA	NA	NA	NA	NA	NA	NA	NA	NA	NA	NA	NA	NA	NA	NA	NA	NA	NA	NA	NA	NA	NA	NA	NA	NA	NA	NA	NA	NA	NA	NA	NA	NA	NA	NA	NA	NA	NA	NA	NA	NA	NA	NA	NA	NA	NA	NA	NA	NA	NA	NA	NA	NA	NA	NA	NA	NA	NA	NA	NA	NA	NA	NA	NA	NA	NA	NA	NA	NA	NA	NA	NA	NA	NA	NA	NA	NA	NA	NA	NA	NA	NA	NA	NA	NA	NA	NA	NA	NA	NA	NA	NA	NA	NA	NA	NA
SRR16988721	Serinales	NA	NA	Yes	NA	NA	NA	NA	NA	NA	NA	NA	NA	NA	NA	Yes	NA	NA	NA	NA	NA	NA	NA	NA	NA	NA	NA	Yes	NA	NA	NA	NA	NA	NA	NA	NA	NA	NA	NA	Yes	NA	NA	NA	NA	NA	NA	NA	NA	NA	NA	NA	Yes	NA	NA	NA	NA	NA	NA	NA	NA	NA	NA	NA	Yes	NA	NA	NA	NA	NA	NA	NA	NA	NA	NA	NA	No	NA	NA	NA	NA	NA	NA	NA	NA	NA	NA	NA	Yes	NA	NA	NA	NA	NA	NA	NA	NA	NA	NA	NA	No	NA	NA	NA	NA	NA	NA	NA	NA	NA	NA	NA	No	NA	NA	NA	NA	NA	NA	NA	NA	NA	Yes	NA	NA	NA
SRR16988720	Phaffomycetales	NA	NA	NA	NA	NA	Yes	NA	NA	NA	NA	NA	NA	NA	NA	NA	NA	NA	Yes	NA	NA	NA	NA	NA	NA	NA	NA	NA	NA	NA	No	NA	NA	NA	NA	NA	NA	NA	NA	NA	NA	NA	Yes	NA	NA	NA	NA	NA	NA	NA	NA	NA	NA	NA	Yes	NA	NA	NA	NA	NA	NA	NA	NA	NA	NA	NA	Yes	NA	NA	NA	NA	NA	NA	NA	NA	NA	NA	NA	Yes	NA	NA	NA	NA	NA	NA	NA	NA	NA	NA	NA	Yes	NA	NA	NA	NA	NA	NA	NA	NA	NA	NA	NA	No	NA	NA	NA	NA	NA	NA	NA	NA	NA	NA	NA	Yes	NA	NA	NA	NA	NA	NA	NA	NA	No	NA
SRR16988719	Serinales	NA	NA	Yes	NA	NA	NA	NA	NA	NA	NA	NA	NA	NA	NA	Yes	NA	NA	NA	NA	NA	NA	NA	NA	NA	NA	NA	Yes	NA	NA	NA	NA	NA	NA	NA	NA	NA	NA	NA	Yes	NA	NA	NA	NA	NA	NA	NA	NA	NA	NA	NA	Yes	NA	NA	NA	NA	NA	NA	NA	NA	NA	NA	NA	Yes	NA	NA	NA	NA	NA	NA	NA	NA	NA	NA	NA	No	NA	NA	NA	NA	NA	NA	NA	NA	NA	NA	NA	Yes	NA	NA	NA	NA	NA	NA	NA	NA	NA	NA	NA	Yes	NA	NA	NA	NA	NA	NA	NA	NA	NA	NA	NA	No	NA	NA	NA	NA	NA	NA	NA	NA	NA	Yes	NA	NA	NA
SRR16988718	Dipodascales	NA	NA	NA	NA	NA	NA	NA	NA	NA	NA	NA	NA	NA	NA	NA	NA	NA	NA	NA	NA	NA	NA	NA	NA	NA	NA	NA	NA	NA	NA	NA	NA	NA	NA	NA	NA	NA	NA	NA	NA	NA	NA	NA	NA	NA	NA	NA	NA	NA	NA	NA	NA	NA	NA	NA	NA	NA	NA	NA	NA	NA	NA	NA	NA	NA	NA	NA	NA	NA	NA	NA	NA	NA	NA	NA	NA	NA	NA	NA	NA	NA	NA	NA	NA	NA	NA	NA	NA	NA	NA	NA	NA	NA	NA	NA	NA	NA	NA	NA	NA	NA	NA	NA	NA	NA	NA	NA	NA	NA	NA	NA	NA	NA	NA	NA	NA	NA	NA	NA	NA	NA	NA	NA	NA
SRR16988716	Dipodascales	NA	NA	NA	NA	NA	NA	NA	NA	NA	NA	NA	NA	NA	NA	NA	NA	NA	NA	NA	NA	NA	NA	NA	NA	NA	NA	NA	NA	NA	NA	NA	NA	NA	NA	NA	NA	NA	NA	NA	NA	NA	NA	NA	NA	NA	NA	NA	NA	NA	NA	NA	NA	NA	NA	NA	NA	NA	NA	NA	NA	NA	NA	NA	NA	NA	NA	NA	NA	NA	NA	NA	NA	NA	NA	NA	NA	NA	NA	NA	NA	NA	NA	NA	NA	NA	NA	NA	NA	NA	NA	NA	NA	NA	NA	NA	NA	NA	NA	NA	NA	NA	NA	NA	NA	NA	NA	NA	NA	NA	NA	NA	NA	NA	NA	NA	NA	NA	NA	NA	NA	NA	NA	NA	NA
SRR16988715	Dipodascales	NA	NA	NA	NA	NA	NA	NA	NA	NA	NA	NA	NA	NA	NA	NA	NA	NA	NA	NA	NA	NA	NA	NA	NA	NA	NA	NA	NA	NA	NA	NA	NA	NA	NA	NA	NA	NA	NA	NA	NA	NA	NA	NA	NA	NA	NA	NA	NA	NA	NA	NA	NA	NA	NA	NA	NA	NA	NA	NA	NA	NA	NA	NA	NA	NA	NA	NA	NA	NA	NA	NA	NA	NA	NA	NA	NA	NA	NA	NA	NA	NA	NA	NA	NA	NA	NA	NA	NA	NA	NA	NA	NA	NA	NA	NA	NA	NA	NA	NA	NA	NA	NA	NA	NA	NA	NA	NA	NA	NA	NA	NA	NA	NA	NA	NA	NA	NA	NA	NA	NA	NA	NA	NA	NA
SRR16988714	Lipomycetales	NA	Yes	NA	NA	NA	NA	NA	NA	NA	NA	NA	NA	NA	Yes	NA	NA	NA	NA	NA	NA	NA	NA	NA	NA	NA	No	NA	NA	NA	NA	NA	NA	NA	NA	NA	NA	NA	Yes	NA	NA	NA	NA	NA	NA	NA	NA	NA	NA	NA	Yes	NA	NA	NA	NA	NA	NA	NA	NA	NA	NA	NA	Yes	NA	NA	NA	NA	NA	NA	NA	NA	NA	NA	NA	No	NA	NA	NA	NA	NA	NA	NA	NA	NA	NA	NA	Yes	NA	NA	NA	NA	NA	NA	NA	NA	NA	NA	NA	Yes	NA	NA	NA	NA	NA	NA	NA	NA	NA	NA	NA	No	NA	NA	NA	NA	NA	NA	NA	NA	NA	NA	NA	NA	NA	NA
SRR16988713	Lipomycetales	NA	No	NA	NA	NA	NA	NA	NA	NA	NA	NA	NA	NA	No	NA	NA	NA	NA	NA	NA	NA	NA	NA	NA	NA	No	NA	NA	NA	NA	NA	NA	NA	NA	NA	NA	NA	Yes	NA	NA	NA	NA	NA	NA	NA	NA	NA	NA	NA	Yes	NA	NA	NA	NA	NA	NA	NA	NA	NA	NA	NA	Yes	NA	NA	NA	NA	NA	NA	NA	NA	NA	NA	NA	No	NA	NA	NA	NA	NA	NA	NA	NA	NA	NA	NA	Yes	NA	NA	NA	NA	NA	NA	NA	NA	NA	NA	NA	Yes	NA	NA	NA	NA	NA	NA	NA	NA	NA	NA	NA	Yes	NA	NA	NA	NA	NA	NA	NA	NA	NA	NA	NA	NA	NA	NA
SRR16988712	Pichiales	NA	NA	NA	No	NA	NA	NA	NA	NA	NA	NA	NA	NA	NA	NA	No	NA	NA	NA	NA	NA	NA	NA	NA	NA	NA	NA	No	NA	NA	NA	NA	NA	NA	NA	NA	NA	NA	NA	No	NA	NA	NA	NA	NA	NA	NA	NA	NA	NA	NA	NA	NA	NA	NA	NA	NA	NA	NA	NA	NA	NA	NA	Yes	NA	NA	NA	NA	NA	NA	NA	NA	NA	NA	NA	Yes	NA	NA	NA	NA	NA	NA	NA	NA	NA	NA	NA	Yes	NA	NA	NA	NA	NA	NA	NA	NA	NA	NA	NA	Yes	NA	NA	NA	NA	NA	NA	NA	NA	NA	NA	NA	No	NA	NA	NA	NA	NA	NA	NA	NA	NA	NA	NA	NA
SRR16988711	Pichiales	NA	NA	NA	No	NA	NA	NA	NA	NA	NA	NA	NA	NA	NA	NA	No	NA	NA	NA	NA	NA	NA	NA	NA	NA	NA	NA	No	NA	NA	NA	NA	NA	NA	NA	NA	NA	NA	NA	No	NA	NA	NA	NA	NA	NA	NA	NA	NA	NA	NA	Yes	NA	NA	NA	NA	NA	NA	NA	NA	NA	NA	NA	No	NA	NA	NA	NA	NA	NA	NA	NA	NA	NA	NA	Yes	NA	NA	NA	NA	NA	NA	NA	NA	NA	NA	NA	Yes	NA	NA	NA	NA	NA	NA	NA	NA	NA	NA	NA	No	NA	NA	NA	NA	NA	NA	NA	NA	NA	NA	NA	No	NA	NA	NA	NA	NA	NA	NA	NA	NA	Yes	NA	NA
SRR16988710	Dipodascales	NA	NA	NA	NA	Yes	NA	NA	NA	NA	NA	NA	NA	NA	NA	NA	NA	Yes	NA	NA	NA	NA	NA	NA	NA	NA	NA	NA	NA	No	NA	NA	NA	NA	NA	NA	NA	NA	NA	NA	NA	No	NA	NA	NA	NA	NA	NA	NA	NA	NA	NA	NA	No	NA	NA	NA	NA	NA	NA	NA	NA	NA	NA	NA	Yes	NA	NA	NA	NA	NA	NA	NA	NA	NA	NA	NA	No	NA	NA	NA	NA	NA	NA	NA	NA	NA	NA	NA	Yes	NA	NA	NA	NA	NA	NA	NA	NA	NA	NA	NA	Yes	NA	NA	NA	NA	NA	NA	NA	NA	NA	NA	NA	Yes	NA	NA	NA	NA	NA	NA	NA	NA	NA	NA	NA
SRR16988709	Pichiales	NA	NA	NA	NA	NA	NA	NA	NA	NA	NA	NA	NA	NA	NA	NA	NA	NA	NA	NA	NA	NA	NA	NA	NA	NA	NA	NA	NA	NA	NA	NA	NA	NA	NA	NA	NA	NA	NA	NA	NA	NA	NA	NA	NA	NA	NA	NA	NA	NA	NA	NA	NA	NA	NA	NA	NA	NA	NA	NA	NA	NA	NA	NA	NA	NA	NA	NA	NA	NA	NA	NA	NA	NA	NA	NA	NA	NA	NA	NA	NA	NA	NA	NA	NA	NA	NA	NA	NA	NA	NA	NA	NA	NA	NA	NA	NA	NA	NA	NA	NA	NA	NA	NA	NA	NA	NA	NA	NA	NA	NA	NA	NA	NA	NA	NA	NA	NA	NA	NA	NA	NA	NA	NA	NA
SRR16988708	Serinales	NA	NA	No	NA	NA	NA	NA	NA	NA	NA	NA	NA	NA	NA	Yes	NA	NA	NA	NA	NA	NA	NA	NA	NA	NA	NA	Yes	NA	NA	NA	NA	NA	NA	NA	NA	NA	NA	NA	No	NA	NA	NA	NA	NA	NA	NA	NA	NA	NA	NA	Yes	NA	NA	NA	NA	NA	NA	NA	NA	NA	NA	NA	Yes	NA	NA	NA	NA	NA	NA	NA	NA	NA	NA	NA	No	NA	NA	NA	NA	NA	NA	NA	NA	NA	NA	NA	No	NA	NA	NA	NA	NA	NA	NA	NA	NA	NA	NA	No	NA	NA	NA	NA	NA	NA	NA	NA	NA	NA	NA	No	NA	NA	NA	NA	NA	NA	NA	NA	NA	Yes	NA	NA	NA
SRR16988707	Serinales	NA	NA	NA	NA	NA	NA	NA	NA	NA	NA	NA	NA	NA	NA	NA	NA	NA	NA	NA	NA	NA	NA	NA	NA	NA	NA	NA	NA	NA	NA	NA	NA	NA	NA	NA	NA	NA	NA	NA	NA	NA	NA	NA	NA	NA	NA	NA	NA	NA	NA	NA	NA	NA	NA	NA	NA	NA	NA	NA	NA	NA	NA	NA	NA	NA	NA	NA	NA	NA	NA	NA	NA	NA	NA	NA	NA	NA	NA	NA	NA	NA	NA	NA	NA	NA	NA	NA	NA	NA	NA	NA	NA	NA	NA	NA	NA	NA	NA	NA	NA	NA	NA	NA	NA	NA	NA	NA	NA	NA	NA	NA	NA	NA	NA	NA	NA	NA	NA	NA	NA	NA	NA	NA	NA
SRR16988705	Serinales	NA	NA	No	NA	NA	NA	NA	NA	NA	NA	NA	NA	NA	NA	No	NA	NA	NA	NA	NA	NA	NA	NA	NA	NA	NA	No	NA	NA	NA	NA	NA	NA	NA	NA	NA	NA	NA	No	NA	NA	NA	NA	NA	NA	NA	NA	NA	NA	NA	No	NA	NA	NA	NA	NA	NA	NA	NA	NA	NA	NA	Yes	NA	NA	NA	NA	NA	NA	NA	NA	NA	NA	NA	Yes	NA	NA	NA	NA	NA	NA	NA	NA	NA	NA	NA	No	NA	NA	NA	NA	NA	NA	NA	NA	NA	NA	NA	No	NA	NA	NA	NA	NA	NA	NA	NA	NA	NA	NA	Yes	NA	NA	NA	NA	NA	NA	NA	NA	NA	No	NA	NA	NA
SRR16988704	Phaffomycetales	NA	NA	NA	NA	NA	Yes	NA	NA	NA	NA	NA	NA	NA	NA	NA	NA	NA	Yes	NA	NA	NA	NA	NA	NA	NA	NA	NA	NA	NA	No	NA	NA	NA	NA	NA	NA	NA	NA	NA	NA	NA	Yes	NA	NA	NA	NA	NA	NA	NA	NA	NA	NA	NA	Yes	NA	NA	NA	NA	NA	NA	NA	NA	NA	NA	NA	Yes	NA	NA	NA	NA	NA	NA	NA	NA	NA	NA	NA	Yes	NA	NA	NA	NA	NA	NA	NA	NA	NA	NA	NA	Yes	NA	NA	NA	NA	NA	NA	NA	NA	NA	NA	NA	No	NA	NA	NA	NA	NA	NA	NA	NA	NA	NA	NA	No	NA	NA	NA	NA	NA	NA	NA	NA	No	NA
SRR16988703	Serinales	NA	NA	NA	NA	NA	NA	NA	NA	NA	NA	NA	NA	NA	NA	NA	NA	NA	NA	NA	NA	NA	NA	NA	NA	NA	NA	NA	NA	NA	NA	NA	NA	NA	NA	NA	NA	NA	NA	NA	NA	NA	NA	NA	NA	NA	NA	NA	NA	NA	NA	NA	NA	NA	NA	NA	NA	NA	NA	NA	NA	NA	NA	NA	NA	NA	NA	NA	NA	NA	NA	NA	NA	NA	NA	NA	NA	NA	NA	NA	NA	NA	NA	NA	NA	NA	NA	NA	NA	NA	NA	NA	NA	NA	NA	NA	NA	NA	NA	NA	NA	NA	NA	NA	NA	NA	NA	NA	NA	NA	NA	NA	NA	NA	NA	NA	NA	NA	NA	NA	NA	NA	NA	NA	NA
SRR16988702	Serinales	NA	NA	NA	NA	NA	NA	NA	NA	NA	NA	NA	NA	NA	NA	NA	NA	NA	NA	NA	NA	NA	NA	NA	NA	NA	NA	NA	NA	NA	NA	NA	NA	NA	NA	NA	NA	NA	NA	NA	NA	NA	NA	NA	NA	NA	NA	NA	NA	NA	NA	NA	NA	NA	NA	NA	NA	NA	NA	NA	NA	NA	NA	NA	NA	NA	NA	NA	NA	NA	NA	NA	NA	NA	NA	NA	NA	NA	NA	NA	NA	NA	NA	NA	NA	NA	NA	NA	NA	NA	NA	NA	NA	NA	NA	NA	NA	NA	NA	NA	NA	NA	NA	NA	NA	NA	NA	NA	NA	NA	NA	No	NA	NA	NA	NA	NA	NA	NA	NA	NA	No	NA	NA	NA
SRR16988701	Serinales	NA	NA	NA	NA	NA	NA	NA	NA	NA	NA	NA	NA	NA	NA	NA	NA	NA	NA	NA	NA	NA	NA	NA	NA	NA	NA	NA	NA	NA	NA	NA	NA	NA	NA	NA	NA	NA	NA	NA	NA	NA	NA	NA	NA	NA	NA	NA	NA	NA	NA	NA	NA	NA	NA	NA	NA	NA	NA	NA	NA	NA	NA	NA	NA	NA	NA	NA	NA	NA	NA	NA	NA	NA	NA	NA	NA	NA	NA	NA	NA	NA	NA	NA	NA	NA	NA	NA	NA	NA	NA	NA	NA	NA	NA	NA	NA	NA	NA	NA	NA	NA	NA	NA	NA	NA	NA	NA	NA	NA	NA	No	NA	NA	NA	NA	NA	NA	NA	NA	NA	Yes	NA	NA	NA
SRR16988700	Serinales	NA	NA	Yes	NA	NA	NA	NA	NA	NA	NA	NA	NA	NA	NA	Yes	NA	NA	NA	NA	NA	NA	NA	NA	NA	NA	NA	Yes	NA	NA	NA	NA	NA	NA	NA	NA	NA	NA	NA	Yes	NA	NA	NA	NA	NA	NA	NA	NA	NA	NA	NA	Yes	NA	NA	NA	NA	NA	NA	NA	NA	NA	NA	NA	Yes	NA	NA	NA	NA	NA	NA	NA	NA	NA	NA	NA	Yes	NA	NA	NA	NA	NA	NA	NA	NA	NA	NA	NA	Yes	NA	NA	NA	NA	NA	NA	NA	NA	NA	NA	NA	No	NA	NA	NA	NA	NA	NA	NA	NA	NA	NA	NA	No	NA	NA	NA	NA	NA	NA	NA	NA	NA	NA	NA	NA	NA
SRR16988699	Pichiales	NA	NA	NA	Yes	NA	NA	NA	NA	NA	NA	NA	NA	NA	NA	NA	Yes	NA	NA	NA	NA	NA	NA	NA	NA	NA	NA	NA	Yes	NA	NA	NA	NA	NA	NA	NA	NA	NA	NA	NA	Yes	NA	NA	NA	NA	NA	NA	NA	NA	NA	NA	NA	Yes	NA	NA	NA	NA	NA	NA	NA	NA	NA	NA	NA	Yes	NA	NA	NA	NA	NA	NA	NA	NA	NA	NA	NA	Yes	NA	NA	NA	NA	NA	NA	NA	NA	NA	NA	NA	Yes	NA	NA	NA	NA	NA	NA	NA	NA	NA	NA	NA	Yes	NA	NA	NA	NA	NA	NA	NA	NA	NA	NA	NA	No	NA	NA	NA	NA	NA	NA	NA	NA	NA	Yes	NA	NA
SRR16988698	Dipodascales	NA	NA	NA	NA	NA	NA	NA	NA	NA	NA	NA	NA	NA	NA	NA	NA	NA	NA	NA	NA	NA	NA	NA	NA	NA	NA	NA	NA	NA	NA	NA	NA	NA	NA	NA	NA	NA	NA	NA	NA	NA	NA	NA	NA	NA	NA	NA	NA	NA	NA	NA	NA	NA	NA	NA	NA	NA	NA	NA	NA	NA	NA	NA	NA	NA	NA	NA	NA	NA	NA	NA	NA	NA	NA	NA	NA	NA	NA	NA	NA	NA	NA	NA	NA	NA	NA	NA	NA	NA	NA	NA	NA	NA	NA	NA	NA	NA	NA	NA	NA	NA	NA	NA	NA	NA	NA	NA	NA	NA	NA	NA	NA	NA	NA	NA	NA	NA	NA	NA	NA	NA	NA	NA	NA
SRR16988697	Serinales	NA	NA	Yes	NA	NA	NA	NA	NA	NA	NA	NA	NA	NA	NA	Yes	NA	NA	NA	NA	NA	NA	NA	NA	NA	NA	NA	Yes	NA	NA	NA	NA	NA	NA	NA	NA	NA	NA	NA	Yes	NA	NA	NA	NA	NA	NA	NA	NA	NA	NA	NA	Yes	NA	NA	NA	NA	NA	NA	NA	NA	NA	NA	NA	Yes	NA	NA	NA	NA	NA	NA	NA	NA	NA	NA	NA	Yes	NA	NA	NA	NA	NA	NA	NA	NA	NA	NA	NA	Yes	NA	NA	NA	NA	NA	NA	NA	NA	NA	NA	NA	NA	NA	NA	NA	NA	NA	NA	NA	NA	NA	NA	NA	Yes	NA	NA	NA	NA	NA	NA	NA	NA	NA	NA	NA	NA	NA
SRR16988696	Serinales	NA	NA	NA	NA	NA	NA	NA	NA	NA	NA	NA	NA	NA	NA	NA	NA	NA	NA	NA	NA	NA	NA	NA	NA	NA	NA	NA	NA	NA	NA	NA	NA	NA	NA	NA	NA	NA	NA	NA	NA	NA	NA	NA	NA	NA	NA	NA	NA	NA	NA	NA	NA	NA	NA	NA	NA	NA	NA	NA	NA	NA	NA	NA	NA	NA	NA	NA	NA	NA	NA	NA	NA	NA	NA	NA	NA	NA	NA	NA	NA	NA	NA	NA	NA	NA	NA	NA	NA	NA	NA	NA	NA	NA	NA	NA	NA	NA	NA	NA	NA	NA	NA	NA	NA	NA	NA	NA	NA	NA	NA	NA	NA	NA	NA	NA	NA	NA	NA	NA	NA	NA	NA	NA	NA
SRR16988694	Dipodascales	NA	NA	NA	NA	NA	NA	NA	NA	NA	NA	NA	NA	NA	NA	NA	NA	NA	NA	NA	NA	NA	NA	NA	NA	NA	NA	NA	NA	NA	NA	NA	NA	NA	NA	NA	NA	NA	NA	NA	NA	NA	NA	NA	NA	NA	NA	NA	NA	NA	NA	NA	NA	NA	NA	NA	NA	NA	NA	NA	NA	NA	NA	NA	NA	NA	NA	NA	NA	NA	NA	NA	NA	NA	NA	NA	NA	NA	NA	NA	NA	NA	NA	NA	NA	NA	NA	NA	NA	NA	NA	NA	NA	NA	NA	NA	NA	NA	NA	NA	NA	NA	NA	NA	NA	NA	NA	NA	NA	NA	NA	NA	NA	NA	NA	NA	NA	NA	NA	NA	NA	NA	NA	NA	NA
SRR16988693	Serinales	NA	NA	Yes	NA	NA	NA	NA	NA	NA	NA	NA	NA	NA	NA	Yes	NA	NA	NA	NA	NA	NA	NA	NA	NA	NA	NA	No	NA	NA	NA	NA	NA	NA	NA	NA	NA	NA	NA	Yes	NA	NA	NA	NA	NA	NA	NA	NA	NA	NA	NA	Yes	NA	NA	NA	NA	NA	NA	NA	NA	NA	NA	NA	Yes	NA	NA	NA	NA	NA	NA	NA	NA	NA	NA	NA	No	NA	NA	NA	NA	NA	NA	NA	NA	NA	NA	NA	Yes	NA	NA	NA	NA	NA	NA	NA	NA	NA	NA	NA	No	NA	NA	NA	NA	NA	NA	NA	NA	NA	NA	NA	No	NA	NA	NA	NA	NA	NA	NA	NA	NA	No	NA	NA	NA
SRR16988692	Serinales	NA	NA	NA	NA	NA	NA	NA	NA	NA	NA	NA	NA	NA	NA	NA	NA	NA	NA	NA	NA	NA	NA	NA	NA	NA	NA	NA	NA	NA	NA	NA	NA	NA	NA	NA	NA	NA	NA	NA	NA	NA	NA	NA	NA	NA	NA	NA	NA	NA	NA	NA	NA	NA	NA	NA	NA	NA	NA	NA	NA	NA	NA	NA	NA	NA	NA	NA	NA	NA	NA	NA	NA	NA	NA	NA	NA	NA	NA	NA	NA	NA	NA	NA	NA	NA	NA	NA	NA	NA	NA	NA	NA	NA	NA	NA	NA	NA	NA	NA	NA	NA	NA	NA	NA	NA	NA	NA	NA	NA	NA	NA	NA	NA	NA	NA	NA	NA	NA	NA	NA	NA	NA	NA	NA
SRR16988691	Serinales	NA	NA	NA	NA	NA	NA	NA	NA	NA	NA	NA	NA	NA	NA	NA	NA	NA	NA	NA	NA	NA	NA	NA	NA	NA	NA	NA	NA	NA	NA	NA	NA	NA	NA	NA	NA	NA	NA	NA	NA	NA	NA	NA	NA	NA	NA	NA	NA	NA	NA	NA	NA	NA	NA	NA	NA	NA	NA	NA	NA	NA	NA	NA	NA	NA	NA	NA	NA	NA	NA	NA	NA	NA	NA	NA	NA	NA	NA	NA	NA	NA	NA	NA	NA	NA	NA	NA	NA	NA	NA	NA	NA	NA	NA	NA	NA	NA	NA	NA	NA	NA	NA	NA	NA	NA	NA	NA	NA	NA	NA	NA	NA	NA	NA	NA	NA	NA	NA	NA	NA	NA	NA	NA	NA
SRR16988690	Serinales	NA	NA	Yes	NA	NA	NA	NA	NA	NA	NA	NA	NA	NA	NA	Yes	NA	NA	NA	NA	NA	NA	NA	NA	NA	NA	NA	Yes	NA	NA	NA	NA	NA	NA	NA	NA	NA	NA	NA	Yes	NA	NA	NA	NA	NA	NA	NA	NA	NA	NA	NA	Yes	NA	NA	NA	NA	NA	NA	NA	NA	NA	NA	NA	Yes	NA	NA	NA	NA	NA	NA	NA	NA	NA	NA	NA	Yes	NA	NA	NA	NA	NA	NA	NA	NA	NA	NA	NA	Yes	NA	NA	NA	NA	NA	NA	NA	NA	NA	NA	NA	No	NA	NA	NA	NA	NA	NA	NA	NA	NA	NA	NA	No	NA	NA	NA	NA	NA	NA	NA	NA	NA	Yes	NA	NA	NA
SRR16988689	Serinales	NA	NA	Yes	NA	NA	NA	NA	NA	NA	NA	NA	NA	NA	NA	Yes	NA	NA	NA	NA	NA	NA	NA	NA	NA	NA	NA	No	NA	NA	NA	NA	NA	NA	NA	NA	NA	NA	NA	Yes	NA	NA	NA	NA	NA	NA	NA	NA	NA	NA	NA	Yes	NA	NA	NA	NA	NA	NA	NA	NA	NA	NA	NA	Yes	NA	NA	NA	NA	NA	NA	NA	NA	NA	NA	NA	Yes	NA	NA	NA	NA	NA	NA	NA	NA	NA	NA	NA	Yes	NA	NA	NA	NA	NA	NA	NA	NA	NA	NA	NA	No	NA	NA	NA	NA	NA	NA	NA	NA	NA	NA	NA	NA	NA	NA	NA	NA	NA	NA	NA	NA	NA	No	NA	NA	NA
SRR16988688	Serinales	NA	NA	No	NA	NA	NA	NA	NA	NA	NA	NA	NA	NA	NA	No	NA	NA	NA	NA	NA	NA	NA	NA	NA	NA	NA	Yes	NA	NA	NA	NA	NA	NA	NA	NA	NA	NA	NA	Yes	NA	NA	NA	NA	NA	NA	NA	NA	NA	NA	NA	Yes	NA	NA	NA	NA	NA	NA	NA	NA	NA	NA	NA	Yes	NA	NA	NA	NA	NA	NA	NA	NA	NA	NA	NA	No	NA	NA	NA	NA	NA	NA	NA	NA	NA	NA	NA	Yes	NA	NA	NA	NA	NA	NA	NA	NA	NA	NA	NA	No	NA	NA	NA	NA	NA	NA	NA	NA	NA	NA	NA	No	NA	NA	NA	NA	NA	NA	NA	NA	NA	No	NA	NA	NA
SRR16988687	Phaffomycetales	NA	NA	NA	NA	NA	NA	NA	NA	NA	NA	NA	NA	NA	NA	NA	NA	NA	NA	NA	NA	NA	NA	NA	NA	NA	NA	NA	NA	NA	NA	NA	NA	NA	NA	NA	NA	NA	NA	NA	NA	NA	NA	NA	NA	NA	NA	NA	NA	NA	NA	NA	NA	NA	NA	NA	NA	NA	NA	NA	NA	NA	NA	NA	NA	NA	NA	NA	NA	NA	NA	NA	NA	NA	NA	NA	NA	NA	NA	NA	NA	NA	NA	NA	NA	NA	NA	NA	NA	NA	NA	NA	NA	NA	NA	NA	NA	NA	NA	NA	NA	NA	NA	NA	NA	NA	NA	NA	NA	NA	NA	NA	NA	NA	NA	NA	NA	NA	NA	NA	NA	NA	NA	NA	NA
SRR16988686	Phaffomycetales	NA	NA	NA	NA	NA	Yes	NA	NA	NA	NA	NA	NA	NA	NA	NA	NA	NA	Yes	NA	NA	NA	NA	NA	NA	NA	NA	NA	NA	NA	Yes	NA	NA	NA	NA	NA	NA	NA	NA	NA	NA	NA	Yes	NA	NA	NA	NA	NA	NA	NA	NA	NA	NA	NA	Yes	NA	NA	NA	NA	NA	NA	NA	NA	NA	NA	NA	Yes	NA	NA	NA	NA	NA	NA	NA	NA	NA	NA	NA	Yes	NA	NA	NA	NA	NA	NA	NA	NA	NA	NA	NA	Yes	NA	NA	NA	NA	NA	NA	NA	NA	NA	NA	NA	No	NA	NA	NA	NA	NA	NA	NA	NA	NA	NA	NA	Yes	NA	NA	NA	NA	NA	NA	NA	NA	No	NA
SRR16988685	Serinales	NA	NA	NA	NA	NA	NA	NA	NA	NA	NA	NA	NA	NA	NA	NA	NA	NA	NA	NA	NA	NA	NA	NA	NA	NA	NA	NA	NA	NA	NA	NA	NA	NA	NA	NA	NA	NA	NA	NA	NA	NA	NA	NA	NA	NA	NA	NA	NA	NA	NA	NA	NA	NA	NA	NA	NA	NA	NA	NA	NA	NA	NA	NA	NA	NA	NA	NA	NA	NA	NA	NA	NA	NA	NA	NA	NA	NA	NA	NA	NA	NA	NA	NA	NA	NA	NA	NA	NA	NA	NA	NA	NA	NA	NA	NA	NA	NA	NA	NA	NA	NA	NA	NA	NA	NA	NA	NA	NA	NA	NA	NA	NA	NA	NA	NA	NA	NA	NA	NA	NA	NA	NA	NA	NA
SRR16988683	Serinales	NA	NA	NA	NA	NA	NA	NA	NA	NA	NA	NA	NA	NA	NA	NA	NA	NA	NA	NA	NA	NA	NA	NA	NA	NA	NA	NA	NA	NA	NA	NA	NA	NA	NA	NA	NA	NA	NA	NA	NA	NA	NA	NA	NA	NA	NA	NA	NA	NA	NA	NA	NA	NA	NA	NA	NA	NA	NA	NA	NA	NA	NA	NA	NA	NA	NA	NA	NA	NA	NA	NA	NA	NA	NA	NA	NA	NA	NA	NA	NA	NA	NA	NA	NA	NA	NA	NA	NA	NA	NA	NA	NA	NA	NA	NA	NA	NA	NA	NA	NA	NA	NA	NA	NA	NA	NA	NA	NA	NA	NA	NA	NA	NA	NA	NA	NA	NA	NA	NA	NA	NA	NA	NA	NA
SRR16988682	Serinales	NA	NA	NA	NA	NA	NA	NA	NA	NA	NA	NA	NA	NA	NA	NA	NA	NA	NA	NA	NA	NA	NA	NA	NA	NA	NA	NA	NA	NA	NA	NA	NA	NA	NA	NA	NA	NA	NA	NA	NA	NA	NA	NA	NA	NA	NA	NA	NA	NA	NA	NA	NA	NA	NA	NA	NA	NA	NA	NA	NA	NA	NA	NA	NA	NA	NA	NA	NA	NA	NA	NA	NA	NA	NA	NA	NA	NA	NA	NA	NA	NA	NA	NA	NA	NA	NA	NA	NA	NA	NA	NA	NA	NA	NA	NA	NA	NA	NA	NA	NA	NA	NA	NA	NA	NA	NA	NA	NA	NA	NA	NA	NA	NA	NA	NA	NA	NA	NA	NA	NA	NA	NA	NA	NA
SRR16988681	Serinales	NA	NA	Yes	NA	NA	NA	NA	NA	NA	NA	NA	NA	NA	NA	Yes	NA	NA	NA	NA	NA	NA	NA	NA	NA	NA	NA	Yes	NA	NA	NA	NA	NA	NA	NA	NA	NA	NA	NA	Yes	NA	NA	NA	NA	NA	NA	NA	NA	NA	NA	NA	Yes	NA	NA	NA	NA	NA	NA	NA	NA	NA	NA	NA	Yes	NA	NA	NA	NA	NA	NA	NA	NA	NA	NA	NA	No	NA	NA	NA	NA	NA	NA	NA	NA	NA	NA	NA	Yes	NA	NA	NA	NA	NA	NA	NA	NA	NA	NA	NA	No	NA	NA	NA	NA	NA	NA	NA	NA	NA	NA	NA	NA	NA	NA	NA	NA	NA	NA	NA	NA	NA	No	NA	NA	NA
SRR16988680	Serinales	NA	NA	NA	NA	NA	NA	NA	NA	NA	NA	NA	NA	NA	NA	NA	NA	NA	NA	NA	NA	NA	NA	NA	NA	NA	NA	NA	NA	NA	NA	NA	NA	NA	NA	NA	NA	NA	NA	NA	NA	NA	NA	NA	NA	NA	NA	NA	NA	NA	NA	NA	NA	NA	NA	NA	NA	NA	NA	NA	NA	NA	NA	NA	NA	NA	NA	NA	NA	NA	NA	NA	NA	NA	NA	NA	NA	NA	NA	NA	NA	NA	NA	NA	NA	NA	NA	NA	NA	NA	NA	NA	NA	NA	NA	NA	NA	NA	NA	NA	NA	NA	NA	NA	NA	NA	NA	NA	NA	NA	NA	NA	NA	NA	NA	NA	NA	NA	NA	NA	NA	NA	NA	NA	NA
SRR16988679	Serinales	NA	NA	Yes	NA	NA	NA	NA	NA	NA	NA	NA	NA	NA	NA	Yes	NA	NA	NA	NA	NA	NA	NA	NA	NA	NA	NA	Yes	NA	NA	NA	NA	NA	NA	NA	NA	NA	NA	NA	Yes	NA	NA	NA	NA	NA	NA	NA	NA	NA	NA	NA	Yes	NA	NA	NA	NA	NA	NA	NA	NA	NA	NA	NA	Yes	NA	NA	NA	NA	NA	NA	NA	NA	NA	NA	NA	No	NA	NA	NA	NA	NA	NA	NA	NA	NA	NA	NA	No	NA	NA	NA	NA	NA	NA	NA	NA	NA	NA	NA	No	NA	NA	NA	NA	NA	NA	NA	NA	NA	NA	NA	No	NA	NA	NA	NA	NA	NA	NA	NA	NA	No	NA	NA	NA
SRR16988678	Serinales	NA	NA	No	NA	NA	NA	NA	NA	NA	NA	NA	NA	NA	NA	No	NA	NA	NA	NA	NA	NA	NA	NA	NA	NA	NA	Yes	NA	NA	NA	NA	NA	NA	NA	NA	NA	NA	NA	Yes	NA	NA	NA	NA	NA	NA	NA	NA	NA	NA	NA	No	NA	NA	NA	NA	NA	NA	NA	NA	NA	NA	NA	Yes	NA	NA	NA	NA	NA	NA	NA	NA	NA	NA	NA	Yes	NA	NA	NA	NA	NA	NA	NA	NA	NA	NA	NA	Yes	NA	NA	NA	NA	NA	NA	NA	NA	NA	NA	NA	Yes	NA	NA	NA	NA	NA	NA	NA	NA	NA	NA	NA	Yes	NA	NA	NA	NA	NA	NA	NA	NA	NA	No	NA	NA	NA
SRR16988677	Serinales	NA	NA	Yes	NA	NA	NA	NA	NA	NA	NA	NA	NA	NA	NA	Yes	NA	NA	NA	NA	NA	NA	NA	NA	NA	NA	NA	No	NA	NA	NA	NA	NA	NA	NA	NA	NA	NA	NA	Yes	NA	NA	NA	NA	NA	NA	NA	NA	NA	NA	NA	Yes	NA	NA	NA	NA	NA	NA	NA	NA	NA	NA	NA	Yes	NA	NA	NA	NA	NA	NA	NA	NA	NA	NA	NA	No	NA	NA	NA	NA	NA	NA	NA	NA	NA	NA	NA	Yes	NA	NA	NA	NA	NA	NA	NA	NA	NA	NA	NA	No	NA	NA	NA	NA	NA	NA	NA	NA	NA	NA	NA	No	NA	NA	NA	NA	NA	NA	NA	NA	NA	NA	NA	NA	NA
SRR16988676	Serinales	NA	NA	Yes	NA	NA	NA	NA	NA	NA	NA	NA	NA	NA	NA	Yes	NA	NA	NA	NA	NA	NA	NA	NA	NA	NA	NA	Yes	NA	NA	NA	NA	NA	NA	NA	NA	NA	NA	NA	Yes	NA	NA	NA	NA	NA	NA	NA	NA	NA	NA	NA	Yes	NA	NA	NA	NA	NA	NA	NA	NA	NA	NA	NA	Yes	NA	NA	NA	NA	NA	NA	NA	NA	NA	NA	NA	Yes	NA	NA	NA	NA	NA	NA	NA	NA	NA	NA	NA	Yes	NA	NA	NA	NA	NA	NA	NA	NA	NA	NA	NA	No	NA	NA	NA	NA	NA	NA	NA	NA	NA	NA	NA	No	NA	NA	NA	NA	NA	NA	NA	NA	NA	Yes	NA	NA	NA
SRR16988675	Alloascoideales	NA	NA	NA	NA	NA	NA	NA	NA	NA	NA	NA	NA	NA	NA	NA	NA	NA	NA	NA	NA	NA	NA	NA	NA	NA	NA	NA	NA	NA	NA	NA	NA	NA	NA	NA	NA	NA	NA	NA	NA	NA	NA	NA	NA	NA	NA	NA	NA	NA	NA	NA	NA	NA	NA	NA	NA	NA	NA	NA	NA	NA	NA	NA	NA	NA	NA	NA	NA	NA	NA	NA	NA	NA	NA	NA	NA	NA	NA	NA	NA	NA	NA	NA	NA	NA	NA	NA	NA	NA	NA	NA	NA	NA	NA	NA	NA	NA	NA	NA	NA	NA	NA	NA	NA	NA	NA	NA	NA	NA	NA	NA	NA	NA	NA	NA	NA	NA	NA	NA	NA	NA	NA	NA	NA
SRR16988674	Pichiales	NA	NA	NA	Yes	NA	NA	NA	NA	NA	NA	NA	NA	NA	NA	NA	Yes	NA	NA	NA	NA	NA	NA	NA	NA	NA	NA	NA	No	NA	NA	NA	NA	NA	NA	NA	NA	NA	NA	NA	Yes	NA	NA	NA	NA	NA	NA	NA	NA	NA	NA	NA	Yes	NA	NA	NA	NA	NA	NA	NA	NA	NA	NA	NA	Yes	NA	NA	NA	NA	NA	NA	NA	NA	NA	NA	NA	Yes	NA	NA	NA	NA	NA	NA	NA	NA	NA	NA	NA	Yes	NA	NA	NA	NA	NA	NA	NA	NA	NA	NA	NA	Yes	NA	NA	NA	NA	NA	NA	NA	NA	NA	NA	NA	No	NA	NA	NA	NA	NA	NA	NA	NA	NA	NA	NA	NA
SRR16988672	Ascoideales	NA	NA	NA	NA	NA	NA	NA	NA	NA	NA	NA	NA	NA	NA	NA	NA	NA	NA	NA	NA	NA	NA	NA	NA	NA	NA	NA	NA	NA	NA	NA	NA	NA	NA	NA	NA	NA	NA	NA	NA	NA	NA	NA	NA	NA	NA	NA	NA	NA	NA	NA	NA	NA	NA	NA	NA	NA	NA	NA	NA	NA	NA	NA	NA	NA	NA	NA	NA	NA	NA	NA	NA	NA	NA	NA	NA	NA	NA	NA	NA	NA	NA	NA	NA	NA	NA	NA	NA	NA	NA	NA	NA	NA	NA	NA	NA	NA	NA	NA	NA	NA	NA	NA	NA	NA	NA	NA	NA	NA	NA	NA	NA	NA	NA	NA	NA	NA	NA	NA	NA	NA	NA	NA	NA
SRR16988671	Ascoideales	NA	NA	NA	NA	NA	NA	NA	NA	NA	NA	NA	NA	NA	NA	NA	NA	NA	NA	NA	NA	NA	NA	NA	NA	NA	NA	NA	NA	NA	NA	NA	NA	NA	NA	NA	NA	NA	NA	NA	NA	NA	NA	NA	NA	NA	NA	NA	NA	NA	NA	NA	NA	NA	NA	NA	NA	NA	NA	NA	NA	NA	NA	NA	NA	NA	NA	NA	NA	NA	NA	NA	NA	NA	NA	NA	NA	NA	NA	NA	NA	NA	NA	NA	NA	NA	NA	NA	NA	NA	NA	NA	NA	NA	NA	NA	NA	NA	NA	NA	NA	NA	NA	NA	NA	NA	NA	NA	NA	NA	NA	NA	NA	NA	NA	NA	NA	NA	NA	NA	NA	NA	NA	NA	NA
SRR16988670	Ascoideales	NA	NA	NA	NA	NA	NA	NA	NA	NA	NA	NA	NA	NA	NA	NA	NA	NA	NA	NA	NA	NA	NA	NA	NA	NA	NA	NA	NA	NA	NA	NA	NA	NA	NA	NA	NA	NA	NA	NA	NA	NA	NA	NA	NA	NA	NA	NA	NA	NA	NA	NA	NA	NA	NA	NA	NA	NA	NA	NA	NA	NA	NA	NA	NA	NA	NA	NA	NA	NA	NA	NA	NA	NA	NA	NA	NA	NA	NA	NA	NA	NA	NA	NA	NA	NA	NA	NA	NA	NA	NA	NA	NA	NA	NA	NA	NA	NA	NA	NA	NA	NA	NA	NA	NA	NA	NA	NA	NA	NA	NA	NA	NA	NA	NA	NA	NA	NA	NA	NA	NA	NA	NA	NA	NA
SRR16988669	Serinales	NA	NA	Yes	NA	NA	NA	NA	NA	NA	NA	NA	NA	NA	NA	Yes	NA	NA	NA	NA	NA	NA	NA	NA	NA	NA	NA	Yes	NA	NA	NA	NA	NA	NA	NA	NA	NA	NA	NA	Yes	NA	NA	NA	NA	NA	NA	NA	NA	NA	NA	NA	No	NA	NA	NA	NA	NA	NA	NA	NA	NA	NA	NA	Yes	NA	NA	NA	NA	NA	NA	NA	NA	NA	NA	NA	No	NA	NA	NA	NA	NA	NA	NA	NA	NA	NA	NA	No	NA	NA	NA	NA	NA	NA	NA	NA	NA	NA	NA	No	NA	NA	NA	NA	NA	NA	NA	NA	NA	NA	NA	Yes	NA	NA	NA	NA	NA	NA	NA	NA	NA	Yes	NA	NA	NA
SRR16988668	Serinales	NA	NA	Yes	NA	NA	NA	NA	NA	NA	NA	NA	NA	NA	NA	Yes	NA	NA	NA	NA	NA	NA	NA	NA	NA	NA	NA	No	NA	NA	NA	NA	NA	NA	NA	NA	NA	NA	NA	Yes	NA	NA	NA	NA	NA	NA	NA	NA	NA	NA	NA	Yes	NA	NA	NA	NA	NA	NA	NA	NA	NA	NA	NA	Yes	NA	NA	NA	NA	NA	NA	NA	NA	NA	NA	NA	No	NA	NA	NA	NA	NA	NA	NA	NA	NA	NA	NA	Yes	NA	NA	NA	NA	NA	NA	NA	NA	NA	NA	NA	Yes	NA	NA	NA	NA	NA	NA	NA	NA	NA	NA	NA	NA	NA	NA	NA	NA	NA	NA	NA	NA	NA	NA	NA	NA	NA
SRR16988667	Serinales	NA	NA	NA	NA	NA	NA	NA	NA	NA	NA	NA	NA	NA	NA	NA	NA	NA	NA	NA	NA	NA	NA	NA	NA	NA	NA	NA	NA	NA	NA	NA	NA	NA	NA	NA	NA	NA	NA	NA	NA	NA	NA	NA	NA	NA	NA	NA	NA	NA	NA	NA	NA	NA	NA	NA	NA	NA	NA	NA	NA	NA	NA	NA	NA	NA	NA	NA	NA	NA	NA	NA	NA	NA	NA	NA	NA	NA	NA	NA	NA	NA	NA	NA	NA	NA	NA	NA	NA	NA	NA	NA	NA	NA	NA	NA	NA	NA	NA	NA	NA	NA	NA	NA	NA	NA	NA	NA	NA	NA	NA	Yes	NA	NA	NA	NA	NA	NA	NA	NA	NA	NA	NA	NA	NA
SRR16988666	Dipodascales	NA	NA	NA	NA	No	NA	NA	NA	NA	NA	NA	NA	NA	NA	NA	NA	No	NA	NA	NA	NA	NA	NA	NA	NA	NA	NA	NA	Yes	NA	NA	NA	NA	NA	NA	NA	NA	NA	NA	NA	No	NA	NA	NA	NA	NA	NA	NA	NA	NA	NA	NA	No	NA	NA	NA	NA	NA	NA	NA	NA	NA	NA	NA	Yes	NA	NA	NA	NA	NA	NA	NA	NA	NA	NA	NA	No	NA	NA	NA	NA	NA	NA	NA	NA	NA	NA	NA	Yes	NA	NA	NA	NA	NA	NA	NA	NA	NA	NA	NA	No	NA	NA	NA	NA	NA	NA	NA	NA	NA	NA	NA	Yes	NA	NA	NA	NA	NA	NA	NA	NA	NA	NA	NA
SRR16988665	Serinales	NA	NA	NA	NA	NA	NA	NA	NA	NA	NA	NA	NA	NA	NA	NA	NA	NA	NA	NA	NA	NA	NA	NA	NA	NA	NA	NA	NA	NA	NA	NA	NA	NA	NA	NA	NA	NA	NA	NA	NA	NA	NA	NA	NA	NA	NA	NA	NA	NA	NA	NA	NA	NA	NA	NA	NA	NA	NA	NA	NA	NA	NA	NA	NA	NA	NA	NA	NA	NA	NA	NA	NA	NA	NA	NA	NA	NA	NA	NA	NA	NA	NA	NA	NA	NA	NA	NA	NA	NA	NA	NA	NA	NA	NA	NA	NA	NA	NA	NA	NA	NA	NA	NA	NA	NA	NA	NA	NA	NA	NA	NA	NA	NA	NA	NA	NA	NA	NA	NA	NA	NA	NA	NA	NA
SRR16988664	Serinales	NA	NA	No	NA	NA	NA	NA	NA	NA	NA	NA	NA	NA	NA	No	NA	NA	NA	NA	NA	NA	NA	NA	NA	NA	NA	No	NA	NA	NA	NA	NA	NA	NA	NA	NA	NA	NA	Yes	NA	NA	NA	NA	NA	NA	NA	NA	NA	NA	NA	No	NA	NA	NA	NA	NA	NA	NA	NA	NA	NA	NA	NA	NA	NA	NA	NA	NA	NA	NA	NA	NA	NA	NA	No	NA	NA	NA	NA	NA	NA	NA	NA	NA	NA	NA	Yes	NA	NA	NA	NA	NA	NA	NA	NA	NA	NA	NA	No	NA	NA	NA	NA	NA	NA	NA	NA	NA	NA	NA	Yes	NA	NA	NA	NA	NA	NA	NA	NA	NA	NA	NA	NA	NA
SRR16988663	Serinales	NA	NA	Yes	NA	NA	NA	NA	NA	NA	NA	NA	NA	NA	NA	Yes	NA	NA	NA	NA	NA	NA	NA	NA	NA	NA	NA	No	NA	NA	NA	NA	NA	NA	NA	NA	NA	NA	NA	Yes	NA	NA	NA	NA	NA	NA	NA	NA	NA	NA	NA	Yes	NA	NA	NA	NA	NA	NA	NA	NA	NA	NA	NA	No	NA	NA	NA	NA	NA	NA	NA	NA	NA	NA	NA	No	NA	NA	NA	NA	NA	NA	NA	NA	NA	NA	NA	No	NA	NA	NA	NA	NA	NA	NA	NA	NA	NA	NA	No	NA	NA	NA	NA	NA	NA	NA	NA	NA	NA	NA	No	NA	NA	NA	NA	NA	NA	NA	NA	NA	NA	NA	NA	NA
SRR16988661	Serinales	NA	NA	Yes	NA	NA	NA	NA	NA	NA	NA	NA	NA	NA	NA	Yes	NA	NA	NA	NA	NA	NA	NA	NA	NA	NA	NA	Yes	NA	NA	NA	NA	NA	NA	NA	NA	NA	NA	NA	Yes	NA	NA	NA	NA	NA	NA	NA	NA	NA	NA	NA	Yes	NA	NA	NA	NA	NA	NA	NA	NA	NA	NA	NA	No	NA	NA	NA	NA	NA	NA	NA	NA	NA	NA	NA	No	NA	NA	NA	NA	NA	NA	NA	NA	NA	NA	NA	Yes	NA	NA	NA	NA	NA	NA	NA	NA	NA	NA	NA	No	NA	NA	NA	NA	NA	NA	NA	NA	NA	NA	NA	NA	NA	NA	NA	NA	NA	NA	NA	NA	NA	NA	NA	NA	NA
SRR16988660	Serinales	NA	NA	Yes	NA	NA	NA	NA	NA	NA	NA	NA	NA	NA	NA	Yes	NA	NA	NA	NA	NA	NA	NA	NA	NA	NA	NA	Yes	NA	NA	NA	NA	NA	NA	NA	NA	NA	NA	NA	Yes	NA	NA	NA	NA	NA	NA	NA	NA	NA	NA	NA	Yes	NA	NA	NA	NA	NA	NA	NA	NA	NA	NA	NA	No	NA	NA	NA	NA	NA	NA	NA	NA	NA	NA	NA	Yes	NA	NA	NA	NA	NA	NA	NA	NA	NA	NA	NA	Yes	NA	NA	NA	NA	NA	NA	NA	NA	NA	NA	NA	Yes	NA	NA	NA	NA	NA	NA	NA	NA	NA	NA	NA	Yes	NA	NA	NA	NA	NA	NA	NA	NA	NA	NA	NA	NA	NA
SRR16988659	Serinales	NA	NA	Yes	NA	NA	NA	NA	NA	NA	NA	NA	NA	NA	NA	Yes	NA	NA	NA	NA	NA	NA	NA	NA	NA	NA	NA	No	NA	NA	NA	NA	NA	NA	NA	NA	NA	NA	NA	Yes	NA	NA	NA	NA	NA	NA	NA	NA	NA	NA	NA	Yes	NA	NA	NA	NA	NA	NA	NA	NA	NA	NA	NA	Yes	NA	NA	NA	NA	NA	NA	NA	NA	NA	NA	NA	No	NA	NA	NA	NA	NA	NA	NA	NA	NA	NA	NA	No	NA	NA	NA	NA	NA	NA	NA	NA	NA	NA	NA	No	NA	NA	NA	NA	NA	NA	NA	NA	NA	NA	NA	Yes	NA	NA	NA	NA	NA	NA	NA	NA	NA	NA	NA	NA	NA
SRR16988658	Serinales	NA	NA	Yes	NA	NA	NA	NA	NA	NA	NA	NA	NA	NA	NA	Yes	NA	NA	NA	NA	NA	NA	NA	NA	NA	NA	NA	Yes	NA	NA	NA	NA	NA	NA	NA	NA	NA	NA	NA	Yes	NA	NA	NA	NA	NA	NA	NA	NA	NA	NA	NA	Yes	NA	NA	NA	NA	NA	NA	NA	NA	NA	NA	NA	NA	NA	NA	NA	NA	NA	NA	NA	NA	NA	NA	NA	No	NA	NA	NA	NA	NA	NA	NA	NA	NA	NA	NA	Yes	NA	NA	NA	NA	NA	NA	NA	NA	NA	NA	NA	No	NA	NA	NA	NA	NA	NA	NA	NA	NA	NA	NA	No	NA	NA	NA	NA	NA	NA	NA	NA	NA	NA	NA	NA	NA
SRR16988657	Serinales	NA	NA	NA	NA	NA	NA	NA	NA	NA	NA	NA	NA	NA	NA	NA	NA	NA	NA	NA	NA	NA	NA	NA	NA	NA	NA	NA	NA	NA	NA	NA	NA	NA	NA	NA	NA	NA	NA	NA	NA	NA	NA	NA	NA	NA	NA	NA	NA	NA	NA	NA	NA	NA	NA	NA	NA	NA	NA	NA	NA	NA	NA	NA	NA	NA	NA	NA	NA	NA	NA	NA	NA	NA	NA	NA	NA	NA	NA	NA	NA	NA	NA	NA	NA	NA	NA	NA	NA	NA	NA	NA	NA	NA	NA	NA	NA	NA	NA	NA	NA	NA	NA	NA	NA	NA	NA	NA	NA	NA	NA	NA	NA	NA	NA	NA	NA	NA	NA	NA	NA	NA	NA	NA	NA
SRR16988656	Serinales	NA	NA	Yes	NA	NA	NA	NA	NA	NA	NA	NA	NA	NA	NA	Yes	NA	NA	NA	NA	NA	NA	NA	NA	NA	NA	NA	Yes	NA	NA	NA	NA	NA	NA	NA	NA	NA	NA	NA	Yes	NA	NA	NA	NA	NA	NA	NA	NA	NA	NA	NA	Yes	NA	NA	NA	NA	NA	NA	NA	NA	NA	NA	NA	No	NA	NA	NA	NA	NA	NA	NA	NA	NA	NA	NA	No	NA	NA	NA	NA	NA	NA	NA	NA	NA	NA	NA	Yes	NA	NA	NA	NA	NA	NA	NA	NA	NA	NA	NA	Yes	NA	NA	NA	NA	NA	NA	NA	NA	NA	NA	NA	Yes	NA	NA	NA	NA	NA	NA	NA	NA	NA	NA	NA	NA	NA
SRR16988655	Serinales	NA	NA	Yes	NA	NA	NA	NA	NA	NA	NA	NA	NA	NA	NA	Yes	NA	NA	NA	NA	NA	NA	NA	NA	NA	NA	NA	Yes	NA	NA	NA	NA	NA	NA	NA	NA	NA	NA	NA	Yes	NA	NA	NA	NA	NA	NA	NA	NA	NA	NA	NA	Yes	NA	NA	NA	NA	NA	NA	NA	NA	NA	NA	NA	No	NA	NA	NA	NA	NA	NA	NA	NA	NA	NA	NA	Yes	NA	NA	NA	NA	NA	NA	NA	NA	NA	NA	NA	Yes	NA	NA	NA	NA	NA	NA	NA	NA	NA	NA	NA	No	NA	NA	NA	NA	NA	NA	NA	NA	NA	NA	NA	Yes	NA	NA	NA	NA	NA	NA	NA	NA	NA	NA	NA	NA	NA
SRR16988654	Serinales	NA	NA	Yes	NA	NA	NA	NA	NA	NA	NA	NA	NA	NA	NA	Yes	NA	NA	NA	NA	NA	NA	NA	NA	NA	NA	NA	Yes	NA	NA	NA	NA	NA	NA	NA	NA	NA	NA	NA	Yes	NA	NA	NA	NA	NA	NA	NA	NA	NA	NA	NA	Yes	NA	NA	NA	NA	NA	NA	NA	NA	NA	NA	NA	NA	NA	NA	NA	NA	NA	NA	NA	NA	NA	NA	NA	No	NA	NA	NA	NA	NA	NA	NA	NA	NA	NA	NA	Yes	NA	NA	NA	NA	NA	NA	NA	NA	NA	NA	NA	No	NA	NA	NA	NA	NA	NA	NA	NA	NA	NA	NA	Yes	NA	NA	NA	NA	NA	NA	NA	NA	NA	NA	NA	NA	NA
SRR16988653	Serinales	NA	NA	Yes	NA	NA	NA	NA	NA	NA	NA	NA	NA	NA	NA	Yes	NA	NA	NA	NA	NA	NA	NA	NA	NA	NA	NA	Yes	NA	NA	NA	NA	NA	NA	NA	NA	NA	NA	NA	Yes	NA	NA	NA	NA	NA	NA	NA	NA	NA	NA	NA	Yes	NA	NA	NA	NA	NA	NA	NA	NA	NA	NA	NA	No	NA	NA	NA	NA	NA	NA	NA	NA	NA	NA	NA	No	NA	NA	NA	NA	NA	NA	NA	NA	NA	NA	NA	Yes	NA	NA	NA	NA	NA	NA	NA	NA	NA	NA	NA	No	NA	NA	NA	NA	NA	NA	NA	NA	NA	NA	NA	No	NA	NA	NA	NA	NA	NA	NA	NA	NA	No	NA	NA	NA
SRR16988652	Pichiales	NA	NA	NA	No	NA	NA	NA	NA	NA	NA	NA	NA	NA	NA	NA	No	NA	NA	NA	NA	NA	NA	NA	NA	NA	NA	NA	No	NA	NA	NA	NA	NA	NA	NA	NA	NA	NA	NA	Yes	NA	NA	NA	NA	NA	NA	NA	NA	NA	NA	NA	NA	NA	NA	NA	NA	NA	NA	NA	NA	NA	NA	NA	NA	NA	NA	NA	NA	NA	NA	NA	NA	NA	NA	NA	Yes	NA	NA	NA	NA	NA	NA	NA	NA	NA	NA	NA	No	NA	NA	NA	NA	NA	NA	NA	NA	NA	NA	NA	No	NA	NA	NA	NA	NA	NA	NA	NA	NA	NA	NA	No	NA	NA	NA	NA	NA	NA	NA	NA	NA	NA	NA	NA
SRR16988947	Serinales	NA	NA	NA	NA	NA	NA	NA	NA	NA	NA	NA	NA	NA	NA	NA	NA	NA	NA	NA	NA	NA	NA	NA	NA	NA	NA	NA	NA	NA	NA	NA	NA	NA	NA	NA	NA	NA	NA	NA	NA	NA	NA	NA	NA	NA	NA	NA	NA	NA	NA	NA	NA	NA	NA	NA	NA	NA	NA	NA	NA	NA	NA	NA	NA	NA	NA	NA	NA	NA	NA	NA	NA	NA	NA	NA	NA	NA	NA	NA	NA	NA	NA	NA	NA	NA	NA	NA	NA	NA	NA	NA	NA	NA	NA	NA	NA	NA	NA	NA	NA	NA	NA	NA	NA	NA	NA	NA	NA	NA	NA	NA	NA	NA	NA	NA	NA	NA	NA	NA	NA	NA	NA	NA	NA
SRR16989238	Serinales	NA	NA	NA	NA	NA	NA	NA	NA	NA	NA	NA	NA	NA	NA	NA	NA	NA	NA	NA	NA	NA	NA	NA	NA	NA	NA	NA	NA	NA	NA	NA	NA	NA	NA	NA	NA	NA	NA	NA	NA	NA	NA	NA	NA	NA	NA	NA	NA	NA	NA	NA	NA	NA	NA	NA	NA	NA	NA	NA	NA	NA	NA	NA	NA	NA	NA	NA	NA	NA	NA	NA	NA	NA	NA	NA	NA	NA	NA	NA	NA	NA	NA	NA	NA	NA	NA	NA	NA	NA	NA	NA	NA	NA	NA	NA	NA	NA	NA	NA	NA	NA	NA	NA	NA	NA	NA	NA	NA	NA	NA	NA	NA	NA	NA	NA	NA	NA	NA	NA	NA	NA	NA	NA	NA
SRR16989237	Serinales	NA	NA	Yes	NA	NA	NA	NA	NA	NA	NA	NA	NA	NA	NA	Yes	NA	NA	NA	NA	NA	NA	NA	NA	NA	NA	NA	No	NA	NA	NA	NA	NA	NA	NA	NA	NA	NA	NA	Yes	NA	NA	NA	NA	NA	NA	NA	NA	NA	NA	NA	No	NA	NA	NA	NA	NA	NA	NA	NA	NA	NA	NA	Yes	NA	NA	NA	NA	NA	NA	NA	NA	NA	NA	NA	No	NA	NA	NA	NA	NA	NA	NA	NA	NA	NA	NA	No	NA	NA	NA	NA	NA	NA	NA	NA	NA	NA	NA	Yes	NA	NA	NA	NA	NA	NA	NA	NA	NA	NA	NA	No	NA	NA	NA	NA	NA	NA	NA	NA	NA	Yes	NA	NA	NA
SRR16989236	Dipodascales	NA	NA	NA	NA	No	NA	NA	NA	NA	NA	NA	NA	NA	NA	NA	NA	Yes	NA	NA	NA	NA	NA	NA	NA	NA	NA	NA	NA	No	NA	NA	NA	NA	NA	NA	NA	NA	NA	NA	NA	No	NA	NA	NA	NA	NA	NA	NA	NA	NA	NA	NA	No	NA	NA	NA	NA	NA	NA	NA	NA	NA	NA	NA	NA	NA	NA	NA	NA	NA	NA	NA	NA	NA	NA	NA	No	NA	NA	NA	NA	NA	NA	NA	NA	NA	NA	NA	Yes	NA	NA	NA	NA	NA	NA	NA	NA	NA	NA	NA	No	NA	NA	NA	NA	NA	NA	NA	NA	NA	NA	NA	Yes	NA	NA	NA	NA	NA	NA	NA	NA	NA	NA	NA
SRR16989235	Dipodascales	NA	NA	NA	NA	No	NA	NA	NA	NA	NA	NA	NA	NA	NA	NA	NA	No	NA	NA	NA	NA	NA	NA	NA	NA	NA	NA	NA	No	NA	NA	NA	NA	NA	NA	NA	NA	NA	NA	NA	No	NA	NA	NA	NA	NA	NA	NA	NA	NA	NA	NA	Yes	NA	NA	NA	NA	NA	NA	NA	NA	NA	NA	NA	Yes	NA	NA	NA	NA	NA	NA	NA	NA	NA	NA	NA	No	NA	NA	NA	NA	NA	NA	NA	NA	NA	NA	NA	No	NA	NA	NA	NA	NA	NA	NA	NA	NA	NA	NA	No	NA	NA	NA	NA	NA	NA	NA	NA	NA	NA	NA	Yes	NA	NA	NA	NA	NA	NA	NA	NA	NA	NA	NA
SRR16989234	Dipodascales	NA	NA	NA	NA	NA	NA	NA	NA	NA	NA	NA	NA	NA	NA	NA	NA	NA	NA	NA	NA	NA	NA	NA	NA	NA	NA	NA	NA	NA	NA	NA	NA	NA	NA	NA	NA	NA	NA	NA	NA	NA	NA	NA	NA	NA	NA	NA	NA	NA	NA	NA	NA	NA	NA	NA	NA	NA	NA	NA	NA	NA	NA	NA	NA	NA	NA	NA	NA	NA	NA	NA	NA	NA	NA	NA	NA	NA	NA	NA	NA	NA	NA	NA	NA	NA	NA	NA	NA	NA	NA	NA	NA	NA	NA	NA	NA	NA	NA	NA	NA	NA	NA	NA	NA	NA	NA	NA	NA	NA	NA	NA	NA	NA	NA	NA	NA	NA	NA	NA	NA	NA	NA	NA	NA
SRR16989233	Phaffomycetales	NA	NA	NA	NA	NA	Yes	NA	NA	NA	NA	NA	NA	NA	NA	NA	NA	NA	Yes	NA	NA	NA	NA	NA	NA	NA	NA	NA	NA	NA	No	NA	NA	NA	NA	NA	NA	NA	NA	NA	NA	NA	Yes	NA	NA	NA	NA	NA	NA	NA	NA	NA	NA	NA	Yes	NA	NA	NA	NA	NA	NA	NA	NA	NA	NA	NA	Yes	NA	NA	NA	NA	NA	NA	NA	NA	NA	NA	NA	No	NA	NA	NA	NA	NA	NA	NA	NA	NA	NA	NA	No	NA	NA	NA	NA	NA	NA	NA	NA	NA	NA	NA	No	NA	NA	NA	NA	NA	NA	NA	NA	NA	NA	NA	No	NA	NA	NA	NA	NA	NA	NA	NA	NA	NA
SRR16989232	Phaffomycetales	NA	NA	NA	NA	NA	Yes	NA	NA	NA	NA	NA	NA	NA	NA	NA	NA	NA	Yes	NA	NA	NA	NA	NA	NA	NA	NA	NA	NA	NA	No	NA	NA	NA	NA	NA	NA	NA	NA	NA	NA	NA	Yes	NA	NA	NA	NA	NA	NA	NA	NA	NA	NA	NA	NA	NA	NA	NA	NA	NA	NA	NA	NA	NA	NA	NA	Yes	NA	NA	NA	NA	NA	NA	NA	NA	NA	NA	NA	Yes	NA	NA	NA	NA	NA	NA	NA	NA	NA	NA	NA	No	NA	NA	NA	NA	NA	NA	NA	NA	NA	NA	NA	No	NA	NA	NA	NA	NA	NA	NA	NA	NA	NA	NA	No	NA	NA	NA	NA	NA	NA	NA	NA	NA	NA
SRR16989231	Ascoideales	NA	NA	NA	NA	NA	NA	NA	NA	NA	NA	NA	No	NA	NA	NA	NA	NA	NA	NA	NA	NA	NA	NA	NA	NA	NA	NA	NA	NA	NA	NA	NA	NA	NA	NA	Yes	NA	NA	NA	NA	NA	NA	NA	NA	NA	NA	NA	No	NA	NA	NA	NA	NA	NA	NA	NA	NA	NA	NA	NA	NA	NA	NA	NA	NA	NA	NA	NA	NA	NA	NA	NA	NA	NA	NA	NA	NA	NA	NA	NA	NA	NA	NA	No	NA	NA	NA	NA	NA	NA	NA	NA	NA	NA	NA	NA	NA	NA	NA	NA	NA	NA	NA	NA	NA	NA	NA	Yes	NA	NA	NA	NA	NA	NA	NA	NA	NA	NA	NA	No	NA	NA	NA	NA
SRR16989230	Ascoideales	NA	NA	NA	NA	NA	NA	NA	NA	NA	NA	NA	Yes	NA	NA	NA	NA	NA	NA	NA	NA	NA	NA	NA	Yes	NA	NA	NA	NA	NA	NA	NA	NA	NA	NA	NA	Yes	NA	NA	NA	NA	NA	NA	NA	NA	NA	NA	NA	No	NA	NA	NA	NA	NA	NA	NA	NA	NA	NA	NA	Yes	NA	NA	NA	NA	NA	NA	NA	NA	NA	NA	NA	Yes	NA	NA	NA	NA	NA	NA	NA	NA	NA	NA	NA	No	NA	NA	NA	NA	NA	NA	NA	NA	NA	NA	NA	Yes	NA	NA	NA	NA	NA	NA	NA	NA	NA	NA	NA	Yes	NA	NA	NA	NA	NA	NA	NA	NA	NA	NA	NA	Yes	NA	NA	NA	NA
SRR16989227	Ascoideales	NA	NA	NA	NA	NA	NA	NA	NA	NA	NA	NA	Yes	NA	NA	NA	NA	NA	NA	NA	NA	NA	NA	NA	NA	NA	NA	NA	NA	NA	NA	NA	NA	NA	NA	NA	No	NA	NA	NA	NA	NA	NA	NA	NA	NA	NA	NA	Yes	NA	NA	NA	NA	NA	NA	NA	NA	NA	NA	NA	NA	NA	NA	NA	NA	NA	NA	NA	NA	NA	NA	NA	NA	NA	NA	NA	NA	NA	NA	NA	NA	NA	NA	NA	Yes	NA	NA	NA	NA	NA	NA	NA	NA	NA	NA	NA	NA	NA	NA	NA	NA	NA	NA	NA	NA	NA	NA	NA	Yes	NA	NA	NA	NA	NA	NA	NA	NA	NA	NA	NA	No	NA	NA	NA	NA
SRR16989226	Pichiales	NA	NA	NA	NA	NA	NA	NA	NA	NA	NA	NA	NA	NA	NA	NA	NA	NA	NA	NA	NA	NA	NA	NA	NA	NA	NA	NA	NA	NA	NA	NA	NA	NA	NA	NA	NA	NA	NA	NA	NA	NA	NA	NA	NA	NA	NA	NA	NA	NA	NA	NA	NA	NA	NA	NA	NA	NA	NA	NA	NA	NA	NA	NA	NA	NA	NA	NA	NA	NA	NA	NA	NA	NA	NA	NA	NA	NA	NA	NA	NA	NA	NA	NA	NA	NA	NA	NA	NA	NA	NA	NA	NA	NA	NA	NA	NA	NA	NA	NA	NA	NA	NA	NA	NA	NA	NA	NA	NA	NA	NA	NA	NA	NA	NA	NA	NA	NA	NA	NA	NA	NA	NA	NA	NA
SRR16989225	Pichiales	NA	NA	NA	No	NA	NA	NA	NA	NA	NA	NA	NA	NA	NA	NA	No	NA	NA	NA	NA	NA	NA	NA	NA	NA	NA	NA	No	NA	NA	NA	NA	NA	NA	NA	NA	NA	NA	NA	No	NA	NA	NA	NA	NA	NA	NA	NA	NA	NA	NA	NA	NA	NA	NA	NA	NA	NA	NA	NA	NA	NA	NA	No	NA	NA	NA	NA	NA	NA	NA	NA	NA	NA	NA	Yes	NA	NA	NA	NA	NA	NA	NA	NA	NA	NA	NA	Yes	NA	NA	NA	NA	NA	NA	NA	NA	NA	NA	NA	No	NA	NA	NA	NA	NA	NA	NA	NA	NA	NA	NA	NA	NA	NA	NA	NA	NA	NA	NA	NA	NA	NA	NA	NA
SRR16989224	Pichiales	NA	NA	NA	NA	NA	NA	NA	NA	NA	NA	NA	NA	NA	NA	NA	NA	NA	NA	NA	NA	NA	NA	NA	NA	NA	NA	NA	NA	NA	NA	NA	NA	NA	NA	NA	NA	NA	NA	NA	NA	NA	NA	NA	NA	NA	NA	NA	NA	NA	NA	NA	NA	NA	NA	NA	NA	NA	NA	NA	NA	NA	NA	NA	NA	NA	NA	NA	NA	NA	NA	NA	NA	NA	NA	NA	NA	NA	NA	NA	NA	NA	NA	NA	NA	NA	NA	NA	NA	NA	NA	NA	NA	NA	NA	NA	NA	NA	NA	NA	NA	NA	NA	NA	NA	NA	NA	NA	NA	NA	NA	NA	NA	NA	NA	NA	NA	NA	NA	NA	NA	NA	NA	NA	NA
SRR16989223	Alaninales	NA	NA	NA	NA	NA	NA	NA	NA	Yes	NA	NA	NA	NA	NA	NA	NA	NA	NA	NA	NA	Yes	NA	NA	NA	NA	NA	NA	NA	NA	NA	NA	NA	Yes	NA	NA	NA	NA	NA	NA	NA	NA	NA	NA	NA	Yes	NA	NA	NA	NA	NA	NA	NA	NA	NA	NA	NA	Yes	NA	NA	NA	NA	NA	NA	NA	NA	NA	NA	NA	Yes	NA	NA	NA	NA	NA	NA	NA	NA	NA	NA	NA	No	NA	NA	NA	NA	NA	NA	NA	NA	NA	NA	NA	Yes	NA	NA	NA	NA	NA	NA	NA	NA	NA	NA	NA	Yes	NA	NA	NA	NA	NA	NA	NA	NA	NA	NA	NA	Yes	NA	NA	NA	NA	NA	NA	NA
SRR16989222	Dipodascales	NA	NA	NA	NA	No	NA	NA	NA	NA	NA	NA	NA	NA	NA	NA	NA	No	NA	NA	NA	NA	NA	NA	NA	NA	NA	NA	NA	No	NA	NA	NA	NA	NA	NA	NA	NA	NA	NA	NA	No	NA	NA	NA	NA	NA	NA	NA	NA	NA	NA	NA	No	NA	NA	NA	NA	NA	NA	NA	NA	NA	NA	NA	Yes	NA	NA	NA	NA	NA	NA	NA	NA	NA	NA	NA	No	NA	NA	NA	NA	NA	NA	NA	NA	NA	NA	NA	No	NA	NA	NA	NA	NA	NA	NA	NA	NA	NA	NA	No	NA	NA	NA	NA	NA	NA	NA	NA	NA	NA	NA	No	NA	NA	NA	NA	NA	NA	NA	NA	NA	NA	NA
SRR16989221	Serinales	NA	NA	Yes	NA	NA	NA	NA	NA	NA	NA	NA	NA	NA	NA	Yes	NA	NA	NA	NA	NA	NA	NA	NA	NA	NA	NA	No	NA	NA	NA	NA	NA	NA	NA	NA	NA	NA	NA	Yes	NA	NA	NA	NA	NA	NA	NA	NA	NA	NA	NA	No	NA	NA	NA	NA	NA	NA	NA	NA	NA	NA	NA	Yes	NA	NA	NA	NA	NA	NA	NA	NA	NA	NA	NA	No	NA	NA	NA	NA	NA	NA	NA	NA	NA	NA	NA	Yes	NA	NA	NA	NA	NA	NA	NA	NA	NA	NA	NA	No	NA	NA	NA	NA	NA	NA	NA	NA	NA	NA	NA	Yes	NA	NA	NA	NA	NA	NA	NA	NA	NA	No	NA	NA	NA
SRR16989220	Serinales	NA	NA	Yes	NA	NA	NA	NA	NA	NA	NA	NA	NA	NA	NA	Yes	NA	NA	NA	NA	NA	NA	NA	NA	NA	NA	NA	Yes	NA	NA	NA	NA	NA	NA	NA	NA	NA	NA	NA	Yes	NA	NA	NA	NA	NA	NA	NA	NA	NA	NA	NA	Yes	NA	NA	NA	NA	NA	NA	NA	NA	NA	NA	NA	No	NA	NA	NA	NA	NA	NA	NA	NA	NA	NA	NA	No	NA	NA	NA	NA	NA	NA	NA	NA	NA	NA	NA	Yes	NA	NA	NA	NA	NA	NA	NA	NA	NA	NA	NA	No	NA	NA	NA	NA	NA	NA	NA	NA	NA	NA	NA	No	NA	NA	NA	NA	NA	NA	NA	NA	NA	NA	NA	NA	NA
SRR16989219	Serinales	NA	NA	Yes	NA	NA	NA	NA	NA	NA	NA	NA	NA	NA	NA	Yes	NA	NA	NA	NA	NA	NA	NA	NA	NA	NA	NA	Yes	NA	NA	NA	NA	NA	NA	NA	NA	NA	NA	NA	Yes	NA	NA	NA	NA	NA	NA	NA	NA	NA	NA	NA	NA	NA	NA	NA	NA	NA	NA	NA	NA	NA	NA	NA	Yes	NA	NA	NA	NA	NA	NA	NA	NA	NA	NA	NA	Yes	NA	NA	NA	NA	NA	NA	NA	NA	NA	NA	NA	Yes	NA	NA	NA	NA	NA	NA	NA	NA	NA	NA	NA	No	NA	NA	NA	NA	NA	NA	NA	NA	NA	NA	NA	Yes	NA	NA	NA	NA	NA	NA	NA	NA	NA	NA	NA	NA	NA
SRR16989218	Serinales	NA	NA	Yes	NA	NA	NA	NA	NA	NA	NA	NA	NA	NA	NA	Yes	NA	NA	NA	NA	NA	NA	NA	NA	NA	NA	NA	Yes	NA	NA	NA	NA	NA	NA	NA	NA	NA	NA	NA	Yes	NA	NA	NA	NA	NA	NA	NA	NA	NA	NA	NA	No	NA	NA	NA	NA	NA	NA	NA	NA	NA	NA	NA	No	NA	NA	NA	NA	NA	NA	NA	NA	NA	NA	NA	Yes	NA	NA	NA	NA	NA	NA	NA	NA	NA	NA	NA	No	NA	NA	NA	NA	NA	NA	NA	NA	NA	NA	NA	No	NA	NA	NA	NA	NA	NA	NA	NA	NA	NA	NA	NA	NA	NA	NA	NA	NA	NA	NA	NA	NA	NA	NA	NA	NA
SRR16989216	Serinales	NA	NA	NA	NA	NA	NA	NA	NA	NA	NA	NA	NA	NA	NA	NA	NA	NA	NA	NA	NA	NA	NA	NA	NA	NA	NA	NA	NA	NA	NA	NA	NA	NA	NA	NA	NA	NA	NA	NA	NA	NA	NA	NA	NA	NA	NA	NA	NA	NA	NA	NA	NA	NA	NA	NA	NA	NA	NA	NA	NA	NA	NA	NA	NA	NA	NA	NA	NA	NA	NA	NA	NA	NA	NA	NA	NA	NA	NA	NA	NA	NA	NA	NA	NA	NA	NA	NA	NA	NA	NA	NA	NA	NA	NA	NA	NA	NA	NA	NA	NA	NA	NA	NA	NA	NA	NA	NA	NA	NA	NA	NA	NA	NA	NA	NA	NA	NA	NA	NA	NA	NA	NA	NA	NA
SRR16989215	Phaffomycetales	NA	NA	NA	NA	NA	Yes	NA	NA	NA	NA	NA	NA	NA	NA	NA	NA	NA	Yes	NA	NA	NA	NA	NA	NA	NA	NA	NA	NA	NA	No	NA	NA	NA	NA	NA	NA	NA	NA	NA	NA	NA	Yes	NA	NA	NA	NA	NA	NA	NA	NA	NA	NA	NA	Yes	NA	NA	NA	NA	NA	NA	NA	NA	NA	NA	NA	Yes	NA	NA	NA	NA	NA	NA	NA	NA	NA	NA	NA	Yes	NA	NA	NA	NA	NA	NA	NA	NA	NA	NA	NA	Yes	NA	NA	NA	NA	NA	NA	NA	NA	NA	NA	NA	No	NA	NA	NA	NA	NA	NA	NA	NA	NA	NA	NA	NA	NA	NA	NA	NA	NA	NA	NA	NA	No	NA
SRR16989214	Phaffomycetales	NA	NA	NA	NA	NA	Yes	NA	NA	NA	NA	NA	NA	NA	NA	NA	NA	NA	Yes	NA	NA	NA	NA	NA	NA	NA	NA	NA	NA	NA	Yes	NA	NA	NA	NA	NA	NA	NA	NA	NA	NA	NA	Yes	NA	NA	NA	NA	NA	NA	NA	NA	NA	NA	NA	No	NA	NA	NA	NA	NA	NA	NA	NA	NA	NA	NA	Yes	NA	NA	NA	NA	NA	NA	NA	NA	NA	NA	NA	No	NA	NA	NA	NA	NA	NA	NA	NA	NA	NA	NA	Yes	NA	NA	NA	NA	NA	NA	NA	NA	NA	NA	NA	NA	NA	NA	NA	NA	NA	NA	NA	NA	NA	NA	NA	Yes	NA	NA	NA	NA	NA	NA	NA	NA	NA	NA
SRR16989213	Serinales	NA	NA	NA	NA	NA	NA	NA	NA	NA	NA	NA	NA	NA	NA	NA	NA	NA	NA	NA	NA	NA	NA	NA	NA	NA	NA	NA	NA	NA	NA	NA	NA	NA	NA	NA	NA	NA	NA	NA	NA	NA	NA	NA	NA	NA	NA	NA	NA	NA	NA	NA	NA	NA	NA	NA	NA	NA	NA	NA	NA	NA	NA	NA	NA	NA	NA	NA	NA	NA	NA	NA	NA	NA	NA	NA	NA	NA	NA	NA	NA	NA	NA	NA	NA	NA	NA	NA	NA	NA	NA	NA	NA	NA	NA	NA	NA	NA	NA	NA	NA	NA	NA	NA	NA	NA	NA	NA	NA	NA	NA	NA	NA	NA	NA	NA	NA	NA	NA	NA	NA	NA	NA	NA	NA
SRR16989212	Serinales	NA	NA	No	NA	NA	NA	NA	NA	NA	NA	NA	NA	NA	NA	No	NA	NA	NA	NA	NA	NA	NA	NA	NA	NA	NA	No	NA	NA	NA	NA	NA	NA	NA	NA	NA	NA	NA	Yes	NA	NA	NA	NA	NA	NA	NA	NA	NA	NA	NA	NA	NA	NA	NA	NA	NA	NA	NA	NA	NA	NA	NA	Yes	NA	NA	NA	NA	NA	NA	NA	NA	NA	NA	NA	Yes	NA	NA	NA	NA	NA	NA	NA	NA	NA	NA	NA	No	NA	NA	NA	NA	NA	NA	NA	NA	NA	NA	NA	Yes	NA	NA	NA	NA	NA	NA	NA	NA	NA	NA	NA	Yes	NA	NA	NA	NA	NA	NA	NA	NA	NA	NA	NA	NA	NA
SRR16989211	Serinales	NA	NA	Yes	NA	NA	NA	NA	NA	NA	NA	NA	NA	NA	NA	Yes	NA	NA	NA	NA	NA	NA	NA	NA	NA	NA	NA	No	NA	NA	NA	NA	NA	NA	NA	NA	NA	NA	NA	Yes	NA	NA	NA	NA	NA	NA	NA	NA	NA	NA	NA	No	NA	NA	NA	NA	NA	NA	NA	NA	NA	NA	NA	Yes	NA	NA	NA	NA	NA	NA	NA	NA	NA	NA	NA	Yes	NA	NA	NA	NA	NA	NA	NA	NA	NA	NA	NA	Yes	NA	NA	NA	NA	NA	NA	NA	NA	NA	NA	NA	Yes	NA	NA	NA	NA	NA	NA	NA	NA	NA	NA	NA	NA	NA	NA	NA	NA	NA	NA	NA	NA	NA	NA	NA	NA	NA
SRR16989210	Dipodascales	NA	NA	NA	NA	NA	NA	NA	NA	NA	NA	NA	NA	NA	NA	NA	NA	NA	NA	NA	NA	NA	NA	NA	NA	NA	NA	NA	NA	NA	NA	NA	NA	NA	NA	NA	NA	NA	NA	NA	NA	NA	NA	NA	NA	NA	NA	NA	NA	NA	NA	NA	NA	NA	NA	NA	NA	NA	NA	NA	NA	NA	NA	NA	NA	NA	NA	NA	NA	NA	NA	NA	NA	NA	NA	NA	NA	NA	NA	NA	NA	NA	NA	NA	NA	NA	NA	NA	NA	NA	NA	NA	NA	NA	NA	NA	NA	NA	NA	NA	NA	NA	NA	NA	NA	NA	NA	NA	NA	NA	NA	NA	NA	NA	NA	NA	NA	NA	NA	NA	NA	NA	NA	NA	NA
SRR16989209	Serinales	NA	NA	Yes	NA	NA	NA	NA	NA	NA	NA	NA	NA	NA	NA	Yes	NA	NA	NA	NA	NA	NA	NA	NA	NA	NA	NA	Yes	NA	NA	NA	NA	NA	NA	NA	NA	NA	NA	NA	Yes	NA	NA	NA	NA	NA	NA	NA	NA	NA	NA	NA	Yes	NA	NA	NA	NA	NA	NA	NA	NA	NA	NA	NA	Yes	NA	NA	NA	NA	NA	NA	NA	NA	NA	NA	NA	No	NA	NA	NA	NA	NA	NA	NA	NA	NA	NA	NA	Yes	NA	NA	NA	NA	NA	NA	NA	NA	NA	NA	NA	No	NA	NA	NA	NA	NA	NA	NA	NA	NA	NA	NA	No	NA	NA	NA	NA	NA	NA	NA	NA	NA	NA	NA	NA	NA
SRR16989208	Phaffomycetales	NA	NA	NA	NA	NA	Yes	NA	NA	NA	NA	NA	NA	NA	NA	NA	NA	NA	Yes	NA	NA	NA	NA	NA	NA	NA	NA	NA	NA	NA	Yes	NA	NA	NA	NA	NA	NA	NA	NA	NA	NA	NA	Yes	NA	NA	NA	NA	NA	NA	NA	NA	NA	NA	NA	No	NA	NA	NA	NA	NA	NA	NA	NA	NA	NA	NA	Yes	NA	NA	NA	NA	NA	NA	NA	NA	NA	NA	NA	Yes	NA	NA	NA	NA	NA	NA	NA	NA	NA	NA	NA	Yes	NA	NA	NA	NA	NA	NA	NA	NA	NA	NA	NA	No	NA	NA	NA	NA	NA	NA	NA	NA	NA	NA	NA	Yes	NA	NA	NA	NA	NA	NA	NA	NA	No	NA
SRR16989207	Serinales	NA	NA	Yes	NA	NA	NA	NA	NA	NA	NA	NA	NA	NA	NA	Yes	NA	NA	NA	NA	NA	NA	NA	NA	NA	NA	NA	Yes	NA	NA	NA	NA	NA	NA	NA	NA	NA	NA	NA	Yes	NA	NA	NA	NA	NA	NA	NA	NA	NA	NA	NA	Yes	NA	NA	NA	NA	NA	NA	NA	NA	NA	NA	NA	Yes	NA	NA	NA	NA	NA	NA	NA	NA	NA	NA	NA	Yes	NA	NA	NA	NA	NA	NA	NA	NA	NA	NA	NA	Yes	NA	NA	NA	NA	NA	NA	NA	NA	NA	NA	NA	Yes	NA	NA	NA	NA	NA	NA	NA	NA	NA	NA	NA	Yes	NA	NA	NA	NA	NA	NA	NA	NA	NA	NA	NA	NA	NA
SRR16989205	Pichiales	NA	NA	NA	No	NA	NA	NA	NA	NA	NA	NA	NA	NA	NA	NA	NA	NA	NA	NA	NA	NA	NA	NA	NA	NA	NA	NA	No	NA	NA	NA	NA	NA	NA	NA	NA	NA	NA	NA	No	NA	NA	NA	NA	NA	NA	NA	NA	NA	NA	NA	NA	NA	NA	NA	NA	NA	NA	NA	NA	NA	NA	NA	No	NA	NA	NA	NA	NA	NA	NA	NA	NA	NA	NA	Yes	NA	NA	NA	NA	NA	NA	NA	NA	NA	NA	NA	No	NA	NA	NA	NA	NA	NA	NA	NA	NA	NA	NA	No	NA	NA	NA	NA	NA	NA	NA	NA	NA	NA	NA	Yes	NA	NA	NA	NA	NA	NA	NA	NA	NA	NA	NA	NA
SRR16989204	Phaffomycetales	NA	NA	NA	NA	NA	Yes	NA	NA	NA	NA	NA	NA	NA	NA	NA	NA	NA	Yes	NA	NA	NA	NA	NA	NA	NA	NA	NA	NA	NA	No	NA	NA	NA	NA	NA	NA	NA	NA	NA	NA	NA	Yes	NA	NA	NA	NA	NA	NA	NA	NA	NA	NA	NA	Yes	NA	NA	NA	NA	NA	NA	NA	NA	NA	NA	NA	Yes	NA	NA	NA	NA	NA	NA	NA	NA	NA	NA	NA	Yes	NA	NA	NA	NA	NA	NA	NA	NA	NA	NA	NA	No	NA	NA	NA	NA	NA	NA	NA	NA	NA	NA	NA	No	NA	NA	NA	NA	NA	NA	NA	NA	NA	NA	NA	No	NA	NA	NA	NA	NA	NA	NA	NA	NA	NA
SRR16989203	Serinales	NA	NA	Yes	NA	NA	NA	NA	NA	NA	NA	NA	NA	NA	NA	Yes	NA	NA	NA	NA	NA	NA	NA	NA	NA	NA	NA	No	NA	NA	NA	NA	NA	NA	NA	NA	NA	NA	NA	Yes	NA	NA	NA	NA	NA	NA	NA	NA	NA	NA	NA	Yes	NA	NA	NA	NA	NA	NA	NA	NA	NA	NA	NA	No	NA	NA	NA	NA	NA	NA	NA	NA	NA	NA	NA	No	NA	NA	NA	NA	NA	NA	NA	NA	NA	NA	NA	Yes	NA	NA	NA	NA	NA	NA	NA	NA	NA	NA	NA	NA	NA	NA	NA	NA	NA	NA	NA	NA	NA	NA	NA	NA	NA	NA	NA	NA	NA	NA	NA	NA	NA	NA	NA	NA	NA
SRR16989202	Serinales	NA	NA	Yes	NA	NA	NA	NA	NA	NA	NA	NA	NA	NA	NA	Yes	NA	NA	NA	NA	NA	NA	NA	NA	NA	NA	NA	Yes	NA	NA	NA	NA	NA	NA	NA	NA	NA	NA	NA	Yes	NA	NA	NA	NA	NA	NA	NA	NA	NA	NA	NA	Yes	NA	NA	NA	NA	NA	NA	NA	NA	NA	NA	NA	Yes	NA	NA	NA	NA	NA	NA	NA	NA	NA	NA	NA	Yes	NA	NA	NA	NA	NA	NA	NA	NA	NA	NA	NA	Yes	NA	NA	NA	NA	NA	NA	NA	NA	NA	NA	NA	No	NA	NA	NA	NA	NA	NA	NA	NA	NA	NA	NA	No	NA	NA	NA	NA	NA	NA	NA	NA	NA	NA	NA	NA	NA
SRR16989201	Phaffomycetales	NA	NA	NA	NA	NA	Yes	NA	NA	NA	NA	NA	NA	NA	NA	NA	NA	NA	Yes	NA	NA	NA	NA	NA	NA	NA	NA	NA	NA	NA	No	NA	NA	NA	NA	NA	NA	NA	NA	NA	NA	NA	No	NA	NA	NA	NA	NA	NA	NA	NA	NA	NA	NA	No	NA	NA	NA	NA	NA	NA	NA	NA	NA	NA	NA	Yes	NA	NA	NA	NA	NA	NA	NA	NA	NA	NA	NA	No	NA	NA	NA	NA	NA	NA	NA	NA	NA	NA	NA	No	NA	NA	NA	NA	NA	NA	NA	NA	NA	NA	NA	No	NA	NA	NA	NA	NA	NA	NA	NA	NA	NA	NA	NA	NA	NA	NA	NA	NA	NA	NA	NA	NA	NA
SRR16989200	Serinales	NA	NA	No	NA	NA	NA	NA	NA	NA	NA	NA	NA	NA	NA	No	NA	NA	NA	NA	NA	NA	NA	NA	NA	NA	NA	No	NA	NA	NA	NA	NA	NA	NA	NA	NA	NA	NA	Yes	NA	NA	NA	NA	NA	NA	NA	NA	NA	NA	NA	No	NA	NA	NA	NA	NA	NA	NA	NA	NA	NA	NA	Yes	NA	NA	NA	NA	NA	NA	NA	NA	NA	NA	NA	No	NA	NA	NA	NA	NA	NA	NA	NA	NA	NA	NA	Yes	NA	NA	NA	NA	NA	NA	NA	NA	NA	NA	NA	No	NA	NA	NA	NA	NA	NA	NA	NA	NA	NA	NA	No	NA	NA	NA	NA	NA	NA	NA	NA	NA	Yes	NA	NA	NA
SRR16989199	Serinales	NA	NA	NA	NA	NA	NA	NA	NA	NA	NA	NA	NA	NA	NA	NA	NA	NA	NA	NA	NA	NA	NA	NA	NA	NA	NA	NA	NA	NA	NA	NA	NA	NA	NA	NA	NA	NA	NA	NA	NA	NA	NA	NA	NA	NA	NA	NA	NA	NA	NA	NA	NA	NA	NA	NA	NA	NA	NA	NA	NA	NA	NA	NA	NA	NA	NA	NA	NA	NA	NA	NA	NA	NA	NA	NA	NA	NA	NA	NA	NA	NA	NA	NA	NA	NA	NA	NA	NA	NA	NA	NA	NA	NA	NA	NA	NA	NA	NA	NA	NA	NA	NA	NA	NA	NA	NA	NA	NA	NA	NA	NA	NA	NA	NA	NA	NA	NA	NA	NA	NA	NA	NA	NA	NA
SRR16989198	Phaffomycetales	NA	NA	NA	NA	NA	Yes	NA	NA	NA	NA	NA	NA	NA	NA	NA	NA	NA	Yes	NA	NA	NA	NA	NA	NA	NA	NA	NA	NA	NA	No	NA	NA	NA	NA	NA	NA	NA	NA	NA	NA	NA	Yes	NA	NA	NA	NA	NA	NA	NA	NA	NA	NA	NA	Yes	NA	NA	NA	NA	NA	NA	NA	NA	NA	NA	NA	Yes	NA	NA	NA	NA	NA	NA	NA	NA	NA	NA	NA	Yes	NA	NA	NA	NA	NA	NA	NA	NA	NA	NA	NA	No	NA	NA	NA	NA	NA	NA	NA	NA	NA	NA	NA	No	NA	NA	NA	NA	NA	NA	NA	NA	NA	NA	NA	No	NA	NA	NA	NA	NA	NA	NA	NA	NA	NA
SRR16989197	Phaffomycetales	NA	NA	NA	NA	NA	NA	NA	NA	NA	NA	NA	NA	NA	NA	NA	NA	NA	NA	NA	NA	NA	NA	NA	NA	NA	NA	NA	NA	NA	NA	NA	NA	NA	NA	NA	NA	NA	NA	NA	NA	NA	NA	NA	NA	NA	NA	NA	NA	NA	NA	NA	NA	NA	NA	NA	NA	NA	NA	NA	NA	NA	NA	NA	NA	NA	NA	NA	NA	NA	NA	NA	NA	NA	NA	NA	NA	NA	NA	NA	NA	NA	NA	NA	NA	NA	NA	NA	NA	NA	NA	NA	NA	NA	NA	NA	NA	NA	NA	NA	NA	NA	NA	NA	NA	NA	NA	NA	NA	NA	NA	NA	NA	NA	NA	NA	NA	NA	NA	NA	NA	NA	NA	NA	NA
SRR16989196	Serinales	NA	NA	No	NA	NA	NA	NA	NA	NA	NA	NA	NA	NA	NA	No	NA	NA	NA	NA	NA	NA	NA	NA	NA	NA	NA	No	NA	NA	NA	NA	NA	NA	NA	NA	NA	NA	NA	Yes	NA	NA	NA	NA	NA	NA	NA	NA	NA	NA	NA	No	NA	NA	NA	NA	NA	NA	NA	NA	NA	NA	NA	Yes	NA	NA	NA	NA	NA	NA	NA	NA	NA	NA	NA	Yes	NA	NA	NA	NA	NA	NA	NA	NA	NA	NA	NA	No	NA	NA	NA	NA	NA	NA	NA	NA	NA	NA	NA	Yes	NA	NA	NA	NA	NA	NA	NA	NA	NA	NA	NA	NA	NA	NA	NA	NA	NA	NA	NA	NA	NA	NA	NA	NA	NA
SRR16989194	Pichiales	NA	NA	NA	No	NA	NA	NA	NA	NA	NA	NA	NA	NA	NA	NA	No	NA	NA	NA	NA	NA	NA	NA	NA	NA	NA	NA	No	NA	NA	NA	NA	NA	NA	NA	NA	NA	NA	NA	No	NA	NA	NA	NA	NA	NA	NA	NA	NA	NA	NA	NA	NA	NA	NA	NA	NA	NA	NA	NA	NA	NA	NA	No	NA	NA	NA	NA	NA	NA	NA	NA	NA	NA	NA	Yes	NA	NA	NA	NA	NA	NA	NA	NA	NA	NA	NA	No	NA	NA	NA	NA	NA	NA	NA	NA	NA	NA	NA	Yes	NA	NA	NA	NA	NA	NA	NA	NA	NA	NA	NA	No	NA	NA	NA	NA	NA	NA	NA	NA	NA	NA	NA	NA
SRR16989193	Dipodascales	NA	NA	NA	NA	Yes	NA	NA	NA	NA	NA	NA	NA	NA	NA	NA	NA	Yes	NA	NA	NA	NA	NA	NA	NA	NA	NA	NA	NA	No	NA	NA	NA	NA	NA	NA	NA	NA	NA	NA	NA	No	NA	NA	NA	NA	NA	NA	NA	NA	NA	NA	NA	No	NA	NA	NA	NA	NA	NA	NA	NA	NA	NA	NA	Yes	NA	NA	NA	NA	NA	NA	NA	NA	NA	NA	NA	No	NA	NA	NA	NA	NA	NA	NA	NA	NA	NA	NA	No	NA	NA	NA	NA	NA	NA	NA	NA	NA	NA	NA	NA	NA	NA	NA	NA	NA	NA	NA	NA	NA	NA	NA	NA	NA	NA	NA	NA	NA	NA	NA	NA	NA	NA	NA
SRR16989192	Serinales	NA	NA	Yes	NA	NA	NA	NA	NA	NA	NA	NA	NA	NA	NA	NA	NA	NA	NA	NA	NA	NA	NA	NA	NA	NA	NA	Yes	NA	NA	NA	NA	NA	NA	NA	NA	NA	NA	NA	Yes	NA	NA	NA	NA	NA	NA	NA	NA	NA	NA	NA	Yes	NA	NA	NA	NA	NA	NA	NA	NA	NA	NA	NA	NA	NA	NA	NA	NA	NA	NA	NA	NA	NA	NA	NA	No	NA	NA	NA	NA	NA	NA	NA	NA	NA	NA	NA	Yes	NA	NA	NA	NA	NA	NA	NA	NA	NA	NA	NA	No	NA	NA	NA	NA	NA	NA	NA	NA	NA	NA	NA	Yes	NA	NA	NA	NA	NA	NA	NA	NA	NA	NA	NA	NA	NA
SRR16989191	Serinales	NA	NA	No	NA	NA	NA	NA	NA	NA	NA	NA	NA	NA	NA	No	NA	NA	NA	NA	NA	NA	NA	NA	NA	NA	NA	No	NA	NA	NA	NA	NA	NA	NA	NA	NA	NA	NA	No	NA	NA	NA	NA	NA	NA	NA	NA	NA	NA	NA	NA	NA	NA	NA	NA	NA	NA	NA	NA	NA	NA	NA	NA	NA	NA	NA	NA	NA	NA	NA	NA	NA	NA	NA	Yes	NA	NA	NA	NA	NA	NA	NA	NA	NA	NA	NA	Yes	NA	NA	NA	NA	NA	NA	NA	NA	NA	NA	NA	NA	NA	NA	NA	NA	NA	NA	NA	NA	NA	NA	NA	No	NA	NA	NA	NA	NA	NA	NA	NA	NA	NA	NA	NA	NA
SRR16989190	Pichiales	NA	NA	NA	No	NA	NA	NA	NA	NA	NA	NA	NA	NA	NA	NA	No	NA	NA	NA	NA	NA	NA	NA	NA	NA	NA	NA	No	NA	NA	NA	NA	NA	NA	NA	NA	NA	NA	NA	No	NA	NA	NA	NA	NA	NA	NA	NA	NA	NA	NA	No	NA	NA	NA	NA	NA	NA	NA	NA	NA	NA	NA	No	NA	NA	NA	NA	NA	NA	NA	NA	NA	NA	NA	Yes	NA	NA	NA	NA	NA	NA	NA	NA	NA	NA	NA	No	NA	NA	NA	NA	NA	NA	NA	NA	NA	NA	NA	No	NA	NA	NA	NA	NA	NA	NA	NA	NA	NA	NA	No	NA	NA	NA	NA	NA	NA	NA	NA	NA	Yes	NA	NA
SRR16989189	Pichiales	NA	NA	NA	NA	NA	NA	NA	NA	NA	NA	NA	NA	NA	NA	NA	NA	NA	NA	NA	NA	NA	NA	NA	NA	NA	NA	NA	NA	NA	NA	NA	NA	NA	NA	NA	NA	NA	NA	NA	NA	NA	NA	NA	NA	NA	NA	NA	NA	NA	NA	NA	NA	NA	NA	NA	NA	NA	NA	NA	NA	NA	NA	NA	NA	NA	NA	NA	NA	NA	NA	NA	NA	NA	NA	NA	NA	NA	NA	NA	NA	NA	NA	NA	NA	NA	NA	NA	NA	NA	NA	NA	NA	NA	NA	NA	NA	NA	NA	NA	NA	NA	NA	NA	NA	NA	NA	NA	NA	NA	NA	NA	NA	NA	NA	NA	NA	NA	NA	NA	NA	NA	NA	NA	NA
SRR16989188	Dipodascales	NA	NA	NA	NA	No	NA	NA	NA	NA	NA	NA	NA	NA	NA	NA	NA	No	NA	NA	NA	NA	NA	NA	NA	NA	NA	NA	NA	Yes	NA	NA	NA	NA	NA	NA	NA	NA	NA	NA	NA	No	NA	NA	NA	NA	NA	NA	NA	NA	NA	NA	NA	Yes	NA	NA	NA	NA	NA	NA	NA	NA	NA	NA	NA	Yes	NA	NA	NA	NA	NA	NA	NA	NA	NA	NA	NA	No	NA	NA	NA	NA	NA	NA	NA	NA	NA	NA	NA	Yes	NA	NA	NA	NA	NA	NA	NA	NA	NA	NA	NA	No	NA	NA	NA	NA	NA	NA	NA	NA	NA	NA	NA	No	NA	NA	NA	NA	NA	NA	NA	NA	NA	NA	NA
SRR16989187	Dipodascales	NA	NA	NA	NA	No	NA	NA	NA	NA	NA	NA	NA	NA	NA	NA	NA	No	NA	NA	NA	NA	NA	NA	NA	NA	NA	NA	NA	No	NA	NA	NA	NA	NA	NA	NA	NA	NA	NA	NA	No	NA	NA	NA	NA	NA	NA	NA	NA	NA	NA	NA	Yes	NA	NA	NA	NA	NA	NA	NA	NA	NA	NA	NA	No	NA	NA	NA	NA	NA	NA	NA	NA	NA	NA	NA	No	NA	NA	NA	NA	NA	NA	NA	NA	NA	NA	NA	No	NA	NA	NA	NA	NA	NA	NA	NA	NA	NA	NA	Yes	NA	NA	NA	NA	NA	NA	NA	NA	NA	NA	NA	NA	NA	NA	NA	NA	NA	NA	NA	NA	NA	NA	NA
SRR16989186	Pichiales	NA	NA	NA	NA	NA	NA	NA	NA	NA	NA	NA	NA	NA	NA	NA	NA	NA	NA	NA	NA	NA	NA	NA	NA	NA	NA	NA	NA	NA	NA	NA	NA	NA	NA	NA	NA	NA	NA	NA	NA	NA	NA	NA	NA	NA	NA	NA	NA	NA	NA	NA	NA	NA	NA	NA	NA	NA	NA	NA	NA	NA	NA	NA	NA	NA	NA	NA	NA	NA	NA	NA	NA	NA	NA	NA	NA	NA	NA	NA	NA	NA	NA	NA	NA	NA	NA	NA	NA	NA	NA	NA	NA	NA	NA	NA	NA	NA	NA	NA	NA	NA	NA	NA	NA	NA	NA	NA	NA	NA	NA	NA	NA	NA	NA	NA	NA	NA	NA	NA	NA	NA	NA	NA	NA
SRR16989185	Serinales	NA	NA	Yes	NA	NA	NA	NA	NA	NA	NA	NA	NA	NA	NA	Yes	NA	NA	NA	NA	NA	NA	NA	NA	NA	NA	NA	Yes	NA	NA	NA	NA	NA	NA	NA	NA	NA	NA	NA	Yes	NA	NA	NA	NA	NA	NA	NA	NA	NA	NA	NA	Yes	NA	NA	NA	NA	NA	NA	NA	NA	NA	NA	NA	NA	NA	NA	NA	NA	NA	NA	NA	NA	NA	NA	NA	No	NA	NA	NA	NA	NA	NA	NA	NA	NA	NA	NA	Yes	NA	NA	NA	NA	NA	NA	NA	NA	NA	NA	NA	No	NA	NA	NA	NA	NA	NA	NA	NA	NA	NA	NA	No	NA	NA	NA	NA	NA	NA	NA	NA	NA	NA	NA	NA	NA
SRR16989183	Serinales	NA	NA	Yes	NA	NA	NA	NA	NA	NA	NA	NA	NA	NA	NA	Yes	NA	NA	NA	NA	NA	NA	NA	NA	NA	NA	NA	Yes	NA	NA	NA	NA	NA	NA	NA	NA	NA	NA	NA	Yes	NA	NA	NA	NA	NA	NA	NA	NA	NA	NA	NA	Yes	NA	NA	NA	NA	NA	NA	NA	NA	NA	NA	NA	Yes	NA	NA	NA	NA	NA	NA	NA	NA	NA	NA	NA	Yes	NA	NA	NA	NA	NA	NA	NA	NA	NA	NA	NA	Yes	NA	NA	NA	NA	NA	NA	NA	NA	NA	NA	NA	Yes	NA	NA	NA	NA	NA	NA	NA	NA	NA	NA	NA	Yes	NA	NA	NA	NA	NA	NA	NA	NA	NA	NA	NA	NA	NA
SRR16989182	Dipodascales	NA	NA	NA	NA	No	NA	NA	NA	NA	NA	NA	NA	NA	NA	NA	NA	No	NA	NA	NA	NA	NA	NA	NA	NA	NA	NA	NA	No	NA	NA	NA	NA	NA	NA	NA	NA	NA	NA	NA	No	NA	NA	NA	NA	NA	NA	NA	NA	NA	NA	NA	NA	NA	NA	NA	NA	NA	NA	NA	NA	NA	NA	NA	NA	NA	NA	NA	NA	NA	NA	NA	NA	NA	NA	NA	No	NA	NA	NA	NA	NA	NA	NA	NA	NA	NA	NA	No	NA	NA	NA	NA	NA	NA	NA	NA	NA	NA	NA	NA	NA	NA	NA	NA	NA	NA	NA	NA	NA	NA	NA	NA	NA	NA	NA	NA	NA	NA	NA	NA	NA	NA	NA
SRR16989181	Serinales	NA	NA	Yes	NA	NA	NA	NA	NA	NA	NA	NA	NA	NA	NA	Yes	NA	NA	NA	NA	NA	NA	NA	NA	NA	NA	NA	Yes	NA	NA	NA	NA	NA	NA	NA	NA	NA	NA	NA	Yes	NA	NA	NA	NA	NA	NA	NA	NA	NA	NA	NA	Yes	NA	NA	NA	NA	NA	NA	NA	NA	NA	NA	NA	Yes	NA	NA	NA	NA	NA	NA	NA	NA	NA	NA	NA	No	NA	NA	NA	NA	NA	NA	NA	NA	NA	NA	NA	Yes	NA	NA	NA	NA	NA	NA	NA	NA	NA	NA	NA	No	NA	NA	NA	NA	NA	NA	NA	NA	NA	NA	NA	Yes	NA	NA	NA	NA	NA	NA	NA	NA	NA	No	NA	NA	NA
SRR16989180	Pichiales	NA	NA	NA	Yes	NA	NA	NA	NA	NA	NA	NA	NA	NA	NA	NA	Yes	NA	NA	NA	NA	NA	NA	NA	NA	NA	NA	NA	Yes	NA	NA	NA	NA	NA	NA	NA	NA	NA	NA	NA	Yes	NA	NA	NA	NA	NA	NA	NA	NA	NA	NA	NA	NA	NA	NA	NA	NA	NA	NA	NA	NA	NA	NA	NA	Yes	NA	NA	NA	NA	NA	NA	NA	NA	NA	NA	NA	Yes	NA	NA	NA	NA	NA	NA	NA	NA	NA	NA	NA	Yes	NA	NA	NA	NA	NA	NA	NA	NA	NA	NA	NA	No	NA	NA	NA	NA	NA	NA	NA	NA	NA	NA	NA	NA	NA	NA	NA	NA	NA	NA	NA	NA	NA	NA	NA	NA
SRR16989179	Phaffomycetales	NA	NA	NA	NA	NA	Yes	NA	NA	NA	NA	NA	NA	NA	NA	NA	NA	NA	Yes	NA	NA	NA	NA	NA	NA	NA	NA	NA	NA	NA	No	NA	NA	NA	NA	NA	NA	NA	NA	NA	NA	NA	Yes	NA	NA	NA	NA	NA	NA	NA	NA	NA	NA	NA	Yes	NA	NA	NA	NA	NA	NA	NA	NA	NA	NA	NA	Yes	NA	NA	NA	NA	NA	NA	NA	NA	NA	NA	NA	Yes	NA	NA	NA	NA	NA	NA	NA	NA	NA	NA	NA	No	NA	NA	NA	NA	NA	NA	NA	NA	NA	NA	NA	No	NA	NA	NA	NA	NA	NA	NA	NA	NA	NA	NA	No	NA	NA	NA	NA	NA	NA	NA	NA	NA	NA
SRR16989178	Serinales	NA	NA	Yes	NA	NA	NA	NA	NA	NA	NA	NA	NA	NA	NA	Yes	NA	NA	NA	NA	NA	NA	NA	NA	NA	NA	NA	Yes	NA	NA	NA	NA	NA	NA	NA	NA	NA	NA	NA	Yes	NA	NA	NA	NA	NA	NA	NA	NA	NA	NA	NA	Yes	NA	NA	NA	NA	NA	NA	NA	NA	NA	NA	NA	Yes	NA	NA	NA	NA	NA	NA	NA	NA	NA	NA	NA	Yes	NA	NA	NA	NA	NA	NA	NA	NA	NA	NA	NA	Yes	NA	NA	NA	NA	NA	NA	NA	NA	NA	NA	NA	Yes	NA	NA	NA	NA	NA	NA	NA	NA	NA	NA	NA	No	NA	NA	NA	NA	NA	NA	NA	NA	NA	NA	NA	NA	NA
SRR16989177	Dipodascales	NA	NA	NA	NA	NA	NA	NA	NA	NA	NA	NA	NA	NA	NA	NA	NA	NA	NA	NA	NA	NA	NA	NA	NA	NA	NA	NA	NA	NA	NA	NA	NA	NA	NA	NA	NA	NA	NA	NA	NA	NA	NA	NA	NA	NA	NA	NA	NA	NA	NA	NA	NA	NA	NA	NA	NA	NA	NA	NA	NA	NA	NA	NA	NA	NA	NA	NA	NA	NA	NA	NA	NA	NA	NA	NA	NA	NA	NA	NA	NA	NA	NA	NA	NA	NA	NA	NA	NA	NA	NA	NA	NA	NA	NA	NA	NA	NA	NA	NA	NA	NA	NA	NA	NA	NA	NA	NA	NA	NA	NA	NA	NA	NA	NA	NA	NA	NA	NA	NA	NA	NA	NA	NA	NA
SRR16989176	Serinales	NA	NA	Yes	NA	NA	NA	NA	NA	NA	NA	NA	NA	NA	NA	Yes	NA	NA	NA	NA	NA	NA	NA	NA	NA	NA	NA	Yes	NA	NA	NA	NA	NA	NA	NA	NA	NA	NA	NA	Yes	NA	NA	NA	NA	NA	NA	NA	NA	NA	NA	NA	Yes	NA	NA	NA	NA	NA	NA	NA	NA	NA	NA	NA	Yes	NA	NA	NA	NA	NA	NA	NA	NA	NA	NA	NA	No	NA	NA	NA	NA	NA	NA	NA	NA	NA	NA	NA	Yes	NA	NA	NA	NA	NA	NA	NA	NA	NA	NA	NA	Yes	NA	NA	NA	NA	NA	NA	NA	NA	NA	NA	NA	No	NA	NA	NA	NA	NA	NA	NA	NA	NA	NA	NA	NA	NA
SRR16989175	Serinales	NA	NA	Yes	NA	NA	NA	NA	NA	NA	NA	NA	NA	NA	NA	Yes	NA	NA	NA	NA	NA	NA	NA	NA	NA	NA	NA	No	NA	NA	NA	NA	NA	NA	NA	NA	NA	NA	NA	Yes	NA	NA	NA	NA	NA	NA	NA	NA	NA	NA	NA	No	NA	NA	NA	NA	NA	NA	NA	NA	NA	NA	NA	Yes	NA	NA	NA	NA	NA	NA	NA	NA	NA	NA	NA	No	NA	NA	NA	NA	NA	NA	NA	NA	NA	NA	NA	Yes	NA	NA	NA	NA	NA	NA	NA	NA	NA	NA	NA	No	NA	NA	NA	NA	NA	NA	NA	NA	NA	NA	NA	NA	NA	NA	NA	NA	NA	NA	NA	NA	NA	NA	NA	NA	NA
SRR16989174	Phaffomycetales	NA	NA	NA	NA	NA	Yes	NA	NA	NA	NA	NA	NA	NA	NA	NA	NA	NA	Yes	NA	NA	NA	NA	NA	NA	NA	NA	NA	NA	NA	No	NA	NA	NA	NA	NA	NA	NA	NA	NA	NA	NA	Yes	NA	NA	NA	NA	NA	NA	NA	NA	NA	NA	NA	No	NA	NA	NA	NA	NA	NA	NA	NA	NA	NA	NA	Yes	NA	NA	NA	NA	NA	NA	NA	NA	NA	NA	NA	Yes	NA	NA	NA	NA	NA	NA	NA	NA	NA	NA	NA	No	NA	NA	NA	NA	NA	NA	NA	NA	NA	NA	NA	NA	NA	NA	NA	NA	NA	NA	NA	NA	NA	NA	NA	Yes	NA	NA	NA	NA	NA	NA	NA	NA	NA	NA
SRR16989172	Phaffomycetales	NA	NA	NA	NA	NA	NA	NA	NA	NA	NA	NA	NA	NA	NA	NA	NA	NA	NA	NA	NA	NA	NA	NA	NA	NA	NA	NA	NA	NA	NA	NA	NA	NA	NA	NA	NA	NA	NA	NA	NA	NA	NA	NA	NA	NA	NA	NA	NA	NA	NA	NA	NA	NA	NA	NA	NA	NA	NA	NA	NA	NA	NA	NA	NA	NA	NA	NA	NA	NA	NA	NA	NA	NA	NA	NA	NA	NA	NA	NA	NA	NA	NA	NA	NA	NA	NA	NA	NA	NA	NA	NA	NA	NA	NA	NA	NA	NA	NA	NA	NA	NA	NA	NA	NA	NA	NA	NA	NA	NA	NA	NA	NA	NA	NA	NA	NA	NA	NA	NA	NA	NA	NA	NA	NA
SRR16989171	Phaffomycetales	NA	NA	NA	NA	NA	Yes	NA	NA	NA	NA	NA	NA	NA	NA	NA	NA	NA	Yes	NA	NA	NA	NA	NA	NA	NA	NA	NA	NA	NA	No	NA	NA	NA	NA	NA	NA	NA	NA	NA	NA	NA	Yes	NA	NA	NA	NA	NA	NA	NA	NA	NA	NA	NA	Yes	NA	NA	NA	NA	NA	NA	NA	NA	NA	NA	NA	Yes	NA	NA	NA	NA	NA	NA	NA	NA	NA	NA	NA	Yes	NA	NA	NA	NA	NA	NA	NA	NA	NA	NA	NA	Yes	NA	NA	NA	NA	NA	NA	NA	NA	NA	NA	NA	No	NA	NA	NA	NA	NA	NA	NA	NA	NA	NA	NA	No	NA	NA	NA	NA	NA	NA	NA	NA	NA	NA
SRR16989170	Serinales	NA	NA	No	NA	NA	NA	NA	NA	NA	NA	NA	NA	NA	NA	No	NA	NA	NA	NA	NA	NA	NA	NA	NA	NA	NA	No	NA	NA	NA	NA	NA	NA	NA	NA	NA	NA	NA	Yes	NA	NA	NA	NA	NA	NA	NA	NA	NA	NA	NA	No	NA	NA	NA	NA	NA	NA	NA	NA	NA	NA	NA	Yes	NA	NA	NA	NA	NA	NA	NA	NA	NA	NA	NA	No	NA	NA	NA	NA	NA	NA	NA	NA	NA	NA	NA	Yes	NA	NA	NA	NA	NA	NA	NA	NA	NA	NA	NA	Yes	NA	NA	NA	NA	NA	NA	NA	NA	NA	NA	NA	No	NA	NA	NA	NA	NA	NA	NA	NA	NA	NA	NA	NA	NA
SRR16989142	Serinales	NA	NA	NA	NA	NA	NA	NA	NA	NA	NA	NA	NA	NA	NA	NA	NA	NA	NA	NA	NA	NA	NA	NA	NA	NA	NA	NA	NA	NA	NA	NA	NA	NA	NA	NA	NA	NA	NA	NA	NA	NA	NA	NA	NA	NA	NA	NA	NA	NA	NA	NA	NA	NA	NA	NA	NA	NA	NA	NA	NA	NA	NA	NA	NA	NA	NA	NA	NA	NA	NA	NA	NA	NA	NA	NA	NA	NA	NA	NA	NA	NA	NA	NA	NA	NA	NA	NA	NA	NA	NA	NA	NA	NA	NA	NA	NA	NA	NA	NA	NA	NA	NA	NA	NA	NA	NA	NA	NA	NA	NA	NA	NA	NA	NA	NA	NA	NA	NA	NA	NA	No	NA	NA	NA
SRR16989141	Dipodascales	NA	NA	NA	NA	NA	NA	NA	NA	NA	NA	NA	NA	NA	NA	NA	NA	NA	NA	NA	NA	NA	NA	NA	NA	NA	NA	NA	NA	NA	NA	NA	NA	NA	NA	NA	NA	NA	NA	NA	NA	NA	NA	NA	NA	NA	NA	NA	NA	NA	NA	NA	NA	NA	NA	NA	NA	NA	NA	NA	NA	NA	NA	NA	NA	NA	NA	NA	NA	NA	NA	NA	NA	NA	NA	NA	NA	NA	NA	NA	NA	NA	NA	NA	NA	NA	NA	NA	NA	NA	NA	NA	NA	NA	NA	NA	NA	NA	NA	NA	NA	NA	NA	NA	NA	NA	NA	NA	NA	NA	NA	NA	NA	NA	NA	NA	NA	NA	NA	NA	NA	NA	NA	NA	NA
SRR16989140	Pichiales	NA	NA	NA	No	NA	NA	NA	NA	NA	NA	NA	NA	NA	NA	NA	No	NA	NA	NA	NA	NA	NA	NA	NA	NA	NA	NA	No	NA	NA	NA	NA	NA	NA	NA	NA	NA	NA	NA	No	NA	NA	NA	NA	NA	NA	NA	NA	NA	NA	NA	No	NA	NA	NA	NA	NA	NA	NA	NA	NA	NA	NA	NA	NA	NA	NA	NA	NA	NA	NA	NA	NA	NA	NA	Yes	NA	NA	NA	NA	NA	NA	NA	NA	NA	NA	NA	No	NA	NA	NA	NA	NA	NA	NA	NA	NA	NA	NA	NA	NA	NA	NA	NA	NA	NA	NA	NA	NA	NA	NA	No	NA	NA	NA	NA	NA	NA	NA	NA	NA	NA	NA	NA
SRR16989139	Phaffomycetales	NA	NA	NA	NA	NA	Yes	NA	NA	NA	NA	NA	NA	NA	NA	NA	NA	NA	Yes	NA	NA	NA	NA	NA	NA	NA	NA	NA	NA	NA	No	NA	NA	NA	NA	NA	NA	NA	NA	NA	NA	NA	No	NA	NA	NA	NA	NA	NA	NA	NA	NA	NA	NA	NA	NA	NA	NA	NA	NA	NA	NA	NA	NA	NA	NA	Yes	NA	NA	NA	NA	NA	NA	NA	NA	NA	NA	NA	Yes	NA	NA	NA	NA	NA	NA	NA	NA	NA	NA	NA	Yes	NA	NA	NA	NA	NA	NA	NA	NA	NA	NA	NA	No	NA	NA	NA	NA	NA	NA	NA	NA	NA	NA	NA	Yes	NA	NA	NA	NA	NA	NA	NA	NA	NA	NA
SRR16989138	Serinales	NA	NA	No	NA	NA	NA	NA	NA	NA	NA	NA	NA	NA	NA	No	NA	NA	NA	NA	NA	NA	NA	NA	NA	NA	NA	Yes	NA	NA	NA	NA	NA	NA	NA	NA	NA	NA	NA	Yes	NA	NA	NA	NA	NA	NA	NA	NA	NA	NA	NA	Yes	NA	NA	NA	NA	NA	NA	NA	NA	NA	NA	NA	Yes	NA	NA	NA	NA	NA	NA	NA	NA	NA	NA	NA	No	NA	NA	NA	NA	NA	NA	NA	NA	NA	NA	NA	Yes	NA	NA	NA	NA	NA	NA	NA	NA	NA	NA	NA	Yes	NA	NA	NA	NA	NA	NA	NA	NA	NA	NA	NA	Yes	NA	NA	NA	NA	NA	NA	NA	NA	NA	NA	NA	NA	NA
SRR16989137	Phaffomycetales	NA	NA	NA	NA	NA	Yes	NA	NA	NA	NA	NA	NA	NA	NA	NA	NA	NA	No	NA	NA	NA	NA	NA	NA	NA	NA	NA	NA	NA	No	NA	NA	NA	NA	NA	NA	NA	NA	NA	NA	NA	No	NA	NA	NA	NA	NA	NA	NA	NA	NA	NA	NA	Yes	NA	NA	NA	NA	NA	NA	NA	NA	NA	NA	NA	Yes	NA	NA	NA	NA	NA	NA	NA	NA	NA	NA	NA	Yes	NA	NA	NA	NA	NA	NA	NA	NA	NA	NA	NA	No	NA	NA	NA	NA	NA	NA	NA	NA	NA	NA	NA	No	NA	NA	NA	NA	NA	NA	NA	NA	NA	NA	NA	No	NA	NA	NA	NA	NA	NA	NA	NA	NA	NA
SRR16989136	Serinales	NA	NA	Yes	NA	NA	NA	NA	NA	NA	NA	NA	NA	NA	NA	Yes	NA	NA	NA	NA	NA	NA	NA	NA	NA	NA	NA	Yes	NA	NA	NA	NA	NA	NA	NA	NA	NA	NA	NA	Yes	NA	NA	NA	NA	NA	NA	NA	NA	NA	NA	NA	Yes	NA	NA	NA	NA	NA	NA	NA	NA	NA	NA	NA	Yes	NA	NA	NA	NA	NA	NA	NA	NA	NA	NA	NA	No	NA	NA	NA	NA	NA	NA	NA	NA	NA	NA	NA	Yes	NA	NA	NA	NA	NA	NA	NA	NA	NA	NA	NA	No	NA	NA	NA	NA	NA	NA	NA	NA	NA	NA	NA	Yes	NA	NA	NA	NA	NA	NA	NA	NA	NA	No	NA	NA	NA
SRR16989134	Phaffomycetales	NA	NA	NA	NA	NA	Yes	NA	NA	NA	NA	NA	NA	NA	NA	NA	NA	NA	Yes	NA	NA	NA	NA	NA	NA	NA	NA	NA	NA	NA	No	NA	NA	NA	NA	NA	NA	NA	NA	NA	NA	NA	No	NA	NA	NA	NA	NA	NA	NA	NA	NA	NA	NA	No	NA	NA	NA	NA	NA	NA	NA	NA	NA	NA	NA	Yes	NA	NA	NA	NA	NA	NA	NA	NA	NA	NA	NA	No	NA	NA	NA	NA	NA	NA	NA	NA	NA	NA	NA	No	NA	NA	NA	NA	NA	NA	NA	NA	NA	NA	NA	NA	NA	NA	NA	NA	NA	NA	NA	NA	NA	NA	NA	No	NA	NA	NA	NA	NA	NA	NA	NA	NA	NA
SRR16989133	Phaffomycetales	NA	NA	NA	NA	NA	Yes	NA	NA	NA	NA	NA	NA	NA	NA	NA	NA	NA	Yes	NA	NA	NA	NA	NA	NA	NA	NA	NA	NA	NA	No	NA	NA	NA	NA	NA	NA	NA	NA	NA	NA	NA	Yes	NA	NA	NA	NA	NA	NA	NA	NA	NA	NA	NA	Yes	NA	NA	NA	NA	NA	NA	NA	NA	NA	NA	NA	Yes	NA	NA	NA	NA	NA	NA	NA	NA	NA	NA	NA	Yes	NA	NA	NA	NA	NA	NA	NA	NA	NA	NA	NA	No	NA	NA	NA	NA	NA	NA	NA	NA	NA	NA	NA	No	NA	NA	NA	NA	NA	NA	NA	NA	NA	NA	NA	No	NA	NA	NA	NA	NA	NA	NA	NA	NA	NA
SRR16989132	Trigonopsidales	NA	NA	NA	NA	NA	NA	No	NA	NA	NA	NA	NA	NA	NA	NA	NA	NA	NA	No	NA	NA	NA	NA	NA	NA	NA	NA	NA	NA	NA	No	NA	NA	NA	NA	NA	NA	NA	NA	NA	NA	NA	No	NA	NA	NA	NA	NA	NA	NA	NA	NA	NA	NA	No	NA	NA	NA	NA	NA	NA	NA	NA	NA	NA	NA	Yes	NA	NA	NA	NA	NA	NA	NA	NA	NA	NA	NA	No	NA	NA	NA	NA	NA	NA	NA	NA	NA	NA	NA	No	NA	NA	NA	NA	NA	NA	NA	NA	NA	NA	NA	Yes	NA	NA	NA	NA	NA	NA	NA	NA	NA	NA	NA	No	NA	NA	NA	NA	NA	NA	NA	NA	NA
SRR16989131	Serinales	NA	NA	Yes	NA	NA	NA	NA	NA	NA	NA	NA	NA	NA	NA	Yes	NA	NA	NA	NA	NA	NA	NA	NA	NA	NA	NA	No	NA	NA	NA	NA	NA	NA	NA	NA	NA	NA	NA	Yes	NA	NA	NA	NA	NA	NA	NA	NA	NA	NA	NA	No	NA	NA	NA	NA	NA	NA	NA	NA	NA	NA	NA	Yes	NA	NA	NA	NA	NA	NA	NA	NA	NA	NA	NA	No	NA	NA	NA	NA	NA	NA	NA	NA	NA	NA	NA	Yes	NA	NA	NA	NA	NA	NA	NA	NA	NA	NA	NA	Yes	NA	NA	NA	NA	NA	NA	NA	NA	NA	NA	NA	NA	NA	NA	NA	NA	NA	NA	NA	NA	NA	NA	NA	NA	NA
SRR16989130	Serinales	NA	NA	Yes	NA	NA	NA	NA	NA	NA	NA	NA	NA	NA	NA	Yes	NA	NA	NA	NA	NA	NA	NA	NA	NA	NA	NA	No	NA	NA	NA	NA	NA	NA	NA	NA	NA	NA	NA	Yes	NA	NA	NA	NA	NA	NA	NA	NA	NA	NA	NA	No	NA	NA	NA	NA	NA	NA	NA	NA	NA	NA	NA	Yes	NA	NA	NA	NA	NA	NA	NA	NA	NA	NA	NA	No	NA	NA	NA	NA	NA	NA	NA	NA	NA	NA	NA	Yes	NA	NA	NA	NA	NA	NA	NA	NA	NA	NA	NA	No	NA	NA	NA	NA	NA	NA	NA	NA	NA	NA	NA	No	NA	NA	NA	NA	NA	NA	NA	NA	NA	NA	NA	NA	NA
SRR16989129	Serinales	NA	NA	Yes	NA	NA	NA	NA	NA	NA	NA	NA	NA	NA	NA	Yes	NA	NA	NA	NA	NA	NA	NA	NA	NA	NA	NA	No	NA	NA	NA	NA	NA	NA	NA	NA	NA	NA	NA	Yes	NA	NA	NA	NA	NA	NA	NA	NA	NA	NA	NA	No	NA	NA	NA	NA	NA	NA	NA	NA	NA	NA	NA	NA	NA	NA	NA	NA	NA	NA	NA	NA	NA	NA	NA	No	NA	NA	NA	NA	NA	NA	NA	NA	NA	NA	NA	Yes	NA	NA	NA	NA	NA	NA	NA	NA	NA	NA	NA	No	NA	NA	NA	NA	NA	NA	NA	NA	NA	NA	NA	No	NA	NA	NA	NA	NA	NA	NA	NA	NA	NA	NA	NA	NA
SRR16989128	Dipodascales	NA	NA	NA	NA	Yes	NA	NA	NA	NA	NA	NA	NA	NA	NA	NA	NA	Yes	NA	NA	NA	NA	NA	NA	NA	NA	NA	NA	NA	Yes	NA	NA	NA	NA	NA	NA	NA	NA	NA	NA	NA	Yes	NA	NA	NA	NA	NA	NA	NA	NA	NA	NA	NA	NA	NA	NA	NA	NA	NA	NA	NA	NA	NA	NA	NA	NA	NA	NA	NA	NA	NA	NA	NA	NA	NA	NA	NA	No	NA	NA	NA	NA	NA	NA	NA	NA	NA	NA	NA	No	NA	NA	NA	NA	NA	NA	NA	NA	NA	NA	NA	Yes	NA	NA	NA	NA	NA	NA	NA	NA	NA	NA	NA	Yes	NA	NA	NA	NA	NA	NA	NA	NA	NA	NA	NA
SRR16989127	Serinales	NA	NA	Yes	NA	NA	NA	NA	NA	NA	NA	NA	NA	NA	NA	Yes	NA	NA	NA	NA	NA	NA	NA	NA	NA	NA	NA	Yes	NA	NA	NA	NA	NA	NA	NA	NA	NA	NA	NA	Yes	NA	NA	NA	NA	NA	NA	NA	NA	NA	NA	NA	Yes	NA	NA	NA	NA	NA	NA	NA	NA	NA	NA	NA	Yes	NA	NA	NA	NA	NA	NA	NA	NA	NA	NA	NA	Yes	NA	NA	NA	NA	NA	NA	NA	NA	NA	NA	NA	Yes	NA	NA	NA	NA	NA	NA	NA	NA	NA	NA	NA	Yes	NA	NA	NA	NA	NA	NA	NA	NA	NA	NA	NA	Yes	NA	NA	NA	NA	NA	NA	NA	NA	NA	No	NA	NA	NA
SRR16989126	Serinales	NA	NA	Yes	NA	NA	NA	NA	NA	NA	NA	NA	NA	NA	NA	Yes	NA	NA	NA	NA	NA	NA	NA	NA	NA	NA	NA	Yes	NA	NA	NA	NA	NA	NA	NA	NA	NA	NA	NA	Yes	NA	NA	NA	NA	NA	NA	NA	NA	NA	NA	NA	NA	NA	NA	NA	NA	NA	NA	NA	NA	NA	NA	NA	Yes	NA	NA	NA	NA	NA	NA	NA	NA	NA	NA	NA	No	NA	NA	NA	NA	NA	NA	NA	NA	NA	NA	NA	Yes	NA	NA	NA	NA	NA	NA	NA	NA	NA	NA	NA	Yes	NA	NA	NA	NA	NA	NA	NA	NA	NA	NA	NA	NA	NA	NA	NA	NA	NA	NA	NA	NA	NA	NA	NA	NA	NA
SRR16989125	Serinales	NA	NA	Yes	NA	NA	NA	NA	NA	NA	NA	NA	NA	NA	NA	Yes	NA	NA	NA	NA	NA	NA	NA	NA	NA	NA	NA	No	NA	NA	NA	NA	NA	NA	NA	NA	NA	NA	NA	Yes	NA	NA	NA	NA	NA	NA	NA	NA	NA	NA	NA	Yes	NA	NA	NA	NA	NA	NA	NA	NA	NA	NA	NA	Yes	NA	NA	NA	NA	NA	NA	NA	NA	NA	NA	NA	Yes	NA	NA	NA	NA	NA	NA	NA	NA	NA	NA	NA	No	NA	NA	NA	NA	NA	NA	NA	NA	NA	NA	NA	No	NA	NA	NA	NA	NA	NA	NA	NA	NA	NA	NA	No	NA	NA	NA	NA	NA	NA	NA	NA	NA	NA	NA	NA	NA
SRR16989123	Pichiales	NA	NA	NA	No	NA	NA	NA	NA	NA	NA	NA	NA	NA	NA	NA	No	NA	NA	NA	NA	NA	NA	NA	NA	NA	NA	NA	No	NA	NA	NA	NA	NA	NA	NA	NA	NA	NA	NA	No	NA	NA	NA	NA	NA	NA	NA	NA	NA	NA	NA	NA	NA	NA	NA	NA	NA	NA	NA	NA	NA	NA	NA	No	NA	NA	NA	NA	NA	NA	NA	NA	NA	NA	NA	Yes	NA	NA	NA	NA	NA	NA	NA	NA	NA	NA	NA	No	NA	NA	NA	NA	NA	NA	NA	NA	NA	NA	NA	No	NA	NA	NA	NA	NA	NA	NA	NA	NA	NA	NA	Yes	NA	NA	NA	NA	NA	NA	NA	NA	NA	NA	NA	NA
SRR16989122	Serinales	NA	NA	Yes	NA	NA	NA	NA	NA	NA	NA	NA	NA	NA	NA	Yes	NA	NA	NA	NA	NA	NA	NA	NA	NA	NA	NA	No	NA	NA	NA	NA	NA	NA	NA	NA	NA	NA	NA	Yes	NA	NA	NA	NA	NA	NA	NA	NA	NA	NA	NA	Yes	NA	NA	NA	NA	NA	NA	NA	NA	NA	NA	NA	Yes	NA	NA	NA	NA	NA	NA	NA	NA	NA	NA	NA	No	NA	NA	NA	NA	NA	NA	NA	NA	NA	NA	NA	No	NA	NA	NA	NA	NA	NA	NA	NA	NA	NA	NA	No	NA	NA	NA	NA	NA	NA	NA	NA	NA	NA	NA	No	NA	NA	NA	NA	NA	NA	NA	NA	NA	NA	NA	NA	NA
SRR16989121	Serinales	NA	NA	Yes	NA	NA	NA	NA	NA	NA	NA	NA	NA	NA	NA	Yes	NA	NA	NA	NA	NA	NA	NA	NA	NA	NA	NA	No	NA	NA	NA	NA	NA	NA	NA	NA	NA	NA	NA	Yes	NA	NA	NA	NA	NA	NA	NA	NA	NA	NA	NA	Yes	NA	NA	NA	NA	NA	NA	NA	NA	NA	NA	NA	No	NA	NA	NA	NA	NA	NA	NA	NA	NA	NA	NA	No	NA	NA	NA	NA	NA	NA	NA	NA	NA	NA	NA	No	NA	NA	NA	NA	NA	NA	NA	NA	NA	NA	NA	No	NA	NA	NA	NA	NA	NA	NA	NA	NA	NA	NA	NA	NA	NA	NA	NA	NA	NA	NA	NA	NA	No	NA	NA	NA
SRR16989120	Serinales	NA	NA	Yes	NA	NA	NA	NA	NA	NA	NA	NA	NA	NA	NA	Yes	NA	NA	NA	NA	NA	NA	NA	NA	NA	NA	NA	No	NA	NA	NA	NA	NA	NA	NA	NA	NA	NA	NA	Yes	NA	NA	NA	NA	NA	NA	NA	NA	NA	NA	NA	Yes	NA	NA	NA	NA	NA	NA	NA	NA	NA	NA	NA	NA	NA	NA	NA	NA	NA	NA	NA	NA	NA	NA	NA	No	NA	NA	NA	NA	NA	NA	NA	NA	NA	NA	NA	No	NA	NA	NA	NA	NA	NA	NA	NA	NA	NA	NA	Yes	NA	NA	NA	NA	NA	NA	NA	NA	NA	NA	NA	No	NA	NA	NA	NA	NA	NA	NA	NA	NA	NA	NA	NA	NA
SRR16989119	Serinales	NA	NA	Yes	NA	NA	NA	NA	NA	NA	NA	NA	NA	NA	NA	Yes	NA	NA	NA	NA	NA	NA	NA	NA	NA	NA	NA	No	NA	NA	NA	NA	NA	NA	NA	NA	NA	NA	NA	Yes	NA	NA	NA	NA	NA	NA	NA	NA	NA	NA	NA	Yes	NA	NA	NA	NA	NA	NA	NA	NA	NA	NA	NA	Yes	NA	NA	NA	NA	NA	NA	NA	NA	NA	NA	NA	No	NA	NA	NA	NA	NA	NA	NA	NA	NA	NA	NA	Yes	NA	NA	NA	NA	NA	NA	NA	NA	NA	NA	NA	Yes	NA	NA	NA	NA	NA	NA	NA	NA	NA	NA	NA	Yes	NA	NA	NA	NA	NA	NA	NA	NA	NA	NA	NA	NA	NA
SRR16989118	Serinales	NA	NA	No	NA	NA	NA	NA	NA	NA	NA	NA	NA	NA	NA	No	NA	NA	NA	NA	NA	NA	NA	NA	NA	NA	NA	No	NA	NA	NA	NA	NA	NA	NA	NA	NA	NA	NA	Yes	NA	NA	NA	NA	NA	NA	NA	NA	NA	NA	NA	Yes	NA	NA	NA	NA	NA	NA	NA	NA	NA	NA	NA	Yes	NA	NA	NA	NA	NA	NA	NA	NA	NA	NA	NA	No	NA	NA	NA	NA	NA	NA	NA	NA	NA	NA	NA	Yes	NA	NA	NA	NA	NA	NA	NA	NA	NA	NA	NA	Yes	NA	NA	NA	NA	NA	NA	NA	NA	NA	NA	NA	No	NA	NA	NA	NA	NA	NA	NA	NA	NA	NA	NA	NA	NA
SRR16989117	Pichiales	NA	NA	NA	Yes	NA	NA	NA	NA	NA	NA	NA	NA	NA	NA	NA	Yes	NA	NA	NA	NA	NA	NA	NA	NA	NA	NA	NA	No	NA	NA	NA	NA	NA	NA	NA	NA	NA	NA	NA	Yes	NA	NA	NA	NA	NA	NA	NA	NA	NA	NA	NA	NA	NA	NA	NA	NA	NA	NA	NA	NA	NA	NA	NA	Yes	NA	NA	NA	NA	NA	NA	NA	NA	NA	NA	NA	No	NA	NA	NA	NA	NA	NA	NA	NA	NA	NA	NA	Yes	NA	NA	NA	NA	NA	NA	NA	NA	NA	NA	NA	NA	NA	NA	NA	NA	NA	NA	NA	NA	NA	NA	NA	Yes	NA	NA	NA	NA	NA	NA	NA	NA	NA	No	NA	NA
SRR16989116	Pichiales	NA	NA	NA	Yes	NA	NA	NA	NA	NA	NA	NA	NA	NA	NA	NA	Yes	NA	NA	NA	NA	NA	NA	NA	NA	NA	NA	NA	Yes	NA	NA	NA	NA	NA	NA	NA	NA	NA	NA	NA	Yes	NA	NA	NA	NA	NA	NA	NA	NA	NA	NA	NA	NA	NA	NA	NA	NA	NA	NA	NA	NA	NA	NA	NA	NA	NA	NA	NA	NA	NA	NA	NA	NA	NA	NA	NA	No	NA	NA	NA	NA	NA	NA	NA	NA	NA	NA	NA	No	NA	NA	NA	NA	NA	NA	NA	NA	NA	NA	NA	NA	NA	NA	NA	NA	NA	NA	NA	NA	NA	NA	NA	Yes	NA	NA	NA	NA	NA	NA	NA	NA	NA	NA	NA	NA
SRR16989114	Pichiales	NA	NA	NA	No	NA	NA	NA	NA	NA	NA	NA	NA	NA	NA	NA	No	NA	NA	NA	NA	NA	NA	NA	NA	NA	NA	NA	No	NA	NA	NA	NA	NA	NA	NA	NA	NA	NA	NA	No	NA	NA	NA	NA	NA	NA	NA	NA	NA	NA	NA	No	NA	NA	NA	NA	NA	NA	NA	NA	NA	NA	NA	No	NA	NA	NA	NA	NA	NA	NA	NA	NA	NA	NA	Yes	NA	NA	NA	NA	NA	NA	NA	NA	NA	NA	NA	Yes	NA	NA	NA	NA	NA	NA	NA	NA	NA	NA	NA	No	NA	NA	NA	NA	NA	NA	NA	NA	NA	NA	NA	Yes	NA	NA	NA	NA	NA	NA	NA	NA	NA	Yes	NA	NA
SRR16989086	Pichiales	NA	NA	NA	NA	NA	NA	NA	NA	NA	NA	NA	NA	NA	NA	NA	NA	NA	NA	NA	NA	NA	NA	NA	NA	NA	NA	NA	NA	NA	NA	NA	NA	NA	NA	NA	NA	NA	NA	NA	NA	NA	NA	NA	NA	NA	NA	NA	NA	NA	NA	NA	NA	NA	NA	NA	NA	NA	NA	NA	NA	NA	NA	NA	NA	NA	NA	NA	NA	NA	NA	NA	NA	NA	NA	NA	NA	NA	NA	NA	NA	NA	NA	NA	NA	NA	NA	NA	NA	NA	NA	NA	NA	NA	NA	NA	NA	NA	NA	NA	NA	NA	NA	NA	NA	NA	NA	NA	NA	NA	NA	NA	NA	NA	NA	NA	NA	NA	NA	NA	NA	NA	NA	NA	NA
SRR16989084	Dipodascales	NA	NA	NA	NA	NA	NA	NA	NA	NA	NA	NA	NA	NA	NA	NA	NA	NA	NA	NA	NA	NA	NA	NA	NA	NA	NA	NA	NA	NA	NA	NA	NA	NA	NA	NA	NA	NA	NA	NA	NA	NA	NA	NA	NA	NA	NA	NA	NA	NA	NA	NA	NA	NA	NA	NA	NA	NA	NA	NA	NA	NA	NA	NA	NA	NA	NA	NA	NA	NA	NA	NA	NA	NA	NA	NA	NA	NA	NA	NA	NA	NA	NA	NA	NA	NA	NA	NA	NA	NA	NA	NA	NA	NA	NA	NA	NA	NA	NA	NA	NA	NA	NA	NA	NA	NA	NA	NA	NA	NA	NA	NA	NA	NA	NA	NA	NA	NA	NA	NA	NA	NA	NA	NA	NA
SRR16989083	Dipodascales	NA	NA	NA	NA	NA	NA	NA	NA	NA	NA	NA	NA	NA	NA	NA	NA	NA	NA	NA	NA	NA	NA	NA	NA	NA	NA	NA	NA	NA	NA	NA	NA	NA	NA	NA	NA	NA	NA	NA	NA	NA	NA	NA	NA	NA	NA	NA	NA	NA	NA	NA	NA	NA	NA	NA	NA	NA	NA	NA	NA	NA	NA	NA	NA	NA	NA	NA	NA	NA	NA	NA	NA	NA	NA	NA	NA	NA	NA	NA	NA	NA	NA	NA	NA	NA	NA	NA	NA	NA	NA	NA	NA	NA	NA	NA	NA	NA	NA	NA	NA	NA	NA	NA	NA	NA	NA	NA	NA	NA	NA	NA	NA	NA	NA	NA	NA	NA	NA	NA	NA	NA	NA	NA	NA
SRR16989082	Dipodascales	NA	NA	NA	NA	NA	NA	NA	NA	NA	NA	NA	NA	NA	NA	NA	NA	NA	NA	NA	NA	NA	NA	NA	NA	NA	NA	NA	NA	NA	NA	NA	NA	NA	NA	NA	NA	NA	NA	NA	NA	NA	NA	NA	NA	NA	NA	NA	NA	NA	NA	NA	NA	NA	NA	NA	NA	NA	NA	NA	NA	NA	NA	NA	NA	NA	NA	NA	NA	NA	NA	NA	NA	NA	NA	NA	NA	NA	NA	NA	NA	NA	NA	NA	NA	NA	NA	NA	NA	NA	NA	NA	NA	NA	NA	NA	NA	NA	NA	NA	NA	NA	NA	NA	NA	NA	NA	NA	NA	NA	NA	NA	NA	NA	NA	NA	NA	NA	NA	NA	NA	NA	NA	NA	NA
SRR16989081	Dipodascales	NA	NA	NA	NA	NA	NA	NA	NA	NA	NA	NA	NA	NA	NA	NA	NA	NA	NA	NA	NA	NA	NA	NA	NA	NA	NA	NA	NA	NA	NA	NA	NA	NA	NA	NA	NA	NA	NA	NA	NA	NA	NA	NA	NA	NA	NA	NA	NA	NA	NA	NA	NA	NA	NA	NA	NA	NA	NA	NA	NA	NA	NA	NA	NA	NA	NA	NA	NA	NA	NA	NA	NA	NA	NA	NA	NA	NA	NA	NA	NA	NA	NA	NA	NA	NA	NA	NA	NA	NA	NA	NA	NA	NA	NA	NA	NA	NA	NA	NA	NA	NA	NA	NA	NA	NA	NA	NA	NA	NA	NA	NA	NA	NA	NA	NA	NA	NA	NA	NA	NA	NA	NA	NA	NA
SRR16989080	Dipodascales	NA	NA	NA	NA	NA	NA	NA	NA	NA	NA	NA	NA	NA	NA	NA	NA	NA	NA	NA	NA	NA	NA	NA	NA	NA	NA	NA	NA	NA	NA	NA	NA	NA	NA	NA	NA	NA	NA	NA	NA	NA	NA	NA	NA	NA	NA	NA	NA	NA	NA	NA	NA	NA	NA	NA	NA	NA	NA	NA	NA	NA	NA	NA	NA	NA	NA	NA	NA	NA	NA	NA	NA	NA	NA	NA	NA	NA	NA	NA	NA	NA	NA	NA	NA	NA	NA	NA	NA	NA	NA	NA	NA	NA	NA	NA	NA	NA	NA	NA	NA	NA	NA	NA	NA	NA	NA	NA	NA	NA	NA	NA	NA	NA	NA	NA	NA	NA	NA	NA	NA	NA	NA	NA	NA
SRR16989079	Serinales	NA	NA	No	NA	NA	NA	NA	NA	NA	NA	NA	NA	NA	NA	No	NA	NA	NA	NA	NA	NA	NA	NA	NA	NA	NA	Yes	NA	NA	NA	NA	NA	NA	NA	NA	NA	NA	NA	No	NA	NA	NA	NA	NA	NA	NA	NA	NA	NA	NA	Yes	NA	NA	NA	NA	NA	NA	NA	NA	NA	NA	NA	NA	NA	NA	NA	NA	NA	NA	NA	NA	NA	NA	NA	No	NA	NA	NA	NA	NA	NA	NA	NA	NA	NA	NA	No	NA	NA	NA	NA	NA	NA	NA	NA	NA	NA	NA	No	NA	NA	NA	NA	NA	NA	NA	NA	NA	NA	NA	No	NA	NA	NA	NA	NA	NA	NA	NA	NA	Yes	NA	NA	NA
SRR16989078	Phaffomycetales	NA	NA	NA	NA	NA	Yes	NA	NA	NA	NA	NA	NA	NA	NA	NA	NA	NA	Yes	NA	NA	NA	NA	NA	NA	NA	NA	NA	NA	NA	No	NA	NA	NA	NA	NA	NA	NA	NA	NA	NA	NA	Yes	NA	NA	NA	NA	NA	NA	NA	NA	NA	NA	NA	Yes	NA	NA	NA	NA	NA	NA	NA	NA	NA	NA	NA	Yes	NA	NA	NA	NA	NA	NA	NA	NA	NA	NA	NA	Yes	NA	NA	NA	NA	NA	NA	NA	NA	NA	NA	NA	Yes	NA	NA	NA	NA	NA	NA	NA	NA	NA	NA	NA	No	NA	NA	NA	NA	NA	NA	NA	NA	NA	NA	NA	No	NA	NA	NA	NA	NA	NA	NA	NA	No	NA
SRR16989077	Phaffomycetales	NA	NA	NA	NA	NA	Yes	NA	NA	NA	NA	NA	NA	NA	NA	NA	NA	NA	Yes	NA	NA	NA	NA	NA	NA	NA	NA	NA	NA	NA	No	NA	NA	NA	NA	NA	NA	NA	NA	NA	NA	NA	Yes	NA	NA	NA	NA	NA	NA	NA	NA	NA	NA	NA	Yes	NA	NA	NA	NA	NA	NA	NA	NA	NA	NA	NA	Yes	NA	NA	NA	NA	NA	NA	NA	NA	NA	NA	NA	Yes	NA	NA	NA	NA	NA	NA	NA	NA	NA	NA	NA	Yes	NA	NA	NA	NA	NA	NA	NA	NA	NA	NA	NA	No	NA	NA	NA	NA	NA	NA	NA	NA	NA	NA	NA	Yes	NA	NA	NA	NA	NA	NA	NA	NA	No	NA
SRR16989076	Phaffomycetales	NA	NA	NA	NA	NA	Yes	NA	NA	NA	NA	NA	NA	NA	NA	NA	NA	NA	Yes	NA	NA	NA	NA	NA	NA	NA	NA	NA	NA	NA	No	NA	NA	NA	NA	NA	NA	NA	NA	NA	NA	NA	Yes	NA	NA	NA	NA	NA	NA	NA	NA	NA	NA	NA	Yes	NA	NA	NA	NA	NA	NA	NA	NA	NA	NA	NA	Yes	NA	NA	NA	NA	NA	NA	NA	NA	NA	NA	NA	No	NA	NA	NA	NA	NA	NA	NA	NA	NA	NA	NA	Yes	NA	NA	NA	NA	NA	NA	NA	NA	NA	NA	NA	No	NA	NA	NA	NA	NA	NA	NA	NA	NA	NA	NA	Yes	NA	NA	NA	NA	NA	NA	NA	NA	NA	NA
SRR16989075	Serinales	NA	NA	Yes	NA	NA	NA	NA	NA	NA	NA	NA	NA	NA	NA	Yes	NA	NA	NA	NA	NA	NA	NA	NA	NA	NA	NA	Yes	NA	NA	NA	NA	NA	NA	NA	NA	NA	NA	NA	Yes	NA	NA	NA	NA	NA	NA	NA	NA	NA	NA	NA	NA	NA	NA	NA	NA	NA	NA	NA	NA	NA	NA	NA	Yes	NA	NA	NA	NA	NA	NA	NA	NA	NA	NA	NA	No	NA	NA	NA	NA	NA	NA	NA	NA	NA	NA	NA	Yes	NA	NA	NA	NA	NA	NA	NA	NA	NA	NA	NA	No	NA	NA	NA	NA	NA	NA	NA	NA	NA	NA	NA	Yes	NA	NA	NA	NA	NA	NA	NA	NA	NA	NA	NA	NA	NA
SRR16989073	Serinales	NA	NA	Yes	NA	NA	NA	NA	NA	NA	NA	NA	NA	NA	NA	Yes	NA	NA	NA	NA	NA	NA	NA	NA	NA	NA	NA	No	NA	NA	NA	NA	NA	NA	NA	NA	NA	NA	NA	Yes	NA	NA	NA	NA	NA	NA	NA	NA	NA	NA	NA	Yes	NA	NA	NA	NA	NA	NA	NA	NA	NA	NA	NA	Yes	NA	NA	NA	NA	NA	NA	NA	NA	NA	NA	NA	No	NA	NA	NA	NA	NA	NA	NA	NA	NA	NA	NA	Yes	NA	NA	NA	NA	NA	NA	NA	NA	NA	NA	NA	Yes	NA	NA	NA	NA	NA	NA	NA	NA	NA	NA	NA	Yes	NA	NA	NA	NA	NA	NA	NA	NA	NA	No	NA	NA	NA
SRR16989072	Serinales	NA	NA	Yes	NA	NA	NA	NA	NA	NA	NA	NA	NA	NA	NA	No	NA	NA	NA	NA	NA	NA	NA	NA	NA	NA	NA	No	NA	NA	NA	NA	NA	NA	NA	NA	NA	NA	NA	Yes	NA	NA	NA	NA	NA	NA	NA	NA	NA	NA	NA	Yes	NA	NA	NA	NA	NA	NA	NA	NA	NA	NA	NA	Yes	NA	NA	NA	NA	NA	NA	NA	NA	NA	NA	NA	No	NA	NA	NA	NA	NA	NA	NA	NA	NA	NA	NA	Yes	NA	NA	NA	NA	NA	NA	NA	NA	NA	NA	NA	NA	NA	NA	NA	NA	NA	NA	NA	NA	NA	NA	NA	Yes	NA	NA	NA	NA	NA	NA	NA	NA	NA	NA	NA	NA	NA
SRR16989071	Phaffomycetales	NA	NA	NA	NA	NA	Yes	NA	NA	NA	NA	NA	NA	NA	NA	NA	NA	NA	Yes	NA	NA	NA	NA	NA	NA	NA	NA	NA	NA	NA	No	NA	NA	NA	NA	NA	NA	NA	NA	NA	NA	NA	No	NA	NA	NA	NA	NA	NA	NA	NA	NA	NA	NA	Yes	NA	NA	NA	NA	NA	NA	NA	NA	NA	NA	NA	Yes	NA	NA	NA	NA	NA	NA	NA	NA	NA	NA	NA	Yes	NA	NA	NA	NA	NA	NA	NA	NA	NA	NA	NA	No	NA	NA	NA	NA	NA	NA	NA	NA	NA	NA	NA	No	NA	NA	NA	NA	NA	NA	NA	NA	NA	NA	NA	No	NA	NA	NA	NA	NA	NA	NA	NA	NA	NA
SRR16989070	Dipodascales	NA	NA	NA	NA	NA	NA	NA	NA	NA	NA	NA	NA	NA	NA	NA	NA	NA	NA	NA	NA	NA	NA	NA	NA	NA	NA	NA	NA	NA	NA	NA	NA	NA	NA	NA	NA	NA	NA	NA	NA	NA	NA	NA	NA	NA	NA	NA	NA	NA	NA	NA	NA	NA	NA	NA	NA	NA	NA	NA	NA	NA	NA	NA	NA	NA	NA	NA	NA	NA	NA	NA	NA	NA	NA	NA	NA	NA	NA	NA	NA	NA	NA	NA	NA	NA	NA	NA	NA	NA	NA	NA	NA	NA	NA	NA	NA	NA	NA	NA	NA	NA	NA	NA	NA	NA	NA	NA	NA	NA	NA	NA	NA	NA	NA	NA	NA	NA	NA	NA	NA	NA	NA	NA	NA
SRR16989069	Serinales	NA	NA	Yes	NA	NA	NA	NA	NA	NA	NA	NA	NA	NA	NA	Yes	NA	NA	NA	NA	NA	NA	NA	NA	NA	NA	NA	No	NA	NA	NA	NA	NA	NA	NA	NA	NA	NA	NA	Yes	NA	NA	NA	NA	NA	NA	NA	NA	NA	NA	NA	No	NA	NA	NA	NA	NA	NA	NA	NA	NA	NA	NA	No	NA	NA	NA	NA	NA	NA	NA	NA	NA	NA	NA	No	NA	NA	NA	NA	NA	NA	NA	NA	NA	NA	NA	Yes	NA	NA	NA	NA	NA	NA	NA	NA	NA	NA	NA	No	NA	NA	NA	NA	NA	NA	NA	NA	NA	NA	NA	NA	NA	NA	NA	NA	NA	NA	NA	NA	NA	NA	NA	NA	NA
SRR16989068	Serinales	NA	NA	No	NA	NA	NA	NA	NA	NA	NA	NA	NA	NA	NA	No	NA	NA	NA	NA	NA	NA	NA	NA	NA	NA	NA	Yes	NA	NA	NA	NA	NA	NA	NA	NA	NA	NA	NA	Yes	NA	NA	NA	NA	NA	NA	NA	NA	NA	NA	NA	Yes	NA	NA	NA	NA	NA	NA	NA	NA	NA	NA	NA	Yes	NA	NA	NA	NA	NA	NA	NA	NA	NA	NA	NA	No	NA	NA	NA	NA	NA	NA	NA	NA	NA	NA	NA	Yes	NA	NA	NA	NA	NA	NA	NA	NA	NA	NA	NA	NA	NA	NA	NA	NA	NA	NA	NA	NA	NA	NA	NA	Yes	NA	NA	NA	NA	NA	NA	NA	NA	NA	NA	NA	NA	NA
SRR16989067	Serinales	NA	NA	NA	NA	NA	NA	NA	NA	NA	NA	NA	NA	NA	NA	Yes	NA	NA	NA	NA	NA	NA	NA	NA	NA	NA	NA	Yes	NA	NA	NA	NA	NA	NA	NA	NA	NA	NA	NA	Yes	NA	NA	NA	NA	NA	NA	NA	NA	NA	NA	NA	NA	NA	NA	NA	NA	NA	NA	NA	NA	NA	NA	NA	Yes	NA	NA	NA	NA	NA	NA	NA	NA	NA	NA	NA	No	NA	NA	NA	NA	NA	NA	NA	NA	NA	NA	NA	Yes	NA	NA	NA	NA	NA	NA	NA	NA	NA	NA	NA	No	NA	NA	NA	NA	NA	NA	NA	NA	NA	NA	NA	No	NA	NA	NA	NA	NA	NA	NA	NA	NA	NA	NA	NA	NA
SRR16989066	Serinales	NA	NA	Yes	NA	NA	NA	NA	NA	NA	NA	NA	NA	NA	NA	Yes	NA	NA	NA	NA	NA	NA	NA	NA	NA	NA	NA	No	NA	NA	NA	NA	NA	NA	NA	NA	NA	NA	NA	Yes	NA	NA	NA	NA	NA	NA	NA	NA	NA	NA	NA	NA	NA	NA	NA	NA	NA	NA	NA	NA	NA	NA	NA	Yes	NA	NA	NA	NA	NA	NA	NA	NA	NA	NA	NA	Yes	NA	NA	NA	NA	NA	NA	NA	NA	NA	NA	NA	Yes	NA	NA	NA	NA	NA	NA	NA	NA	NA	NA	NA	Yes	NA	NA	NA	NA	NA	NA	NA	NA	NA	NA	NA	NA	NA	NA	NA	NA	NA	NA	NA	NA	NA	NA	NA	NA	NA
SRR16989065	Serinales	NA	NA	No	NA	NA	NA	NA	NA	NA	NA	NA	NA	NA	NA	No	NA	NA	NA	NA	NA	NA	NA	NA	NA	NA	NA	No	NA	NA	NA	NA	NA	NA	NA	NA	NA	NA	NA	Yes	NA	NA	NA	NA	NA	NA	NA	NA	NA	NA	NA	No	NA	NA	NA	NA	NA	NA	NA	NA	NA	NA	NA	Yes	NA	NA	NA	NA	NA	NA	NA	NA	NA	NA	NA	No	NA	NA	NA	NA	NA	NA	NA	NA	NA	NA	NA	Yes	NA	NA	NA	NA	NA	NA	NA	NA	NA	NA	NA	Yes	NA	NA	NA	NA	NA	NA	NA	NA	NA	NA	NA	Yes	NA	NA	NA	NA	NA	NA	NA	NA	NA	NA	NA	NA	NA
SRR5938408	Dipodascales	NA	NA	NA	NA	No	NA	NA	NA	NA	NA	NA	NA	NA	NA	NA	NA	No	NA	NA	NA	NA	NA	NA	NA	NA	NA	NA	NA	No	NA	NA	NA	NA	NA	NA	NA	NA	NA	NA	NA	No	NA	NA	NA	NA	NA	NA	NA	NA	NA	NA	NA	Yes	NA	NA	NA	NA	NA	NA	NA	NA	NA	NA	NA	Yes	NA	NA	NA	NA	NA	NA	NA	NA	NA	NA	NA	No	NA	NA	NA	NA	NA	NA	NA	NA	NA	NA	NA	Yes	NA	NA	NA	NA	NA	NA	NA	NA	NA	NA	NA	Yes	NA	NA	NA	NA	NA	NA	NA	NA	NA	NA	NA	No	NA	NA	NA	NA	NA	NA	NA	NA	NA	NA	NA
SRR16989061	Serinales	NA	NA	Yes	NA	NA	NA	NA	NA	NA	NA	NA	NA	NA	NA	Yes	NA	NA	NA	NA	NA	NA	NA	NA	NA	NA	NA	No	NA	NA	NA	NA	NA	NA	NA	NA	NA	NA	NA	Yes	NA	NA	NA	NA	NA	NA	NA	NA	NA	NA	NA	No	NA	NA	NA	NA	NA	NA	NA	NA	NA	NA	NA	Yes	NA	NA	NA	NA	NA	NA	NA	NA	NA	NA	NA	No	NA	NA	NA	NA	NA	NA	NA	NA	NA	NA	NA	No	NA	NA	NA	NA	NA	NA	NA	NA	NA	NA	NA	Yes	NA	NA	NA	NA	NA	NA	NA	NA	NA	NA	NA	No	NA	NA	NA	NA	NA	NA	NA	NA	NA	NA	NA	NA	NA
SRR16989060	Serinales	NA	NA	No	NA	NA	NA	NA	NA	NA	NA	NA	NA	NA	NA	Yes	NA	NA	NA	NA	NA	NA	NA	NA	NA	NA	NA	No	NA	NA	NA	NA	NA	NA	NA	NA	NA	NA	NA	No	NA	NA	NA	NA	NA	NA	NA	NA	NA	NA	NA	No	NA	NA	NA	NA	NA	NA	NA	NA	NA	NA	NA	NA	NA	NA	NA	NA	NA	NA	NA	NA	NA	NA	NA	No	NA	NA	NA	NA	NA	NA	NA	NA	NA	NA	NA	Yes	NA	NA	NA	NA	NA	NA	NA	NA	NA	NA	NA	No	NA	NA	NA	NA	NA	NA	NA	NA	NA	NA	NA	NA	NA	NA	NA	NA	NA	NA	NA	NA	NA	NA	NA	NA	NA
SRR5938403	Dipodascales	NA	NA	NA	NA	Yes	NA	NA	NA	NA	NA	NA	NA	NA	NA	NA	NA	Yes	NA	NA	NA	NA	NA	NA	NA	NA	NA	NA	NA	No	NA	NA	NA	NA	NA	NA	NA	NA	NA	NA	NA	Yes	NA	NA	NA	NA	NA	NA	NA	NA	NA	NA	NA	Yes	NA	NA	NA	NA	NA	NA	NA	NA	NA	NA	NA	Yes	NA	NA	NA	NA	NA	NA	NA	NA	NA	NA	NA	No	NA	NA	NA	NA	NA	NA	NA	NA	NA	NA	NA	Yes	NA	NA	NA	NA	NA	NA	NA	NA	NA	NA	NA	Yes	NA	NA	NA	NA	NA	NA	NA	NA	NA	NA	NA	No	NA	NA	NA	NA	NA	NA	NA	NA	NA	NA	NA
SRR16989030	Serinales	NA	NA	NA	NA	NA	NA	NA	NA	NA	NA	NA	NA	NA	NA	NA	NA	NA	NA	NA	NA	NA	NA	NA	NA	NA	NA	NA	NA	NA	NA	NA	NA	NA	NA	NA	NA	NA	NA	NA	NA	NA	NA	NA	NA	NA	NA	NA	NA	NA	NA	NA	NA	NA	NA	NA	NA	NA	NA	NA	NA	NA	NA	NA	NA	NA	NA	NA	NA	NA	NA	NA	NA	NA	NA	NA	NA	NA	NA	NA	NA	NA	NA	NA	NA	NA	NA	NA	NA	NA	NA	NA	NA	NA	NA	NA	NA	NA	NA	NA	NA	NA	NA	NA	NA	NA	NA	NA	NA	NA	NA	NA	NA	NA	NA	NA	NA	NA	NA	NA	NA	NA	NA	NA	NA
SRR5938415	Dipodascales	NA	NA	NA	NA	No	NA	NA	NA	NA	NA	NA	NA	NA	NA	NA	NA	Yes	NA	NA	NA	NA	NA	NA	NA	NA	NA	NA	NA	Yes	NA	NA	NA	NA	NA	NA	NA	NA	NA	NA	NA	No	NA	NA	NA	NA	NA	NA	NA	NA	NA	NA	NA	NA	NA	NA	NA	NA	NA	NA	NA	NA	NA	NA	NA	Yes	NA	NA	NA	NA	NA	NA	NA	NA	NA	NA	NA	No	NA	NA	NA	NA	NA	NA	NA	NA	NA	NA	NA	Yes	NA	NA	NA	NA	NA	NA	NA	NA	NA	NA	NA	Yes	NA	NA	NA	NA	NA	NA	NA	NA	NA	NA	NA	NA	NA	NA	NA	NA	NA	NA	NA	NA	NA	NA	NA
SRR16989028	Phaffomycetales	NA	NA	NA	NA	NA	No	NA	NA	NA	NA	NA	NA	NA	NA	NA	NA	NA	Yes	NA	NA	NA	NA	NA	NA	NA	NA	NA	NA	NA	No	NA	NA	NA	NA	NA	NA	NA	NA	NA	NA	NA	Yes	NA	NA	NA	NA	NA	NA	NA	NA	NA	NA	NA	No	NA	NA	NA	NA	NA	NA	NA	NA	NA	NA	NA	Yes	NA	NA	NA	NA	NA	NA	NA	NA	NA	NA	NA	No	NA	NA	NA	NA	NA	NA	NA	NA	NA	NA	NA	No	NA	NA	NA	NA	NA	NA	NA	NA	NA	NA	NA	No	NA	NA	NA	NA	NA	NA	NA	NA	NA	NA	NA	No	NA	NA	NA	NA	NA	NA	NA	NA	No	NA
SRR16989027	Dipodascales	NA	NA	NA	NA	Yes	NA	NA	NA	NA	NA	NA	NA	NA	NA	NA	NA	Yes	NA	NA	NA	NA	NA	NA	NA	NA	NA	NA	NA	Yes	NA	NA	NA	NA	NA	NA	NA	NA	NA	NA	NA	Yes	NA	NA	NA	NA	NA	NA	NA	NA	NA	NA	NA	NA	NA	NA	NA	NA	NA	NA	NA	NA	NA	NA	NA	NA	NA	NA	NA	NA	NA	NA	NA	NA	NA	NA	NA	No	NA	NA	NA	NA	NA	NA	NA	NA	NA	NA	NA	No	NA	NA	NA	NA	NA	NA	NA	NA	NA	NA	NA	NA	NA	NA	NA	NA	NA	NA	NA	NA	NA	NA	NA	Yes	NA	NA	NA	NA	NA	NA	NA	NA	NA	NA	NA
SRR16989026	Serinales	NA	NA	No	NA	NA	NA	NA	NA	NA	NA	NA	NA	NA	NA	No	NA	NA	NA	NA	NA	NA	NA	NA	NA	NA	NA	No	NA	NA	NA	NA	NA	NA	NA	NA	NA	NA	NA	Yes	NA	NA	NA	NA	NA	NA	NA	NA	NA	NA	NA	NA	NA	NA	NA	NA	NA	NA	NA	NA	NA	NA	NA	NA	NA	NA	NA	NA	NA	NA	NA	NA	NA	NA	NA	No	NA	NA	NA	NA	NA	NA	NA	NA	NA	NA	NA	Yes	NA	NA	NA	NA	NA	NA	NA	NA	NA	NA	NA	NA	NA	NA	NA	NA	NA	NA	NA	NA	NA	NA	NA	Yes	NA	NA	NA	NA	NA	NA	NA	NA	NA	NA	NA	NA	NA
SRR16989025	Serinales	NA	NA	Yes	NA	NA	NA	NA	NA	NA	NA	NA	NA	NA	NA	Yes	NA	NA	NA	NA	NA	NA	NA	NA	NA	NA	NA	Yes	NA	NA	NA	NA	NA	NA	NA	NA	NA	NA	NA	Yes	NA	NA	NA	NA	NA	NA	NA	NA	NA	NA	NA	Yes	NA	NA	NA	NA	NA	NA	NA	NA	NA	NA	NA	Yes	NA	NA	NA	NA	NA	NA	NA	NA	NA	NA	NA	No	NA	NA	NA	NA	NA	NA	NA	NA	NA	NA	NA	Yes	NA	NA	NA	NA	NA	NA	NA	NA	NA	NA	NA	Yes	NA	NA	NA	NA	NA	NA	NA	NA	NA	NA	NA	Yes	NA	NA	NA	NA	NA	NA	NA	NA	NA	NA	NA	NA	NA
SRR16989024	Serinales	NA	NA	Yes	NA	NA	NA	NA	NA	NA	NA	NA	NA	NA	NA	Yes	NA	NA	NA	NA	NA	NA	NA	NA	NA	NA	NA	Yes	NA	NA	NA	NA	NA	NA	NA	NA	NA	NA	NA	Yes	NA	NA	NA	NA	NA	NA	NA	NA	NA	NA	NA	NA	NA	NA	NA	NA	NA	NA	NA	NA	NA	NA	NA	Yes	NA	NA	NA	NA	NA	NA	NA	NA	NA	NA	NA	No	NA	NA	NA	NA	NA	NA	NA	NA	NA	NA	NA	Yes	NA	NA	NA	NA	NA	NA	NA	NA	NA	NA	NA	No	NA	NA	NA	NA	NA	NA	NA	NA	NA	NA	NA	Yes	NA	NA	NA	NA	NA	NA	NA	NA	NA	NA	NA	NA	NA
SRR16989022	Serinales	NA	NA	Yes	NA	NA	NA	NA	NA	NA	NA	NA	NA	NA	NA	No	NA	NA	NA	NA	NA	NA	NA	NA	NA	NA	NA	No	NA	NA	NA	NA	NA	NA	NA	NA	NA	NA	NA	Yes	NA	NA	NA	NA	NA	NA	NA	NA	NA	NA	NA	NA	NA	NA	NA	NA	NA	NA	NA	NA	NA	NA	NA	NA	NA	NA	NA	NA	NA	NA	NA	NA	NA	NA	NA	Yes	NA	NA	NA	NA	NA	NA	NA	NA	NA	NA	NA	No	NA	NA	NA	NA	NA	NA	NA	NA	NA	NA	NA	NA	NA	NA	NA	NA	NA	NA	NA	NA	NA	NA	NA	Yes	NA	NA	NA	NA	NA	NA	NA	NA	NA	NA	NA	NA	NA
SRR16989021	Serinales	NA	NA	Yes	NA	NA	NA	NA	NA	NA	NA	NA	NA	NA	NA	Yes	NA	NA	NA	NA	NA	NA	NA	NA	NA	NA	NA	Yes	NA	NA	NA	NA	NA	NA	NA	NA	NA	NA	NA	Yes	NA	NA	NA	NA	NA	NA	NA	NA	NA	NA	NA	Yes	NA	NA	NA	NA	NA	NA	NA	NA	NA	NA	NA	Yes	NA	NA	NA	NA	NA	NA	NA	NA	NA	NA	NA	Yes	NA	NA	NA	NA	NA	NA	NA	NA	NA	NA	NA	Yes	NA	NA	NA	NA	NA	NA	NA	NA	NA	NA	NA	Yes	NA	NA	NA	NA	NA	NA	NA	NA	NA	NA	NA	No	NA	NA	NA	NA	NA	NA	NA	NA	NA	Yes	NA	NA	NA
SRR16989020	Serinales	NA	NA	No	NA	NA	NA	NA	NA	NA	NA	NA	NA	NA	NA	No	NA	NA	NA	NA	NA	NA	NA	NA	NA	NA	NA	Yes	NA	NA	NA	NA	NA	NA	NA	NA	NA	NA	NA	Yes	NA	NA	NA	NA	NA	NA	NA	NA	NA	NA	NA	Yes	NA	NA	NA	NA	NA	NA	NA	NA	NA	NA	NA	Yes	NA	NA	NA	NA	NA	NA	NA	NA	NA	NA	NA	Yes	NA	NA	NA	NA	NA	NA	NA	NA	NA	NA	NA	Yes	NA	NA	NA	NA	NA	NA	NA	NA	NA	NA	NA	NA	NA	NA	NA	NA	NA	NA	NA	NA	NA	NA	NA	No	NA	NA	NA	NA	NA	NA	NA	NA	NA	NA	NA	NA	NA
SRR16989019	Serinales	NA	NA	No	NA	NA	NA	NA	NA	NA	NA	NA	NA	NA	NA	No	NA	NA	NA	NA	NA	NA	NA	NA	NA	NA	NA	No	NA	NA	NA	NA	NA	NA	NA	NA	NA	NA	NA	Yes	NA	NA	NA	NA	NA	NA	NA	NA	NA	NA	NA	NA	NA	NA	NA	NA	NA	NA	NA	NA	NA	NA	NA	NA	NA	NA	NA	NA	NA	NA	NA	NA	NA	NA	NA	No	NA	NA	NA	NA	NA	NA	NA	NA	NA	NA	NA	Yes	NA	NA	NA	NA	NA	NA	NA	NA	NA	NA	NA	NA	NA	NA	NA	NA	NA	NA	NA	NA	NA	NA	NA	Yes	NA	NA	NA	NA	NA	NA	NA	NA	NA	NA	NA	NA	NA
SRR16989018	Serinales	NA	NA	Yes	NA	NA	NA	NA	NA	NA	NA	NA	NA	NA	NA	Yes	NA	NA	NA	NA	NA	NA	NA	NA	NA	NA	NA	Yes	NA	NA	NA	NA	NA	NA	NA	NA	NA	NA	NA	Yes	NA	NA	NA	NA	NA	NA	NA	NA	NA	NA	NA	No	NA	NA	NA	NA	NA	NA	NA	NA	NA	NA	NA	No	NA	NA	NA	NA	NA	NA	NA	NA	NA	NA	NA	No	NA	NA	NA	NA	NA	NA	NA	NA	NA	NA	NA	No	NA	NA	NA	NA	NA	NA	NA	NA	NA	NA	NA	No	NA	NA	NA	NA	NA	NA	NA	NA	NA	NA	NA	No	NA	NA	NA	NA	NA	NA	NA	NA	NA	No	NA	NA	NA
SRR16989017	Serinales	NA	NA	Yes	NA	NA	NA	NA	NA	NA	NA	NA	NA	NA	NA	Yes	NA	NA	NA	NA	NA	NA	NA	NA	NA	NA	NA	No	NA	NA	NA	NA	NA	NA	NA	NA	NA	NA	NA	Yes	NA	NA	NA	NA	NA	NA	NA	NA	NA	NA	NA	NA	NA	NA	NA	NA	NA	NA	NA	NA	NA	NA	NA	NA	NA	NA	NA	NA	NA	NA	NA	NA	NA	NA	NA	No	NA	NA	NA	NA	NA	NA	NA	NA	NA	NA	NA	Yes	NA	NA	NA	NA	NA	NA	NA	NA	NA	NA	NA	NA	NA	NA	NA	NA	NA	NA	NA	NA	NA	NA	NA	NA	NA	NA	NA	NA	NA	NA	NA	NA	NA	NA	NA	NA	NA
SRR16989016	Serinales	NA	NA	Yes	NA	NA	NA	NA	NA	NA	NA	NA	NA	NA	NA	Yes	NA	NA	NA	NA	NA	NA	NA	NA	NA	NA	NA	No	NA	NA	NA	NA	NA	NA	NA	NA	NA	NA	NA	Yes	NA	NA	NA	NA	NA	NA	NA	NA	NA	NA	NA	No	NA	NA	NA	NA	NA	NA	NA	NA	NA	NA	NA	No	NA	NA	NA	NA	NA	NA	NA	NA	NA	NA	NA	No	NA	NA	NA	NA	NA	NA	NA	NA	NA	NA	NA	Yes	NA	NA	NA	NA	NA	NA	NA	NA	NA	NA	NA	No	NA	NA	NA	NA	NA	NA	NA	NA	NA	NA	NA	No	NA	NA	NA	NA	NA	NA	NA	NA	NA	NA	NA	NA	NA
SRR16989015	Serinales	NA	NA	Yes	NA	NA	NA	NA	NA	NA	NA	NA	NA	NA	NA	Yes	NA	NA	NA	NA	NA	NA	NA	NA	NA	NA	NA	Yes	NA	NA	NA	NA	NA	NA	NA	NA	NA	NA	NA	Yes	NA	NA	NA	NA	NA	NA	NA	NA	NA	NA	NA	Yes	NA	NA	NA	NA	NA	NA	NA	NA	NA	NA	NA	Yes	NA	NA	NA	NA	NA	NA	NA	NA	NA	NA	NA	Yes	NA	NA	NA	NA	NA	NA	NA	NA	NA	NA	NA	Yes	NA	NA	NA	NA	NA	NA	NA	NA	NA	NA	NA	NA	NA	NA	NA	NA	NA	NA	NA	NA	NA	NA	NA	No	NA	NA	NA	NA	NA	NA	NA	NA	NA	NA	NA	NA	NA
SRR16989014	Serinales	NA	NA	NA	NA	NA	NA	NA	NA	NA	NA	NA	NA	NA	NA	NA	NA	NA	NA	NA	NA	NA	NA	NA	NA	NA	NA	NA	NA	NA	NA	NA	NA	NA	NA	NA	NA	NA	NA	NA	NA	NA	NA	NA	NA	NA	NA	NA	NA	NA	NA	NA	NA	NA	NA	NA	NA	NA	NA	NA	NA	NA	NA	NA	NA	NA	NA	NA	NA	NA	NA	NA	NA	NA	NA	NA	NA	NA	NA	NA	NA	NA	NA	NA	NA	NA	NA	NA	NA	NA	NA	NA	NA	NA	NA	NA	NA	NA	NA	NA	NA	NA	NA	NA	NA	NA	NA	NA	NA	NA	NA	NA	NA	NA	NA	NA	NA	NA	NA	NA	NA	NA	NA	NA	NA
SRR16989013	Serinales	NA	NA	NA	NA	NA	NA	NA	NA	NA	NA	NA	NA	NA	NA	NA	NA	NA	NA	NA	NA	NA	NA	NA	NA	NA	NA	NA	NA	NA	NA	NA	NA	NA	NA	NA	NA	NA	NA	NA	NA	NA	NA	NA	NA	NA	NA	NA	NA	NA	NA	NA	NA	NA	NA	NA	NA	NA	NA	NA	NA	NA	NA	NA	NA	NA	NA	NA	NA	NA	NA	NA	NA	NA	NA	NA	NA	NA	NA	NA	NA	NA	NA	NA	NA	NA	NA	NA	NA	NA	NA	NA	NA	NA	NA	NA	NA	NA	NA	NA	NA	NA	NA	NA	NA	NA	NA	NA	NA	NA	NA	NA	NA	NA	NA	NA	NA	NA	NA	NA	NA	NA	NA	NA	NA
SRR16989011	Serinales	NA	NA	NA	NA	NA	NA	NA	NA	NA	NA	NA	NA	NA	NA	NA	NA	NA	NA	NA	NA	NA	NA	NA	NA	NA	NA	NA	NA	NA	NA	NA	NA	NA	NA	NA	NA	NA	NA	NA	NA	NA	NA	NA	NA	NA	NA	NA	NA	NA	NA	NA	NA	NA	NA	NA	NA	NA	NA	NA	NA	NA	NA	NA	NA	NA	NA	NA	NA	NA	NA	NA	NA	NA	NA	NA	NA	NA	NA	NA	NA	NA	NA	NA	NA	NA	NA	NA	NA	NA	NA	NA	NA	NA	NA	NA	NA	NA	NA	NA	NA	NA	NA	NA	NA	NA	NA	NA	NA	NA	NA	NA	NA	NA	NA	NA	NA	NA	NA	NA	NA	NA	NA	NA	NA
SRR16989010	Alaninales	NA	NA	NA	NA	NA	NA	NA	NA	Yes	NA	NA	NA	NA	NA	NA	NA	NA	NA	NA	NA	Yes	NA	NA	NA	NA	NA	NA	NA	NA	NA	NA	NA	Yes	NA	NA	NA	NA	NA	NA	NA	NA	NA	NA	NA	Yes	NA	NA	NA	NA	NA	NA	NA	NA	NA	NA	NA	Yes	NA	NA	NA	NA	NA	NA	NA	NA	NA	NA	NA	Yes	NA	NA	NA	NA	NA	NA	NA	NA	NA	NA	NA	Yes	NA	NA	NA	NA	NA	NA	NA	NA	NA	NA	NA	Yes	NA	NA	NA	NA	NA	NA	NA	NA	NA	NA	NA	Yes	NA	NA	NA	NA	NA	NA	NA	NA	NA	NA	NA	Yes	NA	NA	NA	NA	NA	NA	NA
SRR16989009	Phaffomycetales	NA	NA	NA	NA	NA	Yes	NA	NA	NA	NA	NA	NA	NA	NA	NA	NA	NA	Yes	NA	NA	NA	NA	NA	NA	NA	NA	NA	NA	NA	No	NA	NA	NA	NA	NA	NA	NA	NA	NA	NA	NA	No	NA	NA	NA	NA	NA	NA	NA	NA	NA	NA	NA	Yes	NA	NA	NA	NA	NA	NA	NA	NA	NA	NA	NA	Yes	NA	NA	NA	NA	NA	NA	NA	NA	NA	NA	NA	Yes	NA	NA	NA	NA	NA	NA	NA	NA	NA	NA	NA	No	NA	NA	NA	NA	NA	NA	NA	NA	NA	NA	NA	NA	NA	NA	NA	NA	NA	NA	NA	NA	NA	NA	NA	NA	NA	NA	NA	NA	NA	NA	NA	NA	NA	NA
SRR16989008	Phaffomycetales	NA	NA	NA	NA	NA	Yes	NA	NA	NA	NA	NA	NA	NA	NA	NA	NA	NA	Yes	NA	NA	NA	NA	NA	NA	NA	NA	NA	NA	NA	No	NA	NA	NA	NA	NA	NA	NA	NA	NA	NA	NA	No	NA	NA	NA	NA	NA	NA	NA	NA	NA	NA	NA	No	NA	NA	NA	NA	NA	NA	NA	NA	NA	NA	NA	No	NA	NA	NA	NA	NA	NA	NA	NA	NA	NA	NA	Yes	NA	NA	NA	NA	NA	NA	NA	NA	NA	NA	NA	No	NA	NA	NA	NA	NA	NA	NA	NA	NA	NA	NA	No	NA	NA	NA	NA	NA	NA	NA	NA	NA	NA	NA	No	NA	NA	NA	NA	NA	NA	NA	NA	NA	NA
SRR16989007	Serinales	NA	NA	No	NA	NA	NA	NA	NA	NA	NA	NA	NA	NA	NA	No	NA	NA	NA	NA	NA	NA	NA	NA	NA	NA	NA	No	NA	NA	NA	NA	NA	NA	NA	NA	NA	NA	NA	Yes	NA	NA	NA	NA	NA	NA	NA	NA	NA	NA	NA	No	NA	NA	NA	NA	NA	NA	NA	NA	NA	NA	NA	Yes	NA	NA	NA	NA	NA	NA	NA	NA	NA	NA	NA	No	NA	NA	NA	NA	NA	NA	NA	NA	NA	NA	NA	Yes	NA	NA	NA	NA	NA	NA	NA	NA	NA	NA	NA	NA	NA	NA	NA	NA	NA	NA	NA	NA	NA	NA	NA	No	NA	NA	NA	NA	NA	NA	NA	NA	NA	NA	NA	NA	NA
SRR16989006	Pichiales	NA	NA	NA	No	NA	NA	NA	NA	NA	NA	NA	NA	NA	NA	NA	No	NA	NA	NA	NA	NA	NA	NA	NA	NA	NA	NA	No	NA	NA	NA	NA	NA	NA	NA	NA	NA	NA	NA	No	NA	NA	NA	NA	NA	NA	NA	NA	NA	NA	NA	No	NA	NA	NA	NA	NA	NA	NA	NA	NA	NA	NA	No	NA	NA	NA	NA	NA	NA	NA	NA	NA	NA	NA	Yes	NA	NA	NA	NA	NA	NA	NA	NA	NA	NA	NA	Yes	NA	NA	NA	NA	NA	NA	NA	NA	NA	NA	NA	No	NA	NA	NA	NA	NA	NA	NA	NA	NA	NA	NA	NA	NA	NA	NA	NA	NA	NA	NA	NA	NA	Yes	NA	NA
SRR16989005	Phaffomycetales	NA	NA	NA	NA	NA	No	NA	NA	NA	NA	NA	NA	NA	NA	NA	NA	NA	No	NA	NA	NA	NA	NA	NA	NA	NA	NA	NA	NA	No	NA	NA	NA	NA	NA	NA	NA	NA	NA	NA	NA	No	NA	NA	NA	NA	NA	NA	NA	NA	NA	NA	NA	No	NA	NA	NA	NA	NA	NA	NA	NA	NA	NA	NA	No	NA	NA	NA	NA	NA	NA	NA	NA	NA	NA	NA	Yes	NA	NA	NA	NA	NA	NA	NA	NA	NA	NA	NA	No	NA	NA	NA	NA	NA	NA	NA	NA	NA	NA	NA	No	NA	NA	NA	NA	NA	NA	NA	NA	NA	NA	NA	NA	NA	NA	NA	NA	NA	NA	NA	NA	NA	NA
SRR16989004	Serinales	NA	NA	No	NA	NA	NA	NA	NA	NA	NA	NA	NA	NA	NA	No	NA	NA	NA	NA	NA	NA	NA	NA	NA	NA	NA	No	NA	NA	NA	NA	NA	NA	NA	NA	NA	NA	NA	Yes	NA	NA	NA	NA	NA	NA	NA	NA	NA	NA	NA	No	NA	NA	NA	NA	NA	NA	NA	NA	NA	NA	NA	Yes	NA	NA	NA	NA	NA	NA	NA	NA	NA	NA	NA	No	NA	NA	NA	NA	NA	NA	NA	NA	NA	NA	NA	Yes	NA	NA	NA	NA	NA	NA	NA	NA	NA	NA	NA	NA	NA	NA	NA	NA	NA	NA	NA	NA	NA	NA	NA	NA	NA	NA	NA	NA	NA	NA	NA	NA	NA	NA	NA	NA	NA
SRR16989002	Serinales	NA	NA	Yes	NA	NA	NA	NA	NA	NA	NA	NA	NA	NA	NA	Yes	NA	NA	NA	NA	NA	NA	NA	NA	NA	NA	NA	No	NA	NA	NA	NA	NA	NA	NA	NA	NA	NA	NA	Yes	NA	NA	NA	NA	NA	NA	NA	NA	NA	NA	NA	Yes	NA	NA	NA	NA	NA	NA	NA	NA	NA	NA	NA	Yes	NA	NA	NA	NA	NA	NA	NA	NA	NA	NA	NA	No	NA	NA	NA	NA	NA	NA	NA	NA	NA	NA	NA	Yes	NA	NA	NA	NA	NA	NA	NA	NA	NA	NA	NA	Yes	NA	NA	NA	NA	NA	NA	NA	NA	NA	NA	NA	No	NA	NA	NA	NA	NA	NA	NA	NA	NA	NA	NA	NA	NA
SRR16988974	Serinales	NA	NA	NA	NA	NA	NA	NA	NA	NA	NA	NA	NA	NA	NA	NA	NA	NA	NA	NA	NA	NA	NA	NA	NA	NA	NA	NA	NA	NA	NA	NA	NA	NA	NA	NA	NA	NA	NA	NA	NA	NA	NA	NA	NA	NA	NA	NA	NA	NA	NA	NA	NA	NA	NA	NA	NA	NA	NA	NA	NA	NA	NA	NA	NA	NA	NA	NA	NA	NA	NA	NA	NA	NA	NA	NA	NA	NA	NA	NA	NA	NA	NA	NA	NA	NA	NA	NA	NA	NA	NA	NA	NA	NA	NA	NA	NA	NA	NA	NA	NA	NA	NA	NA	NA	NA	NA	NA	NA	NA	NA	No	NA	NA	NA	NA	NA	NA	NA	NA	NA	No	NA	NA	NA
SRR5938414	Dipodascales	NA	NA	NA	NA	No	NA	NA	NA	NA	NA	NA	NA	NA	NA	NA	NA	No	NA	NA	NA	NA	NA	NA	NA	NA	NA	NA	NA	No	NA	NA	NA	NA	NA	NA	NA	NA	NA	NA	NA	Yes	NA	NA	NA	NA	NA	NA	NA	NA	NA	NA	NA	No	NA	NA	NA	NA	NA	NA	NA	NA	NA	NA	NA	No	NA	NA	NA	NA	NA	NA	NA	NA	NA	NA	NA	No	NA	NA	NA	NA	NA	NA	NA	NA	NA	NA	NA	No	NA	NA	NA	NA	NA	NA	NA	NA	NA	NA	NA	No	NA	NA	NA	NA	NA	NA	NA	NA	NA	NA	NA	No	NA	NA	NA	NA	NA	NA	NA	NA	NA	NA	NA
SRR16988971	Serinales	NA	NA	Yes	NA	NA	NA	NA	NA	NA	NA	NA	NA	NA	NA	Yes	NA	NA	NA	NA	NA	NA	NA	NA	NA	NA	NA	No	NA	NA	NA	NA	NA	NA	NA	NA	NA	NA	NA	Yes	NA	NA	NA	NA	NA	NA	NA	NA	NA	NA	NA	Yes	NA	NA	NA	NA	NA	NA	NA	NA	NA	NA	NA	Yes	NA	NA	NA	NA	NA	NA	NA	NA	NA	NA	NA	No	NA	NA	NA	NA	NA	NA	NA	NA	NA	NA	NA	Yes	NA	NA	NA	NA	NA	NA	NA	NA	NA	NA	NA	No	NA	NA	NA	NA	NA	NA	NA	NA	NA	NA	NA	Yes	NA	NA	NA	NA	NA	NA	NA	NA	NA	NA	NA	NA	NA
SRR16988970	Phaffomycetales	NA	NA	NA	NA	NA	Yes	NA	NA	NA	NA	NA	NA	NA	NA	NA	NA	NA	Yes	NA	NA	NA	NA	NA	NA	NA	NA	NA	NA	NA	No	NA	NA	NA	NA	NA	NA	NA	NA	NA	NA	NA	Yes	NA	NA	NA	NA	NA	NA	NA	NA	NA	NA	NA	Yes	NA	NA	NA	NA	NA	NA	NA	NA	NA	NA	NA	Yes	NA	NA	NA	NA	NA	NA	NA	NA	NA	NA	NA	Yes	NA	NA	NA	NA	NA	NA	NA	NA	NA	NA	NA	No	NA	NA	NA	NA	NA	NA	NA	NA	NA	NA	NA	No	NA	NA	NA	NA	NA	NA	NA	NA	NA	NA	NA	No	NA	NA	NA	NA	NA	NA	NA	NA	NA	NA
SRR16988969	Serinales	NA	NA	NA	NA	NA	NA	NA	NA	NA	NA	NA	NA	NA	NA	Yes	NA	NA	NA	NA	NA	NA	NA	NA	NA	NA	NA	Yes	NA	NA	NA	NA	NA	NA	NA	NA	NA	NA	NA	Yes	NA	NA	NA	NA	NA	NA	NA	NA	NA	NA	NA	NA	NA	NA	NA	NA	NA	NA	NA	NA	NA	NA	NA	Yes	NA	NA	NA	NA	NA	NA	NA	NA	NA	NA	NA	No	NA	NA	NA	NA	NA	NA	NA	NA	NA	NA	NA	Yes	NA	NA	NA	NA	NA	NA	NA	NA	NA	NA	NA	No	NA	NA	NA	NA	NA	NA	NA	NA	NA	NA	NA	NA	NA	NA	NA	NA	NA	NA	NA	NA	NA	NA	NA	NA	NA
SRR16988968	Phaffomycetales	NA	NA	NA	NA	NA	No	NA	NA	NA	NA	NA	NA	NA	NA	NA	NA	NA	Yes	NA	NA	NA	NA	NA	NA	NA	NA	NA	NA	NA	No	NA	NA	NA	NA	NA	NA	NA	NA	NA	NA	NA	No	NA	NA	NA	NA	NA	NA	NA	NA	NA	NA	NA	No	NA	NA	NA	NA	NA	NA	NA	NA	NA	NA	NA	No	NA	NA	NA	NA	NA	NA	NA	NA	NA	NA	NA	Yes	NA	NA	NA	NA	NA	NA	NA	NA	NA	NA	NA	Yes	NA	NA	NA	NA	NA	NA	NA	NA	NA	NA	NA	No	NA	NA	NA	NA	NA	NA	NA	NA	NA	NA	NA	Yes	NA	NA	NA	NA	NA	NA	NA	NA	NA	NA
SRR16988967	Pichiales	NA	NA	NA	Yes	NA	NA	NA	NA	NA	NA	NA	NA	NA	NA	NA	Yes	NA	NA	NA	NA	NA	NA	NA	NA	NA	NA	NA	No	NA	NA	NA	NA	NA	NA	NA	NA	NA	NA	NA	Yes	NA	NA	NA	NA	NA	NA	NA	NA	NA	NA	NA	No	NA	NA	NA	NA	NA	NA	NA	NA	NA	NA	NA	No	NA	NA	NA	NA	NA	NA	NA	NA	NA	NA	NA	No	NA	NA	NA	NA	NA	NA	NA	NA	NA	NA	NA	No	NA	NA	NA	NA	NA	NA	NA	NA	NA	NA	NA	Yes	NA	NA	NA	NA	NA	NA	NA	NA	NA	NA	NA	No	NA	NA	NA	NA	NA	NA	NA	NA	NA	NA	NA	NA
SRR16988966	Serinales	NA	NA	Yes	NA	NA	NA	NA	NA	NA	NA	NA	NA	NA	NA	Yes	NA	NA	NA	NA	NA	NA	NA	NA	NA	NA	NA	No	NA	NA	NA	NA	NA	NA	NA	NA	NA	NA	NA	Yes	NA	NA	NA	NA	NA	NA	NA	NA	NA	NA	NA	No	NA	NA	NA	NA	NA	NA	NA	NA	NA	NA	NA	Yes	NA	NA	NA	NA	NA	NA	NA	NA	NA	NA	NA	No	NA	NA	NA	NA	NA	NA	NA	NA	NA	NA	NA	No	NA	NA	NA	NA	NA	NA	NA	NA	NA	NA	NA	No	NA	NA	NA	NA	NA	NA	NA	NA	NA	NA	NA	NA	NA	NA	NA	NA	NA	NA	NA	NA	NA	NA	NA	NA	NA
SRR16988965	Serinales	NA	NA	Yes	NA	NA	NA	NA	NA	NA	NA	NA	NA	NA	NA	Yes	NA	NA	NA	NA	NA	NA	NA	NA	NA	NA	NA	Yes	NA	NA	NA	NA	NA	NA	NA	NA	NA	NA	NA	Yes	NA	NA	NA	NA	NA	NA	NA	NA	NA	NA	NA	NA	NA	NA	NA	NA	NA	NA	NA	NA	NA	NA	NA	Yes	NA	NA	NA	NA	NA	NA	NA	NA	NA	NA	NA	No	NA	NA	NA	NA	NA	NA	NA	NA	NA	NA	NA	No	NA	NA	NA	NA	NA	NA	NA	NA	NA	NA	NA	Yes	NA	NA	NA	NA	NA	NA	NA	NA	NA	NA	NA	Yes	NA	NA	NA	NA	NA	NA	NA	NA	NA	NA	NA	NA	NA
SRR16988964	Pichiales	NA	NA	NA	Yes	NA	NA	NA	NA	NA	NA	NA	NA	NA	NA	NA	NA	NA	NA	NA	NA	NA	NA	NA	NA	NA	NA	NA	NA	NA	NA	NA	NA	NA	NA	NA	NA	NA	NA	NA	Yes	NA	NA	NA	NA	NA	NA	NA	NA	NA	NA	NA	NA	NA	NA	NA	NA	NA	NA	NA	NA	NA	NA	NA	NA	NA	NA	NA	NA	NA	NA	NA	NA	NA	NA	NA	NA	NA	NA	NA	NA	NA	NA	NA	NA	NA	NA	NA	NA	NA	NA	NA	NA	NA	NA	NA	NA	NA	NA	NA	No	NA	NA	NA	NA	NA	NA	NA	NA	NA	NA	NA	Yes	NA	NA	NA	NA	NA	NA	NA	NA	NA	NA	NA	NA
SRR16988963	Serinales	NA	NA	No	NA	NA	NA	NA	NA	NA	NA	NA	NA	NA	NA	No	NA	NA	NA	NA	NA	NA	NA	NA	NA	NA	NA	No	NA	NA	NA	NA	NA	NA	NA	NA	NA	NA	NA	Yes	NA	NA	NA	NA	NA	NA	NA	NA	NA	NA	NA	Yes	NA	NA	NA	NA	NA	NA	NA	NA	NA	NA	NA	NA	NA	NA	NA	NA	NA	NA	NA	NA	NA	NA	NA	No	NA	NA	NA	NA	NA	NA	NA	NA	NA	NA	NA	Yes	NA	NA	NA	NA	NA	NA	NA	NA	NA	NA	NA	NA	NA	NA	NA	NA	NA	NA	NA	NA	NA	NA	NA	No	NA	NA	NA	NA	NA	NA	NA	NA	NA	NA	NA	NA	NA
SRR16988961	Serinales	NA	NA	NA	NA	NA	NA	NA	NA	NA	NA	NA	NA	NA	NA	NA	NA	NA	NA	NA	NA	NA	NA	NA	NA	NA	NA	NA	NA	NA	NA	NA	NA	NA	NA	NA	NA	NA	NA	NA	NA	NA	NA	NA	NA	NA	NA	NA	NA	NA	NA	NA	NA	NA	NA	NA	NA	NA	NA	NA	NA	NA	NA	NA	NA	NA	NA	NA	NA	NA	NA	NA	NA	NA	NA	NA	NA	NA	NA	NA	NA	NA	NA	NA	NA	NA	NA	NA	NA	NA	NA	NA	NA	NA	NA	NA	NA	NA	NA	NA	NA	NA	NA	NA	NA	NA	NA	NA	NA	NA	NA	NA	NA	NA	NA	NA	NA	NA	NA	NA	NA	NA	NA	NA	NA
SRR16988960	Serinales	NA	NA	Yes	NA	NA	NA	NA	NA	NA	NA	NA	NA	NA	NA	Yes	NA	NA	NA	NA	NA	NA	NA	NA	NA	NA	NA	No	NA	NA	NA	NA	NA	NA	NA	NA	NA	NA	NA	Yes	NA	NA	NA	NA	NA	NA	NA	NA	NA	NA	NA	No	NA	NA	NA	NA	NA	NA	NA	NA	NA	NA	NA	Yes	NA	NA	NA	NA	NA	NA	NA	NA	NA	NA	NA	No	NA	NA	NA	NA	NA	NA	NA	NA	NA	NA	NA	Yes	NA	NA	NA	NA	NA	NA	NA	NA	NA	NA	NA	NA	NA	NA	NA	NA	NA	NA	NA	NA	NA	NA	NA	No	NA	NA	NA	NA	NA	NA	NA	NA	NA	NA	NA	NA	NA
SRR16988959	Serinales	NA	NA	Yes	NA	NA	NA	NA	NA	NA	NA	NA	NA	NA	NA	Yes	NA	NA	NA	NA	NA	NA	NA	NA	NA	NA	NA	Yes	NA	NA	NA	NA	NA	NA	NA	NA	NA	NA	NA	Yes	NA	NA	NA	NA	NA	NA	NA	NA	NA	NA	NA	NA	NA	NA	NA	NA	NA	NA	NA	NA	NA	NA	NA	NA	NA	NA	NA	NA	NA	NA	NA	NA	NA	NA	NA	Yes	NA	NA	NA	NA	NA	NA	NA	NA	NA	NA	NA	Yes	NA	NA	NA	NA	NA	NA	NA	NA	NA	NA	NA	NA	NA	NA	NA	NA	NA	NA	NA	NA	NA	NA	NA	Yes	NA	NA	NA	NA	NA	NA	NA	NA	NA	NA	NA	NA	NA
SRR16988958	Pichiales	NA	NA	NA	Yes	NA	NA	NA	NA	NA	NA	NA	NA	NA	NA	NA	Yes	NA	NA	NA	NA	NA	NA	NA	NA	NA	NA	NA	Yes	NA	NA	NA	NA	NA	NA	NA	NA	NA	NA	NA	Yes	NA	NA	NA	NA	NA	NA	NA	NA	NA	NA	NA	Yes	NA	NA	NA	NA	NA	NA	NA	NA	NA	NA	NA	NA	NA	NA	NA	NA	NA	NA	NA	NA	NA	NA	NA	No	NA	NA	NA	NA	NA	NA	NA	NA	NA	NA	NA	No	NA	NA	NA	NA	NA	NA	NA	NA	NA	NA	NA	NA	NA	NA	NA	NA	NA	NA	NA	NA	NA	NA	NA	NA	NA	NA	NA	NA	NA	NA	NA	NA	NA	NA	NA	NA
SRR16988957	Serinales	NA	NA	NA	NA	NA	NA	NA	NA	NA	NA	NA	NA	NA	NA	NA	NA	NA	NA	NA	NA	NA	NA	NA	NA	NA	NA	NA	NA	NA	NA	NA	NA	NA	NA	NA	NA	NA	NA	NA	NA	NA	NA	NA	NA	NA	NA	NA	NA	NA	NA	NA	NA	NA	NA	NA	NA	NA	NA	NA	NA	NA	NA	NA	NA	NA	NA	NA	NA	NA	NA	NA	NA	NA	NA	NA	NA	NA	NA	NA	NA	NA	NA	NA	NA	NA	NA	NA	NA	NA	NA	NA	NA	NA	NA	NA	NA	NA	NA	NA	NA	NA	NA	NA	NA	NA	NA	NA	NA	NA	NA	NA	NA	NA	NA	NA	NA	NA	NA	NA	NA	NA	NA	NA	NA
SRR16988956	Serinales	NA	NA	NA	NA	NA	NA	NA	NA	NA	NA	NA	NA	NA	NA	NA	NA	NA	NA	NA	NA	NA	NA	NA	NA	NA	NA	NA	NA	NA	NA	NA	NA	NA	NA	NA	NA	NA	NA	NA	NA	NA	NA	NA	NA	NA	NA	NA	NA	NA	NA	NA	NA	NA	NA	NA	NA	NA	NA	NA	NA	NA	NA	NA	NA	NA	NA	NA	NA	NA	NA	NA	NA	NA	NA	NA	NA	NA	NA	NA	NA	NA	NA	NA	NA	NA	NA	NA	NA	NA	NA	NA	NA	NA	NA	NA	NA	NA	NA	NA	NA	NA	NA	NA	NA	NA	NA	NA	NA	NA	NA	NA	NA	NA	NA	NA	NA	NA	NA	NA	NA	NA	NA	NA	NA
SRR16988955	Serinales	NA	NA	NA	NA	NA	NA	NA	NA	NA	NA	NA	NA	NA	NA	NA	NA	NA	NA	NA	NA	NA	NA	NA	NA	NA	NA	NA	NA	NA	NA	NA	NA	NA	NA	NA	NA	NA	NA	NA	NA	NA	NA	NA	NA	NA	NA	NA	NA	NA	NA	NA	NA	NA	NA	NA	NA	NA	NA	NA	NA	NA	NA	NA	NA	NA	NA	NA	NA	NA	NA	NA	NA	NA	NA	NA	NA	NA	NA	NA	NA	NA	NA	NA	NA	NA	NA	NA	NA	NA	NA	NA	NA	NA	NA	NA	NA	NA	NA	NA	NA	NA	NA	NA	NA	NA	NA	NA	NA	NA	NA	NA	NA	NA	NA	NA	NA	NA	NA	NA	NA	NA	NA	NA	NA
SRR16988954	Dipodascales	NA	NA	NA	NA	No	NA	NA	NA	NA	NA	NA	NA	NA	NA	NA	NA	No	NA	NA	NA	NA	NA	NA	NA	NA	NA	NA	NA	No	NA	NA	NA	NA	NA	NA	NA	NA	NA	NA	NA	Yes	NA	NA	NA	NA	NA	NA	NA	NA	NA	NA	NA	No	NA	NA	NA	NA	NA	NA	NA	NA	NA	NA	NA	Yes	NA	NA	NA	NA	NA	NA	NA	NA	NA	NA	NA	Yes	NA	NA	NA	NA	NA	NA	NA	NA	NA	NA	NA	Yes	NA	NA	NA	NA	NA	NA	NA	NA	NA	NA	NA	Yes	NA	NA	NA	NA	NA	NA	NA	NA	NA	NA	NA	No	NA	NA	NA	NA	NA	NA	NA	NA	NA	NA	NA
SRR16988953	Dipodascales	NA	NA	NA	NA	NA	NA	NA	NA	NA	NA	NA	NA	NA	NA	NA	NA	NA	NA	NA	NA	NA	NA	NA	NA	NA	NA	NA	NA	NA	NA	NA	NA	NA	NA	NA	NA	NA	NA	NA	NA	NA	NA	NA	NA	NA	NA	NA	NA	NA	NA	NA	NA	NA	NA	NA	NA	NA	NA	NA	NA	NA	NA	NA	NA	NA	NA	NA	NA	NA	NA	NA	NA	NA	NA	NA	NA	NA	NA	NA	NA	NA	NA	NA	NA	NA	NA	NA	NA	NA	NA	NA	NA	NA	NA	NA	NA	NA	NA	NA	NA	NA	NA	NA	NA	NA	NA	NA	NA	NA	NA	NA	NA	NA	NA	NA	NA	NA	NA	NA	NA	NA	NA	NA	NA
SRR16988952	Serinales	NA	NA	Yes	NA	NA	NA	NA	NA	NA	NA	NA	NA	NA	NA	Yes	NA	NA	NA	NA	NA	NA	NA	NA	NA	NA	NA	No	NA	NA	NA	NA	NA	NA	NA	NA	NA	NA	NA	Yes	NA	NA	NA	NA	NA	NA	NA	NA	NA	NA	NA	Yes	NA	NA	NA	NA	NA	NA	NA	NA	NA	NA	NA	Yes	NA	NA	NA	NA	NA	NA	NA	NA	NA	NA	NA	No	NA	NA	NA	NA	NA	NA	NA	NA	NA	NA	NA	Yes	NA	NA	NA	NA	NA	NA	NA	NA	NA	NA	NA	No	NA	NA	NA	NA	NA	NA	NA	NA	NA	NA	NA	Yes	NA	NA	NA	NA	NA	NA	NA	NA	NA	NA	NA	NA	NA
SRR16988950	Serinales	NA	NA	Yes	NA	NA	NA	NA	NA	NA	NA	NA	NA	NA	NA	Yes	NA	NA	NA	NA	NA	NA	NA	NA	NA	NA	NA	Yes	NA	NA	NA	NA	NA	NA	NA	NA	NA	NA	NA	Yes	NA	NA	NA	NA	NA	NA	NA	NA	NA	NA	NA	Yes	NA	NA	NA	NA	NA	NA	NA	NA	NA	NA	NA	Yes	NA	NA	NA	NA	NA	NA	NA	NA	NA	NA	NA	No	NA	NA	NA	NA	NA	NA	NA	NA	NA	NA	NA	Yes	NA	NA	NA	NA	NA	NA	NA	NA	NA	NA	NA	No	NA	NA	NA	NA	NA	NA	NA	NA	NA	NA	NA	No	NA	NA	NA	NA	NA	NA	NA	NA	NA	Yes	NA	NA	NA
SRR16988949	Serinales	NA	NA	Yes	NA	NA	NA	NA	NA	NA	NA	NA	NA	NA	NA	Yes	NA	NA	NA	NA	NA	NA	NA	NA	NA	NA	NA	Yes	NA	NA	NA	NA	NA	NA	NA	NA	NA	NA	NA	Yes	NA	NA	NA	NA	NA	NA	NA	NA	NA	NA	NA	NA	NA	NA	NA	NA	NA	NA	NA	NA	NA	NA	NA	NA	NA	NA	NA	NA	NA	NA	NA	NA	NA	NA	NA	Yes	NA	NA	NA	NA	NA	NA	NA	NA	NA	NA	NA	Yes	NA	NA	NA	NA	NA	NA	NA	NA	NA	NA	NA	NA	NA	NA	NA	NA	NA	NA	NA	NA	NA	NA	NA	Yes	NA	NA	NA	NA	NA	NA	NA	NA	NA	NA	NA	NA	NA
SRR16988948	Pichiales	NA	NA	NA	No	NA	NA	NA	NA	NA	NA	NA	NA	NA	NA	NA	No	NA	NA	NA	NA	NA	NA	NA	NA	NA	NA	NA	No	NA	NA	NA	NA	NA	NA	NA	NA	NA	NA	NA	No	NA	NA	NA	NA	NA	NA	NA	NA	NA	NA	NA	NA	NA	NA	NA	NA	NA	NA	NA	NA	NA	NA	NA	No	NA	NA	NA	NA	NA	NA	NA	NA	NA	NA	NA	Yes	NA	NA	NA	NA	NA	NA	NA	NA	NA	NA	NA	Yes	NA	NA	NA	NA	NA	NA	NA	NA	NA	NA	NA	No	NA	NA	NA	NA	NA	NA	NA	NA	NA	NA	NA	NA	NA	NA	NA	NA	NA	NA	NA	NA	NA	NA	NA	NA
SRR16988946	Pichiales	NA	NA	NA	Yes	NA	NA	NA	NA	NA	NA	NA	NA	NA	NA	NA	NA	NA	NA	NA	NA	NA	NA	NA	NA	NA	NA	NA	No	NA	NA	NA	NA	NA	NA	NA	NA	NA	NA	NA	Yes	NA	NA	NA	NA	NA	NA	NA	NA	NA	NA	NA	Yes	NA	NA	NA	NA	NA	NA	NA	NA	NA	NA	NA	NA	NA	NA	NA	NA	NA	NA	NA	NA	NA	NA	NA	Yes	NA	NA	NA	NA	NA	NA	NA	NA	NA	NA	NA	NA	NA	NA	NA	NA	NA	NA	NA	NA	NA	NA	NA	No	NA	NA	NA	NA	NA	NA	NA	NA	NA	NA	NA	Yes	NA	NA	NA	NA	NA	NA	NA	NA	NA	NA	NA	NA
SRR16988916	Pichiales	NA	NA	NA	No	NA	NA	NA	NA	NA	NA	NA	NA	NA	NA	NA	No	NA	NA	NA	NA	NA	NA	NA	NA	NA	NA	NA	No	NA	NA	NA	NA	NA	NA	NA	NA	NA	NA	NA	No	NA	NA	NA	NA	NA	NA	NA	NA	NA	NA	NA	No	NA	NA	NA	NA	NA	NA	NA	NA	NA	NA	NA	Yes	NA	NA	NA	NA	NA	NA	NA	NA	NA	NA	NA	No	NA	NA	NA	NA	NA	NA	NA	NA	NA	NA	NA	No	NA	NA	NA	NA	NA	NA	NA	NA	NA	NA	NA	No	NA	NA	NA	NA	NA	NA	NA	NA	NA	NA	NA	Yes	NA	NA	NA	NA	NA	NA	NA	NA	NA	NA	NA	NA
SRR16988915	Serinales	NA	NA	NA	NA	NA	NA	NA	NA	NA	NA	NA	NA	NA	NA	NA	NA	NA	NA	NA	NA	NA	NA	NA	NA	NA	NA	NA	NA	NA	NA	NA	NA	NA	NA	NA	NA	NA	NA	NA	NA	NA	NA	NA	NA	NA	NA	NA	NA	NA	NA	NA	NA	NA	NA	NA	NA	NA	NA	NA	NA	NA	NA	NA	NA	NA	NA	NA	NA	NA	NA	NA	NA	NA	NA	NA	NA	NA	NA	NA	NA	NA	NA	NA	NA	NA	NA	NA	NA	NA	NA	NA	NA	NA	NA	NA	NA	NA	NA	NA	NA	NA	NA	NA	NA	NA	NA	NA	NA	NA	NA	NA	NA	NA	NA	NA	NA	NA	NA	NA	NA	NA	NA	NA	NA
SRR16988914	Dipodascales	NA	NA	NA	NA	NA	NA	NA	NA	NA	NA	NA	NA	NA	NA	NA	NA	NA	NA	NA	NA	NA	NA	NA	NA	NA	NA	NA	NA	NA	NA	NA	NA	NA	NA	NA	NA	NA	NA	NA	NA	NA	NA	NA	NA	NA	NA	NA	NA	NA	NA	NA	NA	NA	NA	NA	NA	NA	NA	NA	NA	NA	NA	NA	NA	NA	NA	NA	NA	NA	NA	NA	NA	NA	NA	NA	NA	NA	NA	NA	NA	NA	NA	NA	NA	NA	NA	NA	NA	NA	NA	NA	NA	NA	NA	NA	NA	NA	NA	NA	NA	NA	NA	NA	NA	NA	NA	NA	NA	NA	NA	NA	NA	NA	NA	NA	NA	NA	NA	NA	NA	NA	NA	NA	NA
SRR16988913	Dipodascales	NA	NA	NA	NA	NA	NA	NA	NA	NA	NA	NA	NA	NA	NA	NA	NA	NA	NA	NA	NA	NA	NA	NA	NA	NA	NA	NA	NA	NA	NA	NA	NA	NA	NA	NA	NA	NA	NA	NA	NA	NA	NA	NA	NA	NA	NA	NA	NA	NA	NA	NA	NA	NA	NA	NA	NA	NA	NA	NA	NA	NA	NA	NA	NA	NA	NA	NA	NA	NA	NA	NA	NA	NA	NA	NA	NA	NA	NA	NA	NA	NA	NA	NA	NA	NA	NA	NA	NA	NA	NA	NA	NA	NA	NA	NA	NA	NA	NA	NA	NA	NA	NA	NA	NA	NA	NA	NA	NA	NA	NA	NA	NA	NA	NA	NA	NA	NA	NA	NA	NA	NA	NA	NA	NA
SRR16988912	Serinales	NA	NA	Yes	NA	NA	NA	NA	NA	NA	NA	NA	NA	NA	NA	Yes	NA	NA	NA	NA	NA	NA	NA	NA	NA	NA	NA	Yes	NA	NA	NA	NA	NA	NA	NA	NA	NA	NA	NA	Yes	NA	NA	NA	NA	NA	NA	NA	NA	NA	NA	NA	No	NA	NA	NA	NA	NA	NA	NA	NA	NA	NA	NA	Yes	NA	NA	NA	NA	NA	NA	NA	NA	NA	NA	NA	No	NA	NA	NA	NA	NA	NA	NA	NA	NA	NA	NA	Yes	NA	NA	NA	NA	NA	NA	NA	NA	NA	NA	NA	No	NA	NA	NA	NA	NA	NA	NA	NA	NA	NA	NA	Yes	NA	NA	NA	NA	NA	NA	NA	NA	NA	No	NA	NA	NA
SRR16988911	Serinales	NA	NA	NA	NA	NA	NA	NA	NA	NA	NA	NA	NA	NA	NA	No	NA	NA	NA	NA	NA	NA	NA	NA	NA	NA	NA	Yes	NA	NA	NA	NA	NA	NA	NA	NA	NA	NA	NA	Yes	NA	NA	NA	NA	NA	NA	NA	NA	NA	NA	NA	No	NA	NA	NA	NA	NA	NA	NA	NA	NA	NA	NA	No	NA	NA	NA	NA	NA	NA	NA	NA	NA	NA	NA	No	NA	NA	NA	NA	NA	NA	NA	NA	NA	NA	NA	Yes	NA	NA	NA	NA	NA	NA	NA	NA	NA	NA	NA	Yes	NA	NA	NA	NA	NA	NA	NA	NA	NA	NA	NA	Yes	NA	NA	NA	NA	NA	NA	NA	NA	NA	NA	NA	NA	NA
SRR16988909	Dipodascales	NA	NA	NA	NA	No	NA	NA	NA	NA	NA	NA	NA	NA	NA	NA	NA	No	NA	NA	NA	NA	NA	NA	NA	NA	NA	NA	NA	No	NA	NA	NA	NA	NA	NA	NA	NA	NA	NA	NA	No	NA	NA	NA	NA	NA	NA	NA	NA	NA	NA	NA	No	NA	NA	NA	NA	NA	NA	NA	NA	NA	NA	NA	No	NA	NA	NA	NA	NA	NA	NA	NA	NA	NA	NA	No	NA	NA	NA	NA	NA	NA	NA	NA	NA	NA	NA	No	NA	NA	NA	NA	NA	NA	NA	NA	NA	NA	NA	No	NA	NA	NA	NA	NA	NA	NA	NA	NA	NA	NA	No	NA	NA	NA	NA	NA	NA	NA	NA	NA	NA	NA
SRR16988908	Serinales	NA	NA	Yes	NA	NA	NA	NA	NA	NA	NA	NA	NA	NA	NA	Yes	NA	NA	NA	NA	NA	NA	NA	NA	NA	NA	NA	Yes	NA	NA	NA	NA	NA	NA	NA	NA	NA	NA	NA	Yes	NA	NA	NA	NA	NA	NA	NA	NA	NA	NA	NA	Yes	NA	NA	NA	NA	NA	NA	NA	NA	NA	NA	NA	No	NA	NA	NA	NA	NA	NA	NA	NA	NA	NA	NA	No	NA	NA	NA	NA	NA	NA	NA	NA	NA	NA	NA	Yes	NA	NA	NA	NA	NA	NA	NA	NA	NA	NA	NA	Yes	NA	NA	NA	NA	NA	NA	NA	NA	NA	NA	NA	NA	NA	NA	NA	NA	NA	NA	NA	NA	NA	Yes	NA	NA	NA
SRR16988907	Dipodascales	NA	NA	NA	NA	Yes	NA	NA	NA	NA	NA	NA	NA	NA	NA	NA	NA	Yes	NA	NA	NA	NA	NA	NA	NA	NA	NA	NA	NA	No	NA	NA	NA	NA	NA	NA	NA	NA	NA	NA	NA	Yes	NA	NA	NA	NA	NA	NA	NA	NA	NA	NA	NA	Yes	NA	NA	NA	NA	NA	NA	NA	NA	NA	NA	NA	No	NA	NA	NA	NA	NA	NA	NA	NA	NA	NA	NA	Yes	NA	NA	NA	NA	NA	NA	NA	NA	NA	NA	NA	Yes	NA	NA	NA	NA	NA	NA	NA	NA	NA	NA	NA	NA	NA	NA	NA	NA	NA	NA	NA	NA	NA	NA	NA	No	NA	NA	NA	NA	NA	NA	NA	NA	NA	NA	NA
SRR16988906	Dipodascales	NA	NA	NA	NA	No	NA	NA	NA	NA	NA	NA	NA	NA	NA	NA	NA	No	NA	NA	NA	NA	NA	NA	NA	NA	NA	NA	NA	No	NA	NA	NA	NA	NA	NA	NA	NA	NA	NA	NA	Yes	NA	NA	NA	NA	NA	NA	NA	NA	NA	NA	NA	Yes	NA	NA	NA	NA	NA	NA	NA	NA	NA	NA	NA	NA	NA	NA	NA	NA	NA	NA	NA	NA	NA	NA	NA	No	NA	NA	NA	NA	NA	NA	NA	NA	NA	NA	NA	No	NA	NA	NA	NA	NA	NA	NA	NA	NA	NA	NA	Yes	NA	NA	NA	NA	NA	NA	NA	NA	NA	NA	NA	No	NA	NA	NA	NA	NA	NA	NA	NA	NA	NA	NA
SRR16988905	Dipodascales	NA	NA	NA	NA	No	NA	NA	NA	NA	NA	NA	NA	NA	NA	NA	NA	No	NA	NA	NA	NA	NA	NA	NA	NA	NA	NA	NA	Yes	NA	NA	NA	NA	NA	NA	NA	NA	NA	NA	NA	No	NA	NA	NA	NA	NA	NA	NA	NA	NA	NA	NA	No	NA	NA	NA	NA	NA	NA	NA	NA	NA	NA	NA	Yes	NA	NA	NA	NA	NA	NA	NA	NA	NA	NA	NA	No	NA	NA	NA	NA	NA	NA	NA	NA	NA	NA	NA	Yes	NA	NA	NA	NA	NA	NA	NA	NA	NA	NA	NA	No	NA	NA	NA	NA	NA	NA	NA	NA	NA	NA	NA	Yes	NA	NA	NA	NA	NA	NA	NA	NA	NA	NA	NA
SRR16988904	Serinales	NA	NA	No	NA	NA	NA	NA	NA	NA	NA	NA	NA	NA	NA	No	NA	NA	NA	NA	NA	NA	NA	NA	NA	NA	NA	No	NA	NA	NA	NA	NA	NA	NA	NA	NA	NA	NA	Yes	NA	NA	NA	NA	NA	NA	NA	NA	NA	NA	NA	Yes	NA	NA	NA	NA	NA	NA	NA	NA	NA	NA	NA	Yes	NA	NA	NA	NA	NA	NA	NA	NA	NA	NA	NA	Yes	NA	NA	NA	NA	NA	NA	NA	NA	NA	NA	NA	Yes	NA	NA	NA	NA	NA	NA	NA	NA	NA	NA	NA	No	NA	NA	NA	NA	NA	NA	NA	NA	NA	NA	NA	Yes	NA	NA	NA	NA	NA	NA	NA	NA	NA	NA	NA	NA	NA
SRR16988903	Dipodascales	NA	NA	NA	NA	Yes	NA	NA	NA	NA	NA	NA	NA	NA	NA	NA	NA	Yes	NA	NA	NA	NA	NA	NA	NA	NA	NA	NA	NA	Yes	NA	NA	NA	NA	NA	NA	NA	NA	NA	NA	NA	No	NA	NA	NA	NA	NA	NA	NA	NA	NA	NA	NA	No	NA	NA	NA	NA	NA	NA	NA	NA	NA	NA	NA	NA	NA	NA	NA	NA	NA	NA	NA	NA	NA	NA	NA	No	NA	NA	NA	NA	NA	NA	NA	NA	NA	NA	NA	No	NA	NA	NA	NA	NA	NA	NA	NA	NA	NA	NA	NA	NA	NA	NA	NA	NA	NA	NA	NA	NA	NA	NA	NA	NA	NA	NA	NA	NA	NA	NA	NA	NA	NA	NA
SRR16988902	Dipodascales	NA	NA	NA	NA	Yes	NA	NA	NA	NA	NA	NA	NA	NA	NA	NA	NA	Yes	NA	NA	NA	NA	NA	NA	NA	NA	NA	NA	NA	No	NA	NA	NA	NA	NA	NA	NA	NA	NA	NA	NA	Yes	NA	NA	NA	NA	NA	NA	NA	NA	NA	NA	NA	Yes	NA	NA	NA	NA	NA	NA	NA	NA	NA	NA	NA	Yes	NA	NA	NA	NA	NA	NA	NA	NA	NA	NA	NA	No	NA	NA	NA	NA	NA	NA	NA	NA	NA	NA	NA	Yes	NA	NA	NA	NA	NA	NA	NA	NA	NA	NA	NA	NA	NA	NA	NA	NA	NA	NA	NA	NA	NA	NA	NA	Yes	NA	NA	NA	NA	NA	NA	NA	NA	NA	NA	NA
SRR16988901	Serinales	NA	NA	Yes	NA	NA	NA	NA	NA	NA	NA	NA	NA	NA	NA	Yes	NA	NA	NA	NA	NA	NA	NA	NA	NA	NA	NA	No	NA	NA	NA	NA	NA	NA	NA	NA	NA	NA	NA	Yes	NA	NA	NA	NA	NA	NA	NA	NA	NA	NA	NA	No	NA	NA	NA	NA	NA	NA	NA	NA	NA	NA	NA	No	NA	NA	NA	NA	NA	NA	NA	NA	NA	NA	NA	No	NA	NA	NA	NA	NA	NA	NA	NA	NA	NA	NA	Yes	NA	NA	NA	NA	NA	NA	NA	NA	NA	NA	NA	Yes	NA	NA	NA	NA	NA	NA	NA	NA	NA	NA	NA	No	NA	NA	NA	NA	NA	NA	NA	NA	NA	NA	NA	NA	NA
SRR16988900	Phaffomycetales	NA	NA	NA	NA	NA	Yes	NA	NA	NA	NA	NA	NA	NA	NA	NA	NA	NA	Yes	NA	NA	NA	NA	NA	NA	NA	NA	NA	NA	NA	Yes	NA	NA	NA	NA	NA	NA	NA	NA	NA	NA	NA	Yes	NA	NA	NA	NA	NA	NA	NA	NA	NA	NA	NA	Yes	NA	NA	NA	NA	NA	NA	NA	NA	NA	NA	NA	Yes	NA	NA	NA	NA	NA	NA	NA	NA	NA	NA	NA	Yes	NA	NA	NA	NA	NA	NA	NA	NA	NA	NA	NA	Yes	NA	NA	NA	NA	NA	NA	NA	NA	NA	NA	NA	No	NA	NA	NA	NA	NA	NA	NA	NA	NA	NA	NA	NA	NA	NA	NA	NA	NA	NA	NA	NA	No	NA
SRR16988898	Serinales	NA	NA	NA	NA	NA	NA	NA	NA	NA	NA	NA	NA	NA	NA	NA	NA	NA	NA	NA	NA	NA	NA	NA	NA	NA	NA	NA	NA	NA	NA	NA	NA	NA	NA	NA	NA	NA	NA	NA	NA	NA	NA	NA	NA	NA	NA	NA	NA	NA	NA	NA	NA	NA	NA	NA	NA	NA	NA	NA	NA	NA	NA	NA	NA	NA	NA	NA	NA	NA	NA	NA	NA	NA	NA	NA	NA	NA	NA	NA	NA	NA	NA	NA	NA	NA	NA	NA	NA	NA	NA	NA	NA	NA	NA	NA	NA	NA	NA	NA	NA	NA	NA	NA	NA	NA	NA	NA	NA	NA	NA	NA	NA	NA	NA	NA	NA	NA	NA	NA	NA	NA	NA	NA	NA
SRR16988897	Serinales	NA	NA	Yes	NA	NA	NA	NA	NA	NA	NA	NA	NA	NA	NA	Yes	NA	NA	NA	NA	NA	NA	NA	NA	NA	NA	NA	Yes	NA	NA	NA	NA	NA	NA	NA	NA	NA	NA	NA	Yes	NA	NA	NA	NA	NA	NA	NA	NA	NA	NA	NA	Yes	NA	NA	NA	NA	NA	NA	NA	NA	NA	NA	NA	Yes	NA	NA	NA	NA	NA	NA	NA	NA	NA	NA	NA	No	NA	NA	NA	NA	NA	NA	NA	NA	NA	NA	NA	Yes	NA	NA	NA	NA	NA	NA	NA	NA	NA	NA	NA	No	NA	NA	NA	NA	NA	NA	NA	NA	NA	NA	NA	Yes	NA	NA	NA	NA	NA	NA	NA	NA	NA	Yes	NA	NA	NA
SRR16988896	Serinales	NA	NA	Yes	NA	NA	NA	NA	NA	NA	NA	NA	NA	NA	NA	Yes	NA	NA	NA	NA	NA	NA	NA	NA	NA	NA	NA	Yes	NA	NA	NA	NA	NA	NA	NA	NA	NA	NA	NA	Yes	NA	NA	NA	NA	NA	NA	NA	NA	NA	NA	NA	Yes	NA	NA	NA	NA	NA	NA	NA	NA	NA	NA	NA	No	NA	NA	NA	NA	NA	NA	NA	NA	NA	NA	NA	No	NA	NA	NA	NA	NA	NA	NA	NA	NA	NA	NA	No	NA	NA	NA	NA	NA	NA	NA	NA	NA	NA	NA	No	NA	NA	NA	NA	NA	NA	NA	NA	NA	NA	NA	NA	NA	NA	NA	NA	NA	NA	NA	NA	NA	No	NA	NA	NA
SRR16988895	Serinales	NA	NA	Yes	NA	NA	NA	NA	NA	NA	NA	NA	NA	NA	NA	Yes	NA	NA	NA	NA	NA	NA	NA	NA	NA	NA	NA	No	NA	NA	NA	NA	NA	NA	NA	NA	NA	NA	NA	Yes	NA	NA	NA	NA	NA	NA	NA	NA	NA	NA	NA	Yes	NA	NA	NA	NA	NA	NA	NA	NA	NA	NA	NA	NA	NA	NA	NA	NA	NA	NA	NA	NA	NA	NA	NA	No	NA	NA	NA	NA	NA	NA	NA	NA	NA	NA	NA	No	NA	NA	NA	NA	NA	NA	NA	NA	NA	NA	NA	No	NA	NA	NA	NA	NA	NA	NA	NA	NA	NA	NA	NA	NA	NA	NA	NA	NA	NA	NA	NA	NA	NA	NA	NA	NA
SRR16988894	Serinales	NA	NA	Yes	NA	NA	NA	NA	NA	NA	NA	NA	NA	NA	NA	Yes	NA	NA	NA	NA	NA	NA	NA	NA	NA	NA	NA	Yes	NA	NA	NA	NA	NA	NA	NA	NA	NA	NA	NA	Yes	NA	NA	NA	NA	NA	NA	NA	NA	NA	NA	NA	Yes	NA	NA	NA	NA	NA	NA	NA	NA	NA	NA	NA	Yes	NA	NA	NA	NA	NA	NA	NA	NA	NA	NA	NA	No	NA	NA	NA	NA	NA	NA	NA	NA	NA	NA	NA	Yes	NA	NA	NA	NA	NA	NA	NA	NA	NA	NA	NA	No	NA	NA	NA	NA	NA	NA	NA	NA	NA	NA	NA	NA	NA	NA	NA	NA	NA	NA	NA	NA	NA	NA	NA	NA	NA
SRR16988893	Serinales	NA	NA	NA	NA	NA	NA	NA	NA	NA	NA	NA	NA	NA	NA	NA	NA	NA	NA	NA	NA	NA	NA	NA	NA	NA	NA	NA	NA	NA	NA	NA	NA	NA	NA	NA	NA	NA	NA	NA	NA	NA	NA	NA	NA	NA	NA	NA	NA	NA	NA	NA	NA	NA	NA	NA	NA	NA	NA	NA	NA	NA	NA	NA	NA	NA	NA	NA	NA	NA	NA	NA	NA	NA	NA	NA	NA	NA	NA	NA	NA	NA	NA	NA	NA	NA	NA	NA	NA	NA	NA	NA	NA	NA	NA	NA	NA	NA	NA	NA	NA	NA	NA	NA	NA	NA	NA	NA	NA	NA	NA	NA	NA	NA	NA	NA	NA	NA	NA	NA	NA	NA	NA	NA	NA
SRR16988892	Serinales	NA	NA	Yes	NA	NA	NA	NA	NA	NA	NA	NA	NA	NA	NA	Yes	NA	NA	NA	NA	NA	NA	NA	NA	NA	NA	NA	No	NA	NA	NA	NA	NA	NA	NA	NA	NA	NA	NA	Yes	NA	NA	NA	NA	NA	NA	NA	NA	NA	NA	NA	Yes	NA	NA	NA	NA	NA	NA	NA	NA	NA	NA	NA	Yes	NA	NA	NA	NA	NA	NA	NA	NA	NA	NA	NA	No	NA	NA	NA	NA	NA	NA	NA	NA	NA	NA	NA	Yes	NA	NA	NA	NA	NA	NA	NA	NA	NA	NA	NA	No	NA	NA	NA	NA	NA	NA	NA	NA	NA	NA	NA	No	NA	NA	NA	NA	NA	NA	NA	NA	NA	No	NA	NA	NA
SRR16988891	Serinales	NA	NA	NA	NA	NA	NA	NA	NA	NA	NA	NA	NA	NA	NA	NA	NA	NA	NA	NA	NA	NA	NA	NA	NA	NA	NA	NA	NA	NA	NA	NA	NA	NA	NA	NA	NA	NA	NA	NA	NA	NA	NA	NA	NA	NA	NA	NA	NA	NA	NA	NA	NA	NA	NA	NA	NA	NA	NA	NA	NA	NA	NA	NA	NA	NA	NA	NA	NA	NA	NA	NA	NA	NA	NA	NA	NA	NA	NA	NA	NA	NA	NA	NA	NA	NA	NA	NA	NA	NA	NA	NA	NA	NA	NA	NA	NA	NA	NA	NA	NA	NA	NA	NA	NA	NA	NA	NA	NA	NA	NA	NA	NA	NA	NA	NA	NA	NA	NA	NA	NA	No	NA	NA	NA
SRR16988890	Serinales	NA	NA	Yes	NA	NA	NA	NA	NA	NA	NA	NA	NA	NA	NA	Yes	NA	NA	NA	NA	NA	NA	NA	NA	NA	NA	NA	No	NA	NA	NA	NA	NA	NA	NA	NA	NA	NA	NA	Yes	NA	NA	NA	NA	NA	NA	NA	NA	NA	NA	NA	Yes	NA	NA	NA	NA	NA	NA	NA	NA	NA	NA	NA	Yes	NA	NA	NA	NA	NA	NA	NA	NA	NA	NA	NA	No	NA	NA	NA	NA	NA	NA	NA	NA	NA	NA	NA	Yes	NA	NA	NA	NA	NA	NA	NA	NA	NA	NA	NA	No	NA	NA	NA	NA	NA	NA	NA	NA	NA	NA	NA	No	NA	NA	NA	NA	NA	NA	NA	NA	NA	No	NA	NA	NA
SRR16988888	Serinales	NA	NA	Yes	NA	NA	NA	NA	NA	NA	NA	NA	NA	NA	NA	Yes	NA	NA	NA	NA	NA	NA	NA	NA	NA	NA	NA	Yes	NA	NA	NA	NA	NA	NA	NA	NA	NA	NA	NA	Yes	NA	NA	NA	NA	NA	NA	NA	NA	NA	NA	NA	Yes	NA	NA	NA	NA	NA	NA	NA	NA	NA	NA	NA	Yes	NA	NA	NA	NA	NA	NA	NA	NA	NA	NA	NA	No	NA	NA	NA	NA	NA	NA	NA	NA	NA	NA	NA	No	NA	NA	NA	NA	NA	NA	NA	NA	NA	NA	NA	No	NA	NA	NA	NA	NA	NA	NA	NA	NA	NA	NA	No	NA	NA	NA	NA	NA	NA	NA	NA	NA	No	NA	NA	NA
SRR16988859	Serinales	NA	NA	Yes	NA	NA	NA	NA	NA	NA	NA	NA	NA	NA	NA	Yes	NA	NA	NA	NA	NA	NA	NA	NA	NA	NA	NA	Yes	NA	NA	NA	NA	NA	NA	NA	NA	NA	NA	NA	No	NA	NA	NA	NA	NA	NA	NA	NA	NA	NA	NA	Yes	NA	NA	NA	NA	NA	NA	NA	NA	NA	NA	NA	Yes	NA	NA	NA	NA	NA	NA	NA	NA	NA	NA	NA	No	NA	NA	NA	NA	NA	NA	NA	NA	NA	NA	NA	No	NA	NA	NA	NA	NA	NA	NA	NA	NA	NA	NA	No	NA	NA	NA	NA	NA	NA	NA	NA	NA	NA	NA	No	NA	NA	NA	NA	NA	NA	NA	NA	NA	No	NA	NA	NA
SRR16988858	Serinales	NA	NA	Yes	NA	NA	NA	NA	NA	NA	NA	NA	NA	NA	NA	Yes	NA	NA	NA	NA	NA	NA	NA	NA	NA	NA	NA	Yes	NA	NA	NA	NA	NA	NA	NA	NA	NA	NA	NA	Yes	NA	NA	NA	NA	NA	NA	NA	NA	NA	NA	NA	Yes	NA	NA	NA	NA	NA	NA	NA	NA	NA	NA	NA	Yes	NA	NA	NA	NA	NA	NA	NA	NA	NA	NA	NA	No	NA	NA	NA	NA	NA	NA	NA	NA	NA	NA	NA	Yes	NA	NA	NA	NA	NA	NA	NA	NA	NA	NA	NA	No	NA	NA	NA	NA	NA	NA	NA	NA	NA	NA	NA	No	NA	NA	NA	NA	NA	NA	NA	NA	NA	No	NA	NA	NA
SRR16988857	Serinales	NA	NA	Yes	NA	NA	NA	NA	NA	NA	NA	NA	NA	NA	NA	Yes	NA	NA	NA	NA	NA	NA	NA	NA	NA	NA	NA	No	NA	NA	NA	NA	NA	NA	NA	NA	NA	NA	NA	Yes	NA	NA	NA	NA	NA	NA	NA	NA	NA	NA	NA	Yes	NA	NA	NA	NA	NA	NA	NA	NA	NA	NA	NA	Yes	NA	NA	NA	NA	NA	NA	NA	NA	NA	NA	NA	Yes	NA	NA	NA	NA	NA	NA	NA	NA	NA	NA	NA	Yes	NA	NA	NA	NA	NA	NA	NA	NA	NA	NA	NA	No	NA	NA	NA	NA	NA	NA	NA	NA	NA	NA	NA	No	NA	NA	NA	NA	NA	NA	NA	NA	NA	No	NA	NA	NA
SRR16988856	Serinales	NA	NA	Yes	NA	NA	NA	NA	NA	NA	NA	NA	NA	NA	NA	Yes	NA	NA	NA	NA	NA	NA	NA	NA	NA	NA	NA	Yes	NA	NA	NA	NA	NA	NA	NA	NA	NA	NA	NA	Yes	NA	NA	NA	NA	NA	NA	NA	NA	NA	NA	NA	Yes	NA	NA	NA	NA	NA	NA	NA	NA	NA	NA	NA	Yes	NA	NA	NA	NA	NA	NA	NA	NA	NA	NA	NA	No	NA	NA	NA	NA	NA	NA	NA	NA	NA	NA	NA	Yes	NA	NA	NA	NA	NA	NA	NA	NA	NA	NA	NA	No	NA	NA	NA	NA	NA	NA	NA	NA	NA	NA	NA	No	NA	NA	NA	NA	NA	NA	NA	NA	NA	No	NA	NA	NA
SRR16988855	Serinales	NA	NA	Yes	NA	NA	NA	NA	NA	NA	NA	NA	NA	NA	NA	Yes	NA	NA	NA	NA	NA	NA	NA	NA	NA	NA	NA	No	NA	NA	NA	NA	NA	NA	NA	NA	NA	NA	NA	Yes	NA	NA	NA	NA	NA	NA	NA	NA	NA	NA	NA	Yes	NA	NA	NA	NA	NA	NA	NA	NA	NA	NA	NA	Yes	NA	NA	NA	NA	NA	NA	NA	NA	NA	NA	NA	No	NA	NA	NA	NA	NA	NA	NA	NA	NA	NA	NA	Yes	NA	NA	NA	NA	NA	NA	NA	NA	NA	NA	NA	No	NA	NA	NA	NA	NA	NA	NA	NA	NA	NA	NA	No	NA	NA	NA	NA	NA	NA	NA	NA	NA	No	NA	NA	NA
SRR16988854	Serinales	NA	NA	NA	NA	NA	NA	NA	NA	NA	NA	NA	NA	NA	NA	NA	NA	NA	NA	NA	NA	NA	NA	NA	NA	NA	NA	NA	NA	NA	NA	NA	NA	NA	NA	NA	NA	NA	NA	NA	NA	NA	NA	NA	NA	NA	NA	NA	NA	NA	NA	NA	NA	NA	NA	NA	NA	NA	NA	NA	NA	NA	NA	NA	NA	NA	NA	NA	NA	NA	NA	NA	NA	NA	NA	NA	NA	NA	NA	NA	NA	NA	NA	NA	NA	NA	NA	NA	NA	NA	NA	NA	NA	NA	NA	NA	NA	NA	NA	NA	NA	NA	NA	NA	NA	NA	NA	NA	NA	NA	NA	NA	NA	NA	NA	NA	NA	NA	NA	NA	NA	NA	NA	NA	NA
SRR16988853	Serinales	NA	NA	NA	NA	NA	NA	NA	NA	NA	NA	NA	NA	NA	NA	NA	NA	NA	NA	NA	NA	NA	NA	NA	NA	NA	NA	NA	NA	NA	NA	NA	NA	NA	NA	NA	NA	NA	NA	NA	NA	NA	NA	NA	NA	NA	NA	NA	NA	NA	NA	NA	NA	NA	NA	NA	NA	NA	NA	NA	NA	NA	NA	NA	NA	NA	NA	NA	NA	NA	NA	NA	NA	NA	NA	NA	NA	NA	NA	NA	NA	NA	NA	NA	NA	NA	NA	NA	NA	NA	NA	NA	NA	NA	NA	NA	NA	NA	NA	NA	NA	NA	NA	NA	NA	NA	NA	NA	NA	NA	NA	NA	NA	NA	NA	NA	NA	NA	NA	NA	NA	NA	NA	NA	NA
SRR16988852	Serinales	NA	NA	Yes	NA	NA	NA	NA	NA	NA	NA	NA	NA	NA	NA	Yes	NA	NA	NA	NA	NA	NA	NA	NA	NA	NA	NA	No	NA	NA	NA	NA	NA	NA	NA	NA	NA	NA	NA	Yes	NA	NA	NA	NA	NA	NA	NA	NA	NA	NA	NA	Yes	NA	NA	NA	NA	NA	NA	NA	NA	NA	NA	NA	Yes	NA	NA	NA	NA	NA	NA	NA	NA	NA	NA	NA	No	NA	NA	NA	NA	NA	NA	NA	NA	NA	NA	NA	Yes	NA	NA	NA	NA	NA	NA	NA	NA	NA	NA	NA	No	NA	NA	NA	NA	NA	NA	NA	NA	NA	NA	NA	No	NA	NA	NA	NA	NA	NA	NA	NA	NA	NA	NA	NA	NA
SRR16988851	Serinales	NA	NA	Yes	NA	NA	NA	NA	NA	NA	NA	NA	NA	NA	NA	Yes	NA	NA	NA	NA	NA	NA	NA	NA	NA	NA	NA	No	NA	NA	NA	NA	NA	NA	NA	NA	NA	NA	NA	Yes	NA	NA	NA	NA	NA	NA	NA	NA	NA	NA	NA	Yes	NA	NA	NA	NA	NA	NA	NA	NA	NA	NA	NA	Yes	NA	NA	NA	NA	NA	NA	NA	NA	NA	NA	NA	Yes	NA	NA	NA	NA	NA	NA	NA	NA	NA	NA	NA	Yes	NA	NA	NA	NA	NA	NA	NA	NA	NA	NA	NA	No	NA	NA	NA	NA	NA	NA	NA	NA	NA	NA	NA	Yes	NA	NA	NA	NA	NA	NA	NA	NA	NA	No	NA	NA	NA
SRR16988850	Serinales	NA	NA	NA	NA	NA	NA	NA	NA	NA	NA	NA	NA	NA	NA	NA	NA	NA	NA	NA	NA	NA	NA	NA	NA	NA	NA	NA	NA	NA	NA	NA	NA	NA	NA	NA	NA	NA	NA	NA	NA	NA	NA	NA	NA	NA	NA	NA	NA	NA	NA	NA	NA	NA	NA	NA	NA	NA	NA	NA	NA	NA	NA	NA	NA	NA	NA	NA	NA	NA	NA	NA	NA	NA	NA	NA	NA	NA	NA	NA	NA	NA	NA	NA	NA	NA	NA	NA	NA	NA	NA	NA	NA	NA	NA	NA	NA	NA	NA	NA	NA	NA	NA	NA	NA	NA	NA	NA	NA	NA	NA	NA	NA	NA	NA	NA	NA	NA	NA	NA	NA	NA	NA	NA	NA
SRR16988848	Serinales	NA	NA	Yes	NA	NA	NA	NA	NA	NA	NA	NA	NA	NA	NA	Yes	NA	NA	NA	NA	NA	NA	NA	NA	NA	NA	NA	No	NA	NA	NA	NA	NA	NA	NA	NA	NA	NA	NA	Yes	NA	NA	NA	NA	NA	NA	NA	NA	NA	NA	NA	Yes	NA	NA	NA	NA	NA	NA	NA	NA	NA	NA	NA	Yes	NA	NA	NA	NA	NA	NA	NA	NA	NA	NA	NA	No	NA	NA	NA	NA	NA	NA	NA	NA	NA	NA	NA	Yes	NA	NA	NA	NA	NA	NA	NA	NA	NA	NA	NA	NA	NA	NA	NA	NA	NA	NA	NA	NA	NA	NA	NA	No	NA	NA	NA	NA	NA	NA	NA	NA	NA	No	NA	NA	NA
SRR16988847	Saccharomycetales	NA	NA	NA	NA	NA	NA	NA	NA	NA	NA	NA	NA	NA	NA	NA	NA	NA	NA	NA	NA	NA	NA	NA	NA	NA	NA	NA	NA	NA	NA	NA	NA	NA	NA	NA	NA	NA	NA	NA	NA	NA	NA	NA	NA	NA	NA	NA	NA	NA	NA	NA	NA	NA	NA	NA	NA	NA	NA	NA	NA	NA	NA	NA	NA	NA	NA	NA	NA	NA	NA	NA	NA	NA	NA	NA	NA	NA	NA	NA	NA	NA	NA	NA	NA	NA	NA	NA	NA	NA	NA	NA	NA	NA	NA	NA	NA	NA	NA	NA	NA	NA	NA	NA	NA	NA	NA	NA	NA	NA	NA	NA	NA	NA	NA	NA	NA	NA	NA	NA	NA	NA	NA	NA	NA
SRR16988846	Saccharomycetales	NA	NA	NA	NA	NA	NA	NA	NA	NA	NA	NA	NA	NA	NA	NA	NA	NA	NA	NA	NA	NA	NA	NA	NA	Yes	NA	NA	NA	NA	NA	NA	NA	NA	NA	NA	NA	Yes	NA	NA	NA	NA	NA	NA	NA	NA	NA	NA	NA	NA	NA	NA	NA	NA	NA	NA	NA	NA	NA	NA	NA	NA	NA	NA	NA	NA	NA	NA	NA	NA	NA	NA	NA	Yes	NA	NA	NA	NA	NA	NA	NA	NA	NA	NA	NA	NA	NA	NA	NA	NA	NA	NA	NA	NA	NA	NA	NA	No	NA	NA	NA	NA	NA	NA	NA	NA	NA	NA	NA	Yes	NA	NA	NA	NA	NA	NA	NA	NA	NA	NA	NA	NA	NA	NA	NA
SRR16988845	Serinales	NA	NA	No	NA	NA	NA	NA	NA	NA	NA	NA	NA	NA	NA	No	NA	NA	NA	NA	NA	NA	NA	NA	NA	NA	NA	Yes	NA	NA	NA	NA	NA	NA	NA	NA	NA	NA	NA	Yes	NA	NA	NA	NA	NA	NA	NA	NA	NA	NA	NA	Yes	NA	NA	NA	NA	NA	NA	NA	NA	NA	NA	NA	Yes	NA	NA	NA	NA	NA	NA	NA	NA	NA	NA	NA	Yes	NA	NA	NA	NA	NA	NA	NA	NA	NA	NA	NA	No	NA	NA	NA	NA	NA	NA	NA	NA	NA	NA	NA	No	NA	NA	NA	NA	NA	NA	NA	NA	NA	NA	NA	Yes	NA	NA	NA	NA	NA	NA	NA	NA	NA	Yes	NA	NA	NA
SRR16988844	Ascoideales	NA	NA	NA	NA	NA	NA	NA	NA	NA	NA	NA	No	NA	NA	NA	NA	NA	NA	NA	NA	NA	NA	NA	No	NA	NA	NA	NA	NA	NA	NA	NA	NA	NA	NA	Yes	NA	NA	NA	NA	NA	NA	NA	NA	NA	NA	NA	No	NA	NA	NA	NA	NA	NA	NA	NA	NA	NA	NA	Yes	NA	NA	NA	NA	NA	NA	NA	NA	NA	NA	NA	Yes	NA	NA	NA	NA	NA	NA	NA	NA	NA	NA	NA	Yes	NA	NA	NA	NA	NA	NA	NA	NA	NA	NA	NA	No	NA	NA	NA	NA	NA	NA	NA	NA	NA	NA	NA	Yes	NA	NA	NA	NA	NA	NA	NA	NA	NA	NA	NA	No	NA	NA	NA	NA
SRR16988843	Serinales	NA	NA	Yes	NA	NA	NA	NA	NA	NA	NA	NA	NA	NA	NA	Yes	NA	NA	NA	NA	NA	NA	NA	NA	NA	NA	NA	Yes	NA	NA	NA	NA	NA	NA	NA	NA	NA	NA	NA	Yes	NA	NA	NA	NA	NA	NA	NA	NA	NA	NA	NA	Yes	NA	NA	NA	NA	NA	NA	NA	NA	NA	NA	NA	Yes	NA	NA	NA	NA	NA	NA	NA	NA	NA	NA	NA	Yes	NA	NA	NA	NA	NA	NA	NA	NA	NA	NA	NA	Yes	NA	NA	NA	NA	NA	NA	NA	NA	NA	NA	NA	Yes	NA	NA	NA	NA	NA	NA	NA	NA	NA	NA	NA	Yes	NA	NA	NA	NA	NA	NA	NA	NA	NA	Yes	NA	NA	NA
SRR16988842	Serinales	NA	NA	Yes	NA	NA	NA	NA	NA	NA	NA	NA	NA	NA	NA	Yes	NA	NA	NA	NA	NA	NA	NA	NA	NA	NA	NA	Yes	NA	NA	NA	NA	NA	NA	NA	NA	NA	NA	NA	Yes	NA	NA	NA	NA	NA	NA	NA	NA	NA	NA	NA	Yes	NA	NA	NA	NA	NA	NA	NA	NA	NA	NA	NA	Yes	NA	NA	NA	NA	NA	NA	NA	NA	NA	NA	NA	Yes	NA	NA	NA	NA	NA	NA	NA	NA	NA	NA	NA	Yes	NA	NA	NA	NA	NA	NA	NA	NA	NA	NA	NA	No	NA	NA	NA	NA	NA	NA	NA	NA	NA	NA	NA	No	NA	NA	NA	NA	NA	NA	NA	NA	NA	NA	NA	NA	NA
SRR16988841	Serinales	NA	NA	Yes	NA	NA	NA	NA	NA	NA	NA	NA	NA	NA	NA	Yes	NA	NA	NA	NA	NA	NA	NA	NA	NA	NA	NA	Yes	NA	NA	NA	NA	NA	NA	NA	NA	NA	NA	NA	Yes	NA	NA	NA	NA	NA	NA	NA	NA	NA	NA	NA	Yes	NA	NA	NA	NA	NA	NA	NA	NA	NA	NA	NA	Yes	NA	NA	NA	NA	NA	NA	NA	NA	NA	NA	NA	Yes	NA	NA	NA	NA	NA	NA	NA	NA	NA	NA	NA	Yes	NA	NA	NA	NA	NA	NA	NA	NA	NA	NA	NA	Yes	NA	NA	NA	NA	NA	NA	NA	NA	NA	NA	NA	No	NA	NA	NA	NA	NA	NA	NA	NA	NA	Yes	NA	NA	NA
SRR16988840	Ascoideales	NA	NA	NA	NA	NA	NA	NA	NA	NA	NA	NA	No	NA	NA	NA	NA	NA	NA	NA	NA	NA	NA	NA	No	NA	NA	NA	NA	NA	NA	NA	NA	NA	NA	NA	Yes	NA	NA	NA	NA	NA	NA	NA	NA	NA	NA	NA	No	NA	NA	NA	NA	NA	NA	NA	NA	NA	NA	NA	Yes	NA	NA	NA	NA	NA	NA	NA	NA	NA	NA	NA	Yes	NA	NA	NA	NA	NA	NA	NA	NA	NA	NA	NA	Yes	NA	NA	NA	NA	NA	NA	NA	NA	NA	NA	NA	Yes	NA	NA	NA	NA	NA	NA	NA	NA	NA	NA	NA	Yes	NA	NA	NA	NA	NA	NA	NA	NA	NA	NA	NA	No	NA	NA	NA	NA
SRR16988839	Serinales	NA	NA	Yes	NA	NA	NA	NA	NA	NA	NA	NA	NA	NA	NA	Yes	NA	NA	NA	NA	NA	NA	NA	NA	NA	NA	NA	Yes	NA	NA	NA	NA	NA	NA	NA	NA	NA	NA	NA	Yes	NA	NA	NA	NA	NA	NA	NA	NA	NA	NA	NA	Yes	NA	NA	NA	NA	NA	NA	NA	NA	NA	NA	NA	Yes	NA	NA	NA	NA	NA	NA	NA	NA	NA	NA	NA	No	NA	NA	NA	NA	NA	NA	NA	NA	NA	NA	NA	Yes	NA	NA	NA	NA	NA	NA	NA	NA	NA	NA	NA	No	NA	NA	NA	NA	NA	NA	NA	NA	NA	NA	NA	No	NA	NA	NA	NA	NA	NA	NA	NA	NA	No	NA	NA	NA
SRR16988836	Ascoideales	NA	NA	NA	NA	NA	NA	NA	NA	NA	NA	NA	No	NA	NA	NA	NA	NA	NA	NA	NA	NA	NA	NA	No	NA	NA	NA	NA	NA	NA	NA	NA	NA	NA	NA	No	NA	NA	NA	NA	NA	NA	NA	NA	NA	NA	NA	Yes	NA	NA	NA	NA	NA	NA	NA	NA	NA	NA	NA	No	NA	NA	NA	NA	NA	NA	NA	NA	NA	NA	NA	No	NA	NA	NA	NA	NA	NA	NA	NA	NA	NA	NA	No	NA	NA	NA	NA	NA	NA	NA	NA	NA	NA	NA	No	NA	NA	NA	NA	NA	NA	NA	NA	NA	NA	NA	Yes	NA	NA	NA	NA	NA	NA	NA	NA	NA	NA	NA	No	NA	NA	NA	NA
SRR16988835	Serinales	NA	NA	Yes	NA	NA	NA	NA	NA	NA	NA	NA	NA	NA	NA	Yes	NA	NA	NA	NA	NA	NA	NA	NA	NA	NA	NA	Yes	NA	NA	NA	NA	NA	NA	NA	NA	NA	NA	NA	Yes	NA	NA	NA	NA	NA	NA	NA	NA	NA	NA	NA	Yes	NA	NA	NA	NA	NA	NA	NA	NA	NA	NA	NA	Yes	NA	NA	NA	NA	NA	NA	NA	NA	NA	NA	NA	Yes	NA	NA	NA	NA	NA	NA	NA	NA	NA	NA	NA	No	NA	NA	NA	NA	NA	NA	NA	NA	NA	NA	NA	No	NA	NA	NA	NA	NA	NA	NA	NA	NA	NA	NA	NA	NA	NA	NA	NA	NA	NA	NA	NA	NA	No	NA	NA	NA
SRR16988834	Dipodascales	NA	NA	NA	NA	Yes	NA	NA	NA	NA	NA	NA	NA	NA	NA	NA	NA	Yes	NA	NA	NA	NA	NA	NA	NA	NA	NA	NA	NA	Yes	NA	NA	NA	NA	NA	NA	NA	NA	NA	NA	NA	Yes	NA	NA	NA	NA	NA	NA	NA	NA	NA	NA	NA	Yes	NA	NA	NA	NA	NA	NA	NA	NA	NA	NA	NA	Yes	NA	NA	NA	NA	NA	NA	NA	NA	NA	NA	NA	Yes	NA	NA	NA	NA	NA	NA	NA	NA	NA	NA	NA	No	NA	NA	NA	NA	NA	NA	NA	NA	NA	NA	NA	Yes	NA	NA	NA	NA	NA	NA	NA	NA	NA	NA	NA	No	NA	NA	NA	NA	NA	NA	NA	NA	NA	NA	NA
SRR16988833	Dipodascales	NA	NA	NA	NA	NA	NA	NA	NA	NA	NA	NA	NA	NA	NA	NA	NA	NA	NA	NA	NA	NA	NA	NA	NA	NA	NA	NA	NA	NA	NA	NA	NA	NA	NA	NA	NA	NA	NA	NA	NA	NA	NA	NA	NA	NA	NA	NA	NA	NA	NA	NA	NA	NA	NA	NA	NA	NA	NA	NA	NA	NA	NA	NA	NA	NA	NA	NA	NA	NA	NA	NA	NA	NA	NA	NA	NA	NA	NA	NA	NA	NA	NA	NA	NA	NA	NA	NA	NA	NA	NA	NA	NA	NA	NA	NA	NA	NA	NA	NA	NA	NA	NA	NA	NA	NA	NA	NA	NA	NA	NA	NA	NA	NA	NA	NA	NA	NA	NA	NA	NA	NA	NA	NA	NA
SRR16989169	Dipodascales	NA	NA	NA	NA	Yes	NA	NA	NA	NA	NA	NA	NA	NA	NA	NA	NA	Yes	NA	NA	NA	NA	NA	NA	NA	NA	NA	NA	NA	Yes	NA	NA	NA	NA	NA	NA	NA	NA	NA	NA	NA	Yes	NA	NA	NA	NA	NA	NA	NA	NA	NA	NA	NA	Yes	NA	NA	NA	NA	NA	NA	NA	NA	NA	NA	NA	Yes	NA	NA	NA	NA	NA	NA	NA	NA	NA	NA	NA	Yes	NA	NA	NA	NA	NA	NA	NA	NA	NA	NA	NA	Yes	NA	NA	NA	NA	NA	NA	NA	NA	NA	NA	NA	Yes	NA	NA	NA	NA	NA	NA	NA	NA	NA	NA	NA	No	NA	NA	NA	NA	NA	NA	NA	NA	NA	NA	NA
SRR16989168	Dipodascales	NA	NA	NA	NA	Yes	NA	NA	NA	NA	NA	NA	NA	NA	NA	NA	NA	No	NA	NA	NA	NA	NA	NA	NA	NA	NA	NA	NA	No	NA	NA	NA	NA	NA	NA	NA	NA	NA	NA	NA	Yes	NA	NA	NA	NA	NA	NA	NA	NA	NA	NA	NA	No	NA	NA	NA	NA	NA	NA	NA	NA	NA	NA	NA	Yes	NA	NA	NA	NA	NA	NA	NA	NA	NA	NA	NA	Yes	NA	NA	NA	NA	NA	NA	NA	NA	NA	NA	NA	Yes	NA	NA	NA	NA	NA	NA	NA	NA	NA	NA	NA	Yes	NA	NA	NA	NA	NA	NA	NA	NA	NA	NA	NA	No	NA	NA	NA	NA	NA	NA	NA	NA	NA	NA	NA
SRR16989167	Dipodascales	NA	NA	NA	NA	Yes	NA	NA	NA	NA	NA	NA	NA	NA	NA	NA	NA	Yes	NA	NA	NA	NA	NA	NA	NA	NA	NA	NA	NA	No	NA	NA	NA	NA	NA	NA	NA	NA	NA	NA	NA	Yes	NA	NA	NA	NA	NA	NA	NA	NA	NA	NA	NA	NA	NA	NA	NA	NA	NA	NA	NA	NA	NA	NA	NA	NA	NA	NA	NA	NA	NA	NA	NA	NA	NA	NA	NA	No	NA	NA	NA	NA	NA	NA	NA	NA	NA	NA	NA	Yes	NA	NA	NA	NA	NA	NA	NA	NA	NA	NA	NA	Yes	NA	NA	NA	NA	NA	NA	NA	NA	NA	NA	NA	No	NA	NA	NA	NA	NA	NA	NA	NA	NA	NA	NA
SRR16989166	Dipodascales	NA	NA	NA	NA	Yes	NA	NA	NA	NA	NA	NA	NA	NA	NA	NA	NA	Yes	NA	NA	NA	NA	NA	NA	NA	NA	NA	NA	NA	Yes	NA	NA	NA	NA	NA	NA	NA	NA	NA	NA	NA	Yes	NA	NA	NA	NA	NA	NA	NA	NA	NA	NA	NA	NA	NA	NA	NA	NA	NA	NA	NA	NA	NA	NA	NA	NA	NA	NA	NA	NA	NA	NA	NA	NA	NA	NA	NA	Yes	NA	NA	NA	NA	NA	NA	NA	NA	NA	NA	NA	No	NA	NA	NA	NA	NA	NA	NA	NA	NA	NA	NA	Yes	NA	NA	NA	NA	NA	NA	NA	NA	NA	NA	NA	Yes	NA	NA	NA	NA	NA	NA	NA	NA	NA	NA	NA
SRR16989165	Dipodascales	NA	NA	NA	NA	NA	NA	NA	NA	NA	NA	NA	NA	NA	NA	NA	NA	NA	NA	NA	NA	NA	NA	NA	NA	NA	NA	NA	NA	NA	NA	NA	NA	NA	NA	NA	NA	NA	NA	NA	NA	NA	NA	NA	NA	NA	NA	NA	NA	NA	NA	NA	NA	NA	NA	NA	NA	NA	NA	NA	NA	NA	NA	NA	NA	NA	NA	NA	NA	NA	NA	NA	NA	NA	NA	NA	NA	NA	NA	NA	NA	NA	NA	NA	NA	NA	NA	NA	NA	NA	NA	NA	NA	NA	NA	NA	NA	NA	NA	NA	NA	NA	NA	NA	NA	NA	NA	NA	NA	NA	NA	NA	NA	NA	NA	NA	NA	NA	NA	NA	NA	NA	NA	NA	NA
SRR16989164	Serinales	NA	NA	Yes	NA	NA	NA	NA	NA	NA	NA	NA	NA	NA	NA	Yes	NA	NA	NA	NA	NA	NA	NA	NA	NA	NA	NA	Yes	NA	NA	NA	NA	NA	NA	NA	NA	NA	NA	NA	No	NA	NA	NA	NA	NA	NA	NA	NA	NA	NA	NA	Yes	NA	NA	NA	NA	NA	NA	NA	NA	NA	NA	NA	Yes	NA	NA	NA	NA	NA	NA	NA	NA	NA	NA	NA	No	NA	NA	NA	NA	NA	NA	NA	NA	NA	NA	NA	No	NA	NA	NA	NA	NA	NA	NA	NA	NA	NA	NA	Yes	NA	NA	NA	NA	NA	NA	NA	NA	NA	NA	NA	No	NA	NA	NA	NA	NA	NA	NA	NA	NA	Yes	NA	NA	NA
SRR16989162	Serinales	NA	NA	Yes	NA	NA	NA	NA	NA	NA	NA	NA	NA	NA	NA	Yes	NA	NA	NA	NA	NA	NA	NA	NA	NA	NA	NA	Yes	NA	NA	NA	NA	NA	NA	NA	NA	NA	NA	NA	Yes	NA	NA	NA	NA	NA	NA	NA	NA	NA	NA	NA	Yes	NA	NA	NA	NA	NA	NA	NA	NA	NA	NA	NA	Yes	NA	NA	NA	NA	NA	NA	NA	NA	NA	NA	NA	Yes	NA	NA	NA	NA	NA	NA	NA	NA	NA	NA	NA	Yes	NA	NA	NA	NA	NA	NA	NA	NA	NA	NA	NA	Yes	NA	NA	NA	NA	NA	NA	NA	NA	NA	NA	NA	No	NA	NA	NA	NA	NA	NA	NA	NA	NA	Yes	NA	NA	NA
SRR16989161	Serinales	NA	NA	Yes	NA	NA	NA	NA	NA	NA	NA	NA	NA	NA	NA	Yes	NA	NA	NA	NA	NA	NA	NA	NA	NA	NA	NA	Yes	NA	NA	NA	NA	NA	NA	NA	NA	NA	NA	NA	Yes	NA	NA	NA	NA	NA	NA	NA	NA	NA	NA	NA	Yes	NA	NA	NA	NA	NA	NA	NA	NA	NA	NA	NA	Yes	NA	NA	NA	NA	NA	NA	NA	NA	NA	NA	NA	No	NA	NA	NA	NA	NA	NA	NA	NA	NA	NA	NA	Yes	NA	NA	NA	NA	NA	NA	NA	NA	NA	NA	NA	Yes	NA	NA	NA	NA	NA	NA	NA	NA	NA	NA	NA	Yes	NA	NA	NA	NA	NA	NA	NA	NA	NA	Yes	NA	NA	NA
SRR16989160	Serinales	NA	NA	No	NA	NA	NA	NA	NA	NA	NA	NA	NA	NA	NA	No	NA	NA	NA	NA	NA	NA	NA	NA	NA	NA	NA	No	NA	NA	NA	NA	NA	NA	NA	NA	NA	NA	NA	Yes	NA	NA	NA	NA	NA	NA	NA	NA	NA	NA	NA	No	NA	NA	NA	NA	NA	NA	NA	NA	NA	NA	NA	Yes	NA	NA	NA	NA	NA	NA	NA	NA	NA	NA	NA	No	NA	NA	NA	NA	NA	NA	NA	NA	NA	NA	NA	Yes	NA	NA	NA	NA	NA	NA	NA	NA	NA	NA	NA	Yes	NA	NA	NA	NA	NA	NA	NA	NA	NA	NA	NA	No	NA	NA	NA	NA	NA	NA	NA	NA	NA	No	NA	NA	NA
SRR16989159	Ascoideales	NA	NA	NA	NA	NA	NA	NA	NA	NA	NA	NA	No	NA	NA	NA	NA	NA	NA	NA	NA	NA	NA	NA	No	NA	NA	NA	NA	NA	NA	NA	NA	NA	NA	NA	No	NA	NA	NA	NA	NA	NA	NA	NA	NA	NA	NA	Yes	NA	NA	NA	NA	NA	NA	NA	NA	NA	NA	NA	Yes	NA	NA	NA	NA	NA	NA	NA	NA	NA	NA	NA	No	NA	NA	NA	NA	NA	NA	NA	NA	NA	NA	NA	No	NA	NA	NA	NA	NA	NA	NA	NA	NA	NA	NA	No	NA	NA	NA	NA	NA	NA	NA	NA	NA	NA	NA	Yes	NA	NA	NA	NA	NA	NA	NA	NA	NA	NA	NA	No	NA	NA	NA	NA
SRR16989158	Ascoideales	NA	NA	NA	NA	NA	NA	NA	NA	NA	NA	NA	No	NA	NA	NA	NA	NA	NA	NA	NA	NA	NA	NA	No	NA	NA	NA	NA	NA	NA	NA	NA	NA	NA	NA	Yes	NA	NA	NA	NA	NA	NA	NA	NA	NA	NA	NA	No	NA	NA	NA	NA	NA	NA	NA	NA	NA	NA	NA	Yes	NA	NA	NA	NA	NA	NA	NA	NA	NA	NA	NA	Yes	NA	NA	NA	NA	NA	NA	NA	NA	NA	NA	NA	No	NA	NA	NA	NA	NA	NA	NA	NA	NA	NA	NA	No	NA	NA	NA	NA	NA	NA	NA	NA	NA	NA	NA	Yes	NA	NA	NA	NA	NA	NA	NA	NA	NA	NA	NA	Yes	NA	NA	NA	NA
SRR16989157	Ascoideales	NA	NA	NA	NA	NA	NA	NA	NA	NA	NA	NA	NA	NA	NA	NA	NA	NA	NA	NA	NA	NA	NA	NA	NA	NA	NA	NA	NA	NA	NA	NA	NA	NA	NA	NA	NA	NA	NA	NA	NA	NA	NA	NA	NA	NA	NA	NA	NA	NA	NA	NA	NA	NA	NA	NA	NA	NA	NA	NA	NA	NA	NA	NA	NA	NA	NA	NA	NA	NA	NA	NA	NA	NA	NA	NA	NA	NA	NA	NA	NA	NA	NA	NA	NA	NA	NA	NA	NA	NA	NA	NA	NA	NA	NA	NA	NA	NA	NA	NA	NA	NA	NA	NA	NA	NA	NA	NA	NA	NA	NA	NA	NA	NA	NA	NA	NA	NA	NA	NA	NA	NA	NA	NA	NA
SRR16989156	Serinales	NA	NA	Yes	NA	NA	NA	NA	NA	NA	NA	NA	NA	NA	NA	Yes	NA	NA	NA	NA	NA	NA	NA	NA	NA	NA	NA	Yes	NA	NA	NA	NA	NA	NA	NA	NA	NA	NA	NA	Yes	NA	NA	NA	NA	NA	NA	NA	NA	NA	NA	NA	Yes	NA	NA	NA	NA	NA	NA	NA	NA	NA	NA	NA	Yes	NA	NA	NA	NA	NA	NA	NA	NA	NA	NA	NA	No	NA	NA	NA	NA	NA	NA	NA	NA	NA	NA	NA	Yes	NA	NA	NA	NA	NA	NA	NA	NA	NA	NA	NA	Yes	NA	NA	NA	NA	NA	NA	NA	NA	NA	NA	NA	No	NA	NA	NA	NA	NA	NA	NA	NA	NA	No	NA	NA	NA
SRR16989155	Serinales	NA	NA	Yes	NA	NA	NA	NA	NA	NA	NA	NA	NA	NA	NA	Yes	NA	NA	NA	NA	NA	NA	NA	NA	NA	NA	NA	Yes	NA	NA	NA	NA	NA	NA	NA	NA	NA	NA	NA	Yes	NA	NA	NA	NA	NA	NA	NA	NA	NA	NA	NA	Yes	NA	NA	NA	NA	NA	NA	NA	NA	NA	NA	NA	No	NA	NA	NA	NA	NA	NA	NA	NA	NA	NA	NA	No	NA	NA	NA	NA	NA	NA	NA	NA	NA	NA	NA	Yes	NA	NA	NA	NA	NA	NA	NA	NA	NA	NA	NA	Yes	NA	NA	NA	NA	NA	NA	NA	NA	NA	NA	NA	No	NA	NA	NA	NA	NA	NA	NA	NA	NA	No	NA	NA	NA
SRR16989154	Serinales	NA	NA	NA	NA	NA	NA	NA	NA	NA	NA	NA	NA	NA	NA	NA	NA	NA	NA	NA	NA	NA	NA	NA	NA	NA	NA	NA	NA	NA	NA	NA	NA	NA	NA	NA	NA	NA	NA	NA	NA	NA	NA	NA	NA	NA	NA	NA	NA	NA	NA	NA	NA	NA	NA	NA	NA	NA	NA	NA	NA	NA	NA	NA	NA	NA	NA	NA	NA	NA	NA	NA	NA	NA	NA	NA	NA	NA	NA	NA	NA	NA	NA	NA	NA	NA	NA	NA	NA	NA	NA	NA	NA	NA	NA	NA	NA	NA	NA	NA	NA	NA	NA	NA	NA	NA	NA	NA	NA	NA	NA	NA	NA	NA	NA	NA	NA	NA	NA	NA	NA	NA	NA	NA	NA
SRR16989153	Serinales	NA	NA	NA	NA	NA	NA	NA	NA	NA	NA	NA	NA	NA	NA	NA	NA	NA	NA	NA	NA	NA	NA	NA	NA	NA	NA	NA	NA	NA	NA	NA	NA	NA	NA	NA	NA	NA	NA	NA	NA	NA	NA	NA	NA	NA	NA	NA	NA	NA	NA	NA	NA	NA	NA	NA	NA	NA	NA	NA	NA	NA	NA	NA	NA	NA	NA	NA	NA	NA	NA	NA	NA	NA	NA	NA	NA	NA	NA	NA	NA	NA	NA	NA	NA	NA	NA	NA	NA	NA	NA	NA	NA	NA	NA	NA	NA	NA	NA	NA	NA	NA	NA	NA	NA	NA	NA	NA	NA	NA	NA	NA	NA	NA	NA	NA	NA	NA	NA	NA	NA	NA	NA	NA	NA
SRR16989151	Serinales	NA	NA	Yes	NA	NA	NA	NA	NA	NA	NA	NA	NA	NA	NA	Yes	NA	NA	NA	NA	NA	NA	NA	NA	NA	NA	NA	No	NA	NA	NA	NA	NA	NA	NA	NA	NA	NA	NA	Yes	NA	NA	NA	NA	NA	NA	NA	NA	NA	NA	NA	Yes	NA	NA	NA	NA	NA	NA	NA	NA	NA	NA	NA	Yes	NA	NA	NA	NA	NA	NA	NA	NA	NA	NA	NA	No	NA	NA	NA	NA	NA	NA	NA	NA	NA	NA	NA	Yes	NA	NA	NA	NA	NA	NA	NA	NA	NA	NA	NA	Yes	NA	NA	NA	NA	NA	NA	NA	NA	NA	NA	NA	No	NA	NA	NA	NA	NA	NA	NA	NA	NA	Yes	NA	NA	NA
SRR16989150	Serinales	NA	NA	Yes	NA	NA	NA	NA	NA	NA	NA	NA	NA	NA	NA	Yes	NA	NA	NA	NA	NA	NA	NA	NA	NA	NA	NA	Yes	NA	NA	NA	NA	NA	NA	NA	NA	NA	NA	NA	Yes	NA	NA	NA	NA	NA	NA	NA	NA	NA	NA	NA	Yes	NA	NA	NA	NA	NA	NA	NA	NA	NA	NA	NA	No	NA	NA	NA	NA	NA	NA	NA	NA	NA	NA	NA	Yes	NA	NA	NA	NA	NA	NA	NA	NA	NA	NA	NA	Yes	NA	NA	NA	NA	NA	NA	NA	NA	NA	NA	NA	No	NA	NA	NA	NA	NA	NA	NA	NA	NA	NA	NA	NA	NA	NA	NA	NA	NA	NA	NA	NA	NA	Yes	NA	NA	NA
SRR16989149	Ascoideales	NA	NA	NA	NA	NA	NA	NA	NA	NA	NA	NA	Yes	NA	NA	NA	NA	NA	NA	NA	NA	NA	NA	NA	Yes	NA	NA	NA	NA	NA	NA	NA	NA	NA	NA	NA	Yes	NA	NA	NA	NA	NA	NA	NA	NA	NA	NA	NA	No	NA	NA	NA	NA	NA	NA	NA	NA	NA	NA	NA	No	NA	NA	NA	NA	NA	NA	NA	NA	NA	NA	NA	Yes	NA	NA	NA	NA	NA	NA	NA	NA	NA	NA	NA	No	NA	NA	NA	NA	NA	NA	NA	NA	NA	NA	NA	Yes	NA	NA	NA	NA	NA	NA	NA	NA	NA	NA	NA	Yes	NA	NA	NA	NA	NA	NA	NA	NA	NA	NA	NA	Yes	NA	NA	NA	NA
SRR16989148	Ascoideales	NA	NA	NA	NA	NA	NA	NA	NA	NA	NA	NA	NA	NA	NA	NA	NA	NA	NA	NA	NA	NA	NA	NA	NA	NA	NA	NA	NA	NA	NA	NA	NA	NA	NA	NA	NA	NA	NA	NA	NA	NA	NA	NA	NA	NA	NA	NA	NA	NA	NA	NA	NA	NA	NA	NA	NA	NA	NA	NA	NA	NA	NA	NA	NA	NA	NA	NA	NA	NA	NA	NA	NA	NA	NA	NA	NA	NA	NA	NA	NA	NA	NA	NA	NA	NA	NA	NA	NA	NA	NA	NA	NA	NA	NA	NA	NA	NA	NA	NA	NA	NA	NA	NA	NA	NA	NA	NA	NA	NA	NA	NA	NA	NA	NA	NA	NA	NA	NA	NA	NA	NA	NA	NA	NA
SRR16989147	Ascoideales	NA	NA	NA	NA	NA	NA	NA	NA	NA	NA	NA	No	NA	NA	NA	NA	NA	NA	NA	NA	NA	NA	NA	No	NA	NA	NA	NA	NA	NA	NA	NA	NA	NA	NA	No	NA	NA	NA	NA	NA	NA	NA	NA	NA	NA	NA	Yes	NA	NA	NA	NA	NA	NA	NA	NA	NA	NA	NA	No	NA	NA	NA	NA	NA	NA	NA	NA	NA	NA	NA	No	NA	NA	NA	NA	NA	NA	NA	NA	NA	NA	NA	No	NA	NA	NA	NA	NA	NA	NA	NA	NA	NA	NA	No	NA	NA	NA	NA	NA	NA	NA	NA	NA	NA	NA	Yes	NA	NA	NA	NA	NA	NA	NA	NA	NA	NA	NA	No	NA	NA	NA	NA
SRR16989146	Ascoideales	NA	NA	NA	NA	NA	NA	NA	NA	NA	NA	NA	No	NA	NA	NA	NA	NA	NA	NA	NA	NA	NA	NA	No	NA	NA	NA	NA	NA	NA	NA	NA	NA	NA	NA	No	NA	NA	NA	NA	NA	NA	NA	NA	NA	NA	NA	Yes	NA	NA	NA	NA	NA	NA	NA	NA	NA	NA	NA	No	NA	NA	NA	NA	NA	NA	NA	NA	NA	NA	NA	Yes	NA	NA	NA	NA	NA	NA	NA	NA	NA	NA	NA	Yes	NA	NA	NA	NA	NA	NA	NA	NA	NA	NA	NA	No	NA	NA	NA	NA	NA	NA	NA	NA	NA	NA	NA	Yes	NA	NA	NA	NA	NA	NA	NA	NA	NA	NA	NA	No	NA	NA	NA	NA
SRR16989145	Pichiales	NA	NA	NA	Yes	NA	NA	NA	NA	NA	NA	NA	NA	NA	NA	NA	Yes	NA	NA	NA	NA	NA	NA	NA	NA	NA	NA	NA	Yes	NA	NA	NA	NA	NA	NA	NA	NA	NA	NA	NA	Yes	NA	NA	NA	NA	NA	NA	NA	NA	NA	NA	NA	NA	NA	NA	NA	NA	NA	NA	NA	NA	NA	NA	NA	Yes	NA	NA	NA	NA	NA	NA	NA	NA	NA	NA	NA	No	NA	NA	NA	NA	NA	NA	NA	NA	NA	NA	NA	Yes	NA	NA	NA	NA	NA	NA	NA	NA	NA	NA	NA	NA	NA	NA	NA	NA	NA	NA	NA	NA	NA	NA	NA	Yes	NA	NA	NA	NA	NA	NA	NA	NA	NA	No	NA	NA
SRR16989144	Pichiales	NA	NA	NA	Yes	NA	NA	NA	NA	NA	NA	NA	NA	NA	NA	NA	Yes	NA	NA	NA	NA	NA	NA	NA	NA	NA	NA	NA	Yes	NA	NA	NA	NA	NA	NA	NA	NA	NA	NA	NA	Yes	NA	NA	NA	NA	NA	NA	NA	NA	NA	NA	NA	Yes	NA	NA	NA	NA	NA	NA	NA	NA	NA	NA	NA	Yes	NA	NA	NA	NA	NA	NA	NA	NA	NA	NA	NA	Yes	NA	NA	NA	NA	NA	NA	NA	NA	NA	NA	NA	Yes	NA	NA	NA	NA	NA	NA	NA	NA	NA	NA	NA	NA	NA	NA	NA	NA	NA	NA	NA	NA	NA	NA	NA	Yes	NA	NA	NA	NA	NA	NA	NA	NA	NA	NA	NA	NA
SRR16989143	Pichiales	NA	NA	NA	Yes	NA	NA	NA	NA	NA	NA	NA	NA	NA	NA	NA	Yes	NA	NA	NA	NA	NA	NA	NA	NA	NA	NA	NA	Yes	NA	NA	NA	NA	NA	NA	NA	NA	NA	NA	NA	Yes	NA	NA	NA	NA	NA	NA	NA	NA	NA	NA	NA	Yes	NA	NA	NA	NA	NA	NA	NA	NA	NA	NA	NA	Yes	NA	NA	NA	NA	NA	NA	NA	NA	NA	NA	NA	No	NA	NA	NA	NA	NA	NA	NA	NA	NA	NA	NA	Yes	NA	NA	NA	NA	NA	NA	NA	NA	NA	NA	NA	Yes	NA	NA	NA	NA	NA	NA	NA	NA	NA	NA	NA	NA	NA	NA	NA	NA	NA	NA	NA	NA	NA	Yes	NA	NA
SRR16989115	Serinales	NA	NA	Yes	NA	NA	NA	NA	NA	NA	NA	NA	NA	NA	NA	Yes	NA	NA	NA	NA	NA	NA	NA	NA	NA	NA	NA	No	NA	NA	NA	NA	NA	NA	NA	NA	NA	NA	NA	Yes	NA	NA	NA	NA	NA	NA	NA	NA	NA	NA	NA	NA	NA	NA	NA	NA	NA	NA	NA	NA	NA	NA	NA	NA	NA	NA	NA	NA	NA	NA	NA	NA	NA	NA	NA	No	NA	NA	NA	NA	NA	NA	NA	NA	NA	NA	NA	No	NA	NA	NA	NA	NA	NA	NA	NA	NA	NA	NA	NA	NA	NA	NA	NA	NA	NA	NA	NA	NA	NA	NA	No	NA	NA	NA	NA	NA	NA	NA	NA	NA	No	NA	NA	NA
SRR16989112	Serinales	NA	NA	Yes	NA	NA	NA	NA	NA	NA	NA	NA	NA	NA	NA	Yes	NA	NA	NA	NA	NA	NA	NA	NA	NA	NA	NA	No	NA	NA	NA	NA	NA	NA	NA	NA	NA	NA	NA	Yes	NA	NA	NA	NA	NA	NA	NA	NA	NA	NA	NA	Yes	NA	NA	NA	NA	NA	NA	NA	NA	NA	NA	NA	Yes	NA	NA	NA	NA	NA	NA	NA	NA	NA	NA	NA	No	NA	NA	NA	NA	NA	NA	NA	NA	NA	NA	NA	No	NA	NA	NA	NA	NA	NA	NA	NA	NA	NA	NA	No	NA	NA	NA	NA	NA	NA	NA	NA	NA	NA	NA	NA	NA	NA	NA	NA	NA	NA	NA	NA	NA	No	NA	NA	NA
SRR16989111	Serinales	NA	NA	Yes	NA	NA	NA	NA	NA	NA	NA	NA	NA	NA	NA	Yes	NA	NA	NA	NA	NA	NA	NA	NA	NA	NA	NA	No	NA	NA	NA	NA	NA	NA	NA	NA	NA	NA	NA	Yes	NA	NA	NA	NA	NA	NA	NA	NA	NA	NA	NA	NA	NA	NA	NA	NA	NA	NA	NA	NA	NA	NA	NA	NA	NA	NA	NA	NA	NA	NA	NA	NA	NA	NA	NA	No	NA	NA	NA	NA	NA	NA	NA	NA	NA	NA	NA	No	NA	NA	NA	NA	NA	NA	NA	NA	NA	NA	NA	NA	NA	NA	NA	NA	NA	NA	NA	NA	NA	NA	NA	No	NA	NA	NA	NA	NA	NA	NA	NA	NA	No	NA	NA	NA
SRR16989110	Serinales	NA	NA	Yes	NA	NA	NA	NA	NA	NA	NA	NA	NA	NA	NA	Yes	NA	NA	NA	NA	NA	NA	NA	NA	NA	NA	NA	Yes	NA	NA	NA	NA	NA	NA	NA	NA	NA	NA	NA	Yes	NA	NA	NA	NA	NA	NA	NA	NA	NA	NA	NA	No	NA	NA	NA	NA	NA	NA	NA	NA	NA	NA	NA	Yes	NA	NA	NA	NA	NA	NA	NA	NA	NA	NA	NA	No	NA	NA	NA	NA	NA	NA	NA	NA	NA	NA	NA	Yes	NA	NA	NA	NA	NA	NA	NA	NA	NA	NA	NA	No	NA	NA	NA	NA	NA	NA	NA	NA	NA	NA	NA	Yes	NA	NA	NA	NA	NA	NA	NA	NA	NA	No	NA	NA	NA
SRR16989109	Serinales	NA	NA	Yes	NA	NA	NA	NA	NA	NA	NA	NA	NA	NA	NA	Yes	NA	NA	NA	NA	NA	NA	NA	NA	NA	NA	NA	No	NA	NA	NA	NA	NA	NA	NA	NA	NA	NA	NA	Yes	NA	NA	NA	NA	NA	NA	NA	NA	NA	NA	NA	Yes	NA	NA	NA	NA	NA	NA	NA	NA	NA	NA	NA	No	NA	NA	NA	NA	NA	NA	NA	NA	NA	NA	NA	No	NA	NA	NA	NA	NA	NA	NA	NA	NA	NA	NA	No	NA	NA	NA	NA	NA	NA	NA	NA	NA	NA	NA	No	NA	NA	NA	NA	NA	NA	NA	NA	NA	NA	NA	No	NA	NA	NA	NA	NA	NA	NA	NA	NA	No	NA	NA	NA
SRR16989108	Serinales	NA	NA	Yes	NA	NA	NA	NA	NA	NA	NA	NA	NA	NA	NA	Yes	NA	NA	NA	NA	NA	NA	NA	NA	NA	NA	NA	Yes	NA	NA	NA	NA	NA	NA	NA	NA	NA	NA	NA	Yes	NA	NA	NA	NA	NA	NA	NA	NA	NA	NA	NA	No	NA	NA	NA	NA	NA	NA	NA	NA	NA	NA	NA	Yes	NA	NA	NA	NA	NA	NA	NA	NA	NA	NA	NA	No	NA	NA	NA	NA	NA	NA	NA	NA	NA	NA	NA	No	NA	NA	NA	NA	NA	NA	NA	NA	NA	NA	NA	No	NA	NA	NA	NA	NA	NA	NA	NA	NA	NA	NA	No	NA	NA	NA	NA	NA	NA	NA	NA	NA	NA	NA	NA	NA
SRR16989107	Serinales	NA	NA	NA	NA	NA	NA	NA	NA	NA	NA	NA	NA	NA	NA	NA	NA	NA	NA	NA	NA	NA	NA	NA	NA	NA	NA	NA	NA	NA	NA	NA	NA	NA	NA	NA	NA	NA	NA	NA	NA	NA	NA	NA	NA	NA	NA	NA	NA	NA	NA	NA	NA	NA	NA	NA	NA	NA	NA	NA	NA	NA	NA	NA	NA	NA	NA	NA	NA	NA	NA	NA	NA	NA	NA	NA	NA	NA	NA	NA	NA	NA	NA	NA	NA	NA	NA	NA	NA	NA	NA	NA	NA	NA	NA	NA	NA	NA	NA	NA	NA	NA	NA	NA	NA	NA	NA	NA	NA	NA	NA	Yes	NA	NA	NA	NA	NA	NA	NA	NA	NA	No	NA	NA	NA
SRR16989106	Serinales	NA	NA	Yes	NA	NA	NA	NA	NA	NA	NA	NA	NA	NA	NA	Yes	NA	NA	NA	NA	NA	NA	NA	NA	NA	NA	NA	No	NA	NA	NA	NA	NA	NA	NA	NA	NA	NA	NA	Yes	NA	NA	NA	NA	NA	NA	NA	NA	NA	NA	NA	Yes	NA	NA	NA	NA	NA	NA	NA	NA	NA	NA	NA	Yes	NA	NA	NA	NA	NA	NA	NA	NA	NA	NA	NA	Yes	NA	NA	NA	NA	NA	NA	NA	NA	NA	NA	NA	Yes	NA	NA	NA	NA	NA	NA	NA	NA	NA	NA	NA	No	NA	NA	NA	NA	NA	NA	NA	NA	NA	NA	NA	No	NA	NA	NA	NA	NA	NA	NA	NA	NA	No	NA	NA	NA
SRR16989105	Serinales	NA	NA	Yes	NA	NA	NA	NA	NA	NA	NA	NA	NA	NA	NA	Yes	NA	NA	NA	NA	NA	NA	NA	NA	NA	NA	NA	No	NA	NA	NA	NA	NA	NA	NA	NA	NA	NA	NA	Yes	NA	NA	NA	NA	NA	NA	NA	NA	NA	NA	NA	No	NA	NA	NA	NA	NA	NA	NA	NA	NA	NA	NA	No	NA	NA	NA	NA	NA	NA	NA	NA	NA	NA	NA	No	NA	NA	NA	NA	NA	NA	NA	NA	NA	NA	NA	No	NA	NA	NA	NA	NA	NA	NA	NA	NA	NA	NA	No	NA	NA	NA	NA	NA	NA	NA	NA	NA	NA	NA	No	NA	NA	NA	NA	NA	NA	NA	NA	NA	No	NA	NA	NA
SRR16989104	Serinales	NA	NA	Yes	NA	NA	NA	NA	NA	NA	NA	NA	NA	NA	NA	Yes	NA	NA	NA	NA	NA	NA	NA	NA	NA	NA	NA	No	NA	NA	NA	NA	NA	NA	NA	NA	NA	NA	NA	Yes	NA	NA	NA	NA	NA	NA	NA	NA	NA	NA	NA	Yes	NA	NA	NA	NA	NA	NA	NA	NA	NA	NA	NA	No	NA	NA	NA	NA	NA	NA	NA	NA	NA	NA	NA	No	NA	NA	NA	NA	NA	NA	NA	NA	NA	NA	NA	Yes	NA	NA	NA	NA	NA	NA	NA	NA	NA	NA	NA	No	NA	NA	NA	NA	NA	NA	NA	NA	NA	NA	NA	NA	NA	NA	NA	NA	NA	NA	NA	NA	NA	No	NA	NA	NA
SRR16989103	Serinales	NA	NA	Yes	NA	NA	NA	NA	NA	NA	NA	NA	NA	NA	NA	Yes	NA	NA	NA	NA	NA	NA	NA	NA	NA	NA	NA	No	NA	NA	NA	NA	NA	NA	NA	NA	NA	NA	NA	Yes	NA	NA	NA	NA	NA	NA	NA	NA	NA	NA	NA	Yes	NA	NA	NA	NA	NA	NA	NA	NA	NA	NA	NA	Yes	NA	NA	NA	NA	NA	NA	NA	NA	NA	NA	NA	No	NA	NA	NA	NA	NA	NA	NA	NA	NA	NA	NA	Yes	NA	NA	NA	NA	NA	NA	NA	NA	NA	NA	NA	NA	NA	NA	NA	NA	NA	NA	NA	NA	NA	NA	NA	Yes	NA	NA	NA	NA	NA	NA	NA	NA	NA	No	NA	NA	NA
SRR16989101	Serinales	NA	NA	Yes	NA	NA	NA	NA	NA	NA	NA	NA	NA	NA	NA	Yes	NA	NA	NA	NA	NA	NA	NA	NA	NA	NA	NA	No	NA	NA	NA	NA	NA	NA	NA	NA	NA	NA	NA	Yes	NA	NA	NA	NA	NA	NA	NA	NA	NA	NA	NA	Yes	NA	NA	NA	NA	NA	NA	NA	NA	NA	NA	NA	No	NA	NA	NA	NA	NA	NA	NA	NA	NA	NA	NA	No	NA	NA	NA	NA	NA	NA	NA	NA	NA	NA	NA	No	NA	NA	NA	NA	NA	NA	NA	NA	NA	NA	NA	No	NA	NA	NA	NA	NA	NA	NA	NA	NA	NA	NA	Yes	NA	NA	NA	NA	NA	NA	NA	NA	NA	No	NA	NA	NA
SRR16989100	Serinales	NA	NA	Yes	NA	NA	NA	NA	NA	NA	NA	NA	NA	NA	NA	Yes	NA	NA	NA	NA	NA	NA	NA	NA	NA	NA	NA	Yes	NA	NA	NA	NA	NA	NA	NA	NA	NA	NA	NA	Yes	NA	NA	NA	NA	NA	NA	NA	NA	NA	NA	NA	Yes	NA	NA	NA	NA	NA	NA	NA	NA	NA	NA	NA	Yes	NA	NA	NA	NA	NA	NA	NA	NA	NA	NA	NA	No	NA	NA	NA	NA	NA	NA	NA	NA	NA	NA	NA	Yes	NA	NA	NA	NA	NA	NA	NA	NA	NA	NA	NA	NA	NA	NA	NA	NA	NA	NA	NA	NA	NA	NA	NA	NA	NA	NA	NA	NA	NA	NA	NA	NA	NA	No	NA	NA	NA
SRR16989099	Serinales	NA	NA	Yes	NA	NA	NA	NA	NA	NA	NA	NA	NA	NA	NA	Yes	NA	NA	NA	NA	NA	NA	NA	NA	NA	NA	NA	No	NA	NA	NA	NA	NA	NA	NA	NA	NA	NA	NA	Yes	NA	NA	NA	NA	NA	NA	NA	NA	NA	NA	NA	NA	NA	NA	NA	NA	NA	NA	NA	NA	NA	NA	NA	NA	NA	NA	NA	NA	NA	NA	NA	NA	NA	NA	NA	No	NA	NA	NA	NA	NA	NA	NA	NA	NA	NA	NA	No	NA	NA	NA	NA	NA	NA	NA	NA	NA	NA	NA	NA	NA	NA	NA	NA	NA	NA	NA	NA	NA	NA	NA	No	NA	NA	NA	NA	NA	NA	NA	NA	NA	No	NA	NA	NA
SRR16989098	Dipodascales	NA	NA	NA	NA	NA	NA	NA	NA	NA	NA	NA	NA	NA	NA	NA	NA	NA	NA	NA	NA	NA	NA	NA	NA	NA	NA	NA	NA	NA	NA	NA	NA	NA	NA	NA	NA	NA	NA	NA	NA	NA	NA	NA	NA	NA	NA	NA	NA	NA	NA	NA	NA	NA	NA	NA	NA	NA	NA	NA	NA	NA	NA	NA	NA	NA	NA	NA	NA	NA	NA	NA	NA	NA	NA	NA	NA	NA	NA	NA	NA	NA	NA	NA	NA	NA	NA	NA	NA	NA	NA	NA	NA	NA	NA	NA	NA	NA	NA	NA	NA	NA	NA	NA	NA	NA	NA	NA	NA	NA	NA	NA	NA	NA	NA	NA	NA	NA	NA	NA	NA	NA	NA	NA	NA
SRR16989097	Dipodascales	NA	NA	NA	NA	NA	NA	NA	NA	NA	NA	NA	NA	NA	NA	NA	NA	NA	NA	NA	NA	NA	NA	NA	NA	NA	NA	NA	NA	NA	NA	NA	NA	NA	NA	NA	NA	NA	NA	NA	NA	NA	NA	NA	NA	NA	NA	NA	NA	NA	NA	NA	NA	NA	NA	NA	NA	NA	NA	NA	NA	NA	NA	NA	NA	NA	NA	NA	NA	NA	NA	NA	NA	NA	NA	NA	NA	NA	NA	NA	NA	NA	NA	NA	NA	NA	NA	NA	NA	NA	NA	NA	NA	NA	NA	NA	NA	NA	NA	NA	NA	NA	NA	NA	NA	NA	NA	NA	NA	NA	NA	NA	NA	NA	NA	NA	NA	NA	NA	NA	NA	NA	NA	NA	NA
SRR16989096	Dipodascales	NA	NA	NA	NA	NA	NA	NA	NA	NA	NA	NA	NA	NA	NA	NA	NA	NA	NA	NA	NA	NA	NA	NA	NA	NA	NA	NA	NA	NA	NA	NA	NA	NA	NA	NA	NA	NA	NA	NA	NA	NA	NA	NA	NA	NA	NA	NA	NA	NA	NA	NA	NA	NA	NA	NA	NA	NA	NA	NA	NA	NA	NA	NA	NA	NA	NA	NA	NA	NA	NA	NA	NA	NA	NA	NA	NA	NA	NA	NA	NA	NA	NA	NA	NA	NA	NA	NA	NA	NA	NA	NA	NA	NA	NA	NA	NA	NA	NA	NA	NA	NA	NA	NA	NA	NA	NA	NA	NA	NA	NA	NA	NA	NA	NA	NA	NA	NA	NA	NA	NA	NA	NA	NA	NA
SRR16989095	Dipodascales	NA	NA	NA	NA	NA	NA	NA	NA	NA	NA	NA	NA	NA	NA	NA	NA	NA	NA	NA	NA	NA	NA	NA	NA	NA	NA	NA	NA	NA	NA	NA	NA	NA	NA	NA	NA	NA	NA	NA	NA	NA	NA	NA	NA	NA	NA	NA	NA	NA	NA	NA	NA	NA	NA	NA	NA	NA	NA	NA	NA	NA	NA	NA	NA	NA	NA	NA	NA	NA	NA	NA	NA	NA	NA	NA	NA	NA	NA	NA	NA	NA	NA	NA	NA	NA	NA	NA	NA	NA	NA	NA	NA	NA	NA	NA	NA	NA	NA	NA	NA	NA	NA	NA	NA	NA	NA	NA	NA	NA	NA	NA	NA	NA	NA	NA	NA	NA	NA	NA	NA	NA	NA	NA	NA
SRR16989094	Dipodascales	NA	NA	NA	NA	NA	NA	NA	NA	NA	NA	NA	NA	NA	NA	NA	NA	NA	NA	NA	NA	NA	NA	NA	NA	NA	NA	NA	NA	NA	NA	NA	NA	NA	NA	NA	NA	NA	NA	NA	NA	NA	NA	NA	NA	NA	NA	NA	NA	NA	NA	NA	NA	NA	NA	NA	NA	NA	NA	NA	NA	NA	NA	NA	NA	NA	NA	NA	NA	NA	NA	NA	NA	NA	NA	NA	NA	NA	NA	NA	NA	NA	NA	NA	NA	NA	NA	NA	NA	NA	NA	NA	NA	NA	NA	NA	NA	NA	NA	NA	NA	NA	NA	NA	NA	NA	NA	NA	NA	NA	NA	NA	NA	NA	NA	NA	NA	NA	NA	NA	NA	NA	NA	NA	NA
SRR16989093	Dipodascales	NA	NA	NA	NA	NA	NA	NA	NA	NA	NA	NA	NA	NA	NA	NA	NA	NA	NA	NA	NA	NA	NA	NA	NA	NA	NA	NA	NA	NA	NA	NA	NA	NA	NA	NA	NA	NA	NA	NA	NA	NA	NA	NA	NA	NA	NA	NA	NA	NA	NA	NA	NA	NA	NA	NA	NA	NA	NA	NA	NA	NA	NA	NA	NA	NA	NA	NA	NA	NA	NA	NA	NA	NA	NA	NA	NA	NA	NA	NA	NA	NA	NA	NA	NA	NA	NA	NA	NA	NA	NA	NA	NA	NA	NA	NA	NA	NA	NA	NA	NA	NA	NA	NA	NA	NA	NA	NA	NA	NA	NA	NA	NA	NA	NA	NA	NA	NA	NA	NA	NA	NA	NA	NA	NA
SRR16989092	Serinales	NA	NA	Yes	NA	NA	NA	NA	NA	NA	NA	NA	NA	NA	NA	Yes	NA	NA	NA	NA	NA	NA	NA	NA	NA	NA	NA	Yes	NA	NA	NA	NA	NA	NA	NA	NA	NA	NA	NA	Yes	NA	NA	NA	NA	NA	NA	NA	NA	NA	NA	NA	Yes	NA	NA	NA	NA	NA	NA	NA	NA	NA	NA	NA	Yes	NA	NA	NA	NA	NA	NA	NA	NA	NA	NA	NA	Yes	NA	NA	NA	NA	NA	NA	NA	NA	NA	NA	NA	No	NA	NA	NA	NA	NA	NA	NA	NA	NA	NA	NA	No	NA	NA	NA	NA	NA	NA	NA	NA	NA	NA	NA	Yes	NA	NA	NA	NA	NA	NA	NA	NA	NA	No	NA	NA	NA
SRR16989090	Serinales	NA	NA	Yes	NA	NA	NA	NA	NA	NA	NA	NA	NA	NA	NA	Yes	NA	NA	NA	NA	NA	NA	NA	NA	NA	NA	NA	Yes	NA	NA	NA	NA	NA	NA	NA	NA	NA	NA	NA	Yes	NA	NA	NA	NA	NA	NA	NA	NA	NA	NA	NA	Yes	NA	NA	NA	NA	NA	NA	NA	NA	NA	NA	NA	Yes	NA	NA	NA	NA	NA	NA	NA	NA	NA	NA	NA	No	NA	NA	NA	NA	NA	NA	NA	NA	NA	NA	NA	Yes	NA	NA	NA	NA	NA	NA	NA	NA	NA	NA	NA	No	NA	NA	NA	NA	NA	NA	NA	NA	NA	NA	NA	No	NA	NA	NA	NA	NA	NA	NA	NA	NA	No	NA	NA	NA
SRR16989089	Serinales	NA	NA	Yes	NA	NA	NA	NA	NA	NA	NA	NA	NA	NA	NA	Yes	NA	NA	NA	NA	NA	NA	NA	NA	NA	NA	NA	No	NA	NA	NA	NA	NA	NA	NA	NA	NA	NA	NA	Yes	NA	NA	NA	NA	NA	NA	NA	NA	NA	NA	NA	Yes	NA	NA	NA	NA	NA	NA	NA	NA	NA	NA	NA	Yes	NA	NA	NA	NA	NA	NA	NA	NA	NA	NA	NA	Yes	NA	NA	NA	NA	NA	NA	NA	NA	NA	NA	NA	Yes	NA	NA	NA	NA	NA	NA	NA	NA	NA	NA	NA	Yes	NA	NA	NA	NA	NA	NA	NA	NA	NA	NA	NA	No	NA	NA	NA	NA	NA	NA	NA	NA	NA	Yes	NA	NA	NA
SRR12907811	Pichiales	NA	NA	NA	No	NA	NA	NA	NA	NA	NA	NA	NA	NA	NA	NA	No	NA	NA	NA	NA	NA	NA	NA	NA	NA	NA	NA	No	NA	NA	NA	NA	NA	NA	NA	NA	NA	NA	NA	Yes	NA	NA	NA	NA	NA	NA	NA	NA	NA	NA	NA	No	NA	NA	NA	NA	NA	NA	NA	NA	NA	NA	NA	Yes	NA	NA	NA	NA	NA	NA	NA	NA	NA	NA	NA	Yes	NA	NA	NA	NA	NA	NA	NA	NA	NA	NA	NA	No	NA	NA	NA	NA	NA	NA	NA	NA	NA	NA	NA	No	NA	NA	NA	NA	NA	NA	NA	NA	NA	NA	NA	Yes	NA	NA	NA	NA	NA	NA	NA	NA	NA	No	NA	NA
SRR16989087	Serinales	NA	NA	No	NA	NA	NA	NA	NA	NA	NA	NA	NA	NA	NA	No	NA	NA	NA	NA	NA	NA	NA	NA	NA	NA	NA	Yes	NA	NA	NA	NA	NA	NA	NA	NA	NA	NA	NA	Yes	NA	NA	NA	NA	NA	NA	NA	NA	NA	NA	NA	Yes	NA	NA	NA	NA	NA	NA	NA	NA	NA	NA	NA	Yes	NA	NA	NA	NA	NA	NA	NA	NA	NA	NA	NA	No	NA	NA	NA	NA	NA	NA	NA	NA	NA	NA	NA	Yes	NA	NA	NA	NA	NA	NA	NA	NA	NA	NA	NA	No	NA	NA	NA	NA	NA	NA	NA	NA	NA	NA	NA	No	NA	NA	NA	NA	NA	NA	NA	NA	NA	Yes	NA	NA	NA
SRR16989059	Serinales	NA	NA	Yes	NA	NA	NA	NA	NA	NA	NA	NA	NA	NA	NA	Yes	NA	NA	NA	NA	NA	NA	NA	NA	NA	NA	NA	Yes	NA	NA	NA	NA	NA	NA	NA	NA	NA	NA	NA	Yes	NA	NA	NA	NA	NA	NA	NA	NA	NA	NA	NA	Yes	NA	NA	NA	NA	NA	NA	NA	NA	NA	NA	NA	Yes	NA	NA	NA	NA	NA	NA	NA	NA	NA	NA	NA	Yes	NA	NA	NA	NA	NA	NA	NA	NA	NA	NA	NA	Yes	NA	NA	NA	NA	NA	NA	NA	NA	NA	NA	NA	Yes	NA	NA	NA	NA	NA	NA	NA	NA	NA	NA	NA	No	NA	NA	NA	NA	NA	NA	NA	NA	NA	No	NA	NA	NA
SRR16989057	Serinales	NA	NA	Yes	NA	NA	NA	NA	NA	NA	NA	NA	NA	NA	NA	Yes	NA	NA	NA	NA	NA	NA	NA	NA	NA	NA	NA	Yes	NA	NA	NA	NA	NA	NA	NA	NA	NA	NA	NA	Yes	NA	NA	NA	NA	NA	NA	NA	NA	NA	NA	NA	NA	NA	NA	NA	NA	NA	NA	NA	NA	NA	NA	NA	NA	NA	NA	NA	NA	NA	NA	NA	NA	NA	NA	NA	No	NA	NA	NA	NA	NA	NA	NA	NA	NA	NA	NA	Yes	NA	NA	NA	NA	NA	NA	NA	NA	NA	NA	NA	NA	NA	NA	NA	NA	NA	NA	NA	NA	NA	NA	NA	No	NA	NA	NA	NA	NA	NA	NA	NA	NA	NA	NA	NA	NA
SRR16989056	Serinales	NA	NA	Yes	NA	NA	NA	NA	NA	NA	NA	NA	NA	NA	NA	Yes	NA	NA	NA	NA	NA	NA	NA	NA	NA	NA	NA	Yes	NA	NA	NA	NA	NA	NA	NA	NA	NA	NA	NA	Yes	NA	NA	NA	NA	NA	NA	NA	NA	NA	NA	NA	Yes	NA	NA	NA	NA	NA	NA	NA	NA	NA	NA	NA	Yes	NA	NA	NA	NA	NA	NA	NA	NA	NA	NA	NA	No	NA	NA	NA	NA	NA	NA	NA	NA	NA	NA	NA	Yes	NA	NA	NA	NA	NA	NA	NA	NA	NA	NA	NA	No	NA	NA	NA	NA	NA	NA	NA	NA	NA	NA	NA	No	NA	NA	NA	NA	NA	NA	NA	NA	NA	No	NA	NA	NA
SRR16989055	Serinales	NA	NA	No	NA	NA	NA	NA	NA	NA	NA	NA	NA	NA	NA	No	NA	NA	NA	NA	NA	NA	NA	NA	NA	NA	NA	No	NA	NA	NA	NA	NA	NA	NA	NA	NA	NA	NA	Yes	NA	NA	NA	NA	NA	NA	NA	NA	NA	NA	NA	Yes	NA	NA	NA	NA	NA	NA	NA	NA	NA	NA	NA	No	NA	NA	NA	NA	NA	NA	NA	NA	NA	NA	NA	Yes	NA	NA	NA	NA	NA	NA	NA	NA	NA	NA	NA	Yes	NA	NA	NA	NA	NA	NA	NA	NA	NA	NA	NA	Yes	NA	NA	NA	NA	NA	NA	NA	NA	NA	NA	NA	Yes	NA	NA	NA	NA	NA	NA	NA	NA	NA	Yes	NA	NA	NA
SRR16989054	Serinales	NA	NA	Yes	NA	NA	NA	NA	NA	NA	NA	NA	NA	NA	NA	Yes	NA	NA	NA	NA	NA	NA	NA	NA	NA	NA	NA	Yes	NA	NA	NA	NA	NA	NA	NA	NA	NA	NA	NA	Yes	NA	NA	NA	NA	NA	NA	NA	NA	NA	NA	NA	Yes	NA	NA	NA	NA	NA	NA	NA	NA	NA	NA	NA	Yes	NA	NA	NA	NA	NA	NA	NA	NA	NA	NA	NA	No	NA	NA	NA	NA	NA	NA	NA	NA	NA	NA	NA	Yes	NA	NA	NA	NA	NA	NA	NA	NA	NA	NA	NA	No	NA	NA	NA	NA	NA	NA	NA	NA	NA	NA	NA	No	NA	NA	NA	NA	NA	NA	NA	NA	NA	No	NA	NA	NA
SRR16989053	Serinales	NA	NA	NA	NA	NA	NA	NA	NA	NA	NA	NA	NA	NA	NA	NA	NA	NA	NA	NA	NA	NA	NA	NA	NA	NA	NA	NA	NA	NA	NA	NA	NA	NA	NA	NA	NA	NA	NA	NA	NA	NA	NA	NA	NA	NA	NA	NA	NA	NA	NA	NA	NA	NA	NA	NA	NA	NA	NA	NA	NA	NA	NA	NA	NA	NA	NA	NA	NA	NA	NA	NA	NA	NA	NA	NA	NA	NA	NA	NA	NA	NA	NA	NA	NA	NA	NA	NA	NA	NA	NA	NA	NA	NA	NA	NA	NA	NA	NA	NA	NA	NA	NA	NA	NA	NA	NA	NA	NA	NA	NA	NA	NA	NA	NA	NA	NA	NA	NA	NA	NA	NA	NA	NA	NA
SRR16989051	Serinales	NA	NA	Yes	NA	NA	NA	NA	NA	NA	NA	NA	NA	NA	NA	Yes	NA	NA	NA	NA	NA	NA	NA	NA	NA	NA	NA	Yes	NA	NA	NA	NA	NA	NA	NA	NA	NA	NA	NA	Yes	NA	NA	NA	NA	NA	NA	NA	NA	NA	NA	NA	Yes	NA	NA	NA	NA	NA	NA	NA	NA	NA	NA	NA	No	NA	NA	NA	NA	NA	NA	NA	NA	NA	NA	NA	No	NA	NA	NA	NA	NA	NA	NA	NA	NA	NA	NA	Yes	NA	NA	NA	NA	NA	NA	NA	NA	NA	NA	NA	No	NA	NA	NA	NA	NA	NA	NA	NA	NA	NA	NA	No	NA	NA	NA	NA	NA	NA	NA	NA	NA	No	NA	NA	NA
SRR16989050	Serinales	NA	NA	NA	NA	NA	NA	NA	NA	NA	NA	NA	NA	NA	NA	NA	NA	NA	NA	NA	NA	NA	NA	NA	NA	NA	NA	NA	NA	NA	NA	NA	NA	NA	NA	NA	NA	NA	NA	NA	NA	NA	NA	NA	NA	NA	NA	NA	NA	NA	NA	NA	NA	NA	NA	NA	NA	NA	NA	NA	NA	NA	NA	NA	NA	NA	NA	NA	NA	NA	NA	NA	NA	NA	NA	NA	NA	NA	NA	NA	NA	NA	NA	NA	NA	NA	NA	NA	NA	NA	NA	NA	NA	NA	NA	NA	NA	NA	NA	NA	NA	NA	NA	NA	NA	NA	NA	NA	NA	NA	NA	NA	NA	NA	NA	NA	NA	NA	NA	NA	NA	NA	NA	NA	NA
SRR16989049	Serinales	NA	NA	Yes	NA	NA	NA	NA	NA	NA	NA	NA	NA	NA	NA	Yes	NA	NA	NA	NA	NA	NA	NA	NA	NA	NA	NA	Yes	NA	NA	NA	NA	NA	NA	NA	NA	NA	NA	NA	Yes	NA	NA	NA	NA	NA	NA	NA	NA	NA	NA	NA	Yes	NA	NA	NA	NA	NA	NA	NA	NA	NA	NA	NA	Yes	NA	NA	NA	NA	NA	NA	NA	NA	NA	NA	NA	No	NA	NA	NA	NA	NA	NA	NA	NA	NA	NA	NA	NA	NA	NA	NA	NA	NA	NA	NA	NA	NA	NA	NA	Yes	NA	NA	NA	NA	NA	NA	NA	NA	NA	NA	NA	Yes	NA	NA	NA	NA	NA	NA	NA	NA	NA	NA	NA	NA	NA
SRR16989048	Serinales	NA	NA	NA	NA	NA	NA	NA	NA	NA	NA	NA	NA	NA	NA	NA	NA	NA	NA	NA	NA	NA	NA	NA	NA	NA	NA	NA	NA	NA	NA	NA	NA	NA	NA	NA	NA	NA	NA	NA	NA	NA	NA	NA	NA	NA	NA	NA	NA	NA	NA	NA	NA	NA	NA	NA	NA	NA	NA	NA	NA	NA	NA	NA	NA	NA	NA	NA	NA	NA	NA	NA	NA	NA	NA	NA	NA	NA	NA	NA	NA	NA	NA	NA	NA	NA	NA	NA	NA	NA	NA	NA	NA	NA	NA	NA	NA	NA	NA	NA	NA	NA	NA	NA	NA	NA	NA	NA	NA	NA	NA	NA	NA	NA	NA	NA	NA	NA	NA	NA	NA	NA	NA	NA	NA
SRR16989047	Pichiales	NA	NA	NA	NA	NA	NA	NA	NA	NA	NA	NA	NA	NA	NA	NA	NA	NA	NA	NA	NA	NA	NA	NA	NA	NA	NA	NA	NA	NA	NA	NA	NA	NA	NA	NA	NA	NA	NA	NA	NA	NA	NA	NA	NA	NA	NA	NA	NA	NA	NA	NA	NA	NA	NA	NA	NA	NA	NA	NA	NA	NA	NA	NA	NA	NA	NA	NA	NA	NA	NA	NA	NA	NA	NA	NA	NA	NA	NA	NA	NA	NA	NA	NA	NA	NA	NA	NA	NA	NA	NA	NA	NA	NA	NA	NA	NA	NA	NA	NA	NA	NA	NA	NA	NA	NA	NA	NA	NA	NA	NA	NA	NA	NA	NA	NA	NA	NA	NA	NA	NA	NA	NA	NA	NA
SRR16989046	Serinales	NA	NA	No	NA	NA	NA	NA	NA	NA	NA	NA	NA	NA	NA	No	NA	NA	NA	NA	NA	NA	NA	NA	NA	NA	NA	Yes	NA	NA	NA	NA	NA	NA	NA	NA	NA	NA	NA	Yes	NA	NA	NA	NA	NA	NA	NA	NA	NA	NA	NA	Yes	NA	NA	NA	NA	NA	NA	NA	NA	NA	NA	NA	Yes	NA	NA	NA	NA	NA	NA	NA	NA	NA	NA	NA	No	NA	NA	NA	NA	NA	NA	NA	NA	NA	NA	NA	Yes	NA	NA	NA	NA	NA	NA	NA	NA	NA	NA	NA	No	NA	NA	NA	NA	NA	NA	NA	NA	NA	NA	NA	No	NA	NA	NA	NA	NA	NA	NA	NA	NA	No	NA	NA	NA
SRR16989045	Serinales	NA	NA	NA	NA	NA	NA	NA	NA	NA	NA	NA	NA	NA	NA	NA	NA	NA	NA	NA	NA	NA	NA	NA	NA	NA	NA	NA	NA	NA	NA	NA	NA	NA	NA	NA	NA	NA	NA	NA	NA	NA	NA	NA	NA	NA	NA	NA	NA	NA	NA	NA	NA	NA	NA	NA	NA	NA	NA	NA	NA	NA	NA	NA	NA	NA	NA	NA	NA	NA	NA	NA	NA	NA	NA	NA	NA	NA	NA	NA	NA	NA	NA	NA	NA	NA	NA	NA	NA	NA	NA	NA	NA	NA	NA	NA	NA	NA	NA	NA	NA	NA	NA	NA	NA	NA	NA	NA	NA	NA	NA	NA	NA	NA	NA	NA	NA	NA	NA	NA	NA	NA	NA	NA	NA
SRR16989044	Serinales	NA	NA	Yes	NA	NA	NA	NA	NA	NA	NA	NA	NA	NA	NA	Yes	NA	NA	NA	NA	NA	NA	NA	NA	NA	NA	NA	Yes	NA	NA	NA	NA	NA	NA	NA	NA	NA	NA	NA	Yes	NA	NA	NA	NA	NA	NA	NA	NA	NA	NA	NA	No	NA	NA	NA	NA	NA	NA	NA	NA	NA	NA	NA	No	NA	NA	NA	NA	NA	NA	NA	NA	NA	NA	NA	Yes	NA	NA	NA	NA	NA	NA	NA	NA	NA	NA	NA	Yes	NA	NA	NA	NA	NA	NA	NA	NA	NA	NA	NA	No	NA	NA	NA	NA	NA	NA	NA	NA	NA	NA	NA	No	NA	NA	NA	NA	NA	NA	NA	NA	NA	No	NA	NA	NA
SRR16989043	Pichiales	NA	NA	NA	NA	NA	NA	NA	NA	NA	NA	NA	NA	NA	NA	NA	NA	NA	NA	NA	NA	NA	NA	NA	NA	NA	NA	NA	NA	NA	NA	NA	NA	NA	NA	NA	NA	NA	NA	NA	NA	NA	NA	NA	NA	NA	NA	NA	NA	NA	NA	NA	NA	NA	NA	NA	NA	NA	NA	NA	NA	NA	NA	NA	NA	NA	NA	NA	NA	NA	NA	NA	NA	NA	NA	NA	NA	NA	NA	NA	NA	NA	NA	NA	NA	NA	NA	NA	NA	NA	NA	NA	NA	NA	NA	NA	NA	NA	NA	NA	NA	NA	NA	NA	NA	NA	NA	NA	NA	NA	NA	NA	NA	NA	NA	NA	NA	NA	NA	NA	NA	NA	NA	NA	NA
SRR16989042	Serinales	NA	NA	NA	NA	NA	NA	NA	NA	NA	NA	NA	NA	NA	NA	NA	NA	NA	NA	NA	NA	NA	NA	NA	NA	NA	NA	NA	NA	NA	NA	NA	NA	NA	NA	NA	NA	NA	NA	NA	NA	NA	NA	NA	NA	NA	NA	NA	NA	NA	NA	NA	NA	NA	NA	NA	NA	NA	NA	NA	NA	NA	NA	NA	NA	NA	NA	NA	NA	NA	NA	NA	NA	NA	NA	NA	NA	NA	NA	NA	NA	NA	NA	NA	NA	NA	NA	NA	NA	NA	NA	NA	NA	NA	NA	NA	NA	NA	NA	NA	NA	NA	NA	NA	NA	NA	NA	NA	NA	NA	NA	NA	NA	NA	NA	NA	NA	NA	NA	NA	NA	NA	NA	NA	NA
SRR16989040	Serinales	NA	NA	Yes	NA	NA	NA	NA	NA	NA	NA	NA	NA	NA	NA	No	NA	NA	NA	NA	NA	NA	NA	NA	NA	NA	NA	No	NA	NA	NA	NA	NA	NA	NA	NA	NA	NA	NA	Yes	NA	NA	NA	NA	NA	NA	NA	NA	NA	NA	NA	Yes	NA	NA	NA	NA	NA	NA	NA	NA	NA	NA	NA	Yes	NA	NA	NA	NA	NA	NA	NA	NA	NA	NA	NA	No	NA	NA	NA	NA	NA	NA	NA	NA	NA	NA	NA	Yes	NA	NA	NA	NA	NA	NA	NA	NA	NA	NA	NA	Yes	NA	NA	NA	NA	NA	NA	NA	NA	NA	NA	NA	No	NA	NA	NA	NA	NA	NA	NA	NA	NA	NA	NA	NA	NA
SRR16989039	Dipodascales	NA	NA	NA	NA	NA	NA	NA	NA	NA	NA	NA	NA	NA	NA	NA	NA	NA	NA	NA	NA	NA	NA	NA	NA	NA	NA	NA	NA	NA	NA	NA	NA	NA	NA	NA	NA	NA	NA	NA	NA	NA	NA	NA	NA	NA	NA	NA	NA	NA	NA	NA	NA	NA	NA	NA	NA	NA	NA	NA	NA	NA	NA	NA	NA	NA	NA	NA	NA	NA	NA	NA	NA	NA	NA	NA	NA	NA	NA	NA	NA	NA	NA	NA	NA	NA	NA	NA	NA	NA	NA	NA	NA	NA	NA	NA	NA	NA	NA	NA	NA	NA	NA	NA	NA	NA	NA	NA	NA	NA	NA	NA	NA	NA	NA	NA	NA	NA	NA	NA	NA	NA	NA	NA	NA
SRR16989038	Serinales	NA	NA	No	NA	NA	NA	NA	NA	NA	NA	NA	NA	NA	NA	No	NA	NA	NA	NA	NA	NA	NA	NA	NA	NA	NA	Yes	NA	NA	NA	NA	NA	NA	NA	NA	NA	NA	NA	No	NA	NA	NA	NA	NA	NA	NA	NA	NA	NA	NA	Yes	NA	NA	NA	NA	NA	NA	NA	NA	NA	NA	NA	No	NA	NA	NA	NA	NA	NA	NA	NA	NA	NA	NA	No	NA	NA	NA	NA	NA	NA	NA	NA	NA	NA	NA	No	NA	NA	NA	NA	NA	NA	NA	NA	NA	NA	NA	No	NA	NA	NA	NA	NA	NA	NA	NA	NA	NA	NA	Yes	NA	NA	NA	NA	NA	NA	NA	NA	NA	No	NA	NA	NA
SRR16989037	Serinales	NA	NA	Yes	NA	NA	NA	NA	NA	NA	NA	NA	NA	NA	NA	Yes	NA	NA	NA	NA	NA	NA	NA	NA	NA	NA	NA	Yes	NA	NA	NA	NA	NA	NA	NA	NA	NA	NA	NA	Yes	NA	NA	NA	NA	NA	NA	NA	NA	NA	NA	NA	Yes	NA	NA	NA	NA	NA	NA	NA	NA	NA	NA	NA	Yes	NA	NA	NA	NA	NA	NA	NA	NA	NA	NA	NA	Yes	NA	NA	NA	NA	NA	NA	NA	NA	NA	NA	NA	Yes	NA	NA	NA	NA	NA	NA	NA	NA	NA	NA	NA	No	NA	NA	NA	NA	NA	NA	NA	NA	NA	NA	NA	NA	NA	NA	NA	NA	NA	NA	NA	NA	NA	No	NA	NA	NA
SRR16989036	Serinales	NA	NA	Yes	NA	NA	NA	NA	NA	NA	NA	NA	NA	NA	NA	No	NA	NA	NA	NA	NA	NA	NA	NA	NA	NA	NA	Yes	NA	NA	NA	NA	NA	NA	NA	NA	NA	NA	NA	No	NA	NA	NA	NA	NA	NA	NA	NA	NA	NA	NA	Yes	NA	NA	NA	NA	NA	NA	NA	NA	NA	NA	NA	No	NA	NA	NA	NA	NA	NA	NA	NA	NA	NA	NA	No	NA	NA	NA	NA	NA	NA	NA	NA	NA	NA	NA	No	NA	NA	NA	NA	NA	NA	NA	NA	NA	NA	NA	No	NA	NA	NA	NA	NA	NA	NA	NA	NA	NA	NA	NA	NA	NA	NA	NA	NA	NA	NA	NA	NA	Yes	NA	NA	NA
SRR16989034	Serinales	NA	NA	NA	NA	NA	NA	NA	NA	NA	NA	NA	NA	NA	NA	NA	NA	NA	NA	NA	NA	NA	NA	NA	NA	NA	NA	NA	NA	NA	NA	NA	NA	NA	NA	NA	NA	NA	NA	NA	NA	NA	NA	NA	NA	NA	NA	NA	NA	NA	NA	NA	NA	NA	NA	NA	NA	NA	NA	NA	NA	NA	NA	NA	NA	NA	NA	NA	NA	NA	NA	NA	NA	NA	NA	NA	NA	NA	NA	NA	NA	NA	NA	NA	NA	NA	NA	NA	NA	NA	NA	NA	NA	NA	NA	NA	NA	NA	NA	NA	NA	NA	NA	NA	NA	NA	NA	NA	NA	NA	NA	NA	NA	NA	NA	NA	NA	NA	NA	NA	NA	NA	NA	NA	NA
SRR16989033	Serinales	NA	NA	Yes	NA	NA	NA	NA	NA	NA	NA	NA	NA	NA	NA	Yes	NA	NA	NA	NA	NA	NA	NA	NA	NA	NA	NA	Yes	NA	NA	NA	NA	NA	NA	NA	NA	NA	NA	NA	Yes	NA	NA	NA	NA	NA	NA	NA	NA	NA	NA	NA	Yes	NA	NA	NA	NA	NA	NA	NA	NA	NA	NA	NA	No	NA	NA	NA	NA	NA	NA	NA	NA	NA	NA	NA	No	NA	NA	NA	NA	NA	NA	NA	NA	NA	NA	NA	No	NA	NA	NA	NA	NA	NA	NA	NA	NA	NA	NA	No	NA	NA	NA	NA	NA	NA	NA	NA	NA	NA	NA	Yes	NA	NA	NA	NA	NA	NA	NA	NA	NA	NA	NA	NA	NA
SRR16989032	Serinales	NA	NA	Yes	NA	NA	NA	NA	NA	NA	NA	NA	NA	NA	NA	Yes	NA	NA	NA	NA	NA	NA	NA	NA	NA	NA	NA	Yes	NA	NA	NA	NA	NA	NA	NA	NA	NA	NA	NA	Yes	NA	NA	NA	NA	NA	NA	NA	NA	NA	NA	NA	Yes	NA	NA	NA	NA	NA	NA	NA	NA	NA	NA	NA	Yes	NA	NA	NA	NA	NA	NA	NA	NA	NA	NA	NA	Yes	NA	NA	NA	NA	NA	NA	NA	NA	NA	NA	NA	Yes	NA	NA	NA	NA	NA	NA	NA	NA	NA	NA	NA	No	NA	NA	NA	NA	NA	NA	NA	NA	NA	NA	NA	NA	NA	NA	NA	NA	NA	NA	NA	NA	NA	Yes	NA	NA	NA
SRR16989031	Serinales	NA	NA	Yes	NA	NA	NA	NA	NA	NA	NA	NA	NA	NA	NA	Yes	NA	NA	NA	NA	NA	NA	NA	NA	NA	NA	NA	No	NA	NA	NA	NA	NA	NA	NA	NA	NA	NA	NA	Yes	NA	NA	NA	NA	NA	NA	NA	NA	NA	NA	NA	NA	NA	NA	NA	NA	NA	NA	NA	NA	NA	NA	NA	NA	NA	NA	NA	NA	NA	NA	NA	NA	NA	NA	NA	No	NA	NA	NA	NA	NA	NA	NA	NA	NA	NA	NA	Yes	NA	NA	NA	NA	NA	NA	NA	NA	NA	NA	NA	NA	NA	NA	NA	NA	NA	NA	NA	NA	NA	NA	NA	Yes	NA	NA	NA	NA	NA	NA	NA	NA	NA	NA	NA	NA	NA
SRR16989000	Serinales	NA	NA	NA	NA	NA	NA	NA	NA	NA	NA	NA	NA	NA	NA	NA	NA	NA	NA	NA	NA	NA	NA	NA	NA	NA	NA	NA	NA	NA	NA	NA	NA	NA	NA	NA	NA	NA	NA	NA	NA	NA	NA	NA	NA	NA	NA	NA	NA	NA	NA	NA	NA	NA	NA	NA	NA	NA	NA	NA	NA	NA	NA	NA	NA	NA	NA	NA	NA	NA	NA	NA	NA	NA	NA	NA	NA	NA	NA	NA	NA	NA	NA	NA	NA	NA	NA	NA	NA	NA	NA	NA	NA	NA	NA	NA	NA	NA	NA	NA	NA	NA	NA	NA	NA	NA	NA	NA	NA	NA	NA	NA	NA	NA	NA	NA	NA	NA	NA	NA	NA	NA	NA	NA	NA
SRR16989001	Phaffomycetales	NA	NA	NA	NA	NA	NA	NA	NA	NA	NA	NA	NA	NA	NA	NA	NA	NA	NA	NA	NA	NA	NA	NA	NA	NA	NA	NA	NA	NA	NA	NA	NA	NA	NA	NA	NA	NA	NA	NA	NA	NA	NA	NA	NA	NA	NA	NA	NA	NA	NA	NA	NA	NA	NA	NA	NA	NA	NA	NA	NA	NA	NA	NA	NA	NA	NA	NA	NA	NA	NA	NA	NA	NA	NA	NA	NA	NA	NA	NA	NA	NA	NA	NA	NA	NA	NA	NA	NA	NA	NA	NA	NA	NA	NA	NA	NA	NA	NA	NA	NA	NA	NA	NA	NA	NA	NA	NA	NA	NA	NA	NA	NA	NA	NA	NA	NA	NA	NA	NA	NA	NA	NA	NA	NA
SRR16988999	Ascoideales	NA	NA	NA	NA	NA	NA	NA	NA	NA	NA	NA	NA	NA	NA	NA	NA	NA	NA	NA	NA	NA	NA	NA	NA	NA	NA	NA	NA	NA	NA	NA	NA	NA	NA	NA	NA	NA	NA	NA	NA	NA	NA	NA	NA	NA	NA	NA	NA	NA	NA	NA	NA	NA	NA	NA	NA	NA	NA	NA	NA	NA	NA	NA	NA	NA	NA	NA	NA	NA	NA	NA	NA	NA	NA	NA	NA	NA	NA	NA	NA	NA	NA	NA	NA	NA	NA	NA	NA	NA	NA	NA	NA	NA	NA	NA	NA	NA	NA	NA	NA	NA	NA	NA	NA	NA	NA	NA	NA	NA	NA	NA	NA	NA	NA	NA	NA	NA	NA	NA	NA	NA	NA	NA	NA
SRR16988998	Serinales	NA	NA	NA	NA	NA	NA	NA	NA	NA	NA	NA	NA	NA	NA	NA	NA	NA	NA	NA	NA	NA	NA	NA	NA	NA	NA	NA	NA	NA	NA	NA	NA	NA	NA	NA	NA	NA	NA	NA	NA	NA	NA	NA	NA	NA	NA	NA	NA	NA	NA	NA	NA	NA	NA	NA	NA	NA	NA	NA	NA	NA	NA	NA	NA	NA	NA	NA	NA	NA	NA	NA	NA	NA	NA	NA	NA	NA	NA	NA	NA	NA	NA	NA	NA	NA	NA	NA	NA	NA	NA	NA	NA	NA	NA	NA	NA	NA	NA	NA	NA	NA	NA	NA	NA	NA	NA	NA	NA	NA	NA	NA	NA	NA	NA	NA	NA	NA	NA	NA	NA	NA	NA	NA	NA
SRR16988997	Serinales	NA	NA	NA	NA	NA	NA	NA	NA	NA	NA	NA	NA	NA	NA	NA	NA	NA	NA	NA	NA	NA	NA	NA	NA	NA	NA	NA	NA	NA	NA	NA	NA	NA	NA	NA	NA	NA	NA	NA	NA	NA	NA	NA	NA	NA	NA	NA	NA	NA	NA	NA	NA	NA	NA	NA	NA	NA	NA	NA	NA	NA	NA	NA	NA	NA	NA	NA	NA	NA	NA	NA	NA	NA	NA	NA	NA	NA	NA	NA	NA	NA	NA	NA	NA	NA	NA	NA	NA	NA	NA	NA	NA	NA	NA	NA	NA	NA	NA	NA	NA	NA	NA	NA	NA	NA	NA	NA	NA	NA	NA	NA	NA	NA	NA	NA	NA	NA	NA	NA	NA	NA	NA	NA	NA
SRR16988996	Saccharomycetales	NA	NA	NA	NA	NA	NA	NA	NA	NA	NA	NA	NA	NA	NA	NA	NA	NA	NA	NA	NA	NA	NA	NA	NA	NA	NA	NA	NA	NA	NA	NA	NA	NA	NA	NA	NA	NA	NA	NA	NA	NA	NA	NA	NA	NA	NA	NA	NA	NA	NA	NA	NA	NA	NA	NA	NA	NA	NA	NA	NA	NA	NA	NA	NA	NA	NA	NA	NA	NA	NA	NA	NA	NA	NA	NA	NA	NA	NA	NA	NA	NA	NA	NA	NA	NA	NA	NA	NA	NA	NA	NA	NA	NA	NA	NA	NA	NA	NA	NA	NA	NA	NA	NA	NA	NA	NA	NA	NA	NA	NA	NA	NA	NA	NA	NA	NA	NA	NA	NA	NA	NA	NA	NA	NA
SRR16988995	Serinales	NA	NA	NA	NA	NA	NA	NA	NA	NA	NA	NA	NA	NA	NA	NA	NA	NA	NA	NA	NA	NA	NA	NA	NA	NA	NA	NA	NA	NA	NA	NA	NA	NA	NA	NA	NA	NA	NA	NA	NA	NA	NA	NA	NA	NA	NA	NA	NA	NA	NA	NA	NA	NA	NA	NA	NA	NA	NA	NA	NA	NA	NA	NA	NA	NA	NA	NA	NA	NA	NA	NA	NA	NA	NA	NA	NA	NA	NA	NA	NA	NA	NA	NA	NA	NA	NA	NA	NA	NA	NA	NA	NA	NA	NA	NA	NA	NA	NA	NA	NA	NA	NA	NA	NA	NA	NA	NA	NA	NA	NA	NA	NA	NA	NA	NA	NA	NA	NA	NA	NA	NA	NA	NA	NA
SRR16988994	Serinales	NA	NA	NA	NA	NA	NA	NA	NA	NA	NA	NA	NA	NA	NA	NA	NA	NA	NA	NA	NA	NA	NA	NA	NA	NA	NA	NA	NA	NA	NA	NA	NA	NA	NA	NA	NA	NA	NA	NA	NA	NA	NA	NA	NA	NA	NA	NA	NA	NA	NA	NA	NA	NA	NA	NA	NA	NA	NA	NA	NA	NA	NA	NA	NA	NA	NA	NA	NA	NA	NA	NA	NA	NA	NA	NA	NA	NA	NA	NA	NA	NA	NA	NA	NA	NA	NA	NA	NA	NA	NA	NA	NA	NA	NA	NA	NA	NA	NA	NA	NA	NA	NA	NA	NA	NA	NA	NA	NA	NA	NA	NA	NA	NA	NA	NA	NA	NA	NA	NA	NA	NA	NA	NA	NA
